$MeshFormat
2.2 0 8
$EndMeshFormat
$PhysicalNames
5
1 1 "topo"
1 2 "base"
1 3 "lados"
1 4 "furos"
2 10 "aleta"
$EndPhysicalNames
$Nodes
2441
1 -2 0 0
2 2 0 0
3 -3 3.5 0
4 3 3.5 0
5 -1.05 1.75 0
6 1.95 1.75 0
7 -1.85101575913553 0 0
8 -1.703935046892104 0 0
9 -1.558200724549648 0 0
10 -1.412854638867502 0 0
11 -1.266931799459437 0 0
12 -1.119465032948537 0 0
13 -0.9702893227146987 0 0
14 -0.8210140422970533 0 0
15 -0.6717387618794082 0 0
16 -0.5224634814617632 0 0
17 -0.3731882010441181 0 0
18 -0.2239129206264732 0 0
19 -0.07463764020882802 0 0
20 0.07463764020881714 0 0
21 0.2239129206264621 0 0
22 0.373188201044107 0 0
23 0.5224634814617533 0 0
24 0.6717387618793995 0 0
25 0.8210140422970462 0 0
26 0.970289322714692 0 0
27 1.119466216417111 0 0
28 1.266929179431998 0 0
29 1.412853492024487 0 0
30 1.558202465345994 0 0
31 1.703933259468825 0 0
32 1.851013370425333 0 0
33 -2.959853433338863 3.35948701668602 0
34 -2.919706866677726 3.21897403337204 0
35 -2.879560300016589 3.07846105005806 0
36 -2.839421855229957 2.93797649330485 0
37 -2.800751777619072 2.802631221666751 0
38 -2.764471825269567 2.675651388443484 0
39 -2.730357206670336 2.556250223346177 0
40 -2.698195378602651 2.443683825109277 0
41 -2.667786815852633 2.337253855484215 0
42 -2.638941493099909 2.236295225849683 0
43 -2.611478331130963 2.14017415895837 0
44 -2.585223712228651 2.048282992800279 0
45 -2.560010548033309 1.960036918116581 0
46 -2.535677409564161 1.874870933474563 0
47 -2.512069006513343 1.7922415227967 0
48 -2.489032545617882 1.711613909662589 0
49 -2.466417286929452 1.632460504253083 0
50 -2.444075374703859 1.554263811463506 0
51 -2.421862792826379 1.476519774892328 0
52 -2.399632497656333 1.398713741797165 0
53 -2.377238042463905 1.320333148623666 0
54 -2.354535312782935 1.240873594740273 0
55 -2.331375295698408 1.159813534944429 0
56 -2.307606803789356 1.076623813262745 0
57 -2.283076680510286 0.9907683817860016 0
58 -2.25762834399758 0.9016992039915315 0
59 -2.231098932754618 0.8088462646411632 0
60 -2.203319932797881 0.7116197647925842 0
61 -2.174116021556435 0.6094060754475232 0
62 -2.1433040031816 0.5015640111355983 0
63 -2.110691719547309 0.3874210184155822 0
64 -2.076076980587389 0.2662694320558625 0
65 -2.039243937746501 0.1373537821127533 0
66 2.03924117637826 0.1373441173239087 0
67 2.076074114730746 0.2662594015576097 0
68 2.110689762988294 0.3874141704590281 0
69 2.1433019551968 0.501556843188802 0
70 2.174113481538459 0.6093971853846071 0
71 2.203316967902939 0.7116093876602857 0
72 2.231095750375813 0.8088351263153452 0
73 2.257625005927419 0.9016875207459663 0
74 2.283072873106472 0.9907550558726518 0
75 2.30760173977494 1.076606089212288 0
76 2.331369424256824 1.159792984898886 0
77 2.354530255396223 1.24085589388678 0
78 2.377233265218556 1.320316428264946 0
79 2.399625940742691 1.39869079259942 0
80 2.421856287556843 1.47649700644895 0
81 2.444069608639542 1.554243630238396 0
82 2.466409714647832 1.632434001267413 0
83 2.489024401550001 1.711585405425004 0
84 2.512075690705537 1.792264917469382 0
85 2.535683709528947 1.874892983351314 0
86 2.560015536291768 1.960054377021187 0
87 2.585228074790192 2.04829826176567 0
88 2.611482527416286 2.140188845957001 0
89 2.63894553613233 2.236309376463156 0
90 2.667790502440375 2.337266758541312 0
91 2.698198681917956 2.443695386712845 0
92 2.730360371920644 2.556261301722253 0
93 2.764475828730552 2.675665400556932 0
94 2.800756151905887 2.802646531670605 0
95 2.839424114551775 2.937984400931212 0
96 2.879562316500267 3.078468107750936 0
97 2.919708211000179 3.218978738500625 0
98 2.95985410550009 3.359489369250313 0
99 2.85291627914356 3.5 0
100 2.705832558287119 3.5 0
101 2.558748837430679 3.5 0
102 2.411665116574238 3.5 0
103 2.264581395717798 3.5 0
104 2.117497674861358 3.5 0
105 1.970413954004917 3.5 0
106 1.823876983283487 3.5 0
107 1.679261578865011 3.5 0
108 1.535795189300909 3.5 0
109 1.392556815770345 3.5 0
110 1.248631742038969 3.5 0
111 1.103093465848451 3.5 0
112 0.9560441855668591 3.5 0
113 0.8089604647104189 3.5 0
114 0.6618767438539783 3.5 0
115 0.5147930229975382 3.5 0
116 0.3677093021410975 3.5 0
117 0.2206255812846574 3.5 0
118 0.07354186042821675 3.5 0
119 -0.07354186042822342 3.5 0
120 -0.220625581284664 3.5 0
121 -0.3677093021411038 3.5 0
122 -0.5147930229975444 3.5 0
123 -0.6618767438539845 3.5 0
124 -0.8089604647104252 3.5 0
125 -0.9560441855668653 3.5 0
126 -1.103091684604017 3.5 0
127 -1.248632349931283 3.5 0
128 -1.392559654738149 3.5 0
129 -1.535794600876992 3.5 0
130 -1.679260249304918 3.5 0
131 -1.823879386753648 3.5 0
132 -1.970413954004917 3.5 0
133 -2.117497674861357 3.5 0
134 -2.264581395717799 3.5 0
135 -2.411665116574238 3.5 0
136 -2.558748837430679 3.5 0
137 -2.705832558287119 3.5 0
138 -2.85291627914356 3.5 0
139 -1.053849812381785 1.808736786499023 0
140 -1.065333378169919 1.866468570296134 0
141 -1.084254210369921 1.92220754456429 0
142 -1.110288568297003 1.975 0
143 -1.142990996868944 2.023942643053924 0
144 -1.181801948466053 2.068198051533946 0
145 -1.226057356946075 2.107009003131056 0
146 -1.274999999999999 2.139711431702997 0
147 -1.327792455435709 2.165745789630079 0
148 -1.383531429703865 2.18466662183008 0
149 -1.441263213500976 2.196150187618215 0
150 -1.499999999999999 2.2 0
151 -1.558736786499022 2.196150187618215 0
152 -1.616468570296133 2.184666621830081 0
153 -1.672207544564289 2.165745789630079 0
154 -1.724999999999999 2.139711431702998 0
155 -1.773942643053923 2.107009003131057 0
156 -1.818198051533945 2.068198051533948 0
157 -1.857009003131055 2.023942643053926 0
158 -1.889711431702996 1.975000000000002 0
159 -1.915745789630078 1.922207544564293 0
160 -1.93466662183008 1.866468570296137 0
161 -1.946150187618214 1.808736786499026 0
162 -1.95 1.750000000000003 0
163 -1.946150187618215 1.69126321350098 0
164 -1.934666621830082 1.633531429703869 0
165 -1.91574578963008 1.577792455435713 0
166 -1.889711431702999 1.525000000000003 0
167 -1.857009003131059 1.476057356946079 0
168 -1.81819805153395 1.431801948466057 0
169 -1.773942643053928 1.392990996868947 0
170 -1.725000000000004 1.360288568297005 0
171 -1.672207544564295 1.334254210369923 0
172 -1.616468570296139 1.315333378169921 0
173 -1.558736786499028 1.303849812381786 0
174 -1.500000000000004 1.3 0
175 -1.44126321350098 1.303849812381785 0
176 -1.383531429703869 1.315333378169918 0
177 -1.327792455435713 1.33425421036992 0
178 -1.275000000000002 1.360288568297001 0
179 -1.226057356946078 1.392990996868943 0
180 -1.181801948466055 1.431801948466052 0
181 -1.142990996868945 1.476057356946074 0
182 -1.110288568297003 1.524999999999999 0
183 -1.084254210369921 1.577792455435709 0
184 -1.065333378169919 1.633531429703865 0
185 -1.053849812381785 1.691263213500976 0
186 1.946150187618215 1.808736786499023 0
187 1.934666621830081 1.866468570296134 0
188 1.915745789630079 1.92220754456429 0
189 1.889711431702997 1.975 0
190 1.857009003131056 2.023942643053924 0
191 1.818198051533947 2.068198051533946 0
192 1.773942643053925 2.107009003131056 0
193 1.725000000000001 2.139711431702997 0
194 1.672207544564291 2.165745789630079 0
195 1.616468570296135 2.18466662183008 0
196 1.558736786499024 2.196150187618215 0
197 1.500000000000001 2.2 0
198 1.441263213500978 2.196150187618215 0
199 1.383531429703867 2.184666621830081 0
200 1.327792455435711 2.165745789630079 0
201 1.275000000000001 2.139711431702998 0
202 1.226057356946077 2.107009003131057 0
203 1.181801948466055 2.068198051533948 0
204 1.142990996868945 2.023942643053926 0
205 1.110288568297004 1.975000000000002 0
206 1.084254210369922 1.922207544564293 0
207 1.06533337816992 1.866468570296137 0
208 1.053849812381786 1.808736786499026 0
209 1.05 1.750000000000003 0
210 1.053849812381785 1.69126321350098 0
211 1.065333378169918 1.633531429703869 0
212 1.08425421036992 1.577792455435713 0
213 1.110288568297001 1.525000000000003 0
214 1.142990996868941 1.476057356946079 0
215 1.18180194846605 1.431801948466057 0
216 1.226057356946072 1.392990996868947 0
217 1.274999999999996 1.360288568297005 0
218 1.327792455435705 1.334254210369923 0
219 1.383531429703861 1.315333378169921 0
220 1.441263213500972 1.303849812381786 0
221 1.499999999999996 1.3 0
222 1.55873678649902 1.303849812381785 0
223 1.616468570296131 1.315333378169918 0
224 1.672207544564287 1.33425421036992 0
225 1.724999999999998 1.360288568297001 0
226 1.773942643053922 1.392990996868943 0
227 1.818198051533945 1.431801948466052 0
228 1.857009003131055 1.476057356946074 0
229 1.889711431702997 1.524999999999999 0
230 1.915745789630079 1.577792455435709 0
231 1.934666621830081 1.633531429703865 0
232 1.946150187618215 1.691263213500976 0
233 1.02685296874239 1.916510822095957 0
234 1.031048325742479 1.589694007622032 0
235 -1.026740672686788 1.908542435187207 0
236 -1.02652242657281 1.589276021223842 0
237 -1.124070164668942 2.07968161732208 0
238 1.124070164668944 2.079681617322082 0
239 1.126290557988913 1.424142029992261 0
240 -1.126214533730658 1.420305281609753 0
241 -0.007846042419355477 3.372997111154385 0
242 -0.0001559904996148535 0.1265377110130876 0
243 1.77264957334563 2.161530281501201 0
244 -1.783866304196578 2.165156810816038 0
245 -1.277962064870404 2.197583547865268 0
246 1.281596352445412 2.196498660659109 0
247 -1.26949994899931 1.305268261057488 0
248 1.269169105687458 1.298324535239597 0
249 1.532320228878448 1.243049277745313 0
250 -1.532638753051711 1.252125443068453 0
251 -1.59812425944515 2.23962082590421 0
252 1.593258544390498 2.246184878458527 0
253 0.5840425804622434 3.365966353023468 0
254 -0.5844781806862434 3.374668615098312 0
255 -0.5979452523573072 0.1257632613377746 0
256 0.5971011216705764 0.1292761849987274 0
257 2.6179935504511 2.531679497247038 0
258 -2.619448083684003 2.527060798214153 0
259 2.065309437932966 0.5837221012385814 0
260 -2.074834560628341 0.5776290716188026 0
261 1.021184994899069 3.375853479681658 0
262 -1.029567935085441 3.373305608406879 0
263 1.917279825141689 2.025219566866596 0
264 -1.90961305178707 2.028327404312952 0
265 1.897145468644202 3.373927323378332 0
266 -1.894468267608632 3.370729045007486 0
267 1.044877769565901 0.1284488258460814 0
268 -1.044877177831618 0.128449960351239 0
269 1.713015410076723 1.301961417176941 0
270 -1.73064144668511 1.308491771073143 0
271 -1.463641719680606 3.382048113950733 0
272 1.471924323272106 3.393936286582262 0
273 2.551892455380953 2.21076565515827 0
274 -2.539182820522197 2.224661880334106 0
275 2.152690542903472 0.8961546443955726 0
276 -2.16558905089726 0.8777797593103018 0
277 -1.989725283443526 1.849799490192274 0
278 1.981142355872109 1.852740567251307 0
279 -1.487686153553568 0.1165409944335249 0
280 1.501369237396587 0.1098164705399216 0
281 -1.876346130551221 1.42204217406778 0
282 1.870918128465443 1.424615628125039 0
283 -0.993791156156688 1.721959105611224 0
284 -1.461622359404079 2.250121109097838 0
285 -1.950761500237564 1.52055286252208 0
286 1.001122644121963 1.785038927782292 0
287 -1.405723911686327 1.256628917074237 0
288 -1.990183109882336 1.651849658378814 0
289 1.46729757142806 2.248942643053924 0
290 1.946943213207474 1.530820664555188 0
291 1.991504345584802 1.647782675240068 0
292 1.402452261903862 1.259594403901764 0
293 2.471137727647138 1.918636730123554 0
294 -2.469690618222193 1.944094458668642 0
295 2.256868024830466 1.1398222833695 0
296 -2.24721959761471 1.137464883485476 0
297 -2.706496713994335 2.902758172465852 0
298 2.716746891880231 2.88508545827952 0
299 2.408967281232995 1.697259099338141 0
300 -2.415184470530813 1.690795862318788 0
301 -2.349554079211425 1.454566646170186 0
302 2.343384759636713 1.456838572242201 0
303 2.338123256146019 3.372621761255184 0
304 -2.338123256146018 3.372621761255184 0
305 -1.999771136576363 0.367450248456477 0
306 1.992802280135778 0.3604074685018681 0
307 -2.298724523267012 1.30491336291284 0
308 2.302940814408793 1.304028480848183 0
309 -0.313062606101788 0.1253832934796275 0
310 0.2930356967043472 0.1361205935193328 0
311 -0.2941674417128839 3.372621761255184 0
312 0.3032635932619732 3.366377817163665 0
313 -2.633605056559021 3.374316420223915 0
314 2.638917402577508 3.376222976417113 0
315 -1.772621408380299 0.119786737409924 0
316 1.774634633395308 0.1221744000194538 0
317 -2.786304608858892 3.179771862968189 0
318 2.781264616783787 3.186090407988821 0
319 1.406765022856457 2.2412190198238 0
320 1.434993526842927 2.298262111440041 0
321 1.374523059427402 2.292296790880854 0
322 1.401277042647436 2.348296275034826 0
323 1.342787920935606 2.345373306006026 0
324 1.368016442331615 2.398807147465265 0
325 1.308025592282707 2.394857601795831 0
326 1.334553065593935 2.44900120782386 0
327 1.39422532789295 2.452471759167607 0
328 1.273344581671713 2.445411905463746 0
329 1.301009925992906 2.502388229642792 0
330 1.233524466115027 2.498307233007155 0
331 1.266810764265427 2.561723728439985 0
332 1.194432280458737 2.557020445985302 0
333 1.163647204321891 2.491654111682182 0
334 1.121573897674205 2.551286332520719 0
335 1.08977984121312 2.484323590864131 0
336 1.046788153573246 2.54606487861169 0
337 1.014078927547407 2.476676640793362 0
338 0.9696900681517385 2.54041448296541 0
339 0.935110506540066 2.466764529779352 0
340 0.8895809188171062 2.53433984855012 0
341 0.8540132885788614 2.457290361770307 0
342 0.8073462417808976 2.528430950386668 0
343 0.7701916556265537 2.449900424753369 0
344 0.720058136817236 2.522554752686357 0
345 0.6846417251200263 2.444177818643239 0
346 0.6279212309863718 2.51604546838396 0
347 0.5876710826210271 2.431173743892574 0
348 0.5313145552929467 2.510276133765115 0
349 0.4867327163768619 2.417390674656685 0
350 0.4272629300860348 2.503995932869927 0
351 0.3825224294434986 2.408288646386522 0
352 0.4437174058843956 2.321611068181223 0
353 0.3401060747818329 2.311156324199315 0
354 0.4015736793051131 2.225452593745664 0
355 0.2976055127010303 2.214584121523987 0
356 0.359320885380768 2.128885682478123 0
357 0.2550566691455829 2.11787933316069 0
358 0.1906402596437592 2.204312756160733 0
359 0.3168725584949191 2.03940107706053 0
360 0.2130416233758694 2.020673066516535 0
361 0.2973964141862905 1.938967790019398 0
362 0.1719290304189954 1.922842287317809 0
363 0.2353314045039412 1.834246144691279 0
364 0.1238832349008235 1.821730811265586 0
365 0.1887476054905743 1.736540274280696 0
366 0.07729133872034651 1.71885559245891 0
367 0.1640115285710767 1.62143648408223 0
368 0.02496751364500611 1.609571867935 0
369 -0.001804961539013536 1.800816333861269 0
370 0.1025923129350774 1.510014028916975 0
371 -0.02426448772272205 1.499677631555423 0
372 0.3201414166634832 2.498536230798534 0
373 0.04900202904140517 1.401816225426998 0
374 -0.07547198412332322 1.390248900916094 0
375 0.170350982762622 1.411008814786576 0
376 0.1243608286524606 1.30788189901082 0
377 0.2395863980299806 1.321447249262797 0
378 -0.1462551829067096 1.486073033638767 0
379 -0.1936917254145912 1.380925520624694 0
380 0.1951595972795042 1.214868539908022 0
381 0.3082057365618807 1.229973446227814 0
382 0.2979439294180078 1.748605912462162 0
383 -0.25994461750223 1.471607015310051 0
384 -0.3062733552223912 1.368635345283042 0
385 -0.24247850912879 1.279207153763155 0
386 -0.3531922843553877 1.267656949910513 0
387 -0.2902359356238797 1.180058462586162 0
388 -0.3990809971079265 1.170131144942966 0
389 1.226427621814821 2.623965495595031 0
390 1.003944987035291 2.607877468501243 0
391 1.303496352495538 2.627606153420613 0
392 0.2645305965340108 1.122361692741278 0
393 0.3758337468014271 1.138954522066311 0
394 0.428089704901301 1.252673089670947 0
395 0.4834131024636056 1.153057335839444 0
396 0.4462961277103482 1.051461925945783 0
397 0.546535710577473 1.072258797066887 0
398 -0.337231865625914 1.08322175833248 0
399 -0.445272380940723 1.075670352815642 0
400 -0.3679871852204533 1.456304479878098 0
401 -0.5081978517779384 1.162745061121618 0
402 -0.5534552003744189 1.066420080579274 0
403 0.7403172283787771 2.37488970261768 0
404 1.261223633599027 2.69382996097282 0
405 1.342722124502314 2.697384103741933 0
406 0.4184398593211907 2.061200182395143 0
407 -0.4940019419896823 0.9820601151486053 0
408 -0.5968244429202056 0.9785422258999821 0
409 0.5839777604284924 1.16257674734793 0
410 0.6383270053633036 1.085001308039139 0
411 0.6084196687236285 0.9968529870791234 0
412 0.712809280520971 1.020716554861005 0
413 0.6720596042002351 0.9243715240918269 0
414 0.7716284095938726 0.940249784834605 0
415 -0.6533580973853995 1.058842312666424 0
416 -0.6957138111642687 0.9756272722272941 0
417 0.7498772348934177 2.602462292330991 0
418 -0.7453723448186804 1.055661681364427 0
419 -0.7882783984324975 0.9742507952113144 0
420 -0.7404745088425388 0.8951967316998051 0
421 -0.8333075780855992 0.8941102431142263 0
422 0.7327779618792468 0.8495145483987681 0
423 0.8281444436643498 0.8662412992319957 0
424 0.6319000247287163 0.834110309378556 0
425 0.867475041479737 0.9529592365497837 0
426 0.9213230960263946 0.883767121856619 0
427 -0.8771345755685074 0.9778774652169442 0
428 -0.9237174410970668 0.8983903036640783 0
429 -0.8796561691617311 0.8148367573211559 0
430 -0.9709937891595759 0.8190125403846733 0
431 -1.01140550298992 0.8999179127201666 0
432 -1.060201805985153 0.821686049113816 0
433 -1.098842889189939 0.8972441566576959 0
434 -1.145125773639371 0.824448561696034 0
435 0.4762205534223538 2.59301792095579 0
436 0.6793027248611665 1.170988044024241 0
437 1.297837398321411 2.767891422207102 0
438 1.38442947638195 2.771586885992341 0
439 0.8889498845144277 0.79624890226404 0
440 0.9795166800059533 0.8164139110379547 0
441 1.008627566357836 0.9006184874869183 0
442 1.066850210823513 0.8360909518254533 0
443 -1.184585985629403 0.8972376669735385 0
444 -1.229139881047099 0.8268047387930191 0
445 -1.189828391313979 0.7514818543184785 0
446 -1.275673345550238 0.7559344600471802 0
447 -1.313769705819838 0.8326562446908479 0
448 -1.360037729700487 0.7620896401335 0
449 -1.397150894292236 0.836472482490348 0
450 -1.442841989476217 0.7677526676411892 0
451 -1.478583662863647 0.8407900878735854 0
452 -1.524494299020045 0.7730676559097918 0
453 -1.559918550705232 0.845697236289878 0
454 1.090013833508729 0.9179077538615452 0
455 1.147855562494249 0.8561853996356419 0
456 1.124869513764114 0.77414456520904 0
457 1.208526598921025 0.7939697937315187 0
458 1.184026959653177 0.7092495906800811 0
459 1.269644443782352 0.7309756279613566 0
460 1.29265589845482 0.813943906120693 0
461 1.353299999644332 0.7531492246770219 0
462 1.3752907468981 0.8338240225592182 0
463 1.434214508214881 0.7748952892142094 0
464 1.459923228873087 0.8523429026402174 0
465 1.513645061355695 0.7957755453016406 0
466 1.538936116920864 0.8714206600870076 0
467 1.590381976505027 0.8167223370136363 0
468 1.61337691126399 0.8913554866156772 0
469 1.573444171451289 0.7389838117481142 0
470 -0.3263714222933145 1.55387993716834 0
471 -0.4278475433562056 1.541418716172517 0
472 -0.3897269323236654 1.631500422829231 0
473 -0.4841517434683945 1.61827702677784 0
474 -0.4481132753010529 1.70232612057626 0
475 -0.5495019262101571 1.692763000586585 0
476 -0.5051044870996401 1.770761952673305 0
477 -0.5785802274587415 1.606234999392151 0
478 -0.5888937219304194 1.766384361145245 0
479 -0.5549301605666302 1.83654806525826 0
480 -0.4722270262760145 1.849560235771575 0
481 -0.5215784344798227 1.913736179751587 0
482 -0.4397414005729736 1.929613424583262 0
483 -0.4911937364675125 1.997907517276457 0
484 -0.4047621757263818 2.013272228350715 0
485 -0.4620606418714439 2.083991422700622 0
486 -0.5629074167780983 2.067610304052779 0
487 -0.5255851234946882 2.158325020599435 0
488 -0.4317356831508072 2.171495963050759 0
489 -0.4923648263648531 2.242542838797241 0
490 -0.5832288293881041 2.232383020340271 0
491 -0.5535946015141456 2.314567193013675 0
492 -0.4609903491215364 2.332079754052645 0
493 -0.5260179335145692 2.403971478785337 0
494 -0.6145728914369186 2.381980116656445 0
495 -0.4298125112738267 2.428999509060776 0
496 -0.5918503597771633 2.47344838678674 0
497 -0.6810110948048675 2.450099318953862 0
498 -0.6577996235292164 2.542331150899756 0
499 -0.7473464802047555 2.522946136288888 0
500 -0.7249114711761118 2.610972044133086 0
501 -0.8135779288260735 2.592502420997818 0
502 -0.6106948091667909 2.641207871296821 0
503 -0.7844950966120524 2.68276469605791 0
504 -0.8807105331342422 2.658194829355532 0
505 -0.9077513899871448 2.567176507496554 0
506 -0.9732369076742795 2.638291711129319 0
507 -0.9488039778767405 2.721927312714034 0
508 -1.035252368869882 2.694305501669544 0
509 -1.057780613547441 2.622299635718671 0
510 -1.122294509050183 2.676993647587276 0
511 -1.092983521275919 2.753100445225278 0
512 -1.184290578593404 2.731275472739414 0
513 -1.204755625636757 2.646260696077403 0
514 -1.269489860314553 2.704185737247603 0
515 -1.250533564813408 2.790335341974808 0
516 -1.333504777089963 2.760537528027742 0
517 -1.350811871812042 2.677260276240645 0
518 -1.414073371986765 2.731068953420515 0
519 -1.429550108135855 2.649247472331892 0
520 -1.493807327175633 2.701025705491228 0
521 -1.478155986261037 2.785580254246568 0
522 -1.557237726092376 2.754403599180418 0
523 -1.572574939154259 2.671174160375566 0
524 -1.634989732064795 2.723133369150363 0
525 -1.648056064553275 2.642313414393042 0
526 -1.70992629124138 2.690845881874032 0
527 -1.721555975172556 2.613054685104968 0
528 -1.783962062709556 2.660063455763634 0
529 -1.795633570735588 2.583599831576227 0
530 -1.858709995938505 2.632342132469637 0
531 -1.870397301333928 2.554225893725563 0
532 -1.935823432719416 2.599868668765193 0
533 -1.942273382041505 2.521455124875531 0
534 -1.921803289093345 2.684166695981987 0
535 -2.006628388305283 2.645773117753382 0
536 -1.988314734867364 2.740886373918577 0
537 -1.704273788245035 2.767318057858523 0
538 -2.07743585902786 2.702302993946028 0
539 -1.236777951216372 0.6761093192149283 0
540 -0.635368642688542 1.82542540686916 0
541 -0.9248629288352952 0.7330643606468954 0
542 -2.062649016508631 2.799666215596432 0
543 -1.486909161451201 0.6980266768470076 0
544 -1.606738172154015 0.7776981072618061 0
545 -1.639951996790711 0.8512738941527584 0
546 1.666080604372505 0.836657150620673 0
547 1.688603314207301 0.9106401338518713 0
548 1.245357639478207 0.6432517889073717 0
549 -1.14012240387195 0.9661271243389131 0
550 -0.6653259221442279 1.760069908233597 0
551 1.741548369050842 0.8556256893040806 0
552 1.760281681738794 0.9299673802180544 0
553 1.336785902039369 2.846713115258151 0
554 1.245937672078038 2.84086253011036 0
555 1.426953755520887 2.849291603534272 0
556 1.47380433629777 2.77496917319778 0
557 1.517921053184118 2.851781849116856 0
558 1.564633798127022 2.776058091448355 0
559 1.609014084215081 2.853531041395845 0
560 1.656630711256678 2.775217562311159 0
561 1.697669981902221 2.85302603137763 0
562 1.747925035443455 2.774886215932777 0
563 1.781778019434004 2.856791654319315 0
564 1.837917590797645 2.776003569972985 0
565 1.795241150426646 2.697981757624383 0
566 1.885046064247135 2.699807270442971 0
567 1.931167874581664 2.776450328708228 0
568 1.974424767766295 2.697055500480681 0
569 2.023975220318479 2.773728173048162 0
570 1.920936034151634 2.617276796475889 0
571 2.015142364335394 2.619195178010251 0
572 1.97163094624914 2.544414482406766 0
573 2.055269015938681 2.544860789825526 0
574 2.010782631013913 2.472170537846785 0
575 2.088183568921313 2.469584882120565 0
576 2.044325326167365 2.389823274047992 0
577 2.144269543311862 2.540752634621758 0
578 1.933131980793026 2.467261445642967 0
579 2.122354527965996 2.397439323951435 0
580 2.087083838831236 2.336298890404732 0
581 0.9829291871617765 2.398674925494386 0
582 1.158161352082887 0.6188724164898765 0
583 -2.152860039612899 2.762833870697229 0
584 -2.165918203660097 2.663649428046519 0
585 -1.808799867715343 2.506265273146297 0
586 1.405593176834436 0.9140018034984012 0
587 1.604150305478533 2.691601202124299 0
588 -1.434347469267935 0.9049488874674012 0
589 2.161797788201271 2.333930704605395 0
590 2.123436068062547 2.271918461601233 0
591 -0.7095515790606588 1.812823429143651 0
592 -1.597108971286485 0.9172831666624184 0
593 -1.67545310555923 0.9184201928768225 0
594 -1.717754015915706 0.8574703787913056 0
595 -1.749570701979292 0.943849543324671 0
596 -1.794708475480197 0.868106670650687 0
597 -1.828034216796512 0.9421541949387719 0
598 0.1474052376820478 1.106481807188798 0
599 1.708467816534063 0.9839817360590637 0
600 1.778031637814188 1.001298193082853 0
601 -0.7593642079025198 2.432960967465849 0
602 -1.660556100189455 2.566851048355083 0
603 -0.5415585423443998 0.8896250564201156 0
604 1.037102380303911 0.978990071603111 0
605 1.112682084513144 0.9946532451599723 0
606 1.06741601471804 1.049582291505771 0
607 -1.367147304215019 2.597745441244281 0
608 -0.7050698912812872 1.136860710723636 0
609 1.287520027739407 2.925193214165518 0
610 1.186145561208155 2.918691343260401 0
611 -1.700845521050548 0.9888866109366575 0
612 0.6228829174399715 1.245041917681886 0
613 0.7069696880338672 1.25918761868552 0
614 0.6572612346199532 1.324215310349968 0
615 0.7375674639150579 1.331547119157614 0
616 0.6892287634896347 1.394277883055215 0
617 0.7846104081936788 1.27442661008175 0
618 0.8130830695573362 1.339869124033426 0
619 0.8571612935741546 1.28538595395638 0
620 -0.7906471475898731 1.130585122724633 0
621 -0.7543066927349015 1.205816905594952 0
622 -0.8334351134815169 1.200022643320598 0
623 -0.7981315043549249 1.270179605859623 0
624 1.223640583019997 0.5473733621870116 0
625 -2.243216744309091 2.724252875276018 0
626 -2.239305087209413 2.821627027979151 0
627 1.652627201669552 2.936765739265723 0
628 -1.316155802226356 2.849008513578789 0
629 1.563517588106541 0.9467158046784638 0
630 2.197351550937777 2.268929585834447 0
631 2.157927577258784 2.208537920571715 0
632 2.234999494204905 2.330719357350343 0
633 0.2208139301451524 1.010150800924337 0
634 0.09634859986327303 0.992631894383692 0
635 0.1765112554155117 0.8892071356493034 0
636 0.04303294564738574 0.8719193430669174 0
637 0.1287873170152005 0.7634682531048511 0
638 -0.01209921694227148 0.7442711422503021 0
639 2.061937606697616 2.274361952381064 0
640 -0.7209482585613155 1.278028482473768 0
641 -0.7646346832427328 1.339469239678686 0
642 -0.8382025198302397 1.332355526702489 0
643 -0.8069233941761783 1.396774186689744 0
644 -1.543141970199883 2.838404968409297 0
645 -0.7366657232259143 1.751830793885011 0
646 -1.970469972600035 2.835046224785344 0
647 1.132459132103459 2.428032289164022 0
648 0.6988152570418511 0.7522242036173361 0
649 0.5890240427260661 0.7370727261430712 0
650 1.816177832024377 0.8754724764187123 0
651 1.796143265966341 0.7971327040746572 0
652 0.6633095202227699 0.6469472378158005 0
653 0.5507583916969245 0.6257114741397061 0
654 2.231707469400897 2.20495396759512 0
655 2.192929637036926 2.144321606521715 0
656 1.459172983300056 2.35075314459951 0
657 1.136785599041713 1.062450343725856 0
658 1.095196168895316 1.109821295293665 0
659 -0.7767357847994677 1.804156936883364 0
660 -0.7528976444753857 1.865524378895443 0
661 0.610851824533458 1.388798863890739 0
662 0.6423561081951434 1.460428462215983 0
663 0.5642888632691272 1.454197621326202 0
664 0.5992977009817788 1.525960652623488 0
665 0.6877821513032286 1.531572708322278 0
666 0.6361987890774593 1.595426545548351 0
667 0.7080006706299494 1.603695441914677 0
668 0.6661137453173389 1.663126464978053 0
669 0.7366431731907831 1.669952935963509 0
670 0.6970099464374903 1.729370059824459 0
671 -2.251606585610291 2.625523087836734 0
672 -0.3590626828288077 2.350279695196057 0
673 -0.3258394332079425 2.454885711698077 0
674 -0.2426381963540511 2.3665372366718 0
675 -0.2028229413007878 2.475267507213218 0
676 -0.2920634600797672 2.567309761064438 0
677 -0.1669226346767687 2.592828395105694 0
678 -0.2585421214343242 2.688473040290361 0
679 -0.1258620886921382 2.716118206916418 0
680 -1.76019016898036 0.804345022905635 0
681 1.97824545405899 2.857528411995862 0
682 2.082643958241488 2.853132015071195 0
683 0.625272706381036 1.723469294213585 0
684 0.6572763652408595 1.788528528160786 0
685 0.7282355939348102 1.793391068450587 0
686 0.6904107893396261 1.851293793700328 0
687 0.7591541124082464 1.854936326784264 0
688 0.7225960020836308 1.91208657567024 0
689 -0.8283961674148614 0.7312320087014996 0
690 -0.8782334960985529 0.6409643178808262 0
691 -0.7741946941413332 0.642566127988264 0
692 -0.8295541717824513 0.5478336186687867 0
693 -0.7196295065122139 0.548525760456652 0
694 -1.230659438037033 2.878886525896228 0
695 -1.300744682658778 2.944375708367623 0
696 0.7894599584554793 1.914949202062247 0
697 0.7552634356127529 1.970732960619098 0
698 0.819701088025264 1.974104685826447 0
699 0.7861146522829456 2.029080933263303 0
700 0.8485064452351982 2.033738876714493 0
701 0.815162081533191 2.087688772500933 0
702 0.7444382260281701 2.088027022084719 0
703 0.8779041643050802 2.091958751736048 0
704 -0.6879236150632968 1.347739193758705 0
705 -0.3585196647263115 1.715775881093401 0
706 -2.048661918886042 2.897938144006434 0
707 -1.949569629422491 2.936695622798243 0
708 1.419215597077816 0.692903816683768 0
709 -0.2226947174366981 2.817525344286112 0
710 -0.08809243707620171 2.846964648904149 0
711 -0.8742288694440461 1.391759115794206 0
712 -0.9056427080985283 1.328805780472113 0
713 -0.8437820187037423 1.450250740920263 0
714 0.8820957717344285 1.349416505753091 0
715 0.777228388721129 1.612504763935793 0
716 1.471182834503385 2.931483658048525 0
717 1.124840105461238 0.5223596464519504 0
718 0.1002091686407173 2.007134028290078 0
719 -2.038039790834983 3.004483479532067 0
720 1.731005552291152 1.051391104275439 0
721 1.796637071202551 1.068803455406439 0
722 1.844380113654704 1.020565089652867 0
723 1.861979756014434 1.087665381045395 0
724 1.90958181173965 1.03973850879941 0
725 1.925465622981182 1.106189011757898 0
726 -0.9413985412450372 0.5527232596353746 0
727 2.026046073604426 2.949159380184497 0
728 2.135061163056269 2.94730856826334 0
729 2.192329362165281 2.84536892782102 0
730 2.246461477019388 2.944729282705591 0
731 2.303021792122621 2.841772357114771 0
732 0.9242068815300268 1.296276883752739 0
733 0.9012869386582781 1.232537602955353 0
734 -1.204129602551208 2.97577475778336 0
735 2.267290932613843 2.139614761315226 0
736 2.227602338513877 2.079856401915423 0
737 2.157611194941558 2.083860310023337 0
738 2.189512148494207 2.023908698958237 0
739 1.237127911226893 3.013309691817216 0
740 1.130149960147405 3.006700675864392 0
741 0.582267995816671 1.785545432755567 0
742 -1.872744300400451 0.8736531346621372 0
743 -1.904599759538778 0.9453097329641627 0
744 -1.860474272322529 1.010961835657331 0
745 -1.93239658462389 1.015670614618701 0
746 -1.891071134519258 1.074699848913615 0
747 -1.959966478807535 1.081725728068466 0
748 -1.920594096277196 1.136590892924828 0
749 -1.988627070809631 1.144189194026912 0
750 -1.949288087391287 1.197293854656177 0
751 -2.013141228544076 1.205357210137449 0
752 1.878622969032349 1.152291250554875 0
753 1.940429160604865 1.170673474911414 0
754 1.081362402047815 2.909543790753796 0
755 1.02304992469266 2.998968166507499 0
756 0.9747603911492689 2.900928788213114 0
757 0.9128202665369201 2.991943080424155 0
758 -0.3465165464959267 1.9405895099144 0
759 -0.3089672023946818 2.030758374130973 0
760 -1.847431121919013 1.129595070158419 0
761 0.5148600138168342 1.519334537948322 0
762 1.989560569452242 1.125740269660834 0
763 2.003565203002512 1.19136243491424 0
764 -0.7813189937814411 1.459024290999236 0
765 -0.8212349309392282 1.512041671764881 0
766 -1.440284954916815 2.572316362183489 0
767 -1.38359377358397 2.526143898361926 0
768 -1.448966357134528 2.502635421750884 0
769 -1.398067964263518 2.458757713851591 0
770 -1.335221722497837 2.47845289024163 0
771 -1.349109198013628 2.416159715791416 0
772 -1.288997483208428 2.434721163356097 0
773 1.876323232656781 0.8176589181395375 0
774 -1.219095702063563 0.9658713370619305 0
775 -1.181288160445693 1.030705478410287 0
776 -1.251593876810484 1.030984221361486 0
777 -1.104922200157435 1.031828122224198 0
778 -1.143569154622341 1.091191702812762 0
779 -1.075312488716569 1.092065170314148 0
780 -1.109736615913899 1.148344220607354 0
781 0.8448102731445896 2.145581664806454 0
782 0.9086296441553406 2.148763893185711 0
783 -0.4318699156164908 0.8926891272704387 0
784 2.124266181893271 2.025056806856201 0
785 2.154943459765157 1.969302989828378 0
786 2.218861931685596 1.966101678385847 0
787 2.184001077968647 1.912020156486598 0
788 2.247327114198046 1.908239150407797 0
789 2.212322437057959 1.853671577550916 0
790 2.093860839444077 2.080898827427771 0
791 0.8034419815958348 1.674695269300964 0
792 -0.4844667342860174 0.7914822104163219 0
793 0.07732651398435197 0.6288217802682587 0
794 -0.06957093860341855 0.6083491738988465 0
795 0.6918527371177883 1.976906318277933 0
796 -0.8178780464119574 1.855505064636102 0
797 -0.7938185689550102 1.915192296318556 0
798 -0.07118420176919574 2.492468231670571 0
799 -1.459864083766075 2.437814477406893 0
800 -2.326352300575995 2.683377915865705 0
801 -0.8022053853088785 1.743241749285574 0
802 1.893410382660995 1.213392192510302 0
803 -2.177224854127089 2.567776246201364 0
804 -2.258767294096037 2.530197044798348 0
805 -2.187356357754625 2.478064914464179 0
806 -2.267930927812356 2.440509335009574 0
807 -2.198318317063733 2.391032485981882 0
808 -2.276480950207965 2.35451874529357 0
809 -2.207925541169955 2.307910229525401 0
810 -2.134720787522216 2.341047962756315 0
811 -2.143678734820453 2.261358781531903 0
812 -2.213130665338722 2.230862180966662 0
813 -2.077262773729777 2.291740987649848 0
814 -2.153317987891839 2.187822542752656 0
815 -2.217371899565796 2.158288983361349 0
816 -2.159990011489445 2.118586225046436 0
817 -2.221806087706043 2.088867526777923 0
818 -2.166632425559969 2.05057783072447 0
819 -2.227151595032204 2.021005335214903 0
820 -2.174868565326947 1.983716497069683 0
821 -2.232154380823168 1.955418771123405 0
822 -2.181272314670005 1.918702134568086 0
823 -2.237862793731225 1.891231870464799 0
824 -2.185693993087123 1.855028987942019 0
825 -2.085576947918448 2.148885880565326 0
826 -2.283079356358066 2.119799986868415 0
827 0.8740662024730745 2.203765925108018 0
828 0.9389484772037645 2.206662521279858 0
829 0.8417184512132804 1.402259911583095 0
830 0.906387516956876 1.41047621272846 0
831 1.183498428759727 1.011723146624306 0
832 1.204825581158276 1.076039188615796 0
833 1.193822235911915 0.4460377617549613 0
834 1.299381912156453 0.4723808822876914 0
835 -2.025412618817865 1.086731273320178 0
836 2.081939576018756 3.046330044788894 0
837 1.966017064345498 3.046201486815815 0
838 0.5010166567133593 2.234412456999253 0
839 -2.115467226015887 2.01420590840004 0
840 -1.97645116324999 1.256340513165798 0
841 -2.038254014722166 1.264104022344171 0
842 -1.912668360167241 1.251845102764497 0
843 0.865269987266631 2.890999569313835 0
844 0.8003908391633902 2.984270046816436 0
845 0.7505626557975404 2.879972071088138 0
846 0.6840713307135183 2.976641350290109 0
847 -1.278987929497091 3.046011381895779 0
848 -1.045734909489822 1.150330384472448 0
849 -1.077113211513902 1.204426169913877 0
850 -2.002693896029921 1.314598678234323 0
851 -2.064593874288604 1.321109294327359 0
852 1.854442780869765 0.7353524507090601 0
853 -0.905403603561697 1.45234993546643 0
854 -2.242929651985096 1.827547590048855 0
855 -2.191008371891555 1.791576214069481 0
856 -2.347894837788663 2.403287734849126 0
857 0.6289913944238136 0.5344791081921294 0
858 0.5111629519442125 0.5067474626148876 0
859 0.7364529170886436 0.5618718470073676 0
860 -1.181832899799249 1.155796024484616 0
861 0.8403658494128551 1.622019405386264 0
862 0.940069594957942 2.099405209518182 0
863 0.008765132784309758 2.741415081170614 0
864 0.05510896547585318 2.878878286124057 0
865 0.8234307744652607 1.860468635519069 0
866 -0.7297265084369015 1.926305996190337 0
867 -0.7723669281452153 1.976270250643062 0
868 -0.8344301963973246 1.966286009676059 0
869 -0.8148973623431996 2.025191589476296 0
870 -0.8759983577861138 2.01478567939425 0
871 -0.8557194168169482 2.073747821155588 0
872 -0.9162089895439338 2.063571540087687 0
873 -0.8971255833789984 2.12194516721745 0
874 -0.833606553839589 2.133537796460582 0
875 -0.87634710741514 2.182041419644374 0
876 -0.93946374242794 2.169620275220673 0
877 -0.9193730818020753 2.230101571403885 0
878 -0.9816069802298656 2.216666981341596 0
879 -0.9621856633102823 2.277646955808101 0
880 -1.02440827667993 2.26412395202461 0
881 -1.004991407119128 2.325410780693707 0
882 -1.067271358892217 2.31111742194744 0
883 -0.8107016919198877 2.196163202474616 0
884 -1.048843978498274 2.373643296914124 0
885 -1.085677457763136 2.251462534736341 0
886 -1.127648609460592 2.296952593153248 0
887 2.364714733110115 2.942777427668482 0
888 1.381857260295082 2.629720012083955 0
889 1.750071508067029 1.114506487217181 0
890 1.688180349351936 1.099081983959301 0
891 1.277787866026484 2.343645642182888 0
892 -2.027745166962443 1.37019229904282 0
893 -2.089031648273417 1.377219931474269 0
894 -0.7589538992727558 1.684112464568321 0
895 -0.8278383832573908 1.683800374172669 0
896 -0.8881159770425056 0.4509741930457818 0
897 -0.9999612696118334 0.4518410403086837 0
898 2.307062115788734 2.203804437872428 0
899 2.344151197577773 2.134620465607521 0
900 2.277260009707737 1.850036501402198 0
901 2.240181361955093 1.79618098656548 0
902 2.176837601920736 1.800161994719909 0
903 2.203776891197328 1.744118578322807 0
904 2.14251173087893 1.745232287148 0
905 2.170176486015989 1.688466816282469 0
906 -0.1845678292584622 2.952100211600136 0
907 -0.3238867780571888 2.916597017259059 0
908 -1.932693140220319 3.04451605631739 0
909 -0.7657166756764333 2.143675740271111 0
910 -1.300935965716017 2.376035161693697 0
911 0.8521686827081711 3.089053751006012 0
912 2.229755405993806 1.688048102995114 0
913 2.196442565259892 1.634750965138746 0
914 0.9517855400263411 0.7259142500355273 0
915 -1.375036293956836 3.017707883466482 0
916 -0.7557627958559845 1.519565783548155 0
917 2.258313288724935 1.631000814597472 0
918 2.221617279616369 1.578507113641242 0
919 2.150457745923079 1.586598258777561 0
920 2.183012501991455 1.527834611464241 0
921 2.122212500784393 1.533539364418251 0
922 2.147754904312938 1.477169710262602 0
923 0.5475951450623044 1.715698292402272 0
924 0.8657371683261113 1.677894879030944 0
925 1.249695387446509 1.030469537680818 0
926 1.268889479921927 1.09191357941167 0
927 1.222631645028569 1.135126192828208 0
928 2.275115716164305 1.959829133138824 0
929 1.268848417011024 0.3655176375335558 0
930 1.371139811776234 0.3911600960720742 0
931 -0.4640222764497679 1.454717865239193 0
932 0.6324062656662216 2.868409520052191 0
933 0.5647981489309586 2.967929577622702 0
934 0.4710923201946942 0.7208119842934217 0
935 -2.098863192585657 1.265298379419028 0
936 -0.2258725451079937 1.086571863967287 0
937 1.18754933145062 2.685420895417753 0
938 2.098985089443401 1.966775938417885 0
939 0.8047264487713541 2.19479578587039 0
940 -1.846615481624085 2.973612074895105 0
941 -1.82744797224615 3.08202282974242 0
942 2.087032396964066 1.483473528033187 0
943 2.111878509912061 1.427793632886196 0
944 2.051553594965836 1.434142164869102 0
945 2.076046518782092 1.378510360295848 0
946 0.9670416660415661 1.244009702281824 0
947 0.9871268907293647 1.307498944450596 0
948 1.02919697187436 1.25615714442524 0
949 0.9455043799887771 1.179733596652934 0
950 0.8758226260814006 1.167421154707764 0
951 -1.182950957313585 3.080493995663433 0
952 -1.100607042337516 3.006024346692477 0
953 1.769725004619052 0.7139988533067454 0
954 1.831573796007619 0.6470776637650739 0
955 1.738623458891518 0.6240116707739536 0
956 -2.246670235312367 1.764297771029107 0
957 -2.195753506193983 1.728867181038212 0
958 -2.14024344233214 1.755776834418889 0
959 -2.145965997477847 1.694100284538385 0
960 -2.200429476742178 1.667256099392778 0
961 -2.150390738163654 1.63291438677183 0
962 -2.203483376723895 1.607016334464011 0
963 -2.152865724645609 1.576583991592248 0
964 -2.053761354009856 1.423156043735683 0
965 -2.062573444979685 2.367003453239193 0
966 -2.010731845560431 2.31850774267256 0
967 -0.9827941000641307 2.388555592140327 0
968 2.418003133924232 2.837842545706247 0
969 2.35621137796405 2.739738215640756 0
970 1.085272844911873 0.4265912624616857 0
971 -0.367651777403912 0.7968927995511705 0
972 -0.4234771300524868 0.6880696490408464 0
973 -2.020681796668606 3.118820010148414 0
974 -2.13294275684569 3.074279085703907 0
975 -1.74242431160962 3.009934210601729 0
976 -1.722075796867624 3.119985370652818 0
977 -2.287184216029935 1.998744912935329 0
978 2.015983504241747 1.385183296697929 0
979 0.7088469201016719 0.4425101561085916 0
980 -1.018756044855262 1.206595924358941 0
981 -1.047800708244114 1.258310835598034 0
982 -1.106166123572167 1.259641047408799 0
983 -1.509498806026941 2.478789288263133 0
984 -1.519482508942573 2.416220206868157 0
985 -2.296342936102094 1.863058888694145 0
986 1.312484131029403 1.048393820373853 0
987 1.330934378726718 1.106081276581967 0
988 1.373163353353796 1.063383352553553 0
989 1.389761462299568 1.117828236946828 0
990 1.432455837888328 1.073810937774589 0
991 0.8690241298378903 1.461022347237869 0
992 1.813046901989232 0.5478546216187139 0
993 1.708158464404749 0.527553505935404 0
994 -0.8719906112516242 1.128855556314087 0
995 -2.113402868413981 1.433305998407371 0
996 2.052068744815698 1.147077322245168 0
997 2.039863264128749 1.077283139344754 0
998 2.062056605030114 1.216810611045137 0
999 0.1507473506503312 2.770336577735459 0
1000 0.1976023657934946 2.9091529401892 0
1001 1.177939610902642 3.10604540967879 0
1002 1.292401007460624 3.110858140522431 0
1003 0.9306335556101926 1.467907314671313 0
1004 -1.245752545409717 2.393722565654541 0
1005 -1.229595241183011 2.453213646513399 0
1006 -1.951899856226517 0.8799135890898853 0
1007 -1.918419602892098 0.8037574192238264 0
1008 -0.2455925830222988 1.950258513403037 0
1009 -0.2059779640389627 2.048843428631316 0
1010 0.8793920131208095 1.977862914411796 0
1011 2.138084123358182 1.371766486609243 0
1012 0.90433947805378 2.262019533339531 0
1013 0.4791667665038758 1.443025408863551 0
1014 0.4281563416851755 1.514661624103913 0
1015 0.4970110584369618 1.778159488357708 0
1016 0.538455280146856 1.853624389609495 0
1017 0.5143892096528153 2.856177924180755 0
1018 -1.362202311269282 2.361941833559085 0
1019 1.706179925157147 1.157676361728542 0
1020 1.64620415144064 1.143430809624877 0
1021 1.62832838606789 1.086019608204066 0
1022 1.58753377893676 1.130279693022074 0
1023 -1.271508720499713 3.164829735974338 0
1024 1.93956250031286 0.7580378904265128 0
1025 1.961557491822254 0.8538955004608477 0
1026 0.1014677539288285 3.019490326583794 0
1027 0.2418235829373745 3.04480637713467 0
1028 -2.021592592820807 2.250643023455959 0
1029 -1.958678869150363 2.277288694928044 0
1030 -1.968052149300739 2.214897272881093 0
1031 -1.948903303769497 2.341161051305849 0
1032 -1.899315187771097 2.301605527566973 0
1033 -1.889179962647188 2.362587090481397 0
1034 -1.843403342802583 2.324153061560838 0
1035 1.790353263789816 0.4394495673978618 0
1036 1.67858738494516 0.42372732079953 0
1037 1.606275846177203 0.5064677064637622 0
1038 0.9691587364571876 2.26791853651485 0
1039 1.002972118976428 2.210816386018741 0
1040 1.033639568723561 2.266259137413738 0
1041 1.065560371342266 2.217124694115817 0
1042 1.09461999737833 2.267801259727777 0
1043 1.126021251475773 2.219859903826156 0
1044 -2.35547535910993 2.315953414957026 0
1045 -2.433652875614859 2.36388089650333 0
1046 -0.8997854213097787 2.292649414841016 0
1047 0.02180625276424096 0.4916577211356574 0
1048 -0.1293653106509911 0.4731013693124215 0
1049 0.1700960162726997 0.5131797710689052 0
1050 -2.151009405900286 1.383057762743909 0
1051 -2.176630265478087 1.441728974357706 0
1052 0.988855667360559 1.052921689684416 0
1053 1.154655292599073 2.269896850747534 0
1054 -0.8639976747711733 1.735617455319805 0
1055 1.447031230424197 1.138675573798332 0
1056 -1.142804466276288 2.238317264612941 0
1057 2.308820763670778 3.048081379128331 0
1058 2.433684151119507 3.047056504590206 0
1059 -1.000763514708824 2.158503556203538 0
1060 0.9677076116601069 1.419621487026665 0
1061 -1.567787365593369 2.45457801510778 0
1062 -1.577337181464087 2.394163749945129 0
1063 -1.624946222317042 2.43547321053057 0
1064 -1.635724681094215 2.375891404303097 0
1065 -1.682112442614055 2.409977364737492 0
1066 -1.691034829904351 2.35014899565753 0
1067 1.832670844964676 1.195151128296362 0
1068 1.848893752142497 1.253773877853243 0
1069 1.906141932827319 1.273121777585868 0
1070 -1.257225624072891 2.333167821784859 0
1071 -0.8893663130267238 1.679121555194251 0
1072 -2.128461554230348 1.881370050675917 0
1073 -2.423487536753613 2.458453361598551 0
1074 -1.145030659036541 0.6723766292629598 0
1075 -1.194230487958266 0.5962329973695584 0
1076 -1.290926485764466 0.5974530305673675 0
1077 -1.230825160406912 0.5041121808277089 0
1078 -1.348079087239212 0.5121805220743287 0
1079 -1.302419068432149 0.4177954303347422 0
1080 -1.410614171771619 0.4240873444845263 0
1081 -0.8904975854199719 1.952061299110692 0
1082 1.024074597652294 0.5007215740221698 0
1083 0.9746057651993172 0.4008539314100719 0
1084 -2.257597959710733 1.640827562855275 0
1085 -1.638178066552946 3.053157443949991 0
1086 2.468894835483818 2.733624180752651 0
1087 2.404268758017639 2.640634595756045 0
1088 -1.033061751002557 2.440596377522195 0
1089 -1.011666157320516 1.102932973581356 0
1090 1.230293116378827 3.205295133621623 0
1091 -0.7048530800223421 1.986370180102458 0
1092 2.115427010226304 1.802722467170608 0
1093 2.082107762004626 1.75253411610443 0
1094 -2.115107848567645 3.196242983435436 0
1095 -1.738461522681785 2.384812221940985 0
1096 -2.001920171344186 0.8118551027281895 0
1097 0.8066288703516196 1.455748655670414 0
1098 -1.07505485468724 3.121449507621006 0
1099 -0.9881890971850296 3.037314845348656 0
1100 -0.9625676562832299 3.15375020230987 0
1101 -0.8717323079487449 3.069514977883232 0
1102 -0.8468407648673977 3.191221191428235 0
1103 -0.7539622959348924 3.105378965346599 0
1104 -0.7816038307060739 2.983637525700531 0
1105 -0.6637688959829358 3.018244190855904 0
1106 -0.6940033190493846 2.899637896983992 0
1107 -2.231470819735668 3.148023178093594 0
1108 -1.29411051327921 0.9684406302987665 0
1109 -1.320188376933078 1.03304078988652 0
1110 -1.283848957626204 1.089185575710301 0
1111 -1.349324754572857 1.091182103062034 0
1112 -1.3159175114853 1.143276171897308 0
1113 -1.383811986969149 1.038185264572581 0
1114 -1.411675676675292 1.094677765692647 0
1115 -1.446164589051765 1.043716762589123 0
1116 -1.473075587456186 1.09757622605613 0
1117 -1.507509253856004 1.048414927956255 0
1118 -1.534089961367256 1.101907985466216 0
1119 -1.568913311744697 1.05309607359282 0
1120 -1.594559555587973 1.108320648778577 0
1121 0.9010120387506411 1.628357736236313 0
1122 -2.076974931338948 1.473091527817644 0
1123 -0.3716655499464857 2.655814625659678 0
1124 -0.3106968323555886 3.051351514821365 0
1125 1.050713404635705 1.313972978454354 0
1126 1.089657890169321 1.267728953417731 0
1127 1.04232795897446 2.154880152132844 0
1128 1.571726426350796 1.07191913692819 0
1129 1.033516589188439 2.81349092498271 0
1130 -1.472494866777418 2.376763625367124 0
1131 0.83051953532171 1.731076455992117 0
1132 0.1068607564143563 2.638024062894373 0
1133 -0.7408000751680143 2.210301182057798 0
1134 1.232474312319549 0.9640197163278946 0
1135 0.4689889968000445 1.70743569404996 0
1136 2.024083106560105 3.149555290146826 0
1137 1.904857139711069 3.146676405902448 0
1138 -1.615412593928627 3.159164735456543 0
1139 -2.099773141601178 1.597855460739862 0
1140 0.9233756782674144 1.684905384975742 0
1141 -2.092631386426297 1.717990488484312 0
1142 -1.194103501791778 2.401985584947949 0
1143 -1.160997508775432 2.461045578537704 0
1144 0.6172864863859684 3.082065244806794 0
1145 0.986013710877527 1.47900144496018 0
1146 0.30300021956729 0.9121570217974873 0
1147 -0.6419354964943145 1.283365837190079 0
1148 0.4488379616416552 1.84691449518196 0
1149 -0.1137057458447273 0.856363283057662 0
1150 1.66954324893044 1.199319085979117 0
1151 2.062232434476943 1.537691890267963 0
1152 -0.1460811371552246 3.092932680659369 0
1153 -1.851544789047516 2.263696168812503 0
1154 -1.799016981643912 2.289808263194745 0
1155 -0.5917590871502061 0.8010838697412899 0
1156 0.01947230274837821 1.087488197183311 0
1157 -1.076538141945721 1.311656149745334 0
1158 -1.13693498119291 1.313318980070303 0
1159 -1.165771034972428 1.260863783603176 0
1160 2.009298645314246 1.250098245095563 0
1161 1.399319931449718 0.4888404104183621 0
1162 -2.260902418363193 1.577433165470067 0
1163 2.20794430263252 1.466253611956244 0
1164 -1.992358809033103 1.422791251698738 0
1165 2.027546584639066 0.7825063553212728 0
1166 -0.8491490600203664 1.617763819795753 0
1167 -2.089927779069447 1.777621368403616 0
1168 -1.105967911532594 2.194618452896592 0
1169 2.296913246984647 2.64783561273446 0
1170 2.345021420882092 2.553806235731673 0
1171 -1.698576024718759 3.252999154237642 0
1172 1.345696185768801 1.160626191774611 0
1173 -1.01905539157727 2.926952677691835 0
1174 -0.9131887829135459 1.622192518014327 0
1175 -2.091099678557145 2.506602778896773 0
1176 -0.6056004928155492 1.357375532181218 0
1177 -0.6616398000932858 1.415291147786489 0
1178 2.307189514145019 1.79155859123283 0
1179 2.346296092274323 1.848362458238516 0
1180 -1.456379091152602 0.5361954302549663 0
1181 -1.519044188212559 0.4348810401095164 0
1182 -1.565737238904702 0.5300693842266502 0
1183 -1.626830768552453 0.4414375578835874 0
1184 -1.673184815447059 0.5384222353079076 0
1185 -1.734272032670529 0.4493975057282351 0
1186 -1.777821579707934 0.54665762373673 0
1187 -1.576224559111563 0.3435397587429663 0
1188 -1.362006469077806 0.3237165632377772 0
1189 -1.247913524035683 0.316372488853345 0
1190 -1.437589564507521 1.146472479522433 0
1191 -0.573197705267716 2.933211606958779 0
1192 -0.5451956671280112 3.06207411159345 0
1193 -0.2921846451639272 2.274881743262285 0
1194 -0.1647296969450773 2.263653871908448 0
1195 1.064369803806112 2.321309236653109 0
1196 1.848592277748007 3.046310537591898 0
1197 1.781520345929381 3.139845608896687 0
1198 2.105811428927697 1.099140173481566 0
1199 2.090555098972687 1.02640299221835 0
1200 -0.9485144072646455 0.3485513964859375 0
1201 -0.831884306369209 0.3471766051867804 0
1202 0.1167220644046308 0.3759088105422475 0
1203 0.2902651997113543 0.4021749076689496 0
1204 0.8182835810051101 2.79088971462057 0
1205 0.9515512014836071 1.520937868420595 0
1206 -0.8133079601149483 2.866778271007223 0
1207 -1.967166288294724 0.7304840396589696 0
1208 2.286950955422696 1.567939399135269 0
1209 -0.7894679342398793 2.265455958035688 0
1210 1.572832011431461 0.4070648260545877 0
1211 1.643775019979038 0.3206964476353449 0
1212 2.385062907573075 2.20225883955196 0
1213 2.423866574878462 2.129882371322131 0
1214 2.380565157585408 2.06270447242921 0
1215 -1.019490210661969 1.312269302636395 0
1216 1.86214527501381 1.313963074088525 0
1217 1.924333265600397 1.328281126763803 0
1218 -0.1398060484730358 1.963723295719061 0
1219 -0.1883377883729745 1.860282688310693 0
1220 -0.09823094838535054 2.064852720395634 0
1221 2.022920698732436 1.005212049785306 0
1222 -0.6939195872013088 2.153083229601072 0
1223 1.894542868031858 0.9718169034271551 0
1224 -0.3221783934474747 0.8961100981042451 0
1225 0.4947423273098034 3.071905535417849 0
1226 -1.718829800188249 0.6298947252453648 0
1227 -1.046340002437724 1.363542070062463 0
1228 -1.872938931297287 0.7216800141917461 0
1229 -1.926278390436335 0.6452905505471147 0
1230 2.143458874177868 3.150070418152894 0
1231 -1.559580916622686 2.51713977438934 0
1232 2.08923919443366 3.260661704349589 0
1233 0.3858173675677019 1.431059910081059 0
1234 0.3282849070052642 1.509102743921191 0
1235 0.1503420817507893 3.15643390591105 0
1236 -0.2995114470986329 0.6960463446014316 0
1237 -0.3571195834016221 0.57998398276772 0
1238 -0.4849621050794238 0.5717955303321456 0
1239 -0.4187286955148507 0.4617064562929569 0
1240 -0.6579947907018843 1.938232793369514 0
1241 -2.318132935072592 1.618688504134368 0
1242 -2.24951181612132 3.028373852872942 0
1243 -2.349963370020049 3.099738161255539 0
1244 -2.36683700982167 2.976284682898954 0
1245 -2.470252206942733 3.049056347994524 0
1246 -2.481299739020284 2.920367903036319 0
1247 -2.453632368108584 3.173599848286559 0
1248 0.2836307805164742 2.802408776084269 0
1249 0.5821491434405508 2.765345770929161 0
1250 0.8387606998538581 1.513724638692518 0
1251 2.345203719177178 2.266717715799847 0
1252 1.107830228961972 1.322562508224058 0
1253 1.14836870325131 1.278206678652675 0
1254 1.129155331862099 1.222542496652717 0
1255 1.187539775970398 1.232757312617381 0
1256 -1.217242896312334 2.51930625595983 0
1257 -2.214824741053886 1.389735952314124 0
1258 -2.187539694231996 1.328376429792883 0
1259 1.980944650412868 1.440874251319433 0
1260 1.343916780025202 0.2866796187941945 0
1261 1.229238504798154 0.2578060571452137 0
1262 2.102637857258701 1.321114013306116 0
1263 2.165819455351984 1.313265895725816 0
1264 2.199121130659154 1.364733526745549 0
1265 0.8582832312310599 0.7016033602923284 0
1266 -1.939354240209624 2.400442292843469 0
1267 -1.837299970870038 2.38858159102481 0
1268 0.3762508009970388 1.588767358912978 0
1269 -1.156278758272937 2.181557408436368 0
1270 -1.305829868498699 0.2174218291396488 0
1271 1.027844898147234 1.428894067392374 0
1272 -1.553476354156775 1.15423914380079 0
1273 -1.615540515184561 1.162067634966161 0
1274 -1.653758999239112 1.113685901671751 0
1275 -1.679763907987136 1.168442484173674 0
1276 -1.714356131086779 1.119079170584242 0
1277 -1.739726728691516 1.174310396679994 0
1278 -1.637537943986424 1.216336000909355 0
1279 2.445860363860279 2.54369746582509 0
1280 2.389068972476456 2.462219965048432 0
1281 2.291303868498624 2.468187126956003 0
1282 2.481549506800511 2.439007005753708 0
1283 -0.5601920633299128 1.289779616081743 0
1284 -0.6027463283058823 2.819648856378955 0
1285 -1.59543739262477 2.333665195869789 0
1286 -0.5480219720672219 0.4533595180368899 0
1287 -0.4848328604846015 0.3439029448933346 0
1288 -0.3438064922219271 0.3457371848972155 0
1289 1.610167367060337 1.028544037853522 0
1290 1.788355207100538 1.232987773408484 0
1291 -0.7155664826280234 2.281512638200541 0
1292 2.294263624337806 1.682398465596845 0
1293 1.185221481197176 2.219546545961436 0
1294 1.222311031004038 2.273344819711934 0
1295 1.184208984229464 2.321714115617129 0
1296 1.415727119208082 1.019426396517447 0
1297 1.483187059260515 1.02724042601509 0
1298 2.429152254122043 2.279716756925085 0
1299 1.348969926041897 3.208347055532998 0
1300 1.409958418645588 3.115150093000398 0
1301 -0.6103975169712905 0.3462608040974446 0
1302 0.496447006194609 1.924648366104897 0
1303 -0.9612427486504957 2.454570794745723 0
1304 -0.917206036572372 2.402854412835827 0
1305 1.15109626104237 2.173480541839626 0
1306 -0.9904508276597395 1.371314612434909 0
1307 -1.017749769198469 1.416803584319365 0
1308 -1.462652493520314 2.872489074800374 0
1309 1.903471342600385 0.579372708247623 0
1310 -1.837590131805864 0.4596439236586058 0
1311 -1.784946760183568 0.3544024914482402 0
1312 -2.499278763421864 2.41315133578284 0
1313 -1.728063821449942 2.442896019298477 0
1314 -1.648057555814174 2.949498896480485 0
1315 2.155985671929747 1.042893412840154 0
1316 -0.8899373267196227 0.2569951957391727 0
1317 -0.905180289548314 1.20176417738359 0
1318 2.375121352694634 3.15732749962862 0
1319 2.506908945678785 3.151552715249732 0
1320 -1.111870590441834 0.603211680980716 0
1321 1.117862014579708 3.188834462217391 0
1322 -2.051813006313108 0.7464927967953972 0
1323 -2.029516895275184 0.8873284709840186 0
1324 -2.308200293858331 1.684044296500962 0
1325 -0.8900325556764112 1.577412922495485 0
1326 -0.9384346401373962 1.571810108833652 0
1327 -1.541706778671938 2.922071393733551 0
1328 -1.073605610781324 0.3697241395708271 0
1329 -1.154153302695126 2.535557986761228 0
1330 -1.533749007715153 3.096293271107554 0
1331 -1.509922075602049 3.195410073529467 0
1332 -1.543122467852061 1.008612670113271 0
1333 -2.036712632813963 1.745031254374579 0
1334 -1.186888969788288 2.283517589068407 0
1335 2.469353614615867 2.05957475283536 0
1336 -1.197452930310965 1.311039010077841 0
1337 -1.598691172351962 0.9946474937343406 0
1338 0.5765013691741248 1.923182994802848 0
1339 0.5396359468736521 2.001520700818317 0
1340 0.9224734582048999 0.6303349816798987 0
1341 0.3142924154780655 0.5569854127641389 0
1342 -0.4633976163827508 2.840861955696335 0
1343 -0.6613836701543612 0.6475774442600315 0
1344 -2.23886268584327 1.45154099462969 0
1345 0.9364508895577451 2.328551156244468 0
1346 0.8651548842096345 2.320596026604991 0
1347 -0.5349496755767464 2.729657612259169 0
1348 2.530665215648795 2.832619760540491 0
1349 2.581153978079932 2.738261346483108 0
1350 1.529264845114877 0.3138923107262226 0
1351 1.468389383531793 3.21104409550806 0
1352 1.5283319525721 3.118038242708257 0
1353 1.587431342634223 3.214809719332822 0
1354 -2.574104441165487 3.144541221552752 0
1355 0.9135050764667703 0.5094982938649433 0
1356 0.8670655327309454 0.3789751029162489 0
1357 -1.015731849692652 2.505895472223833 0
1358 -0.7930308962536369 1.57517338175475 0
1359 -0.728086476301296 1.580200161736012 0
1360 -0.6876346726966079 1.528584625059779 0
1361 0.9228085921295327 1.113493225927307 0
1362 0.851013616445518 1.097216562082154 0
1363 0.8044864833753558 1.154462716916129 0
1364 0.9935356207163268 1.132992770017908 0
1365 0.9614917649236846 0.2714018319722338 0
1366 0.7971906730214054 0.2551693294770088 0
1367 1.161367943061006 1.330776790827022 0
1368 2.567047259356985 3.042659591883713 0
1369 0.463039314804856 2.746548891102019 0
1370 1.275100732285849 3.323703026631935 0
1371 0.7692192268061803 1.508003922613075 0
1372 -0.7317398837910718 3.235443041596031 0
1373 -2.025128103313314 2.189212214287258 0
1374 -1.973871940268603 2.156330835638884 0
1375 -1.918130754002703 2.179436628130164 0
1376 -1.92449623733925 2.120595896470296 0
1377 -1.980648358177227 2.100912434139174 0
1378 -1.871675735321765 2.143585126107348 0
1379 0.507770960636557 1.651965304137493 0
1380 0.4085778386181497 1.922409046808181 0
1381 -0.7686379905799714 0.2341359022790028 0
1382 -2.368301355998258 2.851099877092351 0
1383 -2.484340301501626 2.802617979255844 0
1384 -1.252554725101288 1.14380888103022 0
1385 -1.281871314851258 1.192842483235831 0
1386 -1.339537127059662 1.194582773797518 0
1387 1.013247458475572 0.6628939165487928 0
1388 2.076214997750796 0.9499490008934695 0
1389 -2.443569897821615 2.27162047845863 0
1390 -2.359881060121154 2.231666518205871 0
1391 0.9546677514287123 1.636717062105454 0
1392 2.378156813158563 1.784421037860555 0
1393 2.417922205184304 1.846380632972683 0
1394 -1.051879130982025 0.6688336752027693 0
1395 -2.196734844740073 1.495936782381972 0
1396 1.53558164015019 1.110535139721906 0
1397 -0.8961770004658107 2.476673531959648 0
1398 -0.9258814965025581 1.728222857287563 0
1399 -0.900618615493778 1.784356410040211 0
1400 -0.9571209491504011 1.77750859575657 0
1401 -0.9312956782086782 1.832528009870435 0
1402 -1.777995151414792 1.124204626753599 0
1403 -1.754293910888302 1.070080632399317 0
1404 -1.799819737278319 1.178714537142199 0
1405 -1.765852184904224 1.225975657448598 0
1406 -1.825017741927889 1.233184252645368 0
1407 -1.790999824047416 1.283563103231917 0
1408 -1.854682614355104 1.274750113992861 0
1409 -0.5943781051537737 1.438184065824088 0
1410 -1.09729222810563 2.423099691603142 0
1411 1.544426061160165 1.17599680834213 0
1412 -0.7213699003556915 2.08811812878208 0
1413 2.383814284957337 1.917768505156152 0
1414 2.056400071296099 1.80810660977598 0
1415 2.093498393080728 1.858688105758343 0
1416 0.3049659930280614 3.197262084113846 0
1417 -0.6335124309952791 2.003028055977883 0
1418 -2.283887391878023 1.395571565465659 0
1419 1.666407331525383 0.6974955722494993 0
1420 1.452762785137055 0.9710629526730452 0
1421 1.656135130782181 1.2839373884203 0
1422 1.971789849254952 1.589342712259824 0
1423 2.038712607677305 1.596253146999289 0
1424 2.049736095372347 1.661886591259954 0
1425 2.000341443331797 1.705399102823361 0
1426 -1.33978483963377 1.279817686989465 0
1427 -1.075649514483798 1.462661368598799 0
1428 -1.051512026372205 1.521848497639652 0
1429 -1.332147201436542 2.22432399548652 0
1430 -1.394090998058706 2.249798183003576 0
1431 -1.430055965133705 2.293228021625414 0
1432 -1.282178827255647 2.268035519419825 0
1433 -1.484670572143833 2.311766225472524 0
1434 1.340986323148617 2.233765637656635 0
1435 1.279590491875225 2.254127913599419 0
1436 1.465301907180026 1.25075915078551 0
1437 1.426380850728879 1.205305495749151 0
1438 -1.973145941870759 1.908917727203234 0
1439 -2.030836016067368 1.89229758909705 0
1440 -2.014223608719613 1.950422712119547 0
1441 -2.074291964642637 1.925236206101786 0
1442 -1.086117805079425 2.028947348744833 0
1443 -1.072361104411101 2.090808597218102 0
1444 -1.030184179454456 2.043599926728882 0
1445 1.947006983214928 1.972109633814734 0
1446 1.975040211230702 2.023880003631263 0
1447 1.94731097514744 2.077337167562055 0
1448 2.0084621059682 2.076704604802039 0
1449 1.982328968558307 2.130160498400852 0
1450 1.919343977470934 2.130793122158765 0
1451 1.951920173617657 2.182426428682687 0
1452 1.891794550177566 2.184293982057427 0
1453 1.923349233615436 2.235300878415621 0
1454 1.863555851805764 2.237284176973145 0
1455 1.89507454215468 2.288248389561543 0
1456 1.834948998573007 2.290043564925567 0
1457 1.866498606093869 2.34181093007724 0
1458 1.806137091633893 2.343166451858342 0
1459 1.77483834026434 2.291754824032235 0
1460 1.745540040625061 2.344700757527413 0
1461 1.776992552836217 2.395832790965264 0
1462 1.715825634224273 2.397822707030251 0
1463 1.747770120975875 2.450498301733521 0
1464 1.685721100457124 2.452028739797719 0
1465 1.653838195254315 2.399001291362232 0
1466 1.623535805224812 2.452751413957148 0
1467 1.718795615330696 2.50705088498191 0
1468 1.781794558271079 2.507365563958732 0
1469 1.592318289862148 2.399889612260334 0
1470 1.560955692354829 2.453316978317746 0
1471 1.593335960769727 2.508370221734578 0
1472 1.528235367537302 2.508941910157242 0
1473 1.714473800065525 2.293356458099946 0
1474 1.928474625487442 2.339837966704135 0
1475 1.561707399932575 2.565533466645272 0
1476 1.623124381971219 2.347569473872314 0
1477 1.625773169087849 2.566939201602716 0
1478 1.563344922546667 2.347888410929443 0
1479 1.753897437562525 2.566457113466192 0
1480 1.492368563278013 2.566834775851678 0
1481 2.011624766202548 2.18056698982154 0
1482 1.501422159932309 2.453588446851163 0
1483 1.528459712853394 2.627872938130575 0
1484 1.825494111429093 2.564268930098424 0
1485 2.002852033366562 1.968744026290609 0
1486 1.744637603384642 2.244642767331253 0
1487 1.690927090973656 2.235891804878947 0
1488 1.85966142542625 2.1302060704265 0
1489 1.08512798830614 2.032118192105156 0
1490 1.047786003846731 1.98209930061586 0
1491 0.9888068749850346 1.963631584965122 0
1492 0.9696758145530984 1.916672439207812 0
1493 1.027712691278065 2.045607325510365 0
1494 0.9601058958864551 2.020192641829956 0
1495 -1.657493509386881 2.22624669372569 0
1496 -1.710957022473637 2.209381959067695 0
1497 -1.694498096544591 2.256888067024379 0
1498 -1.976859915586218 1.59250141511023 0
1499 -2.006903562667966 1.545442252722969 0
1500 -1.009513307658402 1.654444359911617 0
1501 1.006561231689541 1.719570716946766 0
1502 0.9493829619861323 1.744135553218138 0
1503 0.950742736669153 1.81467772511678 0
1504 0.9000263226042291 1.78629632296886 0
1505 0.9033928278194413 1.847514234339696 0
1506 1.773733704943445 1.329474526884614 0
1507 -1.910679990999874 1.468091155033631 0
1508 1.335592783325889 1.277580340744485 0
1509 1.289349480743878 1.240518394962566 0
1510 -1.473749902824435 1.251101267359268 0
1511 1.057596624091754 1.533095105439474 0
1512 -1.832398673471069 1.380093043343359 0
1513 -1.895685003444684 1.363851112681385 0
1514 -1.016874972848552 1.845945601567172 0
1515 -0.9681367123462268 1.884884741635747 0
1516 -0.9845134381198453 1.951609899048228 0
1517 1.920807653840625 1.472950856322221 0
1518 1.52747880476732 2.247583436805936 0
1519 -1.531459748535861 2.254801142494981 0
1520 1.596155339723533 1.263374737507822 0
1521 2.095771199003546 1.622041379778141 0
1522 0.5407686348117808 3.202402734819398 0
1523 0.6747082431204602 3.217719751222027 0
1524 -0.9075218838562545 1.521008969305834 0
1525 -0.9669083377241485 1.519214291344563 0
1526 -0.9086785684693399 1.889735005372241 0
1527 -1.043955099420829 1.977041613806005 0
1528 -1.951762597980277 1.977680816598974 0
1529 -2.006216764687734 2.009867941038889 0
1530 1.979437703268031 1.909337014418213 0
1531 2.036505451272036 1.917116762244261 0
1532 1.897942066083316 2.399270690408265 0
1533 0.2769308752994741 1.589174173004308 0
1534 -2.439682487734974 2.181722169659478 0
1535 1.5859367718867 0.2136339138977605 0
1536 1.3109181576057 0.1665433799349483 0
1537 -1.338527828795685 2.275209238258999 0
1538 2.342348428447683 2.391642322203265 0
1539 0.8756544458876661 1.572584576372558 0
1540 -0.8223451446400883 3.323696996501539 0
1541 -1.818380800841803 1.073143852249321 0
1542 1.061895327692703 2.090748679814267 0
1543 0.7401444512172941 3.361647314139842 0
1544 1.966531856702687 2.398457294985024 0
1545 1.868283764812184 2.459660056740907 0
1546 1.989544086975785 2.335606985457072 0
1547 -2.791792436932916 3.342083558135563 0
1548 2.793868497962054 3.344828474447463 0
1549 1.064148871830683 1.371214912839747 0
1550 1.729484379038766 1.212709799106745 0
1551 2.005016061888131 0.6887886887107424 0
1552 -1.991243420553182 3.26020847828359 0
1553 -2.107015358978004 3.336437719234192 0
1554 1.719173843482914 3.019953922535318 0
1555 -1.641806668932335 2.283664854658311 0
1556 0.4454728008054303 1.356354367735353 0
1557 -0.7256225283646491 2.78366686542689 0
1558 0.2351244533665139 2.665745861972623 0
1559 -0.2500894871161168 3.216529387667966 0
1560 -0.3771515940138673 3.171827265809831 0
1561 0.3517726733064046 1.841585345772348 0
1562 -1.172064246543908 1.368287547835925 0
1563 1.082640139788119 1.470216467489652 0
1564 1.951101778353844 1.380756930990896 0
1565 -0.2738123226083166 2.125316652917799 0
1566 1.167342845067844 1.176258304913037 0
1567 -1.226186644339593 1.259808790629759 0
1568 -1.736262727986604 2.542409620126361 0
1569 -1.166037620698031 0.2055820090492295 0
1570 0.9033045979692864 1.034402015650853 0
1571 -1.114074582133854 0.4675890723330767 0
1572 -0.6572393765069982 1.593387858168328 0
1573 -0.6036008933236411 1.522579523182011 0
1574 -0.6349134083056858 1.660575232292192 0
1575 -0.5142383314660065 1.536021053511228 0
1576 -1.515592721130473 0.8996615764807125 0
1577 -2.104069537695 2.081202238703329 0
1578 -2.322568749661472 1.541184615496245 0
1579 2.247309744373372 2.74468163053806 0
1580 2.196183597349024 2.643567495650163 0
1581 2.136849948652767 2.740957462256195 0
1582 2.242537811742395 2.55922701861087 0
1583 0.4608678992442224 2.140039633549722 0
1584 0.5580048914459235 2.157237657854005 0
1585 0.5956781180907255 2.239684449927928 0
1586 0.6450899166617921 2.168901120801587 0
1587 0.6830759756369502 2.239868435195966 0
1588 0.635333675273383 2.308587170288921 0
1589 0.6085242720730335 2.083066519492231 0
1590 1.234126898290961 0.8859158230043354 0
1591 1.322294940885775 0.8922420254818959 0
1592 1.342469486587092 0.9529923757010743 0
1593 -1.591377751362533 2.60049627992027 0
1594 -1.510554358011345 2.614990727242055 0
1595 0.848252725883069 1.921691593658965 0
1596 -2.514302610016991 2.12083109786512 0
1597 -2.424914699766537 2.093765752505611 0
1598 -0.6472343882866201 2.092546867156457 0
1599 -2.520952214797757 2.331108534402238 0
1600 1.006644803842573 1.368802845180129 0
1601 2.214493312227916 3.258957689299824 0
1602 -1.881043955650698 1.189410356332513 0
1603 -1.290272836472648 2.625228462045857 0
1604 -1.791747506907594 1.010496566453481 0
1605 1.703444046241205 2.700678795872293 0
1606 -0.9027322286475503 2.954354112511633 0
1607 -0.9411062362241583 2.831132627089074 0
1608 -0.594814973560359 1.213857915372333 0
1609 -1.421885295987948 0.9897617725905046 0
1610 1.829681617322079 1.374070164668941 0
1611 0.4356417135333739 3.295717122411396 0
1612 1.09887408814946 2.1359026769635 0
1613 -0.4607798297390128 1.255138713731413 0
1614 -0.4102069105370545 1.362076212092211 0
1615 2.091659339577757 2.218227631075054 0
1616 2.115059543817762 2.14940462844536 0
1617 -2.09259934226432 2.59946622521356 0
1618 -2.057537363590345 2.042538995166291 0
1619 -1.232060005898452 2.236120070393242 0
1620 0.8022132808001935 1.793745228086259 0
1621 -0.8707803502762728 1.267906677631659 0
1622 -0.9335448563222759 1.264199823246979 0
1623 -2.491418152682483 2.030960065882664 0
1624 -2.411142117702807 2.006153810219799 0
1625 -2.396877742893845 1.919693549929168 0
1626 -2.449373216620529 1.857644374696434 0
1627 -1.35173168701614 0.9042927850258897 0
1628 -2.08442619008244 2.221610571707158 0
1629 -1.224606877927898 1.194238786503114 0
1630 -2.51297018882195 2.514124490903316 0
1631 -2.410767890958438 2.556980134935243 0
1632 -2.492031602921542 2.621169550126348 0
1633 -0.8317243384327775 1.055140493202281 0
1634 -0.9103043205136788 1.055637991700873 0
1635 -0.9675937953080701 0.9865389366694344 0
1636 -1.060665145132642 0.9698623667367632 0
1637 0.9723637824911455 2.153382747302298 0
1638 -0.1023631141956278 3.237046372897641 0
1639 -1.21209261627735 1.092838308716133 0
1640 -1.511596217316757 1.200282647114424 0
1641 0.7291022092622496 2.169224566810064 0
1642 0.9278121865443461 2.803813991547006 0
1643 0.8933680166730493 2.698104037660165 0
1644 0.9912215343057286 2.730192039276091 0
1645 1.081665089163741 2.738743685431522 0
1646 1.14291491142951 2.818492513431253 0
1647 1.002114382535727 1.853084888111893 0
1648 -2.431135627837886 1.772960234353887 0
1649 -0.7036407553584751 1.645345601004221 0
1650 -1.61564049022446 0.6187983043287724 0
1651 -1.940212709830883 1.309294896866877 0
1652 2.063888484158647 2.030587617620704 0
1653 -1.161839170512247 2.348012045774729 0
1654 -1.878729202041025 2.486378469077237 0
1655 -1.76476159430818 2.909156645946717 0
1656 -1.870867206621353 2.870966771958261 0
1657 1.81533254694795 1.13355315330864 0
1658 0.7730075543934665 1.087860015080029 0
1659 0.8995428165516155 2.391997788260704 0
1660 1.491033430278722 2.298705487134038 0
1661 0.5319275248034346 1.238992998408036 0
1662 1.060664821409159 2.421599121436793 0
1663 -2.342573642853111 2.060382039957311 0
1664 2.427204493035684 2.373268857072919 0
1665 2.503832598991602 2.338016958847242 0
1666 1.287592649255228 1.147947047039588 0
1667 -2.043410384036306 2.095774098312883 0
1668 -2.039508459897518 1.839009062879073 0
1669 -0.9375978274256235 1.996929467621029 0
1670 2.050096023820543 2.12932677088103 0
1671 -1.965143967733026 1.364517466688904 0
1672 0.7035541441409727 2.778338754108274 0
1673 0.6527693550530359 2.667781425745121 0
1674 -0.218332100616575 1.572717646667544 0
1675 -0.1006442609058867 1.592459740836223 0
1676 -0.1784243694884176 1.670545692625753 0
1677 -1.625332729043314 0.1395895101906857 0
1678 -1.719201908374753 0.2444657500350556 0
1679 1.205550748823268 2.427925058647105 0
1680 -1.80379715392535 2.222671730607718 0
1681 -0.9575954701838323 2.112006314905887 0
1682 -0.02306575380133425 1.984370268638164 0
1683 -1.595106651008263 1.260015081005561 0
1684 0.8238396677861566 3.225754152855678 0
1685 2.121691695882149 1.248731647818872 0
1686 2.193445372495683 1.247554904554221 0
1687 2.159609960101897 1.195731720921811 0
1688 2.270061863943881 1.225149050882108 0
1689 -1.909299307907946 2.240337526791069 0
1690 -1.673821520576466 2.492068260760954 0
1691 -2.281409422405671 2.273142661025089 0
1692 -1.411907974470782 2.400173674440884 0
1693 -0.7662664173107866 2.340179530286985 0
1694 -1.044379894086545 2.205367308346112 0
1695 -2.037207290673555 1.612986246662 0
1696 -2.042685142028613 1.682414956639778 0
1697 0.2184588836853969 0.6563888324113247 0
1698 -2.681525266495147 2.767640011157664 0
1699 -1.990997082121418 1.482760840040423 0
1700 -1.747165098350171 2.328142568978516 0
1701 -0.05193658812646171 1.694456632417835 0
1702 0.8902066624351586 0.1296840562707429 0
1703 1.100102945498294 0.2527343026026156 0
1704 0.7669241722578033 1.735396156016462 0
1705 -1.30053662543236 2.546783024938076 0
1706 1.222207544564292 2.165745789630079 0
1707 -2.118318410506471 2.422985376635156 0
1708 -2.041744387934265 2.433201054007469 0
1709 2.584763414492553 2.417350459598496 0
1710 0.8198084868352141 2.384400636138897 0
1711 -2.193968117531962 0.9681657106114492 0
1712 -2.219377639165081 1.053838718649935 0
1713 -2.167235022984454 1.117550386631718 0
1714 -2.195877289493741 1.194353851995699 0
1715 -2.120653199694201 1.185152762418152 0
1716 -2.140166265503624 1.034056002145234 0
1717 1.009802643432002 1.197310964994899 0
1718 -2.366217281446806 1.838409648983194 0
1719 -2.354575992542934 1.740318587132108 0
1720 2.528923804923129 2.621056444184465 0
1721 2.326646482580031 1.378783656345798 0
1722 -1.435257242819467 3.115856495899066 0
1723 -1.393843263523185 3.240004035750004 0
1724 -1.267030231196072 3.2752127480222 0
1725 -1.168703511818711 3.203681218468468 0
1726 0.546966515018507 2.329937835617687 0
1727 -2.137997253336667 1.815898690263433 0
1728 2.099037015804256 0.6965744099748643 0
1729 -1.126657964956611 2.906278366253488 0
1730 -1.875008743283793 2.084377220859242 0
1731 0.954385115559116 0.9684340900312387 0
1732 -2.116599133380039 0.9555486107414819 0
1733 1.484993141496857 1.19370342495146 0
1734 -1.061616835043783 2.149111883044726 0
1735 -1.379335309368824 0.6112289968160687 0
1736 -1.53213895787732 2.35608962831926 0
1737 -1.823144557557385 0.6352154087334858 0
1738 -2.274231428352032 1.216924836536291 0
1739 1.3235940126695 0.5728053275613743 0
1740 -1.264720456005821 0.8976145713493311 0
1741 -2.011068775689178 2.560122194837247 0
1742 0.2129292590039394 0.260296785902475 0
1743 0.3654589928850749 0.2730474615704557 0
1744 1.744171250527352 3.361944378053944 0
1745 1.599569491644605 3.390382387292441 0
1746 -1.74896888149123 3.380539112758221 0
1747 -1.603279089784981 3.367508489207586 0
1748 1.999458569621108 0.9258010355161364 0
1749 0.3336939806564773 1.033600696363066 0
1750 2.393355643902862 1.620613970387473 0
1751 2.362880300614002 1.541150857315402 0
1752 1.17858879555286 0.1342554275881434 0
1753 1.916059629714291 2.952199447886498 0
1754 2.105674165162947 1.688519260178053 0
1755 -2.039794358441934 0.4781102606641459 0
1756 2.034869690110035 0.4736158016904519 0
1757 1.913170683332021 0.4593607181802137 0
1758 1.868797647217223 0.3468603682928499 0
1759 1.950042665249556 0.2442861538346817 0
1760 -2.655340990144691 2.64055020245529 0
1761 1.980474940692552 1.336646157059333 0
1762 -1.958401642547728 0.2489322838315939 0
1763 1.768758158073004 1.173791808874047 0
1764 1.648361581765534 2.284521428660717 0
1765 -2.102648703257883 1.532389593550175 0
1766 0.2620149508639646 0.7885857109788517 0
1767 0.3887077417602085 0.8154713715322341 0
1768 0.4149304084247374 0.9393947987178985 0
1769 0.504998715999468 0.8452481322093417 0
1770 0.1958418466238881 2.538187176339671 0
1771 0.06690553311305608 2.511940921565019 0
1772 0.1550215331828502 2.403427436861894 0
1773 0.03012989141287216 2.38408208839664 0
1774 1.634514119563705 0.9696337217455295 0
1775 -1.670288668769518 1.274545167670632 0
1776 1.952010762141151 1.230819011211828 0
1777 2.015116074716783 1.764032089622761 0
1778 0.4496212553959129 0.1349043119636684 0
1779 0.5431202083559934 0.2659997632904667 0
1780 -1.137756225885062 1.207935805985304 0
1781 -0.215991041498225 0.5922369375962928 0
1782 1.426402705400199 2.701581107868775 0
1783 1.838028864056807 3.251039717344569 0
1784 1.718185484712861 3.244314847484024 0
1785 -1.97598594554459 0.9515874460625504 0
1786 2.717440794430635 3.029620006573273 0
1787 -2.747672094920561 3.037188715358869 0
1788 2.02788789014616 1.487364997149375 0
1789 -0.3517325867584996 2.783218637743238 0
1790 0.8861395199283463 3.364144852121188 0
1791 0.9499379092683107 3.262183658764185 0
1792 2.126783793982342 1.910684113532599 0
1793 -1.37660384752821 1.144921584678179 0
1794 -1.165872570298888 3.355593231689337 0
1795 1.550735044753417 1.012909617714582 0
1796 1.533690157080539 2.40113234720314 0
1797 -0.1283645875472176 1.283981069742988 0
1798 -0.006867711546540018 1.287893839458604 0
1799 0.3476692613091172 1.335238659068867 0
1800 2.059521640183335 0.8680520031540662 0
1801 -0.02941792027688086 0.3583258136719221 0
1802 -0.189194292097847 0.3541927020254394 0
1803 2.151478385706119 1.856324735869829 0
1804 -1.62714963653348 1.058128282208122 0
1805 1.886467209641886 2.075949436933631 0
1806 0.3236528712933875 2.934008203226229 0
1807 -1.894423549887002 2.776189249426131 0
1808 -1.795319529248332 2.799372602979552 0
1809 1.338648657312236 2.564273606088537 0
1810 1.414903681065489 2.557456884641276 0
1811 -1.704697557494756 1.219901077833325 0
1812 -0.8401413659169639 1.793323217715846 0
1813 -1.396383664974868 1.196183716405365 0
1814 0.3485011755379411 0.6907983103897068 0
1815 -1.216586393495748 2.172381580460837 0
1816 -0.5174867118234799 1.375738599350504 0
1817 -0.8490077220544651 2.757410766941777 0
1818 -0.4010918533811917 2.537379534395099 0
1819 1.982303542056488 2.232914834649837 0
1820 2.042200739864193 1.332608559678649 0
1821 -1.659861863549031 0.7038849986623277 0
1822 1.207690256387728 1.289211593162822 0
1823 2.203093060752799 0.9796587810925192 0
1824 0.9456949127422292 1.358682146481947 0
1825 -0.1595914454562281 0.1220196169908601 0
1826 -0.4618979293101324 0.1231880047653802 0
1827 1.345915784158453 3.020131423892289 0
1828 1.63946587855449 0.5999887101440677 0
1829 1.538271456793993 0.5870553526319644 0
1830 1.12888671425313 2.32293110274074 0
1831 1.803940657028063 2.243194373574784 0
1832 2.105905372378558 2.623632557014695 0
1833 1.608826391287877 1.18414661447812 0
1834 0.7892200524636698 2.312153911077122 0
1835 1.953557731214691 2.284960743679678 0
1836 1.683741148523401 2.345139048112248 0
1837 -0.7370023473872426 1.404359381392828 0
1838 1.070697204019458 1.212064772780177 0
1839 -1.106634897719609 2.358069841661277 0
1840 0.002402620398154575 3.124270622909185 0
1841 -0.440608378779404 3.377912566338401 0
1842 -0.5014700441612013 3.217731872569523 0
1843 2.494626970006972 3.377941452710283 0
1844 -2.488183562337523 3.381437854547684 0
1845 0.1418236256675891 3.37677526696345 0
1846 1.653994762677914 3.126496270420855 0
1847 0.7671793043328347 1.397767545239333 0
1848 0.6166668973355562 1.851924084471005 0
1849 0.4555042161107681 0.3798857205901023 0
1850 -2.065608362992366 1.022530783085169 0
1851 0.8878980429379557 1.731759811811369 0
1852 -1.106260135191374 1.36304748994856 0
1853 1.465919474478793 2.506429214999357 0
1854 0.7463764020882225 0.1230843503291312 0
1855 -0.7957988816755392 1.633571037491294 0
1856 -0.1559878892374853 0.7240954028408411 0
1857 0.8949720162816023 1.515711681403889 0
1858 -1.692600059237536 1.055270269805281 0
1859 2.517787637200627 2.131255649421452 0
1860 2.273882078415817 1.436878557930952 0
1861 2.42542103121827 1.993353460335251 0
1862 -0.9496929175476196 1.67139807738063 0
1863 2.302959157530866 2.072868315790855 0
1864 -1.862700288127953 2.204875517588352 0
1865 0.9365783314959994 1.573561804568802 0
1866 1.426235101906887 2.401431188797794 0
1867 -1.170456780105306 2.125800167110992 0
1868 -2.146529505147673 2.964328679970545 0
1869 -0.2874494490395927 1.856933530221059 0
1870 0.2827378287138445 1.418634258107212 0
1871 -1.93378157893678 1.413781680841184 0
1872 -0.944604660835438 1.131971547267833 0
1873 1.825319753988077 2.185591259557912 0
1874 -1.324101964746915 0.6837539673093829 0
1875 -0.4434525499895522 2.968842329034414 0
1876 -1.100831048566698 2.492802419809761 0
1877 -0.1470837208564437 3.375004315103885 0
1878 -0.7246654934667782 0.7353570774798808 0
1879 1.357841034214847 1.218739809113239 0
1880 0.576257358465863 1.314371223281649 0
1881 -2.13802735131356 1.48391544391759 0
1882 -2.139119724500091 0.7727834270468237 0
1883 1.246460960803818 1.195334615898433 0
1884 -0.5571323646957097 0.6826329080472429 0
1885 2.216334354531457 2.469031044024178 0
1886 1.455440701941717 2.628987654067363 0
1887 1.000492034398012 2.336660570846322 0
1888 -2.390449952227673 1.607296012093343 0
1889 1.255787243000333 2.394335941981281 0
1890 1.88900430529094 2.535607128180744 0
1891 -0.6432421216417614 0.8934102806092206 0
1892 1.163250218546542 0.9393256532469254 0
1893 -0.3978431575253285 2.260357628350766 0
1894 1.666777265144847 1.036442032016154 0
1895 -0.1126450579736152 2.374025332562694 0
1896 -0.01975851374007315 2.278614128223164 0
1897 0.2745181218219528 2.397715397788557 0
1898 -0.2953492282479027 1.644798247579901 0
1899 0.6245896560129666 1.990075383585607 0
1900 0.6759340265440001 2.046406400325309 0
1901 1.750540811022824 0.3347406381193414 0
1902 1.003211805796948 2.101481316306574 0
1903 0.7851538638833783 2.697634022214466 0
1904 1.597782677062964 3.02703701428606 0
1905 -1.879166565037584 0.5535674535057251 0
1906 1.658574290825505 2.636126605844157 0
1907 2.171568808943925 1.42060979637083 0
1908 0.1469868585320873 0.1268873027584312 0
1909 1.039479544614712 0.7513468824425429 0
1910 -0.04423672161934611 2.986410233733655 0
1911 0.9073229128326616 1.910893886978222 0
1912 1.150281295740986 3.377623367943078 0
1913 -2.125023755675325 1.320721751012778 0
1914 -1.999855717675562 1.79047760493815 0
1915 -0.4187361442755629 1.782837669859874 0
1916 -1.911541638503294 3.159901337989449 0
1917 -0.4882632280281065 2.621150533287146 0
1918 -1.785603167151536 2.430636981493572 0
1919 1.837608951988516 2.395004712994901 0
1920 1.594733871392051 2.303896587268992 0
1921 -1.490379879901219 0.9966260356400242 0
1922 0.5931600516122237 1.658677183996543 0
1923 -1.355490051413207 0.9781113317294219 0
1924 1.50443829110558 0.4935253081865867 0
1925 -2.356310350053171 2.147121296696872 0
1926 1.428601248942101 0.5925751899013374 0
1927 -2.251962977927067 1.702636731144133 0
1928 -1.500198832705524 2.545302957599726 0
1929 -1.397568208331238 2.817765342341811 0
1930 -0.6814850298572208 1.876459501403388 0
1931 -1.784937352562396 1.34169538130238 0
1932 -1.524134600172634 0.6220056753141894 0
1933 1.339952156932385 0.6642768292820387 0
1934 -1.274318793726794 2.486495396201807 0
1935 -1.059062012888117 2.833471695774554 0
1936 -2.28519712564043 2.193480271187376 0
1937 1.65654162757486 2.508340962468308 0
1938 -2.052782080958953 1.156402129336122 0
1939 1.070138817090368 3.092003755371163 0
1940 -1.104347774853148 0.7490713796592225 0
1941 2.641837773395792 3.156964630317815 0
1942 -1.836688588300224 0.2410257215937208 0
1943 0.5877030762070423 0.4156797035904325 0
1944 0.6708710394524051 0.3186056113403239 0
1945 -2.608344562506646 3.006678437649005 0
1946 -0.9347267835128172 1.383597105682088 0
1947 1.890916889533951 0.8942657699664316 0
1948 -0.1687920442045973 2.149374843514892 0
1949 2.246906479692414 1.515174716516982 0
1950 2.030849033671948 3.380550786084668 0
1951 0.7210821309103994 1.46038418588682 0
1952 1.153723308449028 2.6164350579077 0
1953 -0.2757009025642438 0.4678264388153413 0
1954 -0.4978828690830847 2.497773464492345 0
1955 -1.622951285790222 2.803664766556936 0
1956 -1.684248961496957 0.7856059298785008 0
1957 0.6537695751772821 1.917578191751327 0
1958 -0.03749007733232596 0.9750461626034466 0
1959 -0.1632170804710124 0.9803792606171289 0
1960 -0.3844946673281998 0.9881844669335201 0
1961 0.5812554015978505 2.59275771576822 0
1962 0.06849305902599211 1.197234914687649 0
1963 -0.06190563769805038 1.182375655334347 0
1964 -0.7928527097927363 2.084234095527805 0
1965 -0.6361320315014622 3.151239381461205 0
1966 1.500537517464363 0.7169700014368745 0
1967 0.7944204058017396 0.7763264416773061 0
1968 2.192181217720355 2.396550892907042 0
1969 1.904652470729491 0.1237211987440552 0
1970 1.973838356015543 1.057877241930474 0
1971 1.872809824042081 2.862684032331068 0
1972 -2.251974220812897 1.514633412144371 0
1973 -1.157364513427415 2.815557974643962 0
1974 -0.7832703757334097 0.8151865576639008 0
1975 0.4050148031086239 1.750470918774444 0
1976 -1.997710647118775 2.382201737764833 0
1977 -0.9379073021608495 3.275873775263304 0
1978 0.5128856648546332 0.9784296444594776 0
1979 -1.470275727867397 0.3316612687017753 0
1980 -1.406788839326095 0.6943420591398008 0
1981 1.810739664141926 2.943527200909014 0
1982 2.195717126343036 3.047875869372828 0
1983 1.51602710230965 2.704411537885199 0
1984 2.482953351864757 2.938128149374402 0
1985 -2.290222938513573 1.930742535836794 0
1986 -0.854931974120545 2.247772090845508 0
1987 -1.532834656625446 0.2354260251189186 0
1988 0.8418540896699263 2.610888467205851 0
1989 -1.569629764428564 0.6989135697206494 0
1990 2.269872314689375 2.266049095324545 0
1991 -2.300747853773023 1.795033064252643 0
1992 -0.3709681422881351 2.101652075961959 0
1993 -0.7765708287225757 0.4508532952963038 0
1994 1.56211804429162 2.930143542477356 0
1995 -0.1754784444919394 1.180259424600818 0
1996 -0.2543754512571895 1.75986579169543 0
1997 -1.840227498775163 2.712954636972628 0
1998 1.714099492574193 0.7775153143450644 0
1999 -2.333784611891863 3.22545676745293 0
2000 0.2300531781031739 2.304441525575675 0
2001 0.1191458478952253 2.294993249113554 0
2002 0.068804580753277 2.18818812099588 0
2003 -1.676505215363606 0.3490004418272428 0
2004 -0.250219408272506 0.8049241869851058 0
2005 0.8301109391857474 1.220659006830817 0
2006 -0.8541192757283556 1.902640227540612 0
2007 -0.9428817513925681 2.338145057642862 0
2008 -0.6735871655992742 1.209272512497651 0
2009 1.964033801179632 3.260401871201072 0
2010 1.012192440508615 1.652125413410433 0
2011 0.4338223748337669 0.5960912711573787 0
2012 -1.805807088141267 3.193679667481114 0
2013 -1.024180669598453 0.245271875515749 0
2014 1.830721837132979 0.9488976354610124 0
2015 2.254675953905017 2.020279601350612 0
2016 0.1510434394263739 2.106296356971447 0
2017 0.8312969704500232 2.254512631027043 0
2018 -2.339400930946455 2.495367546125524 0
2019 0.8132064167338084 1.022234028176405 0
2020 -0.6033710137799532 1.890445003952221 0
2021 -0.6688084902471196 2.223355554821448 0
2022 -0.6366057432865936 2.296793059485133 0
2023 -2.149154795331797 2.860754161081051 0
2024 1.378037082194523 2.925453035539314 0
2025 -1.839218651427417 0.8033225054602144 0
2026 -2.220485208197419 3.279100214416584 0
2027 1.919887767902523 0.6694452572879748 0
2028 -2.591105068774098 2.861457348674482 0
2029 0.9620886801385676 3.085796099725043 0
2030 2.311244216043589 1.904391043422723 0
2031 2.26881353694305 1.739343138460114 0
2032 1.080143163885473 2.61031433412187 0
2033 -0.02878846423997466 2.615005365323828 0
2034 2.230768093254733 1.307439448832633 0
2035 -2.227350723876912 1.27196600156004 0
2036 1.217879589264152 2.759891436401981 0
2037 0.3795816680843626 2.590876130873917 0
2038 -0.8754552583715121 1.843014655862575 0
2039 1.161213570494383 2.372670226980047 0
2040 0.7420775416462774 3.095917382832842 0
2041 0.9257982619717084 2.604359652092693 0
2042 0.5296607011157849 1.377360745195287 0
2043 2.652306978052259 2.643471219390398 0
2044 -1.765490419213812 0.7262783721538963 0
2045 2.321758948508256 1.626575864707436 0
2046 0.8082816794075055 1.565164914614801 0
2047 -0.9721771693050504 2.056428818191455 0
2048 0.52274467440785 2.077625194543061 0
2049 -0.8339166080365094 2.320220978673471 0
2050 1.361113741963414 2.502591745731357 0
2051 0.01863739045584529 2.084774447118646 0
2052 1.099588297075338 0.6850331708170549 0
2053 -0.3864228232386701 1.860799946757675 0
2054 2.126025648574573 0.7966602983931286 0
2055 1.822449517657143 0.2361219539763861 0
2056 -1.909661889351713 0.1245164208246652 0
2057 -0.9668931523297779 1.433392779463749 0
2058 -1.004593452819592 1.482017946581597 0
2059 -0.5686003678681442 2.557824188121709 0
2060 -2.100895330679294 1.66033419408111 0
2061 -1.745942748198263 2.260522425796247 0
2062 2.051259534690299 2.690913774161997 0
2063 2.191039535289578 3.389556589026943 0
2064 0.577127044199884 0.907780388915103 0
2065 -2.606073306693753 2.41244535187786 0
2066 0.2208180725478932 1.509895083803082 0
2067 -2.543108011049709 3.269871503022718 0
2068 -2.096321450344749 1.10042920411796 0
2069 -1.998481101696235 1.706297897857854 0
2070 0.04896357209458742 1.902350089497617 0
2071 0.9168207637991028 2.037432161607491 0
2072 -1.606536372736952 2.488185026605695 0
2073 0.762278112408569 0.6736570541593501 0
2074 -1.976676243934073 0.5627274335937522 0
2075 -1.292375033279736 1.248748989456669 0
2076 0.06492776443465809 0.246183949459732 0
2077 -2.124607754125862 1.94992566242527 0
2078 1.729710181251051 2.192699181917806 0
2079 1.96066390253697 1.286427507441662 0
2080 -0.07736928605266383 1.877206807612797 0
2081 2.333399359629255 1.990170647374804 0
2082 1.160244189390484 1.119278806631729 0
2083 -0.7118142825151157 1.468023720559799 0
2084 1.216721688591574 1.342813979706468 0
2085 -0.8950447045470925 0.1385731335821259 0
2086 -1.69017714450851 2.853615353333057 0
2087 1.470456765003657 3.025308304756102 0
2088 -0.9689428023314431 1.616945629037995 0
2089 -1.056612305055727 3.247275590626477 0
2090 -1.334799009732465 3.383572911046694 0
2091 2.694007786169156 2.764472595870646 0
2092 2.33635930682205 1.73109130903806 0
2093 1.098397910855992 2.37214166089752 0
2094 1.64208271528568 0.7734748371953974 0
2095 1.840085880673566 2.633974035172775 0
2096 1.153614132666282 0.3490098258644294 0
2097 -2.279394386309209 2.058659960461896 0
2098 1.751309601311079 2.634803874032439 0
2099 -1.544875335169499 2.306344232498734 0
2100 2.004108089370208 1.538229174961201 0
2101 -1.074442791008404 1.405271958907788 0
2102 1.112763025875552 1.166604106334094 0
2103 2.464902576122002 2.198824009490279 0
2104 -2.065390780297013 1.982032904208637 0
2105 -1.420901905713558 0.2225473866062999 0
2106 -0.6955644728949515 2.363920938508136 0
2107 2.176203612226465 1.130101882589853 0
2108 -1.82200602266336 2.128977943649109 0
2109 0.397145226210866 2.832640312009441 0
2110 -1.015783045517841 2.101743182715432 0
2111 -2.017851762944401 0.655334528072842 0
2112 -1.23082128067847 2.583907612985006 0
2113 -2.565768980154028 2.714286718059805 0
2114 0.3478605088927602 2.702002099886038 0
2115 -1.38086681890299 2.907907729976876 0
2116 -0.701796756835231 2.698589592531068 0
2117 0.9368657537008649 1.974002953480474 0
2118 0.4438634244168734 2.952633260307868 0
2119 -0.6244476809634683 1.137705223631139 0
2120 -0.7406388028859088 0.1144023182579528 0
2121 1.486389640714152 1.092292699815973 0
2122 -1.496037054634557 1.14818446435545 0
2123 -1.590792332359829 3.261395662764311 0
2124 -1.032031233957294 1.038592113735564 0
2125 0.7876478477479107 2.137063562414512 0
2126 -0.6650640818063136 0.4521454732642802 0
2127 0.05528685967950812 3.2533102176696 0
2128 -2.056681825305867 1.565207345711213 0
2129 0.8559207548562693 1.818592752481054 0
2130 0.3380715149545198 1.666977881042661 0
2131 1.595732975635571 2.617614682869404 0
2132 1.890192375579547 1.372700249738685 0
2133 -1.364426213333661 0.1109394997896289 0
2134 -0.6136139725659897 2.154550666095244 0
2135 -0.133004789190805 1.774490566789856 0
2136 -0.5682959712291582 1.975279379056042 0
2137 2.143704432273091 1.644075336030994 0
2138 -0.7496267955214925 2.034109512478957 0
2139 0.7571155578251402 1.205906084801196 0
2140 2.446914928275375 1.771857154319592 0
2141 -0.1064433055693613 1.078403593525318 0
2142 -2.209540578780119 3.397631938981192 0
2143 -1.574316072450748 1.207510991810791 0
2144 -0.6060322833858739 0.5593394390662074 0
2145 -0.3332322119061003 2.189201013795274 0
2146 -0.2758002847211673 0.9883406683147264 0
2147 1.956579314823631 0.9885528315696868 0
2148 -1.881766478452466 2.422672162985437 0
2149 1.442060070810716 0.215306487624626 0
2150 1.806578680362525 1.286533594781464 0
2151 2.308031760075627 1.513635004973943 0
2152 0.428914286357286 3.164085097230544 0
2153 1.305388062157314 1.192633211757687 0
2154 -1.883625342718133 3.25815511089469 0
2155 -1.013288227464664 0.7379385566007448 0
2156 -2.26731288450804 2.920408647661092 0
2157 1.234814227997264 2.318688507539561 0
2158 1.694148623615419 2.569953107065954 0
2159 -1.252246367059945 0.1163193461722616 0
2160 -1.010320273817374 1.782095304924428 0
2161 1.470751239411507 0.4025440250902257 0
2162 1.479297773435268 2.400995406253488 0
2163 0.7536960524682588 2.237939410659862 0
2164 -0.689275431857207 0.8136730519917879 0
2165 0.5544917079390745 1.589604265083381 0
2166 1.807521771510704 2.450895217467843 0
2167 0.7501024233735986 1.564188350280125 0
2168 2.260555874821999 3.154059062558101 0
2169 -2.330262581506178 2.586044442940478 0
2170 1.575909900875194 0.6590107733800383 0
2171 -0.7131431922220548 3.385482476404422 0
2172 0.4630639564744056 1.586973566169432 0
2173 -1.464068855841049 2.961069821882776 0
2174 0.7114655679296846 2.308148320473056 0
2175 1.171629622234988 1.382063542119507 0
2176 1.174332696949739 2.119362691712986 0
2177 1.295208878328273 0.9917574923824837 0
2178 0.8321003647555163 0.5922576624064988 0
2179 2.057454378749665 1.27844207033433 0
2180 1.319060019768541 2.295796904846046 0
2181 2.034221949649256 1.865558834466287 0
2182 0.372993747557131 3.060783426238501 0
2183 2.603875028306314 2.927112489277636 0
2184 -2.110175834790043 0.6788776106289955 0
2185 1.488815895003491 0.9220001467027159 0
2186 -0.09742895983129155 0.2425379567091039 0
2187 -1.937758743691022 0.465816297498304 0
2188 -0.8407386787573388 2.405149833199376 0
2189 -1.791825013916671 2.357689114698911 0
2190 2.570234316622026 3.265942725170622 0
2191 -1.964214521698779 2.041012884129613 0
2192 -1.426411893536765 2.345845636628932 0
2193 -2.242465414861566 1.338112662409109 0
2194 -1.453513385990744 1.199808915305197 0
2195 1.512019865487932 2.34879892342393 0
2196 -0.06356424429966927 2.169447215869325 0
2197 -1.191998097700365 0.3991574672912259 0
2198 -1.147576779513166 2.609310211767185 0
2199 -0.5374180952583811 0.2376795962570872 0
2200 2.232347974471423 1.062378018899939 0
2201 1.236875226193367 2.224070593461756 0
2202 -1.234658063858553 2.29513107852546 0
2203 1.053632375769734 1.154964986976355 0
2204 2.436667506009585 3.263252841360566 0
2205 0.6806177301138491 2.111125125902782 0
2206 -2.400671607422157 2.745642660852578 0
2207 -1.892526167184128 0.3562118277478235 0
2208 -2.315569419102983 2.765200071413161 0
2209 -1.115125259005777 2.136929687671477 0
2210 -0.8266733147811192 2.507180406733039 0
2211 -0.9910896451548359 1.2622797130228 0
2212 0.9975137236299205 1.543664272067204 0
2213 1.976408082842023 1.492291888768364 0
2214 -2.347828801907131 1.973216871238025 0
2215 -2.073149274849452 1.874386318964901 0
2216 -2.064738743301011 1.215262900730984 0
2217 -0.690085676703442 1.70389824150725 0
2218 1.633887211552586 0.09924491209805186 0
2219 -2.292431470682744 1.737266090011791 0
2220 -1.315928496894345 2.321708842255874 0
2221 -1.080385192258774 2.556666634693679 0
2222 -1.997988430247401 2.487567253519043 0
2223 -2.000286062228898 1.018525588829419 0
2224 1.972378534304952 0.6094036543924883 0
2225 2.582106277123925 2.302104702297175 0
2226 -1.006622746461412 1.537852449954629 0
2227 0.6663762718695825 2.58032033098293 0
2228 1.446538730295355 2.452774249306392 0
2229 -2.159104718771988 1.249268708319217 0
2230 1.751915987399617 1.269724300344321 0
2231 1.7018706609156 0.2211020442910565 0
2232 -0.9674439349727869 0.6359633345970905 0
2233 -0.6208044010155165 2.726606930011326 0
2234 -1.766741834043893 2.726110927089674 0
2235 -0.4020266430781111 0.2373098285643715 0
2236 -1.888964446247851 1.308592686952455 0
2237 -2.385702189726162 1.526766172023122 0
2238 0.2526821031977081 1.67237233790851 0
2239 -1.938875097393093 2.461456584311761 0
2240 -0.9642724910636175 1.319979588583018 0
2241 -0.3395428697343227 1.796233935247348 0
2242 -1.652270702070927 1.012182972151386 0
2243 -1.378145903245067 2.309548345636646 0
2244 -0.9109650064327339 3.394575276034344 0
2245 -0.9913716225146474 2.006339715733255 0
2246 2.259664747017871 1.367967580078043 0
2247 -2.673608230002223 3.246201953005341 0
2248 0.7387680937777503 1.145234746761077 0
2249 2.215361520799991 1.193046513764966 0
2250 1.240041915918656 1.251229290376159 0
2251 -0.2566489213104286 0.2407504352013354 0
2252 1.486875949317959 0.644751990073279 0
2253 0.5299705079783603 2.67720619301892 0
2254 0.7307206155171315 2.022230726914072 0
2255 1.075441428373002 1.418815182831845 0
2256 -2.078354191179235 0.8285538574609603 0
2257 0.5019265931169548 1.307416986074225 0
2258 2.033220988852856 2.226201760894245 0
2259 1.576062246583146 1.219491301515581 0
2260 -2.204622179989676 1.54977391217389 0
2261 -1.838439737246081 2.44690689554547 0
2262 -0.9380403872590017 1.932899174437771 0
2263 -1.228014896560053 1.347574876827439 0
2264 1.041276883070894 2.670715189219878 0
2265 -0.367709302141105 3.277423396937886 0
2266 0.974070673653555 1.681216748456719 0
2267 1.036021947481381 1.486933526296856 0
2268 -2.011097872823092 2.057669996652932 0
2269 0.2006276746958445 3.268719153523104 0
2270 2.531818128105515 2.510558174521759 0
2271 2.094897530897472 1.573749450566471 0
2272 2.502231196912647 1.995983516416204 0
2273 2.695108128619274 3.271193592691791 0
2274 -1.609206946996945 2.873451075702665 0
2275 0.8030581688431224 0.4740095492043577 0
2276 -0.9640647808683873 1.204033144002699 0
2277 -0.9968345773753737 2.567826664444589 0
2278 1.529071053023334 3.298916499725747 0
2279 2.351929680164361 1.673861408336668 0
2280 2.0505951081177 1.714474231997712 0
2281 -2.342424328702783 1.37266942845537 0
2282 -2.008423077056853 3.393584841727403 0
2283 1.393342152687258 1.168235061476432 0
2284 1.809954289469566 2.130506933230123 0
2285 -0.6913193190362851 2.040834548899567 0
2286 -2.407928931780928 2.648269879666311 0
2287 -1.587697731985341 2.286849207645407 0
2288 1.922916194640993 1.421811520348233 0
2289 -0.8869056992137134 2.35180393943851 0
2290 1.359232752369649 3.40218536182993 0
2291 -0.7181597031164344 0.3452925331309449 0
2292 2.306089099171329 2.329863033918495 0
2293 1.431426549427707 0.3219165076614687 0
2294 0.9466497348820163 1.86856863475088 0
2295 -1.213847192488028 2.346082288864555 0
2296 0.4650557845876059 1.992930227622421 0
2297 -2.039941911341296 1.506019876856586 0
2298 -0.6518135507564848 1.474532616482433 0
2299 -0.9969653106738851 1.159172794736655 0
2300 1.070531767007711 0.5947641499400942 0
2301 1.408781361754105 3.306355387635155 0
2302 2.265969588464192 2.394629689234439 0
2303 -0.9555475132342954 2.514428594174069 0
2304 0.4196065777062661 1.652476585193565 0
2305 1.512162474148964 0.9764567566391574 0
2306 2.32499226038003 3.241243770820459 0
2307 1.115250619537948 2.675711572295181 0
2308 1.415280863421121 2.496454687626268 0
2309 1.640907953059228 2.224043540062847 0
2310 -1.047822025411963 0.559114075852964 0
2311 1.396447714096726 0.9699484375514895 0
2312 -1.143573892227138 0.3052222883524827 0
2313 1.49714437274192 1.145274287185076 0
2314 1.970715317670798 0.5296996893930632 0
2315 1.838334640605644 2.508127317782161 0
2316 1.039727169491995 1.100056606695623 0
2317 -1.011855260089929 2.766066372632475 0
2318 -0.8633632705003107 1.498248133644899 0
2319 1.546089515763085 2.295331940334864 0
2320 1.117784775408427 1.374929161139073 0
2321 0.9804843416185451 1.592258612253535 0
2322 0.4027573066256706 0.4846958200400395 0
2323 1.525553126510194 1.059100452655531 0
2324 -1.828809100847001 2.173053425753713 0
2325 0.8553155873040716 1.772294114267932 0
2326 -1.606545838575195 2.54166587223983 0
2327 2.102747844437509 1.171688301341591 0
2328 -1.64487389446383 0.966284087272325 0
2329 -1.871073779478227 1.234390453057191 0
2330 0.6671504233570689 2.375451292998785 0
2331 2.010167622596777 2.27923487310002 0
2332 -1.555186780363567 3.006116745783592 0
2333 -1.169911599599514 0.09007026311454602 0
2334 -1.185917469538725 1.218543589894001 0
2335 2.077771000577679 1.904216292779914 0
2336 -1.755106190097427 2.489556138187956 0
2337 -1.464270067255766 3.037688689293973 0
2338 0.674036353207071 0.2106477573701291 0
2339 -1.928916558547942 2.074317090500426 0
2340 1.355916780433895 1.007650312513317 0
2341 0.9653076590848557 2.662628632835792 0
2342 1.097463624116422 2.181277481939373 0
2343 -1.362717052738828 1.237653065808494 0
2344 -0.9464194303874238 1.478898489938075 0
2345 -1.393518273029354 0.9413748806621891 0
2346 1.939133584801189 0.9308712499596383 0
2347 1.042793423069707 2.366307988410408 0
2348 1.637242978784112 1.237802230195579 0
2349 1.692889522501973 1.2509090368705 0
2350 -2.33795608628315 1.900586047861694 0
2351 2.222436213533857 1.411288614616323 0
2352 1.282065347517896 0.9385536837971837 0
2353 -2.475896035017795 2.706948264864059 0
2354 -0.849717856464729 1.551793254833644 0
2355 1.217118419682717 2.361535291106547 0
2356 -2.02172714674278 2.138223092588705 0
2357 1.16566736864176 3.277013419652298 0
2358 -1.840104139800819 1.326911017937609 0
2359 0.9887664715614491 0.5796425832111798 0
2360 -1.540695850325865 0.9559648656640409 0
2361 -0.5289070289373146 1.227808070418904 0
2362 -1.955750069659855 1.458893820232954 0
2363 0.7636683859220111 0.3643778032165221 0
2364 0.7082918423687247 1.091737729822243 0
2365 0.919632600902861 3.165174629412943 0
2366 -0.9732400335869994 1.063134712591012 0
2367 -2.048380052947745 0.9538222387451893 0
2368 -1.983134560580632 2.432973784489315 0
2369 -0.6333926664724068 3.272913077425899 0
2370 -0.2250241825513775 0.9052234994157737 0
2371 -2.429488653494072 3.284226276316901 0
2372 -0.5314248116285181 1.470183187066686 0
2373 -1.796054791380705 3.287917331352878 0
2374 -1.758050863415124 2.205639693581831 0
2375 -2.361233497666372 1.662384074928225 0
2376 2.481336705998235 1.845734091587204 0
2377 -0.4350557020368365 2.729462467616409 0
2378 2.050218598077423 1.965032006238769 0
2379 1.819884916806714 1.328883938234801 0
2380 -0.9767497172742463 1.82459245075087 0
2381 0.3763015033299926 1.989127223219351 0
2382 2.631239287778156 2.837247671877346 0
2383 0.2854777692825372 2.585412271679053 0
2384 2.020092286560307 2.012989651716677 0
2385 1.589733529871 0.9894507954980243 0
2386 -0.2364157678745765 2.201237443491835 0
2387 -1.144173461380939 2.39844254850496 0
2388 -1.653525848085691 2.331001962463899 0
2389 -0.6564034942492465 0.2411831186618556 0
2390 -1.735015910629716 1.259796760117693 0
2391 -1.186632260548475 2.221968968548788 0
2392 1.152131599181946 2.74364230054066 0
2393 1.729276100479167 2.92260590614275 0
2394 -2.574156356367323 2.599049808143408 0
2395 -0.4375579055094552 3.087709700513487 0
2396 2.053103751636777 2.082067843177608 0
2397 -1.256259967599621 1.223909762456343 0
2398 0.9747293209776506 2.060030564509927 0
2399 -1.51229569619013 3.28927327504042 0
2400 0.4411689584417298 3.413233057171305 0
2401 2.1357078744619 0.9790117662880129 0
2402 2.05793070349327 2.178679191815979 0
2403 -2.161772494652391 1.527039786990674 0
2404 2.369999598790783 2.328241737183922 0
2405 -0.7497277968854832 1.625009149766877 0
2406 2.149450811945493 2.456717676115473 0
2407 -1.450709400294271 0.6323597676744064 0
2408 1.064237601667329 3.275634381437874 0
2409 -2.599175882610719 2.304698256381643 0
2410 -2.092648379409391 1.834018686070678 0
2411 -2.289369425481417 1.47149944678123 0
2412 1.774070029606151 2.207070239071663 0
2413 2.009110580779259 1.298114461390403 0
2414 -1.471203202977015 0.9435187603365716 0
2415 -1.99286739252229 1.748812710194869 0
2416 -2.091858165744321 0.8968368575398493 0
2417 -2.046031618854645 1.793327749905044 0
2418 0.8664579316395709 1.875024127963565 0
2419 1.266712727334311 2.29712075757597 0
2420 -1.346563211412453 3.1150510557963 0
2421 0.9986537085480829 2.005489928131468 0
2422 1.390772845118015 0.09666553630893926 0
2423 0.6072189967276318 2.362965760844983 0
2424 2.506377232348105 2.26588561654361 0
2425 -2.682414939179902 3.125692776567807 0
2426 -0.6434860388415314 0.7283917387382246 0
2427 1.012881545085546 3.173932398838299 0
2428 1.865126270347029 2.586408840374302 0
2429 -2.028334880570645 1.460109360633232 0
2430 -1.546086592628796 2.565372152792216 0
2431 2.040441779783227 2.321362961538223 0
2432 -0.9820837044091171 1.569844212337381 0
2433 -1.623601370728032 0.2619343800236589 0
2434 -1.699219873868994 2.304412875007632 0
2435 -1.139764569270566 0.546052001472805 0
2436 -0.6231198783349893 1.719701139545503 0
2437 1.638256822227955 3.293171706507054 0
2438 0.4393345106365386 2.661930247167337 0
2439 1.051983878418903 0.3416192888125891 0
2440 -1.73923145135024 1.020427663879194 0
2441 2.006606127830492 1.819834977523072 0
$EndNodes
$Elements
4884
1 1 2 2 1 1 7
2 1 2 2 1 7 8
3 1 2 2 1 8 9
4 1 2 2 1 9 10
5 1 2 2 1 10 11
6 1 2 2 1 11 12
7 1 2 2 1 12 13
8 1 2 2 1 13 14
9 1 2 2 1 14 15
10 1 2 2 1 15 16
11 1 2 2 1 16 17
12 1 2 2 1 17 18
13 1 2 2 1 18 19
14 1 2 2 1 19 20
15 1 2 2 1 20 21
16 1 2 2 1 21 22
17 1 2 2 1 22 23
18 1 2 2 1 23 24
19 1 2 2 1 24 25
20 1 2 2 1 25 26
21 1 2 2 1 26 27
22 1 2 2 1 27 28
23 1 2 2 1 28 29
24 1 2 2 1 29 30
25 1 2 2 1 30 31
26 1 2 2 1 31 32
27 1 2 2 1 32 2
28 1 2 3 2 3 33
29 1 2 3 2 33 34
30 1 2 3 2 34 35
31 1 2 3 2 35 36
32 1 2 3 2 36 37
33 1 2 3 2 37 38
34 1 2 3 2 38 39
35 1 2 3 2 39 40
36 1 2 3 2 40 41
37 1 2 3 2 41 42
38 1 2 3 2 42 43
39 1 2 3 2 43 44
40 1 2 3 2 44 45
41 1 2 3 2 45 46
42 1 2 3 2 46 47
43 1 2 3 2 47 48
44 1 2 3 2 48 49
45 1 2 3 2 49 50
46 1 2 3 2 50 51
47 1 2 3 2 51 52
48 1 2 3 2 52 53
49 1 2 3 2 53 54
50 1 2 3 2 54 55
51 1 2 3 2 55 56
52 1 2 3 2 56 57
53 1 2 3 2 57 58
54 1 2 3 2 58 59
55 1 2 3 2 59 60
56 1 2 3 2 60 61
57 1 2 3 2 61 62
58 1 2 3 2 62 63
59 1 2 3 2 63 64
60 1 2 3 2 64 65
61 1 2 3 2 65 1
62 1 2 3 3 2 66
63 1 2 3 3 66 67
64 1 2 3 3 67 68
65 1 2 3 3 68 69
66 1 2 3 3 69 70
67 1 2 3 3 70 71
68 1 2 3 3 71 72
69 1 2 3 3 72 73
70 1 2 3 3 73 74
71 1 2 3 3 74 75
72 1 2 3 3 75 76
73 1 2 3 3 76 77
74 1 2 3 3 77 78
75 1 2 3 3 78 79
76 1 2 3 3 79 80
77 1 2 3 3 80 81
78 1 2 3 3 81 82
79 1 2 3 3 82 83
80 1 2 3 3 83 84
81 1 2 3 3 84 85
82 1 2 3 3 85 86
83 1 2 3 3 86 87
84 1 2 3 3 87 88
85 1 2 3 3 88 89
86 1 2 3 3 89 90
87 1 2 3 3 90 91
88 1 2 3 3 91 92
89 1 2 3 3 92 93
90 1 2 3 3 93 94
91 1 2 3 3 94 95
92 1 2 3 3 95 96
93 1 2 3 3 96 97
94 1 2 3 3 97 98
95 1 2 3 3 98 4
96 1 2 1 4 4 99
97 1 2 1 4 99 100
98 1 2 1 4 100 101
99 1 2 1 4 101 102
100 1 2 1 4 102 103
101 1 2 1 4 103 104
102 1 2 1 4 104 105
103 1 2 1 4 105 106
104 1 2 1 4 106 107
105 1 2 1 4 107 108
106 1 2 1 4 108 109
107 1 2 1 4 109 110
108 1 2 1 4 110 111
109 1 2 1 4 111 112
110 1 2 1 4 112 113
111 1 2 1 4 113 114
112 1 2 1 4 114 115
113 1 2 1 4 115 116
114 1 2 1 4 116 117
115 1 2 1 4 117 118
116 1 2 1 4 118 119
117 1 2 1 4 119 120
118 1 2 1 4 120 121
119 1 2 1 4 121 122
120 1 2 1 4 122 123
121 1 2 1 4 123 124
122 1 2 1 4 124 125
123 1 2 1 4 125 126
124 1 2 1 4 126 127
125 1 2 1 4 127 128
126 1 2 1 4 128 129
127 1 2 1 4 129 130
128 1 2 1 4 130 131
129 1 2 1 4 131 132
130 1 2 1 4 132 133
131 1 2 1 4 133 134
132 1 2 1 4 134 135
133 1 2 1 4 135 136
134 1 2 1 4 136 137
135 1 2 1 4 137 138
136 1 2 1 4 138 3
137 1 2 4 5 5 139
138 1 2 4 5 139 140
139 1 2 4 5 140 141
140 1 2 4 5 141 142
141 1 2 4 5 142 143
142 1 2 4 5 143 144
143 1 2 4 5 144 145
144 1 2 4 5 145 146
145 1 2 4 5 146 147
146 1 2 4 5 147 148
147 1 2 4 5 148 149
148 1 2 4 5 149 150
149 1 2 4 5 150 151
150 1 2 4 5 151 152
151 1 2 4 5 152 153
152 1 2 4 5 153 154
153 1 2 4 5 154 155
154 1 2 4 5 155 156
155 1 2 4 5 156 157
156 1 2 4 5 157 158
157 1 2 4 5 158 159
158 1 2 4 5 159 160
159 1 2 4 5 160 161
160 1 2 4 5 161 162
161 1 2 4 5 162 163
162 1 2 4 5 163 164
163 1 2 4 5 164 165
164 1 2 4 5 165 166
165 1 2 4 5 166 167
166 1 2 4 5 167 168
167 1 2 4 5 168 169
168 1 2 4 5 169 170
169 1 2 4 5 170 171
170 1 2 4 5 171 172
171 1 2 4 5 172 173
172 1 2 4 5 173 174
173 1 2 4 5 174 175
174 1 2 4 5 175 176
175 1 2 4 5 176 177
176 1 2 4 5 177 178
177 1 2 4 5 178 179
178 1 2 4 5 179 180
179 1 2 4 5 180 181
180 1 2 4 5 181 182
181 1 2 4 5 182 183
182 1 2 4 5 183 184
183 1 2 4 5 184 185
184 1 2 4 5 185 5
185 1 2 4 6 6 186
186 1 2 4 6 186 187
187 1 2 4 6 187 188
188 1 2 4 6 188 189
189 1 2 4 6 189 190
190 1 2 4 6 190 191
191 1 2 4 6 191 192
192 1 2 4 6 192 193
193 1 2 4 6 193 194
194 1 2 4 6 194 195
195 1 2 4 6 195 196
196 1 2 4 6 196 197
197 1 2 4 6 197 198
198 1 2 4 6 198 199
199 1 2 4 6 199 200
200 1 2 4 6 200 201
201 1 2 4 6 201 202
202 1 2 4 6 202 203
203 1 2 4 6 203 204
204 1 2 4 6 204 205
205 1 2 4 6 205 206
206 1 2 4 6 206 207
207 1 2 4 6 207 208
208 1 2 4 6 208 209
209 1 2 4 6 209 210
210 1 2 4 6 210 211
211 1 2 4 6 211 212
212 1 2 4 6 212 213
213 1 2 4 6 213 214
214 1 2 4 6 214 215
215 1 2 4 6 215 216
216 1 2 4 6 216 217
217 1 2 4 6 217 218
218 1 2 4 6 218 219
219 1 2 4 6 219 220
220 1 2 4 6 220 221
221 1 2 4 6 221 222
222 1 2 4 6 222 223
223 1 2 4 6 223 224
224 1 2 4 6 224 225
225 1 2 4 6 225 226
226 1 2 4 6 226 227
227 1 2 4 6 227 228
228 1 2 4 6 228 229
229 1 2 4 6 229 230
230 1 2 4 6 230 231
231 1 2 4 6 231 232
232 1 2 4 6 232 6
233 2 2 10 4 586 2185 1420
234 2 2 10 4 1307 2058 1427
235 2 2 10 4 70 1728 259
236 2 2 10 4 1522 1523 253
237 2 2 10 4 1335 2272 87
238 2 2 10 4 1413 2081 2030
239 2 2 10 4 486 2134 1598
240 2 2 10 4 1093 1754 904
241 2 2 10 4 535 1741 532
242 2 2 10 4 1708 2222 1175
243 2 2 10 4 87 1859 1335
244 2 2 10 4 992 1757 1309
245 2 2 10 4 1630 2065 1312
246 2 2 10 4 247 1567 1336
247 2 2 10 4 361 1561 1380
248 2 2 10 4 1607 1817 1206
249 2 2 10 4 502 1917 1347
250 2 2 10 4 577 1582 1580
251 2 2 10 4 1273 2143 1278
252 2 2 10 4 1404 1602 760
253 2 2 10 4 1406 1602 1404
254 2 2 10 4 267 1703 1365
255 2 2 10 4 170 1931 270
256 2 2 10 4 1035 1757 992
257 2 2 10 4 1554 1904 627
258 2 2 10 4 1869 1996 1219
259 2 2 10 4 428 1635 431
260 2 2 10 4 1052 1364 1361
261 2 2 10 4 1228 2044 2025
262 2 2 10 4 1693 2188 2049
263 2 2 10 4 1705 1934 1256
264 2 2 10 4 486 1598 1417
265 2 2 10 4 1559 1877 311
266 2 2 10 4 1148 1975 1015
267 2 2 10 4 1510 2194 287
268 2 2 10 4 487 2134 486
269 2 2 10 4 1342 1789 907
270 2 2 10 4 1427 2101 1307
271 2 2 10 4 1483 2131 587
272 2 2 10 4 2030 2081 928
273 2 2 10 4 464 2185 586
274 2 2 10 4 363 1561 361
275 2 2 10 4 259 1728 1551
276 2 2 10 4 1336 2263 247
277 2 2 10 4 1566 1883 1255
278 2 2 10 4 1097 1951 1847
279 2 2 10 4 270 1931 1407
280 2 2 10 4 417 1903 1673
281 2 2 10 4 1443 2209 237
282 2 2 10 4 321 1434 319
283 2 2 10 4 2025 2044 680
284 2 2 10 4 674 1895 675
285 2 2 10 4 581 1659 1345
286 2 2 10 4 1192 2395 1842
287 2 2 10 4 1345 1887 581
288 2 2 10 4 595 2440 1604
289 2 2 10 4 414 2019 412
290 2 2 10 4 927 1883 1566
291 2 2 10 4 287 2194 1813
292 2 2 10 4 1416 1611 312
293 2 2 10 4 1523 1543 253
294 2 2 10 4 412 2019 1658
295 2 2 10 4 367 2066 1533
296 2 2 10 4 249 1733 1411
297 2 2 10 4 537 2086 1808
298 2 2 10 4 595 1604 597
299 2 2 10 4 569 1581 682
300 2 2 10 4 1613 1816 1283
301 2 2 10 4 1484 2098 1479
302 2 2 10 4 1140 2266 1502
303 2 2 10 4 1063 1690 1065
304 2 2 10 4 825 2356 1373
305 2 2 10 4 172 1775 1683
306 2 2 10 4 1751 2045 1208
307 2 2 10 4 1517 2288 1259
308 2 2 10 4 321 2180 1434
309 2 2 10 4 1259 2213 1517
310 2 2 10 4 382 1561 363
311 2 2 10 4 1842 1965 1192
312 2 2 10 4 274 1534 1389
313 2 2 10 4 587 1983 1483
314 2 2 10 4 183 1428 236
315 2 2 10 4 149 1430 284
316 2 2 10 4 206 1490 233
317 2 2 10 4 578 1544 574
318 2 2 10 4 127 2090 1794
319 2 2 10 4 1371 2167 665
320 2 2 10 4 1580 1832 577
321 2 2 10 4 2020 2136 1240
322 2 2 10 4 2077 2104 839
323 2 2 10 4 258 2065 1630
324 2 2 10 4 1693 2106 601
325 2 2 10 4 1829 1926 1924
326 2 2 10 4 665 1951 1371
327 2 2 10 4 1734 2209 1443
328 2 2 10 4 532 1741 533
329 2 2 10 4 1365 1702 267
330 2 2 10 4 1340 2178 1355
331 2 2 10 4 574 1544 576
332 2 2 10 4 1695 2060 1139
333 2 2 10 4 1398 1400 283
334 2 2 10 4 1971 1981 563
335 2 2 10 4 1040 1887 1038
336 2 2 10 4 238 2176 1612
337 2 2 10 4 2013 2312 1569
338 2 2 10 4 1996 2135 1219
339 2 2 10 4 1765 2297 2128
340 2 2 10 4 601 2106 497
341 2 2 10 4 716 2087 2024
342 2 2 10 4 1329 2221 2198
343 2 2 10 4 293 1413 1393
344 2 2 10 4 1411 2259 249
345 2 2 10 4 1339 1899 1589
346 2 2 10 4 1373 1628 825
347 2 2 10 4 1635 1636 431
348 2 2 10 4 1575 2372 931
349 2 2 10 4 1166 2354 1358
350 2 2 10 4 1617 1741 535
351 2 2 10 4 1334 2295 2202
352 2 2 10 4 268 2013 1569
353 2 2 10 4 1557 1817 503
354 2 2 10 4 1206 1817 1557
355 2 2 10 4 110 1912 1370
356 2 2 10 4 1906 2158 2098
357 2 2 10 4 611 2440 595
358 2 2 10 4 1544 1546 576
359 2 2 10 4 1278 2143 1683
360 2 2 10 4 2095 2098 1484
361 2 2 10 4 1703 1752 1261
362 2 2 10 4 1430 1431 284
363 2 2 10 4 1490 1491 233
364 2 2 10 4 433 1636 549
365 2 2 10 4 1720 2270 257
366 2 2 10 4 860 1629 1384
367 2 2 10 4 1402 1404 760
368 2 2 10 4 1638 1877 1559
369 2 2 10 4 1684 2040 911
370 2 2 10 4 1808 2086 1655
371 2 2 10 4 1683 1775 1278
372 2 2 10 4 1175 2222 1741
373 2 2 10 4 907 1875 1342
374 2 2 10 4 1777 2280 1093
375 2 2 10 4 1516 2245 1527
376 2 2 10 4 1256 2112 1705
377 2 2 10 4 1368 2183 1786
378 2 2 10 4 1409 2372 1573
379 2 2 10 4 1384 1639 860
380 2 2 10 4 1355 2359 1340
381 2 2 10 4 1627 1740 1108
382 2 2 10 4 1370 2290 110
383 2 2 10 4 1441 2104 2077
384 2 2 10 4 1448 1670 1449
385 2 2 10 4 2024 2087 1827
386 2 2 10 4 1573 2298 1409
387 2 2 10 4 1035 1758 1757
388 2 2 10 4 424 1769 649
389 2 2 10 4 798 1773 1771
390 2 2 10 4 1361 1570 1052
391 2 2 10 4 1753 1981 1971
392 2 2 10 4 1532 1544 578
393 2 2 10 4 72 2054 71
394 2 2 10 4 1389 1599 274
395 2 2 10 4 1347 2233 502
396 2 2 10 4 1784 1846 1197
397 2 2 10 4 1502 2266 1501
398 2 2 10 4 267 1752 1703
399 2 2 10 4 257 2043 1720
400 2 2 10 4 1055 1733 1437
401 2 2 10 4 191 1805 1488
402 2 2 10 4 1770 1897 372
403 2 2 10 4 1428 2226 236
404 2 2 10 4 216 2175 2084
405 2 2 10 4 2061 2434 1700
406 2 2 10 4 1371 1951 1097
407 2 2 10 4 1122 2297 1765
408 2 2 10 4 1673 1903 1672
409 2 2 10 4 1696 2060 1695
410 2 2 10 4 1556 1799 394
411 2 2 10 4 813 1628 1028
412 2 2 10 4 283 1862 1398
413 2 2 10 4 1357 1876 1088
414 2 2 10 4 156 2108 1730
415 2 2 10 4 1070 2220 1432
416 2 2 10 4 1725 2089 1794
417 2 2 10 4 1171 1747 1746
418 2 2 10 4 1935 1973 511
419 2 2 10 4 1849 2322 1203
420 2 2 10 4 1388 1800 275
421 2 2 10 4 1505 2294 1911
422 2 2 10 4 737 1616 790
423 2 2 10 4 1794 2089 262
424 2 2 10 4 1612 2176 1305
425 2 2 10 4 549 1636 777
426 2 2 10 4 1350 2149 1535
427 2 2 10 4 507 1817 1607
428 2 2 10 4 339 1659 581
429 2 2 10 4 1358 1855 1166
430 2 2 10 4 1065 1690 1313
431 2 2 10 4 1956 2044 1821
432 2 2 10 4 252 2309 1764
433 2 2 10 4 1564 2132 1217
434 2 2 10 4 471 1575 931
435 2 2 10 4 2013 2085 1316
436 2 2 10 4 1523 2040 1684
437 2 2 10 4 370 2066 367
438 2 2 10 4 1380 2381 361
439 2 2 10 4 1764 1920 252
440 2 2 10 4 682 1581 729
441 2 2 10 4 2186 2251 1825
442 2 2 10 4 1860 2151 1949
443 2 2 10 4 1794 2090 1724
444 2 2 10 4 1240 2136 1417
445 2 2 10 4 74 2200 1823
446 2 2 10 4 2006 2038 796
447 2 2 10 4 1125 1600 947
448 2 2 10 4 601 2188 1693
449 2 2 10 4 71 1728 70
450 2 2 10 4 1498 1695 1499
451 2 2 10 4 502 2059 1917
452 2 2 10 4 1614 1816 1613
453 2 2 10 4 1786 2183 298
454 2 2 10 4 1663 2214 977
455 2 2 10 4 2084 2175 1367
456 2 2 10 4 1432 2202 1070
457 2 2 10 4 1932 1989 1650
458 2 2 10 4 1918 2189 1095
459 2 2 10 4 1946 2240 712
460 2 2 10 4 294 1625 1624
461 2 2 10 4 268 2085 2013
462 2 2 10 4 931 1614 400
463 2 2 10 4 1241 1888 1578
464 2 2 10 4 1134 1892 1590
465 2 2 10 4 1154 2061 1700
466 2 2 10 4 1948 2196 1194
467 2 2 10 4 2023 2156 626
468 2 2 10 4 1750 2045 1751
469 2 2 10 4 1868 2156 2023
470 2 2 10 4 1550 1763 1290
471 2 2 10 4 1194 2196 1896
472 2 2 10 4 394 1799 381
473 2 2 10 4 655 1616 737
474 2 2 10 4 904 1754 905
475 2 2 10 4 1994 2087 716
476 2 2 10 4 1772 1897 1770
477 2 2 10 4 1860 1949 1163
478 2 2 10 4 1564 2288 2132
479 2 2 10 4 1904 2087 1994
480 2 2 10 4 1382 2208 626
481 2 2 10 4 519 1594 766
482 2 2 10 4 278 2181 1530
483 2 2 10 4 1127 1902 1542
484 2 2 10 4 1823 2200 1315
485 2 2 10 4 1802 2251 2186
486 2 2 10 4 401 2119 402
487 2 2 10 4 1743 1849 1203
488 2 2 10 4 1194 1895 674
489 2 2 10 4 1527 2245 1444
490 2 2 10 4 1899 1957 795
491 2 2 10 4 1530 2181 1531
492 2 2 10 4 1320 2310 1394
493 2 2 10 4 1719 2375 1324
494 2 2 10 4 578 1545 1532
495 2 2 10 4 1729 1973 1935
496 2 2 10 4 760 1541 1402
497 2 2 10 4 1306 2240 1946
498 2 2 10 4 1143 2387 1410
499 2 2 10 4 1394 2310 2232
500 2 2 10 4 1015 1975 1135
501 2 2 10 4 626 2156 1382
502 2 2 10 4 2198 2221 509
503 2 2 10 4 776 1639 1110
504 2 2 10 4 1589 2048 1339
505 2 2 10 4 1608 2119 401
506 2 2 10 4 798 1895 1773
507 2 2 10 4 649 1769 934
508 2 2 10 4 1886 1983 1782
509 2 2 10 4 1581 1832 1580
510 2 2 10 4 1258 2229 1913
511 2 2 10 4 721 1657 889
512 2 2 10 4 2039 2093 1830
513 2 2 10 4 400 1614 384
514 2 2 10 4 275 2401 1388
515 2 2 10 4 1316 2085 1381
516 2 2 10 4 1600 1824 947
517 2 2 10 4 1778 1779 1743
518 2 2 10 4 1695 2128 1499
519 2 2 10 4 1509 1879 1508
520 2 2 10 4 264 2191 1528
521 2 2 10 4 1093 2280 1754
522 2 2 10 4 469 2170 1419
523 2 2 10 4 1911 2418 1505
524 2 2 10 4 1846 1904 1554
525 2 2 10 4 1513 1671 1651
526 2 2 10 4 1414 1777 1093
527 2 2 10 4 1581 2062 1832
528 2 2 10 4 1502 1851 1140
529 2 2 10 4 1488 2284 191
530 2 2 10 4 1535 2149 280
531 2 2 10 4 1620 1704 1131
532 2 2 10 4 2165 2172 761
533 2 2 10 4 1419 2094 469
534 2 2 10 4 586 1592 1591
535 2 2 10 4 1779 1849 1743
536 2 2 10 4 294 1624 1623
537 2 2 10 4 1549 1600 1125
538 2 2 10 4 1715 2216 935
539 2 2 10 4 253 1611 1522
540 2 2 10 4 1028 1628 1373
541 2 2 10 4 316 2231 2218
542 2 2 10 4 1392 2092 299
543 2 2 10 4 1968 2302 1885
544 2 2 10 4 1509 2153 1879
545 2 2 10 4 1295 2039 1830
546 2 2 10 4 610 1646 554
547 2 2 10 4 935 2229 1715
548 2 2 10 4 1528 2191 1529
549 2 2 10 4 538 1617 535
550 2 2 10 4 1730 2108 1378
551 2 2 10 4 1449 1670 1481
552 2 2 10 4 1483 1983 1886
553 2 2 10 4 1098 1725 951
554 2 2 10 4 1448 2396 1670
555 2 2 10 4 314 1548 100
556 2 2 10 4 543 1989 1932
557 2 2 10 4 137 1547 313
558 2 2 10 4 1774 2385 629
559 2 2 10 4 1590 1892 455
560 2 2 10 4 1145 2267 2212
561 2 2 10 4 810 1707 807
562 2 2 10 4 1195 1887 1040
563 2 2 10 4 1487 2309 194
564 2 2 10 4 791 1704 669
565 2 2 10 4 1417 2136 486
566 2 2 10 4 520 1594 519
567 2 2 10 4 1542 1612 1127
568 2 2 10 4 1290 1763 1067
569 2 2 10 4 1171 2123 1747
570 2 2 10 4 1942 2207 1762
571 2 2 10 4 1664 1665 1282
572 2 2 10 4 1606 1607 1206
573 2 2 10 4 427 1635 428
574 2 2 10 4 232 1425 6
575 2 2 10 4 194 2078 1487
576 2 2 10 4 1205 1865 1857
577 2 2 10 4 2155 2232 541
578 2 2 10 4 406 2296 2048
579 2 2 10 4 826 1936 1925
580 2 2 10 4 1857 1865 1539
581 2 2 10 4 1506 2230 2150
582 2 2 10 4 1924 1926 1161
583 2 2 10 4 1023 1724 1723
584 2 2 10 4 2202 2295 1070
585 2 2 10 4 1621 1622 1317
586 2 2 10 4 1124 1875 907
587 2 2 10 4 680 2044 1956
588 2 2 10 4 1393 2376 293
589 2 2 10 4 1423 2100 1151
590 2 2 10 4 1688 2034 1686
591 2 2 10 4 1329 2198 2112
592 2 2 10 4 586 1591 462
593 2 2 10 4 1108 1923 1627
594 2 2 10 4 1834 2163 2017
595 2 2 10 4 1526 2038 2006
596 2 2 10 4 998 2327 1685
597 2 2 10 4 286 1647 1503
598 2 2 10 4 1141 1696 1333
599 2 2 10 4 341 1659 339
600 2 2 10 4 1925 1936 1390
601 2 2 10 4 1723 2420 1023
602 2 2 10 4 1583 1584 838
603 2 2 10 4 1131 2325 1620
604 2 2 10 4 60 2184 1882
605 2 2 10 4 1634 1635 427
606 2 2 10 4 23 1778 22
607 2 2 10 4 1271 1600 1549
608 2 2 10 4 406 2048 1583
609 2 2 10 4 317 1547 34
610 2 2 10 4 1338 1957 1899
611 2 2 10 4 97 1548 318
612 2 2 10 4 468 1774 629
613 2 2 10 4 1888 2237 1578
614 2 2 10 4 1379 2172 2165
615 2 2 10 4 1528 1529 1440
616 2 2 10 4 1530 1531 1485
617 2 2 10 4 1197 1846 1554
618 2 2 10 4 145 1867 1815
619 2 2 10 4 285 2362 1507
620 2 2 10 4 1546 2431 576
621 2 2 10 4 1415 1803 1792
622 2 2 10 4 835 2068 1850
623 2 2 10 4 597 1604 744
624 2 2 10 4 1699 2362 285
625 2 2 10 4 1749 1768 396
626 2 2 10 4 1707 1708 1175
627 2 2 10 4 947 1824 732
628 2 2 10 4 965 1707 810
629 2 2 10 4 1422 1423 291
630 2 2 10 4 1498 1499 285
631 2 2 10 4 1515 2380 1401
632 2 2 10 4 2015 2081 1863
633 2 2 10 4 1438 1528 1440
634 2 2 10 4 1436 1733 249
635 2 2 10 4 1516 1527 235
636 2 2 10 4 1442 1527 1444
637 2 2 10 4 1445 1530 1485
638 2 2 10 4 1425 2280 1777
639 2 2 10 4 1158 1562 1336
640 2 2 10 4 175 1510 287
641 2 2 10 4 319 1434 199
642 2 2 10 4 1511 1563 213
643 2 2 10 4 231 1422 291
644 2 2 10 4 1506 1610 226
645 2 2 10 4 219 1508 292
646 2 2 10 4 208 1647 286
647 2 2 10 4 151 1519 251
648 2 2 10 4 165 1498 285
649 2 2 10 4 475 1574 477
650 2 2 10 4 1416 2152 1611
651 2 2 10 4 1497 2434 2061
652 2 2 10 4 1441 2077 1072
653 2 2 10 4 1496 2374 154
654 2 2 10 4 1516 2262 1669
655 2 2 10 4 1173 1606 1099
656 2 2 10 4 2218 2231 1535
657 2 2 10 4 1690 2336 1313
658 2 2 10 4 1665 1709 1282
659 2 2 10 4 839 1577 818
660 2 2 10 4 1723 2090 271
661 2 2 10 4 712 1621 642
662 2 2 10 4 1314 2274 1327
663 2 2 10 4 1353 1846 1784
664 2 2 10 4 1124 2395 1875
665 2 2 10 4 2075 2343 1386
666 2 2 10 4 473 1575 471
667 2 2 10 4 257 1709 91
668 2 2 10 4 578 1890 1545
669 2 2 10 4 294 1623 45
670 2 2 10 4 1394 2232 2155
671 2 2 10 4 1170 1582 1281
672 2 2 10 4 1332 2360 1921
673 2 2 10 4 1329 2112 1256
674 2 2 10 4 2085 2120 1381
675 2 2 10 4 2318 2354 1524
676 2 2 10 4 127 1794 126
677 2 2 10 4 1653 2295 1334
678 2 2 10 4 88 1859 87
679 2 2 10 4 33 1547 138
680 2 2 10 4 99 1548 98
681 2 2 10 4 599 1894 1774
682 2 2 10 4 477 1574 1572
683 2 2 10 4 1637 1902 1127
684 2 2 10 4 1110 1639 1384
685 2 2 10 4 853 2318 1524
686 2 2 10 4 47 1648 1626
687 2 2 10 4 585 1568 529
688 2 2 10 4 569 2062 1581
689 2 2 10 4 1616 1670 790
690 2 2 10 4 257 2270 1709
691 2 2 10 4 71 2054 1728
692 2 2 10 4 307 2193 1418
693 2 2 10 4 47 1626 46
694 2 2 10 4 114 1543 113
695 2 2 10 4 642 1621 623
696 2 2 10 4 1533 2238 367
697 2 2 10 4 1842 2395 1560
698 2 2 10 4 1524 2354 1325
699 2 2 10 4 300 2375 1719
700 2 2 10 4 1643 1644 1642
701 2 2 10 4 2360 2414 1921
702 2 2 10 4 1626 1718 1625
703 2 2 10 4 1232 2063 1950
704 2 2 10 4 1500 1862 283
705 2 2 10 4 811 1628 813
706 2 2 10 4 1572 1573 477
707 2 2 10 4 1709 2270 1282
708 2 2 10 4 453 1576 592
709 2 2 10 4 1633 1634 427
710 2 2 10 4 729 1581 1579
711 2 2 10 4 750 1602 842
712 2 2 10 4 1151 2271 1423
713 2 2 10 4 1327 2332 1314
714 2 2 10 4 45 1623 44
715 2 2 10 4 1774 1894 1289
716 2 2 10 4 1501 2010 210
717 2 2 10 4 1306 2057 1307
718 2 2 10 4 308 2034 1688
719 2 2 10 4 839 1618 1577
720 2 2 10 4 1573 2372 1575
721 2 2 10 4 299 2140 1392
722 2 2 10 4 1433 2192 1130
723 2 2 10 4 2098 2158 1479
724 2 2 10 4 1294 2201 1435
725 2 2 10 4 1561 1975 1148
726 2 2 10 4 1408 2236 842
727 2 2 10 4 1088 1876 1410
728 2 2 10 4 1536 1752 28
729 2 2 10 4 1010 2117 2071
730 2 2 10 4 354 1583 838
731 2 2 10 4 1885 2302 1281
732 2 2 10 4 6 1777 186
733 2 2 10 4 1039 1637 1127
734 2 2 10 4 1035 1901 1758
735 2 2 10 4 1142 2387 1143
736 2 2 10 4 977 2097 1663
737 2 2 10 4 1341 1814 1697
738 2 2 10 4 1427 2058 1428
739 2 2 10 4 1130 1736 1433
740 2 2 10 4 1425 1777 6
741 2 2 10 4 1988 2041 1643
742 2 2 10 4 1514 2380 1515
743 2 2 10 4 431 1636 433
744 2 2 10 4 994 1633 620
745 2 2 10 4 1158 1852 1562
746 2 2 10 4 1667 2356 825
747 2 2 10 4 698 1595 1010
748 2 2 10 4 1946 2057 1306
749 2 2 10 4 1879 2283 1437
750 2 2 10 4 1521 2271 919
751 2 2 10 4 675 1895 798
752 2 2 10 4 744 1541 746
753 2 2 10 4 292 1879 1437
754 2 2 10 4 1173 1607 1606
755 2 2 10 4 1045 1599 1389
756 2 2 10 4 1822 2250 248
757 2 2 10 4 1410 1876 1143
758 2 2 10 4 1618 1667 1577
759 2 2 10 4 951 1725 1023
760 2 2 10 4 1131 1704 791
761 2 2 10 4 1146 1768 1749
762 2 2 10 4 1434 2180 1435
763 2 2 10 4 1194 1896 1895
764 2 2 10 4 1646 2036 554
765 2 2 10 4 138 1547 137
766 2 2 10 4 100 1548 99
767 2 2 10 4 182 1428 183
768 2 2 10 4 148 1430 149
769 2 2 10 4 153 1496 154
770 2 2 10 4 205 1490 206
771 2 2 10 4 1882 2184 1322
772 2 2 10 4 928 2081 2015
773 2 2 10 4 1435 2419 1294
774 2 2 10 4 2212 2267 1511
775 2 2 10 4 1524 2344 853
776 2 2 10 4 754 1646 610
777 2 2 10 4 1642 1644 1129
778 2 2 10 4 34 1547 33
779 2 2 10 4 98 1548 97
780 2 2 10 4 775 1639 776
781 2 2 10 4 587 1605 560
782 2 2 10 4 1519 2287 251
783 2 2 10 4 1657 1763 889
784 2 2 10 4 1250 1857 1539
785 2 2 10 4 1726 2423 347
786 2 2 10 4 1418 2281 307
787 2 2 10 4 2188 2289 2049
788 2 2 10 4 919 2137 1521
789 2 2 10 4 1401 1526 1515
790 2 2 10 4 1385 2075 1386
791 2 2 10 4 1526 2006 1081
792 2 2 10 4 1847 1951 616
793 2 2 10 4 1552 2154 266
794 2 2 10 4 1685 2327 1687
795 2 2 10 4 4 99 98
796 2 2 10 4 3 33 138
797 2 2 10 4 584 1617 538
798 2 2 10 4 982 1780 849
799 2 2 10 4 1850 2068 1716
800 2 2 10 4 801 1812 1054
801 2 2 10 4 394 2257 1556
802 2 2 10 4 1267 2189 1918
803 2 2 10 4 475 2436 1574
804 2 2 10 4 253 1543 114
805 2 2 10 4 248 2084 1822
806 2 2 10 4 1437 2283 1055
807 2 2 10 4 269 2230 1506
808 2 2 10 4 1325 2354 1166
809 2 2 10 4 1815 1867 1269
810 2 2 10 4 1890 2315 1545
811 2 2 10 4 252 2319 1518
812 2 2 10 4 729 1579 731
813 2 2 10 4 1576 2360 592
814 2 2 10 4 1669 2262 1081
815 2 2 10 4 1744 1783 265
816 2 2 10 4 349 1726 347
817 2 2 10 4 1343 2144 1884
818 2 2 10 4 601 2210 2188
819 2 2 10 4 828 1637 1039
820 2 2 10 4 1696 2069 1333
821 2 2 10 4 627 2393 1554
822 2 2 10 4 1553 2282 133
823 2 2 10 4 1397 2210 505
824 2 2 10 4 1913 2229 935
825 2 2 10 4 1903 1988 1643
826 2 2 10 4 1048 1953 1802
827 2 2 10 4 756 1642 1129
828 2 2 10 4 1571 2197 1328
829 2 2 10 4 1656 1808 1655
830 2 2 10 4 274 1596 1534
831 2 2 10 4 1506 2379 1610
832 2 2 10 4 1099 1606 1101
833 2 2 10 4 2017 2163 939
834 2 2 10 4 669 1704 670
835 2 2 10 4 514 1603 513
836 2 2 10 4 1622 2276 1317
837 2 2 10 4 712 1622 1621
838 2 2 10 4 1072 2215 1441
839 2 2 10 4 620 1633 418
840 2 2 10 4 44 1596 43
841 2 2 10 4 2048 2296 1339
842 2 2 10 4 723 1657 721
843 2 2 10 4 1067 1763 1657
844 2 2 10 4 1724 2090 1723
845 2 2 10 4 1543 1790 113
846 2 2 10 4 266 2282 1552
847 2 2 10 4 1712 1716 1713
848 2 2 10 4 1400 2160 283
849 2 2 10 4 999 1558 1248
850 2 2 10 4 426 1731 425
851 2 2 10 4 447 1740 1627
852 2 2 10 4 1341 2011 1814
853 2 2 10 4 1769 1978 1768
854 2 2 10 4 708 1933 1926
855 2 2 10 4 1718 2350 1625
856 2 2 10 4 44 1623 1596
857 2 2 10 4 300 1719 1648
858 2 2 10 4 1312 1599 1045
859 2 2 10 4 1508 1879 292
860 2 2 10 4 2178 2275 1355
861 2 2 10 4 113 1790 112
862 2 2 10 4 592 2360 1337
863 2 2 10 4 1566 2082 927
864 2 2 10 4 335 1662 647
865 2 2 10 4 1861 2081 1413
866 2 2 10 4 585 2261 1918
867 2 2 10 4 169 1931 170
868 2 2 10 4 1918 2336 585
869 2 2 10 4 395 1661 394
870 2 2 10 4 1018 2243 2220
871 2 2 10 4 1217 1761 1564
872 2 2 10 4 631 1616 655
873 2 2 10 4 28 2422 1536
874 2 2 10 4 994 1634 1633
875 2 2 10 4 585 2336 1568
876 2 2 10 4 2071 2117 1494
877 2 2 10 4 369 2135 1701
878 2 2 10 4 1737 2044 1228
879 2 2 10 4 1052 2316 1364
880 2 2 10 4 1568 2336 1690
881 2 2 10 4 369 1701 366
882 2 2 10 4 1038 1887 1345
883 2 2 10 4 934 1769 1767
884 2 2 10 4 425 1731 1570
885 2 2 10 4 1588 1726 1585
886 2 2 10 4 154 2374 244
887 2 2 10 4 687 1620 865
888 2 2 10 4 1491 2117 1492
889 2 2 10 4 1792 1803 787
890 2 2 10 4 1829 2252 1926
891 2 2 10 4 449 1627 588
892 2 2 10 4 366 1701 368
893 2 2 10 4 1920 2319 252
894 2 2 10 4 770 1705 767
895 2 2 10 4 1777 2441 186
896 2 2 10 4 1734 2110 1059
897 2 2 10 4 1176 1816 1409
898 2 2 10 4 124 2244 1540
899 2 2 10 4 845 1672 1204
900 2 2 10 4 300 1648 48
901 2 2 10 4 2220 2243 1537
902 2 2 10 4 1585 1726 838
903 2 2 10 4 523 1594 520
904 2 2 10 4 646 1656 707
905 2 2 10 4 381 1799 377
906 2 2 10 4 1744 1784 1783
907 2 2 10 4 1312 2065 1599
908 2 2 10 4 1130 1692 799
909 2 2 10 4 748 1602 750
910 2 2 10 4 462 1591 460
911 2 2 10 4 577 1885 1582
912 2 2 10 4 22 1778 310
913 2 2 10 4 256 1778 23
914 2 2 10 4 1149 2004 1856
915 2 2 10 4 1539 2046 1250
916 2 2 10 4 1025 1800 1748
917 2 2 10 4 531 1654 585
918 2 2 10 4 1184 1650 1226
919 2 2 10 4 1582 1885 1281
920 2 2 10 4 1375 1689 1030
921 2 2 10 4 54 1738 307
922 2 2 10 4 842 2329 1408
923 2 2 10 4 931 1816 1614
924 2 2 10 4 1283 1816 1176
925 2 2 10 4 1168 1694 885
926 2 2 10 4 384 1614 386
927 2 2 10 4 975 1655 1314
928 2 2 10 4 1169 1582 1170
929 2 2 10 4 1911 2294 1492
930 2 2 10 4 245 1815 1619
931 2 2 10 4 1884 2144 1238
932 2 2 10 4 1769 2064 1978
933 2 2 10 4 885 1694 880
934 2 2 10 4 1676 1898 1674
935 2 2 10 4 1159 1780 982
936 2 2 10 4 1450 1805 1447
937 2 2 10 4 1030 1689 1029
938 2 2 10 4 403 1710 343
939 2 2 10 4 1378 1864 1375
940 2 2 10 4 1054 1812 1399
941 2 2 10 4 1615 1616 631
942 2 2 10 4 2071 2398 862
943 2 2 10 4 818 1577 816
944 2 2 10 4 1272 2143 1273
945 2 2 10 4 807 1707 805
946 2 2 10 4 1513 1871 1671
947 2 2 10 4 1781 1856 1236
948 2 2 10 4 1492 2117 1911
949 2 2 10 4 1549 2255 1271
950 2 2 10 4 297 1945 1787
951 2 2 10 4 2072 2326 1690
952 2 2 10 4 1540 2171 124
953 2 2 10 4 1180 2407 1932
954 2 2 10 4 1624 2214 1663
955 2 2 10 4 247 2075 1567
956 2 2 10 4 279 1987 1677
957 2 2 10 4 1149 2370 2004
958 2 2 10 4 1735 2407 1180
959 2 2 10 4 1926 1933 1739
960 2 2 10 4 1422 2100 1423
961 2 2 10 4 1738 2035 307
962 2 2 10 4 1108 1740 774
963 2 2 10 4 1694 1734 1059
964 2 2 10 4 1652 2396 1448
965 2 2 10 4 1562 1852 240
966 2 2 10 4 320 1660 656
967 2 2 10 4 1809 2050 1810
968 2 2 10 4 1172 1666 987
969 2 2 10 4 1375 1864 1689
970 2 2 10 4 2080 2135 369
971 2 2 10 4 958 1727 855
972 2 2 10 4 744 1604 1541
973 2 2 10 4 1337 2328 592
974 2 2 10 4 623 1621 622
975 2 2 10 4 133 2142 1553
976 2 2 10 4 1448 2384 1652
977 2 2 10 4 1607 2317 507
978 2 2 10 4 1390 1936 1691
979 2 2 10 4 1644 1645 1129
980 2 2 10 4 1311 2207 1942
981 2 2 10 4 1285 2388 1555
982 2 2 10 4 425 2019 414
983 2 2 10 4 1601 2063 1232
984 2 2 10 4 1759 2055 1969
985 2 2 10 4 1160 1776 763
986 2 2 10 4 1290 2230 1550
987 2 2 10 4 312 2269 1416
988 2 2 10 4 1145 2212 1205
989 2 2 10 4 767 1705 607
990 2 2 10 4 1762 2207 305
991 2 2 10 4 1786 1941 1368
992 2 2 10 4 1802 1953 1288
993 2 2 10 4 794 1856 1781
994 2 2 10 4 1596 1597 1534
995 2 2 10 4 382 1975 1561
996 2 2 10 4 1771 2033 798
997 2 2 10 4 1055 2313 1733
998 2 2 10 4 1523 1684 1543
999 2 2 10 4 1357 2221 1876
1000 2 2 10 4 1584 1585 838
1001 2 2 10 4 1250 2046 1371
1002 2 2 10 4 1551 2224 259
1003 2 2 10 4 1673 2227 417
1004 2 2 10 4 1720 2043 1349
1005 2 2 10 4 1584 1586 1585
1006 2 2 10 4 279 1677 9
1007 2 2 10 4 938 2378 2335
1008 2 2 10 4 1366 1702 1365
1009 2 2 10 4 1896 2002 2001
1010 2 2 10 4 1594 1928 766
1011 2 2 10 4 1712 1713 296
1012 2 2 10 4 330 1679 328
1013 2 2 10 4 48 1648 47
1014 2 2 10 4 799 1692 769
1015 2 2 10 4 238 1612 1542
1016 2 2 10 4 635 1766 1146
1017 2 2 10 4 1167 1727 958
1018 2 2 10 4 129 1747 271
1019 2 2 10 4 746 1541 760
1020 2 2 10 4 892 1671 1164
1021 2 2 10 4 1766 1767 1146
1022 2 2 10 4 91 1709 90
1023 2 2 10 4 2173 2332 1327
1024 2 2 10 4 1713 1715 1714
1025 2 2 10 4 621 622 620
1026 2 2 10 4 605 657 606
1027 2 2 10 4 659 1812 801
1028 2 2 10 4 590 1615 631
1029 2 2 10 4 591 659 645
1030 2 2 10 4 383 400 384
1031 2 2 10 4 2082 2102 658
1032 2 2 10 4 646 1807 1656
1033 2 2 10 4 608 620 418
1034 2 2 10 4 873 1681 872
1035 2 2 10 4 549 775 774
1036 2 2 10 4 768 769 767
1037 2 2 10 4 293 1861 1413
1038 2 2 10 4 454 605 604
1039 2 2 10 4 617 618 615
1040 2 2 10 4 766 767 607
1041 2 2 10 4 849 1780 780
1042 2 2 10 4 1501 2266 2010
1043 2 2 10 4 1494 2398 2071
1044 2 2 10 4 619 714 618
1045 2 2 10 4 1511 2267 1563
1046 2 2 10 4 696 1595 698
1047 2 2 10 4 1767 1768 1146
1048 2 2 10 4 540 591 550
1049 2 2 10 4 643 711 642
1050 2 2 10 4 1016 1848 1338
1051 2 2 10 4 965 1708 1707
1052 2 2 10 4 809 811 810
1053 2 2 10 4 1651 2236 1513
1054 2 2 10 4 410 436 409
1055 2 2 10 4 760 1602 748
1056 2 2 10 4 715 791 669
1057 2 2 10 4 774 1740 443
1058 2 2 10 4 1555 2287 1285
1059 2 2 10 4 386 1614 1613
1060 2 2 10 4 826 1925 1663
1061 2 2 10 4 1275 1811 1277
1062 2 2 10 4 1586 1641 1587
1063 2 2 10 4 1106 1557 1284
1064 2 2 10 4 1204 1643 1642
1065 2 2 10 4 341 1710 1659
1066 2 2 10 4 275 2054 72
1067 2 2 10 4 1427 1428 182
1068 2 2 10 4 1429 1430 148
1069 2 2 10 4 1495 1496 153
1070 2 2 10 4 1489 1490 205
1071 2 2 10 4 378 383 379
1072 2 2 10 4 1713 1714 296
1073 2 2 10 4 768 799 769
1074 2 2 10 4 766 768 767
1075 2 2 10 4 1362 1570 1361
1076 2 2 10 4 888 1782 405
1077 2 2 10 4 1618 2104 1529
1078 2 2 10 4 811 813 810
1079 2 2 10 4 368 1701 1675
1080 2 2 10 4 659 801 645
1081 2 2 10 4 1165 1800 1025
1082 2 2 10 4 591 645 550
1083 2 2 10 4 436 613 612
1084 2 2 10 4 460 1591 1590
1085 2 2 10 4 600 720 599
1086 2 2 10 4 1431 2192 1433
1087 2 2 10 4 1896 2001 1773
1088 2 2 10 4 775 776 774
1089 2 2 10 4 519 766 607
1090 2 2 10 4 816 1577 825
1091 2 2 10 4 737 784 738
1092 2 2 10 4 715 861 791
1093 2 2 10 4 714 830 829
1094 2 2 10 4 721 889 720
1095 2 2 10 4 529 1568 527
1096 2 2 10 4 1573 1575 477
1097 2 2 10 4 1132 1558 999
1098 2 2 10 4 678 1789 1123
1099 2 2 10 4 1635 2124 1636
1100 2 2 10 4 1578 2237 301
1101 2 2 10 4 46 1626 294
1102 2 2 10 4 1249 1673 1672
1103 2 2 10 4 613 615 614
1104 2 2 10 4 549 774 443
1105 2 2 10 4 776 1110 1109
1106 2 2 10 4 732 1824 714
1107 2 2 10 4 813 1028 966
1108 2 2 10 4 1833 2348 2259
1109 2 2 10 4 605 606 604
1110 2 2 10 4 657 658 606
1111 2 2 10 4 1595 1911 1010
1112 2 2 10 4 1492 1647 233
1113 2 2 10 4 1433 1519 284
1114 2 2 10 4 1305 1706 1293
1115 2 2 10 4 1028 1029 966
1116 2 2 10 4 292 1437 1436
1117 2 2 10 4 1445 1446 263
1118 2 2 10 4 1514 1515 235
1119 2 2 10 4 1438 1439 277
1120 2 2 10 4 1434 1435 246
1121 2 2 10 4 1442 1443 237
1122 2 2 10 4 1518 1660 289
1123 2 2 10 4 433 549 443
1124 2 2 10 4 1816 2372 1409
1125 2 2 10 4 816 825 814
1126 2 2 10 4 56 1712 296
1127 2 2 10 4 1869 2241 1996
1128 2 2 10 4 1089 2366 1872
1129 2 2 10 4 1624 1663 1597
1130 2 2 10 4 1690 2326 602
1131 2 2 10 4 470 471 400
1132 2 2 10 4 572 578 574
1133 2 2 10 4 780 860 778
1134 2 2 10 4 969 1169 1087
1135 2 2 10 4 1390 1691 1044
1136 2 2 10 4 1170 1281 1280
1137 2 2 10 4 685 1620 687
1138 2 2 10 4 519 607 517
1139 2 2 10 4 687 865 696
1140 2 2 10 4 464 586 462
1141 2 2 10 4 1311 1942 1678
1142 2 2 10 4 2192 2243 1018
1143 2 2 10 4 580 639 590
1144 2 2 10 4 2259 2348 1520
1145 2 2 10 4 746 760 748
1146 2 2 10 4 1677 1678 315
1147 2 2 10 4 126 1794 262
1148 2 2 10 4 667 715 669
1149 2 2 10 4 809 810 807
1150 2 2 10 4 80 1751 302
1151 2 2 10 4 1169 1170 1087
1152 2 2 10 4 447 1627 449
1153 2 2 10 4 938 2335 1792
1154 2 2 10 4 860 2334 1629
1155 2 2 10 4 1110 1111 1109
1156 2 2 10 4 540 550 478
1157 2 2 10 4 1104 1206 1106
1158 2 2 10 4 1580 1582 1169
1159 2 2 10 4 451 1576 453
1160 2 2 10 4 1568 1690 602
1161 2 2 10 4 987 1666 926
1162 2 2 10 4 393 394 381
1163 2 2 10 4 527 602 525
1164 2 2 10 4 622 1317 994
1165 2 2 10 4 468 629 466
1166 2 2 10 4 641 642 623
1167 2 2 10 4 1756 1757 306
1168 2 2 10 4 1571 2435 1077
1169 2 2 10 4 2047 2110 1444
1170 2 2 10 4 694 1729 734
1171 2 2 10 4 441 1731 426
1172 2 2 10 4 713 853 711
1173 2 2 10 4 1672 1903 1204
1174 2 2 10 4 472 473 471
1175 2 2 10 4 449 588 451
1176 2 2 10 4 1028 1030 1029
1177 2 2 10 4 454 604 441
1178 2 2 10 4 397 409 395
1179 2 2 10 4 424 2064 1769
1180 2 2 10 4 1249 1672 932
1181 2 2 10 4 415 418 416
1182 2 2 10 4 608 621 620
1183 2 2 10 4 475 477 473
1184 2 2 10 4 460 1590 457
1185 2 2 10 4 581 1662 337
1186 2 2 10 4 805 1175 803
1187 2 2 10 4 624 1739 548
1188 2 2 10 4 1406 2329 1602
1189 2 2 10 4 311 2265 1559
1190 2 2 10 4 1281 1538 1280
1191 2 2 10 4 1661 2257 394
1192 2 2 10 4 587 1906 1605
1193 2 2 10 4 1429 1537 1430
1194 2 2 10 4 1204 1642 843
1195 2 2 10 4 343 1710 341
1196 2 2 10 4 621 623 622
1197 2 2 10 4 354 838 352
1198 2 2 10 4 1798 1963 1962
1199 2 2 10 4 333 1679 330
1200 2 2 10 4 1598 2285 1417
1201 2 2 10 4 2197 2312 1328
1202 2 2 10 4 2109 2114 1369
1203 2 2 10 4 926 927 832
1204 2 2 10 4 1491 1492 233
1205 2 2 10 4 1431 1433 284
1206 2 2 10 4 820 839 818
1207 2 2 10 4 622 1621 1317
1208 2 2 10 4 707 1656 940
1209 2 2 10 4 2107 2327 1198
1210 2 2 10 4 474 475 473
1211 2 2 10 4 1692 2192 1018
1212 2 2 10 4 639 1615 590
1213 2 2 10 4 499 601 497
1214 2 2 10 4 778 1639 775
1215 2 2 10 4 415 608 418
1216 2 2 10 4 946 947 732
1217 2 2 10 4 531 585 529
1218 2 2 10 4 647 1679 333
1219 2 2 10 4 112 1790 261
1220 2 2 10 4 419 1633 427
1221 2 2 10 4 552 599 547
1222 2 2 10 4 301 2411 1578
1223 2 2 10 4 560 1605 562
1224 2 2 10 4 1764 2309 1487
1225 2 2 10 4 1182 1650 1184
1226 2 2 10 4 1643 2341 1644
1227 2 2 10 4 43 1596 274
1228 2 2 10 4 655 737 736
1229 2 2 10 4 383 384 379
1230 2 2 10 4 27 1752 267
1231 2 2 10 4 804 805 803
1232 2 2 10 4 2188 2210 1397
1233 2 2 10 4 356 1583 354
1234 2 2 10 4 727 1753 681
1235 2 2 10 4 272 1745 108
1236 2 2 10 4 383 1674 470
1237 2 2 10 4 843 1642 756
1238 2 2 10 4 471 931 400
1239 2 2 10 4 386 1613 388
1240 2 2 10 4 453 592 545
1241 2 2 10 4 1577 1667 825
1242 2 2 10 4 477 1575 473
1243 2 2 10 4 1206 1557 1106
1244 2 2 10 4 337 1662 335
1245 2 2 10 4 831 832 657
1246 2 2 10 4 562 1605 565
1247 2 2 10 4 534 1807 536
1248 2 2 10 4 677 2033 679
1249 2 2 10 4 393 395 394
1250 2 2 10 4 457 1590 455
1251 2 2 10 4 388 401 399
1252 2 2 10 4 442 454 441
1253 2 2 10 4 291 1425 232
1254 2 2 10 4 1593 1594 523
1255 2 2 10 4 1574 1649 1572
1256 2 2 10 4 1407 2390 270
1257 2 2 10 4 932 1672 845
1258 2 2 10 4 865 1595 696
1259 2 2 10 4 533 1654 531
1260 2 2 10 4 527 1568 602
1261 2 2 10 4 613 617 615
1262 2 2 10 4 806 807 805
1263 2 2 10 4 617 619 618
1264 2 2 10 4 1676 2135 1996
1265 2 2 10 4 1184 1226 1186
1266 2 2 10 4 368 1675 371
1267 2 2 10 4 940 1655 975
1268 2 2 10 4 303 2063 1601
1269 2 2 10 4 1579 1580 1169
1270 2 2 10 4 1569 2333 268
1271 2 2 10 4 476 478 475
1272 2 2 10 4 294 1626 1625
1273 2 2 10 4 558 587 560
1274 2 2 10 4 1419 1828 955
1275 2 2 10 4 850 1671 892
1276 2 2 10 4 889 890 720
1277 2 2 10 4 1507 1871 281
1278 2 2 10 4 490 2134 487
1279 2 2 10 4 359 406 356
1280 2 2 10 4 1101 1606 1104
1281 2 2 10 4 744 746 745
1282 2 2 10 4 308 1688 77
1283 2 2 10 4 593 611 595
1284 2 2 10 4 289 1660 320
1285 2 2 10 4 665 667 666
1286 2 2 10 4 573 1832 571
1287 2 2 10 4 619 732 714
1288 2 2 10 4 588 1576 451
1289 2 2 10 4 525 1593 523
1290 2 2 10 4 643 713 711
1291 2 2 10 4 504 505 501
1292 2 2 10 4 777 778 775
1293 2 2 10 4 418 1633 419
1294 2 2 10 4 402 415 408
1295 2 2 10 4 737 790 784
1296 2 2 10 4 641 643 642
1297 2 2 10 4 423 425 414
1298 2 2 10 4 479 540 478
1299 2 2 10 4 1650 1821 1226
1300 2 2 10 4 975 1314 1085
1301 2 2 10 4 925 926 832
1302 2 2 10 4 1229 1737 1228
1303 2 2 10 4 540 2020 1930
1304 2 2 10 4 808 809 807
1305 2 2 10 4 406 1583 356
1306 2 2 10 4 1584 1589 1586
1307 2 2 10 4 1586 1587 1585
1308 2 2 10 4 481 2136 2020
1309 2 2 10 4 2046 2167 1371
1310 2 2 10 4 1623 1624 1597
1311 2 2 10 4 1076 1874 1735
1312 2 2 10 4 302 1721 79
1313 2 2 10 4 397 410 409
1314 2 2 10 4 1182 1932 1650
1315 2 2 10 4 1679 2355 1889
1316 2 2 10 4 1443 2110 1734
1317 2 2 10 4 1790 1791 261
1318 2 2 10 4 860 1639 778
1319 2 2 10 4 1168 1734 1694
1320 2 2 10 4 746 748 747
1321 2 2 10 4 2050 2308 1810
1322 2 2 10 4 667 669 668
1323 2 2 10 4 769 771 770
1324 2 2 10 4 660 796 659
1325 2 2 10 4 753 802 752
1326 2 2 10 4 310 1743 1742
1327 2 2 10 4 1590 2352 1134
1328 2 2 10 4 1711 1712 57
1329 2 2 10 4 940 1656 1655
1330 2 2 10 4 1488 1805 1450
1331 2 2 10 4 840 1651 850
1332 2 2 10 4 172 1683 173
1333 2 2 10 4 181 1427 182
1334 2 2 10 4 174 1510 175
1335 2 2 10 4 212 1511 213
1336 2 2 10 4 204 1489 205
1337 2 2 10 4 152 1495 153
1338 2 2 10 4 198 319 199
1339 2 2 10 4 230 1422 231
1340 2 2 10 4 209 1501 210
1341 2 2 10 4 168 1512 169
1342 2 2 10 4 147 1429 148
1343 2 2 10 4 225 1506 226
1344 2 2 10 4 207 1647 208
1345 2 2 10 4 218 1508 219
1346 2 2 10 4 190 1805 191
1347 2 2 10 4 171 1775 172
1348 2 2 10 4 150 1519 151
1349 2 2 10 4 164 1498 165
1350 2 2 10 4 731 1579 969
1351 2 2 10 4 1767 1769 1768
1352 2 2 10 4 1638 2127 241
1353 2 2 10 4 1618 2268 1667
1354 2 2 10 4 812 814 811
1355 2 2 10 4 570 572 571
1356 2 2 10 4 388 1613 401
1357 2 2 10 4 1246 1382 1244
1358 2 2 10 4 698 1010 700
1359 2 2 10 4 280 2218 1535
1360 2 2 10 4 828 1039 1038
1361 2 2 10 4 725 752 723
1362 2 2 10 4 352 1726 349
1363 2 2 10 4 1077 2197 1571
1364 2 2 10 4 241 1877 1638
1365 2 2 10 4 769 1692 771
1366 2 2 10 4 1317 2276 1872
1367 2 2 10 4 671 803 584
1368 2 2 10 4 67 1759 66
1369 2 2 10 4 1966 2252 2170
1370 2 2 10 4 771 1692 1018
1371 2 2 10 4 1529 2104 1440
1372 2 2 10 4 508 509 506
1373 2 2 10 4 2041 2341 1643
1374 2 2 10 4 28 1752 27
1375 2 2 10 4 440 441 426
1376 2 2 10 4 2065 2409 1599
1377 2 2 10 4 378 379 374
1378 2 2 10 4 736 1863 735
1379 2 2 10 4 57 1712 56
1380 2 2 10 4 1942 2056 315
1381 2 2 10 4 562 565 564
1382 2 2 10 4 1402 1541 1403
1383 2 2 10 4 670 1704 685
1384 2 2 10 4 889 1763 1019
1385 2 2 10 4 2010 2321 234
1386 2 2 10 4 1966 2170 469
1387 2 2 10 4 329 1809 331
1388 2 2 10 4 1648 1718 1626
1389 2 2 10 4 779 780 778
1390 2 2 10 4 1063 2072 1690
1391 2 2 10 4 436 612 409
1392 2 2 10 4 251 1555 1495
1393 2 2 10 4 238 1542 1489
1394 2 2 10 4 756 1129 754
1395 2 2 10 4 750 842 840
1396 2 2 10 4 58 1711 57
1397 2 2 10 4 302 2151 1860
1398 2 2 10 4 748 750 749
1399 2 2 10 4 517 1603 514
1400 2 2 10 4 876 1681 873
1401 2 2 10 4 572 574 573
1402 2 2 10 4 1376 1730 1378
1403 2 2 10 4 597 744 743
1404 2 2 10 4 714 829 618
1405 2 2 10 4 711 712 642
1406 2 2 10 4 431 433 432
1407 2 2 10 4 662 665 664
1408 2 2 10 4 1678 2003 1311
1409 2 2 10 4 558 1983 587
1410 2 2 10 4 552 600 599
1411 2 2 10 4 1900 2205 1589
1412 2 2 10 4 734 1729 952
1413 2 2 10 4 861 924 791
1414 2 2 10 4 144 1867 145
1415 2 2 10 4 1676 1996 1898
1416 2 2 10 4 600 721 720
1417 2 2 10 4 814 1628 811
1418 2 2 10 4 784 1652 938
1419 2 2 10 4 419 427 421
1420 2 2 10 4 1652 2384 2378
1421 2 2 10 4 946 1717 948
1422 2 2 10 4 1160 2079 1776
1423 2 2 10 4 673 1818 495
1424 2 2 10 4 702 2125 1641
1425 2 2 10 4 1687 2327 2107
1426 2 2 10 4 946 948 947
1427 2 2 10 4 1711 1716 1712
1428 2 2 10 4 789 902 901
1429 2 2 10 4 999 1248 1000
1430 2 2 10 4 737 738 736
1431 2 2 10 4 793 1697 637
1432 2 2 10 4 1480 1886 1810
1433 2 2 10 4 784 785 738
1434 2 2 10 4 1432 2220 1537
1435 2 2 10 4 1697 1766 637
1436 2 2 10 4 815 816 814
1437 2 2 10 4 1110 1112 1111
1438 2 2 10 4 613 614 612
1439 2 2 10 4 335 647 333
1440 2 2 10 4 1019 1763 1550
1441 2 2 10 4 512 513 510
1442 2 2 10 4 365 382 363
1443 2 2 10 4 592 593 545
1444 2 2 10 4 547 1774 468
1445 2 2 10 4 518 519 517
1446 2 2 10 4 703 862 782
1447 2 2 10 4 1366 1854 1702
1448 2 2 10 4 615 1847 616
1449 2 2 10 4 1112 1793 1111
1450 2 2 10 4 834 1739 624
1451 2 2 10 4 106 1744 265
1452 2 2 10 4 55 1738 54
1453 2 2 10 4 609 1827 739
1454 2 2 10 4 566 570 568
1455 2 2 10 4 855 1727 824
1456 2 2 10 4 902 1803 1092
1457 2 2 10 4 1972 2260 1162
1458 2 2 10 4 848 849 780
1459 2 2 10 4 750 840 751
1460 2 2 10 4 1129 1646 754
1461 2 2 10 4 383 470 400
1462 2 2 10 4 1563 2267 1271
1463 2 2 10 4 1651 1671 850
1464 2 2 10 4 830 991 829
1465 2 2 10 4 433 443 434
1466 2 2 10 4 310 1778 1743
1467 2 2 10 4 574 576 575
1468 2 2 10 4 813 966 965
1469 2 2 10 4 1078 1735 1180
1470 2 2 10 4 801 895 894
1471 2 2 10 4 401 402 399
1472 2 2 10 4 461 462 460
1473 2 2 10 4 1447 1805 263
1474 2 2 10 4 643 1837 764
1475 2 2 10 4 577 1832 573
1476 2 2 10 4 986 987 926
1477 2 2 10 4 711 1946 712
1478 2 2 10 4 1095 2189 1700
1479 2 2 10 4 780 1780 860
1480 2 2 10 4 1562 2263 1336
1481 2 2 10 4 926 1666 927
1482 2 2 10 4 880 1694 878
1483 2 2 10 4 752 1657 723
1484 2 2 10 4 662 1951 665
1485 2 2 10 4 615 616 614
1486 2 2 10 4 1092 1803 1415
1487 2 2 10 4 657 2082 658
1488 2 2 10 4 273 1859 88
1489 2 2 10 4 1762 2056 1942
1490 2 2 10 4 863 1132 999
1491 2 2 10 4 952 1729 1173
1492 2 2 10 4 998 1160 763
1493 2 2 10 4 782 1637 828
1494 2 2 10 4 8 1677 315
1495 2 2 10 4 936 2141 1995
1496 2 2 10 4 622 994 620
1497 2 2 10 4 845 1204 843
1498 2 2 10 4 1196 1981 1753
1499 2 2 10 4 1557 2233 1284
1500 2 2 10 4 817 818 816
1501 2 2 10 4 805 1707 1175
1502 2 2 10 4 428 431 430
1503 2 2 10 4 824 1072 822
1504 2 2 10 4 830 1824 1060
1505 2 2 10 4 1060 1824 1600
1506 2 2 10 4 787 1803 789
1507 2 2 10 4 2276 2299 1872
1508 2 2 10 4 378 1674 383
1509 2 2 10 4 802 1067 752
1510 2 2 10 4 837 1753 727
1511 2 2 10 4 1525 2226 2058
1512 2 2 10 4 801 1054 895
1513 2 2 10 4 776 1109 1108
1514 2 2 10 4 878 1059 876
1515 2 2 10 4 604 1731 441
1516 2 2 10 4 1652 2378 938
1517 2 2 10 4 602 1593 525
1518 2 2 10 4 685 687 686
1519 2 2 10 4 870 1081 868
1520 2 2 10 4 790 1652 784
1521 2 2 10 4 2035 2193 307
1522 2 2 10 4 1848 1957 1338
1523 2 2 10 4 1029 1689 1032
1524 2 2 10 4 1722 2420 1723
1525 2 2 10 4 889 1019 890
1526 2 2 10 4 2128 2297 1499
1527 2 2 10 4 1821 2044 1226
1528 2 2 10 4 784 938 785
1529 2 2 10 4 641 1837 643
1530 2 2 10 4 882 885 880
1531 2 2 10 4 1746 1747 130
1532 2 2 10 4 470 472 471
1533 2 2 10 4 505 2303 1397
1534 2 2 10 4 516 517 514
1535 2 2 10 4 1104 1606 1206
1536 2 2 10 4 830 1003 991
1537 2 2 10 4 1161 1739 834
1538 2 2 10 4 870 1669 1081
1539 2 2 10 4 224 1421 269
1540 2 2 10 4 189 1445 263
1541 2 2 10 4 292 1436 220
1542 2 2 10 4 278 1530 187
1543 2 2 10 4 252 1518 196
1544 2 2 10 4 236 1500 184
1545 2 2 10 4 146 1815 245
1546 2 2 10 4 160 1438 277
1547 2 2 10 4 180 1562 240
1548 2 2 10 4 142 1527 1442
1549 2 2 10 4 249 1520 222
1550 2 2 10 4 229 1517 290
1551 2 2 10 4 140 1514 235
1552 2 2 10 4 143 1442 237
1553 2 2 10 4 287 1426 176
1554 2 2 10 4 177 1426 247
1555 2 2 10 4 246 1706 201
1556 2 2 10 4 285 1507 166
1557 2 2 10 4 227 1610 282
1558 2 2 10 4 282 1517 228
1559 2 2 10 4 159 1528 1438
1560 2 2 10 4 221 1436 249
1561 2 2 10 4 185 1500 283
1562 2 2 10 4 167 1507 281
1563 2 2 10 4 214 1563 239
1564 2 2 10 4 264 1528 158
1565 2 2 10 4 235 1527 141
1566 2 2 10 4 157 1730 264
1567 2 2 10 4 200 1434 246
1568 2 2 10 4 223 1520 1421
1569 2 2 10 4 197 1518 289
1570 2 2 10 4 188 1530 1445
1571 2 2 10 4 373 1798 376
1572 2 2 10 4 161 1914 162
1573 2 2 10 4 463 464 462
1574 2 2 10 4 969 1087 1086
1575 2 2 10 4 869 870 868
1576 2 2 10 4 1423 1424 291
1577 2 2 10 4 1499 1699 285
1578 2 2 10 4 1029 1032 1031
1579 2 2 10 4 1648 1719 1718
1580 2 2 10 4 376 377 375
1581 2 2 10 4 1792 2335 1415
1582 2 2 10 4 576 580 579
1583 2 2 10 4 1426 2343 2075
1584 2 2 10 4 820 2077 839
1585 2 2 10 4 1268 2130 1533
1586 2 2 10 4 1271 2255 1563
1587 2 2 10 4 504 506 505
1588 2 2 10 4 1277 1811 1405
1589 2 2 10 4 339 581 337
1590 2 2 10 4 1362 2019 1570
1591 2 2 10 4 1278 1811 1275
1592 2 2 10 4 1945 2425 1787
1593 2 2 10 4 236 2088 1500
1594 2 2 10 4 803 1617 584
1595 2 2 10 4 423 426 425
1596 2 2 10 4 1547 2247 313
1597 2 2 10 4 459 460 457
1598 2 2 10 4 983 984 799
1599 2 2 10 4 1423 2271 1521
1600 2 2 10 4 415 416 408
1601 2 2 10 4 829 1847 618
1602 2 2 10 4 1962 1963 1156
1603 2 2 10 4 794 1781 1048
1604 2 2 10 4 1341 1697 1049
1605 2 2 10 4 1170 1280 1279
1606 2 2 10 4 248 2250 1509
1607 2 2 10 4 819 820 818
1608 2 2 10 4 687 696 688
1609 2 2 10 4 809 1691 812
1610 2 2 10 4 2039 2355 1679
1611 2 2 10 4 2211 2240 1215
1612 2 2 10 4 1205 2212 1865
1613 2 2 10 4 980 981 849
1614 2 2 10 4 948 1125 947
1615 2 2 10 4 2173 2337 2332
1616 2 2 10 4 1389 1390 1044
1617 2 2 10 4 418 419 416
1618 2 2 10 4 472 474 473
1619 2 2 10 4 1342 2377 1789
1620 2 2 10 4 1684 1791 1790
1621 2 2 10 4 953 1998 1419
1622 2 2 10 4 1285 1736 1062
1623 2 2 10 4 957 958 855
1624 2 2 10 4 670 685 684
1625 2 2 10 4 1097 1847 829
1626 2 2 10 4 1780 2334 860
1627 2 2 10 4 380 381 377
1628 2 2 10 4 570 1890 572
1629 2 2 10 4 796 1812 659
1630 2 2 10 4 1800 2054 275
1631 2 2 10 4 605 831 657
1632 2 2 10 4 1259 2288 1564
1633 2 2 10 4 1190 2194 2122
1634 2 2 10 4 981 982 849
1635 2 2 10 4 867 868 797
1636 2 2 10 4 1999 2026 304
1637 2 2 10 4 1196 1753 837
1638 2 2 10 4 465 466 464
1639 2 2 10 4 771 910 772
1640 2 2 10 4 1017 1249 932
1641 2 2 10 4 1682 2080 2070
1642 2 2 10 4 503 2116 1557
1643 2 2 10 4 524 525 523
1644 2 2 10 4 1750 1751 81
1645 2 2 10 4 1039 1041 1040
1646 2 2 10 4 580 590 589
1647 2 2 10 4 2028 2113 1383
1648 2 2 10 4 1246 1383 1382
1649 2 2 10 4 840 850 841
1650 2 2 10 4 1718 1991 985
1651 2 2 10 4 731 969 968
1652 2 2 10 4 984 1130 799
1653 2 2 10 4 1197 1554 1196
1654 2 2 10 4 266 1746 131
1655 2 2 10 4 375 2066 370
1656 2 2 10 4 603 1891 1155
1657 2 2 10 4 1082 2359 1355
1658 2 2 10 4 536 1807 646
1659 2 2 10 4 77 1688 76
1660 2 2 10 4 913 919 918
1661 2 2 10 4 1039 1040 1038
1662 2 2 10 4 276 1711 58
1663 2 2 10 4 789 1803 902
1664 2 2 10 4 1419 2170 1828
1665 2 2 10 4 637 1766 635
1666 2 2 10 4 862 1637 782
1667 2 2 10 4 506 2277 505
1668 2 2 10 4 671 804 803
1669 2 2 10 4 902 904 903
1670 2 2 10 4 1669 2245 1516
1671 2 2 10 4 952 1173 1099
1672 2 2 10 4 719 1868 706
1673 2 2 10 4 725 753 752
1674 2 2 10 4 1155 1884 792
1675 2 2 10 4 485 486 483
1676 2 2 10 4 1764 1836 1476
1677 2 2 10 4 107 1745 1744
1678 2 2 10 4 1597 1925 1534
1679 2 2 10 4 1081 2006 868
1680 2 2 10 4 371 378 374
1681 2 2 10 4 969 1579 1169
1682 2 2 10 4 271 2399 1723
1683 2 2 10 4 444 1740 447
1684 2 2 10 4 1668 1914 277
1685 2 2 10 4 447 449 448
1686 2 2 10 4 474 476 475
1687 2 2 10 4 804 806 805
1688 2 2 10 4 720 1894 599
1689 2 2 10 4 32 316 31
1690 2 2 10 4 1906 2098 1605
1691 2 2 10 4 508 510 509
1692 2 2 10 4 8 315 7
1693 2 2 10 4 1537 2243 1430
1694 2 2 10 4 930 1161 834
1695 2 2 10 4 821 822 820
1696 2 2 10 4 301 2281 1418
1697 2 2 10 4 696 698 697
1698 2 2 10 4 30 280 29
1699 2 2 10 4 10 279 9
1700 2 2 10 4 549 777 775
1701 2 2 10 4 897 1571 1328
1702 2 2 10 4 440 442 441
1703 2 2 10 4 565 566 564
1704 2 2 10 4 1596 1623 1597
1705 2 2 10 4 1010 2071 700
1706 2 2 10 4 1104 1106 1105
1707 2 2 10 4 1969 2055 316
1708 2 2 10 4 714 1824 830
1709 2 2 10 4 1823 2401 275
1710 2 2 10 4 392 393 381
1711 2 2 10 4 1947 2014 650
1712 2 2 10 4 276 1732 1711
1713 2 2 10 4 417 1988 1903
1714 2 2 10 4 76 1688 295
1715 2 2 10 4 1386 1793 1112
1716 2 2 10 4 78 1721 308
1717 2 2 10 4 1767 1814 934
1718 2 2 10 4 522 523 520
1719 2 2 10 4 1028 1373 1030
1720 2 2 10 4 1226 1737 1186
1721 2 2 10 4 1062 1736 984
1722 2 2 10 4 842 1651 840
1723 2 2 10 4 68 1756 306
1724 2 2 10 4 130 1747 129
1725 2 2 10 4 299 1750 82
1726 2 2 10 4 591 660 659
1727 2 2 10 4 526 527 525
1728 2 2 10 4 2070 2080 369
1729 2 2 10 4 1782 1983 556
1730 2 2 10 4 467 468 466
1731 2 2 10 4 838 1726 352
1732 2 2 10 4 1779 1943 1849
1733 2 2 10 4 607 1705 1603
1734 2 2 10 4 1930 2020 1240
1735 2 2 10 4 1317 1872 994
1736 2 2 10 4 1032 1153 1034
1737 2 2 10 4 331 1809 391
1738 2 2 10 4 1016 1338 1302
1739 2 2 10 4 442 455 454
1740 2 2 10 4 1679 1889 328
1741 2 2 10 4 769 770 767
1742 2 2 10 4 74 1823 73
1743 2 2 10 4 802 1776 1069
1744 2 2 10 4 27 267 26
1745 2 2 10 4 744 745 743
1746 2 2 10 4 919 921 920
1747 2 2 10 4 590 631 630
1748 2 2 10 4 13 268 12
1749 2 2 10 4 1137 1196 837
1750 2 2 10 4 1545 1919 1532
1751 2 2 10 4 1142 2295 1653
1752 2 2 10 4 1410 1839 884
1753 2 2 10 4 665 666 664
1754 2 2 10 4 455 1892 454
1755 2 2 10 4 1444 2110 1443
1756 2 2 10 4 640 641 623
1757 2 2 10 4 1772 2001 2000
1758 2 2 10 4 1032 1034 1033
1759 2 2 10 4 809 812 811
1760 2 2 10 4 38 1760 1698
1761 2 2 10 4 831 925 832
1762 2 2 10 4 2035 2229 1258
1763 2 2 10 4 882 886 885
1764 2 2 10 4 444 447 446
1765 2 2 10 4 1111 1793 1114
1766 2 2 10 4 806 808 807
1767 2 2 10 4 476 479 478
1768 2 2 10 4 405 1782 438
1769 2 2 10 4 927 2082 832
1770 2 2 10 4 1111 1114 1113
1771 2 2 10 4 771 1018 910
1772 2 2 10 4 403 1834 1710
1773 2 2 10 4 345 403 343
1774 2 2 10 4 1460 1836 1473
1775 2 2 10 4 373 375 370
1776 2 2 10 4 449 451 450
1777 2 2 10 4 1023 1725 1724
1778 2 2 10 4 1203 1341 1049
1779 2 2 10 4 1716 2068 1713
1780 2 2 10 4 489 490 487
1781 2 2 10 4 1305 2176 1706
1782 2 2 10 4 871 872 870
1783 2 2 10 4 1373 1374 1030
1784 2 2 10 4 685 1704 1620
1785 2 2 10 4 1476 1920 1764
1786 2 2 10 4 1542 1902 1493
1787 2 2 10 4 746 747 745
1788 2 2 10 4 384 386 385
1789 2 2 10 4 676 1818 673
1790 2 2 10 4 427 428 421
1791 2 2 10 4 825 1628 814
1792 2 2 10 4 1579 1581 1580
1793 2 2 10 4 396 397 395
1794 2 2 10 4 667 668 666
1795 2 2 10 4 607 1603 517
1796 2 2 10 4 1771 1772 1770
1797 2 2 10 4 703 2071 862
1798 2 2 10 4 1719 1991 1718
1799 2 2 10 4 872 1669 870
1800 2 2 10 4 1106 1284 1191
1801 2 2 10 4 698 700 699
1802 2 2 10 4 823 824 822
1803 2 2 10 4 1101 1104 1103
1804 2 2 10 4 902 903 901
1805 2 2 10 4 709 1789 678
1806 2 2 10 4 131 1746 130
1807 2 2 10 4 1132 1770 1558
1808 2 2 10 4 9 1677 8
1809 2 2 10 4 878 1694 1059
1810 2 2 10 4 1248 1806 1000
1811 2 2 10 4 2132 2288 282
1812 2 2 10 4 753 1776 802
1813 2 2 10 4 1810 1853 1480
1814 2 2 10 4 1975 2304 1135
1815 2 2 10 4 1059 1681 876
1816 2 2 10 4 1081 2262 1526
1817 2 2 10 4 988 989 987
1818 2 2 10 4 994 1872 1634
1819 2 2 10 4 81 1751 80
1820 2 2 10 4 1382 2156 1244
1821 2 2 10 4 824 1727 1072
1822 2 2 10 4 1671 1871 1164
1823 2 2 10 4 1795 2323 1297
1824 2 2 10 4 2310 2435 1571
1825 2 2 10 4 107 1744 106
1826 2 2 10 4 1234 1870 1233
1827 2 2 10 4 512 514 513
1828 2 2 10 4 317 2247 1547
1829 2 2 10 4 1395 2260 1972
1830 2 2 10 4 2277 2303 505
1831 2 2 10 4 496 497 494
1832 2 2 10 4 739 1827 1002
1833 2 2 10 4 528 529 527
1834 2 2 10 4 106 265 105
1835 2 2 10 4 109 272 108
1836 2 2 10 4 132 266 131
1837 2 2 10 4 129 271 128
1838 2 2 10 4 546 547 468
1839 2 2 10 4 1917 1954 1818
1840 2 2 10 4 1601 2306 303
1841 2 2 10 4 570 571 568
1842 2 2 10 4 802 1068 1067
1843 2 2 10 4 1208 2151 1751
1844 2 2 10 4 79 1721 78
1845 2 2 10 4 1589 2205 1586
1846 2 2 10 4 1987 2433 1677
1847 2 2 10 4 631 655 654
1848 2 2 10 4 842 2236 1651
1849 2 2 10 4 925 986 926
1850 2 2 10 4 808 1691 809
1851 2 2 10 4 931 2372 1816
1852 2 2 10 4 777 779 778
1853 2 2 10 4 1146 1749 633
1854 2 2 10 4 1729 1935 1173
1855 2 2 10 4 1180 1182 1181
1856 2 2 10 4 861 1121 924
1857 2 2 10 4 1272 2122 1640
1858 2 2 10 4 1061 1062 984
1859 2 2 10 4 505 2210 501
1860 2 2 10 4 499 2210 601
1861 2 2 10 4 1324 2219 1719
1862 2 2 10 4 1076 1735 1078
1863 2 2 10 4 611 2242 1858
1864 2 2 10 4 1876 2221 1329
1865 2 2 10 4 1298 1665 1664
1866 2 2 10 4 82 1750 81
1867 2 2 10 4 1387 1909 914
1868 2 2 10 4 748 749 747
1869 2 2 10 4 1476 1836 1465
1870 2 2 10 4 1482 1796 1470
1871 2 2 10 4 669 670 668
1872 2 2 10 4 902 1092 904
1873 2 2 10 4 78 308 77
1874 2 2 10 4 83 299 82
1875 2 2 10 4 451 453 452
1876 2 2 10 4 785 1792 787
1877 2 2 10 4 54 307 53
1878 2 2 10 4 1566 2102 2082
1879 2 2 10 4 49 300 48
1880 2 2 10 4 2058 2226 1428
1881 2 2 10 4 1809 1810 888
1882 2 2 10 4 572 573 571
1883 2 2 10 4 1872 2366 1634
1884 2 2 10 4 1899 1900 1589
1885 2 2 10 4 1715 2229 1714
1886 2 2 10 4 76 295 75
1887 2 2 10 4 877 878 876
1888 2 2 10 4 56 296 55
1889 2 2 10 4 850 892 851
1890 2 2 10 4 957 959 958
1891 2 2 10 4 1464 1465 1462
1892 2 2 10 4 438 1782 556
1893 2 2 10 4 52 301 51
1894 2 2 10 4 80 302 79
1895 2 2 10 4 886 1056 885
1896 2 2 10 4 86 293 85
1897 2 2 10 4 1469 1796 1478
1898 2 2 10 4 353 354 352
1899 2 2 10 4 493 494 491
1900 2 2 10 4 46 294 45
1901 2 2 10 4 1602 2329 842
1902 2 2 10 4 1049 1697 793
1903 2 2 10 4 112 261 111
1904 2 2 10 4 126 262 125
1905 2 2 10 4 1469 1476 1465
1906 2 2 10 4 1284 1347 1342
1907 2 2 10 4 1768 1978 396
1908 2 2 10 4 771 772 770
1909 2 2 10 4 1366 2363 1944
1910 2 2 10 4 1216 2132 1610
1911 2 2 10 4 1172 2283 1879
1912 2 2 10 4 411 412 410
1913 2 2 10 4 1054 1071 895
1914 2 2 10 4 576 2431 580
1915 2 2 10 4 162 2069 163
1916 2 2 10 4 854 855 824
1917 2 2 10 4 660 797 796
1918 2 2 10 4 700 703 701
1919 2 2 10 4 108 1745 107
1920 2 2 10 4 1950 2063 104
1921 2 2 10 4 267 1702 26
1922 2 2 10 4 1541 1604 1403
1923 2 2 10 4 1889 2355 891
1924 2 2 10 4 256 1779 1778
1925 2 2 10 4 1781 1953 1048
1926 2 2 10 4 409 1661 395
1927 2 2 10 4 1430 2243 1431
1928 2 2 10 4 1505 2418 2129
1929 2 2 10 4 813 965 810
1930 2 2 10 4 830 1060 1003
1931 2 2 10 4 1466 1469 1465
1932 2 2 10 4 1261 2096 1703
1933 2 2 10 4 768 983 799
1934 2 2 10 4 59 276 58
1935 2 2 10 4 1233 1870 1799
1936 2 2 10 4 733 946 732
1937 2 2 10 4 386 388 387
1938 2 2 10 4 910 1070 1004
1939 2 2 10 4 812 815 814
1940 2 2 10 4 73 275 72
1941 2 2 10 4 599 1774 547
1942 2 2 10 4 801 894 645
1943 2 2 10 4 764 765 713
1944 2 2 10 4 431 432 430
1945 2 2 10 4 391 888 405
1946 2 2 10 4 963 1139 961
1947 2 2 10 4 498 499 497
1948 2 2 10 4 1300 1352 1351
1949 2 2 10 4 1203 2322 1341
1950 2 2 10 4 1078 1180 1080
1951 2 2 10 4 1858 2440 611
1952 2 2 10 4 1765 1881 1122
1953 2 2 10 4 1342 1875 1191
1954 2 2 10 4 795 1900 1899
1955 2 2 10 4 1711 1732 1716
1956 2 2 10 4 211 2010 234
1957 2 2 10 4 43 274 42
1958 2 2 10 4 875 876 873
1959 2 2 10 4 89 273 88
1960 2 2 10 4 999 1000 864
1961 2 2 10 4 907 1789 709
1962 2 2 10 4 530 531 529
1963 2 2 10 4 924 1131 791
1964 2 2 10 4 1175 1741 1617
1965 2 2 10 4 391 1809 888
1966 2 2 10 4 1944 2338 1366
1967 2 2 10 4 1775 1811 1278
1968 2 2 10 4 1223 2014 1947
1969 2 2 10 4 551 552 547
1970 2 2 10 4 863 999 864
1971 2 2 10 4 921 942 922
1972 2 2 10 4 1713 2068 1715
1973 2 2 10 4 1114 1190 1116
1974 2 2 10 4 1645 1646 1129
1975 2 2 10 4 1072 2077 822
1976 2 2 10 4 1039 1127 1041
1977 2 2 10 4 1705 2112 1603
1978 2 2 10 4 1807 1808 1656
1979 2 2 10 4 1182 1184 1183
1980 2 2 10 4 678 1123 676
1981 2 2 10 4 1739 1933 548
1982 2 2 10 4 938 1792 785
1983 2 2 10 4 655 736 735
1984 2 2 10 4 989 1172 987
1985 2 2 10 4 351 352 349
1986 2 2 10 4 1714 1738 296
1987 2 2 10 4 1114 1116 1115
1988 2 2 10 4 1446 1447 263
1989 2 2 10 4 1437 1733 1436
1990 2 2 10 4 1445 1485 1446
1991 2 2 10 4 1515 1516 235
1992 2 2 10 4 1439 1668 277
1993 2 2 10 4 1442 1444 1443
1994 2 2 10 4 1438 1440 1439
1995 2 2 10 4 779 848 780
1996 2 2 10 4 904 905 903
1997 2 2 10 4 798 2033 677
1998 2 2 10 4 1110 1384 1112
1999 2 2 10 4 750 751 749
2000 2 2 10 4 1512 1931 169
2001 2 2 10 4 62 260 61
2002 2 2 10 4 2212 2321 1865
2003 2 2 10 4 1051 1881 1395
2004 2 2 10 4 1505 2129 1504
2005 2 2 10 4 70 259 69
2006 2 2 10 4 516 518 517
2007 2 2 10 4 776 1108 774
2008 2 2 10 4 433 434 432
2009 2 2 10 4 574 575 573
2010 2 2 10 4 635 1146 633
2011 2 2 10 4 921 1151 942
2012 2 2 10 4 556 558 557
2013 2 2 10 4 1883 2250 1255
2014 2 2 10 4 879 880 878
2015 2 2 10 4 944 1788 1259
2016 2 2 10 4 955 1828 993
2017 2 2 10 4 2195 2319 1478
2018 2 2 10 4 40 258 39
2019 2 2 10 4 478 2436 475
2020 2 2 10 4 453 545 544
2021 2 2 10 4 2099 2287 1519
2022 2 2 10 4 355 356 354
2023 2 2 10 4 92 257 91
2024 2 2 10 4 605 1892 831
2025 2 2 10 4 986 988 987
2026 2 2 10 4 1462 1836 1460
2027 2 2 10 4 1002 1300 1299
2028 2 2 10 4 1052 1731 604
2029 2 2 10 4 371 1675 378
2030 2 2 10 4 1328 2312 2013
2031 2 2 10 4 1603 2112 513
2032 2 2 10 4 981 1157 982
2033 2 2 10 4 1123 1818 676
2034 2 2 10 4 1717 1838 948
2035 2 2 10 4 2002 2051 2016
2036 2 2 10 4 1465 1836 1462
2037 2 2 10 4 1029 1031 966
2038 2 2 10 4 1698 2113 2028
2039 2 2 10 4 566 2095 570
2040 2 2 10 4 1041 1042 1040
2041 2 2 10 4 64 305 63
2042 2 2 10 4 68 306 67
2043 2 2 10 4 1558 2114 1248
2044 2 2 10 4 703 782 781
2045 2 2 10 4 956 957 855
2046 2 2 10 4 2116 2233 1557
2047 2 2 10 4 1019 1020 890
2048 2 2 10 4 1386 1813 1793
2049 2 2 10 4 459 461 460
2050 2 2 10 4 763 1776 753
2051 2 2 10 4 984 1736 1130
2052 2 2 10 4 1576 2414 2360
2053 2 2 10 4 959 1141 958
2054 2 2 10 4 1472 1482 1470
2055 2 2 10 4 66 1969 2
2056 2 2 10 4 2002 2196 2051
2057 2 2 10 4 1641 2205 702
2058 2 2 10 4 12 2333 11
2059 2 2 10 4 1772 2000 1897
2060 2 2 10 4 1815 2391 1619
2061 2 2 10 4 1473 1836 1764
2062 2 2 10 4 443 1740 444
2063 2 2 10 4 1063 1064 1062
2064 2 2 10 4 38 1698 37
2065 2 2 10 4 892 964 893
2066 2 2 10 4 815 817 816
2067 2 2 10 4 388 399 398
2068 2 2 10 4 518 520 519
2069 2 2 10 4 500 501 499
2070 2 2 10 4 990 1055 989
2071 2 2 10 4 1141 2060 1696
2072 2 2 10 4 942 1788 944
2073 2 2 10 4 466 2185 464
2074 2 2 10 4 796 2038 1812
2075 2 2 10 4 1570 1731 1052
2076 2 2 10 4 438 556 555
2077 2 2 10 4 1534 1925 1390
2078 2 2 10 4 49 1888 300
2079 2 2 10 4 1807 1997 1808
2080 2 2 10 4 413 414 412
2081 2 2 10 4 1635 2366 2124
2082 2 2 10 4 892 1164 964
2083 2 2 10 4 606 1052 604
2084 2 2 10 4 532 533 531
2085 2 2 10 4 1470 1796 1469
2086 2 2 10 4 1517 2213 290
2087 2 2 10 4 1673 2253 1961
2088 2 2 10 4 95 298 94
2089 2 2 10 4 37 297 36
2090 2 2 10 4 1118 1272 1120
2091 2 2 10 4 155 2108 156
2092 2 2 10 4 1389 1534 1390
2093 2 2 10 4 1757 2314 1309
2094 2 2 10 4 1116 1118 1117
2095 2 2 10 4 1041 1043 1042
2096 2 2 10 4 1384 1385 1112
2097 2 2 10 4 1170 1279 1087
2098 2 2 10 4 1495 1497 1496
2099 2 2 10 4 1489 1493 1490
2100 2 2 10 4 891 2355 2157
2101 2 2 10 4 848 980 849
2102 2 2 10 4 1184 1186 1185
2103 2 2 10 4 1002 1827 1300
2104 2 2 10 4 1825 2251 309
2105 2 2 10 4 948 1126 1125
2106 2 2 10 4 497 2106 494
2107 2 2 10 4 906 907 709
2108 2 2 10 4 840 841 751
2109 2 2 10 4 942 944 943
2110 2 2 10 4 302 1860 1721
2111 2 2 10 4 1064 1285 1062
2112 2 2 10 4 991 1857 1250
2113 2 2 10 4 797 2006 796
2114 2 2 10 4 916 1358 765
2115 2 2 10 4 1420 2311 586
2116 2 2 10 4 940 975 941
2117 2 2 10 4 1374 1375 1030
2118 2 2 10 4 461 463 462
2119 2 2 10 4 1111 1113 1109
2120 2 2 10 4 1827 2087 1300
2121 2 2 10 4 665 2167 667
2122 2 2 10 4 443 444 434
2123 2 2 10 4 281 1871 1513
2124 2 2 10 4 1086 1720 1349
2125 2 2 10 4 910 1004 772
2126 2 2 10 4 685 686 684
2127 2 2 10 4 1176 1177 704
2128 2 2 10 4 558 560 559
2129 2 2 10 4 486 2136 483
2130 2 2 10 4 1149 1856 638
2131 2 2 10 4 576 579 575
2132 2 2 10 4 314 2273 1548
2133 2 2 10 4 2113 2394 1632
2134 2 2 10 4 62 1755 260
2135 2 2 10 4 1570 2019 425
2136 2 2 10 4 988 990 989
2137 2 2 10 4 255 2389 2120
2138 2 2 10 4 1702 1854 25
2139 2 2 10 4 1424 1425 291
2140 2 2 10 4 1423 1521 1424
2141 2 2 10 4 735 1863 899
2142 2 2 10 4 593 595 594
2143 2 2 10 4 1249 2253 1673
2144 2 2 10 4 1175 1617 803
2145 2 2 10 4 1746 2373 1171
2146 2 2 10 4 357 359 356
2147 2 2 10 4 1017 1369 1249
2148 2 2 10 4 1153 1154 1034
2149 2 2 10 4 974 1868 719
2150 2 2 10 4 722 723 721
2151 2 2 10 4 881 882 880
2152 2 2 10 4 867 869 868
2153 2 2 10 4 1051 1395 1344
2154 2 2 10 4 63 1755 62
2155 2 2 10 4 953 1419 955
2156 2 2 10 4 1840 1910 1026
2157 2 2 10 4 1032 1689 1153
2158 2 2 10 4 1874 1980 1735
2159 2 2 10 4 969 1086 968
2160 2 2 10 4 1067 1657 752
2161 2 2 10 4 1118 1120 1119
2162 2 2 10 4 964 1122 995
2163 2 2 10 4 785 787 786
2164 2 2 10 4 1364 1717 949
2165 2 2 10 4 707 940 908
2166 2 2 10 4 305 1755 63
2167 2 2 10 4 1065 1066 1064
2168 2 2 10 4 402 408 407
2169 2 2 10 4 919 920 918
2170 2 2 10 4 817 819 818
2171 2 2 10 4 265 2009 1950
2172 2 2 10 4 296 1738 55
2173 2 2 10 4 1280 1664 1282
2174 2 2 10 4 782 828 827
2175 2 2 10 4 1060 1145 1003
2176 2 2 10 4 687 688 686
2177 2 2 10 4 949 1717 946
2178 2 2 10 4 1458 1459 1456
2179 2 2 10 4 373 376 375
2180 2 2 10 4 485 487 486
2181 2 2 10 4 503 504 501
2182 2 2 10 4 1243 1244 1242
2183 2 2 10 4 1472 1853 1482
2184 2 2 10 4 402 2119 415
2185 2 2 10 4 243 2078 193
2186 2 2 10 4 1649 2217 894
2187 2 2 10 4 2016 2051 718
2188 2 2 10 4 944 978 945
2189 2 2 10 4 1504 1851 1502
2190 2 2 10 4 1538 1664 1280
2191 2 2 10 4 1700 2189 1154
2192 2 2 10 4 1297 2305 1795
2193 2 2 10 4 65 1762 64
2194 2 2 10 4 1092 1093 904
2195 2 2 10 4 422 423 414
2196 2 2 10 4 983 1061 984
2197 2 2 10 4 262 2089 1977
2198 2 2 10 4 960 961 959
2199 2 2 10 4 831 1892 1134
2200 2 2 10 4 376 380 377
2201 2 2 10 4 802 1069 1068
2202 2 2 10 4 1068 1290 1067
2203 2 2 10 4 944 1259 978
2204 2 2 10 4 962 963 961
2205 2 2 10 4 1820 2413 2179
2206 2 2 10 4 975 1085 976
2207 2 2 10 4 861 1539 1121
2208 2 2 10 4 1121 1140 924
2209 2 2 10 4 37 1698 297
2210 2 2 10 4 1775 2390 1811
2211 2 2 10 4 991 1250 1097
2212 2 2 10 4 1126 1252 1125
2213 2 2 10 4 217 2084 248
2214 2 2 10 4 869 871 870
2215 2 2 10 4 1056 1168 885
2216 2 2 10 4 886 1334 1056
2217 2 2 10 4 963 1765 1139
2218 2 2 10 4 1177 1837 704
2219 2 2 10 4 26 1702 25
2220 2 2 10 4 1469 1478 1476
2221 2 2 10 4 1071 1166 895
2222 2 2 10 4 1054 1398 1071
2223 2 2 10 4 463 465 464
2224 2 2 10 4 1150 2349 2348
2225 2 2 10 4 1583 2048 1584
2226 2 2 10 4 2067 2247 1354
2227 2 2 10 4 993 1828 1037
2228 2 2 10 4 899 1214 1213
2229 2 2 10 4 1640 2143 1272
2230 2 2 10 4 560 562 561
2231 2 2 10 4 1107 1242 974
2232 2 2 10 4 1433 2099 1519
2233 2 2 10 4 1019 1150 1020
2234 2 2 10 4 2150 2230 1290
2235 2 2 10 4 580 589 579
2236 2 2 10 4 1114 1793 1190
2237 2 2 10 4 1742 1908 310
2238 2 2 10 4 1610 2379 1216
2239 2 2 10 4 11 2333 2159
2240 2 2 10 4 1446 1448 1447
2241 2 2 10 4 1440 1441 1439
2242 2 2 10 4 297 2028 1945
2243 2 2 10 4 993 1037 1036
2244 2 2 10 4 1151 1788 942
2245 2 2 10 4 1314 2332 1085
2246 2 2 10 4 1095 1700 1066
2247 2 2 10 4 2388 2434 1555
2248 2 2 10 4 64 1762 305
2249 2 2 10 4 616 662 661
2250 2 2 10 4 360 361 359
2251 2 2 10 4 981 1215 1157
2252 2 2 10 4 1157 1158 982
2253 2 2 10 4 1810 1886 888
2254 2 2 10 4 1006 1785 1323
2255 2 2 10 4 93 2091 2043
2256 2 2 10 4 1141 1167 958
2257 2 2 10 4 850 851 841
2258 2 2 10 4 1757 1758 306
2259 2 2 10 4 1828 1829 1037
2260 2 2 10 4 1020 1021 890
2261 2 2 10 4 522 524 523
2262 2 2 10 4 1032 1033 1031
2263 2 2 10 4 1647 2294 1503
2264 2 2 10 4 1272 1273 1120
2265 2 2 10 4 1043 1053 1042
2266 2 2 10 4 1277 1405 1404
2267 2 2 10 4 1384 1629 1385
2268 2 2 10 4 1385 1386 1112
2269 2 2 10 4 1489 1542 1493
2270 2 2 10 4 1495 1555 1497
2271 2 2 10 4 1986 2049 1046
2272 2 2 10 4 1374 1376 1375
2273 2 2 10 4 1229 1905 1737
2274 2 2 10 4 1338 1339 1302
2275 2 2 10 4 621 640 623
2276 2 2 10 4 215 2175 216
2277 2 2 10 4 595 597 596
2278 2 2 10 4 1821 1989 544
2279 2 2 10 4 1521 1754 1424
2280 2 2 10 4 1361 1364 949
2281 2 2 10 4 713 2318 853
2282 2 2 10 4 1153 1680 1154
2283 2 2 10 4 1047 1801 1202
2284 2 2 10 4 1391 2321 2010
2285 2 2 10 4 2114 2383 2037
2286 2 2 10 4 1022 1411 1396
2287 2 2 10 4 1137 1197 1196
2288 2 2 10 4 1675 1676 1674
2289 2 2 10 4 1674 1898 470
2290 2 2 10 4 1245 1246 1244
2291 2 2 10 4 1595 2418 1911
2292 2 2 10 4 1145 1205 1003
2293 2 2 10 4 1060 1271 1145
2294 2 2 10 4 1020 1022 1021
2295 2 2 10 4 828 1038 1012
2296 2 2 10 4 696 697 688
2297 2 2 10 4 1458 1460 1459
2298 2 2 10 4 618 1847 615
2299 2 2 10 4 1063 1065 1064
2300 2 2 10 4 819 821 820
2301 2 2 10 4 507 508 506
2302 2 2 10 4 1092 1414 1093
2303 2 2 10 4 270 2390 1775
2304 2 2 10 4 1069 1216 1068
2305 2 2 10 4 1259 1564 978
2306 2 2 10 4 1500 2088 1862
2307 2 2 10 4 921 922 920
2308 2 2 10 4 1121 1391 1140
2309 2 2 10 4 1061 1063 1062
2310 2 2 10 4 1252 1549 1125
2311 2 2 10 4 1126 1253 1252
2312 2 2 10 4 1056 1269 1168
2313 2 2 10 4 724 725 723
2314 2 2 10 4 1071 1174 1166
2315 2 2 10 4 1054 1399 1398
2316 2 2 10 4 384 385 379
2317 2 2 10 4 1019 1550 1150
2318 2 2 10 4 1793 1813 1190
2319 2 2 10 4 1448 1449 1447
2320 2 2 10 4 625 671 584
2321 2 2 10 4 436 2139 613
2322 2 2 10 4 1173 1935 1607
2323 2 2 10 4 1215 1227 1157
2324 2 2 10 4 1158 1159 982
2325 2 2 10 4 439 440 426
2326 2 2 10 4 393 396 395
2327 2 2 10 4 1141 1333 1167
2328 2 2 10 4 1280 1282 1279
2329 2 2 10 4 1024 1025 773
2330 2 2 10 4 1273 1274 1120
2331 2 2 10 4 924 1851 1131
2332 2 2 10 4 1043 1293 1053
2333 2 2 10 4 1405 1406 1404
2334 2 2 10 4 1374 1377 1376
2335 2 2 10 4 1376 1378 1375
2336 2 2 10 4 393 1749 396
2337 2 2 10 4 787 789 788
2338 2 2 10 4 1152 1910 1840
2339 2 2 10 4 380 392 381
2340 2 2 10 4 942 943 922
2341 2 2 10 4 1060 1600 1271
2342 2 2 10 4 1460 1473 1459
2343 2 2 10 4 1152 1840 1638
2344 2 2 10 4 1092 1415 1414
2345 2 2 10 4 1209 2049 1986
2346 2 2 10 4 1715 2068 1938
2347 2 2 10 4 1069 1217 1216
2348 2 2 10 4 1564 1761 978
2349 2 2 10 4 1065 1095 1066
2350 2 2 10 4 1253 1367 1252
2351 2 2 10 4 1126 1254 1253
2352 2 2 10 4 447 448 446
2353 2 2 10 4 1174 1325 1166
2354 2 2 10 4 1399 1400 1398
2355 2 2 10 4 1449 1450 1447
2356 2 2 10 4 944 945 943
2357 2 2 10 4 1215 1306 1227
2358 2 2 10 4 1158 1336 1159
2359 2 2 10 4 1273 1275 1274
2360 2 2 10 4 1043 1305 1293
2361 2 2 10 4 1293 1294 1053
2362 2 2 10 4 1405 1407 1406
2363 2 2 10 4 322 1866 324
2364 2 2 10 4 1473 1486 1459
2365 2 2 10 4 1254 1255 1253
2366 2 2 10 4 1174 1326 1325
2367 2 2 10 4 1399 1401 1400
2368 2 2 10 4 1085 1330 1138
2369 2 2 10 4 1459 1831 1456
2370 2 2 10 4 1449 1451 1450
2371 2 2 10 4 1336 1567 1159
2372 2 2 10 4 1306 1307 1227
2373 2 2 10 4 1275 1276 1274
2374 2 2 10 4 1273 1278 1275
2375 2 2 10 4 1294 1295 1053
2376 2 2 10 4 1407 1408 1406
2377 2 2 10 4 1473 1487 1486
2378 2 2 10 4 1254 1566 1255
2379 2 2 10 4 1326 1524 1325
2380 2 2 10 4 1449 1481 1451
2381 2 2 10 4 1451 1452 1450
2382 2 2 10 4 1275 1277 1276
2383 2 2 10 4 1473 1764 1487
2384 2 2 10 4 1326 1525 1524
2385 2 2 10 4 1451 1453 1452
2386 2 2 10 4 1452 1488 1450
2387 2 2 10 4 1453 1454 1452
2388 2 2 10 4 1453 1455 1454
2389 2 2 10 4 1455 1456 1454
2390 2 2 10 4 305 2187 1755
2391 2 2 10 4 325 891 323
2392 2 2 10 4 1742 1743 1203
2393 2 2 10 4 324 325 323
2394 2 2 10 4 1202 1742 1203
2395 2 2 10 4 656 1866 322
2396 2 2 10 4 322 324 323
2397 2 2 10 4 1202 1203 1049
2398 2 2 10 4 1048 1802 1801
2399 2 2 10 4 1022 1396 1128
2400 2 2 10 4 1044 1691 808
2401 2 2 10 4 1503 1505 1504
2402 2 2 10 4 320 656 322
2403 2 2 10 4 322 323 321
2404 2 2 10 4 1684 1790 1543
2405 2 2 10 4 886 1653 1334
2406 2 2 10 4 1779 1944 1943
2407 2 2 10 4 1337 2360 1332
2408 2 2 10 4 465 467 466
2409 2 2 10 4 1047 1202 1049
2410 2 2 10 4 1048 1801 1047
2411 2 2 10 4 524 526 525
2412 2 2 10 4 111 1912 110
2413 2 2 10 4 489 491 490
2414 2 2 10 4 1503 1504 1502
2415 2 2 10 4 320 322 321
2416 2 2 10 4 1995 2141 1963
2417 2 2 10 4 892 893 851
2418 2 2 10 4 1253 1822 1367
2419 2 2 10 4 1255 1822 1253
2420 2 2 10 4 583 584 538
2421 2 2 10 4 1150 1833 1020
2422 2 2 10 4 909 1964 1412
2423 2 2 10 4 964 995 893
2424 2 2 10 4 1020 1833 1022
2425 2 2 10 4 965 1976 1708
2426 2 2 10 4 562 564 563
2427 2 2 10 4 590 630 589
2428 2 2 10 4 1486 1831 1459
2429 2 2 10 4 1477 2158 1906
2430 2 2 10 4 1104 1105 1103
2431 2 2 10 4 1830 2093 1195
2432 2 2 10 4 1277 1404 1402
2433 2 2 10 4 1555 2434 1497
2434 2 2 10 4 1047 1049 793
2435 2 2 10 4 794 1048 1047
2436 2 2 10 4 246 2201 1706
2437 2 2 10 4 1003 1857 991
2438 2 2 10 4 362 363 361
2439 2 2 10 4 2130 2238 1533
2440 2 2 10 4 288 1696 1695
2441 2 2 10 4 245 1619 1432
2442 2 2 10 4 1432 1537 1429
2443 2 2 10 4 286 1503 1502
2444 2 2 10 4 320 321 319
2445 2 2 10 4 897 2310 1571
2446 2 2 10 4 930 2161 1161
2447 2 2 10 4 755 756 754
2448 2 2 10 4 1492 2294 1647
2449 2 2 10 4 24 256 23
2450 2 2 10 4 20 242 19
2451 2 2 10 4 16 255 15
2452 2 2 10 4 18 309 17
2453 2 2 10 4 22 310 21
2454 2 2 10 4 17 1826 16
2455 2 2 10 4 19 1825 18
2456 2 2 10 4 1456 1831 1454
2457 2 2 10 4 888 1886 1782
2458 2 2 10 4 1572 1649 1359
2459 2 2 10 4 871 873 872
2460 2 2 10 4 1022 1128 1021
2461 2 2 10 4 1027 1416 1235
2462 2 2 10 4 374 1798 373
2463 2 2 10 4 1559 1560 1124
2464 2 2 10 4 449 450 448
2465 2 2 10 4 1022 1833 1411
2466 2 2 10 4 1457 1458 1456
2467 2 2 10 4 1122 1881 995
2468 2 2 10 4 1114 1115 1113
2469 2 2 10 4 597 743 742
2470 2 2 10 4 1464 1466 1465
2471 2 2 10 4 419 421 420
2472 2 2 10 4 662 664 663
2473 2 2 10 4 1771 1773 1772
2474 2 2 10 4 2247 2425 1354
2475 2 2 10 4 1619 2391 1334
2476 2 2 10 4 740 754 610
2477 2 2 10 4 1088 1410 884
2478 2 2 10 4 1205 1857 1003
2479 2 2 10 4 909 1412 1222
2480 2 2 10 4 762 763 753
2481 2 2 10 4 1641 2125 939
2482 2 2 10 4 1034 1267 1033
2483 2 2 10 4 1116 1117 1115
2484 2 2 10 4 1106 1191 1105
2485 2 2 10 4 698 699 697
2486 2 2 10 4 510 2198 509
2487 2 2 10 4 821 823 822
2488 2 2 10 4 490 2022 2021
2489 2 2 10 4 1660 2319 2195
2490 2 2 10 4 16 1826 255
2491 2 2 10 4 309 1826 17
2492 2 2 10 4 18 1825 309
2493 2 2 10 4 242 1825 19
2494 2 2 10 4 792 1884 972
2495 2 2 10 4 1667 2268 1377
2496 2 2 10 4 702 2205 1900
2497 2 2 10 4 1636 2124 777
2498 2 2 10 4 2112 2198 513
2499 2 2 10 4 1697 1814 1766
2500 2 2 10 4 857 859 652
2501 2 2 10 4 789 901 900
2502 2 2 10 4 636 1149 638
2503 2 2 10 4 899 1863 1214
2504 2 2 10 4 361 2381 359
2505 2 2 10 4 392 1749 393
2506 2 2 10 4 1277 1402 1276
2507 2 2 10 4 397 411 410
2508 2 2 10 4 1191 1875 1192
2509 2 2 10 4 619 733 732
2510 2 2 10 4 1330 1722 1331
2511 2 2 10 4 1000 1806 1027
2512 2 2 10 4 1917 2059 1954
2513 2 2 10 4 1466 1470 1469
2514 2 2 10 4 1152 1638 1559
2515 2 2 10 4 1481 1819 1451
2516 2 2 10 4 1451 1819 1453
2517 2 2 10 4 643 764 713
2518 2 2 10 4 511 512 510
2519 2 2 10 4 1761 1820 978
2520 2 2 10 4 672 1193 674
2521 2 2 10 4 73 1823 275
2522 2 2 10 4 283 2160 5
2523 2 2 10 4 139 2160 1514
2524 2 2 10 4 544 1956 1821
2525 2 2 10 4 526 528 527
2526 2 2 10 4 603 1155 792
2527 2 2 10 4 1118 1119 1117
2528 2 2 10 4 872 2047 1669
2529 2 2 10 4 467 546 468
2530 2 2 10 4 978 1820 945
2531 2 2 10 4 1536 2149 1260
2532 2 2 10 4 1354 2425 1945
2533 2 2 10 4 1242 1868 974
2534 2 2 10 4 566 568 567
2535 2 2 10 4 2058 2344 1525
2536 2 2 10 4 1053 1830 1042
2537 2 2 10 4 60 1882 59
2538 2 2 10 4 334 335 333
2539 2 2 10 4 1732 1850 1716
2540 2 2 10 4 757 843 756
2541 2 2 10 4 364 365 363
2542 2 2 10 4 631 654 630
2543 2 2 10 4 1295 1830 1053
2544 2 2 10 4 237 2209 1867
2545 2 2 10 4 794 1047 793
2546 2 2 10 4 1666 1883 927
2547 2 2 10 4 493 496 494
2548 2 2 10 4 2 1969 32
2549 2 2 10 4 1662 2093 647
2550 2 2 10 4 203 2176 238
2551 2 2 10 4 1706 2176 202
2552 2 2 10 4 69 1756 68
2553 2 2 10 4 1238 1286 1239
2554 2 2 10 4 1025 1947 773
2555 2 2 10 4 1235 1840 1026
2556 2 2 10 4 572 1890 578
2557 2 2 10 4 1140 1851 924
2558 2 2 10 4 332 333 330
2559 2 2 10 4 957 960 959
2560 2 2 10 4 1452 1873 1488
2561 2 2 10 4 288 1695 1498
2562 2 2 10 4 248 1509 1508
2563 2 2 10 4 281 1513 1512
2564 2 2 10 4 286 1502 1501
2565 2 2 10 4 245 1432 1429
2566 2 2 10 4 250 1640 1510
2567 2 2 10 4 289 320 319
2568 2 2 10 4 191 2284 192
2569 2 2 10 4 325 1889 891
2570 2 2 10 4 2122 2194 1640
2571 2 2 10 4 1548 2273 318
2572 2 2 10 4 1248 2114 2109
2573 2 2 10 4 451 452 450
2574 2 2 10 4 1000 1027 1026
2575 2 2 10 4 1157 1852 1158
2576 2 2 10 4 39 1760 38
2577 2 2 10 4 1461 1462 1460
2578 2 2 10 4 145 1815 146
2579 2 2 10 4 192 243 193
2580 2 2 10 4 149 284 150
2581 2 2 10 4 196 1518 197
2582 2 2 10 4 157 264 158
2583 2 2 10 4 228 1517 229
2584 2 2 10 4 173 250 174
2585 2 2 10 4 220 1436 221
2586 2 2 10 4 185 283 5
2587 2 2 10 4 221 249 222
2588 2 2 10 4 154 244 155
2589 2 2 10 4 229 290 230
2590 2 2 10 4 141 1527 142
2591 2 2 10 4 214 239 215
2592 2 2 10 4 183 236 184
2593 2 2 10 4 167 281 168
2594 2 2 10 4 165 285 166
2595 2 2 10 4 160 277 161
2596 2 2 10 4 163 288 164
2597 2 2 10 4 199 1434 200
2598 2 2 10 4 170 270 171
2599 2 2 10 4 200 246 201
2600 2 2 10 4 217 248 218
2601 2 2 10 4 219 292 220
2602 2 2 10 4 177 247 178
2603 2 2 10 4 224 269 225
2604 2 2 10 4 208 286 209
2605 2 2 10 4 176 1426 177
2606 2 2 10 4 180 240 181
2607 2 2 10 4 223 1421 224
2608 2 2 10 4 227 282 228
2609 2 2 10 4 156 1730 157
2610 2 2 10 4 201 1706 202
2611 2 2 10 4 203 238 204
2612 2 2 10 4 158 1528 159
2613 2 2 10 4 140 235 141
2614 2 2 10 4 187 1530 188
2615 2 2 10 4 151 251 152
2616 2 2 10 4 222 1520 223
2617 2 2 10 4 188 1445 189
2618 2 2 10 4 197 289 198
2619 2 2 10 4 189 263 190
2620 2 2 10 4 142 1442 143
2621 2 2 10 4 211 234 212
2622 2 2 10 4 179 1562 180
2623 2 2 10 4 184 1500 185
2624 2 2 10 4 195 252 196
2625 2 2 10 4 226 1610 227
2626 2 2 10 4 231 291 232
2627 2 2 10 4 139 1514 140
2628 2 2 10 4 159 1438 160
2629 2 2 10 4 186 278 187
2630 2 2 10 4 206 233 207
2631 2 2 10 4 175 287 176
2632 2 2 10 4 146 245 147
2633 2 2 10 4 166 1507 167
2634 2 2 10 4 213 1563 214
2635 2 2 10 4 143 237 144
2636 2 2 10 4 316 2218 31
2637 2 2 10 4 640 704 641
2638 2 2 10 4 1161 2161 1924
2639 2 2 10 4 1227 1852 1157
2640 2 2 10 4 972 1238 1237
2641 2 2 10 4 1587 1588 1585
2642 2 2 10 4 136 1844 135
2643 2 2 10 4 103 303 102
2644 2 2 10 4 122 1841 121
2645 2 2 10 4 115 253 114
2646 2 2 10 4 117 312 116
2647 2 2 10 4 119 241 118
2648 2 2 10 4 123 254 122
2649 2 2 10 4 121 311 120
2650 2 2 10 4 135 304 134
2651 2 2 10 4 137 313 136
2652 2 2 10 4 102 1843 101
2653 2 2 10 4 118 1845 117
2654 2 2 10 4 101 314 100
2655 2 2 10 4 1180 1181 1080
2656 2 2 10 4 1574 2217 1649
2657 2 2 10 4 1831 1873 1454
2658 2 2 10 4 862 1902 1637
2659 2 2 10 4 96 1786 95
2660 2 2 10 4 1320 2435 2310
2661 2 2 10 4 1627 2345 588
2662 2 2 10 4 1284 1342 1191
2663 2 2 10 4 194 2309 195
2664 2 2 10 4 1783 2009 265
2665 2 2 10 4 1098 2089 1725
2666 2 2 10 4 823 854 824
2667 2 2 10 4 700 701 699
2668 2 2 10 4 1113 1923 1109
2669 2 2 10 4 895 1855 894
2670 2 2 10 4 1352 2087 1904
2671 2 2 10 4 691 1878 689
2672 2 2 10 4 2256 2416 276
2673 2 2 10 4 875 877 876
2674 2 2 10 4 768 1928 983
2675 2 2 10 4 1663 2097 826
2676 2 2 10 4 1689 1864 1153
2677 2 2 10 4 30 2218 280
2678 2 2 10 4 386 387 385
2679 2 2 10 4 1650 1989 1821
2680 2 2 10 4 1663 1925 1597
2681 2 2 10 4 456 457 455
2682 2 2 10 4 371 374 373
2683 2 2 10 4 428 430 429
2684 2 2 10 4 254 1842 1841
2685 2 2 10 4 1027 1235 1026
2686 2 2 10 4 1126 1838 1254
2687 2 2 10 4 251 1495 152
2688 2 2 10 4 270 1775 171
2689 2 2 10 4 238 1489 204
2690 2 2 10 4 289 319 198
2691 2 2 10 4 269 1506 225
2692 2 2 10 4 173 1683 250
2693 2 2 10 4 281 1512 168
2694 2 2 10 4 248 1508 218
2695 2 2 10 4 290 1422 230
2696 2 2 10 4 286 1501 209
2697 2 2 10 4 234 1511 212
2698 2 2 10 4 288 1498 164
2699 2 2 10 4 250 1510 174
2700 2 2 10 4 233 1647 207
2701 2 2 10 4 240 1427 181
2702 2 2 10 4 263 1805 190
2703 2 2 10 4 245 1429 147
2704 2 2 10 4 284 1519 150
2705 2 2 10 4 351 353 352
2706 2 2 10 4 496 498 497
2707 2 2 10 4 638 1856 794
2708 2 2 10 4 996 998 763
2709 2 2 10 4 1152 1559 1124
2710 2 2 10 4 324 1866 327
2711 2 2 10 4 491 2022 490
2712 2 2 10 4 1494 2117 1491
2713 2 2 10 4 1377 2356 1667
2714 2 2 10 4 948 1838 1126
2715 2 2 10 4 1398 1862 1071
2716 2 2 10 4 336 337 335
2717 2 2 10 4 528 530 529
2718 2 2 10 4 1340 1387 914
2719 2 2 10 4 1620 2129 865
2720 2 2 10 4 839 2104 1618
2721 2 2 10 4 480 481 479
2722 2 2 10 4 844 845 843
2723 2 2 10 4 366 367 365
2724 2 2 10 4 905 913 912
2725 2 2 10 4 13 2085 268
2726 2 2 10 4 1653 2387 1142
2727 2 2 10 4 546 551 547
2728 2 2 10 4 1320 1394 1074
2729 2 2 10 4 1071 1862 1174
2730 2 2 10 4 35 317 34
2731 2 2 10 4 97 318 96
2732 2 2 10 4 1036 1901 1035
2733 2 2 10 4 856 1044 808
2734 2 2 10 4 1407 2358 1408
2735 2 2 10 4 1513 2358 1512
2736 2 2 10 4 1286 1301 1287
2737 2 2 10 4 612 1661 409
2738 2 2 10 4 1455 1457 1456
2739 2 2 10 4 306 1759 67
2740 2 2 10 4 1182 1183 1181
2741 2 2 10 4 647 2093 2039
2742 2 2 10 4 655 735 654
2743 2 2 10 4 1300 1351 1299
2744 2 2 10 4 1378 2324 1864
2745 2 2 10 4 1539 1865 1121
2746 2 2 10 4 1681 2047 872
2747 2 2 10 4 540 1930 591
2748 2 2 10 4 1153 1864 1680
2749 2 2 10 4 1000 1026 864
2750 2 2 10 4 1305 2342 1612
2751 2 2 10 4 515 516 514
2752 2 2 10 4 1703 2439 1365
2753 2 2 10 4 1121 1865 1391
2754 2 2 10 4 1214 1861 1335
2755 2 2 10 4 1006 1323 1096
2756 2 2 10 4 1766 1814 1767
2757 2 2 10 4 593 594 545
2758 2 2 10 4 377 1870 375
2759 2 2 10 4 2121 2313 1055
2760 2 2 10 4 600 722 721
2761 2 2 10 4 853 1946 711
2762 2 2 10 4 877 879 878
2763 2 2 10 4 454 1892 605
2764 2 2 10 4 453 544 452
2765 2 2 10 4 353 355 354
2766 2 2 10 4 785 786 738
2767 2 2 10 4 2236 2358 1513
2768 2 2 10 4 1014 1268 1234
2769 2 2 10 4 1242 2156 1868
2770 2 2 10 4 95 1786 298
2771 2 2 10 4 556 557 555
2772 2 2 10 4 2026 2142 304
2773 2 2 10 4 703 781 701
2774 2 2 10 4 1352 1846 1353
2775 2 2 10 4 854 956 855
2776 2 2 10 4 402 407 399
2777 2 2 10 4 35 1787 317
2778 2 2 10 4 672 1893 1193
2779 2 2 10 4 1008 1869 1219
2780 2 2 10 4 770 1934 1705
2781 2 2 10 4 1352 1353 1351
2782 2 2 10 4 388 398 387
2783 2 2 10 4 247 2263 178
2784 2 2 10 4 179 2263 1562
2785 2 2 10 4 1798 1962 376
2786 2 2 10 4 1123 1917 1818
2787 2 2 10 4 498 500 499
2788 2 2 10 4 338 339 337
2789 2 2 10 4 1139 2060 961
2790 2 2 10 4 846 932 845
2791 2 2 10 4 368 370 367
2792 2 2 10 4 1120 1804 1119
2793 2 2 10 4 1454 1873 1452
2794 2 2 10 4 1458 1461 1460
2795 2 2 10 4 906 1124 907
2796 2 2 10 4 1274 1804 1120
2797 2 2 10 4 411 413 412
2798 2 2 10 4 1087 1720 1086
2799 2 2 10 4 694 1973 1729
2800 2 2 10 4 1343 1878 691
2801 2 2 10 4 1759 1969 66
2802 2 2 10 4 458 459 457
2803 2 2 10 4 530 532 531
2804 2 2 10 4 991 1097 829
2805 2 2 10 4 704 1837 641
2806 2 2 10 4 1453 1835 1455
2807 2 2 10 4 20 1908 242
2808 2 2 10 4 310 1908 21
2809 2 2 10 4 551 650 552
2810 2 2 10 4 733 949 946
2811 2 2 10 4 729 731 730
2812 2 2 10 4 186 2441 278
2813 2 2 10 4 758 2053 1869
2814 2 2 10 4 1042 1195 1040
2815 2 2 10 4 868 2006 797
2816 2 2 10 4 1184 1185 1183
2817 2 2 10 4 670 684 683
2818 2 2 10 4 960 962 961
2819 2 2 10 4 1176 1409 1177
2820 2 2 10 4 764 916 765
2821 2 2 10 4 371 373 370
2822 2 2 10 4 135 1844 304
2823 2 2 10 4 303 1843 102
2824 2 2 10 4 121 1841 311
2825 2 2 10 4 241 1845 118
2826 2 2 10 4 254 1841 122
2827 2 2 10 4 101 1843 314
2828 2 2 10 4 117 1845 312
2829 2 2 10 4 313 1844 136
2830 2 2 10 4 682 729 728
2831 2 2 10 4 1612 2342 1127
2832 2 2 10 4 24 1854 256
2833 2 2 10 4 482 483 481
2834 2 2 10 4 886 1839 1653
2835 2 2 10 4 861 2046 1539
2836 2 2 10 4 616 661 614
2837 2 2 10 4 1491 2421 1494
2838 2 2 10 4 1418 2411 301
2839 2 2 10 4 1204 1903 1643
2840 2 2 10 4 558 559 557
2841 2 2 10 4 1045 1389 1044
2842 2 2 10 4 1896 2196 2002
2843 2 2 10 4 1834 2174 2163
2844 2 2 10 4 1754 2137 905
2845 2 2 10 4 1706 2201 1293
2846 2 2 10 4 866 867 797
2847 2 2 10 4 1620 2325 2129
2848 2 2 10 4 1135 1379 923
2849 2 2 10 4 879 881 880
2850 2 2 10 4 355 357 356
2851 2 2 10 4 940 941 908
2852 2 2 10 4 972 1884 1238
2853 2 2 10 4 1832 2062 571
2854 2 2 10 4 1394 1940 1074
2855 2 2 10 4 758 1869 1008
2856 2 2 10 4 237 1867 144
2857 2 2 10 4 1008 1219 1218
2858 2 2 10 4 378 1675 1674
2859 2 2 10 4 1655 2086 1314
2860 2 2 10 4 985 2350 1718
2861 2 2 10 4 40 2065 258
2862 2 2 10 4 1856 2004 1236
2863 2 2 10 4 36 1787 35
2864 2 2 10 4 945 1820 1262
2865 2 2 10 4 933 1017 932
2866 2 2 10 4 340 341 339
2867 2 2 10 4 782 827 781
2868 2 2 10 4 504 507 506
2869 2 2 10 4 1082 1355 1083
2870 2 2 10 4 726 897 896
2871 2 2 10 4 2043 2091 1349
2872 2 2 10 4 690 726 692
2873 2 2 10 4 717 1082 970
2874 2 2 10 4 1042 1830 1195
2875 2 2 10 4 1132 1771 1770
2876 2 2 10 4 1883 2153 1509
2877 2 2 10 4 1666 2153 1883
2878 2 2 10 4 2148 2239 1266
2879 2 2 10 4 1863 2081 1214
2880 2 2 10 4 423 439 426
2881 2 2 10 4 1748 2346 1025
2882 2 2 10 4 500 503 501
2883 2 2 10 4 1144 1523 1522
2884 2 2 10 4 913 918 917
2885 2 2 10 4 731 968 887
2886 2 2 10 4 120 1877 119
2887 2 2 10 4 309 2235 1826
2888 2 2 10 4 1276 1858 1274
2889 2 2 10 4 413 422 414
2890 2 2 10 4 608 2119 2008
2891 2 2 10 4 1234 2066 1870
2892 2 2 10 4 1166 1855 895
2893 2 2 10 4 105 1950 104
2894 2 2 10 4 1840 2127 1638
2895 2 2 10 4 1819 1835 1453
2896 2 2 10 4 952 1099 1098
2897 2 2 10 4 734 952 951
2898 2 2 10 4 484 485 483
2899 2 2 10 4 736 2015 1863
2900 2 2 10 4 1849 1943 858
2901 2 2 10 4 1186 1310 1185
2902 2 2 10 4 847 915 695
2903 2 2 10 4 1258 2193 2035
2904 2 2 10 4 1004 1142 1005
2905 2 2 10 4 1214 1335 1213
2906 2 2 10 4 1426 2075 247
2907 2 2 10 4 975 976 941
2908 2 2 10 4 1194 2386 1948
2909 2 2 10 4 1107 1243 1242
2910 2 2 10 4 1799 1870 377
2911 2 2 10 4 1073 1631 1630
2912 2 2 10 4 905 912 903
2913 2 2 10 4 1296 1297 990
2914 2 2 10 4 1808 2234 537
2915 2 2 10 4 1026 1910 864
2916 2 2 10 4 1037 1210 1036
2917 2 2 10 4 916 1359 1358
2918 2 2 10 4 1900 2254 702
2919 2 2 10 4 560 561 559
2920 2 2 10 4 1747 2399 271
2921 2 2 10 4 995 1881 1051
2922 2 2 10 4 1165 2054 1800
2923 2 2 10 4 882 1839 886
2924 2 2 10 4 1144 2040 1523
2925 2 2 10 4 119 1877 241
2926 2 2 10 4 311 1877 120
2927 2 2 10 4 833 834 624
2928 2 2 10 4 693 1343 691
2929 2 2 10 4 1474 1546 1544
2930 2 2 10 4 521 522 520
2931 2 2 10 4 1950 2009 1232
2932 2 2 10 4 929 930 834
2933 2 2 10 4 357 360 359
2934 2 2 10 4 93 2043 92
2935 2 2 10 4 1058 1368 1319
2936 2 2 10 4 859 2073 652
2937 2 2 10 4 881 884 882
2938 2 2 10 4 419 420 416
2939 2 2 10 4 1536 2422 2149
2940 2 2 10 4 2075 2397 1567
2941 2 2 10 4 1 2056 65
2942 2 2 10 4 897 1328 1200
2943 2 2 10 4 472 705 474
2944 2 2 10 4 1609 2414 2345
2945 2 2 10 4 342 343 341
2946 2 2 10 4 983 1928 1231
2947 2 2 10 4 1217 2079 1761
2948 2 2 10 4 1180 1932 1182
2949 2 2 10 4 1552 2282 1553
2950 2 2 10 4 261 1912 111
2951 2 2 10 4 595 596 594
2952 2 2 10 4 1009 1565 759
2953 2 2 10 4 966 1976 965
2954 2 2 10 4 1457 1919 1458
2955 2 2 10 4 481 2020 479
2956 2 2 10 4 59 1882 276
2957 2 2 10 4 725 762 753
2958 2 2 10 4 1435 2201 246
2959 2 2 10 4 83 2140 299
2960 2 2 10 4 828 1012 827
2961 2 2 10 4 1736 2099 1433
2962 2 2 10 4 679 2033 863
2963 2 2 10 4 722 724 723
2964 2 2 10 4 324 326 325
2965 2 2 10 4 1243 1245 1244
2966 2 2 10 4 1086 1349 1348
2967 2 2 10 4 1812 2038 1399
2968 2 2 10 4 1099 1101 1100
2969 2 2 10 4 1931 2358 1407
2970 2 2 10 4 741 1016 1015
2971 2 2 10 4 1609 1923 1113
2972 2 2 10 4 957 1927 960
2973 2 2 10 4 1753 1971 681
2974 2 2 10 4 939 2163 1641
2975 2 2 10 4 959 2060 1141
2976 2 2 10 4 1463 1464 1462
2977 2 2 10 4 444 446 445
2978 2 2 10 4 638 794 793
2979 2 2 10 4 1024 1165 1025
2980 2 2 10 4 503 1817 504
2981 2 2 10 4 1016 1302 1148
2982 2 2 10 4 787 788 786
2983 2 2 10 4 508 511 510
2984 2 2 10 4 919 2271 921
2985 2 2 10 4 408 603 407
2986 2 2 10 4 836 837 727
2987 2 2 10 4 1132 2033 1771
2988 2 2 10 4 1578 2411 1972
2989 2 2 10 4 884 1839 882
2990 2 2 10 4 1136 1137 837
2991 2 2 10 4 379 1797 374
2992 2 2 10 4 741 1848 1016
2993 2 2 10 4 488 489 487
2994 2 2 10 4 367 2238 365
2995 2 2 10 4 906 1152 1124
2996 2 2 10 4 324 327 326
2997 2 2 10 4 566 567 564
2998 2 2 10 4 1085 1138 976
2999 2 2 10 4 647 2039 1679
3000 2 2 10 4 1691 1936 812
3001 2 2 10 4 1895 1896 1773
3002 2 2 10 4 1037 1924 1210
3003 2 2 10 4 583 625 584
3004 2 2 10 4 990 2121 1055
3005 2 2 10 4 859 2275 2178
3006 2 2 10 4 562 563 561
3007 2 2 10 4 504 1817 507
3008 2 2 10 4 344 345 343
3009 2 2 10 4 2223 2367 1785
3010 2 2 10 4 1119 1804 1337
3011 2 2 10 4 894 2405 1649
3012 2 2 10 4 997 1221 1199
3013 2 2 10 4 571 2062 568
3014 2 2 10 4 21 1908 20
3015 2 2 10 4 1480 1853 1472
3016 2 2 10 4 864 1910 710
3017 2 2 10 4 2057 2344 2058
3018 2 2 10 4 360 362 361
3019 2 2 10 4 1221 1748 1388
3020 2 2 10 4 259 1756 69
3021 2 2 10 4 1250 1371 1097
3022 2 2 10 4 396 1978 397
3023 2 2 10 4 1393 1413 1179
3024 2 2 10 4 745 1785 743
3025 2 2 10 4 1154 2189 1034
3026 2 2 10 4 988 1296 990
3027 2 2 10 4 1554 1981 1196
3028 2 2 10 4 318 1786 96
3029 2 2 10 4 1101 1103 1102
3030 2 2 10 4 1211 1901 1036
3031 2 2 10 4 1801 2076 1202
3032 2 2 10 4 1338 1899 1339
3033 2 2 10 4 597 742 596
3034 2 2 10 4 662 663 661
3035 2 2 10 4 1233 1556 1013
3036 2 2 10 4 766 1928 768
3037 2 2 10 4 2130 2304 1975
3038 2 2 10 4 442 456 455
3039 2 2 10 4 1352 1904 1846
3040 2 2 10 4 1207 1228 1007
3041 2 2 10 4 650 2014 552
3042 2 2 10 4 1038 1345 1012
3043 2 2 10 4 128 2090 127
3044 2 2 10 4 565 2098 2095
3045 2 2 10 4 740 755 754
3046 2 2 10 4 1412 1598 1222
3047 2 2 10 4 1402 1403 1276
3048 2 2 10 4 301 2237 51
3049 2 2 10 4 11 2133 10
3050 2 2 10 4 863 864 710
3051 2 2 10 4 428 429 421
3052 2 2 10 4 1190 2122 1116
3053 2 2 10 4 625 800 671
3054 2 2 10 4 494 2022 491
3055 2 2 10 4 1783 1784 1197
3056 2 2 10 4 1678 1942 315
3057 2 2 10 4 476 480 479
3058 2 2 10 4 1632 2353 2113
3059 2 2 10 4 1998 2094 1419
3060 2 2 10 4 606 2316 1052
3061 2 2 10 4 831 1134 925
3062 2 2 10 4 890 1894 720
3063 2 2 10 4 1269 2391 1815
3064 2 2 10 4 806 856 808
3065 2 2 10 4 298 2091 94
3066 2 2 10 4 1675 1701 1676
3067 2 2 10 4 789 900 788
3068 2 2 10 4 857 979 859
3069 2 2 10 4 328 1889 325
3070 2 2 10 4 346 347 345
3071 2 2 10 4 1161 1926 1739
3072 2 2 10 4 1758 2055 1759
3073 2 2 10 4 258 1760 39
3074 2 2 10 4 1818 1954 495
3075 2 2 10 4 368 371 370
3076 2 2 10 4 1330 1331 1138
3077 2 2 10 4 712 2240 1622
3078 2 2 10 4 1193 1194 674
3079 2 2 10 4 307 2281 53
3080 2 2 10 4 1177 2083 1837
3081 2 2 10 4 439 914 440
3082 2 2 10 4 512 515 514
3083 2 2 10 4 539 1076 1075
3084 2 2 10 4 25 1854 24
3085 2 2 10 4 1478 1920 1476
3086 2 2 10 4 636 1958 1149
3087 2 2 10 4 1654 2261 585
3088 2 2 10 4 1065 1313 1095
3089 2 2 10 4 1128 1289 1021
3090 2 2 10 4 492 493 491
3091 2 2 10 4 1021 1894 890
3092 2 2 10 4 1076 1078 1077
3093 2 2 10 4 362 364 363
3094 2 2 10 4 1773 2001 1772
3095 2 2 10 4 1533 2066 1234
3096 2 2 10 4 755 757 756
3097 2 2 10 4 1118 2122 1272
3098 2 2 10 4 1710 1834 1346
3099 2 2 10 4 1004 1005 772
3100 2 2 10 4 1186 1905 1310
3101 2 2 10 4 598 633 392
3102 2 2 10 4 1591 2352 1590
3103 2 2 10 4 874 875 873
3104 2 2 10 4 293 2376 85
3105 2 2 10 4 1455 1474 1457
3106 2 2 10 4 332 334 333
3107 2 2 10 4 616 1951 662
3108 2 2 10 4 1917 2377 1347
3109 2 2 10 4 1109 1923 1108
3110 2 2 10 4 743 1006 742
3111 2 2 10 4 348 349 347
3112 2 2 10 4 1069 2079 1217
3113 2 2 10 4 664 761 663
3114 2 2 10 4 945 1011 943
3115 2 2 10 4 52 2281 301
3116 2 2 10 4 1959 2141 936
3117 2 2 10 4 594 1956 545
3118 2 2 10 4 612 1880 1661
3119 2 2 10 4 331 391 389
3120 2 2 10 4 1238 1239 1237
3121 2 2 10 4 1409 2298 1177
3122 2 2 10 4 1084 1324 1241
3123 2 2 10 4 633 1749 392
3124 2 2 10 4 906 1910 1152
3125 2 2 10 4 749 835 747
3126 2 2 10 4 556 1983 558
3127 2 2 10 4 1461 1463 1462
3128 2 2 10 4 1625 2214 1624
3129 2 2 10 4 670 683 668
3130 2 2 10 4 2120 2389 1381
3131 2 2 10 4 29 2422 28
3132 2 2 10 4 50 1888 49
3133 2 2 10 4 391 405 404
3134 2 2 10 4 971 1224 783
3135 2 2 10 4 901 1178 900
3136 2 2 10 4 1078 1080 1079
3137 2 2 10 4 1722 1723 1331
3138 2 2 10 4 945 1262 1011
3139 2 2 10 4 762 996 763
3140 2 2 10 4 1025 2346 1947
3141 2 2 10 4 905 2137 913
3142 2 2 10 4 995 1051 1050
3143 2 2 10 4 675 676 673
3144 2 2 10 4 1283 2361 1613
3145 2 2 10 4 1401 2038 1526
3146 2 2 10 4 660 866 797
3147 2 2 10 4 407 1960 399
3148 2 2 10 4 1622 2240 2211
3149 2 2 10 4 334 336 335
3150 2 2 10 4 995 1050 893
3151 2 2 10 4 61 2184 60
3152 2 2 10 4 277 1914 161
3153 2 2 10 4 608 2008 621
3154 2 2 10 4 251 2287 1555
3155 2 2 10 4 1018 2220 910
3156 2 2 10 4 1471 1472 1470
3157 2 2 10 4 1550 2349 1150
3158 2 2 10 4 757 844 843
3159 2 2 10 4 364 366 365
3160 2 2 10 4 677 678 676
3161 2 2 10 4 1156 1958 634
3162 2 2 10 4 350 351 349
3163 2 2 10 4 1474 1835 1546
3164 2 2 10 4 1334 2202 1619
3165 2 2 10 4 1286 1287 1239
3166 2 2 10 4 967 1304 1303
3167 2 2 10 4 1245 1945 1246
3168 2 2 10 4 568 569 567
3169 2 2 10 4 2031 2092 1178
3170 2 2 10 4 739 1002 1001
3171 2 2 10 4 634 635 633
3172 2 2 10 4 1274 1858 1804
3173 2 2 10 4 649 934 653
3174 2 2 10 4 315 2056 7
3175 2 2 10 4 405 438 437
3176 2 2 10 4 779 1089 848
3177 2 2 10 4 1458 1919 1461
3178 2 2 10 4 1882 2256 276
3179 2 2 10 4 1135 2304 1379
3180 2 2 10 4 1002 1299 1090
3181 2 2 10 4 1133 1209 883
3182 2 2 10 4 1558 2383 2114
3183 2 2 10 4 575 577 573
3184 2 2 10 4 638 793 637
3185 2 2 10 4 326 328 325
3186 2 2 10 4 309 2251 2235
3187 2 2 10 4 408 1891 603
3188 2 2 10 4 1415 2181 1414
3189 2 2 10 4 1379 1922 923
3190 2 2 10 4 679 709 678
3191 2 2 10 4 743 1785 1006
3192 2 2 10 4 710 1910 906
3193 2 2 10 4 1291 1693 1209
3194 2 2 10 4 581 2347 1662
3195 2 2 10 4 125 2244 124
3196 2 2 10 4 1268 1533 1234
3197 2 2 10 4 1725 1794 1724
3198 2 2 10 4 290 2100 1422
3199 2 2 10 4 922 1163 920
3200 2 2 10 4 329 2050 1809
3201 2 2 10 4 1119 1337 1332
3202 2 2 10 4 636 637 635
3203 2 2 10 4 1615 2402 1616
3204 2 2 10 4 518 521 520
3205 2 2 10 4 815 826 817
3206 2 2 10 4 336 338 337
3207 2 2 10 4 983 1231 1061
3208 2 2 10 4 438 555 553
3209 2 2 10 4 619 2005 733
3210 2 2 10 4 844 846 845
3211 2 2 10 4 1878 1974 689
3212 2 2 10 4 366 368 367
3213 2 2 10 4 1027 2182 1416
3214 2 2 10 4 536 646 542
3215 2 2 10 4 1147 1176 704
3216 2 2 10 4 456 458 457
3217 2 2 10 4 430 541 429
3218 2 2 10 4 2225 2424 273
3219 2 2 10 4 1677 2433 1678
3220 2 2 10 4 1861 2272 1335
3221 2 2 10 4 686 1848 684
3222 2 2 10 4 1119 1332 1117
3223 2 2 10 4 297 1787 36
3224 2 2 10 4 1658 2364 412
3225 2 2 10 4 1852 2101 240
3226 2 2 10 4 1912 2408 2357
3227 2 2 10 4 950 1363 1362
3228 2 2 10 4 710 906 709
3229 2 2 10 4 7 2056 1
3230 2 2 10 4 480 482 481
3231 2 2 10 4 461 708 463
3232 2 2 10 4 851 935 841
3233 2 2 10 4 651 953 852
3234 2 2 10 4 956 1927 957
3235 2 2 10 4 444 445 434
3236 2 2 10 4 856 1045 1044
3237 2 2 10 4 646 707 706
3238 2 2 10 4 1128 1795 1289
3239 2 2 10 4 1791 2408 261
3240 2 2 10 4 1086 1348 968
3241 2 2 10 4 614 1880 612
3242 2 2 10 4 1475 1480 1472
3243 2 2 10 4 423 1967 439
3244 2 2 10 4 539 1874 1076
3245 2 2 10 4 1611 2400 312
3246 2 2 10 4 729 730 728
3247 2 2 10 4 913 917 912
3248 2 2 10 4 515 628 516
3249 2 2 10 4 75 2200 74
3250 2 2 10 4 1399 2038 1401
3251 2 2 10 4 735 899 898
3252 2 2 10 4 32 1969 316
3253 2 2 10 4 2179 2413 1160
3254 2 2 10 4 485 488 487
3255 2 2 10 4 1051 1344 1257
3256 2 2 10 4 1279 1720 1087
3257 2 2 10 4 1850 2367 2223
3258 2 2 10 4 1466 1471 1470
3259 2 2 10 4 1556 2042 1013
3260 2 2 10 4 1115 1609 1113
3261 2 2 10 4 1610 2132 282
3262 2 2 10 4 871 874 873
3263 2 2 10 4 953 955 954
3264 2 2 10 4 1629 2334 1567
3265 2 2 10 4 1413 2030 1179
3266 2 2 10 4 1599 2409 274
3267 2 2 10 4 1262 1685 1263
3268 2 2 10 4 1487 2078 1486
3269 2 2 10 4 1455 1835 1474
3270 2 2 10 4 1681 2110 2047
3271 2 2 10 4 410 2364 436
3272 2 2 10 4 707 908 719
3273 2 2 10 4 338 340 339
3274 2 2 10 4 1172 2153 1666
3275 2 2 10 4 981 2211 1215
3276 2 2 10 4 846 933 932
3277 2 2 10 4 609 2024 1827
3278 2 2 10 4 973 1552 1094
3279 2 2 10 4 1212 1251 898
3280 2 2 10 4 1560 2395 1124
3281 2 2 10 4 458 548 459
3282 2 2 10 4 1483 1886 1480
3283 2 2 10 4 1372 2171 1540
3284 2 2 10 4 1958 1959 1149
3285 2 2 10 4 679 863 710
3286 2 2 10 4 731 887 730
3287 2 2 10 4 973 974 719
3288 2 2 10 4 1139 2128 1695
3289 2 2 10 4 726 896 692
3290 2 2 10 4 1082 1083 970
3291 2 2 10 4 955 993 992
3292 2 2 10 4 943 1907 922
3293 2 2 10 4 1685 1687 1686
3294 2 2 10 4 992 1309 954
3295 2 2 10 4 482 484 483
3296 2 2 10 4 534 1997 1807
3297 2 2 10 4 293 2272 1861
3298 2 2 10 4 288 2069 1696
3299 2 2 10 4 416 1891 408
3300 2 2 10 4 1137 1783 1197
3301 2 2 10 4 1616 2402 1670
3302 2 2 10 4 700 2071 703
3303 2 2 10 4 266 2373 1746
3304 2 2 10 4 822 2077 820
3305 2 2 10 4 1033 1266 1031
3306 2 2 10 4 534 535 532
3307 2 2 10 4 684 741 683
3308 2 2 10 4 1147 1608 1283
3309 2 2 10 4 651 773 650
3310 2 2 10 4 1073 2018 1631
3311 2 2 10 4 1862 2088 1174
3312 2 2 10 4 110 2290 109
3313 2 2 10 4 1372 2369 2171
3314 2 2 10 4 1227 2101 1852
3315 2 2 10 4 899 1213 1212
3316 2 2 10 4 725 1970 762
3317 2 2 10 4 1263 1264 1011
3318 2 2 10 4 952 1098 951
3319 2 2 10 4 1358 2405 1855
3320 2 2 10 4 1094 1107 974
3321 2 2 10 4 950 1361 949
3322 2 2 10 4 1209 1986 883
3323 2 2 10 4 1228 2025 1007
3324 2 2 10 4 448 1874 446
3325 2 2 10 4 819 977 821
3326 2 2 10 4 1257 1258 1050
3327 2 2 10 4 697 795 688
3328 2 2 10 4 1744 2437 1784
3329 2 2 10 4 351 1897 353
3330 2 2 10 4 1631 1632 1630
3331 2 2 10 4 993 1036 1035
3332 2 2 10 4 470 1898 472
3333 2 2 10 4 866 1091 867
3334 2 2 10 4 489 492 491
3335 2 2 10 4 897 1200 896
3336 2 2 10 4 1355 1356 1083
3337 2 2 10 4 340 342 341
3338 2 2 10 4 1829 1924 1037
3339 2 2 10 4 1945 2028 1246
3340 2 2 10 4 380 598 392
3341 2 2 10 4 1471 1477 1475
3342 2 2 10 4 265 1950 105
3343 2 2 10 4 1210 2161 1350
3344 2 2 10 4 833 929 834
3345 2 2 10 4 1758 1759 306
3346 2 2 10 4 524 537 526
3347 2 2 10 4 715 2046 861
3348 2 2 10 4 87 2272 86
3349 2 2 10 4 465 469 467
3350 2 2 10 4 914 1909 440
3351 2 2 10 4 1058 1984 1368
3352 2 2 10 4 2008 2119 1608
3353 2 2 10 4 634 1958 636
3354 2 2 10 4 617 2005 619
3355 2 2 10 4 918 1208 917
3356 2 2 10 4 630 632 589
3357 2 2 10 4 290 2213 2100
3358 2 2 10 4 1099 1100 1098
3359 2 2 10 4 305 2207 2187
3360 2 2 10 4 385 1797 379
3361 2 2 10 4 567 1971 564
3362 2 2 10 4 1130 2192 1692
3363 2 2 10 4 1246 2028 1383
3364 2 2 10 4 960 1084 962
3365 2 2 10 4 536 538 535
3366 2 2 10 4 553 554 437
3367 2 2 10 4 1403 1858 1276
3368 2 2 10 4 1210 1350 1211
3369 2 2 10 4 852 1024 773
3370 2 2 10 4 545 1956 544
3371 2 2 10 4 1016 1148 1015
3372 2 2 10 4 424 648 422
3373 2 2 10 4 1565 1992 759
3374 2 2 10 4 1191 1192 1105
3375 2 2 10 4 929 1260 930
3376 2 2 10 4 874 909 883
3377 2 2 10 4 836 1136 837
3378 2 2 10 4 600 2014 722
3379 2 2 10 4 342 344 343
3380 2 2 10 4 1360 1572 1359
3381 2 2 10 4 399 1960 398
3382 2 2 10 4 1392 2140 1393
3383 2 2 10 4 751 1938 749
3384 2 2 10 4 1188 1189 1079
3385 2 2 10 4 1090 1321 1001
3386 2 2 10 4 1142 1143 1005
3387 2 2 10 4 1891 2164 1155
3388 2 2 10 4 598 1156 634
3389 2 2 10 4 542 583 538
3390 2 2 10 4 261 2408 1912
3391 2 2 10 4 521 644 522
3392 2 2 10 4 493 1954 496
3393 2 2 10 4 893 1913 851
3394 2 2 10 4 103 2063 303
3395 2 2 10 4 967 1088 884
3396 2 2 10 4 1084 1162 962
3397 2 2 10 4 1123 2377 1917
3398 2 2 10 4 492 672 495
3399 2 2 10 4 1101 1102 1100
3400 2 2 10 4 609 610 554
3401 2 2 10 4 348 435 350
3402 2 2 10 4 891 2180 323
3403 2 2 10 4 397 1978 411
3404 2 2 10 4 786 2015 738
3405 2 2 10 4 1302 1380 1148
3406 2 2 10 4 1221 1388 1199
3407 2 2 10 4 675 798 677
3408 2 2 10 4 894 2217 645
3409 2 2 10 4 1551 1728 1165
3410 2 2 10 4 1296 1420 1297
3411 2 2 10 4 1698 2028 297
3412 2 2 10 4 1313 2336 1918
3413 2 2 10 4 1634 2366 1635
3414 2 2 10 4 718 2051 1682
3415 2 2 10 4 1474 1532 1457
3416 2 2 10 4 452 543 450
3417 2 2 10 4 479 2020 540
3418 2 2 10 4 1247 1354 1245
3419 2 2 10 4 640 1147 704
3420 2 2 10 4 649 652 648
3421 2 2 10 4 446 539 445
3422 2 2 10 4 404 937 389
3423 2 2 10 4 701 702 699
3424 2 2 10 4 823 985 854
3425 2 2 10 4 739 740 610
3426 2 2 10 4 1226 2044 1737
3427 2 2 10 4 909 1222 1133
3428 2 2 10 4 422 1967 423
3429 2 2 10 4 1233 1799 1556
3430 2 2 10 4 344 346 345
3431 2 2 10 4 603 792 783
3432 2 2 10 4 1207 1229 1228
3433 2 2 10 4 832 2082 657
3434 2 2 10 4 1270 1569 1189
3435 2 2 10 4 1287 1288 1239
3436 2 2 10 4 1463 1467 1464
3437 2 2 10 4 1463 1468 1467
3438 2 2 10 4 329 330 328
3439 2 2 10 4 1967 2073 1265
3440 2 2 10 4 1748 1800 1388
3441 2 2 10 4 1751 2151 302
3442 2 2 10 4 1563 2255 239
3443 2 2 10 4 552 2014 600
3444 2 2 10 4 653 857 652
3445 2 2 10 4 735 898 654
3446 2 2 10 4 1183 1187 1181
3447 2 2 10 4 429 1974 421
3448 2 2 10 4 440 1909 442
3449 2 2 10 4 1737 1905 1186
3450 2 2 10 4 255 2120 15
3451 2 2 10 4 1103 1372 1102
3452 2 2 10 4 1303 1357 1088
3453 2 2 10 4 1372 1540 1102
3454 2 2 10 4 672 674 673
3455 2 2 10 4 1221 2147 1748
3456 2 2 10 4 724 1970 725
3457 2 2 10 4 738 2015 736
3458 2 2 10 4 1680 2061 1154
3459 2 2 10 4 877 1046 879
3460 2 2 10 4 761 2172 1014
3461 2 2 10 4 586 2311 1592
3462 2 2 10 4 539 1074 445
3463 2 2 10 4 557 716 555
3464 2 2 10 4 968 1984 887
3465 2 2 10 4 1797 1963 1798
3466 2 2 10 4 960 1927 1084
3467 2 2 10 4 1714 2035 1738
3468 2 2 10 4 133 2282 132
3469 2 2 10 4 1055 2283 989
3470 2 2 10 4 564 1971 563
3471 2 2 10 4 1660 2195 656
3472 2 2 10 4 1117 1921 1115
3473 2 2 10 4 1076 1077 1075
3474 2 2 10 4 1914 2415 162
3475 2 2 10 4 1143 1256 1005
3476 2 2 10 4 89 2225 273
3477 2 2 10 4 915 2115 695
3478 2 2 10 4 398 936 387
3479 2 2 10 4 1345 1659 1346
3480 2 2 10 4 521 1308 644
3481 2 2 10 4 498 502 500
3482 2 2 10 4 346 348 347
3483 2 2 10 4 512 1973 515
3484 2 2 10 4 1380 1561 1148
3485 2 2 10 4 792 972 971
3486 2 2 10 4 636 638 637
3487 2 2 10 4 551 651 650
3488 2 2 10 4 530 534 532
3489 2 2 10 4 901 2031 1178
3490 2 2 10 4 733 950 949
3491 2 2 10 4 331 332 330
3492 2 2 10 4 1654 2239 2148
3493 2 2 10 4 1241 1578 1162
3494 2 2 10 4 342 417 344
3495 2 2 10 4 488 1893 489
3496 2 2 10 4 511 1973 512
3497 2 2 10 4 421 1974 420
3498 2 2 10 4 484 1992 485
3499 2 2 10 4 1834 2017 1346
3500 2 2 10 4 661 1880 614
3501 2 2 10 4 1396 2313 2121
3502 2 2 10 4 355 358 357
3503 2 2 10 4 929 1261 1260
3504 2 2 10 4 972 1237 1236
3505 2 2 10 4 1745 2437 1744
3506 2 2 10 4 1838 2102 1254
3507 2 2 10 4 1078 1079 1077
3508 2 2 10 4 1216 2150 1068
3509 2 2 10 4 1265 1340 914
3510 2 2 10 4 1760 2113 1698
3511 2 2 10 4 836 1230 1136
3512 2 2 10 4 1004 2295 1142
3513 2 2 10 4 391 404 389
3514 2 2 10 4 1468 1484 1479
3515 2 2 10 4 492 495 493
3516 2 2 10 4 2214 2350 1985
3517 2 2 10 4 827 939 781
3518 2 2 10 4 474 1915 476
3519 2 2 10 4 162 2415 2069
3520 2 2 10 4 866 1240 1091
3521 2 2 10 4 917 1292 912
3522 2 2 10 4 413 424 422
3523 2 2 10 4 1310 1311 1185
3524 2 2 10 4 1200 1201 896
3525 2 2 10 4 1356 1365 1083
3526 2 2 10 4 741 923 683
3527 2 2 10 4 1335 1859 1213
3528 2 2 10 4 348 350 349
3529 2 2 10 4 1797 1798 374
3530 2 2 10 4 1210 1211 1036
3531 2 2 10 4 420 1891 416
3532 2 2 10 4 881 967 884
3533 2 2 10 4 561 627 559
3534 2 2 10 4 598 634 633
3535 2 2 10 4 916 1360 1359
3536 2 2 10 4 2001 2002 358
3537 2 2 10 4 596 680 594
3538 2 2 10 4 675 677 676
3539 2 2 10 4 482 758 484
3540 2 2 10 4 874 883 875
3541 2 2 10 4 761 1014 1013
3542 2 2 10 4 1006 1096 1007
3543 2 2 10 4 887 1057 730
3544 2 2 10 4 680 1956 594
3545 2 2 10 4 788 928 786
3546 2 2 10 4 1243 1247 1245
3547 2 2 10 4 405 437 404
3548 2 2 10 4 1075 1320 1074
3549 2 2 10 4 458 582 548
3550 2 2 10 4 1347 2377 1342
3551 2 2 10 4 846 1144 933
3552 2 2 10 4 1682 2070 718
3553 2 2 10 4 722 1223 724
3554 2 2 10 4 1080 1188 1079
3555 2 2 10 4 210 2010 211
3556 2 2 10 4 1024 1551 1165
3557 2 2 10 4 603 783 407
3558 2 2 10 4 515 694 628
3559 2 2 10 4 1138 1171 976
3560 2 2 10 4 1842 2369 1965
3561 2 2 10 4 856 1073 1045
3562 2 2 10 4 1009 1948 1565
3563 2 2 10 4 253 2400 1611
3564 2 2 10 4 583 626 625
3565 2 2 10 4 541 689 429
3566 2 2 10 4 1345 1346 1012
3567 2 2 10 4 1178 1392 1179
3568 2 2 10 4 360 718 362
3569 2 2 10 4 1304 1397 1303
3570 2 2 10 4 336 390 338
3571 2 2 10 4 1064 2388 1285
3572 2 2 10 4 1002 1090 1001
3573 2 2 10 4 997 1198 996
3574 2 2 10 4 762 997 996
3575 2 2 10 4 569 681 567
3576 2 2 10 4 677 679 678
3577 2 2 10 4 346 1961 348
3578 2 2 10 4 761 1013 663
3579 2 2 10 4 439 1265 914
3580 2 2 10 4 364 369 366
3581 2 2 10 4 350 372 351
3582 2 2 10 4 757 911 844
3583 2 2 10 4 1143 1876 1329
3584 2 2 10 4 1178 1179 900
3585 2 2 10 4 1006 1007 742
3586 2 2 10 4 1096 1322 1207
3587 2 2 10 4 684 1848 741
3588 2 2 10 4 634 636 635
3589 2 2 10 4 1136 2009 1137
3590 2 2 10 4 1133 1291 1209
3591 2 2 10 4 438 553 437
3592 2 2 10 4 1014 1234 1233
3593 2 2 10 4 569 682 681
3594 2 2 10 4 472 1898 705
3595 2 2 10 4 1051 1257 1050
3596 2 2 10 4 1261 1752 1536
3597 2 2 10 4 1262 1263 1011
3598 2 2 10 4 1605 2098 565
3599 2 2 10 4 1299 1370 1090
3600 2 2 10 4 1820 2179 1262
3601 2 2 10 4 1471 1475 1472
3602 2 2 10 4 1230 1601 1232
3603 2 2 10 4 679 710 709
3604 2 2 10 4 318 1941 1786
3605 2 2 10 4 1199 1315 1198
3606 2 2 10 4 783 1960 407
3607 2 2 10 4 326 329 328
3608 2 2 10 4 646 706 542
3609 2 2 10 4 705 1915 474
3610 2 2 10 4 1826 2199 255
3611 2 2 10 4 804 2018 806
3612 2 2 10 4 241 2127 1845
3613 2 2 10 4 682 728 727
3614 2 2 10 4 1363 1658 1362
3615 2 2 10 4 1316 1381 1201
3616 2 2 10 4 250 2143 1640
3617 2 2 10 4 541 690 689
3618 2 2 10 4 1474 1544 1532
3619 2 2 10 4 953 954 852
3620 2 2 10 4 1147 1283 1176
3621 2 2 10 4 1015 1135 923
3622 2 2 10 4 1364 2203 1717
3623 2 2 10 4 1611 2152 1522
3624 2 2 10 4 1904 1994 627
3625 2 2 10 4 707 719 706
3626 2 2 10 4 1646 2392 2036
3627 2 2 10 4 1475 1483 1480
3628 2 2 10 4 1073 1312 1045
3629 2 2 10 4 758 1008 759
3630 2 2 10 4 694 695 628
3631 2 2 10 4 997 1970 1221
3632 2 2 10 4 1344 1418 1257
3633 2 2 10 4 668 1922 666
3634 2 2 10 4 1008 1218 1009
3635 2 2 10 4 941 1916 908
3636 2 2 10 4 1218 1682 1220
3637 2 2 10 4 1058 1318 1057
3638 2 2 10 4 1997 2234 1808
3639 2 2 10 4 955 992 954
3640 2 2 10 4 1728 2054 1165
3641 2 2 10 4 582 717 624
3642 2 2 10 4 1685 1686 1263
3643 2 2 10 4 961 2060 959
3644 2 2 10 4 1532 1919 1457
3645 2 2 10 4 690 692 691
3646 2 2 10 4 899 1212 898
3647 2 2 10 4 1554 2393 1981
3648 2 2 10 4 1313 1918 1095
3649 2 2 10 4 1755 2074 260
3650 2 2 10 4 1144 1522 1225
3651 2 2 10 4 1144 1225 933
3652 2 2 10 4 717 970 833
3653 2 2 10 4 908 973 719
3654 2 2 10 4 1552 1553 1094
3655 2 2 10 4 1212 1298 1251
3656 2 2 10 4 582 624 548
3657 2 2 10 4 887 1058 1057
3658 2 2 10 4 124 2171 123
3659 2 2 10 4 1091 2285 2138
3660 2 2 10 4 2129 2418 865
3661 2 2 10 4 694 734 695
3662 2 2 10 4 973 1094 974
3663 2 2 10 4 993 1035 992
3664 2 2 10 4 1073 1630 1312
3665 2 2 10 4 1831 2412 1873
3666 2 2 10 4 734 847 695
3667 2 2 10 4 758 759 484
3668 2 2 10 4 734 951 847
3669 2 2 10 4 951 1023 847
3670 2 2 10 4 347 2330 345
3671 2 2 10 4 741 1015 923
3672 2 2 10 4 690 691 689
3673 2 2 10 4 534 536 535
3674 2 2 10 4 1200 1316 1201
3675 2 2 10 4 1356 1366 1365
3676 2 2 10 4 692 693 691
3677 2 2 10 4 717 833 624
3678 2 2 10 4 1058 1319 1318
3679 2 2 10 4 950 1362 1361
3680 2 2 10 4 1240 1417 1091
3681 2 2 10 4 651 852 773
3682 2 2 10 4 1359 2405 1358
3683 2 2 10 4 1395 1972 1344
3684 2 2 10 4 2092 2279 299
3685 2 2 10 4 1218 1220 1009
3686 2 2 10 4 1008 1009 759
3687 2 2 10 4 1127 2342 1041
3688 2 2 10 4 1230 1232 1136
3689 2 2 10 4 1574 2436 2217
3690 2 2 10 4 733 2005 950
3691 2 2 10 4 682 727 681
3692 2 2 10 4 1261 1536 1260
3693 2 2 10 4 1308 1327 644
3694 2 2 10 4 1592 2352 1591
3695 2 2 10 4 1084 1241 1162
3696 2 2 10 4 728 836 727
3697 2 2 10 4 424 649 648
3698 2 2 10 4 553 609 554
3699 2 2 10 4 536 542 538
3700 2 2 10 4 1360 1573 1572
3701 2 2 10 4 1350 1535 1211
3702 2 2 10 4 997 1199 1198
3703 2 2 10 4 1143 1329 1256
3704 2 2 10 4 1468 1479 1467
3705 2 2 10 4 1188 1270 1189
3706 2 2 10 4 909 1133 883
3707 2 2 10 4 913 2137 919
3708 2 2 10 4 539 1075 1074
3709 2 2 10 4 1392 1393 1179
3710 2 2 10 4 1014 1233 1013
3711 2 2 10 4 609 739 610
3712 2 2 10 4 648 2073 1967
3713 2 2 10 4 792 971 783
3714 2 2 10 4 672 673 495
3715 2 2 10 4 2140 2376 1393
3716 2 2 10 4 967 1303 1088
3717 2 2 10 4 1096 1207 1007
3718 2 2 10 4 649 653 652
3719 2 2 10 4 329 331 330
3720 2 2 10 4 1102 1977 1100
3721 2 2 10 4 628 2115 1929
3722 2 2 10 4 1659 1710 1346
3723 2 2 10 4 739 1001 740
3724 2 2 10 4 674 675 673
3725 2 2 10 4 1292 2092 2031
3726 2 2 10 4 653 858 857
3727 2 2 10 4 1868 2023 706
3728 2 2 10 4 972 1236 971
3729 2 2 10 4 1237 1781 1236
3730 2 2 10 4 1387 2052 1909
3731 2 2 10 4 903 2031 901
3732 2 2 10 4 331 389 332
3733 2 2 10 4 243 2412 2078
3734 2 2 10 4 1908 2076 242
3735 2 2 10 4 274 2409 42
3736 2 2 10 4 628 1929 516
3737 2 2 10 4 1898 1996 705
3738 2 2 10 4 591 1930 660
3739 2 2 10 4 401 2361 1608
3740 2 2 10 4 1289 1894 1021
3741 2 2 10 4 1776 2079 1069
3742 2 2 10 4 773 1947 650
3743 2 2 10 4 1238 2144 1286
3744 2 2 10 4 1801 2186 2076
3745 2 2 10 4 439 1967 1265
3746 2 2 10 4 1368 1941 1319
3747 2 2 10 4 1567 2397 1629
3748 2 2 10 4 516 1929 518
3749 2 2 10 4 863 2033 1132
3750 2 2 10 4 442 1909 456
3751 2 2 10 4 717 2300 1082
3752 2 2 10 4 1464 1937 1466
3753 2 2 10 4 548 1933 459
3754 2 2 10 4 1668 2417 1914
3755 2 2 10 4 1685 2179 998
3756 2 2 10 4 446 1874 539
3757 2 2 10 4 772 1934 770
3758 2 2 10 4 812 1936 815
3759 2 2 10 4 2095 2428 570
3760 2 2 10 4 340 1988 342
3761 2 2 10 4 1300 2087 1352
3762 2 2 10 4 459 1933 461
3763 2 2 10 4 1367 2320 1252
3764 2 2 10 4 911 2365 1684
3765 2 2 10 4 967 2007 1304
3766 2 2 10 4 249 2259 1520
3767 2 2 10 4 977 2214 1985
3768 2 2 10 4 489 1893 492
3769 2 2 10 4 1943 1944 979
3770 2 2 10 4 936 2146 1959
3771 2 2 10 4 434 1940 432
3772 2 2 10 4 1285 2099 1736
3773 2 2 10 4 1374 2356 1377
3774 2 2 10 4 1431 2243 2192
3775 2 2 10 4 2107 2249 1687
3776 2 2 10 4 800 2169 671
3777 2 2 10 4 762 1970 997
3778 2 2 10 4 476 1915 480
3779 2 2 10 4 1377 2339 1376
3780 2 2 10 4 1873 2412 243
3781 2 2 10 4 1084 1927 1324
3782 2 2 10 4 1043 2342 1305
3783 2 2 10 4 541 2232 690
3784 2 2 10 4 749 1938 835
3785 2 2 10 4 1348 1984 968
3786 2 2 10 4 790 2396 1652
3787 2 2 10 4 1011 1907 943
3788 2 2 10 4 372 1897 351
3789 2 2 10 4 1229 2111 2074
3790 2 2 10 4 1354 1945 1245
3791 2 2 10 4 920 1949 918
3792 2 2 10 4 681 1971 567
3793 2 2 10 4 2127 2269 1845
3794 2 2 10 4 973 1916 1552
3795 2 2 10 4 495 1954 493
3796 2 2 10 4 485 1992 488
3797 2 2 10 4 1802 2186 1801
3798 2 2 10 4 918 1949 1208
3799 2 2 10 4 1379 2304 2172
3800 2 2 10 4 565 2095 566
3801 2 2 10 4 1529 2268 1618
3802 2 2 10 4 912 2031 903
3803 2 2 10 4 1328 2013 1200
3804 2 2 10 4 1497 2061 1496
3805 2 2 10 4 722 2014 1223
3806 2 2 10 4 50 2237 1888
3807 2 2 10 4 1334 2391 1056
3808 2 2 10 4 1217 2132 1216
3809 2 2 10 4 1822 2084 1367
3810 2 2 10 4 922 1907 1163
3811 2 2 10 4 1560 2265 1842
3812 2 2 10 4 303 2204 1843
3813 2 2 10 4 688 1957 686
3814 2 2 10 4 522 1955 524
3815 2 2 10 4 1416 2182 2152
3816 2 2 10 4 1269 2209 1168
3817 2 2 10 4 1584 2048 1589
3818 2 2 10 4 928 2015 786
3819 2 2 10 4 1396 2323 1128
3820 2 2 10 4 376 1962 380
3821 2 2 10 4 1630 2394 258
3822 2 2 10 4 869 1964 871
3823 2 2 10 4 648 1967 422
3824 2 2 10 4 1050 1913 893
3825 2 2 10 4 463 1966 465
3826 2 2 10 4 1224 1960 783
3827 2 2 10 4 348 1961 435
3828 2 2 10 4 589 1968 579
3829 2 2 10 4 1842 2265 1841
3830 2 2 10 4 1105 1965 1103
3831 2 2 10 4 1733 2313 1411
3832 2 2 10 4 664 2165 761
3833 2 2 10 4 1490 2421 1491
3834 2 2 10 4 1031 1976 966
3835 2 2 10 4 689 1974 429
3836 2 2 10 4 2174 2330 1588
3837 2 2 10 4 683 1922 668
3838 2 2 10 4 1754 2280 1424
3839 2 2 10 4 1421 2349 269
3840 2 2 10 4 244 2374 1680
3841 2 2 10 4 1680 2324 244
3842 2 2 10 4 1814 2011 934
3843 2 2 10 4 644 1955 522
3844 2 2 10 4 2166 2315 1468
3845 2 2 10 4 272 2278 1745
3846 2 2 10 4 1137 2009 1783
3847 2 2 10 4 515 1973 694
3848 2 2 10 4 1964 2138 1412
3849 2 2 10 4 1441 2215 1439
3850 2 2 10 4 651 1998 953
3851 2 2 10 4 740 1939 755
3852 2 2 10 4 544 1989 452
3853 2 2 10 4 851 1913 935
3854 2 2 10 4 1467 1937 1464
3855 2 2 10 4 971 2004 1224
3856 2 2 10 4 593 2328 611
3857 2 2 10 4 450 1980 448
3858 2 2 10 4 1181 1979 1080
3859 2 2 10 4 821 1985 823
3860 2 2 10 4 715 2167 2046
3861 2 2 10 4 875 1986 877
3862 2 2 10 4 41 2065 40
3863 2 2 10 4 1103 1965 1372
3864 2 2 10 4 1902 2398 1493
3865 2 2 10 4 857 1943 979
3866 2 2 10 4 806 2018 856
3867 2 2 10 4 654 1990 630
3868 2 2 10 4 1587 2174 1588
3869 2 2 10 4 1332 1921 1117
3870 2 2 10 4 1107 1999 1243
3871 2 2 10 4 92 2043 257
3872 2 2 10 4 1326 2432 1525
3873 2 2 10 4 854 1991 956
3874 2 2 10 4 496 2059 498
3875 2 2 10 4 1115 1921 1609
3876 2 2 10 4 1658 2019 1362
3877 2 2 10 4 528 1997 530
3878 2 2 10 4 282 2288 1517
3879 2 2 10 4 387 1995 385
3880 2 2 10 4 546 1998 551
3881 2 2 10 4 353 2000 355
3882 2 2 10 4 1520 2348 1421
3883 2 2 10 4 908 1916 973
3884 2 2 10 4 2160 2380 1514
3885 2 2 10 4 1730 2339 264
3886 2 2 10 4 287 2343 1426
3887 2 2 10 4 1540 1977 1102
3888 2 2 10 4 915 2420 1722
3889 2 2 10 4 621 2008 640
3890 2 2 10 4 1251 1990 898
3891 2 2 10 4 660 1930 866
3892 2 2 10 4 1742 2076 1908
3893 2 2 10 4 1918 2261 1267
3894 2 2 10 4 2255 2320 239
3895 2 2 10 4 934 2011 653
3896 2 2 10 4 492 1893 672
3897 2 2 10 4 518 1929 521
3898 2 2 10 4 1005 1934 772
3899 2 2 10 4 2345 2414 588
3900 2 2 10 4 1321 1939 1001
3901 2 2 10 4 887 1984 1058
3902 2 2 10 4 1850 2223 835
3903 2 2 10 4 1185 2003 1183
3904 2 2 10 4 559 1994 557
3905 2 2 10 4 332 1952 334
3906 2 2 10 4 1264 1907 1011
3907 2 2 10 4 2348 2349 1421
3908 2 2 10 4 1872 2299 1089
3909 2 2 10 4 65 2056 1762
3910 2 2 10 4 759 1992 484
3911 2 2 10 4 1741 2222 533
3912 2 2 10 4 1309 2027 954
3913 2 2 10 4 1258 1913 1050
3914 2 2 10 4 1239 1953 1237
3915 2 2 10 4 1860 2246 1721
3916 2 2 10 4 815 1936 826
3917 2 2 10 4 1080 1979 1188
3918 2 2 10 4 950 2005 1363
3919 2 2 10 4 461 1933 708
3920 2 2 10 4 1232 2009 1136
3921 2 2 10 4 1693 2049 1209
3922 2 2 10 4 879 2007 881
3923 2 2 10 4 1853 2228 1482
3924 2 2 10 4 1202 2076 1742
3925 2 2 10 4 430 2155 541
3926 2 2 10 4 686 1957 1848
3927 2 2 10 4 1147 2008 1608
3928 2 2 10 4 937 1952 389
3929 2 2 10 4 1220 1948 1009
3930 2 2 10 4 1471 1937 1477
3931 2 2 10 4 883 1986 875
3932 2 2 10 4 342 1988 417
3933 2 2 10 4 445 1940 434
3934 2 2 10 4 2057 2058 1307
3935 2 2 10 4 1254 2102 1566
3936 2 2 10 4 1466 1937 1471
3937 2 2 10 4 411 2064 413
3938 2 2 10 4 777 2124 779
3939 2 2 10 4 115 2400 253
3940 2 2 10 4 312 2400 116
3941 2 2 10 4 271 2090 128
3942 2 2 10 4 1644 2264 1645
3943 2 2 10 4 1059 2110 1681
3944 2 2 10 4 1843 2190 314
3945 2 2 10 4 708 1966 463
3946 2 2 10 4 853 2057 1946
3947 2 2 10 4 1867 2209 1269
3948 2 2 10 4 1906 2131 1477
3949 2 2 10 4 1281 2302 1538
3950 2 2 10 4 2002 2016 358
3951 2 2 10 4 1837 2083 764
3952 2 2 10 4 1446 2384 1448
3953 2 2 10 4 163 2069 288
3954 2 2 10 4 976 2012 941
3955 2 2 10 4 1163 1949 920
3956 2 2 10 4 1578 1972 1162
3957 2 2 10 4 1366 2338 1854
3958 2 2 10 4 1929 2115 1308
3959 2 2 10 4 1664 2404 1298
3960 2 2 10 4 716 2024 555
3961 2 2 10 4 2378 2384 1485
3962 2 2 10 4 193 2078 194
3963 2 2 10 4 598 1962 1156
3964 2 2 10 4 2398 2421 1493
3965 2 2 10 4 1167 2417 2410
3966 2 2 10 4 554 2036 437
3967 2 2 10 4 2181 2441 1414
3968 2 2 10 4 555 2024 553
3969 2 2 10 4 874 1964 909
3970 2 2 10 4 1001 1939 740
3971 2 2 10 4 1860 2351 2246
3972 2 2 10 4 1288 2251 1802
3973 2 2 10 4 357 2016 360
3974 2 2 10 4 1901 2055 1758
3975 2 2 10 4 858 1943 857
3976 2 2 10 4 1526 2262 1515
3977 2 2 10 4 1686 2249 1688
3978 2 2 10 4 1789 2377 1123
3979 2 2 10 4 836 1982 1230
3980 2 2 10 4 1296 2340 2311
3981 2 2 10 4 1219 2135 2080
3982 2 2 10 4 327 2050 326
3983 2 2 10 4 524 1955 537
3984 2 2 10 4 1091 2138 867
3985 2 2 10 4 795 1957 688
3986 2 2 10 4 448 1980 1874
3987 2 2 10 4 998 2179 1160
3988 2 2 10 4 871 1964 874
3989 2 2 10 4 1545 2315 2166
3990 2 2 10 4 1174 2088 1326
3991 2 2 10 4 380 1962 598
3992 2 2 10 4 1012 2017 827
3993 2 2 10 4 964 2429 1122
3994 2 2 10 4 465 1966 469
3995 2 2 10 4 977 1985 821
3996 2 2 10 4 389 1952 332
3997 2 2 10 4 1074 1940 445
3998 2 2 10 4 521 1929 1308
3999 2 2 10 4 1288 1953 1239
4000 2 2 10 4 1192 1965 1105
4001 2 2 10 4 730 1982 728
4002 2 2 10 4 632 1968 589
4003 2 2 10 4 1237 1953 1781
4004 2 2 10 4 617 2139 2005
4005 2 2 10 4 216 2084 217
4006 2 2 10 4 1294 2419 2157
4007 2 2 10 4 1292 2031 912
4008 2 2 10 4 2335 2378 1531
4009 2 2 10 4 1266 1976 1031
4010 2 2 10 4 1177 2298 2083
4011 2 2 10 4 104 2063 103
4012 2 2 10 4 1231 2072 1061
4013 2 2 10 4 1897 2000 353
4014 2 2 10 4 1024 2027 1551
4015 2 2 10 4 630 1990 632
4016 2 2 10 4 583 2023 626
4017 2 2 10 4 923 1922 683
4018 2 2 10 4 1887 2347 581
4019 2 2 10 4 795 2254 1900
4020 2 2 10 4 1094 2026 1107
4021 2 2 10 4 1061 2072 1063
4022 2 2 10 4 745 2223 1785
4023 2 2 10 4 1641 2163 1587
4024 2 2 10 4 2154 2373 266
4025 2 2 10 4 1826 2235 2199
4026 2 2 10 4 826 2097 817
4027 2 2 10 4 94 2091 93
4028 2 2 10 4 1954 2059 496
4029 2 2 10 4 866 1930 1240
4030 2 2 10 4 1670 2396 790
4031 2 2 10 4 1256 1934 1005
4032 2 2 10 4 896 1993 692
4033 2 2 10 4 1665 2225 1709
4034 2 2 10 4 1187 1987 1979
4035 2 2 10 4 1979 2105 1188
4036 2 2 10 4 1116 2122 1118
4037 2 2 10 4 1549 2320 2255
4038 2 2 10 4 1151 2100 1788
4039 2 2 10 4 10 2133 279
4040 2 2 10 4 452 1989 543
4041 2 2 10 4 1797 1995 1963
4042 2 2 10 4 1248 2109 1806
4043 2 2 10 4 403 2330 2174
4044 2 2 10 4 543 1980 450
4045 2 2 10 4 1187 1979 1181
4046 2 2 10 4 1394 2155 1940
4047 2 2 10 4 1263 2034 1264
4048 2 2 10 4 742 2025 596
4049 2 2 10 4 852 2027 1024
4050 2 2 10 4 1134 2177 925
4051 2 2 10 4 568 2062 569
4052 2 2 10 4 259 2314 1756
4053 2 2 10 4 823 1985 985
4054 2 2 10 4 877 1986 1046
4055 2 2 10 4 542 2023 583
4056 2 2 10 4 304 2142 134
4057 2 2 10 4 299 2279 1750
4058 2 2 10 4 1156 2141 1958
4059 2 2 10 4 1297 2121 990
4060 2 2 10 4 985 1991 854
4061 2 2 10 4 1218 2080 1682
4062 2 2 10 4 1200 2013 1316
4063 2 2 10 4 898 1990 654
4064 2 2 10 4 728 1982 836
4065 2 2 10 4 2410 2417 1668
4066 2 2 10 4 1307 2101 1227
4067 2 2 10 4 856 2018 1073
4068 2 2 10 4 1201 1993 896
4069 2 2 10 4 385 1995 1797
4070 2 2 10 4 900 2030 788
4071 2 2 10 4 313 2067 1844
4072 2 2 10 4 1440 2104 1441
4073 2 2 10 4 1243 1999 1247
4074 2 2 10 4 1057 1982 730
4075 2 2 10 4 1222 2021 1133
4076 2 2 10 4 513 2198 510
4077 2 2 10 4 436 2364 2248
4078 2 2 10 4 692 1993 693
4079 2 2 10 4 1236 2004 971
4080 2 2 10 4 498 2059 502
4081 2 2 10 4 530 1997 534
4082 2 2 10 4 1214 2081 1861
4083 2 2 10 4 551 1998 651
4084 2 2 10 4 557 1994 716
4085 2 2 10 4 936 1995 387
4086 2 2 10 4 2000 2001 358
4087 2 2 10 4 2093 2347 1195
4088 2 2 10 4 755 2029 757
4089 2 2 10 4 355 2000 358
4090 2 2 10 4 1183 2003 1187
4091 2 2 10 4 1079 2197 1077
4092 2 2 10 4 1244 2156 1242
4093 2 2 10 4 592 2328 593
4094 2 2 10 4 240 2101 1427
4095 2 2 10 4 1727 2410 1072
4096 2 2 10 4 570 2428 1890
4097 2 2 10 4 1219 2080 1218
4098 2 2 10 4 256 2338 1779
4099 2 2 10 4 11 2159 2133
4100 2 2 10 4 627 1994 559
4101 2 2 10 4 1311 2003 1185
4102 2 2 10 4 1046 2007 879
4103 2 2 10 4 1341 2322 2011
4104 2 2 10 4 1963 2141 1156
4105 2 2 10 4 640 2008 1147
4106 2 2 10 4 1150 2348 1833
4107 2 2 10 4 415 2119 608
4108 2 2 10 4 1884 2426 1343
4109 2 2 10 4 1765 2403 1881
4110 2 2 10 4 653 2011 858
4111 2 2 10 4 1905 2187 1310
4112 2 2 10 4 1996 2241 705
4113 2 2 10 4 2021 2022 1291
4114 2 2 10 4 881 2007 967
4115 2 2 10 4 639 2258 1615
4116 2 2 10 4 1765 2128 1139
4117 2 2 10 4 588 2414 1576
4118 2 2 10 4 14 2085 13
4119 2 2 10 4 1859 2103 1213
4120 2 2 10 4 817 2097 819
4121 2 2 10 4 963 2403 1765
4122 2 2 10 4 663 2042 661
4123 2 2 10 4 1271 2267 1145
4124 2 2 10 4 413 2064 424
4125 2 2 10 4 1586 2205 1641
4126 2 2 10 4 334 2032 336
4127 2 2 10 4 1171 2012 976
4128 2 2 10 4 929 2096 1261
4129 2 2 10 4 1411 2313 1396
4130 2 2 10 4 1978 2064 411
4131 2 2 10 4 435 2037 350
4132 2 2 10 4 800 2286 2169
4133 2 2 10 4 511 2317 1935
4134 2 2 10 4 1559 2265 1560
4135 2 2 10 4 404 2036 937
4136 2 2 10 4 2108 2324 1378
4137 2 2 10 4 1405 2390 1407
4138 2 2 10 4 1987 2105 1979
4139 2 2 10 4 360 2016 718
4140 2 2 10 4 587 2131 1906
4141 2 2 10 4 629 2185 466
4142 2 2 10 4 1346 2017 1012
4143 2 2 10 4 1828 2170 1829
4144 2 2 10 4 819 2097 977
4145 2 2 10 4 846 2040 1144
4146 2 2 10 4 358 2016 357
4147 2 2 10 4 1107 2026 1999
4148 2 2 10 4 469 2094 467
4149 2 2 10 4 577 2406 1885
4150 2 2 10 4 467 2094 546
4151 2 2 10 4 336 2032 390
4152 2 2 10 4 1265 2178 1340
4153 2 2 10 4 757 2029 911
4154 2 2 10 4 941 2012 1916
4155 2 2 10 4 1007 2025 742
4156 2 2 10 4 1179 2030 900
4157 2 2 10 4 482 2053 758
4158 2 2 10 4 1376 2339 1730
4159 2 2 10 4 827 2017 939
4160 2 2 10 4 362 2070 364
4161 2 2 10 4 458 2052 582
4162 2 2 10 4 1315 2107 1198
4163 2 2 10 4 652 2073 648
4164 2 2 10 4 844 2040 846
4165 2 2 10 4 1467 2158 1937
4166 2 2 10 4 2138 2285 1412
4167 2 2 10 4 1839 2387 1653
4168 2 2 10 4 667 2167 715
4169 2 2 10 4 1013 2042 663
4170 2 2 10 4 553 2024 609
4171 2 2 10 4 970 2096 833
4172 2 2 10 4 1521 2137 1754
4173 2 2 10 4 1383 2206 1382
4174 2 2 10 4 1386 2343 1813
4175 2 2 10 4 364 2070 369
4176 2 2 10 4 1756 2314 1757
4177 2 2 10 4 596 2025 680
4178 2 2 10 4 2021 2134 490
4179 2 2 10 4 1286 2126 1301
4180 2 2 10 4 1133 2021 1291
4181 2 2 10 4 706 2023 542
4182 2 2 10 4 1553 2026 1094
4183 2 2 10 4 1855 2405 894
4184 2 2 10 4 954 2027 852
4185 2 2 10 4 483 2136 481
4186 2 2 10 4 788 2030 928
4187 2 2 10 4 1494 2421 2398
4188 2 2 10 4 1167 2410 1727
4189 2 2 10 4 338 2041 340
4190 2 2 10 4 1721 2246 308
4191 2 2 10 4 508 2317 511
4192 2 2 10 4 1355 2275 1356
4193 2 2 10 4 1482 2162 1796
4194 2 2 10 4 1982 2168 1230
4195 2 2 10 4 340 2041 1988
4196 2 2 10 4 14 2120 2085
4197 2 2 10 4 1686 2034 1263
4198 2 2 10 4 244 2108 155
4199 2 2 10 4 804 2169 2018
4200 2 2 10 4 1315 2401 1823
4201 2 2 10 4 1284 2233 1347
4202 2 2 10 4 2018 2169 1631
4203 2 2 10 4 911 2040 844
4204 2 2 10 4 2100 2213 1788
4205 2 2 10 4 1155 2426 1884
4206 2 2 10 4 390 2041 338
4207 2 2 10 4 437 2036 404
4208 2 2 10 4 279 2133 2105
4209 2 2 10 4 350 2037 372
4210 2 2 10 4 917 2045 1292
4211 2 2 10 4 718 2070 362
4212 2 2 10 4 613 2139 617
4213 2 2 10 4 1722 2337 915
4214 2 2 10 4 456 2052 458
4215 2 2 10 4 236 2432 2088
4216 2 2 10 4 1247 2067 1354
4217 2 2 10 4 1208 2045 917
4218 2 2 10 4 1838 2203 2102
4219 2 2 10 4 661 2042 1880
4220 2 2 10 4 480 2053 482
4221 2 2 10 4 1162 2260 962
4222 2 2 10 4 501 2210 499
4223 2 2 10 4 1033 2148 1266
4224 2 2 10 4 1977 2089 1100
4225 2 2 10 4 1477 2131 1475
4226 2 2 10 4 1057 2168 1982
4227 2 2 10 4 1379 2165 1922
4228 2 2 10 4 326 2050 329
4229 2 2 10 4 1207 2111 1229
4230 2 2 10 4 1381 2291 1201
4231 2 2 10 4 1813 2343 287
4232 2 2 10 4 1670 2402 1481
4233 2 2 10 4 833 2096 929
4234 2 2 10 4 1613 2361 401
4235 2 2 10 4 1935 2317 1607
4236 2 2 10 4 916 2083 1360
4237 2 2 10 4 1545 2166 1919
4238 2 2 10 4 1096 2256 1322
4239 2 2 10 4 41 2409 2065
4240 2 2 10 4 1302 2296 1380
4241 2 2 10 4 1567 2334 1159
4242 2 2 10 4 1870 2066 375
4243 2 2 10 4 1926 2252 708
4244 2 2 10 4 1665 2424 2225
4245 2 2 10 4 1014 2172 1268
4246 2 2 10 4 701 2125 702
4247 2 2 10 4 1225 2118 933
4248 2 2 10 4 1463 2166 1468
4249 2 2 10 4 1873 2284 1488
4250 2 2 10 4 1229 2074 1905
4251 2 2 10 4 1235 2127 1840
4252 2 2 10 4 1017 2109 1369
4253 2 2 10 4 765 2354 2318
4254 2 2 10 4 509 2277 506
4255 2 2 10 4 1593 2430 1594
4256 2 2 10 4 1291 2106 1693
4257 2 2 10 4 939 2125 781
4258 2 2 10 4 1408 2329 1406
4259 2 2 10 4 1213 2103 1212
4260 2 2 10 4 2121 2323 1396
4261 2 2 10 4 1939 2029 755
4262 2 2 10 4 1212 2103 1298
4263 2 2 10 4 764 2083 916
4264 2 2 10 4 835 2223 747
4265 2 2 10 4 1893 2145 1193
4266 2 2 10 4 1327 2274 644
4267 2 2 10 4 1938 2068 835
4268 2 2 10 4 751 2216 1938
4269 2 2 10 4 1089 2299 848
4270 2 2 10 4 2105 2133 1270
4271 2 2 10 4 2005 2139 1363
4272 2 2 10 4 1164 2362 1699
4273 2 2 10 4 847 2420 915
4274 2 2 10 4 1068 2150 1290
4275 2 2 10 4 1843 2204 2190
4276 2 2 10 4 1304 2289 2188
4277 2 2 10 4 1784 2437 1353
4278 2 2 10 4 346 2227 1961
4279 2 2 10 4 1922 2165 666
4280 2 2 10 4 502 2116 500
4281 2 2 10 4 1952 2032 334
4282 2 2 10 4 1919 2166 1461
4283 2 2 10 4 1909 2052 456
4284 2 2 10 4 1138 2123 1171
4285 2 2 10 4 1267 2261 2148
4286 2 2 10 4 533 2239 1654
4287 2 2 10 4 273 2103 1859
4288 2 2 10 4 859 2178 2073
4289 2 2 10 4 1684 2365 1791
4290 2 2 10 4 1888 2375 300
4291 2 2 10 4 2076 2186 242
4292 2 2 10 4 1525 2344 1524
4293 2 2 10 4 84 2140 83
4294 2 2 10 4 546 2094 1998
4295 2 2 10 4 372 2383 1770
4296 2 2 10 4 1915 2053 480
4297 2 2 10 4 2074 2111 260
4298 2 2 10 4 1178 2092 1392
4299 2 2 10 4 1682 2051 1220
4300 2 2 10 4 575 2406 577
4301 2 2 10 4 1034 2189 1267
4302 2 2 10 4 1796 2195 1478
4303 2 2 10 4 602 2326 1593
4304 2 2 10 4 2073 2178 1265
4305 2 2 10 4 1709 2225 90
4306 2 2 10 4 1294 2157 1295
4307 2 2 10 4 1322 2111 1207
4308 2 2 10 4 645 2217 550
4309 2 2 10 4 2047 2245 1669
4310 2 2 10 4 1640 2194 1510
4311 2 2 10 4 260 2184 61
4312 2 2 10 4 2022 2106 1291
4313 2 2 10 4 935 2216 841
4314 2 2 10 4 1940 2155 432
4315 2 2 10 4 436 2248 2139
4316 2 2 10 4 781 2125 701
4317 2 2 10 4 15 2120 14
4318 2 2 10 4 2149 2422 280
4319 2 2 10 4 134 2142 133
4320 2 2 10 4 1699 2429 1164
4321 2 2 10 4 1588 2423 1726
4322 2 2 10 4 1403 2440 1858
4323 2 2 10 4 2052 2300 582
4324 2 2 10 4 1960 2146 398
4325 2 2 10 4 1879 2153 1172
4326 2 2 10 4 656 2162 1866
4327 2 2 10 4 933 2118 1017
4328 2 2 10 4 1531 2378 1485
4329 2 2 10 4 2123 2399 1747
4330 2 2 10 4 1683 2143 250
4331 2 2 10 4 2224 2314 259
4332 2 2 10 4 537 2234 526
4333 2 2 10 4 1331 2123 1138
4334 2 2 10 4 867 2138 869
4335 2 2 10 4 1911 2117 1010
4336 2 2 10 4 869 2138 1964
4337 2 2 10 4 1937 2158 1477
4338 2 2 10 4 697 2254 795
4339 2 2 10 4 1279 2270 1720
4340 2 2 10 4 243 2284 1873
4341 2 2 10 4 1959 2370 1149
4342 2 2 10 4 1299 2301 1370
4343 2 2 10 4 5 2160 139
4344 2 2 10 4 1955 2086 537
4345 2 2 10 4 988 2340 1296
4346 2 2 10 4 1420 2305 1297
4347 2 2 10 4 724 2147 1970
4348 2 2 10 4 500 2116 503
4349 2 2 10 4 765 2318 713
4350 2 2 10 4 1958 2141 1959
4351 2 2 10 4 1168 2209 1734
4352 2 2 10 4 412 2364 410
4353 2 2 10 4 1381 2389 2291
4354 2 2 10 4 865 2418 1595
4355 2 2 10 4 2175 2320 1367
4356 2 2 10 4 1017 2118 2109
4357 2 2 10 4 980 2211 981
4358 2 2 10 4 1198 2327 996
4359 2 2 10 4 432 2155 430
4360 2 2 10 4 779 2124 1089
4361 2 2 10 4 1961 2227 1673
4362 2 2 10 4 365 2238 382
4363 2 2 10 4 1188 2105 1270
4364 2 2 10 4 323 2180 321
4365 2 2 10 4 1779 2338 1944
4366 2 2 10 4 1289 2385 1774
4367 2 2 10 4 2232 2310 726
4368 2 2 10 4 276 2416 1732
4369 2 2 10 4 693 2144 1343
4370 2 2 10 4 1267 2148 1033
4371 2 2 10 4 1701 2135 1676
4372 2 2 10 4 1788 2213 1259
4373 2 2 10 4 2191 2339 1377
4374 2 2 10 4 1924 2161 1210
4375 2 2 10 4 671 2169 804
4376 2 2 10 4 1760 2394 2113
4377 2 2 10 4 1222 2134 2021
4378 2 2 10 4 666 2165 664
4379 2 2 10 4 1160 2413 2079
4380 2 2 10 4 1163 2351 1860
4381 2 2 10 4 1810 2308 1853
4382 2 2 10 4 1235 2269 2127
4383 2 2 10 4 1100 2089 1098
4384 2 2 10 4 1364 2316 2203
4385 2 2 10 4 1410 2387 1839
4386 2 2 10 4 202 2176 203
4387 2 2 10 4 1365 2439 1083
4388 2 2 10 4 1598 2134 1222
4389 2 2 10 4 2275 2363 1356
4390 2 2 10 4 695 2115 628
4391 2 2 10 4 580 2431 639
4392 2 2 10 4 1418 2193 1257
4393 2 2 10 4 702 2254 699
4394 2 2 10 4 2053 2241 1869
4395 2 2 10 4 1992 2145 488
4396 2 2 10 4 1387 2300 2052
4397 2 2 10 4 295 2249 2107
4398 2 2 10 4 1974 2164 420
4399 2 2 10 4 910 2220 1070
4400 2 2 10 4 417 2227 344
4401 2 2 10 4 1525 2432 2226
4402 2 2 10 4 1813 2194 1190
4403 2 2 10 4 1632 2394 1630
4404 2 2 10 4 1330 2337 1722
4405 2 2 10 4 1858 2242 1804
4406 2 2 10 4 1322 2256 1882
4407 2 2 10 4 2161 2293 1350
4408 2 2 10 4 1981 2393 563
4409 2 2 10 4 242 2186 1825
4410 2 2 10 4 2055 2231 316
4411 2 2 10 4 626 2208 625
4412 2 2 10 4 1845 2269 312
4413 2 2 10 4 1358 2354 765
4414 2 2 10 4 239 2175 215
4415 2 2 10 4 359 2381 406
4416 2 2 10 4 1369 2253 1249
4417 2 2 10 4 690 2232 726
4418 2 2 10 4 1293 2201 1294
4419 2 2 10 4 1262 2179 1685
4420 2 2 10 4 347 2423 2330
4421 2 2 10 4 1806 2182 1027
4422 2 2 10 4 2074 2187 1905
4423 2 2 10 4 1509 2250 1883
4424 2 2 10 4 1688 2249 295
4425 2 2 10 4 1475 2131 1483
4426 2 2 10 4 1619 2202 1432
4427 2 2 10 4 1439 2215 1668
4428 2 2 10 4 268 2333 12
4429 2 2 10 4 2170 2252 1829
4430 2 2 10 4 1565 2145 1992
4431 2 2 10 4 1912 2357 1370
4432 2 2 10 4 90 2225 89
4433 2 2 10 4 2011 2322 858
4434 2 2 10 4 2027 2224 1551
4435 2 2 10 4 1344 2411 1418
4436 2 2 10 4 295 2200 75
4437 2 2 10 4 1493 2421 1490
4438 2 2 10 4 279 2105 1987
4439 2 2 10 4 2083 2298 1360
4440 2 2 10 4 1230 2168 1601
4441 2 2 10 4 1211 2231 1901
4442 2 2 10 4 2296 2381 1380
4443 2 2 10 4 1349 2382 1348
4444 2 2 10 4 2217 2436 550
4445 2 2 10 4 280 2422 29
4446 2 2 10 4 1478 2319 1920
4447 2 2 10 4 925 2177 986
4448 2 2 10 4 494 2106 2022
4449 2 2 10 4 1649 2405 1359
4450 2 2 10 4 1241 2375 1888
4451 2 2 10 4 31 2218 30
4452 2 2 10 4 563 2393 561
4453 2 2 10 4 1085 2332 1330
4454 2 2 10 4 84 2376 2140
4455 2 2 10 4 1878 2164 1974
4456 2 2 10 4 403 2174 1834
4457 2 2 10 4 708 2252 1966
4458 2 2 10 4 1885 2406 1968
4459 2 2 10 4 1215 2240 1306
4460 2 2 10 4 1507 2362 1871
4461 2 2 10 4 123 2171 254
4462 2 2 10 4 1881 2403 1395
4463 2 2 10 4 2300 2359 1082
4464 2 2 10 4 1970 2147 1221
4465 2 2 10 4 528 2234 1997
4466 2 2 10 4 1397 2303 1303
4467 2 2 10 4 488 2145 1893
4468 2 2 10 4 1991 2219 956
4469 2 2 10 4 1223 2147 724
4470 2 2 10 4 1949 2151 1208
4471 2 2 10 4 1309 2224 2027
4472 2 2 10 4 398 2146 936
4473 2 2 10 4 303 2306 2204
4474 2 2 10 4 1357 2303 2277
4475 2 2 10 4 1565 2386 2145
4476 2 2 10 4 109 2290 272
4477 2 2 10 4 1159 2334 1780
4478 2 2 10 4 2107 2200 295
4479 2 2 10 4 1921 2414 1609
4480 2 2 10 4 1461 2166 1463
4481 2 2 10 4 1189 2197 1079
4482 2 2 10 4 1315 2200 2107
4483 2 2 10 4 262 2244 125
4484 2 2 10 4 1225 2182 2118
4485 2 2 10 4 1304 2188 1397
4486 2 2 10 4 1923 2345 1627
4487 2 2 10 4 298 2382 2091
4488 2 2 10 4 234 2212 1511
4489 2 2 10 4 1224 2146 1960
4490 2 2 10 4 1199 2401 1315
4491 2 2 10 4 2051 2196 1220
4492 2 2 10 4 1479 2158 1467
4493 2 2 10 4 1645 2392 1646
4494 2 2 10 4 1370 2357 1090
4495 2 2 10 4 1719 2219 1991
4496 2 2 10 4 1077 2435 1075
4497 2 2 10 4 937 2392 2307
4498 2 2 10 4 1318 2168 1057
4499 2 2 10 4 1853 2308 2228
4500 2 2 10 4 1556 2257 2042
4501 2 2 10 4 420 2164 1891
4502 2 2 10 4 1482 2228 2162
4503 2 2 10 4 2126 2144 693
4504 2 2 10 4 2145 2386 1193
4505 2 2 10 4 747 2223 745
4506 2 2 10 4 132 2282 266
4507 2 2 10 4 2162 2228 1866
4508 2 2 10 4 841 2216 751
4509 2 2 10 4 1723 2399 1331
4510 2 2 10 4 658 2316 606
4511 2 2 10 4 1515 2262 1516
4512 2 2 10 4 550 2436 478
4513 2 2 10 4 51 2237 50
4514 2 2 10 4 656 2195 2162
4515 2 2 10 4 2162 2195 1796
4516 2 2 10 4 1518 2319 1660
4517 2 2 10 4 1255 2250 1822
4518 2 2 10 4 1391 2266 1140
4519 2 2 10 4 1993 2126 693
4520 2 2 10 4 1522 2152 1225
4521 2 2 10 4 1968 2406 579
4522 2 2 10 4 2206 2286 800
4523 2 2 10 4 382 2238 2130
4524 2 2 10 4 858 2322 1849
4525 2 2 10 4 891 2419 2180
4526 2 2 10 4 2164 2426 1155
4527 2 2 10 4 921 2271 1151
4528 2 2 10 4 382 2130 1975
4529 2 2 10 4 1301 2199 1287
4530 2 2 10 4 726 2310 897
4531 2 2 10 4 1499 2297 1699
4532 2 2 10 4 1717 2203 1838
4533 2 2 10 4 1257 2193 1258
4534 2 2 10 4 1938 2216 1715
4535 2 2 10 4 2152 2182 1225
4536 2 2 10 4 1356 2363 1366
4537 2 2 10 4 1732 2416 2367
4538 2 2 10 4 915 2173 2115
4539 2 2 10 4 989 2283 1172
4540 2 2 10 4 1901 2231 2055
4541 2 2 10 4 2169 2286 1631
4542 2 2 10 4 1770 2383 1558
4543 2 2 10 4 1833 2259 1411
4544 2 2 10 4 1270 2159 1569
4545 2 2 10 4 1424 2280 1425
4546 2 2 10 4 1070 2295 1004
4547 2 2 10 4 1416 2269 1235
4548 2 2 10 4 1538 2404 1664
4549 2 2 10 4 1750 2279 2045
4550 2 2 10 4 1481 2258 1819
4551 2 2 10 4 970 2439 2096
4552 2 2 10 4 304 2371 1999
4553 2 2 10 4 1795 2305 629
4554 2 2 10 4 2367 2416 1323
4555 2 2 10 4 2109 2118 1806
4556 2 2 10 4 178 2263 179
4557 2 2 10 4 53 2281 52
4558 2 2 10 4 1195 2347 1887
4559 2 2 10 4 1189 2312 2197
4560 2 2 10 4 2171 2369 254
4561 2 2 10 4 1866 2228 327
4562 2 2 10 4 86 2272 293
4563 2 2 10 4 2211 2276 1622
4564 2 2 10 4 1984 2183 1368
4565 2 2 10 4 1348 2183 1984
4566 2 2 10 4 1324 2375 1241
4567 2 2 10 4 962 2260 963
4568 2 2 10 4 1296 2311 1420
4569 2 2 10 4 526 2234 528
4570 2 2 10 4 2147 2346 1748
4571 2 2 10 4 1310 2207 1311
4572 2 2 10 4 1503 2294 1505
4573 2 2 10 4 1785 2367 1323
4574 2 2 10 4 1965 2369 1372
4575 2 2 10 4 1755 2187 2074
4576 2 2 10 4 611 2328 2242
4577 2 2 10 4 42 2409 41
4578 2 2 10 4 345 2330 403
4579 2 2 10 4 1323 2256 1096
4580 2 2 10 4 625 2208 800
4581 2 2 10 4 1122 2429 2297
4582 2 2 10 4 1484 2315 1890
4583 2 2 10 4 1308 2173 1327
4584 2 2 10 4 1412 2285 1598
4585 2 2 10 4 2177 2352 1592
4586 2 2 10 4 344 2227 346
4587 2 2 10 4 1373 2356 1374
4588 2 2 10 4 2114 2438 1369
4589 2 2 10 4 2187 2207 1310
4590 2 2 10 4 1363 2248 1658
4591 2 2 10 4 699 2254 697
4592 2 2 10 4 1625 2350 2214
4593 2 2 10 4 2118 2182 1806
4594 2 2 10 4 278 2441 2181
4595 2 2 10 4 1941 2190 1319
4596 2 2 10 4 1880 2257 1661
4597 2 2 10 4 1804 2242 1337
4598 2 2 10 4 1961 2253 435
4599 2 2 10 4 1193 2386 1194
4600 2 2 10 4 1841 2265 311
4601 2 2 10 4 1504 2325 1851
4602 2 2 10 4 192 2284 243
4603 2 2 10 4 1319 2204 1318
4604 2 2 10 4 1252 2320 1549
4605 2 2 10 4 1864 2324 1680
4606 2 2 10 4 85 2376 84
4607 2 2 10 4 2190 2204 1319
4608 2 2 10 4 1370 2301 2290
4609 2 2 10 4 979 2275 859
4610 2 2 10 4 1851 2325 1131
4611 2 2 10 4 1298 2404 1251
4612 2 2 10 4 1041 2342 1043
4613 2 2 10 4 1835 2331 1546
4614 2 2 10 4 1535 2231 1211
4615 2 2 10 4 1854 2338 256
4616 2 2 10 4 1916 2154 1552
4617 2 2 10 4 1932 2407 543
4618 2 2 10 4 1066 2388 1064
4619 2 2 10 4 1247 2371 2067
4620 2 2 10 4 318 2273 1941
4621 2 2 10 4 1164 2429 964
4622 2 2 10 4 2102 2203 658
4623 2 2 10 4 2003 2433 1187
4624 2 2 10 4 956 2219 1927
4625 2 2 10 4 1072 2410 2215
4626 2 2 10 4 1485 2384 1446
4627 2 2 10 4 1414 2441 1777
4628 2 2 10 4 2311 2340 1592
4629 2 2 10 4 2177 2340 986
4630 2 2 10 4 2012 2154 1916
4631 2 2 10 4 1333 2417 1167
4632 2 2 10 4 1871 2362 1164
4633 2 2 10 4 254 2369 1842
4634 2 2 10 4 1282 2270 1279
4635 2 2 10 4 1287 2235 1288
4636 2 2 10 4 1878 2426 2164
4637 2 2 10 4 1594 2430 1928
4638 2 2 10 4 195 2309 252
4639 2 2 10 4 2091 2382 1349
4640 2 2 10 4 2228 2308 327
4641 2 2 10 4 1811 2390 1405
4642 2 2 10 4 1066 2434 2388
4643 2 2 10 4 705 2241 1915
4644 2 2 10 4 2067 2371 1844
4645 2 2 10 4 2124 2366 1089
4646 2 2 10 4 1700 2434 1066
4647 2 2 10 4 1295 2355 2039
4648 2 2 10 4 1553 2142 2026
4649 2 2 10 4 1220 2196 1948
4650 2 2 10 4 629 2385 1795
4651 2 2 10 4 1401 2380 1400
4652 2 2 10 4 1128 2323 1795
4653 2 2 10 4 2307 2392 1645
4654 2 2 10 4 2042 2257 1880
4655 2 2 10 4 2206 2353 2286
4656 2 2 10 4 1844 2371 304
4657 2 2 10 4 1787 2425 317
4658 2 2 10 4 1056 2391 1269
4659 2 2 10 4 1629 2397 1385
4660 2 2 10 4 2291 2389 1301
4661 2 2 10 4 848 2299 980
4662 2 2 10 4 1216 2379 2150
4663 2 2 10 4 2163 2174 1587
4664 2 2 10 4 2199 2235 1287
4665 2 2 10 4 2146 2370 1959
4666 2 2 10 4 1865 2321 1391
4667 2 2 10 4 1687 2249 1686
4668 2 2 10 4 1569 2312 1189
4669 2 2 10 4 2078 2412 1486
4670 2 2 10 4 507 2317 508
4671 2 2 10 4 2408 2427 1321
4672 2 2 10 4 1339 2296 1302
4673 2 2 10 4 1631 2286 1632
4674 2 2 10 4 2168 2306 1601
4675 2 2 10 4 1353 2278 1351
4676 2 2 10 4 2246 2351 1264
4677 2 2 10 4 2235 2251 1288
4678 2 2 10 4 1486 2412 1831
4679 2 2 10 4 1680 2374 2061
4680 2 2 10 4 1714 2229 2035
4681 2 2 10 4 1298 2424 1665
4682 2 2 10 4 1286 2144 2126
4683 2 2 10 4 1761 2413 1820
4684 2 2 10 4 1322 2184 2111
4685 2 2 10 4 986 2340 988
4686 2 2 10 4 116 2400 115
4687 2 2 10 4 1417 2285 1091
4688 2 2 10 4 2133 2159 1270
4689 2 2 10 4 1915 2241 2053
4690 2 2 10 4 582 2300 717
4691 2 2 10 4 1468 2315 1484
4692 2 2 10 4 1351 2301 1299
4693 2 2 10 4 1678 2433 2003
4694 2 2 10 4 1318 2306 2168
4695 2 2 10 4 308 2246 2034
4696 2 2 10 4 2049 2289 1046
4697 2 2 10 4 2258 2331 1819
4698 2 2 10 4 2034 2246 1264
4699 2 2 10 4 1947 2346 1223
4700 2 2 10 4 1977 2244 262
4701 2 2 10 4 1444 2245 2047
4702 2 2 10 4 1955 2274 2086
4703 2 2 10 4 1224 2370 2146
4704 2 2 10 4 979 2363 2275
4705 2 2 10 4 2115 2173 1308
4706 2 2 10 4 996 2327 998
4707 2 2 10 4 1604 2440 1403
4708 2 2 10 4 1360 2298 1573
4709 2 2 10 4 1260 2293 930
4710 2 2 10 4 980 2299 2276
4711 2 2 10 4 2010 2266 1391
4712 2 2 10 4 1927 2219 1324
4713 2 2 10 4 644 2274 1955
4714 2 2 10 4 1819 2331 1835
4715 2 2 10 4 502 2233 2116
4716 2 2 10 4 258 2394 1760
4717 2 2 10 4 2096 2439 1703
4718 2 2 10 4 1340 2359 1387
4719 2 2 10 4 1303 2303 1357
4720 2 2 10 4 937 2307 1952
4721 2 2 10 4 1944 2363 979
4722 2 2 10 4 2264 2341 390
4723 2 2 10 4 1732 2367 1850
4724 2 2 10 4 1592 2340 2177
4725 2 2 10 4 2278 2301 1351
4726 2 2 10 4 1408 2358 2236
4727 2 2 10 4 2203 2316 658
4728 2 2 10 4 1321 2427 1939
4729 2 2 10 4 862 2398 1902
4730 2 2 10 4 1914 2417 1333
4731 2 2 10 4 1297 2323 2121
4732 2 2 10 4 2111 2184 260
4733 2 2 10 4 2032 2264 390
4734 2 2 10 4 579 2406 575
4735 2 2 10 4 2332 2337 1330
4736 2 2 10 4 1907 2351 1163
4737 2 2 10 4 2007 2289 1304
4738 2 2 10 4 2181 2335 1531
4739 2 2 10 4 1415 2335 2181
4740 2 2 10 4 1941 2273 2190
4741 2 2 10 4 1292 2279 2092
4742 2 2 10 4 1662 2347 2093
4743 2 2 10 4 313 2247 2067
4744 2 2 10 4 406 2381 2296
4745 2 2 10 4 1890 2428 1484
4746 2 2 10 4 1023 2420 847
4747 2 2 10 4 1540 2244 1977
4748 2 2 10 4 2253 2438 435
4749 2 2 10 4 2045 2279 1292
4750 2 2 10 4 1134 2352 2177
4751 2 2 10 4 1512 2358 1931
4752 2 2 10 4 1609 2345 1923
4753 2 2 10 4 1090 2357 1321
4754 2 2 10 4 1948 2386 1565
4755 2 2 10 4 800 2208 2206
4756 2 2 10 4 1608 2361 1283
4757 2 2 10 4 1875 2395 1192
4758 2 2 10 4 1976 2368 1708
4759 2 2 10 4 1343 2426 1878
4760 2 2 10 4 1333 2415 1914
4761 2 2 10 4 2292 2302 632
4762 2 2 10 4 1201 2291 1993
4763 2 2 10 4 2079 2413 1761
4764 2 2 10 4 2191 2268 1529
4765 2 2 10 4 1377 2268 2191
4766 2 2 10 4 1231 2326 2072
4767 2 2 10 4 632 2302 1968
4768 2 2 10 4 561 2393 627
4769 2 2 10 4 327 2308 2050
4770 2 2 10 4 1251 2292 1990
4771 2 2 10 4 435 2438 2037
4772 2 2 10 4 1795 2385 1289
4773 2 2 10 4 639 2331 2258
4774 2 2 10 4 2037 2438 2114
4775 2 2 10 4 1388 2401 1199
4776 2 2 10 4 1285 2287 2099
4777 2 2 10 4 1046 2289 2007
4778 2 2 10 4 2113 2353 1383
4779 2 2 10 4 1952 2307 2032
4780 2 2 10 4 1990 2292 632
4781 2 2 10 4 2004 2370 1224
4782 2 2 10 4 1993 2291 2126
4783 2 2 10 4 2139 2248 1363
4784 2 2 10 4 1350 2293 2149
4785 2 2 10 4 853 2344 2057
4786 2 2 10 4 1928 2430 1231
4787 2 2 10 4 2086 2274 1314
4788 2 2 10 4 1231 2430 2326
4789 2 2 10 4 1791 2427 2408
4790 2 2 10 4 1644 2341 2264
4791 2 2 10 4 1083 2439 970
4792 2 2 10 4 239 2320 2175
4793 2 2 10 4 2331 2431 1546
4794 2 2 10 4 1980 2407 1735
4795 2 2 10 4 1075 2435 1320
4796 2 2 10 4 1484 2428 2095
4797 2 2 10 4 1187 2433 1987
4798 2 2 10 4 272 2301 2278
4799 2 2 10 4 2222 2239 533
4800 2 2 10 4 1538 2302 2292
4801 2 2 10 4 1223 2346 2147
4802 2 2 10 4 2061 2374 1496
4803 2 2 10 4 1985 2350 985
4804 2 2 10 4 1264 2351 1907
4805 2 2 10 4 2157 2355 1295
4806 2 2 10 4 2126 2291 1301
4807 2 2 10 4 2129 2325 1504
4808 2 2 10 4 2278 2437 1745
4809 2 2 10 4 317 2425 2247
4810 2 2 10 4 1387 2359 2300
4811 2 2 10 4 2206 2208 1382
4812 2 2 10 4 390 2341 2041
4813 2 2 10 4 269 2349 2230
4814 2 2 10 4 2264 2307 1645
4815 2 2 10 4 1481 2402 2258
4816 2 2 10 4 244 2324 2108
4817 2 2 10 4 1268 2304 2130
4818 2 2 10 4 2012 2373 2154
4819 2 2 10 4 980 2276 2211
4820 2 2 10 4 2190 2273 314
4821 2 2 10 4 2180 2419 1435
4822 2 2 10 4 2185 2305 1420
4823 2 2 10 4 1266 2368 1976
4824 2 2 10 4 1385 2397 2075
4825 2 2 10 4 2029 2365 911
4826 2 2 10 4 1171 2373 2012
4827 2 2 10 4 2204 2306 1318
4828 2 2 10 4 1972 2411 1344
4829 2 2 10 4 2036 2392 937
4830 2 2 10 4 2148 2261 1654
4831 2 2 10 4 1353 2437 2278
4832 2 2 10 4 629 2305 2185
4833 2 2 10 4 2290 2301 272
4834 2 2 10 4 930 2293 2161
4835 2 2 10 4 2149 2293 1260
4836 2 2 10 4 1369 2438 2253
4837 2 2 10 4 2032 2307 2264
4838 2 2 10 4 2258 2402 1615
4839 2 2 10 4 2199 2389 255
4840 2 2 10 4 1999 2371 1247
4841 2 2 10 4 2069 2415 1333
4842 2 2 10 4 1400 2380 2160
4843 2 2 10 4 2326 2430 1593
4844 2 2 10 4 2286 2353 1632
4845 2 2 10 4 2037 2383 372
4846 2 2 10 4 1357 2277 2221
4847 2 2 10 4 543 2407 1980
4848 2 2 10 4 2357 2408 1321
4849 2 2 10 4 2150 2379 1506
4850 2 2 10 4 234 2321 2212
4851 2 2 10 4 1939 2427 2029
4852 2 2 10 4 2172 2304 1268
4853 2 2 10 4 1331 2399 2123
4854 2 2 10 4 2088 2432 1326
4855 2 2 10 4 1708 2368 2222
4856 2 2 10 4 1309 2314 2224
4857 2 2 10 4 2159 2333 1569
4858 2 2 10 4 2103 2424 1298
4859 2 2 10 4 264 2339 2191
4860 2 2 10 4 1251 2404 2292
4861 2 2 10 4 2292 2404 1538
4862 2 2 10 4 2242 2328 1337
4863 2 2 10 4 2221 2277 509
4864 2 2 10 4 639 2431 2331
4865 2 2 10 4 1348 2382 2183
4866 2 2 10 4 2248 2364 1658
4867 2 2 10 4 2230 2349 1550
4868 2 2 10 4 2157 2419 891
4869 2 2 10 4 915 2337 2173
4870 2 2 10 4 2260 2403 963
4871 2 2 10 4 1301 2389 2199
4872 2 2 10 4 1383 2353 2206
4873 2 2 10 4 2183 2382 298
4874 2 2 10 4 2222 2368 2239
4875 2 2 10 4 2239 2368 1266
4876 2 2 10 4 2029 2427 2365
4877 2 2 10 4 2226 2432 236
4878 2 2 10 4 2215 2410 1668
4879 2 2 10 4 273 2424 2103
4880 2 2 10 4 1323 2416 2256
4881 2 2 10 4 1395 2403 2260
4882 2 2 10 4 2365 2427 1791
4883 2 2 10 4 2297 2429 1699
4884 2 2 10 4 2330 2423 1588
$EndElements
