$MeshFormat
2.2 0 8
$EndMeshFormat
$PhysicalNames
5
1 1 "topo"
1 2 "base"
1 3 "lados"
1 4 "furos"
2 10 "aleta"
$EndPhysicalNames
$Nodes
4435
1 -2 0 0
2 2 0 0
3 -3 3.5 0
4 3 3.5 0
5 -1.15 1.75 0
6 1.85 1.75 0
7 -1.904761904761905 0 0
8 -1.80952380952381 0 0
9 -1.714285714285714 0 0
10 -1.619047619047619 0 0
11 -1.523809523809524 0 0
12 -1.428571428571429 0 0
13 -1.333333333333333 0 0
14 -1.238095238095239 0 0
15 -1.142857142857143 0 0
16 -1.047619047619049 0 0
17 -0.9523809523809534 0 0
18 -0.8571428571428585 0 0
19 -0.7619047619047636 0 0
20 -0.6666666666666687 0 0
21 -0.5714285714285736 0 0
22 -0.4761904761904787 0 0
23 -0.3809523809523836 0 0
24 -0.2857142857142887 0 0
25 -0.1904761904761936 0 0
26 -0.0952380952380989 0 0
27 -3.774758283725532e-15 0 0
28 0.09523809523809135 0 0
29 0.1904761904761862 0 0
30 0.2857142857142811 0 0
31 0.380952380952376 0 0
32 0.4761904761904709 0 0
33 0.5714285714285658 0 0
34 0.6666666666666607 0 0
35 0.7619047619047561 0 0
36 0.857142857142851 0 0
37 0.9523809523809459 0 0
38 1.047619047619041 0 0
39 1.142857142857136 0 0
40 1.238095238095232 0 0
41 1.333333333333328 0 0
42 1.428571428571424 0 0
43 1.52380952380952 0 0
44 1.619047619047616 0 0
45 1.714285714285712 0 0
46 1.809523809523808 0 0
47 1.904761904761904 0 0
48 -2.973439665010612 3.407038827537144 0
49 -2.946879330021225 3.314077655074287 0
50 -2.920318995031837 3.221116482611431 0
51 -2.89375866004245 3.128155310148575 0
52 -2.867198325053062 3.035194137685719 0
53 -2.840637990063675 2.942232965222863 0
54 -2.814077655074287 2.849271792760006 0
55 -2.7875173200849 2.75631062029715 0
56 -2.760956985095512 2.663349447834294 0
57 -2.734396650106125 2.570388275371438 0
58 -2.707836315116738 2.477427102908582 0
59 -2.681733572784142 2.386067504744498 0
60 -2.656798552722765 2.298794934529676 0
61 -2.632931394264009 2.215259879924031 0
62 -2.610023805916349 2.135083320707221 0
63 -2.587972207082378 2.057902724788321 0
64 -2.566676316884664 1.983367109096326 0
65 -2.54603884606595 1.911135961230823 0
66 -2.525965113059796 1.840877895709288 0
67 -2.506362655736218 1.772269295076761 0
68 -2.487140856245813 1.704992996860346 0
69 -2.468210556230671 1.63873694680735 0
70 -2.449483709848803 1.573192984470811 0
71 -2.430873048820586 1.50805567087205 0
72 -2.412291995385123 1.443021983847931 0
73 -2.393654045165722 1.377789158080026 0
74 -2.374872275288631 1.312052963510209 0
75 -2.355859208845992 1.245507230960972 0
76 -2.336526496452934 1.177842737585267 0
77 -2.316784567279236 1.108745985477328 0
78 -2.296542264262038 1.037897924917134 0
79 -2.275706468209669 0.9649726387338422 0
80 -2.254181702088273 0.8896359573089554 0
81 -2.23186973663664 0.811544078228239 0
82 -2.208669254648027 0.7303423912680933 0
83 -2.18447546674352 0.6456641336023199 0
84 -2.159178922902168 0.5571262301575897 0
85 -2.132801674946937 0.4648058623142797 0
86 -2.106241339957549 0.3718446898514238 0
87 -2.079681004968162 0.2788835173885675 0
88 -2.053120669978775 0.1859223449257117 0
89 -2.026560334989387 0.09296117246285585 0
90 2.026560061424185 0.09296021498464684 0
91 2.05312012284837 0.1859204299692936 0
92 2.079680184272554 0.2788806449539405 0
93 2.106240245696739 0.3718408599385873 0
94 2.132800307120924 0.464801074923234 0
95 2.159175968388208 0.5571158893587278 0
96 2.184473077462608 0.6456557711191292 0
97 2.208667293206369 0.7303355262222925 0
98 2.231867636027993 0.8115367260979746 0
99 2.254179246983933 0.8896273644437673 0
100 2.275703661618725 0.9649628156655369 0
101 2.296539223144423 1.037887281005481 0
102 2.316781431399495 1.10873500989823 0
103 2.336523375610996 1.177831814638487 0
104 2.355856140854181 1.245496492989635 0
105 2.374869209074975 1.312042231762414 0
106 2.393650846094444 1.377777961330554 0
107 2.412288465083787 1.443009627793253 0
108 2.43086895814392 1.508041353503721 0
109 2.449479018788234 1.573176565758819 0
110 2.468205449396964 1.638719072889373 0
111 2.48713547269187 1.704974154421544 0
112 2.506365970744507 1.772280897605773 0
113 2.525968834736621 1.840890921578172 0
114 2.546042506502349 1.911148772758222 0
115 2.566679832847923 1.98337941496773 0
116 2.58797550892365 2.057914281232773 0
117 2.610026923941 2.1350942337935 0
118 2.632934524322252 2.21527083512788 0
119 2.656802223193565 2.298807781177478 0
120 2.681737722110327 2.386082027386144 0
121 2.707839324333968 2.477437635168888 0
122 2.734399385758153 2.570397850153535 0
123 2.760959447182338 2.663358065138181 0
124 2.787519508606522 2.756318280122828 0
125 2.814079570030707 2.849278495107474 0
126 2.840639631454891 2.94223871009212 0
127 2.867199692879076 3.035198925076767 0
128 2.893759754303261 3.128159140061413 0
129 2.920319815727446 3.22111935504606 0
130 2.94687987715163 3.314079570030707 0
131 2.973439938575815 3.407039785015353 0
132 2.903225806451613 3.5 0
133 2.806451612903226 3.5 0
134 2.709677419354838 3.5 0
135 2.612903225806451 3.5 0
136 2.516129032258064 3.5 0
137 2.419354838709676 3.5 0
138 2.322580645161289 3.5 0
139 2.225806451612902 3.5 0
140 2.129032258064514 3.5 0
141 2.032258064516127 3.5 0
142 1.935483870967739 3.5 0
143 1.838709677419352 3.5 0
144 1.741935483870964 3.5 0
145 1.645161290322577 3.5 0
146 1.54838709677419 3.5 0
147 1.451612903225802 3.5 0
148 1.354838709677415 3.5 0
149 1.258064516129027 3.5 0
150 1.16129032258064 3.5 0
151 1.064516129032252 3.5 0
152 0.9677419354838648 3.5 0
153 0.8709677419354773 3.5 0
154 0.7741935483870899 3.5 0
155 0.6774193548387024 3.5 0
156 0.580645161290315 3.5 0
157 0.4838709677419275 3.5 0
158 0.38709677419354 3.5 0
159 0.2903225806451526 3.5 0
160 0.1935483870967651 3.5 0
161 0.09677419354837768 3.5 0
162 -1.021405182655144e-14 3.5 0
163 -0.09677419354839722 3.5 0
164 -0.1935483870967842 3.5 0
165 -0.2903225806451704 3.5 0
166 -0.3870967741935574 3.5 0
167 -0.4838709677419444 3.5 0
168 -0.5806451612903314 3.5 0
169 -0.6774193548387175 3.5 0
170 -0.7741935483871045 3.5 0
171 -0.8709677419354915 3.5 0
172 -0.9677419354838777 3.5 0
173 -1.064516129032264 3.5 0
174 -1.161290322580651 3.5 0
175 -1.258064516129038 3.5 0
176 -1.354838709677424 3.5 0
177 -1.451612903225811 3.5 0
178 -1.548387096774198 3.5 0
179 -1.645161290322585 3.5 0
180 -1.741935483870972 3.5 0
181 -1.838709677419359 3.5 0
182 -1.935483870967746 3.5 0
183 -2.032258064516132 3.5 0
184 -2.129032258064519 3.5 0
185 -2.225806451612906 3.5 0
186 -2.322580645161293 3.5 0
187 -2.419354838709679 3.5 0
188 -2.516129032258066 3.5 0
189 -2.612903225806453 3.5 0
190 -2.709677419354839 3.5 0
191 -2.806451612903226 3.5 0
192 -2.903225806451613 3.5 0
193 -1.152124262938718 1.788502877347928 0
194 -1.158471266080398 1.826538381922232 0
195 -1.168963965404778 1.863644814221639 0
196 -1.183474993755848 1.899371752423741 0
197 -1.201828206906586 1.933285519895757 0
198 -1.223800821711262 1.964974449441384 0
199 -1.249126120391042 1.994053880382899 0
200 -1.277496688126512 2.020170827820713 0
201 -1.308568144657151 2.043008267391885 0
202 -1.341963324591189 2.062288983516438 0
203 -1.377276855682536 2.077778934418969 0
204 -1.414080079500721 2.089290093078766 0
205 -1.451926254763557 2.096682729623126 0
206 -1.490355980171144 2.099867107458733 0
207 -1.528902770915317 2.098804572552334 0
208 -1.567098721173309 2.093508022638346 0
209 -1.604480183850594 2.084041750657827 0
210 -1.64059339862854 2.07052066432927 0
211 -1.675000000000001 2.053108891324553 0
212 -1.707282338432744 2.032017786981342 0
213 -1.73704855006901 2.007503368735595 0
214 -1.763937313421915 1.979863208416706 0
215 -1.787622235328836 1.949432820128592 0
216 -1.807815812922272 1.916581587562974 0
217 -1.824272923525181 1.881708280181741 0
218 -1.836793800108238 1.845236212695865 0
219 -1.845226456190953 1.807608106598255 0
220 -1.849468530751661 1.769280716124551 0
221 -1.849468530751661 1.730719283875445 0
222 -1.845226456190952 1.692391893401741 0
223 -1.836793800108237 1.65476378730413 0
224 -1.82427292352518 1.618291719818255 0
225 -1.80781581292227 1.583418412437022 0
226 -1.787622235328834 1.550567179871404 0
227 -1.763937313421912 1.520136791583291 0
228 -1.737048550069007 1.492496631264402 0
229 -1.707282338432741 1.467982213018656 0
230 -1.674999999999998 1.446891108675445 0
231 -1.640593398628537 1.429479335670729 0
232 -1.604480183850591 1.415958249342172 0
233 -1.567098721173307 1.406491977361653 0
234 -1.528902770915314 1.401195427447665 0
235 -1.490355980171141 1.400132892541267 0
236 -1.451926254763555 1.403317270376874 0
237 -1.414080079500719 1.410709906921235 0
238 -1.377276855682535 1.422221065581031 0
239 -1.341963324591188 1.437711016483563 0
240 -1.30856814465715 1.456991732608116 0
241 -1.27749668812651 1.479829172179288 0
242 -1.249126120391042 1.505946119617102 0
243 -1.223800821711262 1.535025550558617 0
244 -1.201828206906585 1.566714480104243 0
245 -1.183474993755848 1.600628247576259 0
246 -1.168963965404778 1.636355185778361 0
247 -1.158471266080398 1.673461618077769 0
248 -1.152124262938718 1.711497122652073 0
249 1.847875737061282 1.788502877347928 0
250 1.841528733919602 1.826538381922232 0
251 1.831036034595222 1.863644814221639 0
252 1.816525006244152 1.899371752423741 0
253 1.798171793093414 1.933285519895757 0
254 1.776199178288738 1.964974449441384 0
255 1.750873879608958 1.994053880382899 0
256 1.722503311873488 2.020170827820713 0
257 1.691431855342849 2.043008267391885 0
258 1.658036675408811 2.062288983516438 0
259 1.622723144317464 2.077778934418969 0
260 1.585919920499279 2.089290093078766 0
261 1.548073745236443 2.096682729623126 0
262 1.509644019828856 2.099867107458733 0
263 1.471097229084683 2.098804572552334 0
264 1.432901278826691 2.093508022638346 0
265 1.395519816149406 2.084041750657827 0
266 1.35940660137146 2.07052066432927 0
267 1.324999999999999 2.053108891324553 0
268 1.292717661567256 2.032017786981342 0
269 1.26295144993099 2.007503368735595 0
270 1.236062686578085 1.979863208416706 0
271 1.212377764671164 1.949432820128592 0
272 1.192184187077728 1.916581587562974 0
273 1.175727076474819 1.881708280181741 0
274 1.163206199891762 1.845236212695865 0
275 1.154773543809047 1.807608106598255 0
276 1.150531469248339 1.769280716124551 0
277 1.150531469248339 1.730719283875445 0
278 1.154773543809048 1.692391893401741 0
279 1.163206199891763 1.65476378730413 0
280 1.17572707647482 1.618291719818255 0
281 1.19218418707773 1.583418412437022 0
282 1.212377764671166 1.550567179871404 0
283 1.236062686578088 1.520136791583291 0
284 1.262951449930993 1.492496631264402 0
285 1.292717661567259 1.467982213018656 0
286 1.325000000000002 1.446891108675445 0
287 1.359406601371463 1.429479335670729 0
288 1.395519816149409 1.415958249342172 0
289 1.432901278826693 1.406491977361653 0
290 1.471097229084686 1.401195427447665 0
291 1.509644019828859 1.400132892541267 0
292 1.548073745236445 1.403317270376874 0
293 1.585919920499281 1.410709906921235 0
294 1.622723144317465 1.422221065581031 0
295 1.658036675408812 1.437711016483563 0
296 1.69143185534285 1.456991732608116 0
297 1.72250331187349 1.479829172179288 0
298 1.750873879608958 1.505946119617102 0
299 1.776199178288738 1.535025550558617 0
300 1.798171793093415 1.566714480104243 0
301 1.816525006244152 1.600628247576259 0
302 1.831036034595222 1.636355185778361 0
303 1.841528733919602 1.673461618077769 0
304 1.847875737061282 1.711497122652073 0
305 -0.05411708012735123 0.08290454367320566 0
306 -0.04640603796672857 3.416813396762007 0
307 0.4280548172867345 0.08374756700993835 0
308 0.4363285961028261 3.421261169504101 0
309 -0.5298977588938902 0.08518599922317716 0
310 -0.5356204582441455 3.418702653221986 0
311 0.8101182608487196 0.0824736301245772 0
312 0.8104221506329123 3.427307917336051 0
313 -0.904761904761906 0.0801322029776812 0
314 -0.9193548387096844 3.422146896489616 0
315 -2.64583686419378 2.539291339117286 0
316 1.983408780410836 3.40373914765894 0
317 -1.887210160070423 3.41602096284281 0
318 1.190476190476184 0.07800026615542732 0
319 -1.281386276355639 0.07780720046752654 0
320 1.206825101135639 3.413012147670953 0
321 -1.309440787146601 3.42221721371302 0
322 1.596241665892658 3.416501565566183 0
323 2.624182588316227 2.450739582076384 0
324 1.811924104036036 1.964398242678475 0
325 2.099058122566588 0.6245697234185623 0
326 -2.096822396888987 0.6228251241467713 0
327 -1.634750661517389 1.391910115606184 0
328 -1.82616902607301 1.95049535503499 0
329 1.687862750787422 1.417874199708926 0
330 -1.742848947246827 1.457363263066581 0
331 1.865265601765379 1.854410724970608 0
332 -2.543917950710552 2.190218314688973 0
333 -1.873506860078598 1.835555146690386 0
334 2.175998598635172 0.857721906965633 0
335 1.788720054871795 1.498553483072742 0
336 -2.175979812536407 0.8692695839893045 0
337 2.541146013746294 2.114553852302818 0
338 -1.830905801018087 1.551646738782662 0
339 1.88155956177695 1.727640120685387 0
340 -1.878903283616173 1.707759707597291 0
341 1.851785370498592 1.607524574400525 0
342 -2.494799667135025 1.961876323381146 0
343 2.247021534136512 1.086531916123979 0
344 -2.236609455987286 1.090600889717466 0
345 2.701906860834518 2.7454514673828 0
346 2.475874116793692 1.893200291118424 0
347 1.571428571428568 0.08247860988423272 0
348 -2.269060020178519 3.414178002722767 0
349 -1.596820578755977 3.416380016986367 0
350 -1.56477783270173 0.07760021272237294 0
351 -2.437366469641225 1.752483695768046 0
352 2.30915956398736 1.294619902529171 0
353 -2.312229530972359 1.294016065694109 0
354 2.415690225442767 1.69401269128856 0
355 2.274193548387096 3.416191089956345 0
356 -2.36150299031609 1.494478144628778 0
357 2.366375759121973 1.486344623747585 0
358 -2.71613638691007 2.813812690801362 0
359 2.773413754449018 3.011720505503863 0
360 -2.013464131254019 0.3588069387877604 0
361 2.008191475289652 0.3410182593754525 0
362 -1.862119098788016 1.625684356362614 0
363 -2.56451612903226 3.416191089956345 0
364 2.570489091541842 3.412559299199207 0
365 -2.596325969672675 2.363838475708633 0
366 -2.792073316690193 3.117657309284347 0
367 2.562857534268527 2.282302349331635 0
368 -2.403487747513521 1.623451233535957 0
369 0.1451612903225714 3.416191089956344 0
370 -0.2289258773729109 3.42198010230257 0
371 1.020504879866278 3.417892113034288 0
372 1.781811339065147 3.422850198437155 0
373 1.403339192328479 3.41602096284281 0
374 -1.112903225806458 3.416191089956345 0
375 0.6306792656650653 3.413938563927827 0
376 -0.7258064516129109 3.416191089956345 0
377 -2.081433921849479 3.416857930367707 0
378 1.380599171695049 0.08300806928673454 0
379 1.76190476190476 0.07705460928633867 0
380 0.1570592017601648 0.07424100427545288 0
381 -0.3325056105874155 0.06146796471272209 0
382 -1.774086485102465 0.07342887302245016 0
383 -1.095238095238096 0.08247860988423206 0
384 -0.7190481762457983 0.08002342496877235 0
385 0.6237827694589847 0.07550427008764915 0
386 1.000950259103749 0.08653368817064977 0
387 2.81864694554093 3.193359216695839 0
388 -2.756041054503577 3.414123277730228 0
389 1.969656319429865 0.1788673955812901 0
390 -1.960583930246089 0.1637955442469439 0
391 2.749729252027794 3.422161635832579 0
392 -2.853092425608111 3.290598993676693 0
393 2.879654000145757 3.38356136544245 0
394 -2.871488397994629 3.403031680546677 0
395 -1.880205089134423 1.794836953213171 0
396 -1.910680088157416 1.822356730317481 0
397 -1.902111908082469 1.860306445643618 0
398 -1.939362217497013 1.848855584209941 0
399 -1.948034810924195 1.810840169243317 0
400 -1.976648025830321 1.837381152653863 0
401 -1.967949659873058 1.875396103702549 0
402 -1.98536449782718 1.79936253628764 0
403 -2.005229072497393 1.863925347994638 0
404 -1.996193157522197 1.900856915168963 0
405 -2.033803845228457 1.890470761771368 0
406 -2.025328061393956 1.927973336834007 0
407 -2.063487988925456 1.918680372921491 0
408 -2.055594099729295 1.958541147275303 0
409 -2.074646797353581 1.880995168636136 0
410 -2.095652467673284 1.947083545659012 0
411 -2.086769973166789 1.989265616506756 0
412 -2.046322118999635 2.001748732851409 0
413 -2.078861010261271 2.035361568806438 0
414 -2.035255159085533 2.046481357897244 0
415 -2.067917423295317 2.080948616100747 0
416 -2.022426940111113 2.091297159199474 0
417 -2.055420340132506 2.124197800132523 0
418 -2.010196240079864 2.136491856370261 0
419 -2.044510364443032 2.169336280735597 0
420 -1.998181149885645 2.182645881919282 0
421 -2.033297481444043 2.216520587012344 0
422 -1.986036361008327 2.23013481929741 0
423 -2.02236198414448 2.265410543042853 0
424 -1.974205984142015 2.279687963486783 0
425 -2.010028073578388 2.315373327881267 0
426 -1.960432743378177 2.33094515799741 0
427 -1.99796252307978 2.367777222379241 0
428 -1.947681490935048 2.382309007599472 0
429 -1.984226613052108 2.42220691454528 0
430 -1.923758675444645 2.436198038860336 0
431 -1.971379600707733 2.479356171054789 0
432 -1.912417048626356 2.498120220119818 0
433 -1.958620530803262 2.539700312501254 0
434 -1.899007065048013 2.556553363202625 0
435 -1.593987484526213 2.121148182957235 0
436 -1.852084852815433 2.516898210434042 0
437 -1.838617206080573 2.573293268167815 0
438 -1.793128380229462 2.531721045574944 0
439 -1.779131996580343 2.58903481106328 0
440 -1.7373956542061 2.54618220132279 0
441 -1.720546919506659 2.604607090601655 0
442 -1.673351057546373 2.556494295157322 0
443 -1.660727034756645 2.619540389680304 0
444 -1.614411093917403 2.578102113828998 0
445 -1.426600956083778 2.125762160564641 0
446 -1.602067207398576 2.635932597159611 0
447 -1.557452899040281 2.593115789962928 0
448 -1.54240401930184 2.65224936757002 0
449 -1.497655806212786 2.608810730004759 0
450 -1.481340667898161 2.667688781245433 0
451 -1.436797901500637 2.624502296302957 0
452 -1.419378530882569 2.682992237092789 0
453 -1.374864824342336 2.640472434022607 0
454 -1.944669863157978 2.602078882575391 0
455 -1.35716998120116 2.702345484239446 0
456 -1.310857047062216 2.65702187053511 0
457 -1.307996524883158 2.089055602689494 0
458 -1.293148716366423 2.721822166550066 0
459 -1.244844094219158 2.673869058498122 0
460 -1.699619349825019 2.66571252502774 0
461 -1.227055174611216 2.739907107259034 0
462 -1.177974368295851 2.691123739392983 0
463 -1.196024889218209 2.625602249960091 0
464 -1.12967883184542 2.641391204315986 0
465 -1.110246419237567 2.708905614031659 0
466 -1.062314976970875 2.657087405254206 0
467 -1.082412144128784 2.590936490368344 0
468 -1.015644230042499 2.605865006013911 0
469 -1.036043073728943 2.541134600743443 0
470 -0.9693243590541414 2.555362492418124 0
471 -1.21105838328756 2.000796427837703 0
472 -0.9478897525391528 2.621504771362661 0
473 -0.9011969927482317 2.568965754936962 0
474 -0.9240961226902256 2.502471784180964 0
475 -0.8557952648925667 2.516101701169914 0
476 -0.8781870972265553 2.450798632598693 0
477 -0.8107756911945839 2.463998546788083 0
478 -0.8331358294363835 2.399950260775143 0
479 -0.7660420435045362 2.412486142355078 0
480 -0.7883642622761916 2.348691080438387 0
481 -0.7213622856934188 2.36112986255299 0
482 -0.740055691465909 2.299731286186578 0
483 -0.6759650554195417 2.31010291086544 0
484 -0.6946514360953088 2.248458884859339 0
485 -0.6305266659103064 2.258618498092153 0
486 -0.654159278412343 2.192545158336817 0
487 -0.5861019439232042 2.2056274249423 0
488 -0.6086941582625091 2.13959090569347 0
489 -0.5373051161232811 2.156561003778652 0
490 -0.5727777183031171 2.079145601081781 0
491 -0.4904616550297662 2.102829887365188 0
492 -0.516599619118205 2.029409698533795 0
493 -0.4453015433129169 2.045505602726083 0
494 -0.4672544287728922 1.97359836149827 0
495 -0.3855051547421691 1.993063849651931 0
496 -0.4164182349044948 1.914357419819262 0
497 -0.3411201353259155 1.929534404826731 0
498 -0.366360023393112 1.852658192638495 0
499 -0.2860182714619872 1.868710134244223 0
500 -0.2601071686653733 1.947916883624149 0
501 -0.2014118283696657 1.883704764969923 0
502 -0.3139565500763264 1.791776742155101 0
503 -0.1752374351307771 1.972174541632271 0
504 -0.1112743938447723 1.899559315306096 0
505 -0.08221735505296764 1.993559848293665 0
506 -0.56726035682247 2.27367318114366 0
507 -0.01717889829702147 1.917612045458809 0
508 0.01262585622749799 2.013604966547473 0
509 -1.117717661567257 1.728908895656789 0
510 0.08052816763426481 1.938410458347538 0
511 0.1141101542780573 2.031641120181916 0
512 0.04749761619427621 1.844311359572965 0
513 -0.7390331531498898 2.474132202635048 0
514 0.1440633112100002 1.864096843573983 0
515 0.1142587968491437 1.774750346870839 0
516 1.117136289314301 1.749999999999998 0
517 -0.393131398466999 1.776287088287567 0
518 -0.3418205353199758 1.715954608866411 0
519 -0.4194659026280876 1.702470361503384 0
520 -0.3693142283414906 1.642051408755212 0
521 -0.4455227471231691 1.628919682188258 0
522 -0.3962489953362159 1.569339156165214 0
523 -1.141694572121257 1.605495258770692 0
524 -0.471831198659439 1.557399906225349 0
525 -0.4230847523138823 1.497852516761447 0
526 -0.4976188603216303 1.485998844596987 0
527 -0.4496235526300305 1.426967488728152 0
528 -0.5225982589569732 1.413962505418917 0
529 -0.474840024466085 1.355693917880676 0
530 -0.5480692044672884 1.342957784670125 0
531 -0.5000911777012321 1.2848438544142 0
532 -0.5742780008014795 1.271111095885049 0
533 -0.4238568336229076 1.29840592715981 0
534 -1.213160100572738 1.49315706722098 0
535 -0.5257903830861073 1.213626966469192 0
536 -0.6005255390387878 1.199700876838515 0
537 -0.5514227738240652 1.141694184575228 0
538 -0.6271761577437079 1.127797970444514 0
539 -1.38570951176525 1.384592959483421 0
540 0.04562117118025595 2.107685524494487 0
541 0.1432346759855466 2.122934464628419 0
542 0.07694375873015274 2.195686661544387 0
543 0.1728173814103091 2.21479829053246 0
544 1.137008921940365 1.879818070021117 0
545 0.2044579413774274 1.791038311140235 0
546 0.1758463986460745 1.703438505820687 0
547 0.2630485734035302 1.720444893209916 0
548 0.2364175378395255 1.637340496477824 0
549 0.3203275087482109 1.651605701235765 0
550 0.2930730862024411 1.571658618310115 0
551 0.3467290561893218 1.731047031788747 0
552 0.3741107170807654 1.587006509549299 0
553 0.3483204781514824 1.509428074985945 0
554 1.139344478024594 1.626216238736057 0
555 -1.127293417010564 1.850120762733264 0
556 0.4266094524691457 1.524423707379572 0
557 0.4011410714866697 1.44879483733137 0
558 0.4740348650792162 1.463127849673903 0
559 0.4522083151139031 1.390310886135781 0
560 0.5327544512053136 1.412457521875859 0
561 0.5057351050905949 1.332876124905226 0
562 0.4275435362038768 1.316960985132572 0
563 0.4803692843537291 1.259106289632292 0
564 0.4016342441685812 1.241041178252341 0
565 0.5571253741596394 1.273752781894436 0
566 1.192621842184115 1.515997994310804 0
567 0.5328685009633068 1.20197411236808 0
568 0.6073218546159433 1.217562620487287 0
569 0.5846437164212456 1.146503905775123 0
570 0.6570307432222756 1.162993403649417 0
571 0.6353126837436009 1.091487708321182 0
572 0.708540875686557 1.107958142832243 0
573 1.405299286909862 1.381003345116011 0
574 1.290608377564979 1.428951929133017 0
575 -0.5772695949138941 1.068863571579693 0
576 -0.6543356991058267 1.054779310841948 0
577 0.1070279694370214 2.286860610131501 0
578 0.2034299300465378 2.306931151673507 0
579 0.6854785127261979 1.038702489881596 0
580 0.7585540473794101 1.052151040601748 0
581 0.5984359385488113 1.019645987458363 0
582 0.7379166036541098 0.9863489404526441 0
583 0.8062490226334786 0.9964958330657757 0
584 0.4940717589241653 1.528856416979491 0
585 0.1378121365372408 2.379038303433123 0
586 0.23281146796112 2.398245443946635 0
587 0.2976876856010693 2.327305597206395 0
588 0.3262381865257832 2.416369692799946 0
589 0.3881245503391927 2.347468778998115 0
590 0.4165115208652968 2.43246940773586 0
591 1.198629224625313 1.98347001655316 0
592 0.4767172829071534 2.365936515145692 0
593 0.5031777544100984 2.448896426176939 0
594 0.5596114840837184 2.386977623135883 0
595 0.5848418017934345 2.462819680880422 0
596 0.6380407153380808 2.404642961433963 0
597 0.66295413817678 2.476902301824422 0
598 0.7110273565354726 2.423387298868786 0
599 0.7370057399223946 2.492845848245406 0
600 1.29193414425154 2.071769571778699 0
601 0.694087130296721 2.34917339503417 0
602 -0.6037400960262956 0.9944788760113392 0
603 -0.5235263730173043 1.00835444297169 0
604 -0.6816864755746559 0.982176713948823 0
605 -0.7306056646989016 1.040901914774653 0
606 -0.7575869803763545 0.9703268204975533 0
607 -0.8045955031253615 1.027944739540139 0
608 -0.8304951425115159 0.9595482871051417 0
609 -0.8755408159882651 1.014869269421871 0
610 -0.9008475579046846 0.9489349574710206 0
611 0.7873759422945386 2.437558755002509 0
612 0.8109604133551273 2.507803984322909 0
613 -0.9438569418588294 1.000396924991378 0
614 -0.9688471440991369 0.9381940108056241 0
615 -1.507552386851481 1.368432155377282 0
616 0.7611910699009267 2.56371415050809 0
617 0.8346311706624904 2.577040414406063 0
618 0.8826870218450847 2.522075211787839 0
619 0.9065069777130451 2.589007356047186 0
620 0.9522548383670669 2.535229391171064 0
621 0.9760823066303375 2.60054590751241 0
622 1.020057796375756 2.54789719227402 0
623 1.406722449686931 2.129259395483333 0
624 1.042962009308017 2.611518634683549 0
625 1.085734841963767 2.559704944270481 0
626 1.109488394696475 2.618993576433764 0
627 1.151498133877707 2.571433735339406 0
628 1.612012000632689 2.11491754932461 0
629 1.175363160267034 2.630118487274943 0
630 1.21741628294587 2.58401427605252 0
631 1.239764911826446 2.641909653694907 0
632 1.280375543521949 2.595549936803926 0
633 1.303557744876389 2.650945069814908 0
634 1.344120003845771 2.60710127297691 0
635 1.366326492442125 2.66484127284845 0
636 1.407524890938654 2.618952113881859 0
637 1.42933492424915 2.677431928389449 0
638 1.470938318869745 2.629903689617243 0
639 1.492544596264773 2.689317415008546 0
640 1.534642802319701 2.640928024167227 0
641 1.727103747868311 2.057912315097523 0
642 1.556805965850033 2.700498517564641 0
643 1.598719856171484 2.651826074526912 0
644 1.621391921800985 2.713922905202315 0
645 1.665394745263263 2.662684149322064 0
646 1.687633798130636 2.726312043824663 0
647 1.732627847569177 2.673872709806455 0
648 0.7882806769866573 0.9296708454863292 0
649 0.8693432163403801 0.9457891418988724 0
650 -1.011186343253466 0.9876996743015347 0
651 -1.035434408422092 0.9280843473541851 0
652 -1.07731719188705 0.9776197327309588 0
653 -1.099856493430109 0.9189387801423079 0
654 -1.141200108627512 0.9667416714043671 0
655 -1.162958682390769 0.9091735884309993 0
656 -1.203594839548308 0.9560197311760894 0
657 -1.224801437568359 0.8984856764081544 0
658 -1.264899095088384 0.9472347244853401 0
659 -1.285948929685085 0.8885822189284973 0
660 -1.325732074829204 0.9372417808045399 0
661 -1.34665524125004 0.8786411320247569 0
662 -1.393456896623525 0.9336497523763736 0
663 -1.408435280153919 0.8699755299175065 0
664 -1.447529482447959 0.9157731859384615 0
665 -0.8773496547244012 2.637324754647197 0
666 -1.062894143379737 0.8693484237327227 0
667 1.754663868560185 2.738793801942913 0
668 1.79922948262079 2.685835344806894 0
669 -0.5872250099918729 2.007474018238095 0
670 1.824838565000796 2.752198243182083 0
671 0.5309500630165478 2.527806658557743 0
672 1.776588457533009 2.621961612052718 0
673 1.841514945847499 2.632992802113605 0
674 -0.5192839747676378 1.617439602620068 0
675 0.6862060519799249 1.239726564129777 0
676 -1.307461344298127 0.8297263634717609 0
677 -0.7854239012441155 0.9045628667955321 0
678 -0.5535342003501529 0.9293936492225447 0
679 -0.4667673636047769 0.9441658187607187 0
680 -1.467658290386369 0.8586319788443069 0
681 -1.507773460931107 0.9055139877989558 0
682 0.168229301236411 2.471340259455633 0
683 -0.6189596179189784 1.330949388942314 0
684 -0.9212716749963384 1.058775978311701 0
685 0.8333508200449337 1.061321484745433 0
686 0.8388297299030271 0.8730513728634905 0
687 0.9102379693109692 0.8890910053846794 0
688 1.818794022147851 2.571677909239731 0
689 1.882555614551457 2.581652909727899 0
690 0.995640967096215 2.488188269935381 0
691 1.859730163192374 2.522758737170633 0
692 1.921373923110239 2.532189952115951 0
693 1.942647294525703 2.588945460964401 0
694 1.898792799797104 2.475325967600309 0
695 1.001309847339474 2.665887079776922 0
696 0.7859288231007002 2.635932275147976 0
697 1.958028024879605 2.482920584774497 0
698 1.937841082105461 2.428321142052981 0
699 1.205409220073144 2.697742868019545 0
700 -0.727044097575222 2.189152697309031 0
701 -1.530840899035462 2.709839005144349 0
702 -1.340792592761219 2.764648553513882 0
703 1.38576677434288 2.719853463231346 0
704 1.57796884652599 2.765871313983069 0
705 0.7637018668753628 0.8584533873443445 0
706 -1.118302294323581 1.026581173748599 0
707 -0.908477865042093 2.381530306438354 0
708 0.8879519842999152 0.816685147644959 0
709 0.9607182966983179 0.8354009465402348 0
710 0.983430895355474 0.903191718295933 0
711 1.03170464396907 0.8534400145744536 0
712 1.529893816113759 1.369187083412711 0
713 1.053339363403135 0.9156198155969972 0
714 1.100027171927565 0.8687529236064426 0
715 1.118445763870666 0.9330529364929419 0
716 1.164841604981588 0.885226659500046 0
717 1.146851564898836 0.8199026089242989 0
718 1.21220929323183 0.8373597582786674 0
719 1.22930213251662 0.9011988421359718 0
720 1.27589290285713 0.8549041683636922 0
721 1.291743201222637 0.916894615911428 0
722 1.337758646225869 0.8721914661573336 0
723 1.325224638254024 0.8081837098042661 0
724 1.385912684745307 0.8273813678454678 0
725 1.397529578803407 0.888975176830042 0
726 1.446258685529903 0.8455143575885331 0
727 1.458538974514665 0.9059035962791802 0
728 1.433554369399507 0.7862589243992784 0
729 1.505427686628268 0.8656692199066296 0
730 1.520294933177065 0.9238439286502733 0
731 -1.532034395978853 0.8484911718924679 0
732 -1.570615239100728 0.8980428266720348 0
733 -1.489286089775234 0.7981887942728638 0
734 1.796118126001256 2.517752748731636 0
735 1.511655764872796 2.583170092321963 0
736 -1.393846534204659 2.58035679719379 0
737 1.996073656474661 2.436311739727421 0
738 1.977569518338149 2.382782590348015 0
739 -2.035924680252001 2.456915459290577 0
740 -2.057368354136559 2.30292067515541 0
741 -2.091190909376006 2.155358403454058 0
742 -0.4996583376890195 0.8591003386705072 0
743 -0.4065999563692609 0.8753518056984322 0
744 1.190656777019965 2.525599878408657 0
745 0.07294094985881455 2.45182970709045 0
746 0.103939626889833 2.544240759460067 0
747 0.008383910844227896 2.524874208075182 0
748 1.564382115057545 0.884017517560755 0
749 1.578671349351225 0.9409044804335844 0
750 1.622743792885744 0.8998409631094999 0
751 1.63634399488291 0.9574408414765512 0
752 1.602904643464645 0.8435746168248726 0
753 0.2054400889274418 1.548163256153878 0
754 -1.914826091953923 2.346819159582689 0
755 0.03945143939335402 2.617368055441821 0
756 -0.05616712721861553 2.597942612399287 0
757 -1.569605513363389 2.538344799626397 0
758 2.034878182872132 2.391621817015915 0
759 2.016273876365585 2.337534685034939 0
760 2.048533111345462 2.45281396650066 0
761 0.9378925879774328 0.7637664338818224 0
762 -1.55763315863561 0.7886273593917066 0
763 -1.511808922035923 0.7346252083626479 0
764 1.469149159333083 0.9691488394009725 0
765 -1.546551841363513 0.9525836781266663 0
766 -1.604728415453441 0.9441094475219483 0
767 -1.362330396955115 0.9927470513727321 0
768 -1.582886410677165 0.9967038321852104 0
769 -1.639233536832529 0.9884313426143824 0
770 -1.661351818540664 0.9368633067469869 0
771 -1.69590184603164 0.98106807302258 0
772 -1.708175781414487 2.070696791539449 0
773 2.072025564097474 2.34666120861718 0
774 2.052800028193109 2.292476648265657 0
775 1.919263314744157 2.370937937208348 0
776 1.686724869085707 0.9169702192815286 0
777 1.693234773319993 0.9762879656386363 0
778 -0.02518998038134019 2.690359332338625 0
779 0.07032741741563958 2.709898340460041 0
780 -0.120737037117166 2.670996678450963 0
781 1.776311852287194 2.807837703841066 0
782 1.851030951682311 2.821821209804534 0
783 1.649176377349251 1.013304875367668 0
784 1.704239218407844 1.02984649395585 0
785 -1.672183240080971 1.032354246076887 0
786 -1.728367971158546 1.025951888340732 0
787 -0.437706576749011 0.7870619896864488 0
788 -0.3423798614512816 0.8038452900634678 0
789 -0.3165987586601836 0.8972208127482455 0
790 -0.2477130533741582 0.8229603613458303 0
791 -0.2209628475781967 0.9179939355424072 0
792 -0.1522296924669926 0.8422904609869692 0
793 -1.751743567247413 0.974067196050086 0
794 -1.784493827638281 1.019865741617953 0
795 -1.761408979690056 1.070103875036867 0
796 -1.816062367505367 1.064692744089683 0
797 -1.793633660746498 1.112539367420961 0
798 -1.846428686631642 1.107957081217348 0
799 -0.3470072460238987 1.506569433722908 0
800 2.108019734939587 2.301809270747467 0
801 2.087262896626005 2.248890693813589 0
802 2.03368003643414 2.239824389241319 0
803 2.067268133252827 2.19786661350622 0
804 -2.123653994551273 2.01477506244164 0
805 -1.582088729673713 0.7238184656911599 0
806 -1.5350870822687 0.6669109827820561 0
807 0.4483809665114781 2.28590760685232 0
808 1.744562780631479 0.9940076396743445 0
809 1.756868554734799 1.047199801276021 0
810 1.716860501042034 1.082328043732804 0
811 1.768302443881022 1.098851485851182 0
812 -0.1826467436084377 0.7495159118588142 0
813 -0.08706603722112907 0.7685672951995692 0
814 -1.825179659659303 1.15454739063266 0
815 -1.875940841565337 1.149968358728001 0
816 1.808026872213676 1.06448644717744 0
817 1.818390603622055 1.115981650728214 0
818 -1.510549557764579 2.132718340024351 0
819 1.530481841922973 2.137174516354147 0
820 -1.15938219894002 1.933759003666593 0
821 -1.309552236920147 1.421193807284965 0
822 1.615872930458277 1.388735986229395 0
823 -0.08976134104489175 2.763412549150529 0
824 -0.1852893518869712 2.744066114469315 0
825 2.120767361302151 2.205559970438285 0
826 2.093922578682198 2.150565647590347 0
827 -1.854558697011361 1.194951048244302 0
828 -1.904533700107149 1.19071294195081 0
829 -1.883965451988978 1.234791888597065 0
830 -1.932626492100914 1.230514646729054 0
831 -1.912894884060734 1.273768229153773 0
832 -0.4105733991576787 2.11972308866629 0
833 -1.960328348762512 1.269488853280922 0
834 -1.940873578794357 1.312085141924186 0
835 1.857813229124089 1.081756657977035 0
836 1.867103785081915 1.133453249367966 0
837 -0.120928185864204 0.9346706442912363 0
838 -1.987636635217632 1.307839914432105 0
839 -1.96896263970522 1.350007298484882 0
840 2.015025683132851 2.191030674488864 0
841 -2.013228702973241 1.345195596324748 0
842 -1.995994991199021 1.387595048242033 0
843 -2.046435830870051 1.380282750819792 0
844 -2.023541562066223 1.424695297335963 0
845 1.798035369522484 2.881812277137097 0
846 1.882388029636646 2.896605631153112 0
847 2.153007409048298 2.162304701946697 0
848 2.133682755283342 2.112957638850202 0
849 -1.774442092960276 1.159073488501569 0
850 1.828726713418766 1.165335961325879 0
851 1.876219281187462 1.183488036814563 0
852 -1.808978009105723 0.9676416939381481 0
853 -1.954476592063295 2.197603122786424 0
854 -0.1181892833275428 0.6761348731614976 0
855 -0.02259933167628015 0.6951834585353667 0
856 -1.607740191183667 0.6550593586756908 0
857 -1.560008680863928 0.5949097739631766 0
858 -1.483343514859586 0.6089263589877387 0
859 -1.774206918631255 2.021125203656583 0
860 -0.1542852778935502 2.836507641987141 0
861 -0.2498365050004644 2.817140736071257 0
862 -0.2808394224780068 2.724700105291809 0
863 -0.3454127553502129 2.797778352468754 0
864 -1.925735485563467 1.150036867460381 0
865 1.067783100017195 0.9817060384156442 0
866 -2.068606533646598 1.421301329965208 0
867 -2.049817638026259 1.462957245642051 0
868 -1.751133659702754 2.484822054854538 0
869 2.191075420923382 2.118759055723727 0
870 2.167096455088663 2.070572631990178 0
871 2.114992990649811 2.063388811492345 0
872 2.146094205783978 2.022445861578063 0
873 2.096221464866597 2.017469584935048 0
874 2.126064163152703 1.977886435806802 0
875 2.213567382147511 2.16769117833559 0
876 1.915081210506231 1.151730830934339 0
877 1.922682510184452 1.201510395756794 0
878 1.886031700080998 1.232645485009996 0
879 1.93074296620667 1.251055018116921 0
880 -0.08682581612210342 2.505795728028497 0
881 -0.3143920264446796 2.890212479255299 0
882 -0.4099703701209607 2.87084901051607 0
883 1.969031060377177 1.219997165141421 0
884 1.975115682886406 1.269161370296326 0
885 1.937714719586152 1.29890379038967 0
886 1.980789345145646 1.316936300047368 0
887 2.174894931828258 1.982951240291768 0
888 2.155158686901195 1.937442307043686 0
889 2.099865959361896 1.931843337291953 0
890 2.134334659240632 1.892249287373857 0
891 2.183871427852505 1.897289244025018 0
892 2.162453313947836 1.853107526409845 0
893 2.115397910008146 1.848373595440758 0
894 2.141621917108889 1.810085243340517 0
895 -1.509233480100574 0.5331685711364362 0
896 -1.428117905450615 0.5480872726485713 0
897 -0.05390135157666562 0.602839984682481 0
898 0.04172230337994987 0.6218715595181012 0
899 0.07305299240056104 0.714200777272219 0
900 0.137351378704111 0.640900436439324 0
901 -0.1502342270340557 0.5841890572215915 0
902 0.1686830211965085 0.7332289615668874 0
903 0.2329776412566309 0.6599306747834373 0
904 -2.030463853868735 1.305493903752164 0
905 2.095679376258043 1.806695191720853 0
906 2.121010251593633 1.769198720357267 0
907 -1.590909142665599 0.520632065614274 0
908 1.944127823944982 1.344997801200676 0
909 1.986394663504063 1.363492339946059 0
910 2.023239011730571 1.335460788309146 0
911 2.028107237545122 1.381791996604699 0
912 1.991580267920349 1.409045381465496 0
913 2.032331116502833 1.427477364528103 0
914 -2.096343237254515 1.458950233910633 0
915 -2.076371575488163 1.500769614161745 0
916 0.20164689198142 0.5676016996624864 0
917 0.2972718089577487 0.5866326360989647 0
918 1.827090447315705 2.959710664113311 0
919 1.911514987629416 2.976326987507496 0
920 1.968284139662438 2.909395085362646 0
921 1.997901789886464 2.99107026355043 0
922 2.056199612002679 2.92150584278836 0
923 2.088908487334601 3.006004728348118 0
924 2.147859754883105 2.934762405466588 0
925 -1.866222459326315 1.27797617791711 0
926 1.996218923567373 1.453391703524541 0
927 2.036379329704243 1.472557881646393 0
928 2.073534539601124 1.446069727613642 0
929 2.076723440868911 1.491509957212463 0
930 2.039986229763097 1.517169928168835 0
931 2.079579368109425 1.536300244961476 0
932 2.041813567256581 1.558584475468636 0
933 -0.5343255003681163 0.7715807474366998 0
934 -0.4718825881474178 0.6967918865115865 0
935 -0.5683821696285364 0.68215399193521 0
936 -0.5072998622361381 0.6064559716648861 0
937 -0.604017915899047 0.5919044396876723 0
938 2.167839812157034 1.771804163863663 0
939 2.07643586115471 1.766997174952562 0
940 -0.3762960263211146 2.704750383490665 0
941 -0.3789470215318505 2.963281872447676 0
942 -0.4745034250118505 2.943910683257752 0
943 -1.654704657342023 0.7137731227822171 0
944 0.3286027584030899 0.6789615044835748 0
945 0.3928965598445144 0.6056636585954385 0
946 -0.7775465459207541 1.096891140251497 0
947 2.18162402124303 3.023656736584443 0
948 2.242448388857182 2.948974046769716 0
949 2.209957905302343 2.8598226852194 0
950 2.277297060087576 3.039456859990699 0
951 -1.922377372312607 1.353549615224349 0
952 -2.03151192801545 1.504662467453248 0
953 -2.057324119494766 1.542048717301549 0
954 -2.102305540349296 1.538173591546914 0
955 -2.082642115109546 1.579481504856835 0
956 -2.127508026031623 1.576099452504267 0
957 -2.10788362495947 1.616788328128023 0
958 -2.153686911002612 1.614456015104701 0
959 -2.133728341797024 1.6557732949151 0
960 -0.1535761430529099 2.074790824643058 0
961 -1.456015770173487 0.4676330435423344 0
962 -1.374659431837565 0.4842635536741238 0
963 -0.4689104627650477 1.760643593834081 0
964 -2.058573940609204 1.624112008449327 0
965 -1.995152566731409 2.061372235677154 0
966 2.115749108961266 1.465619124016375 0
967 -1.245678048747829 1.004117243642012 0
968 1.316781831539978 2.549895221507105 0
969 -0.5702388157991474 1.470070411552549 0
970 2.22110420890764 2.077529872073718 0
971 -0.8023403888618948 2.282404393078425 0
972 1.741336691554254 2.943350910950683 0
973 2.145990542868144 1.731977481204938 0
974 -2.181009359878653 1.653133161876554 0
975 -2.160133965669524 1.696506205639585 0
976 2.052647549777775 1.802140524455461 0
977 1.247595440808132 0.9613720548436787 0
978 0.244464463376125 1.884778823671476 0
979 0.2659410163599576 0.4943036855688607 0
980 1.902943373168005 1.327298713884798 0
981 -1.100250593890532 2.527396536339347 0
982 2.01509746915374 1.238673157920676 0
983 2.212273580153085 1.857082709985201 0
984 -1.97739426767038 1.429852211923253 0
985 1.194951877521764 0.7701401528586267 0
986 0.02186960845887137 1.74885560722075 0
987 0.1996580975047554 2.563677271636625 0
988 -0.1921113619654203 1.012067030118872 0
989 -0.09002117099376099 1.027300992931691 0
990 -0.5430698415483708 0.5158383296182729 0
991 -0.6395749145225469 0.5015892478511814 0
992 -0.7003906119762049 0.5776736352036593 0
993 -0.7359431903217578 0.4874627191189886 0
994 -0.7976224042620826 0.5625164953233228 0
995 -0.8319184735173162 0.473473180812783 0
996 -0.8933463210092111 0.5475300942012251 0
997 -0.9269089466657603 0.4593094666288686 0
998 -0.9844748653405022 0.5347973878752592 0
999 -1.019947507172997 0.4466709843198873 0
1000 -0.08534645103774013 0.5105725077272467 0
1001 -0.1817353791847286 0.4919059780043549 0
1002 1.730290821494191 1.132582149714974 0
1003 1.6814406833941 1.117614922972586 0
1004 1.693819115700949 1.16420265593545 0
1005 1.649058753809063 1.150821749793687 0
1006 1.659992159750248 1.194431645060638 0
1007 1.617499759056952 1.18167935887858 0
1008 1.701419224816893 1.208496593345942 0
1009 2.338302857126155 2.963456636274367 0
1010 2.37347229426413 3.054313439261553 0
1011 -0.1568374098467523 1.102038171017475 0
1012 -0.05811014054798311 1.119289358162079 0
1013 -0.1214879028039471 1.192047071249583 0
1014 -0.02601668128964543 1.211164371401426 0
1015 0.03825692164658162 1.137898613780072 0
1016 1.956221314723969 1.434177873316231 0
1017 1.771732922406782 3.025968786973634 0
1018 1.68382388494698 3.008243724320653 0
1019 -0.05872093502262125 2.855886057191785 0
1020 -0.1232764886789629 2.928953367439827 0
1021 -0.02772777072866451 2.948368484274169 0
1022 -0.5055273631474195 2.851478207857012 0
1023 -0.5700598393595762 2.924539458077234 0
1024 2.193606634577991 1.732085101540757 0
1025 -2.209252747165939 1.693219382933301 0
1026 -2.186328535608882 1.739661437513576 0
1027 -0.09110339127648985 1.286507850159355 0
1028 2.066588680383539 1.353566504569956 0
1029 1.60751801308166 1.140569666792173 0
1030 1.575511146896352 1.170479870470314 0
1031 2.171987417580501 1.690844044655922 0
1032 -1.041783609182185 2.726396757828862 0
1033 0.4241517524812582 0.6983697121985606 0
1034 0.4884328667435581 0.6251347626465174 0
1035 0.3599199249663039 0.7713593364180533 0
1036 0.4571755956291215 0.5324391728550473 0
1037 0.5527977663566612 0.5514824844649884 0
1038 -0.09227478721556696 3.021401279055178 0
1039 0.003281424786979641 3.040773965918057 0
1040 0.06782694795447761 2.967748495278294 0
1041 0.09883742816457694 3.060146975434913 0
1042 0.1633915919053635 2.987078764238906 0
1043 0.19439505098264 3.079511748386845 0
1044 0.2589494846301706 3.006442164430017 0
1045 1.961170812055934 1.477265812083426 0
1046 -1.869934497925318 1.060123907544012 0
1047 1.848349268464271 1.028642388256455 0
1048 1.901262623645512 1.046515903952255 0
1049 1.889889192894369 0.9889374600588517 0
1050 1.950152326126261 1.009047010106078 0
1051 1.936004539216994 0.9496839764178902 0
1052 -1.091782218452378 2.780463990832023 0
1053 -1.018187343809936 2.799479975460777 0
1054 -1.074348591993161 2.85766112454942 0
1055 -0.9922566893713038 2.876710611157786 0
1056 -1.053552439932416 2.939120861813478 0
1057 -0.9670406809205943 2.958194396110014 0
1058 -1.028554769649784 3.023238216271153 0
1059 -1.117011417366564 3.000310194078307 0
1060 -0.9421122949896565 3.044565697915346 0
1061 -0.5390541534808093 3.016978080823075 0
1062 -2.149817684998056 1.538124757005277 0
1063 -2.014110383672982 1.545176664361068 0
1064 -0.9266561409939944 0.8864684576599797 0
1065 2.008905819460952 1.187043677956057 0
1066 2.2339973269364 1.90254395526203 0
1067 -1.773986823288652 0.9191836699021749 0
1068 -1.834463234002937 0.9122677640428647 0
1069 -2.116729519913853 1.417249821723061 0
1070 -1.682450576956129 0.6439514684560375 0
1071 -0.2903843040214925 1.654329091202539 0
1072 -1.973892092225456 1.232168952150836 0
1073 0.5083658733340731 1.112054247693615 0
1074 0.3164021867657404 1.438034350886952 0
1075 -1.180392014760725 0.8497920009962701 0
1076 2.129330445053501 2.357791456504487 0
1077 1.586307816944027 1.211106770244478 0
1078 1.545086635462634 1.199874501903191 0
1079 1.533955286261676 1.159512455947823 0
1080 1.504103744432461 1.189349073667091 0
1081 1.492846408124994 1.148598145506868 0
1082 1.462710839450573 1.179093069240743 0
1083 1.45121589759719 1.137579614493486 0
1084 1.420731737569436 1.168818768203336 0
1085 1.408478687882556 1.12614225266836 0
1086 1.378202890101322 1.158255176616574 0
1087 1.39040402982511 1.204037104681452 0
1088 1.348581263884953 1.189997068861722 0
1089 1.336573023766424 1.145122826014864 0
1090 1.300189855506934 1.171504890474532 0
1091 1.318787630243445 1.226257652716295 0
1092 1.275289501116706 1.211794409325986 0
1093 1.260254083693611 1.176494285358237 0
1094 1.234052949614936 1.205861252607265 0
1095 1.245419017827409 1.243544826496859 0
1096 1.205919893009942 1.238056654626157 0
1097 1.192797668511034 1.196162052134404 0
1098 1.162616756340608 1.231128127580879 0
1099 1.176254106994993 1.270546370793207 0
1100 1.134476397322358 1.26572361347307 0
1101 1.118052398449032 1.223833593535 0
1102 1.089850660681742 1.259822488570161 0
1103 1.10708482728063 1.301566372377517 0
1104 1.06254719290652 1.295952028054284 0
1105 1.079895403533403 1.336933840709503 0
1106 1.035580963920667 1.331622957182986 0
1107 1.052827435095687 1.372267078147589 0
1108 1.008720087874039 1.367007211502698 0
1109 1.024753661530039 1.407067216744548 0
1110 0.9816676634797253 1.402183031461999 0
1111 0.9977073475270646 1.442287076980425 0
1112 0.9551903861141553 1.437789575708414 0
1113 0.9720120972529951 1.47882436724565 0
1114 0.928555176663709 1.473735808360648 0
1115 0.9449679021876598 1.514975915538251 0
1116 0.9009200641387883 1.50968912070613 0
1117 0.9176893820462459 1.551504662160857 0
1118 0.8730154638298411 1.546283296484778 0
1119 0.890003928570956 1.588623319153163 0
1120 0.8435728967224554 1.582456552978937 0
1121 0.8616800254074245 1.625091447577142 0
1122 0.8148532659430789 1.6211653678248 0
1123 0.8327693586168079 1.664166502160745 0
1124 0.7806606947889463 1.658839375992546 0
1125 0.8021620909029301 1.70585065844009 0
1126 0.7483667497130387 1.701216216149889 0
1127 0.7718131734681358 1.747837628852333 0
1128 0.8214197150704755 1.754017347873236 0
1129 0.7932498581304843 1.795927893480229 0
1130 0.7416542547447259 1.794977000921356 0
1131 0.7627456484306624 1.837628736230194 0
1132 0.8150750447774163 1.84361996442971 0
1133 0.7851306109744064 1.883316503632727 0
1134 0.7325779495057688 1.880944634873878 0
1135 0.8360720338351781 1.889392429156428 0
1136 0.8017923586841379 1.934996361356667 0
1137 0.8561440770586524 1.935285712010271 0
1138 0.8289919809183569 1.975905929196301 0
1139 0.8765268678689744 1.980588390148158 0
1140 0.8471224564931493 2.023413716695625 0
1141 0.8970570080261276 2.026371654944937 0
1142 0.8033818162693078 2.017501017623128 0
1143 0.868022853171068 2.06863772970429 0
1144 0.9212053109399778 2.07024276924004 0
1145 0.8920091141087032 2.111135198883237 0
1146 0.9420069851970819 2.114692804955305 0
1147 0.8558961945865067 1.498889654727438 0
1148 0.995736670150178 1.329603076068565 0
1149 0.8842613092490669 1.89652869255327 0
1150 0.9489357872902222 2.027431931272509 0
1151 0.9133666537701099 2.155860812799483 0
1152 0.9620054664331585 2.160644119089551 0
1153 0.9052882379084372 1.628677462705704 0
1154 0.9345683355662822 2.201324539026058 0
1155 0.984424544887102 2.205102300214132 0
1156 1.011392633403451 2.165789171949327 0
1157 1.033001765892031 2.207950230440249 0
1158 1.060101738456711 2.17006542316146 0
1159 1.080092442186274 2.210726367283761 0
1160 1.071534511743121 1.216477924872583 0
1161 1.10505751123764 2.173935318296344 0
1162 1.12537550571242 2.213816034089771 0
1163 1.100121789688554 2.250720314028581 0
1164 1.146075867144281 2.25389846514553 0
1165 1.090427406754988 2.136798154837682 0
1166 0.7632278100626824 1.612884078244974 0
1167 1.120279681636658 2.292113694279039 0
1168 1.166360632315223 2.294380096831965 0
1169 1.19139584011089 2.256515204876147 0
1170 1.211626338884896 2.295779209189272 0
1171 1.235038879056541 2.258641661577494 0
1172 1.255507940508965 2.297085270864609 0
1173 1.278162372098784 2.260927542660975 0
1174 1.298153889319272 2.298018891696547 0
1175 0.8647790225073702 2.150947085068921 0
1176 1.018913097694843 1.484685084761266 0
1177 1.12525185628152 1.338752851796319 0
1178 0.9610270176069131 1.553090670702677 0
1179 1.320349712114773 2.263115273268121 0
1180 1.339914903817901 2.29916625225622 0
1181 1.36168161998302 2.26515003304455 0
1182 1.38089569227198 2.301230800828618 0
1183 1.402824644612002 2.266993998573356 0
1184 1.422478783543561 2.302714343771344 0
1185 1.399907578691185 2.33838030532461 0
1186 1.442123854881585 2.339545417088936 0
1187 1.464289961239033 2.303647374426704 0
1188 1.484439715373145 2.340383700005995 0
1189 1.506402163872212 2.30436224629829 0
1190 1.526642617426688 2.341062968387435 0
1191 1.548616466828177 2.304958100603882 0
1192 1.568947326880856 2.341563200127383 0
1193 1.590749297831374 2.305413445114604 0
1194 1.611352220875312 2.342236721196177 0
1195 1.633718541300768 2.305735690009346 0
1196 1.654579354372553 2.343379829230348 0
1197 1.677198322628618 2.306088125558315 0
1198 1.632082694707234 2.381241500078144 0
1199 0.9561613035519497 2.247370708467042 0
1200 1.148077944440268 2.178250532384767 0
1201 1.475140547716278 1.2187820802325 0
1202 1.275903824792603 2.32741637870306 0
1203 1.42017407207098 2.376874943758211 0
1204 1.698414128043508 2.344447952004726 0
1205 1.720375442656399 2.306398163790635 0
1206 1.699532332396224 2.269198854267448 0
1207 1.741566297664794 2.269118450333843 0
1208 1.721113749963227 2.233212331813041 0
1209 1.762392420140777 2.232747000158878 0
1210 1.505612114559793 2.378265210990841 0
1211 1.101701511369301 1.178539423572509 0
1212 1.052703112044409 1.17060242552121 0
1213 2.265187283848439 1.860218942911683 0
1214 -2.008038506815902 2.583362081852446 0
1215 -1.9934029318542 2.649706980378281 0
1216 -2.063019616637227 2.628315573893265 0
1217 -2.045372639675398 2.700647198246283 0
1218 -2.119379683207845 2.677633720400257 0
1219 -2.100286446214515 2.75457915031485 0
1220 -2.024669797689832 2.776247914382464 0
1221 -2.082006865546265 2.833027380733271 0
1222 -1.998631104965344 2.855407274600324 0
1223 -2.176398369362245 2.731474678622972 0
1224 -2.195179002852146 2.652141505518754 0
1225 -2.063859863118765 2.916074655097462 0
1226 -1.974800081492105 2.939269423470249 0
1227 -2.253322848268668 2.707149624721332 0
1228 -2.271193162436365 2.626442325318838 0
1229 -2.041688086200469 3.00388113854985 0
1230 -2.131673134395407 2.978002420605427 0
1231 -1.953661204805869 3.027890511910716 0
1232 -1.886786142279517 2.962449124726105 0
1233 -1.86476313021872 3.050960360678495 0
1234 -1.799564494498187 2.986549547355281 0
1235 -2.334096995377683 2.682444685341832 0
1236 -2.316200722572956 2.767058126646534 0
1237 -1.776035015901666 3.074590194153747 0
1238 -1.711039815333741 3.009819262094567 0
1239 2.034669542836438 1.763800307269058 0
1240 2.057302460647115 1.729681215490306 0
1241 -1.822179221423437 2.633002259022931 0
1242 0.9371568382980885 1.396122155743093 0
1243 0.521478730339348 0.4590945107773656 0
1244 0.6171049175544341 0.4781177929977152 0
1245 -0.4774271123094315 1.155902379517585 0
1246 0.8627748266771298 0.7426477437035943 0
1247 0.9315424040855396 0.6778586935510791 0
1248 0.9034463680403257 2.243621198073122 0
1249 -2.198552046504242 1.606454000219059 0
1250 1.064365029377764 1.409788928143959 0
1251 -0.6487429756359482 2.368783693153112 0
1252 -1.348517837741713 0.5664551240554543 0
1253 1.301777288677281 2.226450368592344 0
1254 1.141150045931985 2.334686653703262 0
1255 1.949905131467938 3.059733769517681 0
1256 -1.958599379507965 1.911039019764483 0
1257 2.058250097601836 1.206776065950249 0
1258 2.050899117493036 1.151940053893957 0
1259 1.640198782567852 2.604719269045714 0
1260 2.011787463360559 1.797299699028984 0
1261 1.743176896273403 2.345195049579299 0
1262 1.669983402738339 1.236329958126325 0
1263 1.708645660124736 1.249364862594173 0
1264 -0.5949695033314411 2.835168070173696 0
1265 -1.687213942440055 3.097933710537188 0
1266 -1.621662647249045 3.03302367354074 0
1267 -1.729919590063881 0.7038349146055847 0
1268 -1.758489868761056 0.6322155132790666 0
1269 -1.806141934243974 0.6939000581244819 0
1270 1.876366675758939 0.928768801995969 0
1271 1.924771951216155 0.8859136053624819 0
1272 1.860005763074258 0.8648837633722419 0
1273 1.61236354719729 2.269125265071296 0
1274 -1.59808528571678 3.120748246655086 0
1275 -1.531697527504638 3.055891252440177 0
1276 -2.350125975904169 2.600150536073481 0
1277 -2.287570488732977 2.544937654211741 0
1278 0.2899518185031007 3.098880670449706 0
1279 0.354506109601031 3.025811778011367 0
1280 0.323504059536559 2.933371881562507 0
1281 0.4190604181106657 2.952742799507766 0
1282 0.4500624711675748 3.045182681451954 0
1283 0.5146166946065188 2.972114119243236 0
1284 0.5456187591079564 3.064553945186984 0
1285 0.6098774341122202 2.992943284066513 0
1286 0.641125778612286 3.08416824315239 0
1287 0.7055681485714372 3.011651438901416 0
1288 0.579170907924237 2.899045606562246 0
1289 0.3880583458239066 2.86030301168017 0
1290 2.017097021530497 1.727053839253917 0
1291 2.221308890369425 1.691166190376423 0
1292 2.19930724117755 1.646008560460655 0
1293 -2.109580906139607 3.069700417935574 0
1294 -2.201360587997782 3.042363642362795 0
1295 2.434369796554076 2.978224130593937 0
1296 2.3990979234854 2.887332771054826 0
1297 2.469767992265187 3.069061169109266 0
1298 0.9265547029241727 2.292792513101855 0
1299 1.092342743467719 2.331875027993417 0
1300 1.912375405956168 0.819414634980024 0
1301 1.844143627432816 0.7973334808777852 0
1302 1.71437002866878 3.094550381302493 0
1303 1.610211644357535 3.074739326629762 0
1304 -2.113580744034945 1.697195743894536 0
1305 1.785203353198981 2.267990934553386 0
1306 1.803779275102557 2.231730741388028 0
1307 1.983321948134043 2.229768563860012 0
1308 1.967250311481873 2.182638941721716 0
1309 1.782612811983746 2.196943812686404 0
1310 1.485935273312118 2.269343019101355 0
1311 2.066596501581298 2.055251774668969 0
1312 2.048291099323888 2.010354423355906 0
1313 2.020953546989824 2.045184442901505 0
1314 2.003694543223241 2.005915468234516 0
1315 1.978216280977523 2.037525098922661 0
1316 1.96247616803401 2.000317128736527 0
1317 1.939107663891906 2.031573631650375 0
1318 1.987010095143438 1.96835120164072 0
1319 0.7366962492028599 3.103469545158129 0
1320 0.8009869613471241 3.03170084894141 0
1321 -1.52811058686416 1.00546406937509 0
1322 -1.563438483586387 1.047347600008568 0
1323 -1.512077615250389 1.056241288940783 0
1324 -1.544627472948665 1.094992241360766 0
1325 -1.496378623626688 1.103351691243641 0
1326 -1.525954504998104 1.140371885897085 0
1327 -1.479613393388546 1.147320144065296 0
1328 -1.572845925223787 1.132913898615706 0
1329 -1.555155198583751 1.174544366024225 0
1330 -1.598566123856084 1.168304793621586 0
1331 -1.583129003627256 1.207697549144409 0
1332 -1.543760589469281 1.214618920489964 0
1333 -1.624166964865355 1.201795153368017 0
1334 -1.609449673943151 1.239638748330616 0
1335 -1.648960168249332 1.233960475694074 0
1336 -1.400269960791621 0.3999711222664191 0
1337 -1.489164146646358 0.3834934934502643 0
1338 -2.236751305774456 1.735742266565427 0
1339 -2.214720823432863 1.783043473457099 0
1340 0.8323300757227307 3.122834407161643 0
1341 0.8964022493806749 3.04962799890557 0
1342 0.8598123716835374 2.94527156036333 0
1343 0.9604003850847123 2.976864869915429 0
1344 0.9909030763824684 3.067656832661989 0
1345 1.053021044913696 2.996535991409004 0
1346 1.083907346118283 3.086567318257087 0
1347 1.145860771848301 3.015812832311952 0
1348 1.175563889927611 3.110545200467707 0
1349 1.239587242652091 3.034058715701259 0
1350 2.125179535897438 3.095217786584746 0
1351 2.288014240797614 1.910489451978731 0
1352 -1.836785640032264 0.6201016497466811 0
1353 -1.786595631048029 0.5560721933355339 0
1354 -1.450399924157102 1.112425669762213 0
1355 -1.434632586466013 1.155493910823809 0
1356 -1.405415268193892 1.121527289253784 0
1357 -1.391857625840247 1.164300446183784 0
1358 -1.419757002526781 1.196986758048063 0
1359 -1.377844504189408 1.205382994730846 0
1360 -1.349634643437808 1.173662027313253 0
1361 -1.33627215445525 1.214343803653684 0
1362 -1.308024480352995 1.183333778068225 0
1363 -1.295366164063402 1.223357506833707 0
1364 -1.26761927592881 1.19025892620984 0
1365 -1.253788637588648 1.232411207585377 0
1366 -1.22509695628914 1.19851361331901 0
1367 -1.210832972206948 1.242922565994382 0
1368 -1.180866526567346 1.21006332833463 0
1369 -1.167281140708679 1.252743483383481 0
1370 -1.137436701256446 1.219886900756785 0
1371 -1.124131275442914 1.26268787645926 0
1372 -1.15372452885255 1.292957895397329 0
1373 -1.110910846804185 1.303310711190667 0
1374 -1.080448166816513 1.272469358989198 0
1375 -1.067711267939949 1.317153162398091 0
1376 -1.036633207321958 1.283915078349329 0
1377 -1.023186996017094 1.329576103154948 0
1378 -0.9926552652188408 1.292598269713721 0
1379 -0.9776126662920737 1.34046102861896 0
1380 -1.010161931261486 1.375164258443423 0
1381 -0.9642217069348222 1.387198022167507 0
1382 -0.9974918277313494 1.41908643310234 0
1383 -0.9522094767828628 1.433238784788699 0
1384 -0.9856304455178724 1.462211754242576 0
1385 -0.9428468006929454 1.475016847753829 0
1386 -0.9741487251029973 1.504775042126843 0
1387 -0.9316890042987317 1.516447070126244 0
1388 -0.9629275217948745 1.547397705533017 0
1389 -0.9205311758998909 1.558546154896085 0
1390 -0.9026791971560121 1.488430400031964 0
1391 -0.9509633841612859 1.589612300367472 0
1392 -0.9091864097891578 1.600553378302591 0
1393 -0.9393669977190432 1.63179674377967 0
1394 -0.8977828949417727 1.642537654144871 0
1395 -0.9280765391398723 1.673878440754103 0
1396 -0.8864771936288252 1.684617967086205 0
1397 -0.917194626437323 1.715925021741082 0
1398 -0.8725868123150726 1.725852664410394 0
1399 -0.9056347087275645 1.758514877523981 0
1400 -0.8600038604057416 1.768545759221757 0
1401 -0.8941869839656233 1.801929733891108 0
1402 -0.8503829119352248 1.813689932171431 0
1403 -0.8832068316147859 1.846471635283286 0
1404 -0.8087258066882539 1.781822376466359 0
1405 -0.8566939575886878 1.653833783488062 0
1406 -0.927421410017037 1.354231276316027 0
1407 -0.8386669840990512 1.858286074592755 0
1408 -0.8716995381154553 1.891142543252146 0
1409 -0.9228074077830325 1.876377175174362 0
1410 -0.9063977632718885 1.923504508558062 0
1411 -0.8602548740008636 1.936372970611074 0
1412 -0.8944142999914436 1.968504862554145 0
1413 -0.938533621796824 1.95561814328248 0
1414 -0.9281471337622198 1.999261875000568 0
1415 -0.969861115018734 1.98565469792279 0
1416 -0.9610799696529025 2.02877869751842 0
1417 -0.9992354339863377 2.015632331421177 0
1418 -0.9921064838151411 2.059402672171394 0
1419 -0.9509485063266525 2.072142016958413 0
1420 -0.9848251120910044 2.101772483020373 0
1421 -1.025302024147849 2.088956951560525 0
1422 -1.018001985737953 2.130924401738511 0
1423 -1.057632571564095 2.118778082953221 0
1424 -1.050909335865681 2.159664158859867 0
1425 -1.097352494644799 2.145821695094412 0
1426 -1.084767878974598 2.187769831282421 0
1427 -1.126620071490352 2.176539230334241 0
1428 -1.11684195933684 2.216187775086496 0
1429 -1.157282090467133 2.201910179372737 0
1430 -1.148980012391731 2.244273512636121 0
1431 -1.189660367738906 2.230375208961888 0
1432 -1.18146517097799 2.272758795462838 0
1433 -1.222796953701025 2.258976277199585 0
1434 -1.214277052405677 2.301666176879174 0
1435 -1.256711123846867 2.287533882453379 0
1436 -1.247612293988192 2.330968775050021 0
1437 -1.290788179245677 2.316590080292031 0
1438 -1.139886347994485 2.287261570959652 0
1439 -1.281422282377984 2.36094100139263 0
1440 -1.324116868073285 2.345566159792944 0
1441 -1.332995502474737 2.302297095714322 0
1442 -1.365900516933102 2.33032742932376 0
1443 -1.099757400241238 1.348164985456546 0
1444 -1.009645530396971 2.174279763678995 0
1445 -0.9351532095017078 1.788090413352698 0
1446 -1.02557613839965 1.449738237038154 0
1447 -0.8483036665496219 1.983222071156428 0
1448 -0.9412166355648992 2.116769486768108 0
1449 -1.266363187878947 2.245706903550588 0
1450 -0.9800131511771577 1.944328410820647 0
1451 -1.373251292430591 2.288489820229423 0
1452 -1.405746470129107 2.315396684434951 0
1453 -1.398735812010762 2.358298747427617 0
1454 -1.439166560957602 2.34245683524307 0
1455 -1.445990369328925 2.300197656117435 0
1456 -1.478724191227293 2.326660719833717 0
1457 -1.431974410525451 2.386325789179377 0
1458 -1.315524380447818 2.391191185811107 0
1459 -0.9810397765713127 1.619883663777247 0
1460 -1.164928443214122 2.160340168739229 0
1461 -0.8134041461121487 1.948570916633911 0
1462 -1.051539870150682 1.241590785260401 0
1463 -1.484987579535396 2.28561049889453 0
1464 -1.517674092951785 2.31135235633031 0
1465 -1.511729671272962 2.353280640411063 0
1466 -1.551041018692042 2.336826892082166 0
1467 -1.556408496011922 2.294739250710684 0
1468 -1.589732220774372 2.320184038808461 0
1469 -1.594656496247286 2.279273216104495 0
1470 -1.627789414441685 2.303741534187712 0
1471 -1.632496367008284 2.263550762572681 0
1472 -1.66454634819117 2.28645294207473 0
1473 -1.670085439858235 2.247426657928774 0
1474 -1.701650617105924 2.270414877542612 0
1475 -1.707166021902044 2.231825560673978 0
1476 -1.739243115322699 2.256027254802279 0
1477 -1.744119693795076 2.216448166328429 0
1478 -1.728173729352887 2.296530068090638 0
1479 -1.623365098891945 2.345482874706764 0
1480 -1.776389681780203 2.240589136238012 0
1481 -1.781220608245376 2.20036939042826 0
1482 -1.065748832647546 2.078178095144235 0
1483 -0.8858822721258129 1.572104124149145 0
1484 -1.076097964158298 2.231128365374244 0
1485 -1.204685930758242 2.345645374763 0
1486 -1.270743904858252 2.407239993756426 0
1487 -1.238694878771723 1.278097242928233 0
1488 -0.9568348874159356 1.706080527540705 0
1489 -1.000484284723416 1.534753062683585 0
1490 -1.404941856451015 1.235934532035428 0
1491 -0.8002852522500434 1.998759773130292 0
1492 -1.324173429004968 1.253802391825102 0
1493 -2.401133643135657 2.740436080503833 0
1494 -2.385764242749395 2.826508233083766 0
1495 -1.507514014384192 3.145116985878943 0
1496 -1.442764329080783 3.077955892191711 0
1497 0.2212277668986495 2.150502136051278 0
1498 -0.5789891836576896 0.4251999497846013 0
1499 1.923633687525032 1.460185077638865 0
1500 1.822116742549347 2.19569142988589 0
1501 1.801703260954575 2.161884468457764 0
1502 1.52456372161195 1.11767023668052 0
1503 2.028099510743739 1.83417252948318 0
1504 1.268061638080707 3.130123222274219 0
1505 1.947617178745871 1.963611020584534 0
1506 -1.056505744154596 2.480799513624588 0
1507 -0.1167247637784104 0.4182614858615985 0
1508 -0.2121820122590819 0.3991482011694816 0
1509 2.25102001469994 1.648876151748127 0
1510 2.227505761440324 1.601603319010236 0
1511 0.06974367900657881 1.230133606637205 0
1512 -1.092504719174765 3.091102100870264 0
1513 -1.451928008696587 2.260391059747447 0
1514 1.840598280739448 2.160393623247661 0
1515 1.820718744775093 2.127237241257789 0
1516 -0.7625867743289853 1.960265222664248 0
1517 2.018183713917633 2.843871779087589 0
1518 0.1345074957682505 1.157277680203034 0
1519 0.1027823583435498 1.064596074639671 0
1520 0.1989232754316008 1.084057201420802 0
1521 1.114358343361909 2.375187593773775 0
1522 -1.638230529369245 1.164825101692224 0
1523 1.899613247299976 0.7493075372364022 0
1524 1.827299065304597 0.7263674017989796 0
1525 1.885781538590057 0.6762795538225161 0
1526 1.809736315200061 0.6512012115267221 0
1527 1.308963091109011 0.9732338317745882 0
1528 -1.813668005794104 2.22468401172581 0
1529 -1.818280501897037 2.18440358796819 0
1530 -1.82029290738975 2.900577527565149 0
1531 -0.8989064307261568 2.900684375449073 0
1532 -2.361087055014145 2.518812879501187 0
1533 -2.305788000018714 2.465630990816273 0
1534 -1.559363027389853 2.256890168210677 0
1535 1.928312980589068 1.499774507638628 0
1536 -1.320622666085655 1.141713581454623 0
1537 1.555656091680564 1.23917987852933 0
1538 1.844365155081197 2.225378154366648 0
1539 1.871621931633744 0.5981415449744185 0
1540 1.794314152124658 0.5715933903249293 0
1541 1.732131436075522 0.6270833045017485 0
1542 1.715917024180025 0.5468828396586642 0
1543 1.655861711973278 0.6031682206757758 0
1544 1.636397524407913 0.5219358981188036 0
1545 1.698915614189826 0.4622246932640444 0
1546 1.614794274563781 0.436257803855943 0
1547 1.55143052112495 0.4976835467877123 0
1548 1.528792787007186 0.4105645653509327 0
1549 1.463138238404238 0.4735953731723059 0
1550 1.443023669765895 0.3871377485460181 0
1551 1.375030979304771 0.4497014790371006 0
1552 1.354754296796209 0.3471634941939892 0
1553 1.284433216826443 0.4247859333918469 0
1554 1.308357844883996 0.525213881149756 0
1555 1.220702810387851 0.489953143976078 0
1556 1.196110929417503 0.4002221400571948 0
1557 1.130186158166786 0.4674859235404361 0
1558 1.104865911192015 0.3759706816429849 0
1559 1.037640396197933 0.4449246967345433 0
1560 -1.638530838380004 2.933911748304082 0
1561 -0.7712841436719021 0.3970703408641407 0
1562 -1.932261312965072 3.115345606424234 0
1563 -1.304465034722206 0.4258206636521091 0
1564 1.7622830838093 2.162712871339504 0
1565 -1.709987913642232 2.192245754275465 0
1566 1.332738529128824 3.055248178058318 0
1567 1.3637869501372 3.146930122726842 0
1568 1.011326703834543 0.3523196139050762 0
1569 0.9440169571409111 0.4222045824811183 0
1570 -2.266594954198117 1.778782724220247 0
1571 -2.243516463293145 1.828479913179504 0
1572 -2.297810611327852 1.823361604892312 0
1573 -2.274345426868006 1.873604366167373 0
1574 0.01306820648065007 2.268913901452187 0
1575 -0.02098065455084714 0.4372347914742234 0
1576 -0.3118398532443621 2.632203155902734 0
1577 -0.4067812709676184 2.612111841309127 0
1578 -0.3424710741779942 2.540434144429296 0
1579 2.038884293733195 1.693736759813073 0
1580 1.999335371020102 1.691361599814505 0
1581 1.678935754240437 1.276098890107518 0
1582 1.716515783294272 1.288600701707723 0
1583 1.746455655417587 1.262419688078165 0
1584 1.754032297642261 1.301553578795771 0
1585 -1.545957470600493 2.380323003481861 0
1586 1.68074165749121 0.3733097025417644 0
1587 -1.194436251615832 1.16253321189479 0
1588 -0.7493576273286853 2.014155188544916 0
1589 1.860048885684603 2.125996541312609 0
1590 1.839318886568452 2.092858693363122 0
1591 2.408820893668793 3.145174215075563 0
1592 -0.6346098458577731 2.997606559028642 0
1593 -0.6036070816933468 3.090046156896348 0
1594 -0.5080506925739601 3.109417458134621 0
1595 1.719663623797882 2.38524818927162 0
1596 0.835685736385936 0.6635928661770478 0
1597 -0.9526292505817895 0.6197420409843399 0
1598 -1.03930843642866 0.6072362952778327 0
1599 1.98837773500033 1.829636973157093 0
1600 -0.06127122704609544 3.113835125637397 0
1601 -0.1568276081114055 3.094464169355794 0
1602 0.5872835732203465 0.387099904358559 0
1603 0.4901531507709881 0.3667391316100284 0
1604 0.4551652160724052 0.7908756163637607 0
1605 0.3912566233989225 0.863423852996519 0
1606 1.597636280488332 2.980835991828642 0
1607 1.213951767063885 2.935526897335574 0
1608 -1.634315517144805 1.269731536374743 0
1609 -1.673350140520887 1.263951627228204 0
1610 -1.595557985923323 1.276647305201287 0
1611 -1.786110497938497 2.161047094039021 0
1612 -1.822435558735548 2.145101045068117 0
1613 -1.467030128147452 2.990751397743132 0
1614 0.5979757762872039 0.6518186845105818 0
1615 2.08081650907397 1.578547708875566 0
1616 -1.30712305212989 2.440025173581446 0
1617 -1.259762524197906 2.456114098784869 0
1618 2.004777310189615 0.9685487887619749 0
1619 2.505187424782623 3.159900772443951 0
1620 -2.179024572431071 3.13664191227131 0
1621 -2.272082373580075 3.108704698039264 0
1622 0.8704923522519753 2.288192021949029 0
1623 -1.74693086605094 3.165586388551503 0
1624 1.164997913981557 2.378914843902964 0
1625 -0.9617107860216079 0.3698512493523716 0
1626 -1.057495811325002 0.3561967642109782 0
1627 -0.4372594589158757 2.521326356870005 0
1628 -0.3735945161907667 2.451346853427688 0
1629 -0.4982078497274046 2.590602482728983 0
1630 -2.332349978370363 1.87122247943718 0
1631 -2.306560109331178 1.920252263336924 0
1632 -2.249398298132415 1.92416560626865 0
1633 -2.280395672584169 1.970939294320416 0
1634 -2.373997784212867 2.438270312671055 0
1635 -2.319368974790699 2.390791057448237 0
1636 -2.250355144000721 2.414270415101654 0
1637 -2.264896489329486 2.343290944815911 0
1638 -2.331893975834155 2.319977193220779 0
1639 -2.279707557086498 2.274144520070877 0
1640 -2.343925298042041 2.251531486105879 0
1641 -2.291375892245935 2.2081989829838 0
1642 -2.355259582691343 2.185088717058893 0
1643 1.27410993489011 1.021019339175894 0
1644 2.167090798079945 2.310304605270953 0
1645 2.189858447136262 2.369460854648066 0
1646 2.230315764954859 2.318456874021295 0
1647 2.254904024636152 2.379735130693307 0
1648 2.211893099470604 2.43073538388236 0
1649 2.280558761891837 2.443674698638084 0
1650 2.233115829071716 2.499404489535215 0
1651 2.307270135125537 2.511928601159754 0
1652 2.296928647001042 2.326977983402224 0
1653 2.258994238984686 2.569729073551163 0
1654 2.326145072878649 2.577396767964297 0
1655 2.350948456546286 2.454772970220445 0
1656 2.183195576014894 2.556449203133317 0
1657 -1.376901376252508 3.013585314133356 0
1658 -1.347146319025482 3.105131659784535 0
1659 -0.7900892271779351 2.051527386016416 0
1660 -1.884524048308317 0.6833432397742805 0
1661 1.125610153004633 0.7519694830605976 0
1662 1.023276208001297 2.90751655378397 0
1663 -1.431398490350532 0.3109039366923865 0
1664 1.021517331852461 1.210454938841558 0
1665 1.001315532749027 1.162334409221276 0
1666 0.968217902826901 1.204926877782741 0
1667 1.767101145038547 2.38632672756909 0
1668 1.384242432731446 2.23187710248017 0
1669 0.4810645506448538 3.137622434110127 0
1670 -1.809119917914496 2.266381185020635 0
1671 0.7084148233285328 2.621319627587634 0
1672 0.7342012499076135 2.697610053675652 0
1673 0.6544787223736881 2.680896247240629 0
1674 0.8145496977257098 2.711898968671287 0
1675 1.485890849770991 0.5585228446650234 0
1676 -1.637659972547608 2.224632377509914 0
1677 0.9218669486002896 0.3334598082210296 0
1678 -1.848688917292584 2.249584334571028 0
1679 1.972367484774356 1.79368441965738 0
1680 -0.4824444459075213 0.439463559639818 0
1681 2.320949559821808 1.86362598785827 0
1682 2.209178557335484 2.627217086567105 0
1683 -0.7690782072968343 0.6630876007633824 0
1684 1.375021824792473 2.375121066164674 0
1685 1.396945403983599 2.416643773218257 0
1686 1.348009632522759 2.41403241017859 0
1687 2.295927555917769 1.812476602068594 0
1688 -1.443287747869506 0.7483202695890292 0
1689 -2.16196288794576 1.790785225742516 0
1690 1.974054729763106 0.8456053163927897 0
1691 -1.956755193653964 1.772815228744099 0
1692 -1.994061187774516 1.761345635545163 0
1693 -2.020228601634843 1.788618607844069 0
1694 -1.965488302827705 1.734800340903415 0
1695 -2.002770361591877 1.723329417082373 0
1696 -1.974197300216269 1.696784113896613 0
1697 -2.304069629961834 2.13691456024226 0
1698 -2.366742764742196 2.119507111044373 0
1699 0.1298410749488431 3.152579097010686 0
1700 1.687510004275296 1.313666743696437 0
1701 1.650010964721182 1.302623756923575 0
1702 -0.5184299893251954 0.3487767254976619 0
1703 2.495216814966406 2.901965737188716 0
1704 2.459380506194051 2.811536867551613 0
1705 -1.869718842109533 0.5432131600452879 0
1706 -1.816257871897565 0.4751697114036477 0
1707 2.10369539242639 1.173543947901061 0
1708 2.096323969504021 1.115497577392598 0
1709 2.107935015759477 1.227744225963453 0
1710 -0.1479161940618301 0.3258640919666695 0
1711 2.13365798535427 2.612937921981077 0
1712 -0.4100276908141509 0.6210766571750979 0
1713 -2.263137523108277 1.686519898675129 0
1714 -0.2214957827071352 1.181291079196788 0
1715 -1.116377201747173 2.466943438064445 0
1716 -1.076267537586806 2.422338816328034 0
1717 1.652415716833366 3.163758374654836 0
1718 1.746100431160955 3.182692815297424 0
1719 -2.228561470715341 2.233168352180742 0
1720 -1.792767670416503 2.122149699348364 0
1721 -1.827005335423381 2.10622844845725 0
1722 -1.858312052728429 2.129215393368221 0
1723 -1.862390663614295 2.090357425519279 0
1724 -1.894010402978342 2.113328958413506 0
1725 1.954751291067906 2.06764124621545 0
1726 1.892234082808675 1.483629066734752 0
1727 1.886661050722129 1.444492153980958 0
1728 -2.400992030685879 2.292584466873874 0
1729 0.1671401296368412 0.9913148555204545 0
1730 0.2925348291780333 2.840960618925481 0
1731 0.3571455647592701 2.767838041546565 0
1732 1.111861598318107 3.1807828558839 0
1733 1.084946454996992 1.131034775893795 0
1734 -0.1258252567829081 3.186902829832562 0
1735 -0.2213815556015253 3.167531594758908 0
1736 1.971419777859453 1.932205266954313 0
1737 0.761322672218063 2.776684491289648 0
1738 1.440218341165167 1.093689037585879 0
1739 1.394939194271354 1.081570803595143 0
1740 0.8943219949578453 2.341330898739593 0
1741 0.9504425958660058 2.345236631694649 0
1742 1.176275864955757 0.6997406313151362 0
1743 1.103094476755601 0.6815507393780706 0
1744 0.1663090875007783 1.252937654591028 0
1745 0.1010786429820333 1.322461344637926 0
1746 1.858373528994563 0.5156089023671151 0
1747 -1.898093189309399 2.074383460226597 0
1748 -1.866427023176172 2.051514683532826 0
1749 -1.902003406062581 2.035457282936743 0
1750 -0.2486916304673812 0.3063213490102052 0
1751 -2.472658520476148 2.80087679364241 0
1752 -2.451666354916326 2.895329053500522 0
1753 -0.69916314069424 3.070674748186573 0
1754 -0.668160924586192 3.163114527422033 0
1755 2.353443670447773 1.815617503678123 0
1756 -1.445386904336388 1.228376651195694 0
1757 -1.431292958262254 1.265848827713158 0
1758 -1.469022537751326 1.258723821235583 0
1759 1.773365341553204 0.7766130155538078 0
1760 1.507353476954813 0.3252036091633805 0
1761 -2.330733662673062 1.963922937850528 0
1762 -1.688253550460646 1.228745837103166 0
1763 -1.712966977056765 1.259994691383817 0
1764 -1.692981081289879 1.300160955661147 0
1765 -1.735881267596627 1.291922955071506 0
1766 -1.721608970029384 1.327349873485101 0
1767 -1.760176343270774 1.322541120036883 0
1768 1.78408816757064 1.275326005304154 0
1769 1.791212058020829 1.314384149283795 0
1770 1.761837597376107 1.339991886070063 0
1771 1.798340451042489 1.353046458066169 0
1772 1.768979740262655 1.378182792766923 0
1773 1.805067949763395 1.391473202556915 0
1774 0.6798647019431452 0.4056327911730619 0
1775 -1.749829960981164 1.25285618121651 0
1776 2.281653684883213 1.604541467509285 0
1777 2.257094912133177 1.555414109475939 0
1778 2.118100390997145 1.554600673269867 0
1779 1.93255307987047 1.927579101442115 0
1780 2.444243540029442 3.236011213161407 0
1781 0.6721699296757176 3.176400461625639 0
1782 2.347860764497829 3.221289938793043 0
1783 -1.525257092372037 0.2950513321952211 0
1784 1.909578713105887 1.95823100963069 0
1785 -1.745191832157464 1.358419066193018 0
1786 -1.781774988708053 1.352635062450464 0
1787 2.157165491097009 1.196509683268622 0
1788 2.162571560980237 1.251441766780714 0
1789 2.020943820583606 1.658252348362771 0
1790 1.981685709432622 1.656251273278368 0
1791 -1.700837347050947 0.7692460619776254 0
1792 -2.431610536324698 2.562886034907112 0
1793 2.268794116938929 1.699386394845777 0
1794 0.6515734899091814 0.3141547682272439 0
1795 -1.989261592184784 1.51017970537911 0
1796 -1.9730045925772 1.548225027514248 0
1797 -1.949511983604131 1.516167624926686 0
1798 -1.933405593388242 1.550505703981123 0
1799 -1.955428839445384 1.587021279924024 0
1800 -1.911848386216206 1.519415454088784 0
1801 -2.199499757411806 2.365789760028855 0
1802 -2.184356295242233 2.433697607938667 0
1803 1.678950695855596 2.233903426938477 0
1804 -1.340166557331486 2.260948038190303 0
1805 -1.301161223160786 2.49312497135657 0
1806 -1.347582803960679 2.470168171016996 0
1807 -0.6806548617059512 1.194818791784096 0
1808 2.345825753290015 1.916057565369997 0
1809 2.3108056951054 1.96454823749583 0
1810 2.370521274551753 1.970364093097513 0
1811 2.334512032729073 2.020481272857451 0
1812 -1.457399387583009 1.296513846095052 0
1813 -1.493546613455261 1.294975199565376 0
1814 1.896407518453961 1.522219903216615 0
1815 1.930875595149664 1.53679365332515 0
1816 0.9478630502488583 1.154402118141261 0
1817 0.913691370499033 1.198672313986895 0
1818 0.982555759010199 1.110104152483466 0
1819 1.079304715449188 0.2828235856289525 0
1820 -1.418197779160415 1.302769464627201 0
1821 -0.7637171360338032 3.14374316778766 0
1822 1.139913916067818 0.9930059393075259 0
1823 1.215811372049654 2.212960489597758 0
1824 -0.9061365781652789 2.085842328658897 0
1825 -0.894185417535406 2.131923437029852 0
1826 -1.007578489941251 0.6874384278015726 0
1827 -1.090525796257043 0.6752238962250343 0
1828 -1.123542848141102 0.5969359195601871 0
1829 -1.173375653556624 0.663632785087833 0
1830 -0.9241140796731389 0.7008227786179635 0
1831 -0.4946023839898414 1.908975210911098 0
1832 1.672410423581302 0.6810591469025873 0
1833 2.010671408359588 1.936481629512675 0
1834 2.397317659731494 2.027759411746706 0
1835 2.35988233454575 2.075700177817371 0
1836 -1.380077092997842 2.248205745500814 0
1837 -1.34853478562631 2.221641492451351 0
1838 -1.386787705412484 2.208967641989007 0
1839 -1.357196089081507 2.183327227051699 0
1840 1.059715506197079 2.365230868276702 0
1841 2.060441633496565 1.660299325929231 0
1842 -1.950921601520802 2.789636907889004 0
1843 -0.9977720256304548 0.2794177682132899 0
1844 1.306968358528803 3.23196898535723 0
1845 -0.7088888617397627 1.975791078022233 0
1846 -0.7237838031973969 1.920649250332069 0
1847 -0.6673992382042357 1.935844985098 0
1848 -0.6827981024398384 1.877801891650386 0
1849 -1.490487535818167 2.246145415958749 0
1850 -1.457565081121249 2.221111950618725 0
1851 -0.4661852556599893 2.435803120381406 0
1852 -0.4055999327414863 2.366377523017691 0
1853 -0.3136747672566775 2.381683783499791 0
1854 -0.344321943758195 2.29324613791853 0
1855 -0.2551733256836564 2.312077944696264 0
1856 -0.2857901064562983 2.223934774262086 0
1857 -0.1906328349887366 2.240479211220704 0
1858 2.566124612585306 3.083789454694963 0
1859 2.601562833561923 3.17462394449769 0
1860 1.954509582299391 1.690933105622402 0
1861 1.942666224075456 1.653961099212756 0
1862 1.962741042977546 1.62207374680803 0
1863 1.701055053513041 2.19859742924153 0
1864 1.660139737640069 2.19904503981649 0
1865 1.681384859550773 2.164730768437978 0
1866 2.158793215223385 2.685770838249093 0
1867 2.082461910549323 2.671514924391276 0
1868 2.239123554209045 2.702981376854015 0
1869 -1.851066130130492 0.7501304444609178 0
1870 -1.927758063907474 0.7393155924988095 0
1871 0.7215968977705354 0.4998602776780667 0
1872 1.137761196278661 2.422920730294804 0
1873 -1.419959423826751 1.078055645862432 0
1874 -1.159598015452963 2.510099683835132 0
1875 -1.31829111634918 2.194924988772925 0
1876 -2.249631667142076 3.20335720003903 0
1877 -2.342971583597571 3.175329983775661 0
1878 1.949537089529865 1.82533906740016 0
1879 1.596593746279978 0.6587491992201953 0
1880 1.424016026463441 2.233244825140867 0
1881 -1.094224829711076 0.2658317894774762 0
1882 -1.761502198208593 2.130253579060856 0
1883 -0.137803375153166 1.801852552007097 0
1884 0.3568785963763766 2.506527890328234 0
1885 1.7789654830628 1.416127778611207 0
1886 -1.622072371805104 1.31101599935908 0
1887 -1.580815550869094 1.313652406545451 0
1888 0.9207184776659045 2.406587285538862 0
1889 -0.6307972356864022 0.755634090415862 0
1890 2.038517420247441 2.084843678149206 0
1891 -0.1800869704769419 0.2334407871166946 0
1892 -0.08374384322239589 0.2525414085095998 0
1893 1.936325816660296 0.5493661483860492 0
1894 -0.2778926708584771 0.4724687557993748 0
1895 -1.926306630629833 1.484734095919699 0
1896 -1.888753507328158 1.486329795283725 0
1897 -1.903133953702203 1.453080555547638 0
1898 -1.864186074091508 1.455669380310794 0
1899 -1.879652996120336 1.422279369463367 0
1900 -1.840918047707281 1.426291023046737 0
1901 -1.860792718472677 1.391714783870513 0
1902 -1.82251456080597 1.455213477753943 0
1903 -2.36529260055096 3.080456522784496 0
1904 -2.436366184193404 3.147414961319401 0
1905 -2.412934036166462 3.24808866536578 0
1906 -2.507388886590212 3.214438709773256 0
1907 -2.529783945214803 3.119454290735405 0
1908 -2.600770464332582 3.186402159040044 0
1909 -2.22442025544601 1.973870964536554 0
1910 -2.254861312365022 2.021124835106784 0
1911 -2.297534418340085 2.860209436718842 0
1912 1.816596573566104 1.427995203930143 0
1913 -1.112119343347422 0.4353176001019838 0
1914 -1.018170320358799 2.434317259719367 0
1915 -1.037991561507913 2.379843157629255 0
1916 -0.724751169857657 2.977634383614627 0
1917 -1.405476111382824 2.928909109296231 0
1918 -1.321248344877124 2.948548244780244 0
1919 -1.487500228051698 2.907948180067215 0
1920 -2.195044220180359 1.927277098552836 0
1921 1.423559843625472 3.072903353984819 0
1922 1.394814448225117 2.986096326480056 0
1923 1.461377878142907 3.159674845021705 0
1924 -0.6149080435850688 0.3345730534076798 0
1925 -1.573475972794369 3.213252488520496 0
1926 -1.481936916422773 3.237968852644803 0
1927 0.2588306683616384 1.006899528472021 0
1928 0.104387721726818 0.806532133861769 0
1929 0.2307165536121027 0.9173739652344433 0
1930 -0.02464313933110115 0.9533728823755816 0
1931 0.1703163843196851 0.4752726007539831 0
1932 0.2346101969554795 0.4019747493253338 0
1933 0.1389855617715261 0.3829436651943658 0
1934 0.2032792947598163 0.3096458565760489 0
1935 0.1076546755461871 0.2906147632487532 0
1936 0.2989039147355903 0.3286769474550364 0
1937 0.2675730153647982 0.23634805340361 0
1938 0.3606693143451503 0.2562371052808641 0
1939 -0.03026899269985539 3.206274210454817 0
1940 0.1323304931953026 2.894738367023301 0
1941 0.2617025504029117 2.748549421690136 0
1942 0.4525438152728515 2.78715638953019 0
1943 0.421921340741881 2.695075020898154 0
1944 -2.156275060033283 3.231384847783845 0
1945 1.89914690254485 2.761478273717643 0
1946 -2.621921800199076 3.092867125335367 0
1947 1.190337228935596 2.428347865461356 0
1948 1.79596295403105 2.091834589555683 0
1949 1.818848906943163 2.059656162608369 0
1950 1.855951317601054 2.05751626972067 0
1951 0.4862703596215401 0.8808559833560903 0
1952 0.4142573464580354 0.9649151584081697 0
1953 0.5481218067172001 0.8109790708872227 0
1954 -0.6873025529280478 2.034392013796736 0
1955 2.041924162824257 1.095915460328339 0
1956 2.086387667238287 1.054245238827463 0
1957 1.879090212751895 2.162885103527249 0
1958 1.933386981983471 1.788740894737034 0
1959 0.8432307743987343 2.789717273463917 0
1960 -0.9018881385478488 0.293031038216917 0
1961 -0.6252558404252777 1.894286797197263 0
1962 -0.6410160965317 1.835737436774525 0
1963 -0.698621333385221 1.820086665639141 0
1964 -0.6576048493413681 1.778182611487985 0
1965 -0.7151322386734682 1.763830068052625 0
1966 -0.6729847195372624 1.718034093545132 0
1967 -0.7297041747695562 1.7067100952256 0
1968 -0.690200002258829 1.660911586792977 0
1969 -0.6110032844403044 1.72707614688033 0
1970 -0.744974945568184 1.652204536659214 0
1971 -0.7071608206011963 1.610167703275619 0
1972 -0.7604335774328189 1.598594458655752 0
1973 -0.7217726280425897 1.558036086030508 0
1974 -0.7760771904076368 1.544033534243611 0
1975 -0.737058127029148 1.504457078582602 0
1976 -0.6673608966012783 1.567029721273282 0
1977 -0.7916085082384594 1.489844018316669 0
1978 -0.7525080373924705 1.450727323272238 0
1979 -0.8068463087177934 1.43679192349448 0
1980 -0.7679682774017185 1.396957172778976 0
1981 -0.8221480594008082 1.383248584967774 0
1982 -0.7831940362599507 1.342206138816381 0
1983 -0.8382236335122584 1.327992614535769 0
1984 -0.800760419540716 1.287222790528711 0
1985 -0.8550012737254371 1.272674096108908 0
1986 -0.8189484334949466 1.242684147833689 0
1987 -0.8598570788758046 1.21101901442306 0
1988 -0.6970599758637066 1.464213799636384 0
1989 -2.011527903029884 1.685253839352761 0
1990 -1.495073135900483 2.208522118092729 0
1991 -1.982910340710597 1.658757770576739 0
1992 -1.94780160881971 1.670734896706975 0
1993 -1.470488482783138 1.011232317724193 0
1994 1.791014659267395 2.344303842376742 0
1995 1.81527955785621 2.383918093336298 0
1996 1.821741350701875 1.290007509095888 0
1997 -0.1536644439955087 2.325569818921014 0
1998 -1.326472889354006 2.158888506015864 0
1999 -1.290295480887354 2.169577725799211 0
2000 -1.708493474058433 1.362565359658911 0
2001 -1.464682142932361 0.2243542450084874 0
2002 2.212569754829736 1.21958194841617 0
2003 1.935888946880983 2.219320939784161 0
2004 1.950208212237037 2.26508481166795 0
2005 -1.583100082914865 0.3691461346435443 0
2006 -1.620477860682171 0.2799543136923734 0
2007 -0.7428115936613645 1.295057065294906 0
2008 -1.87054014687525 0.9623228655241525 0
2009 -1.897024282173717 0.9052612954180965 0
2010 -1.934968248221098 0.9575617536964718 0
2011 -1.960536220134135 0.8992923700732289 0
2012 -1.999035204379166 0.952634616471479 0
2013 -1.972357491304516 1.010682106892124 0
2014 -2.035897817408749 1.006549704081174 0
2015 -2.008600754612601 1.06369651756392 0
2016 -2.071152752459927 1.058866643473342 0
2017 -2.044264433197389 1.11453595801057 0
2018 -2.105849923439033 1.110174374193074 0
2019 -2.079405731062941 1.164912641614498 0
2020 -2.140152819650409 1.160657541582472 0
2021 -2.114084184986013 1.214693001199082 0
2022 -2.174168055697785 1.210514655200823 0
2023 -2.147555451555995 1.263379120288813 0
2024 -2.098130383370778 0.9993836225756748 0
2025 -2.030417243598015 0.8877349812831947 0
2026 1.248306922499303 0.7189379397956168 0
2027 1.407075727853387 2.199995486672961 0
2028 1.444621430392311 2.200409561944951 0
2029 1.36833331993426 2.19214698602948 0
2030 1.741959962885252 2.42843811051006 0
2031 0.8975500790440276 0.5886153849436924 0
2032 1.370519637823276 2.458027346601622 0
2033 1.421384450683801 2.459951740118795 0
2034 1.320185993737227 2.455418619372391 0
2035 2.149270104202553 1.644381642921627 0
2036 -2.324716690664818 1.771814513334264 0
2037 -2.486382206000674 2.712256235992573 0
2038 1.896974920855238 1.921807442168206 0
2039 -1.870347760111297 2.012690675234957 0
2040 -1.906448794805675 1.997882391425711 0
2041 -1.372637938389332 0.2344060115338151 0
2042 -1.371339311501257 1.08580326178453 0
2043 1.136005553066105 1.139973470641811 0
2044 -1.6808101571884 0.3536578292232706 0
2045 -1.723813760462408 0.2599177490502562 0
2046 0.9340577510003475 1.249384116329077 0
2047 0.878857456235983 1.244637912371933 0
2048 0.8581598753737518 1.190366121963737 0
2049 0.8213736778917062 1.238051659720895 0
2050 0.8450802885639447 1.292033193663702 0
2051 0.7871867320883312 1.286363825952647 0
2052 0.8115997119152941 1.33989903794595 0
2053 0.752498786070841 1.332631254991723 0
2054 0.7771003278786721 1.388238248220272 0
2055 0.7172037177256969 1.380741089935654 0
2056 0.743148201741486 1.437183116974891 0
2057 0.6852728774340117 1.432983784959313 0
2058 0.7086782318210428 1.487271273700952 0
2059 0.6502089114454078 1.483141861388225 0
2060 0.6736909007973148 1.537996678979829 0
2061 0.6531527829525317 1.374166498334169 0
2062 0.8337438941045259 1.394007337475199 0
2063 1.775022608178567 1.240875699278175 0
2064 0.2971658447203515 1.103021158937489 0
2065 -2.135094642869792 2.388953752337539 0
2066 1.598549725213538 1.251349041588624 0
2067 1.568038396765382 1.27813291661652 0
2068 1.527762700077598 1.267069057854919 0
2069 -2.071661279446555 2.560236037846678 0
2070 -1.894749718831053 1.556471874303759 0
2071 -1.14936943294654 2.834726734392052 0
2072 1.966121669840183 0.6962049793973044 0
2073 -0.9325821480666314 2.165121408058206 0
2074 -0.8843034118085302 2.181367586738069 0
2075 -0.9207747145579787 2.206200581948995 0
2076 -0.8445869301683147 2.146495751339091 0
2077 -0.4204681266204449 0.3631788266092117 0
2078 -0.4576574551420903 0.2723657669649664 0
2079 -2.145141962569542 1.454899736168431 0
2080 -2.166429956272657 1.409780049946955 0
2081 -2.197391830209039 1.45134910642241 0
2082 -2.219748517413703 1.402983637363579 0
2083 -2.254700781710857 1.447559068458449 0
2084 -2.227775813377343 1.498561874825911 0
2085 -1.930070636658794 2.664699458583501 0
2086 2.269147244840473 2.268084843707177 0
2087 2.338473097576478 2.274302662037413 0
2088 2.311693736511844 2.208867286139635 0
2089 2.380300281097655 2.219735871972831 0
2090 2.408133707951357 2.284786376666672 0
2091 2.44862184916576 2.229179943028382 0
2092 -2.544212442675489 2.865423953145541 0
2093 1.834977230063498 1.366785409434833 0
2094 1.234438783638388 0.6473672756180477 0
2095 1.303642964968668 0.6654129806098836 0
2096 1.685262845298348 3.254937832116286 0
2097 -1.927240423596997 2.09611281068441 0
2098 1.925493566457448 1.620650725455662 0
2099 -2.134765506138605 1.366075646476972 0
2100 0.8354544364320771 2.336069861226678 0
2101 0.8066607256291287 2.284206096263665 0
2102 -1.799012162710047 1.317542133812046 0
2103 1.90288683560529 1.374248807061949 0
2104 1.86319985175009 1.505957445367671 0
2105 -2.418648761272962 2.160488998553952 0
2106 -2.430618367799887 2.094540900792341 0
2107 1.72725692791873 1.36711808886306 0
2108 -0.7325960923205332 3.235596248561873 0
2109 -0.824055494220111 3.215306623334601 0
2110 -0.6370199899430076 3.254869796951231 0
2111 -1.766444542610174 1.388041522679838 0
2112 1.918773536386424 1.893906078163834 0
2113 1.902818062028251 2.131443999857372 0
2114 -1.794759664209292 0.862942892927774 0
2115 2.112624618206879 1.418458863057536 0
2116 2.157181035775374 1.438120084318845 0
2117 2.153922780746735 1.389261720500551 0
2118 2.201174033015892 1.409201522130803 0
2119 2.200502902035798 1.346923856018321 0
2120 2.156347993261337 1.486776670789195 0
2121 2.246791926150022 1.377935752292667 0
2122 2.251534930571403 1.430243227307854 0
2123 -1.504954644315663 2.397318160744831 0
2124 -1.540091201067357 2.429842785161397 0
2125 -1.499400034646687 2.444806572499713 0
2126 -1.584076779854167 2.409288322957307 0
2127 1.765478101700282 0.4015175819485877 0
2128 1.750119045391384 0.3092465983327832 0
2129 1.660541504435631 0.2828378688838369 0
2130 -0.9259843634503605 2.690185111151155 0
2131 -0.8524714111449041 2.707925972883902 0
2132 -0.8011051807412289 2.651234782225689 0
2133 -0.7751769219546114 2.72670245971034 0
2134 -0.7210727818678498 2.665422655576408 0
2135 -1.223330276702087 2.425403017512698 0
2136 1.84057259152346 2.343555449640228 0
2137 -1.092405628566913 2.369319062115511 0
2138 -1.054846416342477 2.328034578500099 0
2139 -1.001956152279084 2.337855139414183 0
2140 1.692418674931357 2.427681405632512 0
2141 1.71541337404354 2.471732871728406 0
2142 1.662779287225776 2.471575085572446 0
2143 -1.444085601497096 1.335926620275854 0
2144 1.813884555732287 0.9102290906019721 0
2145 -0.4400198536414144 1.02845480001919 0
2146 -1.889676086781714 2.151757909578276 0
2147 -1.183306619670683 3.065777720446754 0
2148 -1.159708902108455 3.158236576862046 0
2149 -1.066489569304044 3.183775533076789 0
2150 -2.286202483969242 1.390760422366381 0
2151 0.7785080878161565 0.7273541024122583 0
2152 1.427090267507767 1.047271448932879 0
2153 1.476077654684922 1.060604127947587 0
2154 -0.5310534849278434 2.760605293793085 0
2155 1.994923647525658 1.900003439438821 0
2156 2.029912473912626 1.903972391478697 0
2157 0.3437988080565247 1.301891297365219 0
2158 -1.464597427604034 2.182203746944481 0
2159 -2.03852323914829 1.711423582517821 0
2160 1.956344550969719 1.757477392373879 0
2161 2.003769970666723 1.538392526824669 0
2162 -1.797900299280824 2.085049900472209 0
2163 0.7591757297865045 0.3383812935514605 0
2164 0.7143652050019845 0.2391746195484248 0
2165 1.059124630283284 0.5315962687657139 0
2166 1.837198749451157 0.3376222929305455 0
2167 1.395179437544986 2.503352188923658 0
2168 1.449325638540257 2.511881805113222 0
2169 1.470416138868555 2.461582050792951 0
2170 1.039988026262861 2.326121769383694 0
2171 1.820643699863151 0.2472385533097929 0
2172 2.363616931097309 2.798305964027203 0
2173 2.425800210014363 2.723513402467583 0
2174 2.518781705297943 2.735919461213335 0
2175 2.485813224281744 2.648859991548822 0
2176 -0.9766753377264086 0.7610034636687368 0
2177 -1.843372647284446 2.292818664976323 0
2178 -1.802373615790715 2.311476621289842 0
2179 -1.885188735457115 2.275620015847216 0
2180 -1.134270149194279 3.249469225592995 0
2181 -1.22854238869312 3.226101837705759 0
2182 -1.040734585036146 3.276525298063274 0
2183 -0.246928563931863 2.559536480718333 0
2184 -0.2523836238234228 3.075091782925463 0
2185 -0.3169377896199464 3.148160097969222 0
2186 -0.2856901140668398 3.239388362960144 0
2187 -0.3814510493815973 3.221026604830539 0
2188 -0.3522295182455066 3.314577612891495 0
2189 -1.018869655013049 2.2883309561542 0
2190 -0.968884671093604 2.296911743088763 0
2191 0.7966640779392843 1.183174816323901 0
2192 -1.362102699287583 2.142385353928901 0
2193 1.38034505588187 1.034420632828752 0
2194 1.34832099150567 1.070604358486798 0
2195 -1.96528456436869 0.6737207848256626 0
2196 -2.010085132256892 0.7379673003839757 0
2197 -1.205013947239262 0.5883037700861167 0
2198 -1.251985923043842 0.6549146672629578 0
2199 -1.220240068184379 0.7229640463591989 0
2200 -1.296039847786626 0.7139541606879081 0
2201 1.691616081513975 2.51744956629881 0
2202 1.637838335884369 2.515036597201761 0
2203 1.609603799261725 2.468967835982299 0
2204 1.582786082535441 2.509184770335594 0
2205 -0.7896065199938868 1.691402746418733 0
2206 0.7513582237815137 0.6447857663617076 0
2207 1.120996465982451 1.088820335079678 0
2208 1.170466033339916 1.099793710433091 0
2209 1.067617759584928 1.080221429912351 0
2210 1.597118110987727 3.246708873430995 0
2211 1.903732709482399 1.651680584266273 0
2212 1.298537185181853 2.41302602331628 0
2213 1.269096470788066 2.451470496241074 0
2214 0.1938093419424703 1.346138003334374 0
2215 0.1295988288099986 1.412942127681486 0
2216 0.03663764790212246 1.395433137938167 0
2217 0.06604320749477886 1.485398767269183 0
2218 -0.02725365092577512 1.46891645900244 0
2219 0.004534977661983695 1.560846506089198 0
2220 -0.09081463791390486 1.542542149424563 0
2221 -0.1224626993334249 1.451528230924914 0
2222 -0.1848776126951851 1.524312123291307 0
2223 -0.2138799996909035 1.433208608055674 0
2224 -0.151567648310184 1.610921046416231 0
2225 -1.247790001279586 2.508722821848728 0
2226 -1.284822288786812 2.550444867550677 0
2227 -2.20411247702552 1.262250449553747 0
2228 -1.729356940851417 0.4914200042935972 0
2229 -1.7331253417235 0.8715492542143981 0
2230 -1.904950072070254 0.4650618093806513 0
2231 -1.846057367409158 0.3854579668643439 0
2232 -1.958950348258449 0.5348123575499495 0
2233 2.061626747444301 2.60070251850521 0
2234 -2.151978645348701 2.323766244098223 0
2235 1.899827619638127 1.556240546184714 0
2236 -0.4289480751366794 2.279423250301443 0
2237 -1.937143449411877 2.018449645946923 0
2238 -1.941892147380804 1.981470358892024 0
2239 -1.906815637483619 1.957359532646771 0
2240 -1.973685967440747 2.001117085941866 0
2241 2.063427803407745 1.306287896393085 0
2242 2.10967060978216 1.325878780461172 0
2243 -2.552243666564063 3.024667671685784 0
2244 -2.637797418648251 3.001163913741535 0
2245 1.538373927865694 1.304175401857946 0
2246 1.500252124350647 1.29437461947042 0
2247 1.578725425986154 1.314602837038805 0
2248 -1.391546669203615 2.40274577200706 0
2249 -1.427134602967035 2.429751141494143 0
2250 1.657940507066471 1.341659955214554 0
2251 0.7646643316528827 1.493438611505632 0
2252 -0.580640071764738 1.851612256173861 0
2253 -0.9090356992060907 1.258213517759383 0
2254 -0.9258083963309904 1.202179917057408 0
2255 -0.8890118134504572 1.160657029849133 0
2256 0.6131085879217681 1.531515428188508 0
2257 0.6369744776836427 1.589802433695518 0
2258 2.38686702149815 3.310686615826417 0
2259 -1.558085724438241 1.28379971659443 0
2260 0.9732566059105363 2.389053954289204 0
2261 2.216483700462519 1.771284511934004 0
2262 -1.837073205308755 2.338804215575562 0
2263 -1.794177357054785 2.357241912086645 0
2264 -1.831617987826564 2.387817120115658 0
2265 -1.785557604796189 2.405046988658648 0
2266 -1.748342681886768 2.374954049974875 0
2267 -0.9461678179461588 1.150213727220037 0
2268 2.107774120858491 2.745277279706945 0
2269 -1.918994490384009 1.418958360468938 0
2270 1.558033119057608 2.463585976037109 0
2271 -1.928220818124023 1.746272073587162 0
2272 -0.4455228432034877 3.290436749760158 0
2273 -2.234258849939586 1.208821250872741 0
2274 0.9273273420541053 1.100056428351682 0
2275 0.9615813406335306 1.053363909966335 0
2276 1.83819854322086 2.026080297707604 0
2277 1.873393275077553 2.023057170331464 0
2278 2.424928886423324 2.154567374758285 0
2279 -0.9000775065309871 0.7738620150776769 0
2280 -1.835981532886783 2.029843785337793 0
2281 -1.43254023679128 2.850914494010674 0
2282 -1.508314944840038 2.832678275244864 0
2283 -2.231011558479274 1.352313679178126 0
2284 2.330654507379152 1.764132404363055 0
2285 1.779475727931777 3.270160487468782 0
2286 1.841495986113302 3.202440987109493 0
2287 1.874612523588121 3.289766523263125 0
2288 1.937248563234282 3.220449041535905 0
2289 2.577940432293732 2.661203127137293 0
2290 -1.889798662294537 2.229991340213164 0
2291 -2.201843484243055 2.02514976433143 0
2292 -2.229143955703541 2.07091772726745 0
2293 -2.177079238635208 2.075576352071697 0
2294 -2.20440621987958 2.120649140141068 0
2295 -0.9830673195977335 1.187607150917013 0
2296 -1.001904860578954 1.137164218388181 0
2297 2.028385411303704 2.723829819100517 0
2298 1.619463383795544 0.73216935475961 0
2299 1.554012358652786 0.7109987841400205 0
2300 -0.8351896027618646 2.197153331153944 0
2301 -0.09845648210064573 3.276132636736727 0
2302 2.543105473724102 2.572572959081918 0
2303 0.6180033460273153 0.2329182994516543 0
2304 -0.007255523436060065 3.315952090069429 0
2305 0.5141765597717809 2.719427247268273 0
2306 -0.8265979138858338 2.784115347203456 0
2307 -0.7476521323135031 2.806583952344887 0
2308 2.294361275213072 1.400631030792379 0
2309 -0.2815013450902116 0.2175545748995793 0
2310 1.218646048062662 2.385995710076214 0
2311 -1.483037493285151 1.221898333751945 0
2312 1.954845725982596 1.065890207016308 0
2313 -1.577969388482537 2.455804237779879 0
2314 -1.624694762412065 2.437873099629997 0
2315 -1.977164342911292 1.96422735357432 0
2316 0.8924334920205064 2.724277118935202 0
2317 0.9198440544993896 2.805588155378839 0
2318 0.5769152936900825 0.8933674928812776 0
2319 0.6386275217548893 0.8294237884398263 0
2320 1.499448029347963 2.505520778875792 0
2321 2.143588257931939 1.077770474430369 0
2322 2.137225054117109 1.013554396820209 0
2323 -0.856014278384886 1.421968597428956 0
2324 -0.9716973683756338 3.20960096618755 0
2325 1.923980215552529 0.4566392926098675 0
2326 -1.550556036259839 1.315657458703222 0
2327 2.198798227139505 1.553779369157418 0
2328 1.994752476958213 2.147060275483229 0
2329 1.803534768638159 2.027410544507427 0
2330 -1.198541660786992 3.324143780839787 0
2331 -0.2144434790105795 0.1519250765535864 0
2332 1.870789131029749 1.953570915676714 0
2333 1.644083333183392 2.165251784700913 0
2334 1.622543233012493 2.197478012697811 0
2335 1.665989005447294 2.133776071287048 0
2336 1.703502007940186 2.133722708569337 0
2337 2.005876198894002 1.578712735120845 0
2338 0.7904140648755614 2.85766373366528 0
2339 -1.566860699276677 1.34904195640632 0
2340 2.275640226196181 2.006906061481196 0
2341 2.659947127031815 3.100190408392949 0
2342 2.622697744520771 3.009241439100824 0
2343 -1.419151523894386 0.1536785048043448 0
2344 -2.116375204821061 2.455896466571654 0
2345 -2.174255781372375 2.495504885493824 0
2346 1.905286160919329 2.257479385490135 0
2347 1.603855987526272 2.156957554340413 0
2348 1.583548011050211 2.19685881134926 0
2349 0.6902506602451951 0.7112062290793171 0
2350 -1.656353901367202 0.1895476845548116 0
2351 2.458157164982935 2.556207993115663 0
2352 1.050574074757831 0.7372105526030968 0
2353 1.026924332658729 0.6622757192567685 0
2354 0.7077291207295258 2.844171505626352 0
2355 -0.7512605656861012 2.594301776398268 0
2356 -0.6636335302700375 2.599402560731083 0
2357 2.214865617770108 1.281263956679203 0
2358 -1.815867525448783 1.353997238750264 0
2359 -2.377062449998399 2.051714441513242 0
2360 2.311207254305391 1.559368507525493 0
2361 2.338643434497348 1.610254913374882 0
2362 0.8073530736746506 0.2494718232976383 0
2363 -2.57834846043002 3.281304162920411 0
2364 -2.671728431817422 3.253261022912402 0
2365 2.281413864405522 1.511999177046916 0
2366 2.505286807274693 2.488161082471162 0
2367 2.041168805061376 1.632210728961086 0
2368 2.387306485164853 1.761770342562649 0
2369 2.411441024975709 1.814658137807055 0
2370 -1.296751530277379 3.290436263519354 0
2371 2.435025761494769 1.975248847890978 0
2372 2.461942832520354 2.032678433799384 0
2373 1.915250836743065 2.060452351623308 0
2374 -0.641351350179199 2.677832101388231 0
2375 0.3192416465669234 1.223226615300316 0
2376 -2.06048170379489 1.214550538208959 0
2377 -1.804061694964483 1.430103776947925 0
2378 0.6299482575305804 2.603620742473469 0
2379 -0.7961413242754986 3.318835112268013 0
2380 -0.9896380407412411 2.249664034015372 0
2381 -1.822368777171912 2.433958222039088 0
2382 1.918263145824513 2.301354058980746 0
2383 2.05059843062177 1.941620443089783 0
2384 -1.195784589757454 2.974994153770582 0
2385 1.912971187321009 1.820140432446116 0
2386 0.5778506343465981 1.584417161260998 0
2387 0.6013582032000425 1.641774113705221 0
2388 0.5294465171796481 1.640733954847253 0
2389 0.5656093080828178 1.69847967337788 0
2390 0.6276480785719265 1.700589368008718 0
2391 0.5918138386960192 1.754904149082496 0
2392 0.5290580200155359 1.752649757830178 0
2393 0.5577750063497025 1.811860424304435 0
2394 0.4887610339143897 1.807046106427767 0
2395 0.5211129574772503 1.87056173544041 0
2396 0.4484946068952503 1.864828787774216 0
2397 0.480814987074413 1.928601076130312 0
2398 0.551846524577895 1.93187150799015 0
2399 0.5133330495681814 1.991316795848243 0
2400 0.5857814461481079 1.995124116680816 0
2401 0.5460163233010047 2.053233011212422 0
2402 0.61451505279409 2.056164144969758 0
2403 0.4705864998661884 2.051411352207757 0
2404 0.5774893117912221 2.114205248994677 0
2405 0.6452301868597815 2.117053863997061 0
2406 0.6089332696041929 2.171551660652471 0
2407 0.6764133134200404 2.172499946583997 0
2408 0.4070852156801681 1.924451595311536 0
2409 0.6568030144687609 2.002597064078122 0
2410 0.711085247096 2.120675301197933 0
2411 0.6244032176536729 1.812434011262587 0
2412 0.7411361375768226 2.178025153391786 0
2413 0.5410449101384651 2.171812944578736 0
2414 0.578261318967985 2.238563690853351 0
2415 0.3642948603097279 1.855433018467548 0
2416 0.6998751141583274 2.232955559088996 0
2417 0.7751224384326432 2.125946797391779 0
2418 0.4718215590419251 1.742797158131702 0
2419 0.7474605079979048 2.07164785148123 0
2420 -2.049076968883482 1.673487506975458 0
2421 -1.945954016551982 1.068847361635222 0
2422 2.70298500498186 3.18796717151219 0
2423 2.638142571537622 3.263266388310625 0
2424 2.733384801330505 3.280176575674532 0
2425 -2.284210182449083 1.494472757881444 0
2426 -2.261609219545608 1.54482156192475 0
2427 -1.926026625369682 0.8490536933245845 0
2428 -1.297630963533475 2.131541306789428 0
2429 -1.261760431251784 2.143661582498828 0
2430 -1.253702653206259 2.181788187365019 0
2431 -1.22492470689381 2.157245251602192 0
2432 -1.232456293986841 2.118979401999648 0
2433 0.8451611950016674 0.4037820152397316 0
2434 -0.8138581405912884 1.584588174572776 0
2435 0.3371527495437557 0.1629405432445108 0
2436 2.288637240173668 3.310117671716328 0
2437 2.251761249805378 3.208689564041042 0
2438 2.197462546243275 3.278584619030984 0
2439 -1.455313192079948 2.786610857043735 0
2440 1.416292791393527 0.9979805436318321 0
2441 -0.7553398050708237 1.799671442429112 0
2442 1.584227178749998 2.42082486995649 0
2443 1.918772466612067 0.2733319240113001 0
2444 -0.2210891537691803 2.147538817888854 0
2445 -0.1192579826507495 2.166526795647139 0
2446 1.482591833012437 3.00239394476102 0
2447 1.449176663901074 2.922206607583841 0
2448 1.369751207880573 2.90455422377167 0
2449 1.427868257225644 2.845770322816529 0
2450 1.350222779055257 2.830208028200615 0
2451 1.504687829121046 2.857296458638515 0
2452 1.474786635893706 2.791614828601598 0
2453 2.013220484431778 0.4905615000194943 0
2454 -2.230302958557829 3.315153831302023 0
2455 1.944901048770549 1.591434334450736 0
2456 -2.281864118918232 2.073930688287205 0
2457 -1.029733350589463 0.1745837023957109 0
2458 -1.564106630924746 2.884296283465086 0
2459 -1.582528567591009 2.806206309544808 0
2460 1.969986786656637 1.861938928357686 0
2461 0.3264525727365271 1.919325548653169 0
2462 0.3645117064671425 1.988289919752365 0
2463 0.2771607039928596 1.978507574646148 0
2464 0.3284917573510435 2.051313631051187 0
2465 1.696858338345391 0.7543877569148043 0
2466 -1.617946662422525 2.486236425360755 0
2467 -1.663881352253814 2.469696653092976 0
2468 -1.668842671697555 2.420087967787322 0
2469 0.5886121639192931 1.466939441001756 0
2470 -1.405396306881939 1.339493963637098 0
2471 -1.379056069204585 1.311885014791668 0
2472 -0.2522540476111516 2.041091239223978 0
2473 1.428093007682058 2.166256517345463 0
2474 1.466122419771321 2.166617536131507 0
2475 1.484528745893304 2.201918207045827 0
2476 1.293037616349038 2.883147259995696 0
2477 1.276489787520189 2.809465628981088 0
2478 1.210236233744201 1.004877146155059 0
2479 1.221858701445686 1.066391231008222 0
2480 1.279071840107915 1.079643436237532 0
2481 1.243537209329574 1.109559163685839 0
2482 2.073268751468001 0.9894735674796861 0
2483 -0.3224625131998355 2.118594418955297 0
2484 2.489813796284356 3.338780752346891 0
2485 -0.8882092607476789 3.272206471744412 0
2486 1.867067574067311 2.293919088338554 0
2487 -2.320794350569384 1.549463660201394 0
2488 -2.291427594378764 1.59479234422986 0
2489 -1.741080148360131 2.42544622880468 0
2490 0.7741564339446905 2.330697512684333 0
2491 1.948891393472313 2.139280629436234 0
2492 1.617910119373746 1.325343888903116 0
2493 2.480528929349505 2.295563602402353 0
2494 2.434783139024356 2.350384572790231 0
2495 2.514707390575226 2.356766141798315 0
2496 -1.954467362554891 1.631723683968159 0
2497 -1.99089680021272 1.620550934640773 0
2498 -1.922451144237631 1.610789589815246 0
2499 1.894341360439753 1.786669605975028 0
2500 -2.142418094557707 2.128985244914515 0
2501 -2.17901838732651 2.164859207199617 0
2502 2.132609105276052 0.9509716094006695 0
2503 2.062906276628124 0.9181937475464701 0
2504 0.6505371871254728 0.9062216152661411 0
2505 -1.038669320225952 1.177006733990639 0
2506 -1.055999392475821 1.127281349136694 0
2507 -1.023545200557247 1.087087558010887 0
2508 -1.088471688947009 1.164945051242876 0
2509 -1.108986924241431 1.120374736476625 0
2510 0.7999642564150171 2.183840574899952 0
2511 -0.8170323570471372 2.861448776162797 0
2512 -1.556375795882032 3.322380576155988 0
2513 -1.644429376300886 3.281110185739823 0
2514 -1.451159360998406 3.332637787044674 0
2515 -1.772035927840007 1.485612531225922 0
2516 1.258740304737139 2.047254136420043 0
2517 1.255931806083123 2.087416698425204 0
2518 1.223314949504715 2.066974069267073 0
2519 1.285016499649865 2.11090173567429 0
2520 1.22081616108092 2.105079847352354 0
2521 1.189007794129076 2.083602230809113 0
2522 1.189542946832444 2.122241398188415 0
2523 1.226290788067008 2.144749910440151 0
2524 1.151981163707826 2.106825190273821 0
2525 1.155956003198084 2.063189871183975 0
2526 1.12037347119753 2.079937712647915 0
2527 1.123113072738127 2.04176047401989 0
2528 1.088493976565329 2.05903124809522 0
2529 1.090552076646184 2.020457864882959 0
2530 1.055560435837362 2.038048431604209 0
2531 1.057871474137284 1.999109436684911 0
2532 1.092747016073051 1.981591633107009 0
2533 1.060130954352658 1.960152445987406 0
2534 1.025265718179473 1.977673233164318 0
2535 1.027498732932882 1.938555924061034 0
2536 0.992342545229298 1.956356405313945 0
2537 0.9953734887969615 1.916926764949129 0
2538 1.029977891855317 1.899433495990962 0
2539 0.9982130998883135 1.877666976531986 0
2540 1.032679545498945 1.860459515279428 0
2541 1.000371886482184 1.838619834319908 0
2542 1.035020152514026 1.82202076501597 0
2543 1.002640242805929 1.800168660544284 0
2544 0.9676027115850855 1.817000136727489 0
2545 0.9704870683222825 1.77774635352427 0
2546 1.006100805169336 1.762340189618383 0
2547 0.9735904226500036 1.738828511390513 0
2548 1.009514731982576 1.723114708841404 0
2549 0.9343143357847455 1.794524582115498 0
2550 0.9766450251994687 1.699689764802956 0
2551 1.011940962173221 1.682978168215268 0
2552 0.9379587043124815 1.715839267408406 0
2553 1.044797084626573 1.706205934453612 0
2554 1.04622430675952 1.667519675990688 0
2555 1.014730246300318 1.644132487511797 0
2556 1.055893000401841 1.629228103405806 0
2557 1.094983837059522 1.942652539106571 0
2558 0.9623122610309501 1.932885957514833 0
2559 1.067603353558574 1.843379601964095 0
2560 1.05220591423799 2.079255094954491 0
2561 1.081602685888578 1.688650882273211 0
2562 1.129246615170085 1.965808532875331 0
2563 1.017860559963687 1.604926952551831 0
2564 1.053044682182361 1.588102023364286 0
2565 1.070358776087772 1.804476790162326 0
2566 1.019692068692193 2.056382267475036 0
2567 0.9804305639145323 1.621267305174145 0
2568 0.9352215644644337 1.829276454476142 0
2569 0.893829433763624 1.810778491450932 0
2570 0.9025837312107483 1.770069599676615 0
2571 1.022046912170006 1.567653589705971 0
2572 1.056394194455513 1.549425552667654 0
2573 1.087435141817351 1.570809446752568 0
2574 1.091172470640722 1.532350740815446 0
2575 1.129101443744629 1.553842721848562 0
2576 1.126434146064931 1.515569364157796 0
2577 1.09425834640763 1.493504235181628 0
2578 1.129453231218803 1.476685354677794 0
2579 1.016303721338162 2.092327460197827 0
2580 1.102671654222575 1.826314445404933 0
2581 1.158015245970526 2.024309251252846 0
2582 0.9440822048282864 1.678636747312412 0
2583 0.9068866475037067 1.694062743331085 0
2584 1.129837676494408 1.925168133208316 0
2585 1.098193746208471 1.902663202643345 0
2586 0.9764183429549872 2.073907343063577 0
2587 0.956529793504778 1.975629420648393 0
2588 1.098794125257296 1.456392308297113 0
2589 1.133412104428739 1.438150768389709 0
2590 1.163517551177104 1.45982000393338 0
2591 1.167629659624235 1.421029730712503 0
2592 1.202675457472232 1.447346141861686 0
2593 1.202540410557055 1.404309913243714 0
2594 1.171271905238962 1.383481108768343 0
2595 1.205913670872456 1.365527952864711 0
2596 1.240036146951852 1.390467099847667 0
2597 1.24139266263412 1.349012004970296 0
2598 1.274727556645345 1.369484093224806 0
2599 1.276543804300261 1.331545559539616 0
2600 1.308701181668105 1.353496510381145 0
2601 1.311520673505359 1.314753268482758 0
2602 1.343386130383839 1.3367961526809 0
2603 1.346602537945172 1.297971388025725 0
2604 1.378765410391231 1.320029258186249 0
2605 1.381786650080594 1.281146458509021 0
2606 1.414051852092094 1.303055120575709 0
2607 1.41572506528539 1.265861350935237 0
2608 1.244071441228271 1.309563376898605 0
2609 1.338669002273062 1.374799435028189 0
2610 1.169774610046732 1.341945111588648 0
2611 1.314439665499114 1.275913517865201 0
2612 1.456109118507134 1.287679538145011 0
2613 1.445792218216857 1.328368529338379 0
2614 1.081483384740882 1.728249941802136 0
2615 -1.237057002087515 2.03052949499408 0
2616 -1.199112228497101 2.038235345646373 0
2617 -1.172973655925686 2.00796670487647 0
2618 -1.160244713822437 2.045385593391197 0
2619 -1.134680875898566 2.01582793036346 0
2620 -1.185245754851205 2.074806282608126 0
2621 -1.147297384840226 2.082328193651164 0
2622 -1.267566880622717 2.063394064528765 0
2623 -1.147988180695825 1.976342137249359 0
2624 -1.109992221755945 1.985323758463633 0
2625 -1.097720894207409 2.02197973615612 0
2626 -1.071657418970258 1.99296238828964 0
2627 -1.08470420179523 1.955966789483174 0
2628 -1.046158536088759 1.963509522873187 0
2629 -1.058547434030847 1.927089690255607 0
2630 -1.096043216747069 1.920017429548042 0
2631 -1.070898371390365 1.89062384068373 0
2632 -1.032806677366044 1.897789643436976 0
2633 -1.045607266679907 1.861005558637508 0
2634 -1.007326598040709 1.868281728392242 0
2635 -1.020167377432569 1.831459908624818 0
2636 -1.058479719455622 1.824173560559212 0
2637 -1.033019016270336 1.794634599150762 0
2638 -1.072019891439721 1.785167002510666 0
2639 -1.045694510723893 1.757348005519262 0
2640 -1.008334362404313 1.765060110257102 0
2641 -1.020939637844953 1.728100743178121 0
2642 -0.9828642218953141 1.839097212250826 0
2643 -1.057325636097231 1.720376401046465 0
2644 -1.033342031484877 1.691402958803606 0
2645 -1.070180681369369 1.683648662541264 0
2646 -1.045877384519722 1.654533174857927 0
2647 -1.085455664381728 1.647524612131544 0
2648 -1.059076579937482 1.617818492718201 0
2649 -1.096799301109252 1.816884886022319 0
2650 -1.007652068718748 1.660522560594754 0
2651 -0.9689933736181816 1.87558559202377 0
2652 -1.110010177767377 1.676471934480604 0
2653 -1.099787377413281 1.61121330055918 0
2654 -1.072229204088927 1.581098450685692 0
2655 -1.033469777005621 1.588266489175507 0
2656 -1.113507809076779 1.574807116048344 0
2657 -1.085272186134643 1.544361703181309 0
2658 -1.124776880179468 1.537455659110365 0
2659 -1.097901451552477 1.507533596180731 0
2660 -1.136048461777768 1.500136426804054 0
2661 -1.112529800658224 1.471352545125324 0
2662 -1.148929256305002 1.463337336496608 0
2663 -1.125665680190408 1.434571174997379 0
2664 -1.161946470377011 1.426565686628684 0
2665 -1.06227412739831 1.512922125814085 0
2666 -1.13679516785206 1.398547696332654 0
2667 -1.174727387710845 1.390895383464397 0
2668 -1.199938593418203 1.419360102206622 0
2669 -1.212923609512095 1.383561307999617 0
2670 -1.239454773548562 1.411984568385248 0
2671 -1.250888142467105 1.375122991145836 0
2672 -1.221165841983151 1.343343267677076 0
2673 -1.263143525322473 1.338237316583077 0
2674 -1.101637658743318 1.414948603284662 0
2675 -1.288507863060762 1.366042622422327 0
2676 -1.302113266579053 1.330891907078114 0
2677 -1.32758030444109 1.360428832824264 0
2678 -1.161255727051095 1.529583007930992 0
2679 -1.147812733251501 1.360683456734269 0
2680 -1.225261392257649 1.448649239814922 0
2681 -1.166970634147002 2.11811939280904 0
2682 -1.67062180810193 1.409628224139212 0
2683 -1.350640549658058 2.102226370105488 0
2684 1.221818697275171 1.484850771904124 0
2685 1.248851281895532 1.455426325614558 0
2686 1.168633659131327 1.948410294418057 0
2687 -1.114328845656372 1.775895816386868 0
2688 -1.846439224520238 1.590512100558148 0
2689 -1.800043187072013 1.983829682070682 0
2690 -1.673438541018586 2.090663265462375 0
2691 -1.706003030017084 2.110409751876077 0
2692 -1.674725419239764 2.12995966176303 0
2693 -1.741525955506454 2.092628534554814 0
2694 1.119229128883349 1.666273201910303 0
2695 1.099258887275682 1.634279789445196 0
2696 1.724110588222138 1.436519006590365 0
2697 1.756061141175144 1.466838665471372 0
2698 -1.553583264819804 2.129324517703981 0
2699 -1.579413218803889 2.159312065450998 0
2700 -1.616914129466091 2.150216182417906 0
2701 -1.54050498942281 2.164651469910033 0
2702 -1.573246011395921 2.195031973408919 0
2703 1.837046330630149 1.564949707331831 0
2704 1.172297967206404 1.552986055802539 0
2705 -1.468872382868571 2.138310955932409 0
2706 1.222694225102722 2.019683672285188 0
2707 1.576662247677408 1.373153094147899 0
2708 -1.145569192772905 1.891229643843988 0
2709 1.573152121019933 2.125980141207637 0
2710 -1.874810321862465 1.668442203582051 0
2711 1.489114193490749 1.370157776031768 0
2712 -1.846251627789168 1.917368701884211 0
2713 1.850236799261866 1.89166020881898 0
2714 1.368836452239864 2.111831272274295 0
2715 1.371572037841327 2.15259198210925 0
2716 1.34064016254975 2.139091806622242 0
2717 1.690405369833151 2.077600815659868 0
2718 1.725947269834925 2.098131801758091 0
2719 1.652494845182999 1.402403250879583 0
2720 1.682329339224821 1.377345583541615 0
2721 1.811412898597505 1.530573704558112 0
2722 -1.800184223063399 1.51758820720275 0
2723 -1.837447702425929 1.516507765974187 0
2724 -1.71069664167311 1.427827736961065 0
2725 -1.739028913967557 2.048832637020615 0
2726 -1.636310071602864 2.113934728280956 0
2727 0.1011350774760159 1.579775124079146 0
2728 -0.4146466535779515 3.383721091936131 0
2729 -0.7889180510762178 2.163129899582727 0
2730 -0.7888257449935523 2.221255706799821 0
2731 -0.7385145886191613 2.123344361575178 0
2732 0.9010802668698648 1.045642304419616 0
2733 0.9379623559505353 0.9927013037239167 0
2734 -1.127698703281888 2.117154458227068 0
2735 1.503988951069928 2.169054228988998 0
2736 1.522137878689731 2.203574039912434 0
2737 -2.231142970910784 2.939465481179201 0
2738 -0.7938158372475035 1.636359881386734 0
2739 1.062951886421045 1.471967387054554 0
2740 -0.7696492491020661 1.745409123871086 0
2741 2.375728370166012 1.554173408419641 0
2742 0.1824416844981827 1.959939233239866 0
2743 -2.178367176649143 1.318184275798513 0
2744 -0.8437875677460858 0.7182151064487639 0
2745 -0.8304718276166023 0.788113859547104 0
2746 -1.06298790265265 2.032176412423364 0
2747 1.44702024896081 2.570057760340948 0
2748 -1.268632664013207 1.442319519357186 0
2749 -1.389818743532641 1.040135885407552 0
2750 -1.33784690295777 1.043741077010102 0
2751 -1.30345768628192 0.9959537517777506 0
2752 -1.282264256238468 1.049567635792938 0
2753 -1.227151560558359 1.056935492988623 0
2754 -1.265245466675372 1.104438100354883 0
2755 -1.210945321184949 1.110099554478924 0
2756 -1.176367778967332 1.068108802901026 0
2757 -1.415982011688939 0.9954428651751905 0
2758 -1.269933135090938 2.102002382218922 0
2759 -2.167766759699593 1.105466546521544 0
2760 0.7067078496549919 1.593845345630925 0
2761 1.949222742845709 1.389729191860845 0
2762 -0.5260413738852328 2.501919349485409 0
2763 -0.5535801661630413 2.419056984445993 0
2764 -0.5991822993441243 2.486211689134353 0
2765 -0.4920873169977787 2.354878095115061 0
2766 -2.647872981163793 3.350849155679779 0
2767 -2.487435319387046 3.340133937737031 0
2768 -2.384864043007006 3.341060755187132 0
2769 -1.273640972183879 1.302517359041461 0
2770 1.446720638848599 1.369349510194231 0
2771 -1.887750746303896 1.750703418629511 0
2772 -2.44764443346455 2.019128128000499 0
2773 -2.502888569353519 2.073449385150202 0
2774 -2.006047152861439 1.468818378482711 0
2775 0.8778713028664114 0.4959647537798713 0
2776 -0.8750174521943911 1.369713453502128 0
2777 -2.20401684929333 2.561945834987203 0
2778 1.006131779640301 1.010819482257396 0
2779 1.117459416980749 1.709380867210472 0
2780 0.4897713018262572 2.618102496381781 0
2781 -1.865079439886396 1.951782091129717 0
2782 -1.884255839340102 1.920488483289054 0
2783 -0.353707183917115 0.2889480952219272 0
2784 -0.3973839633247541 0.1958891542466787 0
2785 -2.385271538856211 1.560539909378206 0
2786 1.882624453918267 1.685081317801709 0
2787 1.915473454657773 1.70808676137325 0
2788 0.3821436015194827 1.155148284910761 0
2789 0.387654221139633 1.063009815139218 0
2790 -1.418908748882597 2.234923307283696 0
2791 2.213770454379745 1.151829277855595 0
2792 -0.4934471640962051 1.687874839499806 0
2793 -0.5637471754557463 1.673472697757275 0
2794 -0.5895795129020955 1.614748766185646 0
2795 -0.5545646097396696 1.548885921104237 0
2796 -0.5420186526042499 1.745247146429266 0
2797 -1.011862778988742 1.491365440437245 0
2798 1.114339219291974 2.926451670723131 0
2799 1.085057191764151 2.844332856564958 0
2800 1.166733048276039 2.860390459052285 0
2801 1.132274656745298 2.783126033229305 0
2802 1.056696586092199 2.769358681559999 0
2803 1.101169491185824 2.718949759560632 0
2804 -1.89571488864281 1.315260881796037 0
2805 1.253395796208439 2.538779749768239 0
2806 1.100665564096518 1.377267268201988 0
2807 1.329805059308451 2.098300344797847 0
2808 -1.865940074422315 1.879717720104853 0
2809 -0.3827858971327094 0.454500868600356 0
2810 -0.8537005819616487 2.332345939296165 0
2811 -0.8734457715553464 2.275984205186387 0
2812 -0.8568876436426331 1.08921208119124 0
2813 -1.424689941672767 2.196055156234793 0
2814 1.562466764719386 2.164058557160035 0
2815 2.000392059547759 1.495902023111702 0
2816 -0.4554559952437652 1.841729715439319 0
2817 -0.5931990598346485 1.400594050112924 0
2818 -0.6638230980752192 1.386405458645534 0
2819 1.170691949417779 2.216084759332897 0
2820 0.2362421160026687 0.1440191584957811 0
2821 -0.7483047237320943 1.859433096178233 0
2822 -1.732811129343391 2.923646819598716 0
2823 -1.758923465396222 2.842640109229526 0
2824 -1.834214467929695 2.818192524744866 0
2825 -1.781145463327096 2.767389787356608 0
2826 -1.699760598624846 2.780956464518325 0
2827 -1.848016593341301 2.745921195135397 0
2828 0.5230355600452019 0.9682507847662558 0
2829 -0.8461534034504712 3.127564169934142 0
2830 1.60911399588051 1.289483730968986 0
2831 1.258861699595222 2.222372284397003 0
2832 1.283019879478762 2.190244770336788 0
2833 1.244639328803301 2.18351518354479 0
2834 1.272342533770476 2.149067535653147 0
2835 1.324236790616483 2.194920703070511 0
2836 1.153754461670145 1.586602790272627 0
2837 0.6832852658187138 2.063584889123114 0
2838 0.7172500960389308 2.014669028514591 0
2839 0.7025475212181997 1.957204474479734 0
2840 0.6355713161940795 1.933870058063211 0
2841 0.5942311931438756 1.873421331878215 0
2842 0.6642186600316266 1.864625255689594 0
2843 0.3955866923426257 1.66101393093315 0
2844 0.4593877765055159 1.599918203484127 0
2845 -2.324853296182108 1.445193812188173 0
2846 -2.219277968885337 1.878909744227738 0
2847 -2.167112112323327 1.88342757201184 0
2848 -2.19077784318942 1.834236450793147 0
2849 -2.141454433094711 1.83748135625782 0
2850 -2.114207596410296 1.79498344027542 0
2851 -2.130779101443799 1.745225155277632 0
2852 -2.086936903890487 1.763070049845027 0
2853 -2.078826932001582 1.797313866268651 0
2854 -0.8412939536609505 1.474121709596981 0
2855 -0.8210038480893731 1.526919127837714 0
2856 -1.805971235352371 1.200198646807199 0
2857 -1.757252869854431 1.20425723579253 0
2858 -1.729419084823728 1.167404574067967 0
2859 -1.837550485353979 1.239791851992673 0
2860 1.837122911513762 2.465557267297565 0
2861 1.877027617774892 2.420864271451205 0
2862 0.2937016443505788 1.810170763078044 0
2863 -1.617914062390006 1.039298776433249 0
2864 -1.647942665338505 1.088588033745623 0
2865 -1.70245076953434 1.077061070386484 0
2866 -1.687632451003214 1.118799157767114 0
2867 -0.642840117801832 1.265900203208226 0
2868 1.895295570900821 1.280463515157836 0
2869 1.059919738802099 2.498585983880077 0
2870 1.125890887261425 2.506563150980315 0
2871 1.038180906407479 2.44786109433741 0
2872 0.3898646687999037 2.598418308253443 0
2873 1.184670064347161 2.179604430729915 0
2874 -1.990003133268653 1.113878144810721 0
2875 -2.028414018460506 1.162456393108451 0
2876 0.8018837454188986 1.446615974524397 0
2877 0.8572854803337321 1.445074084877428 0
2878 -1.508812971076617 1.187312656526243 0
2879 -1.058179730702699 0.7530956233646 0
2880 -1.139806825602772 0.7345041713471372 0
2881 -1.707195119620715 2.151504900362292 0
2882 -1.676510703039807 2.169939088294764 0
2883 -0.621425549750705 1.521623047480027 0
2884 -1.935275634936638 2.244332066725069 0
2885 0.9866457796075383 1.519183573270008 0
2886 -1.322030609309166 3.197396261003605 0
2887 -1.46817616554567 1.369357903811902 0
2888 -1.481592948400796 1.333853727328708 0
2889 0.7550639379617504 1.973032545559964 0
2890 1.536096995973571 0.9818701714493983 0
2891 1.594252123460242 0.9972432111401774 0
2892 1.610399470479263 1.05945585265363 0
2893 1.556507989033894 1.035721072329277 0
2894 1.568317398978536 1.087513293972173 0
2895 1.66664998605578 1.068283537880558 0
2896 -1.356894363820396 2.872244061973204 0
2897 -1.275380403481528 2.870977035875546 0
2898 -1.2982637079348 2.274265742821838 0
2899 -0.7789232891129672 1.910058832004313 0
2900 -0.7042026106110371 1.113200884634965 0
2901 -0.7515061283680904 1.162500802848671 0
2902 -0.9451676871162636 1.746132258370305 0
2903 1.573239706080331 2.597472190575438 0
2904 -1.263346046665843 2.610693177730112 0
2905 -1.363754841846834 1.244737840637281 0
2906 -0.7303093952568348 1.23096276671774 0
2907 2.199770366155903 0.9828933042475384 0
2908 -2.203775132232261 1.549599902592421 0
2909 1.629455424015959 1.224350749185489 0
2910 -2.168448067163619 1.980743006383474 0
2911 1.564641093460148 0.7814046928828666 0
2912 0.8998086626956137 1.942470527415724 0
2913 1.779887671528419 1.147800920305487 0
2914 1.739343133136446 1.178392482225387 0
2915 -0.3728458294739027 2.19875481379085 0
2916 -0.4591893674989367 2.192177320830305 0
2917 -1.593649620823505 1.088664250801801 0
2918 0.3624774405057595 2.262367344313548 0
2919 0.4228780974972417 2.206622324926141 0
2920 0.3526018444946034 2.190153273049401 0
2921 0.4084669643882529 2.118487078805326 0
2922 0.2728007739830345 2.229009156863252 0
2923 0.9293198922412564 2.470477711305128 0
2924 0.8649720852081695 2.456354453467871 0
2925 -1.03765566147383 1.407696235695253 0
2926 -1.063595045601343 1.438251065026495 0
2927 -1.051107922901902 1.362159664177254 0
2928 -2.092435171874332 1.264607873680092 0
2929 1.350893613330542 0.9305143843728452 0
2930 1.745311192321437 2.559934936849844 0
2931 1.708602278424366 2.613305229912361 0
2932 0.6301493875695776 1.292171904177646 0
2933 0.5796132568443328 1.348982091335197 0
2934 0.734614768574359 1.538171394603236 0
2935 0.7845798176770225 1.539012882999845 0
2936 0.7255957699136337 1.653221566135525 0
2937 0.6891767613810994 1.700951391282176 0
2938 -1.68189364374135 2.856893121532938 0
2939 -2.214241760288305 2.299744855652063 0
2940 -2.167831895963989 2.265704016386336 0
2941 -1.222732342325865 2.06697445802816 0
2942 1.400531784864759 0.5377471548777142 0
2943 1.423521089692918 0.6197313526806094 0
2944 -1.346197949453532 1.396156688800925 0
2945 -1.193995756109647 1.283907757341069 0
2946 -1.179075402796412 1.325394893576007 0
2947 1.655982383072897 2.269953757634411 0
2948 1.96992883533287 3.310353257589348 0
2949 2.033444181649623 3.23638011135413 0
2950 2.061886900758774 3.328852783396654 0
2951 -0.9467895887855499 2.439719616888886 0
2952 2.748015786988094 3.103340925932199 0
2953 1.435592919944836 1.208842415150016 0
2954 0.9413537004996161 1.595207407299742 0
2955 1.130500522327756 2.13910829196594 0
2956 -1.242756533769849 1.147218831145782 0
2957 -2.072181584098109 2.404978999829287 0
2958 0.6194797670657235 2.320566387327898 0
2959 0.5305475212813971 2.305122055418234 0
2960 -1.10735547608615 2.08307794495624 0
2961 1.759574878244941 2.073371388217075 0
2962 -0.9253099043425813 1.828981896373957 0
2963 -1.775753347322773 0.7562168354546555 0
2964 -0.3159545868758682 0.3807610160684263 0
2965 2.671988166226729 3.355294345615746 0
2966 2.082723719979619 1.625453411888487 0
2967 2.102709697049633 1.664116891707439 0
2968 0.8647126849708917 1.852004837215126 0
2969 0.8417494188778997 1.802735626718572 0
2970 -1.331943738030947 2.595356532135598 0
2971 0.8666098804053437 1.345615389337477 0
2972 -0.99167540243354 1.579972586735736 0
2973 1.887688275782792 2.212365629507938 0
2974 1.570366070917 2.26983996754454 0
2975 1.529086956226593 2.269140117404435 0
2976 1.550901414110643 2.229516052745289 0
2977 -1.907614388066805 2.864816955806565 0
2978 -1.736898325588597 1.115975066939814 0
2979 -2.038735271724992 1.581623424214306 0
2980 -0.9687951986164924 1.244460549122085 0
2981 -1.991184727773805 0.4517187814399424 0
2982 0.899486397696082 1.295853209541745 0
2983 -1.161038154732827 1.117789423233326 0
2984 2.111771329307445 2.545472637515731 0
2985 2.044869637408309 2.528825341524784 0
2986 2.164133260530872 2.489898530830192 0
2987 -1.146591449535603 2.576215108753329 0
2988 -1.594460267530843 2.23523103546429 0
2989 1.449064471214518 2.131194064029222 0
2990 -0.5405893882731152 1.963549528364116 0
2991 2.039442597013617 2.153313963143438 0
2992 -1.276613569045626 3.026389026661182 0
2993 -0.5186367928834588 1.813986469338315 0
2994 1.510551540498025 0.6523760495942774 0
2995 1.442047790692917 0.6871268281879295 0
2996 -0.6763032773754492 2.134168581207104 0
2997 -0.6443525593789753 2.083583970965496 0
2998 1.751966820010013 0.7027853061997753 0
2999 1.71872660330096 0.8313757890418796 0
3000 -1.340422772506557 1.322310845034459 0
3001 1.74248634350885 2.197092204258705 0
3002 -1.525323245728587 2.234560844684387 0
3003 -1.453274260796531 2.565609970542812 0
3004 -1.414631190336508 2.525838160964467 0
3005 -1.460888842084068 2.508999012890248 0
3006 -1.35182625233197 2.528828311332668 0
3007 -1.509477331168608 2.541575973503786 0
3008 -1.534018202753026 2.490388947262201 0
3009 2.32945797613496 2.715972303099057 0
3010 -2.120813793066159 2.06922045773889 0
3011 -1.628814744242401 0.7794962771347644 0
3012 -0.8216057515433403 1.150689530025674 0
3013 -1.195687921637526 2.187388817766297 0
3014 -0.05149504103120109 2.089605212209301 0
3015 -2.059824658009845 0.5237818774986089 0
3016 -1.671168352219103 0.8377711667892378 0
3017 -1.133222094108452 2.409968108501827 0
3018 -1.147040737167358 2.35192815536685 0
3019 1.792987903022822 0.8469115128776423 0
3020 1.747488809245134 0.8976642138698414 0
3021 -1.171784402930639 2.446015965843316 0
3022 1.149439156555774 1.303940618487102 0
3023 1.293150672017685 1.120601039034744 0
3024 1.862212461405115 1.306920531155511 0
3025 -2.235482550278995 2.171021421184835 0
3026 -1.964465426270938 2.148646846064698 0
3027 -1.979229231439263 2.104528969851484 0
3028 2.012125145942786 2.655027880750903 0
3029 -0.6661921325778573 0.668580575852725 0
3030 -0.7155528733567849 0.7429763509235416 0
3031 -0.68514945028358 0.8319048615794262 0
3032 -0.5892639656162589 0.8446498713861561 0
3033 0.229900654312565 1.184726749080984 0
3034 -2.126377966534449 3.329150716997435 0
3035 -2.062968112320732 3.255027164708866 0
3036 -2.421006363492582 1.687752313486228 0
3037 -2.360682260076992 1.670264816862483 0
3038 2.125359986307903 0.7082638174238935 0
3039 -2.12650515690143 0.7041816405982257 0
3040 -0.493030661333013 0.1769249774532655 0
3041 0.8062023307568629 2.075918040202765 0
3042 2.112293019933116 2.836952303970176 0
3043 1.992336229734259 3.147204119907638 0
3044 -2.153745736172844 0.7890534948231758 0
3045 -2.097578864660151 0.8520418127098894 0
3046 -2.123423650539502 0.9264457335895382 0
3047 -2.202245269422075 0.9448872373177792 0
3048 -2.030076576180588 0.8134467242979853 0
3049 1.149304525401277 0.5489603513288446 0
3050 0.2200201912994694 1.443029266460991 0
3051 -0.5841576487303257 2.570683893840974 0
3052 0.856469235153604 1.710119595634992 0
3053 -1.211584222677715 2.561864487701075 0
3054 1.185055848664837 0.9464555964058705 0
3055 -2.226392560201012 1.015773621959549 0
3056 1.731336325669735 3.34092298689321 0
3057 0.6829203577025614 1.807087619743561 0
3058 2.100195496670975 1.732058590771721 0
3059 -0.3454030730389259 0.5452662292423842 0
3060 -2.374644533405198 1.732141574229024 0
3061 -2.389362724137738 1.795135190158525 0
3062 -2.455688706535312 1.820254272779136 0
3063 -2.475101533964208 1.891839068778028 0
3064 -2.428089446367425 1.943100092779167 0
3065 -2.398893441759231 1.86562843926154 0
3066 2.070098493640732 1.840695106982873 0
3067 2.088032782292481 1.88226765099722 0
3068 0.726334594895818 1.180866697013531 0
3069 1.914863438238404 1.750580715231713 0
3070 1.65714260822563 2.923755959099065 0
3071 1.578704549246063 2.896987437021768 0
3072 1.631770277981142 2.841721550003051 0
3073 1.719048849119323 2.865064217731309 0
3074 2.015358200876015 1.038801065602879 0
3075 1.533362233268903 2.419147833230495 0
3076 2.556003519545079 2.194495994781949 0
3077 2.30305199168292 2.874475099881497 0
3078 -1.822106521363948 1.281161907684349 0
3079 2.150029895437171 0.7873341563192446 0
3080 2.073255190803975 0.7659210657734115 0
3081 2.092354306581754 0.8436354987839116 0
3082 2.045675712517844 0.6903864056066911 0
3083 2.011426416947466 0.6066449874310158 0
3084 1.513393446645125 3.087077044096132 0
3085 -0.4680595099523023 2.684403682236398 0
3086 -0.2480377589177576 0.5651939041393497 0
3087 -0.15423489763634 1.361099155286036 0
3088 -0.2475807571090745 1.346111343008744 0
3089 -0.3077773164962797 1.41601549664115 0
3090 -0.3375013945886413 1.321714609406022 0
3091 -0.279319035756844 1.255268217808649 0
3092 -2.138423345882698 1.930707902125113 0
3093 -2.572513574968781 2.277011644119002 0
3094 -2.515859004576042 2.343092643477684 0
3095 -2.535833373553965 2.423785215436494 0
3096 -2.47888255587283 2.266730029903044 0
3097 1.841725481705701 1.214314584643938 0
3098 -0.9556327305386081 2.342607929692385 0
3099 1.91552589879118 1.418325436003151 0
3100 1.87677823444026 1.409664196164559 0
3101 2.175275084894399 1.602572899628429 0
3102 2.401296891644859 1.622368691097284 0
3103 -1.428228986659038 1.373899770751064 0
3104 -1.130618153097345 1.641768378007402 0
3105 -0.891390363881405 1.314752227332259 0
3106 1.384353051059739 1.244818947995922 0
3107 -1.598012453331909 1.377776153622277 0
3108 -1.629360269350182 1.35279043757322 0
3109 -1.670147363859757 1.367667286058136 0
3110 -1.658263689112163 1.328355198963124 0
3111 1.572787649009189 0.5820726265102982 0
3112 -1.232712333605965 2.215659701421313 0
3113 1.507439954835811 1.334775197898601 0
3114 -0.9509196814291472 1.913547027134383 0
3115 -1.880497613522796 1.356000444248311 0
3116 2.269538448846553 1.191169680365118 0
3117 -1.745506153952687 2.168748844028106 0
3118 2.599816437504755 2.365343894811911 0
3119 -2.119098865014918 1.312867483089921 0
3120 2.83844398340809 3.29296625014896 0
3121 -1.16117924334345 0.51272586317302 0
3122 -1.242587668099995 0.5095693844231739 0
3123 -1.55210505431531 2.968223423893359 0
3124 1.079350318343666 1.767081283695775 0
3125 1.042895178056134 1.745414609340688 0
3126 -1.159763987665655 1.57000975378874 0
3127 -2.449737970237443 2.411490160648132 0
3128 -2.484894418614464 2.490991185305186 0
3129 -2.515697751440265 2.560944006582636 0
3130 0.6408097025779843 2.260768774083227 0
3131 1.443657405810653 2.268275106624311 0
3132 0.9895614411350515 1.251061117429174 0
3133 2.125179275890584 1.601071168222255 0
3134 -2.086151150464088 1.349877286276226 0
3135 -1.405620435725655 0.6268765579211215 0
3136 0.9653637872983223 0.5134489604257164 0
3137 0.8040552053264612 0.5602790811059939 0
3138 0.4323462658152697 0.1910844494377137 0
3139 0.501090127492179 0.1402654933098533 0
3140 0.5241651418191999 0.2160731847415687 0
3141 1.856146330224434 1.991361535295845 0
3142 -1.13446667414341 0.1722655021058541 0
3143 -1.190795518647611 0.2523077014849671 0
3144 1.975474422543214 2.105352807828912 0
3145 1.925208193867181 1.99436751999385 0
3146 2.255579944795564 1.952796534342555 0
3147 1.117041336610913 1.788725895155689 0
3148 2.272235644035585 1.759321982714217 0
3149 -1.491012930709715 0.9583061849977564 0
3150 -0.6082098784455519 1.951858621112901 0
3151 0.5206324799897883 0.7206162498679616 0
3152 1.51578566873676 1.228576963322908 0
3153 2.161067988607843 3.188894142510271 0
3154 0.3208881489943565 0.9342976677655543 0
3155 -1.351807719419547 1.283157975252267 0
3156 1.006650706246019 2.24769216601171 0
3157 -1.048048686853325 1.034045346731568 0
3158 0.03073997041405872 1.65281613727375 0
3159 2.63723856931843 2.550645785177588 0
3160 -0.1858702945483051 1.270387452784859 0
3161 -0.314014525246636 1.170027407873527 0
3162 -0.2581381216808842 1.092359289708902 0
3163 -0.3607946478074788 1.077753856963705 0
3164 -0.2884399686254279 0.993198950632509 0
3165 2.083532526016984 2.09765277670628 0
3166 -1.875438875105945 2.41830797701434 0
3167 0.9304306335566013 1.899736121666273 0
3168 -0.9910656308126151 2.493045379668006 0
3169 1.34343686067621 2.228943411080863 0
3170 -1.308960956201943 2.233596676873801 0
3171 1.189031368364717 2.044980460556074 0
3172 0.7726908760566183 2.232878346455283 0
3173 2.271967459567918 2.786286806577422 0
3174 2.143193288623221 2.256668835064184 0
3175 2.202938898413273 2.264074560966519 0
3176 -0.8019617312902926 2.105489464364263 0
3177 1.592803646740909 2.234742824967932 0
3178 -0.05849870188273081 1.627470149433953 0
3179 -0.1185364803635439 1.699073499482005 0
3180 1.836476144244728 1.932512703708351 0
3181 -1.252891401308755 3.129838847077313 0
3182 2.287621498144908 2.066591591093576 0
3183 2.320251643807978 2.131821381686917 0
3184 1.634130859058888 2.235671183961587 0
3185 1.7635253577946 2.03176149007108 0
3186 1.30820373191211 2.969028803277759 0
3187 -1.413006825986989 2.274832317911087 0
3188 1.486964293051022 1.257207187750417 0
3189 1.384610214958137 2.562572807391057 0
3190 0.6891263430808552 1.318383404042256 0
3191 1.78070650237645 2.129416797789084 0
3192 1.815183286780014 2.30351354055969 0
3193 -1.185371096303676 1.968158827276991 0
3194 -1.124853102594648 1.946445049847404 0
3195 -1.646013824481172 0.4435346464854042 0
3196 1.922946059766296 2.172416944674134 0
3197 -1.152866188023344 0.3429758921525734 0
3198 -1.246730203839809 0.3342602746840948 0
3199 -1.203324613562704 0.4267782796978259 0
3200 1.977474116711231 1.724048072022944 0
3201 -1.320065223822463 1.097242704502728 0
3202 2.360967279401606 1.711525619080872 0
3203 0.5429194967840267 2.807888435523037 0
3204 -1.232294210144545 0.1627201529127817 0
3205 0.9861900459298532 0.2610482506866794 0
3206 1.057814915872696 0.1758329984657505 0
3207 1.155659035491319 0.2159633579700562 0
3208 1.724274202563329 1.326993383586753 0
3209 2.231200330381636 1.507456233727657 0
3210 -1.110348427539551 0.810274632001917 0
3211 1.731844099294461 0.2203733510917094 0
3212 1.635792419690525 0.1790552072133396 0
3213 -1.997641722395102 1.581988215862524 0
3214 1.488914411578938 2.133262726535306 0
3215 0.9360400691037258 2.891600305863765 0
3216 0.2238020322247684 2.060073130099752 0
3217 -2.085209359540024 3.163899064064783 0
3218 -2.561868535860955 2.767697978027936 0
3219 -2.573975888062021 2.681081070873268 0
3220 -2.646277127206488 2.740299838956713 0
3221 -2.293940997205737 3.013322317782138 0
3222 -2.394136210424545 2.978185689559443 0
3223 -1.840585090888704 1.988566817980703 0
3224 -0.9300075618026802 0.2065321168186129 0
3225 -0.8349844717872421 0.2217439624260531 0
3226 1.867098393078162 2.696169083989396 0
3227 1.946288251804927 2.69889864507376 0
3228 -0.6310200644725775 1.668900120461407 0
3229 -1.952282514587 1.390928153097355 0
3230 1.329025416643939 2.374338936623055 0
3231 -0.04282749738237533 1.826839250409594 0
3232 0.9873688230579846 2.299567860953744 0
3233 -1.907790485031776 1.013370909791655 0
3234 -0.4393865849699756 2.778310821726997 0
3235 -0.2792961467615119 0.7301883916729917 0
3236 -1.570277007325179 1.246032039058198 0
3237 -1.535510633369538 1.251774621299287 0
3238 1.164502873798183 1.045883860044365 0
3239 2.216830398367455 3.115250489106632 0
3240 0.8882881602937746 1.393584000754624 0
3241 -0.05882431038714143 1.377804864867409 0
3242 0.3264495678493167 2.674705123916816 0
3243 0.2943711625238032 2.581719533584643 0
3244 -0.3761407485587314 0.712487939916852 0
3245 2.418776281295543 3.402712067892438 0
3246 -1.67433980219408 2.208728974274202 0
3247 0.1999077914824287 0.8254836478680867 0
3248 2.553971238518619 2.826310981696451 0
3249 2.590482891407714 2.916808173432241 0
3250 2.645922608638541 2.832181366828978 0
3251 2.689751039840384 2.932864596124483 0
3252 -0.445171801779636 0.5304336026568024 0
3253 0.9273765163372413 3.141054324898167 0
3254 0.8636152823070821 3.214838952967684 0
3255 0.9584295361827451 3.233051925557353 0
3256 0.894622267968195 3.304085404952952 0
3257 0.8002267347327947 3.28204911662231 0
3258 0.1356099408059939 0.8987842074421639 0
3259 -1.93191296098555 1.885017120447968 0
3260 0.04000078809996244 0.8798598969505322 0
3261 -1.123036529604306 2.050380091881232 0
3262 1.173675319215375 0.3072917870711223 0
3263 1.242129957659633 0.2377303320006878 0
3264 -1.919348010379832 1.784269869357594 0
3265 -0.6753440811912972 0.411043864804902 0
3266 -0.7107599561357341 0.3204905873120296 0
3267 -0.6508123648333319 0.2461540147795995 0
3268 2.52977664204991 2.993181684019991 0
3269 0.2309969309418461 2.655884586912321 0
3270 0.1350353368913891 2.636784098881853 0
3271 0.1660159145822983 2.729200858492971 0
3272 0.1012349992852145 2.802307237402339 0
3273 -2.45872583645616 3.052252637645377 0
3274 -2.012551868903641 1.82708443763283 0
3275 2.541187812535987 3.250647273521817 0
3276 0.04243495275852709 2.35984362823451 0
3277 -0.0530923582915088 2.341967231449927 0
3278 0.008707397259392997 0.7875239697912917 0
3279 0.07468385742079076 0.456245539570332 0
3280 2.31267377678186 3.130695751044756 0
3281 0.2944997033230846 0.8440329507975481 0
3282 0.006613477138869485 1.045771918670914 0
3283 -1.939199139533636 1.708776324979379 0
3284 -2.694162821513056 3.158398574341037 0
3285 -2.765122396308407 3.225264026885603 0
3286 -0.0220368469840029 2.433205826185508 0
3287 0.01036674402668033 0.5295557894287439 0
3288 0.04335163927999264 0.3639173156754734 0
3289 0.01200362629307485 0.2715825986844069 0
3290 0.07576823995712116 0.1993411551089868 0
3291 -0.0195659112367851 0.1748453307900597 0
3292 -0.1158024044885333 0.1618545602315136 0
3293 -1.019888961098796 1.934848862166715 0
3294 -2.020176212940811 1.647296290511644 0
3295 -0.0523146414493913 0.3448949070505671 0
3296 -0.9933247404550057 1.905730210662455 0
3297 0.2640984734380076 0.7521661793195982 0
3298 0.1060145933054395 0.5485746042288286 0
3299 0.3915788274597104 0.3487089929055815 0
3300 -1.084581846715853 1.854487056439208 0
3301 -0.2162342618976997 2.651672288138923 0
3302 0.3615632046835687 0.5133469880666333 0
3303 0.4253640539396132 0.4402224396250027 0
3304 0.3296602023556532 0.4212056338244081 0
3305 -0.9966811843870085 1.802559554742519 0
3306 -0.4124872867617397 3.128755059593934 0
3307 0.06395579865925449 3.228518810064987 0
3308 0.1005989162987347 3.326015402716878 0
3309 -0.2188342124609895 2.909581492875245 0
3310 0.768036239139542 3.194732901209114 0
3311 0.7039532680516812 3.265640087786863 0
3312 0.608155438873859 3.246915547875465 0
3313 0.7356772850987989 3.357879566832835 0
3314 -0.1906984653193467 3.258022816688373 0
3315 -0.1670538469259344 3.344646907475663 0
3316 0.2253975792890159 3.171949308075937 0
3317 0.3209540047449568 3.191319900927343 0
3318 0.2565090809662796 3.263849303714499 0
3319 0.3527332530925054 3.279925983448829 0
3320 0.2946680133135716 3.345894840655647 0
3321 0.4166398531517882 3.210052061862648 0
3322 0.4480129622666524 3.300603175818178 0
3323 0.1614672821650676 3.2461890906133 0
3324 0.03406258446895056 3.133688030753476 0
3325 0.6492647580434032 0.5652006625718884 0
3326 1.210692751017486 1.324696780196007 0
3327 -0.1878293521766523 3.002023036153239 0
3328 -0.6552070714402423 2.904603917133283 0
3329 0.3855298013022175 3.118144921135524 0
3330 0.2279754699588623 2.914054280728287 0
3331 0.482728279753701 2.879875060341107 0
3332 -0.5725815663298128 3.182371793076455 0
3333 -0.5406818294967309 3.270171047790346 0
3334 -0.5915192448683928 3.340386614093438 0
3335 1.305375946431023 1.392561916896885 0
3336 -0.2833856245716276 2.982651696344708 0
3337 0.5767001792201321 3.156620479342137 0
3338 0.5122736110635605 3.229052628733339 0
3339 0.5487364079523789 3.327058489661595 0
3340 1.349969683582074 1.258616579384312 0
3341 -0.7869634508257356 3.055486040292348 0
3342 -0.4434970687514751 3.036343890013749 0
3343 -0.4769825557106332 3.201468252374728 0
3344 -1.050174047362602 1.551394271525103 0
3345 -0.3479397358433436 3.055714066549125 0
3346 -1.020623567890783 1.625090053796247 0
3347 1.280691012405575 1.293372487632825 0
3348 1.136633432107177 1.400689348260526 0
3349 -1.187105995863876 1.457264009327876 0
3350 1.159152040024566 1.496147313052212 0
3351 1.059087161506043 1.510336423479832 0
3352 0.1708669774600594 0.2224613691673172 0
3353 -0.5541903458326314 0.2577154495865885 0
3354 0.07125059244901925 0.9722833059332197 0
3355 -1.818564696743659 1.394949513975104 0
3356 -0.1516019441583406 2.578669357202324 0
3357 -0.1837805677034401 2.487183966149533 0
3358 -0.05602647825401189 0.8610475249325302 0
3359 -0.5892416415096409 0.1684927808726813 0
3360 1.062594426924512 1.92093296026184 0
3361 -1.7301259255814 1.394351294501008 0
3362 -1.560379674121201 0.2068773199605438 0
3363 -0.9093603900586007 1.41007118646306 0
3364 0.005252597822909653 1.303917529273581 0
3365 1.125372179230543 2.003616768466518 0
3366 -1.932045460353734 2.055788287027579 0
3367 -2.119114420135139 1.879804969279372 0
3368 -1.52280447041676 2.271591802905349 0
3369 -1.185921024604046 1.01177251914071 0
3370 -2.750836898314708 3.314879496846426 0
3371 -1.460753544844954 1.188834140152126 0
3372 -1.847123662216758 1.323284074343222 0
3373 1.189244170899238 2.337246380250129 0
3374 -2.333915014709928 1.351957976676154 0
3375 -1.776471557569856 1.28597762067977 0
3376 -2.132551130688299 2.60101781580121 0
3377 1.183087069497206 1.148727227004015 0
3378 1.999704823352612 2.282630849641033 0
3379 -1.831599681154154 2.068052409469902 0
3380 0.7779051934882959 1.119160496897768 0
3381 -1.28420016009673 1.262996715557329 0
3382 -0.2136206711962436 0.6572734099420019 0
3383 -2.62091295786754 2.447913638755753 0
3384 0.0367832853076713 2.875514162991752 0
3385 0.197016181397763 2.821663347133016 0
3386 0.005778907593278697 2.782896279922512 0
3387 -2.177002262799617 3.412556746898322 0
3388 0.9130007801870932 3.403052981018032 0
3389 1.877857687264833 3.42002059847466 0
3390 1.30645161290322 3.416191089956344 0
3391 1.353929088216038 3.325647213573622 0
3392 1.451592438579331 3.331749348452846 0
3393 1.405624452199141 3.241104381464659 0
3394 1.252601393521989 3.317348465510842 0
3395 1.162183849843141 3.33009091004287 0
3396 1.200600706228798 3.225294694826418 0
3397 2.181184688548741 3.42272555311508 0
3398 0.04814547312781418 3.412495329917443 0
3399 -1.790228092414438 3.415992608323888 0
3400 -1.838714385329847 3.332452926625137 0
3401 -1.935816762651248 3.337531752011167 0
3402 -1.885509253170871 3.253161297133939 0
3403 -1.73054871195138 3.32882069496396 0
3404 -0.8225806451612984 3.416191089956346 0
3405 -1.405558008148454 3.418911200290804 0
3406 1.499926732262441 3.416238716067503 0
3407 -1.984076807428526 3.418791444348545 0
3408 -1.011634471433448 3.421260461077578 0
3409 -1.693548387096778 3.416191089956349 0
3410 1.639341544468327 1.263372687816753 0
3411 -2.775770316573819 3.0112069319962 0
3412 -2.751918960514435 2.915139343635465 0
3413 -2.653345299805446 2.904820113815867 0
3414 -1.986209461036054 0.2573878272380512 0
3415 -1.891991501472568 0.2318423507179379 0
3416 -1.850614673986678 0.1392910557273834 0
3417 -1.804551277490578 0.217623107255783 0
3418 1.831756674631884 0.9698800165088112 0
3419 1.995039406544037 1.760364470979692 0
3420 0.8609957317776785 2.648691062979361 0
3421 1.065206874105588 1.881985931094129 0
3422 0.9179156417622767 1.34828179594361 0
3423 -2.001324513139641 3.181065785866742 0
3424 -0.8835458745301548 2.013792796564728 0
3425 1.883615954543635 2.0881984862595 0
3426 -1.885391209834042 1.594484963648954 0
3427 0.9796557832139932 1.660633496515514 0
3428 1.100248937365974 1.862791734781594 0
3429 2.003954813998844 1.61899954597422 0
3430 1.446229276880697 2.417751149089788 0
3431 -1.394569365879707 2.172153893207136 0
3432 -1.501652290630813 3.415051596746305 0
3433 -1.941592954866028 1.4492263002823 0
3434 1.720358377185524 2.165061349044026 0
3435 -1.964755929205539 1.480563343162643 0
3436 -1.597836084574351 0.841060869218861 0
3437 -1.215239083610187 3.419156304207169 0
3438 -1.415515306710294 3.171149290539625 0
3439 0.9585351974128092 1.860616981590806 0
3440 1.313931623433427 0.7397642142898668 0
3441 1.477516614422621 0.08520324185300421 0
3442 1.428571428571424 0.1669160867532158 0
3443 1.32316562407242 0.1783199116456218 0
3444 1.381820724288548 0.2516593111318539 0
3445 1.666666666666663 0.08247860988423272 0
3446 1.532119562459743 0.1788166851938418 0
3447 1.285714285714279 0.08247860988423206 0
3448 1.095238095238089 0.08247860988423228 0
3449 0.7180070104690534 0.08028099690670842 0
3450 -1.469936846524745 0.07526158233351543 0
3451 -1.000000000000001 0.08247860988422895 0
3452 0.05558100981728605 0.09801875171691865 0
3453 -0.4198793672693811 0.09701088602761754 0
3454 1.851916432174449 0.08353804712073387 0
3455 -1.665876448316264 0.09224081873833012 0
3456 -0.8105044899039029 0.0790654511432809 0
3457 0.9050193565000102 0.08348389111953436 0
3458 0.8565472443885246 0.1644698912576481 0
3459 -1.391508537390775 1.274055609176167 0
3460 -0.2808725163062971 2.469335131068253 0
3461 1.80526917851315 3.114200914070531 0
3462 0.2628448434449691 2.490063064387705 0
3463 1.857259790291556 1.468464152377444 0
3464 -2.027999816419516 1.749308539606816 0
3465 1.96482709152919 1.516634286422345 0
3466 2.14770085253816 2.422434501066081 0
3467 0.975894289611495 2.740601229527723 0
3468 -1.141944260785877 1.171104956864588 0
3469 -1.917280319349524 0.3214972218334085 0
3470 -2.088970982902096 1.659326904276821 0
3471 -1.366165016519788 1.35134850599995 0
3472 -2.320214858695156 3.269177350684724 0
3473 -1.079389149679294 1.475336809193939 0
3474 -1.897203408669825 1.637965119726109 0
3475 -0.7433057395013029 0.2353711660974245 0
3476 -0.8648254360665845 0.632919105122344 0
3477 0.529817915627856 3.419336958663083 0
3478 1.545642948030317 3.331091152031508 0
3479 -0.9679466742928996 1.664976913928323 0
3480 1.216718341253491 1.281444839109228 0
3481 -2.044647959660245 1.852755973218464 0
3482 -1.312726386631789 1.292612865631455 0
3483 -0.9444851005386565 1.300786144810406 0
3484 -0.8048508688381188 0.3086956201608413 0
3485 -1.791530438412625 1.244040574028838 0
3486 -1.173274874733138 1.494773449074398 0
3487 0.5982101908206501 1.407661440183703 0
3488 -0.8664268928770922 0.3835718160059873 0
3489 -0.7997406791043991 1.827203679544365 0
3490 0.9994680665120429 2.826499630446542 0
3491 -0.8316834519809264 2.582533790414776 0
3492 1.044185160581772 1.253940065856894 0
3493 -2.667355747565864 2.64527756326027 0
3494 0.9368894733548552 1.75510242971465 0
3495 2.195237409617683 2.029764021580536 0
3496 1.147124683022731 1.188191343607814 0
3497 -1.854149935262641 2.168117461725944 0
3498 -1.850973786009569 2.207763625770256 0
3499 1.043660073224189 2.126354992160561 0
3500 0.9849482959944553 3.326489357844836 0
3501 1.046140645598839 3.250623112563636 0
3502 -0.3120876815478869 0.6385810886814463 0
3503 -0.9415500499652149 2.817655475279836 0
3504 -1.131699580066124 2.914695962739674 0
3505 0.4625701339065001 1.677994943440977 0
3506 -0.6349200470082126 1.456513657204743 0
3507 1.908001788100352 1.099908946368235 0
3508 1.826238789806887 1.493107549027389 0
3509 2.001943688365075 1.135549692034095 0
3510 1.022862453253889 2.016673780804063 0
3511 -1.802121491574469 2.048093717039936 0
3512 -1.007327579003896 1.971270612600839 0
3513 0.9509103624779015 0.1691350511349738 0
3514 0.4478589842157467 2.522036864572334 0
3515 -2.147463418101149 2.889054583483947 0
3516 -0.8200290596185702 1.73215966601425 0
3517 -2.485129124762273 2.138153202962789 0
3518 1.411011637052049 1.342792354585826 0
3519 -1.066024254639426 2.27829751881899 0
3520 1.373272576805602 0.6876798070820944 0
3521 1.34725170713164 0.5997179985614887 0
3522 1.743868339145008 1.404579059717826 0
3523 -0.1206976069456008 2.414924688153226 0
3524 -1.501566181010312 2.170176454043124 0
3525 -1.663437519448686 1.197452912017104 0
3526 0.8403052623086975 2.231220500115542 0
3527 -0.8565720233159269 2.097564095156505 0
3528 0.9890496163196546 1.997904578823923 0
3529 2.66975191970856 2.643854497807252 0
3530 1.114114460715714 3.418111789994052 0
3531 1.054456495363568 2.248239141064495 0
3532 1.931419385371098 2.833096352325523 0
3533 1.019769786489614 3.159956061637022 0
3534 1.101574988305789 1.03736775566423 0
3535 -2.236247579187063 2.483961079117369 0
3536 1.962361933120055 2.329089411125025 0
3537 0.7614277506623931 1.231968278479069 0
3538 1.766086655973498 2.306086663532266 0
3539 -0.7104460318815508 0.9114601498391068 0
3540 1.465110155269099 2.23522291940369 0
3541 0.1982749227558843 3.336750499703053 0
3542 -1.108378936918928 1.887141088877951 0
3543 1.96503120656975 1.560138194839048 0
3544 2.075378488036937 1.976055671194296 0
3545 2.079753090750116 1.69624579241585 0
3546 1.497942325453449 0.8087548955049293 0
3547 -0.6952971186383781 3.327850301272948 0
3548 -1.82356301769007 0.2933055161891205 0
3549 -1.842966555680286 1.014669643750934 0
3550 0.8587707638471065 2.39362377284998 0
3551 -0.6321190693202835 0.9202855409918944 0
3552 1.26175287629958 0.7882149905651228 0
3553 -2.010381826559332 1.971770878667825 0
3554 1.261927265042533 0.333725228860537 0
3555 -1.38697874946668 2.113753275251654 0
3556 -1.792338875992326 3.244283570253744 0
3557 -0.08474434913618796 2.253001568192589 0
3558 2.070365215310062 1.399914619170681 0
3559 -1.609834516992739 2.20323653463994 0
3560 -1.638232775465116 2.183272177358439 0
3561 1.374564100976448 1.35804066116946 0
3562 -0.8575145377053979 0.898761839158172 0
3563 -0.627458985643655 0.08320532708859218 0
3564 -0.9824055896802762 2.391227069660329 0
3565 1.905488181893165 2.641660678250644 0
3566 1.365824488168255 1.114541416342341 0
3567 -1.471937228285874 2.37001924132233 0
3568 1.955819445442091 1.897666907751366 0
3569 -0.8192683172998094 2.960535111887833 0
3570 1.78822698182696 1.202841304641487 0
3571 -2.41408469761805 2.655834536489175 0
3572 0.6563763127058647 1.753247278909158 0
3573 0.6168778296371982 0.7501235611638006 0
3574 -1.915740728357533 0.6094489922181265 0
3575 -1.628127367695987 2.390606630751279 0
3576 -1.668028549709843 2.368698254550826 0
3577 2.194687788525616 1.046476951492038 0
3578 1.33109484771718 1.022555193666085 0
3579 -1.901386324432473 1.107695200467099 0
3580 0.3690519755570288 1.377225339938711 0
3581 0.9355371075154225 2.661501625796467 0
3582 1.637783665662185 1.107151038600806 0
3583 1.866618395199696 1.645277571373386 0
3584 1.232684046219104 2.333721767797095 0
3585 -0.3303560502353164 2.040863845564264 0
3586 -2.29441017632526 1.225160220703635 0
3587 -2.02062089713178 3.093630420791983 0
3588 -1.635638932254281 0.584308620979231 0
3589 -0.2631954476780765 1.730030422570478 0
3590 -0.9945589730710959 2.674204515846781 0
3591 1.335239073333448 2.764063079119052 0
3592 1.264990360584882 2.740909769416397 0
3593 -0.5918199579276364 1.79197367784738 0
3594 -0.994397940467364 0.8777942701390269 0
3595 -0.9172965679111439 2.04274511781822 0
3596 -2.386734885935907 2.36541267743004 0
3597 2.087255159490533 3.417909641329199 0
3598 0.8439867449837729 1.129490799869754 0
3599 -1.845859002949814 3.155950385489054 0
3600 1.868221639334511 1.542275817727733 0
3601 2.11691338755332 1.511019415837229 0
3602 -1.362997146445531 1.131260320755633 0
3603 -1.082856269507387 1.746494024982235 0
3604 2.256394105640925 2.120660569655864 0
3605 -1.66372516749714 2.323956245018228 0
3606 -1.707241802890787 2.338885511403844 0
3607 2.02927401078481 1.973129806171316 0
3608 -1.925453518932241 2.136264405869382 0
3609 0.6645768567342227 1.646697369743014 0
3610 -1.587049992751501 2.363785293797973 0
3611 -2.410956840586179 2.225597631373659 0
3612 0.4430113216284747 1.988376446768107 0
3613 1.738956012194435 1.223809255753455 0
3614 1.507312164237719 2.236921916597876 0
3615 -1.073026745290299 0.5236861484701762 0
3616 -1.745716339200333 0.4133718367415344 0
3617 0.4570105886084671 1.180566347131188 0
3618 1.665318215090874 0.8624094303038827 0
3619 1.594314086619253 0.3489967818254098 0
3620 -1.161254416694914 2.760236296749937 0
3621 -1.955519479906024 1.195049080716173 0
3622 -1.802151926283378 2.698660230755779 0
3623 -1.005036414470502 3.111330462630007 0
3624 -0.6837547219525658 1.323680903574416 0
3625 -0.9756693447192327 2.14781971072548 0
3626 2.005916780103324 1.864653859202989 0
3627 -2.123926617405684 1.497444176566903 0
3628 0.4626245543651509 1.03583661428549 0
3629 -1.66035132014716 3.18751595057048 0
3630 -0.8270243493203884 1.902038601785156 0
3631 -1.095754878158117 1.232215231927583 0
3632 -0.3653705295413407 1.240002418574607 0
3633 -2.131691953715723 1.055029037972451 0
3634 -0.9963613068234564 1.699236105349126 0
3635 1.448219138229868 1.246178428876644 0
3636 1.961773184016899 1.169629344546485 0
3637 -0.8368299426586272 2.031622292903176 0
3638 -1.882730787614099 2.616211949320661 0
3639 2.203965242906688 1.943817712071354 0
3640 -0.3176742026293992 1.577168308907563 0
3641 -1.717645297454847 0.9280650920934648 0
3642 2.206834845985814 1.465999311343761 0
3643 1.11534477304794 1.596276467354056 0
3644 1.365060116873616 0.984139312032688 0
3645 2.151186882864213 1.136821604715929 0
3646 1.359410609450876 2.335598156921738 0
3647 1.790938595264352 2.428567928391062 0
3648 -1.463912981669144 1.066154821113397 0
3649 -2.321669601912214 2.022322066707565 0
3650 2.406076120636667 1.917022150856041 0
3651 1.86511580960661 1.347398957158357 0
3652 -1.340430855482315 0.3267451335427118 0
3653 -2.002753558749812 1.264613278950941 0
3654 0.509374786183541 2.111178994914022 0
3655 2.183318212515716 2.769515215096175 0
3656 -1.10597918703348 2.314569424190944 0
3657 0.5698149964523255 1.079774647272329 0
3658 -0.7884908195766782 2.528392976704972 0
3659 2.377871449691545 1.866322167878641 0
3660 1.018429725075814 1.290869191372422 0
3661 -1.242497068861249 0.8379444225346528 0
3662 1.462734171954666 2.376389129343912 0
3663 -0.2319468872725957 1.804893252842952 0
3664 -2.203548787230666 1.154476670246013 0
3665 1.927511111110161 1.861068893588777 0
3666 -1.187389606139012 0.08254524422839915 0
3667 -0.8906611575197252 1.534075846583281 0
3668 -1.043625574302843 2.201610013729107 0
3669 -0.9681261774876262 2.201952902786042 0
3670 -1.368326420423295 0.8213933178071378 0
3671 -1.859736692354562 0.8569637037182971 0
3672 -1.277203915527981 1.40161954889453 0
3673 -0.6482968871766054 1.989592563616581 0
3674 -1.922096358897307 1.920018334335866 0
3675 -0.2369208668012505 1.589370652292876 0
3676 2.364203226389043 2.336369304545746 0
3677 -1.758842915478167 2.652633297686504 0
3678 1.779588213760423 0.4887103120386043 0
3679 -0.8624763269304606 1.605565407988859 0
3680 -2.070651270321524 2.250530518263564 0
3681 -0.6832263329949181 1.518273190177426 0
3682 2.262841854320898 1.255009994054126 0
3683 0.9454822208754037 1.640492138543451 0
3684 -0.6935996985238602 2.419555622625797 0
3685 2.28464264326145 2.641769929287568 0
3686 -1.768920315405048 2.284031195422143 0
3687 0.9649917984073576 1.361724505892366 0
3688 1.742335612759351 2.132315743773511 0
3689 -1.108422461250183 2.257841450904978 0
3690 -2.236037059945025 2.787752089551763 0
3691 0.6809571379058199 2.760231566809346 0
3692 -1.976737740276337 2.718398436802663 0
3693 1.707737995200309 2.792105428955662 0
3694 1.792262324608228 1.456295848717583 0
3695 1.813927252626387 1.24936022895809 0
3696 1.547080595817845 2.377589047683622 0
3697 -1.427557710243867 0.8105629504638285 0
3698 -1.587055299148219 2.695800906865575 0
3699 2.384451152082459 2.626710281898784 0
3700 -1.459363098230428 0.6821917665377539 0
3701 -1.326003498519446 0.6426718968984024 0
3702 -1.377030886623201 0.7074912215839295 0
3703 -1.264409390650694 0.7764983163123829 0
3704 -1.643281174896536 2.679924418482673 0
3705 -1.630868530863822 2.748081216047784 0
3706 -0.4486168167446514 1.227300626977957 0
3707 -0.9834224593733192 1.736378371814651 0
3708 1.503745185897762 1.022732438557075 0
3709 -1.388948335260082 3.261949503751134 0
3710 -2.364601932723657 1.915630204682286 0
3711 -2.09497973542626 2.342487880442486 0
3712 -0.6165296262640482 2.313856837463532 0
3713 1.588738003406249 2.372691067808363 0
3714 -2.088318779920668 1.83772848273456 0
3715 1.883018288345046 2.337210283911118 0
3716 0.7623392091713965 2.940868017129648 0
3717 2.177930140807661 2.212417049587314 0
3718 2.421400168527671 2.085150149004577 0
3719 2.190265592363215 1.813493958720319 0
3720 1.853761989836807 1.261594477458085 0
3721 1.796664887566207 1.011125252894981 0
3722 1.409577372374806 0.9461103087579268 0
3723 1.63999250565384 2.427667769780192 0
3724 1.504836682416689 3.243896134333642 0
3725 -1.357502926982289 2.374976687949888 0
3726 0.8851150099932884 2.196532906113177 0
3727 -0.8445565048213466 1.695751361430936 0
3728 2.381141773023114 2.523251585808501 0
3729 2.428162173369681 2.467500478450122 0
3730 0.6854405277817125 2.548149852694749 0
3731 1.567190177741401 1.129888198004951 0
3732 2.01978021890877 1.287159544807654 0
3733 -2.160246497797048 2.809128602116623 0
3734 -1.170949395588693 2.312065909301741 0
3735 -1.186490102993382 2.392214186269842 0
3736 0.8146151227803092 0.8013553117610548 0
3737 1.034251205070564 1.122708864927022 0
3738 -0.6957026616954288 2.742549216480794 0
3739 1.077596494267101 0.8034704848800778 0
3740 1.9872473015168 0.9071645393648722 0
3741 1.346534310448125 2.504644348655246 0
3742 -0.5019585586546627 1.083627430850638 0
3743 1.024082825790325 1.528928626873651 0
3744 2.320614323158607 2.389756098280451 0
3745 -2.318636561819898 1.71228867282917 0
3746 -1.709702498534888 0.5722140604131738 0
3747 1.482662489405605 1.107223645601789 0
3748 -2.010672286337691 0.6032331327112648 0
3749 1.304090550140639 2.160522270770271 0
3750 1.672858496917729 2.384944440999591 0
3751 1.645300567927813 2.767986648393752 0
3752 -1.910594507903357 1.680224569437172 0
3753 0.9600256321753009 1.303825287510994 0
3754 1.964611499250733 0.7747274074453125 0
3755 -1.235714131946356 2.37706872479077 0
3756 -1.433061591886335 2.160217187369029 0
3757 -1.545739407830342 0.4529346591453765 0
3758 2.501870634457027 1.962832818211011 0
3759 0.2543795790157868 1.279380000408716 0
3760 1.828933226806736 1.329757169032426 0
3761 1.170112717040525 2.475895852350462 0
3762 1.226178674759185 0.5748483582535995 0
3763 -2.080851849712505 2.203046947062447 0
3764 -2.13227685350411 2.184272420947597 0
3765 -2.228387885216109 1.64777685062149 0
3766 -1.276290836767422 2.78707734044163 0
3767 -1.615129115453682 1.128844954646895 0
3768 -2.020848849576648 2.519721331610444 0
3769 0.7654714698542492 0.1629684742257915 0
3770 2.301674899748614 1.656835510455794 0
3771 0.4225586077144031 1.797819118595522 0
3772 1.291928747085147 2.498599908135644 0
3773 -0.5549412883466709 2.659907421426364 0
3774 1.223215595137729 2.479019277701577 0
3775 -1.241242167382212 1.314719827419766 0
3776 1.073786470149623 2.288667663461646 0
3777 1.255436835776677 1.419471082196727 0
3778 1.160849486068496 1.989623088684027 0
3779 -2.061652682870506 0.9464309995537361 0
3780 -0.3798700914514238 0.9693576741371336 0
3781 2.349359206551644 1.41902480335687 0
3782 -0.2593805741232162 3.333143705349138 0
3783 2.266967819530788 2.171319003168431 0
3784 2.088550683931168 2.409626019249212 0
3785 -0.7385104156779468 2.066679299880058 0
3786 -2.343875965664348 1.608026929343831 0
3787 -2.305577783862692 1.649869934971681 0
3788 0.5000358241100594 2.229991515595609 0
3789 -1.701268579210649 2.50470881104783 0
3790 0.6675328386103938 2.920463933831395 0
3791 0.9913916537021893 2.034459980287822 0
3792 -0.7055973277040239 2.534908146131247 0
3793 1.930133660066397 2.098728253536796 0
3794 -1.926391137499414 2.296895670447441 0
3795 -0.1489320988444224 0.07655545273457731 0
3796 0.7143266762307721 0.7906200863858928 0
3797 1.861397279720487 3.045884470022625 0
3798 1.887725125251056 1.615635785976691 0
3799 -2.270356388869161 1.160941292433742 0
3800 0.9861538110268111 1.582978768102287 0
3801 2.083136259890993 0.5487386350302068 0
3802 -0.3999255943657549 1.37091111584605 0
3803 1.085038658603112 2.098849351644652 0
3804 1.282567470315502 1.253470228316564 0
3805 -1.8872768754251 2.189954241171307 0
3806 -0.7223398766215386 1.411049138449976 0
3807 -2.109881453744356 2.286970669412916 0
3808 -0.9664758514837386 3.337509083399364 0
3809 0.8504649400548496 2.109683368083612 0
3810 1.037316252957142 1.784798847911034 0
3811 0.9851848701648032 0.5972316461322338 0
3812 -2.173579703774537 1.493747126608418 0
3813 -0.3221003296930521 3.408903752079889 0
3814 1.766158485900845 2.472496297595555 0
3815 0.3221680461422665 0.07545759280641318 0
3816 -1.902432950899904 1.388905121062139 0
3817 -0.2179772046485301 2.39846255541468 0
3818 -1.861472100481155 1.543019649956726 0
3819 2.046141260482564 1.871679867495751 0
3820 -0.2646566872264174 1.500883307435763 0
3821 1.092090245271266 2.451442585786951 0
3822 -0.3995773875211777 1.166167914825256 0
3823 2.061012001128512 1.256437755879327 0
3824 1.840278113949166 1.403497092139476 0
3825 -2.07362479807484 2.505017168851832 0
3826 2.447775630462136 1.752620409229676 0
3827 -1.283496090364393 0.2451634433472556 0
3828 -1.758209749979439 2.328899801819936 0
3829 1.977340652143732 2.772072895003606 0
3830 2.610005751061948 2.74408758107825 0
3831 -1.349193315225151 2.421730833336843 0
3832 1.876628365033996 1.820843965009091 0
3833 -2.454654692045804 3.420405470155788 0
3834 2.25330675559655 1.318763491311367 0
3835 2.240921230349931 1.817599596788682 0
3836 -0.9164393745979832 2.305515389860297 0
3837 -0.5295816157252146 2.221460380039744 0
3838 2.334513128372768 1.360153902677683 0
3839 1.49011362058471 2.418823369151744 0
3840 -0.3854836923659692 1.443663210339941 0
3841 -1.189789495554686 0.782673713852809 0
3842 1.652243360387533 2.100247955576206 0
3843 -1.036013270935353 2.004479513847709 0
3844 -0.01997737273784663 2.180236610590015 0
3845 1.980065647749732 2.535028212041276 0
3846 0.3378621109784335 3.423876075940126 0
3847 -2.03015454688476 3.339252761931817 0
3848 0.8796575840968585 1.664176406616153 0
3849 0.894592204594439 1.732413506801741 0
3850 -1.736585791094996 2.714096142387687 0
3851 1.793975226043303 0.1599010598383892 0
3852 -0.964120918743185 1.098499020740678 0
3853 -1.193965525255712 2.140162357708165 0
3854 0.7150512682859042 1.750886189309746 0
3855 1.518645739935444 1.071910802514737 0
3856 -1.722000675686617 1.227828010021616 0
3857 0.7414127961701669 2.282256826719222 0
3858 -2.70662965171711 3.063339637420207 0
3859 -0.7303399943745784 1.35694193791675 0
3860 -2.162273564898903 1.000389736382305 0
3861 0.9858581154669963 2.122485108929466 0
3862 0.7622386268201079 0.4269951798871949 0
3863 -1.3304285192191 0.7717271909679668 0
3864 -2.250993294948436 2.114686707424564 0
3865 1.830618683768562 2.26323470094717 0
3866 1.162153343619326 0.6268601950955823 0
3867 -0.9719273594111892 1.774944286752723 0
3868 -1.033472071220807 2.243623814764283 0
3869 1.252079557730279 2.119443145509029 0
3870 -2.185760699032692 1.368133239472755 0
3871 1.101730528555139 1.419486572542749 0
3872 -1.750988060767972 1.422106285573113 0
3873 1.082195296945035 1.603739166064382 0
3874 -1.278387621354941 2.206875697297143 0
3875 1.036617609854407 1.444044911311092 0
3876 1.20545438411648 2.783658249460784 0
3877 2.582324287625307 3.324109611798857 0
3878 -2.384768857973444 1.990191334347677 0
3879 1.553728629506681 1.340207632269171 0
3880 -1.214913545483705 2.812381203758734 0
3881 1.923187538324505 0.3666136346475195 0
3882 0.7340004442304162 1.281233034823778 0
3883 0.5524718398905824 0.2994238810325209 0
3884 1.014749221093109 1.06728563371734 0
3885 0.8944654129339896 1.146915534448658 0
3886 -0.2123647459248252 1.668610036503852 0
3887 0.8942603840594863 0.2504287284813307 0
3888 -1.933277283521153 0.07620749130748039 0
3889 0.6454403331283567 3.322286451216917 0
3890 0.276651206269315 1.502062713359576 0
3891 1.373180300054282 0.766417166293077 0
3892 0.276750155610033 1.366238458394606 0
3893 -0.9723165510105019 2.744017990995858 0
3894 -0.6830903348247157 0.1609887349236694 0
3895 -0.985338294377065 1.044417417181291 0
3896 -1.707822570151313 2.396083739409657 0
3897 -1.465702899189723 2.413279096718527 0
3898 -2.122589569687533 1.972515026623199 0
3899 -2.007819137416414 2.017016900352043 0
3900 -1.631544182057914 0.8910577098893149 0
3901 2.493712672356164 2.171060767551115 0
3902 1.083627736205747 0.6086938146797947 0
3903 2.110359664538048 1.371683645888589 0
3904 2.005884113690502 0.2516037307782555 0
3905 1.561998269963695 3.157943219593869 0
3906 1.899350332757054 3.133856068720394 0
3907 1.473664677596429 0.2444233378480032 0
3908 1.318209652216585 2.332147244450524 0
3909 0.2433062175187298 3.420452084375861 0
3910 1.252439085468026 2.410027942995594 0
3911 1.939358561087948 0.09099554525158493 0
3912 -2.075068336295162 1.70015191116064 0
3913 1.226096086783243 1.155633657527715 0
3914 0.5994032227977311 2.741375148058305 0
3915 2.165443924495821 1.305544508828523 0
3916 0.9681296050524923 1.896828827662025 0
3917 1.956299509879041 1.118532701266628 0
3918 2.304580500655812 1.463206246223627 0
3919 2.155987056845574 1.531376805638255 0
3920 1.367264917293379 1.395601688581306 0
3921 -0.5672085359545648 1.907606291439488 0
3922 -1.70349043938651 1.194991446021382 0
3923 -1.683057012274538 1.158934166780496 0
3924 0.5763859081420704 2.661783781864955 0
3925 0.404058172409304 2.041501608965403 0
3926 1.889933268974271 1.986822721193603 0
3927 -2.545986331565014 2.118961389659501 0
3928 1.009250682410244 0.7871455636659821 0
3929 -1.426359455522619 2.476892324234349 0
3930 0.6084157576538064 2.535530265384335 0
3931 -0.6304255248069291 3.426648156088697 0
3932 -1.026255272512314 0.8164636976313124 0
3933 0.4377307665542435 1.112342589427859 0
3934 1.780378870330309 0.9513633825985632 0
3935 1.570414289686283 0.2627876380263463 0
3936 0.6710063012156819 0.157014212602314 0
3937 -2.575882288544479 2.950784257936218 0
3938 1.69354838709677 3.430258733839262 0
3939 1.847967724630577 0.4277853360903734 0
3940 -1.434173820370796 1.035622313147121 0
3941 2.12498439152032 1.693270740612916 0
3942 0.9090733367173354 1.436204227084503 0
3943 1.56548387599397 2.830945544635379 0
3944 1.069822860549766 2.666030158884732 0
3945 -1.948421230519398 1.945228072066009 0
3946 -1.105450890766868 3.329270992469224 0
3947 1.934255474734349 0.6253274428022608 0
3948 1.227551286630896 0.154617194819028 0
3949 1.588763497736242 1.342012955808777 0
3950 1.637294039998472 3.330837646391882 0
3951 0.9184067279470221 1.987794063157595 0
3952 -2.077779734291534 0.7626266056468707 0
3953 1.358419131719064 1.224745470727941 0
3954 -1.866856333263334 2.681324542359119 0
3955 2.734224385784502 2.838222747741368 0
3956 1.943733028575304 1.726225209324838 0
3957 2.234106505311511 2.218203050772606 0
3958 -1.282280539602409 1.15282444425104 0
3959 0.8008536677567517 2.375292900220845 0
3960 -0.9513940443108219 0.8258598135419137 0
3961 2.355153604531362 1.664425866116363 0
3962 -1.656524238823287 2.513858729758806 0
3963 2.527618347608599 2.034849511893734 0
3964 -2.658202161972184 3.43623270467327 0
3965 1.488031443856058 0.7374750940560908 0
3966 -2.496144466596844 2.961107210578814 0
3967 -1.214933535905236 2.47357875826473 0
3968 2.038782321626575 3.077703510289869 0
3969 -1.187140995050801 1.360775661890273 0
3970 -1.123289952300178 0.8715054850608432 0
3971 -2.320232217823193 2.937041239673602 0
3972 -1.81796333797491 0.8072223952189477 0
3973 -2.045710171700375 0.6802139057378718 0
3974 -1.923255470666248 2.172159290998342 0
3975 -1.387475628757233 2.446987156677713 0
3976 2.111676819258991 1.278889155717712 0
3977 0.4585640900168167 0.2797111241680463 0
3978 -1.807266137379122 2.480000760282447 0
3979 1.65373297427728 0.8025241238093179 0
3980 -1.029108311393786 2.050062066159193 0
3981 1.695862196209729 1.345356750980484 0
3982 0.8622097765545069 1.760065225862198 0
3983 -2.8448731587362 3.19655842452133 0
3984 -1.657852548424666 1.294889197555493 0
3985 -0.8804100582337049 2.227715156098578 0
3986 -1.127888337091456 1.083008463276482 0
3987 1.051571369728264 1.035480067993392 0
3988 1.854771733380936 2.191342788107077 0
3989 1.788304166001901 1.996705325476238 0
3990 0.911697768095282 1.864723855810668 0
3991 1.076449720424677 3.333587015509186 0
3992 -2.124199397004886 2.234582435499387 0
3993 1.742222001768829 2.50955011880849 0
3994 1.160678304223729 1.910337273078441 0
3995 1.875468638001373 1.579788214855859 0
3996 -0.8708456620582747 2.057047666574791 0
3997 1.478987777284775 1.319994316732823 0
3998 -0.9311026868953547 2.251992001854919 0
3999 -2.166667960153759 1.576946825485145 0
4000 1.852188273448521 1.435257706685392 0
4001 -2.564747782911985 2.510247493343184 0
4002 -1.013699972724469 1.255156012141426 0
4003 -1.07682935853165 1.081292258451153 0
4004 0.1444474788015409 1.493861708328937 0
4005 1.675717545999819 2.56449431347076 0
4006 -1.644062769741058 2.807509647097485 0
4007 1.330130696080033 1.414329105161274 0
4008 -1.377955181857824 0.07216322694784694 0
4009 -1.32782020350102 0.1576564233355953 0
4010 -1.280562258122273 0.5784096871323068 0
4011 0.8698682669121895 2.857968205747026 0
4012 -1.356608463818699 3.34589671525785 0
4013 -1.866373004783837 2.465572590414005 0
4014 -0.1363882158810841 3.422660520854908 0
4015 0.6296187874586223 2.82886269940178 0
4016 -0.6185902619350018 2.756210318301891 0
4017 -1.404108853387456 2.742492134615287 0
4018 -1.743436463953973 0.812506725857451 0
4019 2.029780210090668 0.8686064037460286 0
4020 1.869924815565791 2.376284885387716 0
4021 1.002418950414528 2.353521702945735 0
4022 -1.12980341855906 1.811588544882522 0
4023 -1.543221656649563 1.373637078995528 0
4024 -1.708594017101212 2.456209226438402 0
4025 1.452067148510955 2.731899052155438 0
4026 -2.242578823117166 1.593875017919205 0
4027 2.393866763059456 2.401405920057613 0
4028 -1.205376691056232 2.102084308549818 0
4029 -2.62436795849169 2.818410914949484 0
4030 -2.024587178006788 1.613899359834305 0
4031 -2.356604790653682 3.423776861836147 0
4032 -1.683137908130632 0.8917576877867204 0
4033 2.224017050031219 1.992378000278144 0
4034 -0.2502110640394387 0.07492610009306078 0
4035 1.032450104216011 2.282057720175058 0
4036 -1.0927972890676 1.710012320847108 0
4037 -1.878936562014933 2.318632952510298 0
4038 -2.095843831978414 2.112194837091385 0
4039 -0.900276511519768 2.761029690212039 0
4040 2.099597803181965 2.48221013383887 0
4041 -1.138256182389177 1.326102388470964 0
4042 -1.871197348083313 2.367149028324465 0
4043 2.467962933469313 1.822661939773562 0
4044 -1.389326256875794 0.7718989900823783 0
4045 -1.735605854747421 0.1594494113657443 0
4046 -0.1907932390492346 1.742518729805942 0
4047 -1.662427306089145 0.5189852472336032 0
4048 -1.780551697634214 1.45008224744201 0
4049 -1.910042885991833 2.731361074736657 0
4050 1.404325111393648 2.780568129020763 0
4051 -1.204504371981504 2.892053802063907 0
4052 1.995218709177021 2.073667157094537 0
4053 -1.985589640436112 1.932693505399427 0
4054 2.11263354327954 3.259814457907849 0
4055 1.130845946298504 1.841747993856845 0
4056 -1.246735393072229 1.473980223637896 0
4057 1.188535198272433 1.481073169982031 0
4058 -0.9609392698406026 1.813875128672658 0
4059 -1.770947940666342 2.065971877174022 0
4060 -1.690298915669923 1.337219734765284 0
4061 1.162809379140223 2.146995373105831 0
4062 -0.7717384908504864 0.1529382598488871 0
4063 1.542480155395261 2.542394360260345 0
4064 0.2383319680191135 0.0587435511155292 0
4065 2.365237183039619 2.16572706885027 0
4066 1.882813010368841 0.1812731616269252 0
4067 1.275014622571622 2.372020742978837 0
4068 2.190050983567605 1.099886044923582 0
4069 0.8896654585201684 1.472204624268824 0
4070 1.345347953446323 2.170585967521406 0
4071 2.23448579727689 1.730648836282236 0
4072 1.999680088451817 2.591701057969347 0
4073 -1.192774206275182 1.526302895306444 0
4074 2.662957430991531 3.438003056129507 0
4075 1.645085737613958 1.373380420510009 0
4076 0.8099761815468709 1.504492803005144 0
4077 -1.532037316641871 2.199599454815888 0
4078 2.07846275543875 3.166990393830601 0
4079 -0.9169121496528538 1.452545367893856 0
4080 2.7704216763119 2.914865010913862 0
4081 -0.6950781613269592 2.086598906369901 0
4082 -1.877855344635138 1.981656301683572 0
4083 -2.44644128946162 2.335861995666555 0
4084 -2.4937749666266 2.630037103392312 0
4085 0.9912368163779555 0.7256513925917498 0
4086 1.731096430576931 0.9470786695607321 0
4087 -0.4980512942581809 2.2792629695038 0
4088 -0.4352873164956888 1.101146633402134 0
4089 1.608710101410512 2.555550250148269 0
4090 -2.072682096485968 1.307529162338729 0
4091 -2.259680395402903 1.27205357697335 0
4092 1.231374543305142 2.856071606958428 0
4093 1.888396836850362 1.883204737133565 0
4094 -0.9154919737557545 1.111471567462558 0
4095 0.4763601164635121 2.167618571763967 0
4096 0.7168233740830692 1.837052649491717 0
4097 0.6930223639817759 1.907731839125869 0
4098 -1.598569968630384 1.340834900580611 0
4099 1.82890915034426 1.45622409214759 0
4100 1.515227040023354 2.461833550140267 0
4101 1.909207333743971 1.59016652671355 0
4102 1.516016204793456 2.741329140119502 0
4103 -1.519901011982064 2.767371887161875 0
4104 -1.649269750241518 2.150213276728015 0
4105 -2.043134048001467 2.356083061683992 0
4106 0.7482991775263403 1.921618557169322 0
4107 -1.984427275329207 0.8469934049824706 0
4108 1.521675856081337 2.94590151013769 0
4109 2.218620456735498 3.354775295087997 0
4110 1.550144761064914 2.193606107191556 0
4111 -1.527028724951316 1.292812994247988 0
4112 0.5558835975355446 1.525435958392183 0
4113 -2.467507046640959 2.196237635496483 0
4114 0.6827081579704615 2.291237674493456 0
4115 -1.966629646278089 2.036056693439977 0
4116 0.1635191873579928 1.633184456008393 0
4117 -1.855221410168818 0.05876025298181542 0
4118 0.5563597576237839 2.593882355875208 0
4119 2.148724185027357 1.344280528233808 0
4120 0.8683995490430624 1.006090070121511 0
4121 -0.6742411927588311 2.820534294132286 0
4122 -1.384928667067643 2.80632776284744 0
4123 0.3567860911926896 1.795462494459108 0
4124 0.392366128862034 3.35596781894754 0
4125 -1.503593679296521 1.257297629233874 0
4126 -1.97315795908606 3.258960673813375 0
4127 2.346644414357413 3.377039916155272 0
4128 0.8294979677181774 1.542654629927843 0
4129 0.6668194658400043 0.9718916056364159 0
4130 0.7256783209245138 3.439825209619342 0
4131 -1.908747644214514 1.720678144506588 0
4132 1.547059572812811 0.8366841885360106 0
4133 1.432123369080379 0.3111175001766491 0
4134 1.921768626989049 1.677248492137324 0
4135 1.18379314140841 1.305109390893849 0
4136 -0.898848983510996 2.982862860532517 0
4137 2.066502130175352 1.910466673227209 0
4138 -2.576898166800086 2.594479762761493 0
4139 1.906858589944621 2.023229861973054 0
4140 1.251662975677693 1.277993255885869 0
4141 1.976749579305816 1.593880805250579 0
4142 1.001194309915197 0.9554701171048539 0
4143 2.005514015571554 2.487179968913728 0
4144 -1.46848052587761 2.726165817050578 0
4145 -1.71197247757993 3.246464683418782 0
4146 0.9404337493745113 0.937248657281651 0
4147 -0.8816430280265821 0.8382757403341492 0
4148 1.787912326633963 2.055818702269623 0
4149 -2.348626689252 1.825432445416764 0
4150 -0.6509038151229974 1.615472515809559 0
4151 2.478458153530401 2.098810014884986 0
4152 -0.79853200507378 1.871404056820964 0
4153 -2.062399850192178 1.737533482921154 0
4154 1.311594542554611 2.130404076612458 0
4155 1.820780844279742 3.34593640165161 0
4156 -2.218036839432576 2.858425147271449 0
4157 -2.305754927597618 3.345360946503489 0
4158 1.142394189758934 1.368141701503358 0
4159 1.320049410174555 2.704940742497627 0
4160 0.72627589544969 0.5750811851448812 0
4161 -1.312925317504555 1.38774181889137 0
4162 -2.123313976277934 2.532316548939808 0
4163 1.115287266664738 2.111932038768967 0
4164 -1.900005326614766 1.891208373464745 0
4165 -1.007424074169661 2.213263788139912 0
4166 -0.5008812519106753 3.352545144021098 0
4167 1.761057766042182 2.104933184180649 0
4168 1.877728019503278 1.760678663848011 0
4169 -0.3197609709965166 0.1406944300322848 0
4170 1.12784937918881 3.259814421244992 0
4171 2.047271257880518 0.4156420032492598 0
4172 -1.3887959878434 2.486508679110582 0
4173 1.823603446963095 1.995106054905247 0
4174 -2.181586452982106 2.214041688631051 0
4175 1.227587238943018 1.424404883854874 0
4176 0.7535001061656348 2.383221972362129 0
4177 1.079337040177319 1.657198352774166 0
4178 -2.808807381642882 3.355521831341104 0
4179 2.550468078809701 2.426442693702687 0
4180 -1.892938426850123 0.7980208475258195 0
4181 1.325514671087218 1.101465610938516 0
4182 -2.052167410811052 1.775055501961195 0
4183 -1.807106577742404 2.015466866647226 0
4184 0.1012281732003595 1.682136696212261 0
4185 -1.941612267826151 0.3969727981890465 0
4186 0.5264879510132556 0.06460275425199979 0
4187 -2.519633021199406 2.017108032490609 0
4188 -1.699487715390061 1.393159191904145 0
4189 0.8756930854257857 1.089761419903437 0
4190 -1.918098774806326 2.207749012284708 0
4191 -0.05973706086515393 1.752273279244771 0
4192 -1.09103699600214 2.053545090540719 0
4193 1.456405483988184 1.017281412528926 0
4194 -0.8360423132812725 2.240902558463431 0
4195 2.315070011147213 1.713617071118159 0
4196 -1.781481265482022 2.44585485092788 0
4197 2.698765090566016 3.031471575010864 0
4198 2.054028485650255 2.785802567095507 0
4199 -1.757933863955239 0.3336333333979034 0
4200 -0.698351699069245 1.271791556433146 0
4201 0.6811791461876326 0.6322055063038945 0
4202 -2.333447668743979 2.080341079907978 0
4203 -1.556510336393114 2.224653868756137 0
4204 -2.048278752717373 1.815284752637417 0
4205 2.510223809254994 2.240450885471084 0
4206 -1.110835448113186 1.383509596344678 0
4207 -2.281626561116047 1.736423677206921 0
4208 -1.524337009406419 1.332630081517775 0
4209 -1.50791723327832 0.1506680179620903 0
4210 -2.159193658451735 2.035569691187713 0
4211 2.026720261192859 0.8099261121779837 0
4212 -1.019480409216718 1.214310078975961 0
4213 -0.8644667534083367 0.1446298710096194 0
4214 -0.7396920401195299 2.888556739212619 0
4215 0.5799898634029318 0.1487322489749778 0
4216 -1.878406333675468 1.518578332173104 0
4217 2.489842763928634 3.428951009208244 0
4218 -2.045935079884514 1.260817068317828 0
4219 2.427845129113385 1.862772937486745 0
4220 -1.960471038644173 2.076420304781142 0
4221 -1.400329993720842 2.140952637488437 0
4222 2.037896749077744 1.592592449507857 0
4223 0.8008858384037972 1.579433406700802 0
4224 -1.806080431242294 1.484654565929109 0
4225 -1.693067533007582 2.303247928826011 0
4226 -1.207143474467704 2.514521220118583 0
4227 -0.8917950584246056 3.18807569853193 0
4228 -1.848143774078925 1.484272986864496 0
4229 -0.8310372365548269 1.625760135808178 0
4230 2.574072906898542 2.506637719479385 0
4231 -1.644863651720117 3.356324311125544 0
4232 1.468461989669041 1.346745342130541 0
4233 -1.917806623397949 1.579102248689577 0
4234 -0.5700641165958676 2.347245139482856 0
4235 -1.965655167519838 0.794029973482584 0
4236 -1.927602831452188 1.646108406817035 0
4237 0.6980847938367911 0.858289429752507 0
4238 1.080324462421066 2.409520279153453 0
4239 2.190279381386862 1.510473175031045 0
4240 -1.846247877915698 1.363149361082327 0
4241 1.310329983544574 0.27194920360583 0
4242 1.716199449201135 0.1422158084111054 0
4243 -0.6141970800296073 2.421204215554833 0
4244 -0.6651387166718301 2.4780934899074 0
4245 2.471212392018852 2.415110148211689 0
4246 -0.7627054443942548 0.803146850710593 0
4247 1.832125540477715 2.424469726652948 0
4248 0.8213113797302445 2.141778786558848 0
4249 -1.328806345547135 2.125643005057627 0
4250 0.7201225181882071 0.919768891741966 0
4251 0.9753659680665022 2.438515183653042 0
4252 -2.184962277443656 1.054647723985653 0
4253 -1.617090456249306 2.529799739252494 0
4254 2.240724078579526 2.034633909301434 0
4255 -2.266221921936601 1.634566809283473 0
4256 -1.462503013979716 2.459294863941402 0
4257 1.895192605924972 1.848181755419061 0
4258 -1.31015844610475 0.5129036825874336 0
4259 1.413900042594325 1.23432149582166 0
4260 1.684320398383681 2.108424976489567 0
4261 2.145588276170913 3.344485767828424 0
4262 1.865319116526499 1.91956226577737 0
4263 1.153748103890639 1.527487236074814 0
4264 2.77834106580357 3.35230922363436 0
4265 1.185843910026355 2.012413297866259 0
4266 1.023658190111277 2.396899194915859 0
4267 0.8437401237969309 0.321385938224497 0
4268 0.5226735879296842 1.580507293554777 0
4269 1.143505508612212 0.1399463400923804 0
4270 0.9939807114534703 1.551393221992822 0
4271 -1.01842640445664 1.5623659464285 0
4272 0.5306270720026907 1.476290109667503 0
4273 -1.772928812815743 2.099210718122053 0
4274 1.030822080498238 2.715094300282336 0
4275 1.418976930291 2.537188217654625 0
4276 -2.026284017689707 2.40296026441626 0
4277 -0.5266510813563985 1.864986745192335 0
4278 -1.62020908574847 2.856862578887846 0
4279 -2.065046692933275 0.4336451193792989 0
4280 -2.093752987171313 1.728635268619798 0
4281 -1.572826137511968 2.746432117117833 0
4282 -1.125887576876811 1.916367800019475 0
4283 1.996151462303094 1.088487186700305 0
4284 0.6025917737402626 0.9545998608435706 0
4285 -0.8763853434641258 3.355387648207643 0
4286 1.867321823768831 2.252304064514838 0
4287 -1.029372585091471 1.519350913865521 0
4288 -0.08562095237574915 3.352522718589207 0
4289 -1.904792684729382 2.389588789054036 0
4290 -1.445623729868415 0.9592698710231701 0
4291 1.539886481941255 2.500821768174251 0
4292 1.208042677161102 1.115718871108227 0
4293 2.015021149589528 2.114027439418903 0
4294 -2.350211343262251 1.400870495946055 0
4295 0.3349276124730076 1.010079210229942 0
4296 -0.8754495038794964 2.832147624717131 0
4297 1.07004097780605 1.442841359296391 0
4298 -1.22675690383589 2.185520489538705 0
4299 1.275045353761186 1.399881566673884 0
4300 0.8433840060045369 2.187083585057672 0
4301 1.712499040570143 1.39954134038536 0
4302 -1.090910200643671 2.111410469413164 0
4303 -0.3835112452303554 2.06391410993643 0
4304 -2.22675092855333 1.30581472055572 0
4305 0.3006027754198999 2.129542449923559 0
4306 2.014395644465559 0.7417269073488881 0
4307 2.154521424421168 1.568407173050375 0
4308 2.246049008449361 1.016493847777886 0
4309 1.48756022146047 2.545083235876996 0
4310 1.861631172008791 1.380855022142231 0
4311 0.1369391077571605 0.1511344626514211 0
4312 1.843512769657183 1.964680383765893 0
4313 -0.8669171936187632 3.050334721300317 0
4314 0.9155802546092158 1.662057224723225 0
4315 -1.069285887822128 1.201747685518954 0
4316 -1.679462640272567 2.71868869049417 0
4317 -2.090098409359703 1.387916759940626 0
4318 -1.513813563682093 1.224376426647606 0
4319 -1.074786596454949 1.393240229259704 0
4320 0.8304053700626857 1.472442321426696 0
4321 1.266754329507083 2.687289620688677 0
4322 2.124987824024889 0.8912321984483365 0
4323 -0.878439153807391 1.456769808252007 0
4324 1.635243194302328 2.134827441809096 0
4325 -0.9526162366416202 1.847581688803147 0
4326 1.5440905280023 3.024538735125316 0
4327 0.4093420233979108 1.734355779558201 0
4328 -1.125284230115573 1.701160307352282 0
4329 -0.826402359865689 2.070180741904024 0
4330 1.397215672352316 2.170006362301998 0
4331 1.599608115318935 1.104763712153064 0
4332 0.7580032168745706 1.572669421635956 0
4333 1.885692798821705 2.051405675107103 0
4334 -2.049792326932417 1.337675739902331 0
4335 0.8042247976301558 0.4836958846743094 0
4336 -2.009546368634734 1.211337771715929 0
4337 -0.7775094894248975 1.24887369481062 0
4338 -0.6110209543815582 2.626956494346663 0
4339 -1.575824496627671 2.496784436595104 0
4340 -1.212253981281874 1.31022468909319 0
4341 0.933497615746993 1.947703218080564 0
4342 -0.7440581827779088 0.8605110980265085 0
4343 0.4845918374182155 3.364245668318359 0
4344 -1.267346627766085 3.358853555461278 0
4345 1.229703782698579 2.433545332645406 0
4346 2.115700388011356 1.633819053476508 0
4347 2.823480347466392 3.431606444981878 0
4348 -1.044587964397411 1.479867403982897 0
4349 1.956746057640071 2.641676934029505 0
4350 -1.326857372779642 2.820254950930341 0
4351 -1.947678546186761 1.421676505224866 0
4352 -0.8519221707620047 1.556988573254978 0
4353 -0.8228987652738623 1.662681555701174 0
4354 -2.278209392277418 1.33023064906526 0
4355 2.380862578727397 2.121851806626553 0
4356 2.19962992412162 0.9201750426632405 0
4357 1.704564624180668 0.8771049131242832 0
4358 -2.720099328779585 2.723890047043272 0
4359 -2.417313006692627 2.487162919501304 0
4360 1.286295329059877 0.6052888318625316 0
4361 -2.097287483714616 1.912387347099129 0
4362 -1.242276065513525 2.092195807199026 0
4363 -0.8123198476227349 0.8502079794993243 0
4364 -1.108786188411397 1.197960032871559 0
4365 2.259011990847972 1.476235523851455 0
4366 -1.137683551110531 2.145697422160227 0
4367 -1.256184091350083 2.943151100977881 0
4368 -1.494371655314213 2.485598198162472 0
4369 1.752864626057288 1.432849969337538 0
4370 0.7644539034010811 2.028817815007666 0
4371 -0.7843191840821123 0.7431079536786771 0
4372 -1.096563466974517 1.44689203952556 0
4373 0.6369182991817797 1.435761648371537 0
4374 2.306783876723997 1.232825576915307 0
4375 -1.888933786645355 2.789104185207524 0
4376 -1.869144973402332 1.570151715824712 0
4377 -0.3117959218474382 1.985584459297627 0
4378 -1.140963916946004 2.316456264954796 0
4379 -1.709251718422519 1.140278241388848 0
4380 -0.618886317998707 1.571979091001851 0
4381 -1.598112724202906 0.1457340144768446 0
4382 0.5133903090971055 1.702256057489929 0
4383 -1.037548764084526 3.349138022792376 0
4384 2.329224652752221 1.51689137796172 0
4385 0.834125340884708 3.351262355168608 0
4386 1.533844039493386 2.173493489921434 0
4387 -1.652632500333944 1.131599578911984 0
4388 -0.7936974439730256 1.202260719700808 0
4389 1.131463761462969 2.464205579853133 0
4390 1.912699541968732 3.350896210269905 0
4391 -0.9229732345380417 3.120137183809614 0
4392 1.156213464653482 2.729636756846139 0
4393 -0.9506662922735853 0.1349106298941563 0
4394 1.981094075029425 0.412921619125808 0
4395 -0.6293451510387138 2.03558393487449 0
4396 -1.945854438979317 1.113102266619607 0
4397 -2.375703493108345 2.89921374775745 0
4398 -1.569774364213216 1.378221742800173 0
4399 1.842333548322343 1.527708901414926 0
4400 2.275623086866766 1.140328629700984 0
4401 1.527788678465634 2.797411457195613 0
4402 -1.792531949989793 1.380856116391878 0
4403 1.617039173321017 1.357381050135625 0
4404 1.264265931610233 1.144161310255835 0
4405 1.127795075769317 1.814377888932798 0
4406 0.5295586375961936 1.039132150814682 0
4407 1.929968560774412 1.56695465110264 0
4408 -1.73041696726056 2.130054706495279 0
4409 1.419575391211359 0.7336812553407335 0
4410 -1.602648510467418 2.175953959679975 0
4411 -0.7451202610571365 2.250082029924116 0
4412 -1.950577220662141 2.119554325274008 0
4413 0.6415693578939954 2.211685337088763 0
4414 -0.8643332468325761 1.506217577592821 0
4415 -1.923174566349106 3.187725281227718 0
4416 -0.02658593888558877 1.693240895553982 0
4417 -1.179268526042964 1.549883969066325 0
4418 -2.55650990564875 3.347217371167763 0
4419 1.136244431904287 2.676911934503292 0
4420 0.7907367994469268 1.986050733748745 0
4421 -1.297053474046475 1.124054707640818 0
4422 1.196411249136219 2.15323954991676 0
4423 1.216100971981203 2.173732798204379 0
4424 -2.709806228583019 2.978947904106405 0
4425 0.299279535281262 1.869598524424206 0
4426 2.826704445891514 3.09472502277747 0
4427 -0.6435419045440683 2.533859955949012 0
4428 2.287626529863954 1.350420815920653 0
4429 2.356309945582204 3.439188614800811 0
4430 -0.4655835032717088 3.433569120769545 0
4431 -2.078448747510963 0.9008120322178774 0
4432 -1.97953501490581 1.158753423029873 0
4433 1.312464869022733 1.05694126581389 0
4434 2.053482909657817 2.118909109486611 0
4435 -1.785523773785049 1.411023243834978 0
$EndNodes
$Elements
8872
1 1 2 2 1 1 7
2 1 2 2 1 7 8
3 1 2 2 1 8 9
4 1 2 2 1 9 10
5 1 2 2 1 10 11
6 1 2 2 1 11 12
7 1 2 2 1 12 13
8 1 2 2 1 13 14
9 1 2 2 1 14 15
10 1 2 2 1 15 16
11 1 2 2 1 16 17
12 1 2 2 1 17 18
13 1 2 2 1 18 19
14 1 2 2 1 19 20
15 1 2 2 1 20 21
16 1 2 2 1 21 22
17 1 2 2 1 22 23
18 1 2 2 1 23 24
19 1 2 2 1 24 25
20 1 2 2 1 25 26
21 1 2 2 1 26 27
22 1 2 2 1 27 28
23 1 2 2 1 28 29
24 1 2 2 1 29 30
25 1 2 2 1 30 31
26 1 2 2 1 31 32
27 1 2 2 1 32 33
28 1 2 2 1 33 34
29 1 2 2 1 34 35
30 1 2 2 1 35 36
31 1 2 2 1 36 37
32 1 2 2 1 37 38
33 1 2 2 1 38 39
34 1 2 2 1 39 40
35 1 2 2 1 40 41
36 1 2 2 1 41 42
37 1 2 2 1 42 43
38 1 2 2 1 43 44
39 1 2 2 1 44 45
40 1 2 2 1 45 46
41 1 2 2 1 46 47
42 1 2 2 1 47 2
43 1 2 3 2 3 48
44 1 2 3 2 48 49
45 1 2 3 2 49 50
46 1 2 3 2 50 51
47 1 2 3 2 51 52
48 1 2 3 2 52 53
49 1 2 3 2 53 54
50 1 2 3 2 54 55
51 1 2 3 2 55 56
52 1 2 3 2 56 57
53 1 2 3 2 57 58
54 1 2 3 2 58 59
55 1 2 3 2 59 60
56 1 2 3 2 60 61
57 1 2 3 2 61 62
58 1 2 3 2 62 63
59 1 2 3 2 63 64
60 1 2 3 2 64 65
61 1 2 3 2 65 66
62 1 2 3 2 66 67
63 1 2 3 2 67 68
64 1 2 3 2 68 69
65 1 2 3 2 69 70
66 1 2 3 2 70 71
67 1 2 3 2 71 72
68 1 2 3 2 72 73
69 1 2 3 2 73 74
70 1 2 3 2 74 75
71 1 2 3 2 75 76
72 1 2 3 2 76 77
73 1 2 3 2 77 78
74 1 2 3 2 78 79
75 1 2 3 2 79 80
76 1 2 3 2 80 81
77 1 2 3 2 81 82
78 1 2 3 2 82 83
79 1 2 3 2 83 84
80 1 2 3 2 84 85
81 1 2 3 2 85 86
82 1 2 3 2 86 87
83 1 2 3 2 87 88
84 1 2 3 2 88 89
85 1 2 3 2 89 1
86 1 2 3 3 2 90
87 1 2 3 3 90 91
88 1 2 3 3 91 92
89 1 2 3 3 92 93
90 1 2 3 3 93 94
91 1 2 3 3 94 95
92 1 2 3 3 95 96
93 1 2 3 3 96 97
94 1 2 3 3 97 98
95 1 2 3 3 98 99
96 1 2 3 3 99 100
97 1 2 3 3 100 101
98 1 2 3 3 101 102
99 1 2 3 3 102 103
100 1 2 3 3 103 104
101 1 2 3 3 104 105
102 1 2 3 3 105 106
103 1 2 3 3 106 107
104 1 2 3 3 107 108
105 1 2 3 3 108 109
106 1 2 3 3 109 110
107 1 2 3 3 110 111
108 1 2 3 3 111 112
109 1 2 3 3 112 113
110 1 2 3 3 113 114
111 1 2 3 3 114 115
112 1 2 3 3 115 116
113 1 2 3 3 116 117
114 1 2 3 3 117 118
115 1 2 3 3 118 119
116 1 2 3 3 119 120
117 1 2 3 3 120 121
118 1 2 3 3 121 122
119 1 2 3 3 122 123
120 1 2 3 3 123 124
121 1 2 3 3 124 125
122 1 2 3 3 125 126
123 1 2 3 3 126 127
124 1 2 3 3 127 128
125 1 2 3 3 128 129
126 1 2 3 3 129 130
127 1 2 3 3 130 131
128 1 2 3 3 131 4
129 1 2 1 4 4 132
130 1 2 1 4 132 133
131 1 2 1 4 133 134
132 1 2 1 4 134 135
133 1 2 1 4 135 136
134 1 2 1 4 136 137
135 1 2 1 4 137 138
136 1 2 1 4 138 139
137 1 2 1 4 139 140
138 1 2 1 4 140 141
139 1 2 1 4 141 142
140 1 2 1 4 142 143
141 1 2 1 4 143 144
142 1 2 1 4 144 145
143 1 2 1 4 145 146
144 1 2 1 4 146 147
145 1 2 1 4 147 148
146 1 2 1 4 148 149
147 1 2 1 4 149 150
148 1 2 1 4 150 151
149 1 2 1 4 151 152
150 1 2 1 4 152 153
151 1 2 1 4 153 154
152 1 2 1 4 154 155
153 1 2 1 4 155 156
154 1 2 1 4 156 157
155 1 2 1 4 157 158
156 1 2 1 4 158 159
157 1 2 1 4 159 160
158 1 2 1 4 160 161
159 1 2 1 4 161 162
160 1 2 1 4 162 163
161 1 2 1 4 163 164
162 1 2 1 4 164 165
163 1 2 1 4 165 166
164 1 2 1 4 166 167
165 1 2 1 4 167 168
166 1 2 1 4 168 169
167 1 2 1 4 169 170
168 1 2 1 4 170 171
169 1 2 1 4 171 172
170 1 2 1 4 172 173
171 1 2 1 4 173 174
172 1 2 1 4 174 175
173 1 2 1 4 175 176
174 1 2 1 4 176 177
175 1 2 1 4 177 178
176 1 2 1 4 178 179
177 1 2 1 4 179 180
178 1 2 1 4 180 181
179 1 2 1 4 181 182
180 1 2 1 4 182 183
181 1 2 1 4 183 184
182 1 2 1 4 184 185
183 1 2 1 4 185 186
184 1 2 1 4 186 187
185 1 2 1 4 187 188
186 1 2 1 4 188 189
187 1 2 1 4 189 190
188 1 2 1 4 190 191
189 1 2 1 4 191 192
190 1 2 1 4 192 3
191 1 2 4 5 5 193
192 1 2 4 5 193 194
193 1 2 4 5 194 195
194 1 2 4 5 195 196
195 1 2 4 5 196 197
196 1 2 4 5 197 198
197 1 2 4 5 198 199
198 1 2 4 5 199 200
199 1 2 4 5 200 201
200 1 2 4 5 201 202
201 1 2 4 5 202 203
202 1 2 4 5 203 204
203 1 2 4 5 204 205
204 1 2 4 5 205 206
205 1 2 4 5 206 207
206 1 2 4 5 207 208
207 1 2 4 5 208 209
208 1 2 4 5 209 210
209 1 2 4 5 210 211
210 1 2 4 5 211 212
211 1 2 4 5 212 213
212 1 2 4 5 213 214
213 1 2 4 5 214 215
214 1 2 4 5 215 216
215 1 2 4 5 216 217
216 1 2 4 5 217 218
217 1 2 4 5 218 219
218 1 2 4 5 219 220
219 1 2 4 5 220 221
220 1 2 4 5 221 222
221 1 2 4 5 222 223
222 1 2 4 5 223 224
223 1 2 4 5 224 225
224 1 2 4 5 225 226
225 1 2 4 5 226 227
226 1 2 4 5 227 228
227 1 2 4 5 228 229
228 1 2 4 5 229 230
229 1 2 4 5 230 231
230 1 2 4 5 231 232
231 1 2 4 5 232 233
232 1 2 4 5 233 234
233 1 2 4 5 234 235
234 1 2 4 5 235 236
235 1 2 4 5 236 237
236 1 2 4 5 237 238
237 1 2 4 5 238 239
238 1 2 4 5 239 240
239 1 2 4 5 240 241
240 1 2 4 5 241 242
241 1 2 4 5 242 243
242 1 2 4 5 243 244
243 1 2 4 5 244 245
244 1 2 4 5 245 246
245 1 2 4 5 246 247
246 1 2 4 5 247 248
247 1 2 4 5 248 5
248 1 2 4 6 6 249
249 1 2 4 6 249 250
250 1 2 4 6 250 251
251 1 2 4 6 251 252
252 1 2 4 6 252 253
253 1 2 4 6 253 254
254 1 2 4 6 254 255
255 1 2 4 6 255 256
256 1 2 4 6 256 257
257 1 2 4 6 257 258
258 1 2 4 6 258 259
259 1 2 4 6 259 260
260 1 2 4 6 260 261
261 1 2 4 6 261 262
262 1 2 4 6 262 263
263 1 2 4 6 263 264
264 1 2 4 6 264 265
265 1 2 4 6 265 266
266 1 2 4 6 266 267
267 1 2 4 6 267 268
268 1 2 4 6 268 269
269 1 2 4 6 269 270
270 1 2 4 6 270 271
271 1 2 4 6 271 272
272 1 2 4 6 272 273
273 1 2 4 6 273 274
274 1 2 4 6 274 275
275 1 2 4 6 275 276
276 1 2 4 6 276 277
277 1 2 4 6 277 278
278 1 2 4 6 278 279
279 1 2 4 6 279 280
280 1 2 4 6 280 281
281 1 2 4 6 281 282
282 1 2 4 6 282 283
283 1 2 4 6 283 284
284 1 2 4 6 284 285
285 1 2 4 6 285 286
286 1 2 4 6 286 287
287 1 2 4 6 287 288
288 1 2 4 6 288 289
289 1 2 4 6 289 290
290 1 2 4 6 290 291
291 1 2 4 6 291 292
292 1 2 4 6 292 293
293 1 2 4 6 293 294
294 1 2 4 6 294 295
295 1 2 4 6 295 296
296 1 2 4 6 296 297
297 1 2 4 6 297 298
298 1 2 4 6 298 299
299 1 2 4 6 299 300
300 1 2 4 6 300 301
301 1 2 4 6 301 302
302 1 2 4 6 302 303
303 1 2 4 6 303 304
304 1 2 4 6 304 6
305 2 2 10 4 2569 3982 2570
306 2 2 10 4 2584 2585 544
307 2 2 10 4 2944 3471 2677
308 2 2 10 4 2454 3387 348
309 2 2 10 4 2649 2687 2638
310 2 2 10 4 2461 2463 978
311 2 2 10 4 2304 3398 306
312 2 2 10 4 2584 2686 2562
313 2 2 10 4 387 2424 2422
314 2 2 10 4 3096 3611 1728
315 2 2 10 4 2344 2957 739
316 2 2 10 4 2158 3524 2705
317 2 2 10 4 1404 2740 2441
318 2 2 10 4 2061 2933 2932
319 2 2 10 4 1654 3728 3699
320 2 2 10 4 2242 3976 3915
321 2 2 10 4 2680 3349 534
322 2 2 10 4 1143 3041 1140
323 2 2 10 4 707 3836 2810
324 2 2 10 4 2893 3855 3708
325 2 2 10 4 1966 3228 1969
326 2 2 10 4 3201 3602 2042
327 2 2 10 4 2440 3722 764
328 2 2 10 4 1091 3340 2611
329 2 2 10 4 2240 3553 2315
330 2 2 10 4 3098 3836 707
331 2 2 10 4 2403 3654 2921
332 2 2 10 4 2911 3979 752
333 2 2 10 4 1689 2850 2849
334 2 2 10 4 3229 3816 2269
335 2 2 10 4 1728 4083 3096
336 2 2 10 4 951 3816 3229
337 2 2 10 4 2812 3012 2255
338 2 2 10 4 2954 3800 2567
339 2 2 10 4 1150 2586 1144
340 2 2 10 4 2932 3190 2061
341 2 2 10 4 964 3294 2420
342 2 2 10 4 2612 3188 2246
343 2 2 10 4 707 3564 3098
344 2 2 10 4 869 3604 875
345 2 2 10 4 767 2750 2749
346 2 2 10 4 988 3164 791
347 2 2 10 4 2414 3130 2958
348 2 2 10 4 2560 3803 3499
349 2 2 10 4 3708 3855 2153
350 2 2 10 4 2694 2779 2561
351 2 2 10 4 539 3471 2944
352 2 2 10 4 1905 2767 1906
353 2 2 10 4 2063 3613 3570
354 2 2 10 4 2453 3083 1893
355 2 2 10 4 382 4045 3416
356 2 2 10 4 764 3722 727
357 2 2 10 4 3416 4045 3417
358 2 2 10 4 3570 3613 2914
359 2 2 10 4 1443 4319 4206
360 2 2 10 4 2298 3979 2911
361 2 2 10 4 3494 3849 2552
362 2 2 10 4 2793 2796 1969
363 2 2 10 4 2125 3008 2124
364 2 2 10 4 2347 2709 628
365 2 2 10 4 775 3715 2382
366 2 2 10 4 2201 3993 2930
367 2 2 10 4 2240 3899 3553
368 2 2 10 4 2656 3126 2658
369 2 2 10 4 72 2845 356
370 2 2 10 4 2496 2497 1799
371 2 2 10 4 2485 3808 2324
372 2 2 10 4 1813 4208 4111
373 2 2 10 4 3167 3990 3439
374 2 2 10 4 2923 2924 1888
375 2 2 10 4 2382 3536 775
376 2 2 10 4 1144 2586 1146
377 2 2 10 4 2930 4005 2201
378 2 2 10 4 3699 3728 2351
379 2 2 10 4 2818 3506 1988
380 2 2 10 4 2888 4208 1813
381 2 2 10 4 2649 3300 555
382 2 2 10 4 2561 4177 2694
383 2 2 10 4 363 3833 188
384 2 2 10 4 2444 2472 960
385 2 2 10 4 1775 3485 2857
386 2 2 10 4 2972 3346 2655
387 2 2 10 4 3714 4204 3481
388 2 2 10 4 2969 3982 2569
389 2 2 10 4 1689 2849 2848
390 2 2 10 4 2302 3159 2289
391 2 2 10 4 2951 3564 707
392 2 2 10 4 2398 2840 2400
393 2 2 10 4 2255 4094 2812
394 2 2 10 4 2463 2742 978
395 2 2 10 4 767 2751 2750
396 2 2 10 4 2705 3524 818
397 2 2 10 4 2584 3994 2686
398 2 2 10 4 3367 3714 409
399 2 2 10 4 1969 3228 2793
400 2 2 10 4 2367 4222 2966
401 2 2 10 4 367 2495 2493
402 2 2 10 4 1988 3806 2818
403 2 2 10 4 3572 3854 3057
404 2 2 10 4 1148 3753 3660
405 2 2 10 4 3391 3394 1844
406 2 2 10 4 2226 3053 2904
407 2 2 10 4 1156 3861 3499
408 2 2 10 4 703 4050 3591
409 2 2 10 4 2883 3681 3506
410 2 2 10 4 2331 4169 4034
411 2 2 10 4 3378 3536 2004
412 2 2 10 4 2857 3485 2856
413 2 2 10 4 72 4294 2845
414 2 2 10 4 1459 3346 2972
415 2 2 10 4 2958 2959 2414
416 2 2 10 4 2592 2685 2684
417 2 2 10 4 1504 3396 1348
418 2 2 10 4 2733 4120 649
419 2 2 10 4 2353 4085 1247
420 2 2 10 4 3284 3285 366
421 2 2 10 4 2236 2915 1854
422 2 2 10 4 3499 3861 2579
423 2 2 10 4 2704 2836 2575
424 2 2 10 4 2124 3008 2313
425 2 2 10 4 3012 4388 1987
426 2 2 10 4 2179 2884 2290
427 2 2 10 4 2649 4022 2687
428 2 2 10 4 457 2758 2428
429 2 2 10 4 649 4146 2733
430 2 2 10 4 3466 4040 3784
431 2 2 10 4 2324 3808 2182
432 2 2 10 4 1247 3811 2353
433 2 2 10 4 739 3825 2344
434 2 2 10 4 1050 3074 2312
435 2 2 10 4 3570 3695 2063
436 2 2 10 4 2428 4249 457
437 2 2 10 4 1304 2851 975
438 2 2 10 4 2102 3372 3078
439 2 2 10 4 1659 3785 3176
440 2 2 10 4 4005 4089 2202
441 2 2 10 4 523 3126 2656
442 2 2 10 4 3660 3753 3132
443 2 2 10 4 741 3764 2500
444 2 2 10 4 2421 3233 1046
445 2 2 10 4 859 4059 3511
446 2 2 10 4 2491 3196 2113
447 2 2 10 4 975 2851 1026
448 2 2 10 4 2398 2841 2840
449 2 2 10 4 491 2916 489
450 2 2 10 4 1046 3579 2421
451 2 2 10 4 2739 3351 1176
452 2 2 10 4 3439 3916 3167
453 2 2 10 4 2064 2788 2375
454 2 2 10 4 1090 4404 3023
455 2 2 10 4 1844 3393 3391
456 2 2 10 4 1449 3874 3112
457 2 2 10 4 2338 4011 1342
458 2 2 10 4 409 3714 3481
459 2 2 10 4 2453 3801 3083
460 2 2 10 4 2523 2834 2833
461 2 2 10 4 1536 3602 3201
462 2 2 10 4 3097 3695 3570
463 2 2 10 4 1759 2999 2465
464 2 2 10 4 3915 3976 1788
465 2 2 10 4 2299 3965 2994
466 2 2 10 4 374 3437 2330
467 2 2 10 4 2371 3650 346
468 2 2 10 4 2255 3012 1987
469 2 2 10 4 1406 3363 1381
470 2 2 10 4 978 4425 2461
471 2 2 10 4 4034 4169 381
472 2 2 10 4 376 3404 2379
473 2 2 10 4 1090 3023 1089
474 2 2 10 4 2145 3780 3163
475 2 2 10 4 2330 3946 374
476 2 2 10 4 2756 3369 706
477 2 2 10 4 3402 3599 3556
478 2 2 10 4 1987 4388 1986
479 2 2 10 4 2927 4319 1443
480 2 2 10 4 2611 3804 1091
481 2 2 10 4 2725 4059 859
482 2 2 10 4 2510 3526 3172
483 2 2 10 4 2614 2779 516
484 2 2 10 4 960 2445 2444
485 2 2 10 4 395 3264 2771
486 2 2 10 4 2518 2706 2516
487 2 2 10 4 2458 3123 1560
488 2 2 10 4 889 3544 2383
489 2 2 10 4 2349 3573 1614
490 2 2 10 4 2425 2487 356
491 2 2 10 4 2508 3468 2509
492 2 2 10 4 2966 4222 1615
493 2 2 10 4 2422 2952 387
494 2 2 10 4 2225 3053 2226
495 2 2 10 4 1968 3228 1966
496 2 2 10 4 3422 3753 3687
497 2 2 10 4 3591 4050 2450
498 2 2 10 4 2587 3528 1150
499 2 2 10 4 1837 3170 1804
500 2 2 10 4 2994 3965 2995
501 2 2 10 4 3159 3529 2289
502 2 2 10 4 2268 3655 3042
503 2 2 10 4 2771 3264 2271
504 2 2 10 4 1398 3516 1400
505 2 2 10 4 2208 3238 2479
506 2 2 10 4 2476 3186 1607
507 2 2 10 4 3687 3753 1148
508 2 2 10 4 3784 4040 760
509 2 2 10 4 2910 3898 804
510 2 2 10 4 2236 2916 2915
511 2 2 10 4 791 3164 789
512 2 2 10 4 2357 3834 2119
513 2 2 10 4 3117 4408 2881
514 2 2 10 4 523 2656 2653
515 2 2 10 4 2833 4423 2523
516 2 2 10 4 1459 3479 2650
517 2 2 10 4 3654 4095 2921
518 2 2 10 4 2359 3878 3649
519 2 2 10 4 767 2757 662
520 2 2 10 4 356 2845 2425
521 2 2 10 4 2119 3915 2357
522 2 2 10 4 1654 3699 3685
523 2 2 10 4 1906 2767 2363
524 2 2 10 4 2094 3866 3762
525 2 2 10 4 3308 3398 2304
526 2 2 10 4 3573 3796 2319
527 2 2 10 4 1140 3041 1142
528 2 2 10 4 1093 4404 1090
529 2 2 10 4 3649 3878 1761
530 2 2 10 4 3052 3848 2583
531 2 2 10 4 3050 3890 753
532 2 2 10 4 2519 4154 2834
533 2 2 10 4 2368 3202 354
534 2 2 10 4 2246 3997 2612
535 2 2 10 4 255 3989 3185
536 2 2 10 4 2743 3119 2099
537 2 2 10 4 1882 4408 3117
538 2 2 10 4 3240 3422 1242
539 2 2 10 4 2347 2814 2709
540 2 2 10 4 285 2685 574
541 2 2 10 4 201 2622 457
542 2 2 10 4 267 2807 600
543 2 2 10 4 298 2697 335
544 2 2 10 4 218 2808 333
545 2 2 10 4 2569 3990 2968
546 2 2 10 4 1075 3841 3210
547 2 2 10 4 2179 3794 2884
548 2 2 10 4 3908 4067 1202
549 2 2 10 4 2512 3432 349
550 2 2 10 4 2567 3683 2954
551 2 2 10 4 3189 3741 2167
552 2 2 10 4 2783 2784 2309
553 2 2 10 4 2473 4330 623
554 2 2 10 4 2192 3555 2683
555 2 2 10 4 2358 3372 2102
556 2 2 10 4 3176 3785 2731
557 2 2 10 4 2971 3422 3240
558 2 2 10 4 2375 3033 2064
559 2 2 10 4 1812 2888 1813
560 2 2 10 4 3911 4066 3454
561 2 2 10 4 2348 3177 2976
562 2 2 10 4 2994 3111 1879
563 2 2 10 4 342 3064 2772
564 2 2 10 4 1031 3941 2035
565 2 2 10 4 1499 3099 1016
566 2 2 10 4 2757 4290 662
567 2 2 10 4 2393 2841 2395
568 2 2 10 4 2811 3998 3985
569 2 2 10 4 2909 3410 2066
570 2 2 10 4 3685 3699 3009
571 2 2 10 4 2093 3760 3651
572 2 2 10 4 2479 4292 2208
573 2 2 10 4 2487 3786 2785
574 2 2 10 4 804 4210 2910
575 2 2 10 4 3291 3452 3290
576 2 2 10 4 389 4066 3911
577 2 2 10 4 508 3014 505
578 2 2 10 4 1618 2503 2482
579 2 2 10 4 503 2472 500
580 2 2 10 4 413 3010 804
581 2 2 10 4 623 2989 2473
582 2 2 10 4 3112 3874 2430
583 2 2 10 4 2136 3192 2486
584 2 2 10 4 2680 2748 2670
585 2 2 10 4 2780 3514 671
586 2 2 10 4 1689 2848 1339
587 2 2 10 4 3694 4369 1885
588 2 2 10 4 3529 3830 2289
589 2 2 10 4 3057 3854 1130
590 2 2 10 4 1614 4201 2349
591 2 2 10 4 534 4056 2680
592 2 2 10 4 2143 2888 1812
593 2 2 10 4 2767 3833 363
594 2 2 10 4 1918 2992 1657
595 2 2 10 4 132 393 131
596 2 2 10 4 3040 3453 2784
597 2 2 10 4 3584 4067 2310
598 2 2 10 4 2509 3468 2983
599 2 2 10 4 3766 3880 2897
600 2 2 10 4 3135 3702 3700
601 2 2 10 4 345 3830 3529
602 2 2 10 4 2035 3941 2967
603 2 2 10 4 1177 3022 2610
604 2 2 10 4 2497 3213 1799
605 2 2 10 4 2345 4162 2777
606 2 2 10 4 3034 3387 2454
607 2 2 10 4 601 3857 2490
608 2 2 10 4 968 3741 3189
609 2 2 10 4 3230 4067 3908
610 2 2 10 4 2228 3616 3195
611 2 2 10 4 388 3370 2766
612 2 2 10 4 2066 3410 2830
613 2 2 10 4 2849 3714 3367
614 2 2 10 4 526 2795 969
615 2 2 10 4 2207 3534 3238
616 2 2 10 4 2784 4169 2309
617 2 2 10 4 3843 3980 2746
618 2 2 10 4 1342 3716 2338
619 2 2 10 4 346 3758 2371
620 2 2 10 4 2993 3593 2796
621 2 2 10 4 2379 3547 376
622 2 2 10 4 1805 3006 1806
623 2 2 10 4 1923 3905 3724
624 2 2 10 4 2924 3550 1888
625 2 2 10 4 1198 3723 2442
626 2 2 10 4 2841 2842 2840
627 2 2 10 4 3162 3164 988
628 2 2 10 4 544 3994 2584
629 2 2 10 4 2066 2830 2067
630 2 2 10 4 2334 3184 3177
631 2 2 10 4 2622 2758 457
632 2 2 10 4 3781 3838 106
633 2 2 10 4 1409 3114 2651
634 2 2 10 4 2653 3104 523
635 2 2 10 4 130 3120 129
636 2 2 10 4 2067 2830 2247
637 2 2 10 4 514 2742 510
638 2 2 10 4 3351 3743 1176
639 2 2 10 4 2985 4143 760
640 2 2 10 4 3453 4169 2784
641 2 2 10 4 383 3451 2457
642 2 2 10 4 1957 3196 2973
643 2 2 10 4 2308 3838 3781
644 2 2 10 4 2697 4369 3694
645 2 2 10 4 3031 3551 3539
646 2 2 10 4 3568 3665 2460
647 2 2 10 4 2004 3536 2382
648 2 2 10 4 415 3010 413
649 2 2 10 4 600 2807 2519
650 2 2 10 4 333 2808 397
651 2 2 10 4 539 3103 2470
652 2 2 10 4 2491 3793 3144
653 2 2 10 4 1587 2956 2755
654 2 2 10 4 3651 3760 3024
655 2 2 10 4 2112 3665 3568
656 2 2 10 4 1905 2768 2767
657 2 2 10 4 247 3104 2652
658 2 2 10 4 2441 3489 1404
659 2 2 10 4 367 3118 2495
660 2 2 10 4 84 3015 326
661 2 2 10 4 2702 4203 2988
662 2 2 10 4 2420 3470 964
663 2 2 10 4 354 3826 2368
664 2 2 10 4 3124 3147 2565
665 2 2 10 4 970 3604 869
666 2 2 10 4 4048 4224 1902
667 2 2 10 4 2468 4024 3896
668 2 2 10 4 3606 3896 2266
669 2 2 10 4 2623 3193 820
670 2 2 10 4 320 3394 3390
671 2 2 10 4 3782 3813 2188
672 2 2 10 4 3985 3998 2075
673 2 2 10 4 2766 3964 388
674 2 2 10 4 2409 2839 2838
675 2 2 10 4 1381 3363 1383
676 2 2 10 4 2775 3136 2031
677 2 2 10 4 2483 2915 832
678 2 2 10 4 2872 3514 2780
679 2 2 10 4 386 3448 3206
680 2 2 10 4 3212 3446 347
681 2 2 10 4 1406 3105 2776
682 2 2 10 4 1750 2783 2309
683 2 2 10 4 1761 3878 3710
684 2 2 10 4 375 3477 3339
685 2 2 10 4 3547 3931 376
686 2 2 10 4 3163 3780 3164
687 2 2 10 4 967 2751 658
688 2 2 10 4 555 4022 2649
689 2 2 10 4 797 2978 849
690 2 2 10 4 307 3138 2435
691 2 2 10 4 3068 3380 2191
692 2 2 10 4 2411 2841 2393
693 2 2 10 4 3762 3866 3049
694 2 2 10 4 94 3801 2453
695 2 2 10 4 2988 3559 2702
696 2 2 10 4 2857 3922 3856
697 2 2 10 4 2488 3786 2487
698 2 2 10 4 2226 3006 1805
699 2 2 10 4 1560 4278 2458
700 2 2 10 4 2299 2994 1879
701 2 2 10 4 1417 3980 3843
702 2 2 10 4 109 2741 108
703 2 2 10 4 2681 4366 1460
704 2 2 10 4 3506 3681 1988
705 2 2 10 4 1803 3184 1864
706 2 2 10 4 760 4040 2985
707 2 2 10 4 970 4254 3182
708 2 2 10 4 572 3380 3068
709 2 2 10 4 2860 3814 3647
710 2 2 10 4 1563 3199 3122
711 2 2 10 4 3499 3803 1165
712 2 2 10 4 2349 3796 3573
713 2 2 10 4 2165 3902 3811
714 2 2 10 4 2442 3713 1198
715 2 2 10 4 348 4157 2454
716 2 2 10 4 2878 3371 2311
717 2 2 10 4 2976 4110 2348
718 2 2 10 4 2518 3171 2706
719 2 2 10 4 2247 2830 2492
720 2 2 10 4 2777 3535 2345
721 2 2 10 4 1565 3117 2881
722 2 2 10 4 2980 3483 1378
723 2 2 10 4 3656 3689 3519
724 2 2 10 4 191 394 388
725 2 2 10 4 658 2751 660
726 2 2 10 4 2377 4048 1902
727 2 2 10 4 3185 3989 2329
728 2 2 10 4 387 3120 2424
729 2 2 10 4 3339 3889 375
730 2 2 10 4 306 4288 2304
731 2 2 10 4 3042 3655 949
732 2 2 10 4 392 394 49
733 2 2 10 4 2561 2779 2614
734 2 2 10 4 1438 3689 3656
735 2 2 10 4 1222 2977 1226
736 2 2 10 4 2339 4208 4023
737 2 2 10 4 623 4330 2715
738 2 2 10 4 2647 3104 2653
739 2 2 10 4 1375 2927 1443
740 2 2 10 4 3334 3931 3547
741 2 2 10 4 753 4004 3050
742 2 2 10 4 2805 3774 3772
743 2 2 10 4 1799 2498 2496
744 2 2 10 4 2951 3168 1914
745 2 2 10 4 2777 4162 3376
746 2 2 10 4 1764 3984 3110
747 2 2 10 4 2253 3483 2980
748 2 2 10 4 2585 3428 544
749 2 2 10 4 1259 4089 4005
750 2 2 10 4 2553 3125 2548
751 2 2 10 4 2744 3476 1683
752 2 2 10 4 2170 4021 3232
753 2 2 10 4 832 2916 491
754 2 2 10 4 1364 2956 1366
755 2 2 10 4 2568 3990 2569
756 2 2 10 4 2658 3126 2678
757 2 2 10 4 2153 3855 3747
758 2 2 10 4 3110 4060 1764
759 2 2 10 4 2326 4208 2339
760 2 2 10 4 3326 3480 2608
761 2 2 10 4 2922 4305 2920
762 2 2 10 4 1952 3628 2789
763 2 2 10 4 2499 3069 1958
764 2 2 10 4 2338 3716 2354
765 2 2 10 4 347 3445 3212
766 2 2 10 4 2755 2983 1587
767 2 2 10 4 2821 4152 3489
768 2 2 10 4 2556 3873 2695
769 2 2 10 4 3772 3774 2213
770 2 2 10 4 2776 3363 1406
771 2 2 10 4 2252 3593 2993
772 2 2 10 4 3433 3435 984
773 2 2 10 4 2937 3854 3572
774 2 2 10 4 1807 4200 2906
775 2 2 10 4 984 3435 2774
776 2 2 10 4 2336 4260 2718
777 2 2 10 4 2592 4175 2685
778 2 2 10 4 2575 4263 2704
779 2 2 10 4 1072 4336 3621
780 2 2 10 4 731 3436 762
781 2 2 10 4 2297 3227 3028
782 2 2 10 4 2113 3196 1957
783 2 2 10 4 1801 2939 2234
784 2 2 10 4 2694 4177 2695
785 2 2 10 4 820 3194 2623
786 2 2 10 4 2088 3783 3183
787 2 2 10 4 76 3799 3586
788 2 2 10 4 560 3487 2469
789 2 2 10 4 1675 3111 2994
790 2 2 10 4 2997 4395 490
791 2 2 10 4 829 2859 925
792 2 2 10 4 2113 3793 2491
793 2 2 10 4 675 3882 3190
794 2 2 10 4 960 2472 503
795 2 2 10 4 698 2861 775
796 2 2 10 4 611 3550 2924
797 2 2 10 4 2266 3828 3606
798 2 2 10 4 2565 3147 2580
799 2 2 10 4 2650 3346 1459
800 2 2 10 4 627 2870 744
801 2 2 10 4 4087 4234 506
802 2 2 10 4 1807 2901 2900
803 2 2 10 4 2893 3708 2890
804 2 2 10 4 2695 4177 2556
805 2 2 10 4 4111 4125 1813
806 2 2 10 4 3237 4125 4111
807 2 2 10 4 2795 2883 969
808 2 2 10 4 2334 3177 2348
809 2 2 10 4 2465 2998 1759
810 2 2 10 4 2948 2950 316
811 2 2 10 4 2770 3518 2613
812 2 2 10 4 3144 3793 1725
813 2 2 10 4 3195 3616 2044
814 2 2 10 4 2207 3238 2208
815 2 2 10 4 1822 3054 2478
816 2 2 10 4 2435 3815 307
817 2 2 10 4 2821 3489 2441
818 2 2 10 4 2239 2782 2781
819 2 2 10 4 2511 4214 3569
820 2 2 10 4 1178 3800 2954
821 2 2 10 4 1339 2848 1571
822 2 2 10 4 1750 2964 2783
823 2 2 10 4 2072 3083 3082
824 2 2 10 4 3700 3702 1688
825 2 2 10 4 2453 4171 94
826 2 2 10 4 3182 3604 970
827 2 2 10 4 2427 4235 4180
828 2 2 10 4 3467 3581 695
829 2 2 10 4 675 3190 2932
830 2 2 10 4 1435 2898 1449
831 2 2 10 4 1727 3099 1499
832 2 2 10 4 381 4169 3453
833 2 2 10 4 849 2978 2858
834 2 2 10 4 1857 3557 1997
835 2 2 10 4 967 2752 2751
836 2 2 10 4 3390 3394 3391
837 2 2 10 4 2457 3142 383
838 2 2 10 4 2482 3074 1618
839 2 2 10 4 3032 3551 3031
840 2 2 10 4 3710 3878 3064
841 2 2 10 4 3232 4035 2170
842 2 2 10 4 3569 4214 1916
843 2 2 10 4 1366 2956 1587
844 2 2 10 4 2383 4137 889
845 2 2 10 4 1844 3396 1504
846 2 2 10 4 3096 4083 3094
847 2 2 10 4 3439 3990 2568
848 2 2 10 4 1875 3170 1837
849 2 2 10 4 3122 3199 3121
850 2 2 10 4 3053 4226 1874
851 2 2 10 4 1348 3396 1732
852 2 2 10 4 2155 3626 2156
853 2 2 10 4 2939 2940 2234
854 2 2 10 4 457 4249 2683
855 2 2 10 4 1657 2992 1658
856 2 2 10 4 1852 2765 2236
857 2 2 10 4 2143 3103 2887
858 2 2 10 4 3285 3983 366
859 2 2 10 4 108 2741 357
860 2 2 10 4 2705 3756 2158
861 2 2 10 4 2720 4075 2250
862 2 2 10 4 2759 3664 344
863 2 2 10 4 810 2895 784
864 2 2 10 4 1259 2931 645
865 2 2 10 4 3582 4331 2892
866 2 2 10 4 2478 3238 1822
867 2 2 10 4 3122 4258 1563
868 2 2 10 4 2895 3582 2892
869 2 2 10 4 2409 2838 2837
870 2 2 10 4 1856 2915 2483
871 2 2 10 4 2729 2731 700
872 2 2 10 4 3716 3790 2354
873 2 2 10 4 2565 3810 3124
874 2 2 10 4 2987 3053 1874
875 2 2 10 4 1497 4305 2922
876 2 2 10 4 1603 3977 3883
877 2 2 10 4 1003 2895 810
878 2 2 10 4 2904 2970 2226
879 2 2 10 4 3100 4310 2103
880 2 2 10 4 1618 3740 2503
881 2 2 10 4 2373 3793 3425
882 2 2 10 4 2921 4305 2464
883 2 2 10 4 2842 4097 2840
884 2 2 10 4 1807 2906 2901
885 2 2 10 4 2769 3381 1487
886 2 2 10 4 2718 4260 2717
887 2 2 10 4 3061 4149 3065
888 2 2 10 4 3326 4135 3480
889 2 2 10 4 2834 4154 3749
890 2 2 10 4 1377 2927 1375
891 2 2 10 4 2470 3471 539
892 2 2 10 4 818 2701 2698
893 2 2 10 4 3586 3799 2273
894 2 2 10 4 3121 3199 1913
895 2 2 10 4 2570 3849 3494
896 2 2 10 4 3628 4406 1073
897 2 2 10 4 2348 2814 2347
898 2 2 10 4 1126 2936 1124
899 2 2 10 4 3349 3486 534
900 2 2 10 4 3033 3759 1744
901 2 2 10 4 322 3950 3938
902 2 2 10 4 2798 2800 1607
903 2 2 10 4 3256 3500 3388
904 2 2 10 4 109 3102 2741
905 2 2 10 4 2464 4305 3216
906 2 2 10 4 1829 2880 2199
907 2 2 10 4 2510 4300 3526
908 2 2 10 4 1607 4092 2476
909 2 2 10 4 3020 4357 2999
910 2 2 10 4 2523 3869 2834
911 2 2 10 4 818 3524 2701
912 2 2 10 4 3009 3173 1868
913 2 2 10 4 2946 4041 2679
914 2 2 10 4 48 394 192
915 2 2 10 4 1277 3535 2777
916 2 2 10 4 1719 2940 2939
917 2 2 10 4 3099 3100 2103
918 2 2 10 4 706 3986 2756
919 2 2 10 4 3677 3850 3622
920 2 2 10 4 704 3751 3072
921 2 2 10 4 3723 3750 2140
922 2 2 10 4 2434 2855 1974
923 2 2 10 4 490 4395 669
924 2 2 10 4 2434 4352 2855
925 2 2 10 4 1850 2790 1513
926 2 2 10 4 3896 4024 2489
927 2 2 10 4 3019 3020 2999
928 2 2 10 4 2786 3583 2211
929 2 2 10 4 952 2774 1795
930 2 2 10 4 1123 3848 3052
931 2 2 10 4 2908 3812 1062
932 2 2 10 4 1524 2998 1526
933 2 2 10 4 2834 3869 2519
934 2 2 10 4 2858 3922 2857
935 2 2 10 4 1697 3025 1641
936 2 2 10 4 2866 4379 2978
937 2 2 10 4 2278 4151 3901
938 2 2 10 4 2433 3862 2163
939 2 2 10 4 3355 4240 2358
940 2 2 10 4 1011 3162 988
941 2 2 10 4 1618 3074 1050
942 2 2 10 4 978 2742 514
943 2 2 10 4 3952 3973 2196
944 2 2 10 4 3008 4368 3007
945 2 2 10 4 2316 3581 3467
946 2 2 10 4 2867 4200 1807
947 2 2 10 4 2029 4070 2715
948 2 2 10 4 3108 3110 1886
949 2 2 10 4 3206 3513 386
950 2 2 10 4 700 2730 2729
951 2 2 10 4 1150 3951 2587
952 2 2 10 4 3285 3370 392
953 2 2 10 4 2395 2841 2398
954 2 2 10 4 2500 3764 2501
955 2 2 10 4 510 2742 511
956 2 2 10 4 977 3054 719
957 2 2 10 4 2388 3505 2844
958 2 2 10 4 2715 4330 2029
959 2 2 10 4 2679 4041 1443
960 2 2 10 4 908 2761 2103
961 2 2 10 4 364 3877 2965
962 2 2 10 4 85 3015 84
963 2 2 10 4 2700 2726 435
964 2 2 10 4 1831 4277 2816
965 2 2 10 4 3580 3892 2157
966 2 2 10 4 1850 2813 2790
967 2 2 10 4 3007 4368 3005
968 2 2 10 4 3718 4151 2278
969 2 2 10 4 1431 3112 3013
970 2 2 10 4 2683 4249 2192
971 2 2 10 4 3072 3751 3693
972 2 2 10 4 734 3814 2860
973 2 2 10 4 1400 3516 1404
974 2 2 10 4 2429 2758 2432
975 2 2 10 4 1128 2969 1129
976 2 2 10 4 1124 2936 1166
977 2 2 10 4 1202 4067 3584
978 2 2 10 4 2484 3877 364
979 2 2 10 4 2410 2837 2419
980 2 2 10 4 2428 2758 2429
981 2 2 10 4 4336 4432 3621
982 2 2 10 4 2735 3214 819
983 2 2 10 4 2651 4325 1409
984 2 2 10 4 2789 4295 1952
985 2 2 10 4 3172 3526 2101
986 2 2 10 4 309 3453 3040
987 2 2 10 4 3395 3396 3394
988 2 2 10 4 2337 3543 2161
989 2 2 10 4 2511 3569 1531
990 2 2 10 4 1200 2819 1162
991 2 2 10 4 2792 2793 674
992 2 2 10 4 2552 3849 2583
993 2 2 10 4 2008 3549 3233
994 2 2 10 4 2155 3568 2460
995 2 2 10 4 561 2933 560
996 2 2 10 4 2816 4277 2993
997 2 2 10 4 551 2862 547
998 2 2 10 4 786 2865 795
999 2 2 10 4 874 3544 889
1000 2 2 10 4 706 3369 654
1001 2 2 10 4 783 2892 2891
1002 2 2 10 4 1912 3694 1885
1003 2 2 10 4 3556 3599 1623
1004 2 2 10 4 2750 3201 2042
1005 2 2 10 4 2460 3626 2155
1006 2 2 10 4 2792 2796 2793
1007 2 2 10 4 1026 2851 1689
1008 2 2 10 4 1856 2483 2444
1009 2 2 10 4 2163 4267 2433
1010 2 2 10 4 2697 3694 335
1011 2 2 10 4 1831 2816 496
1012 2 2 10 4 3192 3865 2486
1013 2 2 10 4 1997 3557 3277
1014 2 2 10 4 1272 3019 1301
1015 2 2 10 4 2947 3184 1803
1016 2 2 10 4 3811 3902 2353
1017 2 2 10 4 1166 2936 2760
1018 2 2 10 4 4097 4106 2839
1019 2 2 10 4 540 3014 508
1020 2 2 10 4 2776 3105 1983
1021 2 2 10 4 732 3436 731
1022 2 2 10 4 1842 2977 1222
1023 2 2 10 4 1854 2915 1856
1024 2 2 10 4 2965 4074 364
1025 2 2 10 4 1324 2917 1322
1026 2 2 10 4 2810 2811 971
1027 2 2 10 4 1567 3393 1844
1028 2 2 10 4 3065 4149 1630
1029 2 2 10 4 2970 3006 2226
1030 2 2 10 4 1860 3956 2787
1031 2 2 10 4 3604 3783 875
1032 2 2 10 4 2679 3969 2946
1033 2 2 10 4 2475 3614 3540
1034 2 2 10 4 2445 3844 3557
1035 2 2 10 4 3682 3834 2357
1036 2 2 10 4 3039 3973 3952
1037 2 2 10 4 2698 2699 435
1038 2 2 10 4 2817 2818 683
1039 2 2 10 4 3124 3810 3125
1040 2 2 10 4 2826 2938 2823
1041 2 2 10 4 364 4217 2484
1042 2 2 10 4 2887 2888 2143
1043 2 2 10 4 2693 2725 772
1044 2 2 10 4 2690 2726 2692
1045 2 2 10 4 192 394 191
1046 2 2 10 4 2687 3603 2638
1047 2 2 10 4 3745 3787 1713
1048 2 2 10 4 505 3014 960
1049 2 2 10 4 2685 3777 574
1050 2 2 10 4 49 394 48
1051 2 2 10 4 2158 2813 1850
1052 2 2 10 4 1226 2977 1232
1053 2 2 10 4 2099 3870 2743
1054 2 2 10 4 2560 3499 2579
1055 2 2 10 4 2790 3187 1513
1056 2 2 10 4 678 3032 742
1057 2 2 10 4 3773 4016 2374
1058 2 2 10 4 1328 2917 1324
1059 2 2 10 4 1393 3479 1459
1060 2 2 10 4 2525 3171 2521
1061 2 2 10 4 223 2710 362
1062 2 2 10 4 395 2771 220
1063 2 2 10 4 208 2698 435
1064 2 2 10 4 2516 2706 269
1065 2 2 10 4 206 2705 818
1066 2 2 10 4 2713 3180 252
1067 2 2 10 4 1530 2823 2822
1068 2 2 10 4 2819 2873 1823
1069 2 2 10 4 1198 3750 3723
1070 2 2 10 4 2469 4272 560
1071 2 2 10 4 683 3624 2867
1072 2 2 10 4 3915 4119 2242
1073 2 2 10 4 3061 3065 3062
1074 2 2 10 4 2680 4056 2748
1075 2 2 10 4 2652 4328 247
1076 2 2 10 4 3210 3970 1075
1077 2 2 10 4 2760 3609 2257
1078 2 2 10 4 516 3124 2614
1079 2 2 10 4 3157 3895 2507
1080 2 2 10 4 3072 3693 3073
1081 2 2 10 4 2734 4366 2681
1082 2 2 10 4 573 3518 2770
1083 2 2 10 4 2610 4158 1177
1084 2 2 10 4 4251 4266 2871
1085 2 2 10 4 2749 2757 767
1086 2 2 10 4 1804 3170 2898
1087 2 2 10 4 2583 3849 3052
1088 2 2 10 4 511 3216 541
1089 2 2 10 4 3014 3844 2445
1090 2 2 10 4 524 2795 526
1091 2 2 10 4 1327 3371 2878
1092 2 2 10 4 3528 3791 1150
1093 2 2 10 4 2514 3432 2512
1094 2 2 10 4 2443 3904 361
1095 2 2 10 4 3072 3943 704
1096 2 2 10 4 1176 3875 2739
1097 2 2 10 4 2828 4284 581
1098 2 2 10 4 1607 3186 1349
1099 2 2 10 4 2973 3196 2003
1100 2 2 10 4 3537 3882 675
1101 2 2 10 4 370 3813 3782
1102 2 2 10 4 3091 3161 1714
1103 2 2 10 4 609 2812 684
1104 2 2 10 4 3089 3820 799
1105 2 2 10 4 1443 4206 2679
1106 2 2 10 4 3210 3932 666
1107 2 2 10 4 584 2844 556
1108 2 2 10 4 628 4324 2347
1109 2 2 10 4 2889 4420 4370
1110 2 2 10 4 2144 3019 1272
1111 2 2 10 4 845 3073 781
1112 2 2 10 4 2500 4038 741
1113 2 2 10 4 926 2815 1045
1114 2 2 10 4 650 3895 3157
1115 2 2 10 4 1719 4174 2940
1116 2 2 10 4 3089 3802 3090
1117 2 2 10 4 1004 2914 1008
1118 2 2 10 4 1073 3933 3628
1119 2 2 10 4 832 4303 2483
1120 2 2 10 4 3575 3576 1479
1121 2 2 10 4 1958 3069 2160
1122 2 2 10 4 4103 4144 2439
1123 2 2 10 4 2084 3812 2908
1124 2 2 10 4 3575 3610 2126
1125 2 2 10 4 2652 3104 2647
1126 2 2 10 4 660 2751 767
1127 2 2 10 4 2879 3932 3210
1128 2 2 10 4 521 2792 674
1129 2 2 10 4 2172 3173 3009
1130 2 2 10 4 3089 3840 3802
1131 2 2 10 4 967 2753 2752
1132 2 2 10 4 3452 4311 3290
1133 2 2 10 4 3626 3819 2156
1134 2 2 10 4 2400 2840 2409
1135 2 2 10 4 2787 4134 1860
1136 2 2 10 4 3233 3549 1046
1137 2 2 10 4 581 4406 2828
1138 2 2 10 4 2859 3078 925
1139 2 2 10 4 2624 3194 2627
1140 2 2 10 4 3606 3828 1478
1141 2 2 10 4 3063 3064 342
1142 2 2 10 4 320 3395 3394
1143 2 2 10 4 701 4144 4103
1144 2 2 10 4 2019 2875 2376
1145 2 2 10 4 3068 3537 675
1146 2 2 10 4 2742 3216 511
1147 2 2 10 4 2092 3966 3937
1148 2 2 10 4 2464 3925 2921
1149 2 2 10 4 2260 4266 4251
1150 2 2 10 4 2950 3597 316
1151 2 2 10 4 305 3452 3291
1152 2 2 10 4 2765 4234 4087
1153 2 2 10 4 1497 2922 543
1154 2 2 10 4 2154 4016 3773
1155 2 2 10 4 1489 2797 1386
1156 2 2 10 4 2917 3767 2864
1157 2 2 10 4 3136 3811 2031
1158 2 2 10 4 2234 3807 3711
1159 2 2 10 4 1200 2873 2819
1160 2 2 10 4 2683 3555 203
1161 2 2 10 4 2005 3757 3195
1162 2 2 10 4 1077 2909 2066
1163 2 2 10 4 1460 3853 2681
1164 2 2 10 4 834 2804 951
1165 2 2 10 4 2937 3572 2390
1166 2 2 10 4 1288 4015 3790
1167 2 2 10 4 1752 3966 2092
1168 2 2 10 4 2425 2845 2083
1169 2 2 10 4 764 4193 2440
1170 2 2 10 4 2062 2877 2876
1171 2 2 10 4 3686 3828 2178
1172 2 2 10 4 3183 4065 2088
1173 2 2 10 4 742 3032 933
1174 2 2 10 4 2844 4268 2388
1175 2 2 10 4 2700 4104 2726
1176 2 2 10 4 2823 2938 2822
1177 2 2 10 4 1846 2899 2821
1178 2 2 10 4 3300 3542 555
1179 2 2 10 4 4180 4235 1870
1180 2 2 10 4 783 2891 751
1181 2 2 10 4 129 3120 387
1182 2 2 10 4 393 3120 130
1183 2 2 10 4 303 3583 2786
1184 2 2 10 4 1173 2831 1253
1185 2 2 10 4 2375 3759 3033
1186 2 2 10 4 3078 3375 2102
1187 2 2 10 4 2441 2740 1965
1188 2 2 10 4 2762 2763 1851
1189 2 2 10 4 3747 3855 1502
1190 2 2 10 4 2086 3957 2088
1191 2 2 10 4 67 3062 66
1192 2 2 10 4 1150 3791 2586
1193 2 2 10 4 3576 3896 3606
1194 2 2 10 4 361 3881 2443
1195 2 2 10 4 1347 2798 1607
1196 2 2 10 4 2548 3125 2546
1197 2 2 10 4 2866 2978 2865
1198 2 2 10 4 2863 2864 785
1199 2 2 10 4 632 2805 968
1200 2 2 10 4 1972 2738 2434
1201 2 2 10 4 1759 2998 1524
1202 2 2 10 4 2405 2837 2410
1203 2 2 10 4 3067 4137 3819
1204 2 2 10 4 65 3063 342
1205 2 2 10 4 2898 3170 1449
1206 2 2 10 4 3074 4283 2312
1207 2 2 10 4 2586 3861 1146
1208 2 2 10 4 3961 4195 3770
1209 2 2 10 4 1571 2848 2846
1210 2 2 10 4 3836 3998 2811
1211 2 2 10 4 460 3850 3677
1212 2 2 10 4 3669 3998 2380
1213 2 2 10 4 757 3008 3007
1214 2 2 10 4 1107 2806 1250
1215 2 2 10 4 2796 3593 1969
1216 2 2 10 4 1329 2878 1332
1217 2 2 10 4 2936 3609 2760
1218 2 2 10 4 389 3904 2443
1219 2 2 10 4 131 4 132
1220 2 2 10 4 3 48 192
1221 2 2 10 4 3592 3876 699
1222 2 2 10 4 1560 3123 1266
1223 2 2 10 4 3520 3521 2943
1224 2 2 10 4 2865 2978 795
1225 2 2 10 4 2873 4423 1823
1226 2 2 10 4 3712 4234 1251
1227 2 2 10 4 1864 3184 2334
1228 2 2 10 4 2558 4341 3167
1229 2 2 10 4 2206 3137 1596
1230 2 2 10 4 2612 3635 3188
1231 2 2 10 4 1425 4366 2734
1232 2 2 10 4 2989 3214 2474
1233 2 2 10 4 1683 3476 994
1234 2 2 10 4 3992 4174 3764
1235 2 2 10 4 2444 2483 2472
1236 2 2 10 4 2760 4332 1166
1237 2 2 10 4 972 3073 845
1238 2 2 10 4 369 3398 3308
1239 2 2 10 4 1637 2939 1801
1240 2 2 10 4 3667 4414 4352
1241 2 2 10 4 1996 3720 3024
1242 2 2 10 4 3064 3878 2772
1243 2 2 10 4 611 3959 3550
1244 2 2 10 4 3711 3807 740
1245 2 2 10 4 960 3014 2445
1246 2 2 10 4 1388 2972 1489
1247 2 2 10 4 3062 3063 66
1248 2 2 10 4 480 2810 971
1249 2 2 10 4 2897 4350 3766
1250 2 2 10 4 2431 3853 3013
1251 2 2 10 4 3195 3757 907
1252 2 2 10 4 1658 3181 2886
1253 2 2 10 4 2072 3947 3083
1254 2 2 10 4 2809 2964 1894
1255 2 2 10 4 2842 4096 1134
1256 2 2 10 4 2726 4104 2692
1257 2 2 10 4 1487 3381 1365
1258 2 2 10 4 3883 3977 3140
1259 2 2 10 4 3938 3950 3056
1260 2 2 10 4 4063 4309 2320
1261 2 2 10 4 3703 3841 3661
1262 2 2 10 4 334 3081 3079
1263 2 2 10 4 1218 3376 1216
1264 2 2 10 4 1007 2909 1077
1265 2 2 10 4 1016 3099 2761
1266 2 2 10 4 2881 2882 1565
1267 2 2 10 4 159 3909 3846
1268 2 2 10 4 1896 4228 4216
1269 2 2 10 4 530 2817 683
1270 2 2 10 4 807 2959 592
1271 2 2 10 4 349 4231 2512
1272 2 2 10 4 2236 4087 2916
1273 2 2 10 4 2024 3860 3046
1274 2 2 10 4 2837 2838 2419
1275 2 2 10 4 3063 3065 3064
1276 2 2 10 4 2761 3099 2103
1277 2 2 10 4 3679 4352 2434
1278 2 2 10 4 1530 2822 1234
1279 2 2 10 4 352 3834 3682
1280 2 2 10 4 4218 4336 3653
1281 2 2 10 4 63 4187 2773
1282 2 2 10 4 3024 3720 2868
1283 2 2 10 4 1650 2986 1648
1284 2 2 10 4 2320 4291 4063
1285 2 2 10 4 4234 4243 1251
1286 2 2 10 4 2083 2845 2150
1287 2 2 10 4 1596 3137 2031
1288 2 2 10 4 2251 2935 2934
1289 2 2 10 4 2036 3061 3060
1290 2 2 10 4 759 3536 3378
1291 2 2 10 4 3724 3905 2210
1292 2 2 10 4 1675 2943 2942
1293 2 2 10 4 762 3436 3011
1294 2 2 10 4 2125 4368 3008
1295 2 2 10 4 2820 3815 2435
1296 2 2 10 4 2913 2914 1002
1297 2 2 10 4 4216 4228 2723
1298 2 2 10 4 2971 3240 2062
1299 2 2 10 4 200 2622 201
1300 2 2 10 4 284 2685 285
1301 2 2 10 4 217 2808 218
1302 2 2 10 4 297 2697 298
1303 2 2 10 4 266 2807 267
1304 2 2 10 4 2831 2832 1253
1305 2 2 10 4 2337 4141 3543
1306 2 2 10 4 867 2774 952
1307 2 2 10 4 2035 3133 3101
1308 2 2 10 4 2686 3778 2562
1309 2 2 10 4 2717 3842 258
1310 2 2 10 4 1143 3809 3041
1311 2 2 10 4 2916 4087 3837
1312 2 2 10 4 959 3470 1304
1313 2 2 10 4 70 2785 368
1314 2 2 10 4 2478 3054 977
1315 2 2 10 4 2756 3986 2983
1316 2 2 10 4 3148 3835 2261
1317 2 2 10 4 2250 3981 2720
1318 2 2 10 4 1993 4290 2757
1319 2 2 10 4 683 2867 532
1320 2 2 10 4 3540 3614 1310
1321 2 2 10 4 2856 3485 2859
1322 2 2 10 4 2088 3957 3783
1323 2 2 10 4 706 4003 3986
1324 2 2 10 4 1461 2899 1516
1325 2 2 10 4 375 3889 3313
1326 2 2 10 4 3546 3965 2911
1327 2 2 10 4 3426 3474 2498
1328 2 2 10 4 2062 2876 2054
1329 2 2 10 4 1002 2914 1004
1330 2 2 10 4 2443 4066 389
1331 2 2 10 4 456 2970 2904
1332 2 2 10 4 2733 4142 2778
1333 2 2 10 4 2853 4204 3714
1334 2 2 10 4 1884 3514 2872
1335 2 2 10 4 2968 2969 2569
1336 2 2 10 4 1479 3610 3575
1337 2 2 10 4 769 2863 785
1338 2 2 10 4 3166 4013 430
1339 2 2 10 4 964 4030 3294
1340 2 2 10 4 1176 2885 1113
1341 2 2 10 4 2802 3490 3467
1342 2 2 10 4 3441 3446 3442
1343 2 2 10 4 2992 3181 1658
1344 2 2 10 4 3767 4387 2864
1345 2 2 10 4 1547 3111 1675
1346 2 2 10 4 795 2978 797
1347 2 2 10 4 2029 3169 2835
1348 2 2 10 4 2411 2842 2841
1349 2 2 10 4 757 3007 447
1350 2 2 10 4 1097 3496 3377
1351 2 2 10 4 3013 3853 1460
1352 2 2 10 4 2920 4305 2921
1353 2 2 10 4 2031 3137 2775
1354 2 2 10 4 188 3833 187
1355 2 2 10 4 3021 3735 3017
1356 2 2 10 4 1714 3160 3091
1357 2 2 10 4 430 4013 432
1358 2 2 10 4 1792 3129 3128
1359 2 2 10 4 827 2859 829
1360 2 2 10 4 735 2903 640
1361 2 2 10 4 1914 3564 2951
1362 2 2 10 4 1310 2975 1189
1363 2 2 10 4 1216 3376 2069
1364 2 2 10 4 362 3474 3426
1365 2 2 10 4 694 2861 698
1366 2 2 10 4 2165 3811 3136
1367 2 2 10 4 533 3632 3090
1368 2 2 10 4 3002 3368 1534
1369 2 2 10 4 2470 3103 2143
1370 2 2 10 4 811 2913 1002
1371 2 2 10 4 1397 2902 1488
1372 2 2 10 4 2804 3115 951
1373 2 2 10 4 366 3858 3284
1374 2 2 10 4 2614 3125 2553
1375 2 2 10 4 1359 2905 1490
1376 2 2 10 4 2161 3465 2815
1377 2 2 10 4 1888 4251 2923
1378 2 2 10 4 2038 4262 4093
1379 2 2 10 4 1404 3516 2740
1380 2 2 10 4 1273 2947 1195
1381 2 2 10 4 719 3054 716
1382 2 2 10 4 1894 3059 2809
1383 2 2 10 4 2734 4302 1425
1384 2 2 10 4 2711 3113 712
1385 2 2 10 4 2931 4005 2930
1386 2 2 10 4 1478 3828 3686
1387 2 2 10 4 981 2987 1874
1388 2 2 10 4 1437 2898 1435
1389 2 2 10 4 2075 3998 3669
1390 2 2 10 4 2686 3994 272
1391 2 2 10 4 3093 3096 3094
1392 2 2 10 4 249 4168 2499
1393 2 2 10 4 3516 3727 2205
1394 2 2 10 4 1807 2900 538
1395 2 2 10 4 2481 4404 3913
1396 2 2 10 4 645 2931 647
1397 2 2 10 4 3425 3793 2113
1398 2 2 10 4 2733 4146 4142
1399 2 2 10 4 2499 3832 249
1400 2 2 10 4 1176 3743 2885
1401 2 2 10 4 2309 4169 2331
1402 2 2 10 4 2436 4127 355
1403 2 2 10 4 3576 3605 1479
1404 2 2 10 4 625 2870 627
1405 2 2 10 4 1526 2998 1541
1406 2 2 10 4 2687 4022 193
1407 2 2 10 4 2201 4005 2202
1408 2 2 10 4 1162 2819 1164
1409 2 2 10 4 347 3446 3441
1410 2 2 10 4 1627 2762 1851
1411 2 2 10 4 807 3788 2959
1412 2 2 10 4 2251 2934 2058
1413 2 2 10 4 3075 3696 2442
1414 2 2 10 4 2839 4106 2889
1415 2 2 10 4 1527 3578 1643
1416 2 2 10 4 1675 2942 1549
1417 2 2 10 4 1367 2945 1487
1418 2 2 10 4 3142 3666 383
1419 2 2 10 4 2490 4176 601
1420 2 2 10 4 1687 3835 3148
1421 2 2 10 4 2900 2901 946
1422 2 2 10 4 1846 2821 1848
1423 2 2 10 4 889 3067 890
1424 2 2 10 4 496 2816 498
1425 2 2 10 4 2688 4376 338
1426 2 2 10 4 1178 2954 1117
1427 2 2 10 4 3876 4392 699
1428 2 2 10 4 3809 4248 3041
1429 2 2 10 4 2464 3216 2463
1430 2 2 10 4 1201 2953 1082
1431 2 2 10 4 1697 4202 2456
1432 2 2 10 4 3790 4015 2354
1433 2 2 10 4 2135 3735 3021
1434 2 2 10 4 1629 3773 3051
1435 2 2 10 4 2486 3715 2136
1436 2 2 10 4 3388 3500 371
1437 2 2 10 4 2945 4340 1487
1438 2 2 10 4 1401 2962 1445
1439 2 2 10 4 965 3027 416
1440 2 2 10 4 2756 2983 2755
1441 2 2 10 4 2434 4229 3679
1442 2 2 10 4 727 3722 725
1443 2 2 10 4 3913 4292 2481
1444 2 2 10 4 2817 3506 2818
1445 2 2 10 4 3078 3485 3375
1446 2 2 10 4 1976 3681 2883
1447 2 2 10 4 2728 3813 166
1448 2 2 10 4 1791 2963 1267
1449 2 2 10 4 2710 3474 362
1450 2 2 10 4 879 2868 878
1451 2 2 10 4 2839 2889 2838
1452 2 2 10 4 1410 3114 1409
1453 2 2 10 4 636 3189 2747
1454 2 2 10 4 2891 2893 2890
1455 2 2 10 4 355 4109 2436
1456 2 2 10 4 2921 3925 2403
1457 2 2 10 4 1571 2846 1573
1458 2 2 10 4 547 2862 545
1459 2 2 10 4 1074 3892 3580
1460 2 2 10 4 2856 2859 827
1461 2 2 10 4 3395 4170 3396
1462 2 2 10 4 1689 2851 2850
1463 2 2 10 4 2804 3372 3115
1464 2 2 10 4 784 2895 783
1465 2 2 10 4 2860 2861 694
1466 2 2 10 4 2915 2916 832
1467 2 2 10 4 1485 3734 3018
1468 2 2 10 4 2695 3643 554
1469 2 2 10 4 2820 4064 3815
1470 2 2 10 4 909 2761 908
1471 2 2 10 4 611 2924 612
1472 2 2 10 4 3313 4130 375
1473 2 2 10 4 3381 3482 1492
1474 2 2 10 4 2889 4370 2838
1475 2 2 10 4 1889 3031 3030
1476 2 2 10 4 2620 2941 2616
1477 2 2 10 4 1516 2899 1846
1478 2 2 10 4 3250 3955 3251
1479 2 2 10 4 3192 3538 1305
1480 2 2 10 4 338 4376 3818
1481 2 2 10 4 1063 2979 953
1482 2 2 10 4 4093 4262 2713
1483 2 2 10 4 1823 2833 2831
1484 2 2 10 4 474 3168 2951
1485 2 2 10 4 2524 4061 2955
1486 2 2 10 4 2894 3731 1502
1487 2 2 10 4 3046 3860 3047
1488 2 2 10 4 1994 3538 3192
1489 2 2 10 4 3017 3018 2137
1490 2 2 10 4 1923 3393 1567
1491 2 2 10 4 3157 4003 706
1492 2 2 10 4 132 4347 393
1493 2 2 10 4 3210 3841 2880
1494 2 2 10 4 2723 4228 4224
1495 2 2 10 4 927 2815 926
1496 2 2 10 4 1487 4340 3775
1497 2 2 10 4 1134 4097 2842
1498 2 2 10 4 2471 3155 3000
1499 2 2 10 4 3773 4338 3051
1500 2 2 10 4 2366 4245 4179
1501 2 2 10 4 513 3792 3658
1502 2 2 10 4 3640 3820 3675
1503 2 2 10 4 2933 3487 560
1504 2 2 10 4 2492 3949 2247
1505 2 2 10 4 1013 3160 1714
1506 2 2 10 4 669 2990 492
1507 2 2 10 4 1056 3504 1054
1508 2 2 10 4 3216 4305 1497
1509 2 2 10 4 2746 3980 1482
1510 2 2 10 4 2869 2870 625
1511 2 2 10 4 3664 3799 344
1512 2 2 10 4 725 2929 722
1513 2 2 10 4 1827 2880 1829
1514 2 2 10 4 601 4114 3857
1515 2 2 10 4 3015 3748 326
1516 2 2 10 4 3443 4241 3263
1517 2 2 10 4 1326 2878 1329
1518 2 2 10 4 3819 4137 2156
1519 2 2 10 4 1537 3152 1078
1520 2 2 10 4 1882 4273 2693
1521 2 2 10 4 976 3066 1503
1522 2 2 10 4 782 3532 846
1523 2 2 10 4 2456 3864 1697
1524 2 2 10 4 488 2997 490
1525 2 2 10 4 3041 4248 2417
1526 2 2 10 4 2730 4411 971
1527 2 2 10 4 2918 2919 807
1528 2 2 10 4 2737 3971 1911
1529 2 2 10 4 1851 2765 1852
1530 2 2 10 4 3578 4433 1643
1531 2 2 10 4 3003 3004 736
1532 2 2 10 4 1823 4423 2833
1533 2 2 10 4 2751 2752 2750
1534 2 2 10 4 3040 3359 309
1535 2 2 10 4 2996 2997 488
1536 2 2 10 4 2870 3761 744
1537 2 2 10 4 946 3012 2812
1538 2 2 10 4 3377 3496 2043
1539 2 2 10 4 406 4053 3553
1540 2 2 10 4 2473 2989 2474
1541 2 2 10 4 2421 2874 2015
1542 2 2 10 4 730 2890 764
1543 2 2 10 4 2774 3435 1795
1544 2 2 10 4 2773 3927 63
1545 2 2 10 4 2239 3674 2782
1546 2 2 10 4 620 2923 690
1547 2 2 10 4 3018 3735 1485
1548 2 2 10 4 359 4197 3251
1549 2 2 10 4 476 2951 707
1550 2 2 10 4 2161 3543 3465
1551 2 2 10 4 2682 3109 327
1552 2 2 10 4 471 3193 2617
1553 2 2 10 4 641 3185 2961
1554 2 2 10 4 2297 3829 3227
1555 2 2 10 4 1181 3169 1668
1556 2 2 10 4 357 4384 3918
1557 2 2 10 4 3067 3819 3066
1558 2 2 10 4 2879 2880 1827
1559 2 2 10 4 607 2812 609
1560 2 2 10 4 2973 3988 1957
1561 2 2 10 4 3667 4352 1483
1562 2 2 10 4 2778 4142 865
1563 2 2 10 4 2061 3487 2933
1564 2 2 10 4 688 2930 734
1565 2 2 10 4 3955 4080 3251
1566 2 2 10 4 467 2987 981
1567 2 2 10 4 3042 4198 2268
1568 2 2 10 4 3251 4080 359
1569 2 2 10 4 2753 2754 2752
1570 2 2 10 4 335 3508 2721
1571 2 2 10 4 3003 3007 3005
1572 2 2 10 4 4116 4184 2727
1573 2 2 10 4 967 3369 2753
1574 2 2 10 4 3357 3817 3523
1575 2 2 10 4 2472 4377 500
1576 2 2 10 4 556 2844 552
1577 2 2 10 4 1863 3001 1208
1578 2 2 10 4 3972 4018 2114
1579 2 2 10 4 1901 4240 3355
1580 2 2 10 4 1889 3030 3029
1581 2 2 10 4 2095 3521 3520
1582 2 2 10 4 2693 4408 1882
1583 2 2 10 4 3198 3199 1563
1584 2 2 10 4 605 2900 946
1585 2 2 10 4 2991 4434 826
1586 2 2 10 4 368 3037 3036
1587 2 2 10 4 3167 4341 2912
1588 2 2 10 4 565 2933 561
1589 2 2 10 4 1129 2969 1132
1590 2 2 10 4 1398 3727 3516
1591 2 2 10 4 1380 2927 1377
1592 2 2 10 4 2710 3752 3474
1593 2 2 10 4 2785 3786 368
1594 2 2 10 4 669 3150 2990
1595 2 2 10 4 1759 3019 2999
1596 2 2 10 4 2581 3171 2525
1597 2 2 10 4 2521 3171 2518
1598 2 2 10 4 3727 4353 2205
1599 2 2 10 4 2810 3836 2811
1600 2 2 10 4 1301 3019 1759
1601 2 2 10 4 3470 3912 1304
1602 2 2 10 4 3250 3830 345
1603 2 2 10 4 1451 3187 1836
1604 2 2 10 4 2195 3748 3574
1605 2 2 10 4 549 2843 551
1606 2 2 10 4 1641 3025 1719
1607 2 2 10 4 1063 3213 2979
1608 2 2 10 4 3000 3471 2471
1609 2 2 10 4 2052 2971 2062
1610 2 2 10 4 3010 4210 804
1611 2 2 10 4 999 3615 1913
1612 2 2 10 4 330 3872 2724
1613 2 2 10 4 1165 2955 1161
1614 2 2 10 4 803 2991 826
1615 2 2 10 4 2729 3176 2731
1616 2 2 10 4 1103 3022 1177
1617 2 2 10 4 1716 3017 2137
1618 2 2 10 4 3652 3827 3198
1619 2 2 10 4 1517 3042 922
1620 2 2 10 4 2046 2982 2047
1621 2 2 10 4 1249 4026 2908
1622 2 2 10 4 1312 3607 3544
1623 2 2 10 4 2501 4174 3025
1624 2 2 10 4 2904 3053 463
1625 2 2 10 4 2748 3672 2670
1626 2 2 10 4 3204 3666 3142
1627 2 2 10 4 2351 3729 2366
1628 2 2 10 4 596 2958 601
1629 2 2 10 4 1054 3504 2071
1630 2 2 10 4 2211 4134 2786
1631 2 2 10 4 3479 3634 2650
1632 2 2 10 4 814 2856 827
1633 2 2 10 4 1836 3187 2790
1634 2 2 10 4 1322 2917 2863
1635 2 2 10 4 2793 2794 674
1636 2 2 10 4 1171 2831 1173
1637 2 2 10 4 691 2860 694
1638 2 2 10 4 2883 3506 969
1639 2 2 10 4 3112 4298 3013
1640 2 2 10 4 2045 3548 3417
1641 2 2 10 4 3215 3490 1662
1642 2 2 10 4 2055 3190 2053
1643 2 2 10 4 3696 3713 2442
1644 2 2 10 4 2720 3981 2107
1645 2 2 10 4 4206 4319 2674
1646 2 2 10 4 1974 2855 1977
1647 2 2 10 4 2857 3856 1775
1648 2 2 10 4 2707 4403 822
1649 2 2 10 4 1273 3184 2947
1650 2 2 10 4 3238 3534 1822
1651 2 2 10 4 1656 2986 1650
1652 2 2 10 4 2684 4057 2592
1653 2 2 10 4 1193 2974 1273
1654 2 2 10 4 723 3552 3440
1655 2 2 10 4 2911 3965 2299
1656 2 2 10 4 2627 3194 2630
1657 2 2 10 4 2623 3194 2624
1658 2 2 10 4 1911 4156 2737
1659 2 2 10 4 2487 2785 356
1660 2 2 10 4 2023 3119 2743
1661 2 2 10 4 799 3840 3089
1662 2 2 10 4 2815 3465 1045
1663 2 2 10 4 2445 3557 1857
1664 2 2 10 4 2836 3643 2575
1665 2 2 10 4 1450 3296 3114
1666 2 2 10 4 2358 4402 3355
1667 2 2 10 4 2882 3246 1565
1668 2 2 10 4 819 4386 2735
1669 2 2 10 4 81 3044 336
1670 2 2 10 4 3880 4051 2897
1671 2 2 10 4 1183 3131 1184
1672 2 2 10 4 2806 4158 3348
1673 2 2 10 4 1945 3532 782
1674 2 2 10 4 589 2918 807
1675 2 2 10 4 1027 3160 1013
1676 2 2 10 4 2863 2917 2864
1677 2 2 10 4 3440 3552 2026
1678 2 2 10 4 1534 3368 1467
1679 2 2 10 4 2959 3788 2414
1680 2 2 10 4 1955 3074 1956
1681 2 2 10 4 1826 2879 1827
1682 2 2 10 4 1206 2947 1803
1683 2 2 10 4 622 2869 625
1684 2 2 10 4 783 2895 2892
1685 2 2 10 4 2229 4018 3016
1686 2 2 10 4 2077 2964 2809
1687 2 2 10 4 2872 3243 1884
1688 2 2 10 4 1676 2988 1471
1689 2 2 10 4 1913 3615 3121
1690 2 2 10 4 1201 3635 2953
1691 2 2 10 4 1919 3123 2458
1692 2 2 10 4 2317 3490 3215
1693 2 2 10 4 1867 3028 2233
1694 2 2 10 4 436 4013 3978
1695 2 2 10 4 2031 3811 1247
1696 2 2 10 4 1303 3905 3084
1697 2 2 10 4 2783 2964 2077
1698 2 2 10 4 2144 3020 3019
1699 2 2 10 4 3402 4415 3599
1700 2 2 10 4 3046 3047 336
1701 2 2 10 4 2753 3369 2756
1702 2 2 10 4 2035 3101 1292
1703 2 2 10 4 1840 4021 2170
1704 2 2 10 4 1508 2964 1750
1705 2 2 10 4 1894 2964 1508
1706 2 2 10 4 685 4120 2732
1707 2 2 10 4 905 3066 976
1708 2 2 10 4 3416 4117 382
1709 2 2 10 4 2064 2789 2788
1710 2 2 10 4 2913 3570 2914
1711 2 2 10 4 3879 3949 2707
1712 2 2 10 4 451 3003 736
1713 2 2 10 4 3949 4403 2707
1714 2 2 10 4 1073 4406 3657
1715 2 2 10 4 2916 3837 489
1716 2 2 10 4 2851 2852 2850
1717 2 2 10 4 519 2792 521
1718 2 2 10 4 1624 3373 2310
1719 2 2 10 4 3347 4140 3804
1720 2 2 10 4 2727 4184 3158
1721 2 2 10 4 2341 2952 2422
1722 2 2 10 4 2119 3834 2121
1723 2 2 10 4 2371 3758 2372
1724 2 2 10 4 2041 3827 3652
1725 2 2 10 4 1714 3162 1011
1726 2 2 10 4 2946 3969 2672
1727 2 2 10 4 2068 3152 1537
1728 2 2 10 4 3078 3372 925
1729 2 2 10 4 2956 3958 2754
1730 2 2 10 4 332 3096 3093
1731 2 2 10 4 1674 3420 2316
1732 2 2 10 4 2723 4224 2722
1733 2 2 10 4 3114 3296 2651
1734 2 2 10 4 3070 3073 972
1735 2 2 10 4 1502 3855 2894
1736 2 2 10 4 2875 4336 2376
1737 2 2 10 4 762 3011 805
1738 2 2 10 4 3062 3065 3063
1739 2 2 10 4 2912 3951 1139
1740 2 2 10 4 66 3063 65
1741 2 2 10 4 166 4430 2728
1742 2 2 10 4 486 2996 488
1743 2 2 10 4 2719 4075 2720
1744 2 2 10 4 3517 4113 332
1745 2 2 10 4 2068 3188 3152
1746 2 2 10 4 785 2865 786
1747 2 2 10 4 2861 4020 775
1748 2 2 10 4 1321 3149 1993
1749 2 2 10 4 1530 2824 2823
1750 2 2 10 4 2984 2986 1656
1751 2 2 10 4 3661 3841 1075
1752 2 2 10 4 2017 2875 2019
1753 2 2 10 4 2762 2764 2763
1754 2 2 10 4 2824 2825 2823
1755 2 2 10 4 3372 4240 3115
1756 2 2 10 4 3658 3792 2355
1757 2 2 10 4 3920 4007 2609
1758 2 2 10 4 2704 4263 566
1759 2 2 10 4 3097 3570 850
1760 2 2 10 4 712 3879 2707
1761 2 2 10 4 1874 3967 3021
1762 2 2 10 4 543 2922 578
1763 2 2 10 4 2986 3466 1648
1764 2 2 10 4 3084 4326 1303
1765 2 2 10 4 71 2785 70
1766 2 2 10 4 3135 3700 858
1767 2 2 10 4 1386 2797 1384
1768 2 2 10 4 3177 3184 1273
1769 2 2 10 4 2772 4187 342
1770 2 2 10 4 4352 4414 2855
1771 2 2 10 4 2849 3367 2847
1772 2 2 10 4 1208 3001 1209
1773 2 2 10 4 1920 3092 2910
1774 2 2 10 4 3060 3061 351
1775 2 2 10 4 2800 4092 1607
1776 2 2 10 4 3084 3905 1923
1777 2 2 10 4 744 3774 2805
1778 2 2 10 4 831 2804 834
1779 2 2 10 4 1886 4098 3108
1780 2 2 10 4 1977 2855 2854
1781 2 2 10 4 2986 4040 3466
1782 2 2 10 4 1487 3775 2769
1783 2 2 10 4 117 3076 337
1784 2 2 10 4 2892 2894 2893
1785 2 2 10 4 1311 3165 1890
1786 2 2 10 4 334 3079 98
1787 2 2 10 4 332 3093 61
1788 2 2 10 4 2684 2685 284
1789 2 2 10 4 2615 2622 200
1790 2 2 10 4 2696 2697 297
1791 2 2 10 4 2714 2807 266
1792 2 2 10 4 2712 2808 217
1793 2 2 10 4 3044 3045 336
1794 2 2 10 4 2013 3233 2421
1795 2 2 10 4 78 3055 344
1796 2 2 10 4 3003 3005 3004
1797 2 2 10 4 1513 3187 1455
1798 2 2 10 4 2769 3482 3381
1799 2 2 10 4 2938 4278 1560
1800 2 2 10 4 541 3216 1497
1801 2 2 10 4 2805 3772 968
1802 2 2 10 4 368 3036 69
1803 2 2 10 4 2724 3872 3361
1804 2 2 10 4 2741 3102 2361
1805 2 2 10 4 2743 3870 2283
1806 2 2 10 4 1482 4302 2960
1807 2 2 10 4 2892 2893 2891
1808 2 2 10 4 345 3955 3250
1809 2 2 10 4 1914 3168 1506
1810 2 2 10 4 1614 3573 3151
1811 2 2 10 4 2368 3826 2369
1812 2 2 10 4 2718 3688 2336
1813 2 2 10 4 420 3026 853
1814 2 2 10 4 1613 3123 1919
1815 2 2 10 4 2282 2439 2281
1816 2 2 10 4 1715 3017 1716
1817 2 2 10 4 1323 1324 1322
1818 2 2 10 4 1327 2878 1326
1819 2 2 10 4 2480 4181 3023
1820 2 2 10 4 1880 3131 1183
1821 2 2 10 4 2479 3238 2478
1822 2 2 10 4 3149 4290 1993
1823 2 2 10 4 981 1715 1506
1824 2 2 10 4 751 2891 749
1825 2 2 10 4 1325 1326 1324
1826 2 2 10 4 1313 1314 1312
1827 2 2 10 4 1315 1316 1314
1828 2 2 10 4 1311 1312 873
1829 2 2 10 4 1321 1322 768
1830 2 2 10 4 690 2871 2869
1831 2 2 10 4 2799 2801 2800
1832 2 2 10 4 354 3961 3102
1833 2 2 10 4 963 2796 2792
1834 2 2 10 4 1919 2281 1917
1835 2 2 10 4 1597 1826 1598
1836 2 2 10 4 968 3189 634
1837 2 2 10 4 1668 3169 2029
1838 2 2 10 4 2976 3614 2736
1839 2 2 10 4 338 2723 2722
1840 2 2 10 4 2690 2691 772
1841 2 2 10 4 2719 2720 329
1842 2 2 10 4 2694 2695 554
1843 2 2 10 4 615 2888 2887
1844 2 2 10 4 2709 2814 819
1845 2 2 10 4 715 1822 865
1846 2 2 10 4 2311 4318 2878
1847 2 2 10 4 2448 2449 2447
1848 2 2 10 4 849 2857 2856
1849 2 2 10 4 2233 2985 2984
1850 2 2 10 4 908 2103 980
1851 2 2 10 4 1675 2994 2943
1852 2 2 10 4 357 3918 3781
1853 2 2 10 4 1662 2799 2798
1854 2 2 10 4 3011 3016 1791
1855 2 2 10 4 1757 3459 1820
1856 2 2 10 4 951 3229 839
1857 2 2 10 4 1637 1801 1636
1858 2 2 10 4 2983 3986 2509
1859 2 2 10 4 2727 4004 753
1860 2 2 10 4 946 2812 607
1861 2 2 10 4 826 4434 3165
1862 2 2 10 4 1372 2946 2945
1863 2 2 10 4 1909 2910 2291
1864 2 2 10 4 2822 2938 1560
1865 2 2 10 4 552 2844 2843
1866 2 2 10 4 545 2862 978
1867 2 2 10 4 1527 1643 977
1868 2 2 10 4 3553 4053 2315
1869 2 2 10 4 1308 2491 2328
1870 2 2 10 4 700 4411 2730
1871 2 2 10 4 1002 1004 1003
1872 2 2 10 4 1137 2912 1139
1873 2 2 10 4 1006 2909 1007
1874 2 2 10 4 1008 1262 1006
1875 2 2 10 4 1697 3864 3025
1876 2 2 10 4 802 840 803
1877 2 2 10 4 1004 1006 1005
1878 2 2 10 4 2910 4210 2291
1879 2 2 10 4 2410 2417 2412
1880 2 2 10 4 721 1527 977
1881 2 2 10 4 2901 3012 946
1882 2 2 10 4 1970 2738 1972
1883 2 2 10 4 2942 3521 1554
1884 2 2 10 4 842 3229 984
1885 2 2 10 4 630 2805 632
1886 2 2 10 4 1307 1308 840
1887 2 2 10 4 765 3149 1321
1888 2 2 10 4 2994 2995 2943
1889 2 2 10 4 2402 2837 2405
1890 2 2 10 4 3544 3607 2383
1891 2 2 10 4 1918 4367 2992
1892 2 2 10 4 976 1239 939
1893 2 2 10 4 1635 1637 1636
1894 2 2 10 4 3065 3710 3064
1895 2 2 10 4 811 1002 810
1896 2 2 10 4 3359 3894 3563
1897 2 2 10 4 2852 2853 2850
1898 2 2 10 4 849 2856 814
1899 2 2 10 4 2480 2481 2479
1900 2 2 10 4 1629 2762 1627
1901 2 2 10 4 734 2860 691
1902 2 2 10 4 3394 3396 1844
1903 2 2 10 4 1823 2831 1171
1904 2 2 10 4 926 1045 1016
1905 2 2 10 4 1683 4371 2744
1906 2 2 10 4 82 3044 81
1907 2 2 10 4 4337 4388 2906
1908 2 2 10 4 2763 2765 1851
1909 2 2 10 4 2319 2504 2318
1910 2 2 10 4 1557 3049 2165
1911 2 2 10 4 1345 2798 1347
1912 2 2 10 4 1105 2806 1107
1913 2 2 10 4 1947 4345 3774
1914 2 2 10 4 2103 4310 3651
1915 2 2 10 4 2390 3609 2937
1916 2 2 10 4 3039 3044 82
1917 2 2 10 4 3018 3656 2137
1918 2 2 10 4 2713 4262 3180
1919 2 2 10 4 871 3165 1311
1920 2 2 10 4 1332 3236 1331
1921 2 2 10 4 1359 1490 1358
1922 2 2 10 4 2448 3186 2476
1923 2 2 10 4 3308 3541 369
1924 2 2 10 4 2880 3841 2199
1925 2 2 10 4 334 4322 3081
1926 2 2 10 4 3846 3909 3320
1927 2 2 10 4 2995 3520 2943
1928 2 2 10 4 2802 2803 2801
1929 2 2 10 4 2021 2928 2023
1930 2 2 10 4 1951 2828 1952
1931 2 2 10 4 3045 3046 336
1932 2 2 10 4 2449 2452 2451
1933 2 2 10 4 4322 4356 2502
1934 2 2 10 4 3277 3523 1997
1935 2 2 10 4 2376 4336 4218
1936 2 2 10 4 2711 4232 3113
1937 2 2 10 4 690 2869 622
1938 2 2 10 4 1643 2480 2479
1939 2 2 10 4 3735 3755 1485
1940 2 2 10 4 620 690 622
1941 2 2 10 4 1125 3052 1128
1942 2 2 10 4 1801 2234 2065
1943 2 2 10 4 2905 3459 1490
1944 2 2 10 4 933 3032 1889
1945 2 2 10 4 1641 1719 1639
1946 2 2 10 4 1646 3175 2086
1947 2 2 10 4 558 584 556
1948 2 2 10 4 797 849 814
1949 2 2 10 4 1415 1450 1413
1950 2 2 10 4 2013 2421 2015
1951 2 2 10 4 688 734 691
1952 2 2 10 4 618 2923 620
1953 2 2 10 4 1169 1823 1171
1954 2 2 10 4 1635 1636 1533
1955 2 2 10 4 609 684 613
1956 2 2 10 4 1922 2447 2446
1957 2 2 10 4 932 2161 930
1958 2 2 10 4 730 764 727
1959 2 2 10 4 652 706 654
1960 2 2 10 4 467 981 469
1961 2 2 10 4 2806 3871 1250
1962 2 2 10 4 1384 1446 1382
1963 2 2 10 4 2015 2874 2017
1964 2 2 10 4 1963 2441 1965
1965 2 2 10 4 905 976 939
1966 2 2 10 4 1715 1716 1506
1967 2 2 10 4 926 1016 912
1968 2 2 10 4 1716 2137 1915
1969 2 2 10 4 517 963 519
1970 2 2 10 4 829 925 831
1971 2 2 10 4 2845 4294 2150
1972 2 2 10 4 2940 4174 3992
1973 2 2 10 4 2864 2866 2865
1974 2 2 10 4 721 977 719
1975 2 2 10 4 698 775 738
1976 2 2 10 4 672 2930 688
1977 2 2 10 4 2826 4316 3705
1978 2 2 10 4 2868 3720 878
1979 2 2 10 4 1919 2282 2281
1980 2 2 10 4 2782 2808 2712
1981 2 2 10 4 2716 2807 2714
1982 2 2 10 4 1832 2298 1879
1983 2 2 10 4 3758 3963 2372
1984 2 2 10 4 749 2890 730
1985 2 2 10 4 3235 3502 3382
1986 2 2 10 4 736 3006 2970
1987 2 2 10 4 2191 3598 2048
1988 2 2 10 4 552 2843 549
1989 2 2 10 4 2974 3177 1273
1990 2 2 10 4 3025 4174 1719
1991 2 2 10 4 83 3039 82
1992 2 2 10 4 1135 1149 1137
1993 2 2 10 4 2419 3041 2417
1994 2 2 10 4 1451 1804 1441
1995 2 2 10 4 1423 1482 1421
1996 2 2 10 4 521 674 524
1997 2 2 10 4 1967 2205 1970
1998 2 2 10 4 1161 2955 1200
1999 2 2 10 4 963 2792 519
2000 2 2 10 4 2400 2409 2402
2001 2 2 10 4 2765 4087 2236
2002 2 2 10 4 627 744 630
2003 2 2 10 4 2522 4061 2524
2004 2 2 10 4 1632 1920 1909
2005 2 2 10 4 1326 1329 1328
2006 2 2 10 4 908 980 885
2007 2 2 10 4 981 1506 469
2008 2 2 10 4 605 946 607
2009 2 2 10 4 1128 3982 2969
2010 2 2 10 4 2298 2911 2299
2011 2 2 10 4 570 675 568
2012 2 2 10 4 1627 1851 1628
2013 2 2 10 4 549 551 547
2014 2 2 10 4 474 2951 476
2015 2 2 10 4 1506 3168 469
2016 2 2 10 4 3223 4183 2280
2017 2 2 10 4 2270 2442 2203
2018 2 2 10 4 799 3820 3640
2019 2 2 10 4 656 967 658
2020 2 2 10 4 3448 4269 3206
2021 2 2 10 4 1826 1827 1598
2022 2 2 10 4 971 4194 2730
2023 2 2 10 4 2019 2376 2021
2024 2 2 10 4 589 592 590
2025 2 2 10 4 3037 3787 3745
2026 2 2 10 4 715 865 713
2027 2 2 10 4 596 601 598
2028 2 2 10 4 1103 1177 1105
2029 2 2 10 4 3649 4202 2359
2030 2 2 10 4 1220 3692 1842
2031 2 2 10 4 932 2337 2161
2032 2 2 10 4 1829 2199 2198
2033 2 2 10 4 1956 3074 2482
2034 2 2 10 4 1158 1165 1161
2035 2 2 10 4 1388 1489 1386
2036 2 2 10 4 2846 2847 1920
2037 2 2 10 4 834 951 839
2038 2 2 10 4 2755 2956 2754
2039 2 2 10 4 871 873 872
2040 2 2 10 4 1889 3029 935
2041 2 2 10 4 1321 1323 1322
2042 2 2 10 4 516 3147 3124
2043 2 2 10 4 3096 4113 3611
2044 2 2 10 4 952 1063 953
2045 2 2 10 4 2874 2875 2017
2046 2 2 10 4 476 707 478
2047 2 2 10 4 1793 4195 3148
2048 2 2 10 4 1606 3070 1018
2049 2 2 10 4 1679 3419 1260
2050 2 2 10 4 459 2904 463
2051 2 2 10 4 592 594 593
2052 2 2 10 4 2886 3438 1658
2053 2 2 10 4 777 783 751
2054 2 2 10 4 594 2958 596
2055 2 2 10 4 2176 2879 1826
2056 2 2 10 4 494 2990 1831
2057 2 2 10 4 1384 2797 1446
2058 2 2 10 4 2061 3190 2055
2059 2 2 10 4 1262 3410 2909
2060 2 2 10 4 2716 4070 3749
2061 2 2 10 4 2928 3119 2023
2062 2 2 10 4 3045 3048 2025
2063 2 2 10 4 478 2810 480
2064 2 2 10 4 438 868 440
2065 2 2 10 4 2135 3755 3735
2066 2 2 10 4 1613 1919 1917
2067 2 2 10 4 1323 1325 1324
2068 2 2 10 4 1329 1332 1331
2069 2 2 10 4 3079 3081 3080
2070 2 2 10 4 765 768 766
2071 2 2 10 4 774 802 801
2072 2 2 10 4 1329 1331 1330
2073 2 2 10 4 526 969 528
2074 2 2 10 4 1830 2176 1826
2075 2 2 10 4 1311 1313 1312
2076 2 2 10 4 1795 1796 1063
2077 2 2 10 4 925 2804 831
2078 2 2 10 4 1409 2962 1403
2079 2 2 10 4 3132 3753 2046
2080 2 2 10 4 2223 3089 3088
2081 2 2 10 4 1357 1358 1355
2082 2 2 10 4 1269 2963 1869
2083 2 2 10 4 632 968 634
2084 2 2 10 4 1922 3186 2448
2085 2 2 10 4 3978 4013 2381
2086 2 2 10 4 1972 2434 1974
2087 2 2 10 4 3036 3060 351
2088 2 2 10 4 775 3536 738
2089 2 2 10 4 2405 2410 2407
2090 2 2 10 4 3071 3072 3070
2091 2 2 10 4 805 3011 943
2092 2 2 10 4 572 3068 570
2093 2 2 10 4 1347 1607 1349
2094 2 2 10 4 1277 2777 1228
2095 2 2 10 4 669 3673 3150
2096 2 2 10 4 1119 2954 1153
2097 2 2 10 4 1179 3169 1181
2098 2 2 10 4 3728 3729 2351
2099 2 2 10 4 2848 2849 2847
2100 2 2 10 4 1325 1327 1326
2101 2 2 10 4 418 3027 3026
2102 2 2 10 4 809 810 784
2103 2 2 10 4 1107 1250 1109
2104 2 2 10 4 1134 4106 4097
2105 2 2 10 4 1232 1530 1234
2106 2 2 10 4 1084 2953 1087
2107 2 2 10 4 2137 2138 1915
2108 2 2 10 4 660 767 662
2109 2 2 10 4 1551 2942 1554
2110 2 2 10 4 1372 2945 1369
2111 2 2 10 4 1597 1598 998
2112 2 2 10 4 332 3927 3517
2113 2 2 10 4 1045 1499 1016
2114 2 2 10 4 2060 2934 2760
2115 2 2 10 4 3797 3906 3461
2116 2 2 10 4 765 1321 768
2117 2 2 10 4 3826 4043 2369
2118 2 2 10 4 865 3987 2778
2119 2 2 10 4 1313 1315 1314
2120 2 2 10 4 976 1260 1239
2121 2 2 10 4 594 596 595
2122 2 2 10 4 1113 2885 1115
2123 2 2 10 4 447 3007 449
2124 2 2 10 4 1393 1459 1391
2125 2 2 10 4 1446 2926 2925
2126 2 2 10 4 1727 3100 3099
2127 2 2 10 4 2054 2876 2056
2128 2 2 10 4 749 2891 2890
2129 2 2 10 4 576 2900 605
2130 2 2 10 4 1156 1158 1157
2131 2 2 10 4 1195 2947 1197
2132 2 2 10 4 2047 2982 2050
2133 2 2 10 4 1711 2984 1656
2134 2 2 10 4 640 2903 643
2135 2 2 10 4 1611 3117 1481
2136 2 2 10 4 532 2867 536
2137 2 2 10 4 2736 3614 2475
2138 2 2 10 4 1197 2947 1206
2139 2 2 10 4 871 1311 873
2140 2 2 10 4 1117 2954 1119
2141 2 2 10 4 538 2900 576
2142 2 2 10 4 1549 2942 1551
2143 2 2 10 4 1977 2854 1979
2144 2 2 10 4 2058 2934 2060
2145 2 2 10 4 842 984 844
2146 2 2 10 4 1141 1150 1144
2147 2 2 10 4 636 2747 638
2148 2 2 10 4 711 713 710
2149 2 2 10 4 2039 3223 2280
2150 2 2 10 4 1369 2945 1367
2151 2 2 10 4 1429 1460 1427
2152 2 2 10 4 1613 1917 1657
2153 2 2 10 4 953 2979 955
2154 2 2 10 4 1228 2777 1224
2155 2 2 10 4 589 807 592
2156 2 2 10 4 952 1795 1063
2157 2 2 10 4 1403 2962 1401
2158 2 2 10 4 955 2979 964
2159 2 2 10 4 1082 2953 1084
2160 2 2 10 4 2674 4319 2926
2161 2 2 10 4 1267 2963 1269
2162 2 2 10 4 1091 3953 3340
2163 2 2 10 4 1234 2822 1238
2164 2 2 10 4 2617 3193 2623
2165 2 2 10 4 1882 3117 1611
2166 2 2 10 4 817 2913 811
2167 2 2 10 4 416 3027 418
2168 2 2 10 4 583 685 580
2169 2 2 10 4 3521 4360 1554
2170 2 2 10 4 1953 2318 1951
2171 2 2 10 4 2050 2971 2052
2172 2 2 10 4 943 3011 1791
2173 2 2 10 4 2324 4227 2485
2174 2 2 10 4 480 971 482
2175 2 2 10 4 643 2903 1259
2176 2 2 10 4 2799 2800 2798
2177 2 2 10 4 1351 3146 1066
2178 2 2 10 4 1920 2910 1909
2179 2 2 10 4 996 1597 998
2180 2 2 10 4 449 3007 3003
2181 2 2 10 4 492 2990 494
2182 2 2 10 4 1149 2912 1137
2183 2 2 10 4 2480 3023 2481
2184 2 2 10 4 2311 3371 1756
2185 2 2 10 4 2932 2933 565
2186 2 2 10 4 1158 1161 1159
2187 2 2 10 4 3752 4236 3474
2188 2 2 10 4 528 2817 530
2189 2 2 10 4 2246 3188 2068
2190 2 2 10 4 1115 2885 1178
2191 2 2 10 4 3380 3598 2191
2192 2 2 10 4 1832 2465 2298
2193 2 2 10 4 1343 1662 1345
2194 2 2 10 4 456 2904 459
2195 2 2 10 4 61 3093 60
2196 2 2 10 4 1399 2902 1397
2197 2 2 10 4 3212 3935 3446
2198 2 2 10 4 714 715 713
2199 2 2 10 4 2448 2450 2449
2200 2 2 10 4 1126 2937 2936
2201 2 2 10 4 1391 2972 1388
2202 2 2 10 4 2205 2738 1970
2203 2 2 10 4 878 3097 851
2204 2 2 10 4 744 2805 630
2205 2 2 10 4 2409 2837 2402
2206 2 2 10 4 2474 3214 2735
2207 2 2 10 4 1445 2902 1399
2208 2 2 10 4 1451 1836 1804
2209 2 2 10 4 1007 1077 1030
2210 2 2 10 4 596 598 597
2211 2 2 10 4 530 683 532
2212 2 2 10 4 2056 2876 2251
2213 2 2 10 4 546 547 545
2214 2 2 10 4 2254 2980 2295
2215 2 2 10 4 2233 2984 1711
2216 2 2 10 4 1922 2448 2447
2217 2 2 10 4 98 3079 97
2218 2 2 10 4 1566 1922 1921
2219 2 2 10 4 2616 2941 2615
2220 2 2 10 4 1361 2905 1359
2221 2 2 10 4 1173 1253 1179
2222 2 2 10 4 2052 2062 2054
2223 2 2 10 4 1132 2969 2968
2224 2 2 10 4 2489 4024 868
2225 2 2 10 4 3263 3948 3443
2226 2 2 10 4 2346 2973 2003
2227 2 2 10 4 536 2867 1807
2228 2 2 10 4 1363 1492 1361
2229 2 2 10 4 118 3076 117
2230 2 2 10 4 1184 3131 1187
2231 2 2 10 4 1332 3237 3236
2232 2 2 10 4 1488 3634 3479
2233 2 2 10 4 1177 2806 1105
2234 2 2 10 4 2175 2351 2302
2235 2 2 10 4 1238 1560 1266
2236 2 2 10 4 287 4007 3920
2237 2 2 10 4 3553 3899 412
2238 2 2 10 4 548 549 547
2239 2 2 10 4 1662 2798 1345
2240 2 2 10 4 3899 4115 965
2241 2 2 10 4 2376 2928 2021
2242 2 2 10 4 1541 1832 1543
2243 2 2 10 4 3413 4029 2092
2244 2 2 10 4 1111 1176 1113
2245 2 2 10 4 1629 3051 2762
2246 2 2 10 4 2906 4388 2901
2247 2 2 10 4 1161 1200 1162
2248 2 2 10 4 393 4347 4264
2249 2 2 10 4 2411 3057 2842
2250 2 2 10 4 1573 2846 1632
2251 2 2 10 4 1018 3070 972
2252 2 2 10 4 319 4009 4008
2253 2 2 10 4 1331 1334 1333
2254 2 2 10 4 444 757 447
2255 2 2 10 4 2199 2200 2198
2256 2 2 10 4 1979 2854 2323
2257 2 2 10 4 1315 1317 1316
2258 2 2 10 4 851 3097 850
2259 2 2 10 4 568 2932 565
2260 2 2 10 4 1304 4280 2851
2261 2 2 10 4 2914 3613 1008
2262 2 2 10 4 886 908 885
2263 2 2 10 4 1206 1208 1207
2264 2 2 10 4 836 850 817
2265 2 2 10 4 638 2747 735
2266 2 2 10 4 1471 2988 1469
2267 2 2 10 4 2864 2865 785
2268 2 2 10 4 1397 1488 1395
2269 2 2 10 4 1191 2974 1193
2270 2 2 10 4 587 2918 589
2271 2 2 10 4 598 611 599
2272 2 2 10 4 850 2913 817
2273 2 2 10 4 2112 4093 3665
2274 2 2 10 4 545 978 514
2275 2 2 10 4 1224 3376 1218
2276 2 2 10 4 1132 2968 1135
2277 2 2 10 4 587 589 588
2278 2 2 10 4 867 952 915
2279 2 2 10 4 638 735 640
2280 2 2 10 4 674 2795 524
2281 2 2 10 4 848 871 870
2282 2 2 10 4 2824 2827 2825
2283 2 2 10 4 1979 2323 1981
2284 2 2 10 4 605 607 606
2285 2 2 10 4 1189 2975 1191
2286 2 2 10 4 2003 3196 1308
2287 2 2 10 4 3373 3584 2310
2288 2 2 10 4 283 2684 284
2289 2 2 10 4 219 395 220
2290 2 2 10 4 5 2687 193
2291 2 2 10 4 303 2786 304
2292 2 2 10 4 296 2696 297
2293 2 2 10 4 222 2710 223
2294 2 2 10 4 271 2686 272
2295 2 2 10 4 268 2516 269
2296 2 2 10 4 244 3126 245
2297 2 2 10 4 199 2615 200
2298 2 2 10 4 232 3107 233
2299 2 2 10 4 257 2717 258
2300 2 2 10 4 205 2705 206
2301 2 2 10 4 207 2698 208
2302 2 2 10 4 275 3147 276
2303 2 2 10 4 202 2683 203
2304 2 2 10 4 265 2714 266
2305 2 2 10 4 216 2712 217
2306 2 2 10 4 246 3104 247
2307 2 2 10 4 251 2713 252
2308 2 2 10 4 1077 1537 1078
2309 2 2 10 4 3995 4101 3798
2310 2 2 10 4 1965 2740 1967
2311 2 2 10 4 1433 3112 1431
2312 2 2 10 4 484 700 486
2313 2 2 10 4 1206 1803 1208
2314 2 2 10 4 1187 1310 1189
2315 2 2 10 4 768 2863 769
2316 2 2 10 4 323 3118 120
2317 2 2 10 4 550 552 549
2318 2 2 10 4 2896 2897 1918
2319 2 2 10 4 1308 2328 840
2320 2 2 10 4 707 2810 478
2321 2 2 10 4 681 765 732
2322 2 2 10 4 1238 2822 1560
2323 2 2 10 4 1947 3774 3761
2324 2 2 10 4 1947 3761 1872
2325 2 2 10 4 1002 1003 810
2326 2 2 10 4 1442 1451 1441
2327 2 2 10 4 1852 2236 1854
2328 2 2 10 4 2689 3223 328
2329 2 2 10 4 2812 4094 684
2330 2 2 10 4 1193 1273 1195
2331 2 2 10 4 2825 2826 2823
2332 2 2 10 4 4020 4247 1995
2333 2 2 10 4 2695 3873 3643
2334 2 2 10 4 930 2815 927
2335 2 2 10 4 1463 1513 1455
2336 2 2 10 4 2234 3711 2065
2337 2 2 10 4 777 784 783
2338 2 2 10 4 1004 1008 1006
2339 2 2 10 4 3574 3748 2232
2340 2 2 10 4 1382 2925 1380
2341 2 2 10 4 2954 3683 1153
2342 2 2 10 4 1848 2821 1963
2343 2 2 10 4 536 1807 538
2344 2 2 10 4 566 4263 3350
2345 2 2 10 4 498 2816 517
2346 2 2 10 4 1004 1005 1003
2347 2 2 10 4 2107 4301 2720
2348 2 2 10 4 1262 2909 1006
2349 2 2 10 4 2172 3009 2173
2350 2 2 10 4 607 609 608
2351 2 2 10 4 1078 3152 1080
2352 2 2 10 4 877 878 851
2353 2 2 10 4 3829 4198 1517
2354 2 2 10 4 3089 3090 3088
2355 2 2 10 4 3420 3581 2316
2356 2 2 10 4 79 3055 78
2357 2 2 10 4 2410 2419 2417
2358 2 2 10 4 1152 1156 1155
2359 2 2 10 4 1435 1449 1433
2360 2 2 10 4 351 3062 67
2361 2 2 10 4 893 905 894
2362 2 2 10 4 2056 2251 2058
2363 2 2 10 4 1252 3135 896
2364 2 2 10 4 3291 3292 305
2365 2 2 10 4 1867 2233 1711
2366 2 2 10 4 1367 1487 1365
2367 2 2 10 4 969 2817 528
2368 2 2 10 4 2337 4222 3429
2369 2 2 10 4 1232 2977 1530
2370 2 2 10 4 2925 2927 1380
2371 2 2 10 4 709 710 687
2372 2 2 10 4 802 803 801
2373 2 2 10 4 922 3042 924
2374 2 2 10 4 2253 2980 2254
2375 2 2 10 4 377 3387 3034
2376 2 2 10 4 1275 1613 1496
2377 2 2 10 4 464 2987 467
2378 2 2 10 4 328 3223 2781
2379 2 2 10 4 4093 4257 3665
2380 2 2 10 4 2417 2510 2412
2381 2 2 10 4 1532 1533 1277
2382 2 2 10 4 1357 1359 1358
2383 2 2 10 4 2973 4286 1538
2384 2 2 10 4 1492 2905 1361
2385 2 2 10 4 802 1307 840
2386 2 2 10 4 1547 1675 1549
2387 2 2 10 4 844 2774 867
2388 2 2 10 4 901 3086 1001
2389 2 2 10 4 1801 2065 1802
2390 2 2 10 4 1431 3013 1429
2391 2 2 10 4 1115 1178 1117
2392 2 2 10 4 1008 1263 1262
2393 2 2 10 4 2165 3136 1559
2394 2 2 10 4 3006 4172 1806
2395 2 2 10 4 1263 1581 1262
2396 2 2 10 4 553 556 552
2397 2 2 10 4 1417 3512 1415
2398 2 2 10 4 3624 4200 2867
2399 2 2 10 4 1080 1201 1082
2400 2 2 10 4 2410 2412 2407
2401 2 2 10 4 2050 2982 2971
2402 2 2 10 4 795 797 796
2403 2 2 10 4 672 688 673
2404 2 2 10 4 2318 2828 1951
2405 2 2 10 4 3128 4359 1792
2406 2 2 10 4 2442 3723 2203
2407 2 2 10 4 449 3003 451
2408 2 2 10 4 1006 1007 1005
2409 2 2 10 4 1401 1445 1399
2410 2 2 10 4 924 3042 949
2411 2 2 10 4 2293 3010 2500
2412 2 2 10 4 2084 2908 2426
2413 2 2 10 4 414 965 416
2414 2 2 10 4 1459 2972 1391
2415 2 2 10 4 650 3157 652
2416 2 2 10 4 720 721 719
2417 2 2 10 4 1606 3071 3070
2418 2 2 10 4 2869 3821 2870
2419 2 2 10 4 1639 2939 1637
2420 2 2 10 4 2362 3769 3458
2421 2 2 10 4 874 889 888
2422 2 2 10 4 2351 2366 2302
2423 2 2 10 4 1917 2896 1918
2424 2 2 10 4 3205 3513 3206
2425 2 2 10 4 1849 3368 3002
2426 2 2 10 4 1490 1756 1358
2427 2 2 10 4 2902 3707 1488
2428 2 2 10 4 643 1259 645
2429 2 2 10 4 609 613 610
2430 2 2 10 4 2958 4114 601
2431 2 2 10 4 905 939 906
2432 2 2 10 4 1307 2003 1308
2433 2 2 10 4 943 1791 1267
2434 2 2 10 4 1630 3710 3065
2435 2 2 10 4 1643 2479 2478
2436 2 2 10 4 2297 3028 1867
2437 2 2 10 4 809 811 810
2438 2 2 10 4 1469 1534 1467
2439 2 2 10 4 1634 1635 1533
2440 2 2 10 4 2753 2755 2754
2441 2 2 10 4 2781 4082 2239
2442 2 2 10 4 3170 3874 1449
2443 2 2 10 4 1191 2975 2974
2444 2 2 10 4 2976 3177 2974
2445 2 2 10 4 2295 2505 2296
2446 2 2 10 4 612 2924 618
2447 2 2 10 4 769 785 771
2448 2 2 10 4 442 4253 444
2449 2 2 10 4 2499 4168 3069
2450 2 2 10 4 955 964 957
2451 2 2 10 4 2717 4260 3842
2452 2 2 10 4 884 885 879
2453 2 2 10 4 1164 2819 1169
2454 2 2 10 4 1463 3368 1849
2455 2 2 10 4 797 814 798
2456 2 2 10 4 912 2761 909
2457 2 2 10 4 688 691 689
2458 2 2 10 4 1197 1206 1205
2459 2 2 10 4 2463 3216 2742
2460 2 2 10 4 1413 3114 1410
2461 2 2 10 4 3026 3974 853
2462 2 2 10 4 1429 3013 1460
2463 2 2 10 4 557 558 556
2464 2 2 10 4 984 2774 844
2465 2 2 10 4 2835 3169 1253
2466 2 2 10 4 1638 1639 1637
2467 2 2 10 4 1874 3021 1715
2468 2 2 10 4 451 736 453
2469 2 2 10 4 1953 2319 2318
2470 2 2 10 4 2816 2993 963
2471 2 2 10 4 1756 3371 1358
2472 2 2 10 4 576 605 604
2473 2 2 10 4 802 3378 1307
2474 2 2 10 4 913 926 912
2475 2 2 10 4 3001 3434 1564
2476 2 2 10 4 1169 1171 1170
2477 2 2 10 4 1307 3378 2004
2478 2 2 10 4 1983 3105 1985
2479 2 2 10 4 662 4290 664
2480 2 2 10 4 2471 3471 2470
2481 2 2 10 4 2799 2802 2801
2482 2 2 10 4 2065 2957 2344
2483 2 2 10 4 1260 3419 1239
2484 2 2 10 4 618 620 619
2485 2 2 10 4 2934 4332 2760
2486 2 2 10 4 1863 3434 3001
2487 2 2 10 4 1080 3152 1201
2488 2 2 10 4 1266 3123 1275
2489 2 2 10 4 2449 2451 2447
2490 2 2 10 4 1985 2253 1987
2491 2 2 10 4 1440 1441 1437
2492 2 2 10 4 2612 3997 2613
2493 2 2 10 4 1577 1629 1627
2494 2 2 10 4 362 3426 2688
2495 2 2 10 4 2060 2760 2257
2496 2 2 10 4 896 3135 858
2497 2 2 10 4 613 650 614
2498 2 2 10 4 228 2515 330
2499 2 2 10 4 2887 3103 236
2500 2 2 10 4 264 2989 623
2501 2 2 10 4 231 2682 327
2502 2 2 10 4 628 2709 260
2503 2 2 10 4 435 2726 209
2504 2 2 10 4 338 2722 226
2505 2 2 10 4 335 2721 299
2506 2 2 10 4 301 2703 341
2507 2 2 10 4 712 2707 292
2508 2 2 10 4 253 3180 324
2509 2 2 10 4 282 2704 566
2510 2 2 10 4 211 2690 772
2511 2 2 10 4 821 2748 240
2512 2 2 10 4 221 2771 340
2513 2 2 10 4 215 2689 328
2514 2 2 10 4 330 2724 229
2515 2 2 10 4 554 2836 280
2516 2 2 10 4 225 2688 338
2517 2 2 10 4 278 2779 2694
2518 2 2 10 4 772 2725 212
2519 2 2 10 4 256 3185 641
2520 2 2 10 4 291 2711 712
2521 2 2 10 4 555 2708 195
2522 2 2 10 4 290 2770 2711
2523 2 2 10 4 539 2944 238
2524 2 2 10 4 516 2779 277
2525 2 2 10 4 213 2725 859
2526 2 2 10 4 820 3193 197
2527 2 2 10 4 822 2719 294
2528 2 2 10 4 270 2706 591
2529 2 2 10 4 859 2689 214
2530 2 2 10 4 196 2708 820
2531 2 2 10 4 615 2887 235
2532 2 2 10 4 279 2694 554
2533 2 2 10 4 198 3193 471
2534 2 2 10 4 239 2944 821
2535 2 2 10 4 295 2719 329
2536 2 2 10 4 263 3214 2989
2537 2 2 10 4 362 2688 224
2538 2 2 10 4 819 3214 262
2539 2 2 10 4 573 2770 289
2540 2 2 10 4 293 2707 822
2541 2 2 10 4 281 2836 2704
2542 2 2 10 4 237 3103 539
2543 2 2 10 4 261 2709 819
2544 2 2 10 4 210 2726 2690
2545 2 2 10 4 230 2724 2682
2546 2 2 10 4 227 2722 2515
2547 2 2 10 4 300 2721 2703
2548 2 2 10 4 1449 3112 1433
2549 2 2 10 4 647 2931 672
2550 2 2 10 4 2505 2508 2506
2551 2 2 10 4 1551 1554 1553
2552 2 2 10 4 490 669 492
2553 2 2 10 4 664 3149 681
2554 2 2 10 4 1371 1372 1369
2555 2 2 10 4 2132 3491 2355
2556 2 2 10 4 890 893 892
2557 2 2 10 4 393 4264 3120
2558 2 2 10 4 1414 1415 1413
2559 2 2 10 4 3388 4385 3256
2560 2 2 10 4 3029 3030 1683
2561 2 2 10 4 1664 3492 3132
2562 2 2 10 4 826 3165 848
2563 2 2 10 4 1316 1318 1314
2564 2 2 10 4 1084 1087 1086
2565 2 2 10 4 1119 1153 1121
2566 2 2 10 4 1456 1463 1455
2567 2 2 10 4 2912 4341 3951
2568 2 2 10 4 3232 4021 1741
2569 2 2 10 4 463 2987 464
2570 2 2 10 4 2803 4274 3944
2571 2 2 10 4 814 827 815
2572 2 2 10 4 463 3053 2987
2573 2 2 10 4 691 694 692
2574 2 2 10 4 3347 3804 2611
2575 2 2 10 4 1276 1277 1228
2576 2 2 10 4 418 3026 420
2577 2 2 10 4 559 560 558
2578 2 2 10 4 786 795 794
2579 2 2 10 4 3140 4215 2303
2580 2 2 10 4 1349 3186 1566
2581 2 2 10 4 1171 1173 1172
2582 2 2 10 4 3047 3055 79
2583 2 2 10 4 716 3054 715
2584 2 2 10 4 1520 3033 1518
2585 2 2 10 4 1310 3614 2975
2586 2 2 10 4 620 622 621
2587 2 2 10 4 980 3651 3024
2588 2 2 10 4 718 719 716
2589 2 2 10 4 1408 1409 1403
2590 2 2 10 4 1441 2898 1437
2591 2 2 10 4 2175 3699 2351
2592 2 2 10 4 3179 4191 1883
2593 2 2 10 4 3085 3234 2154
2594 2 2 10 4 1047 3418 1049
2595 2 2 10 4 647 672 668
2596 2 2 10 4 1269 1869 1660
2597 2 2 10 4 326 3039 83
2598 2 2 10 4 1209 3001 1309
2599 2 2 10 4 1922 2446 1921
2600 2 2 10 4 1149 3167 2912
2601 2 2 10 4 1809 3146 1351
2602 2 2 10 4 1811 3182 2340
2603 2 2 10 4 3045 3952 3048
2604 2 2 10 4 1851 1852 1628
2605 2 2 10 4 1077 1078 1030
2606 2 2 10 4 3004 3006 736
2607 2 2 10 4 1326 1328 1324
2608 2 2 10 4 3059 3252 2809
2609 2 2 10 4 1187 3131 1310
2610 2 2 10 4 980 3024 2868
2611 2 2 10 4 336 3047 80
2612 2 2 10 4 2672 4340 2946
2613 2 2 10 4 1712 3252 3059
2614 2 2 10 4 2982 3753 3422
2615 2 2 10 4 890 3067 893
2616 2 2 10 4 2677 3471 3000
2617 2 2 10 4 1292 3101 1510
2618 2 2 10 4 2802 4274 2803
2619 2 2 10 4 2907 4356 100
2620 2 2 10 4 1640 1641 1639
2621 2 2 10 4 3222 3966 1752
2622 2 2 10 4 2254 2295 2267
2623 2 2 10 4 3131 3540 1310
2624 2 2 10 4 344 4252 2759
2625 2 2 10 4 650 652 651
2626 2 2 10 4 1416 1417 1415
2627 2 2 10 4 675 2932 568
2628 2 2 10 4 959 1304 975
2629 2 2 10 4 2682 4188 3109
2630 2 2 10 4 2432 3853 2431
2631 2 2 10 4 868 4196 2489
2632 2 2 10 4 1203 3430 1685
2633 2 2 10 4 1832 1879 1543
2634 2 2 10 4 885 2868 879
2635 2 2 10 4 2698 2701 2699
2636 2 2 10 4 2699 2700 435
2637 2 2 10 4 570 3068 675
2638 2 2 10 4 68 3036 351
2639 2 2 10 4 2471 3459 3155
2640 2 2 10 4 2298 2299 1879
2641 2 2 10 4 1555 3049 1557
2642 2 2 10 4 3155 3482 3000
2643 2 2 10 4 1490 3459 1757
2644 2 2 10 4 3037 3060 3036
2645 2 2 10 4 1375 1443 1373
2646 2 2 10 4 2481 4292 2479
2647 2 2 10 4 2850 3714 2849
2648 2 2 10 4 726 727 725
2649 2 2 10 4 1666 3132 2046
2650 2 2 10 4 2013 2015 2014
2651 2 2 10 4 580 3380 572
2652 2 2 10 4 949 3077 948
2653 2 2 10 4 1355 3371 1327
2654 2 2 10 4 1239 1290 1240
2655 2 2 10 4 1135 2968 1149
2656 2 2 10 4 911 912 909
2657 2 2 10 4 420 853 422
2658 2 2 10 4 1209 1309 1306
2659 2 2 10 4 2847 3092 1920
2660 2 2 10 4 2879 3210 2880
2661 2 2 10 4 1452 3187 1451
2662 2 2 10 4 759 3378 774
2663 2 2 10 4 654 3369 656
2664 2 2 10 4 1322 2863 768
2665 2 2 10 4 1510 3101 2327
2666 2 2 10 4 1088 1091 1090
2667 2 2 10 4 1381 1382 1380
2668 2 2 10 4 1259 4005 2931
2669 2 2 10 4 4123 4327 3771
2670 2 2 10 4 1967 2740 2205
2671 2 2 10 4 2270 3075 2442
2672 2 2 10 4 1795 1797 1796
2673 2 2 10 4 827 829 828
2674 2 2 10 4 694 698 697
2675 2 2 10 4 612 618 617
2676 2 2 10 4 1632 2846 1920
2677 2 2 10 4 2147 2384 1059
2678 2 2 10 4 893 3066 905
2679 2 2 10 4 356 2785 71
2680 2 2 10 4 1164 1169 1168
2681 2 2 10 4 2150 4294 3374
2682 2 2 10 4 2158 3756 2813
2683 2 2 10 4 1173 1179 1174
2684 2 2 10 4 3077 3173 2172
2685 2 2 10 4 2387 2390 2389
2686 2 2 10 4 3079 3080 3038
2687 2 2 10 4 1316 3145 1505
2688 2 2 10 4 622 625 624
2689 2 2 10 4 2271 4131 2771
2690 2 2 10 4 836 851 850
2691 2 2 10 4 3569 4136 1531
2692 2 2 10 4 2813 3756 3431
2693 2 2 10 4 517 519 518
2694 2 2 10 4 494 1831 496
2695 2 2 10 4 1597 1830 1826
2696 2 2 10 4 589 590 588
2697 2 2 10 4 2493 4205 367
2698 2 2 10 4 2693 4059 2725
2699 2 2 10 4 592 593 590
2700 2 2 10 4 1368 3468 1370
2701 2 2 10 4 3881 3939 2166
2702 2 2 10 4 3109 4188 2000
2703 2 2 10 4 2222 2223 2221
2704 2 2 10 4 515 545 514
2705 2 2 10 4 1412 1413 1410
2706 2 2 10 4 467 469 468
2707 2 2 10 4 3200 3419 2160
2708 2 2 10 4 1395 3479 1393
2709 2 2 10 4 952 953 915
2710 2 2 10 4 1454 1455 1452
2711 2 2 10 4 871 872 870
2712 2 2 10 4 1963 1965 1964
2713 2 2 10 4 2323 2776 1981
2714 2 2 10 4 3113 4232 3997
2715 2 2 10 4 1077 2066 1537
2716 2 2 10 4 1100 3022 1103
2717 2 2 10 4 1744 3759 2214
2718 2 2 10 4 1253 3169 1179
2719 2 2 10 4 1455 3187 1452
2720 2 2 10 4 1123 3052 1125
2721 2 2 10 4 873 874 872
2722 2 2 10 4 1788 3976 1709
2723 2 2 10 4 1329 1330 1328
2724 2 2 10 4 1642 1697 1641
2725 2 2 10 4 3348 3871 2806
2726 2 2 10 4 3523 3817 1997
2727 2 2 10 4 4111 4208 2326
2728 2 2 10 4 1045 1535 1499
2729 2 2 10 4 3009 3699 2173
2730 2 2 10 4 652 654 653
2731 2 2 10 4 3155 3459 2905
2732 2 2 10 4 3825 4162 2344
2733 2 2 10 4 1715 3021 3017
2734 2 2 10 4 459 463 462
2735 2 2 10 4 729 730 727
2736 2 2 10 4 1645 3466 1076
2737 2 2 10 4 2015 2017 2016
2738 2 2 10 4 1627 1628 1578
2739 2 2 10 4 931 932 930
2740 2 2 10 4 1981 2776 1983
2741 2 2 10 4 2281 2896 1917
2742 2 2 10 4 2832 2835 1253
2743 2 2 10 4 1634 4359 3127
2744 2 2 10 4 920 1517 922
2745 2 2 10 4 2064 3033 1520
2746 2 2 10 4 2846 2848 2847
2747 2 2 10 4 765 766 732
2748 2 2 10 4 1383 1384 1382
2749 2 2 10 4 981 1874 1715
2750 2 2 10 4 2480 4433 4181
2751 2 2 10 4 1316 1505 1318
2752 2 2 10 4 3518 3561 2604
2753 2 2 10 4 3093 3094 365
2754 2 2 10 4 1505 3145 1784
2755 2 2 10 4 3202 3961 354
2756 2 2 10 4 592 2959 594
2757 2 2 10 4 963 2993 2796
2758 2 2 10 4 1446 2925 1382
2759 2 2 10 4 1716 1915 1914
2760 2 2 10 4 3183 3783 3604
2761 2 2 10 4 768 769 766
2762 2 2 10 4 2665 4348 4287
2763 2 2 10 4 1905 3472 2768
2764 2 2 10 4 3240 3942 2877
2765 2 2 10 4 594 595 593
2766 2 2 10 4 1693 4204 4182
2767 2 2 10 4 1489 4287 2797
2768 2 2 10 4 829 831 830
2769 2 2 10 4 3246 3560 1676
2770 2 2 10 4 698 738 737
2771 2 2 10 4 367 3076 118
2772 2 2 10 4 2458 2459 2282
2773 2 2 10 4 2876 4076 2251
2774 2 2 10 4 519 521 520
2775 2 2 10 4 2340 3146 1809
2776 2 2 10 4 1317 3145 1316
2777 2 2 10 4 1177 4158 2806
2778 2 2 10 4 1492 3155 2905
2779 2 2 10 4 3164 3780 789
2780 2 2 10 4 2831 2833 2832
2781 2 2 10 4 1836 1837 1804
2782 2 2 10 4 1965 1967 1966
2783 2 2 10 4 2160 3419 1679
2784 2 2 10 4 1132 1135 1133
2785 2 2 10 4 2161 2815 930
2786 2 2 10 4 625 627 626
2787 2 2 10 4 2980 4212 2295
2788 2 2 10 4 1026 1689 1339
2789 2 2 10 4 1092 1095 1094
2790 2 2 10 4 724 725 722
2791 2 2 10 4 1803 1863 1208
2792 2 2 10 4 1179 1181 1180
2793 2 2 10 4 2391 2411 2393
2794 2 2 10 4 3370 4178 392
2795 2 2 10 4 3148 4071 1793
2796 2 2 10 4 1181 1668 1183
2797 2 2 10 4 97 3079 3038
2798 2 2 10 4 1125 1128 1127
2799 2 2 10 4 4002 4212 2980
2800 2 2 10 4 1463 1849 1513
2801 2 2 10 4 2188 3813 2728
2802 2 2 10 4 1331 1333 1330
2803 2 2 10 4 2010 2013 2012
2804 2 2 10 4 1889 3032 3031
2805 2 2 10 4 2613 4232 2770
2806 2 2 10 4 1577 1627 1578
2807 2 2 10 4 1468 1469 1467
2808 2 2 10 4 1156 1157 1155
2809 2 2 10 4 96 3038 325
2810 2 2 10 4 2168 4309 2747
2811 2 2 10 4 1379 1380 1377
2812 2 2 10 4 1624 2310 1947
2813 2 2 10 4 1963 2821 2441
2814 2 2 10 4 2409 2840 2839
2815 2 2 10 4 2876 4320 4076
2816 2 2 10 4 1674 2316 1959
2817 2 2 10 4 2398 2400 2399
2818 2 2 10 4 3806 3859 2818
2819 2 2 10 4 3016 4018 1791
2820 2 2 10 4 1490 1757 1756
2821 2 2 10 4 877 879 878
2822 2 2 10 4 1830 2279 2176
2823 2 2 10 4 3359 3563 309
2824 2 2 10 4 2975 3614 2976
2825 2 2 10 4 1467 3368 1464
2826 2 2 10 4 709 711 710
2827 2 2 10 4 3072 3073 3070
2828 2 2 10 4 567 568 565
2829 2 2 10 4 1402 3489 1407
2830 2 2 10 4 3962 4253 442
2831 2 2 10 4 1613 1657 1496
2832 2 2 10 4 517 2816 963
2833 2 2 10 4 654 656 655
2834 2 2 10 4 1158 1159 1157
2835 2 2 10 4 69 3036 68
2836 2 2 10 4 1827 1829 1828
2837 2 2 10 4 992 1683 994
2838 2 2 10 4 748 749 730
2839 2 2 10 4 678 3551 3032
2840 2 2 10 4 1535 3465 1815
2841 2 2 10 4 1365 3381 1363
2842 2 2 10 4 464 467 466
2843 2 2 10 4 2017 2019 2018
2844 2 2 10 4 498 517 502
2845 2 2 10 4 60 3093 365
2846 2 2 10 4 3563 3894 384
2847 2 2 10 4 711 714 713
2848 2 2 10 4 1309 1501 1500
2849 2 2 10 4 3119 3134 2099
2850 2 2 10 4 4243 4244 3684
2851 2 2 10 4 1848 1963 1962
2852 2 2 10 4 1985 3105 2253
2853 2 2 10 4 1917 1918 1657
2854 2 2 10 4 1615 3133 2966
2855 2 2 10 4 2975 2976 2974
2856 2 2 10 4 1045 3465 1535
2857 2 2 10 4 596 597 595
2858 2 2 10 4 1604 1953 1951
2859 2 2 10 4 2918 2922 2920
2860 2 2 10 4 1385 1386 1384
2861 2 2 10 4 1099 3022 1100
2862 2 2 10 4 3087 3160 1027
2863 2 2 10 4 1473 1676 1471
2864 2 2 10 4 1001 3086 1894
2865 2 2 10 4 722 2929 721
2866 2 2 10 4 2008 3233 2010
2867 2 2 10 4 929 930 927
2868 2 2 10 4 2062 3240 2877
2869 2 2 10 4 2920 2921 2919
2870 2 2 10 4 2988 4203 1534
2871 2 2 10 4 2138 2189 2139
2872 2 2 10 4 1334 3236 1610
2873 2 2 10 4 738 759 758
2874 2 2 10 4 1951 1952 1605
2875 2 2 10 4 1719 2939 1639
2876 2 2 10 4 1135 1137 1136
2877 2 2 10 4 521 524 522
2878 2 2 10 4 1469 2988 1534
2879 2 2 10 4 831 834 833
2880 2 2 10 4 3219 4138 4084
2881 2 2 10 4 2926 4372 2674
2882 2 2 10 4 873 3544 874
2883 2 2 10 4 1557 2165 1559
2884 2 2 10 4 1632 1909 1633
2885 2 2 10 4 426 754 428
2886 2 2 10 4 1492 3482 3155
2887 2 2 10 4 1422 1423 1421
2888 2 2 10 4 1967 1970 1968
2889 2 2 10 4 627 630 629
2890 2 2 10 4 541 1497 543
2891 2 2 10 4 1470 1471 1469
2892 2 2 10 4 2937 3609 2936
2893 2 2 10 4 1529 1611 1481
2894 2 2 10 4 1481 3117 1477
2895 2 2 10 4 1334 1608 1335
2896 2 2 10 4 546 548 547
2897 2 2 10 4 1541 2998 1832
2898 2 2 10 4 204 3555 445
2899 2 2 10 4 2325 3939 3881
2900 2 2 10 4 1181 1183 1182
2901 2 2 10 4 2400 2402 2401
2902 2 2 10 4 1811 2340 1809
2903 2 2 10 4 3090 3632 3091
2904 2 2 10 4 2820 4311 380
2905 2 2 10 4 715 3054 1822
2906 2 2 10 4 1031 2035 1292
2907 2 2 10 4 2899 4152 2821
2908 2 2 10 4 1820 3459 2471
2909 2 2 10 4 3152 3188 1201
2910 2 2 10 4 1129 1132 1131
2911 2 2 10 4 3161 3822 3163
2912 2 2 10 4 1161 1162 1159
2913 2 2 10 4 3382 3502 3086
2914 2 2 10 4 652 3157 706
2915 2 2 10 4 1334 1335 1333
2916 2 2 10 4 105 352 104
2917 2 2 10 4 111 354 110
2918 2 2 10 4 3044 3952 3045
2919 2 2 10 4 1628 3460 1578
2920 2 2 10 4 68 351 67
2921 2 2 10 4 75 353 74
2922 2 2 10 4 878 3720 3097
2923 2 2 10 4 1096 1099 1098
2924 2 2 10 4 569 570 568
2925 2 2 10 4 889 890 888
2926 2 2 10 4 1255 3906 3797
2927 2 2 10 4 70 368 69
2928 2 2 10 4 1466 1467 1464
2929 2 2 10 4 714 716 715
2930 2 2 10 4 1587 3468 1368
2931 2 2 10 4 114 346 113
2932 2 2 10 4 78 344 77
2933 2 2 10 4 1156 3499 1158
2934 2 2 10 4 102 343 101
2935 2 2 10 4 1003 3582 2895
2936 2 2 10 4 1610 3236 2259
2937 2 2 10 4 72 356 71
2938 2 2 10 4 65 342 64
2939 2 2 10 4 1263 1582 1581
2940 2 2 10 4 1544 3111 1547
2941 2 2 10 4 108 357 107
2942 2 2 10 4 598 599 597
2943 2 2 10 4 656 658 657
2944 2 2 10 4 515 546 545
2945 2 2 10 4 2204 2270 2203
2946 2 2 10 4 3034 3847 377
2947 2 2 10 4 474 476 475
2948 2 2 10 4 750 751 749
2949 2 2 10 4 1303 1606 1018
2950 2 2 10 4 1354 1355 1327
2951 2 2 10 4 1331 3236 1334
2952 2 2 10 4 1103 1105 1104
2953 2 2 10 4 2223 3820 3089
2954 2 2 10 4 2411 3572 3057
2955 2 2 10 4 1533 3535 1277
2956 2 2 10 4 392 4178 394
2957 2 2 10 4 2019 2021 2020
2958 2 2 10 4 563 565 561
2959 2 2 10 4 80 3047 79
2960 2 2 10 4 380 4064 2820
2961 2 2 10 4 2172 2173 1704
2962 2 2 10 4 906 3058 973
2963 2 2 10 4 2395 2398 2397
2964 2 2 10 4 1250 3875 1109
2965 2 2 10 4 341 3583 302
2966 2 2 10 4 117 337 116
2967 2 2 10 4 1342 1343 1341
2968 2 2 10 4 785 786 771
2969 2 2 10 4 2260 4251 1888
2970 2 2 10 4 587 588 586
2971 2 2 10 4 81 336 80
2972 2 2 10 4 1275 3123 1613
2973 2 2 10 4 99 334 98
2974 2 2 10 4 849 2858 2857
2975 2 2 10 4 1597 3476 1830
2976 2 2 10 4 884 886 885
2977 2 2 10 4 1387 1388 1386
2978 2 2 10 4 1943 2780 2305
2979 2 2 10 4 1206 1207 1205
2980 2 2 10 4 2777 3376 1224
2981 2 2 10 4 548 550 549
2982 2 2 10 4 62 332 61
2983 2 2 10 4 690 4251 2871
2984 2 2 10 4 1909 2291 1910
2985 2 2 10 4 1829 2198 2197
2986 2 2 10 4 1473 3246 1676
2987 2 2 10 4 759 774 773
2988 2 2 10 4 578 587 586
2989 2 2 10 4 2220 2222 2221
2990 2 2 10 4 524 526 525
2991 2 2 10 4 1137 1139 1138
2992 2 2 10 4 736 2970 453
2993 2 2 10 4 1424 1425 1423
2994 2 2 10 4 436 438 437
2995 2 2 10 4 2154 3773 3085
2996 2 2 10 4 753 4116 2727
2997 2 2 10 4 1342 3215 1343
2998 2 2 10 4 1111 3875 1176
2999 2 2 10 4 618 2924 2923
3000 2 2 10 4 1604 1951 1605
3001 2 2 10 4 1801 1802 1636
3002 2 2 10 4 2990 3921 1831
3003 2 2 10 4 605 606 604
3004 2 2 10 4 119 367 118
3005 2 2 10 4 834 839 838
3006 2 2 10 4 394 4178 388
3007 2 2 10 4 933 1889 935
3008 2 2 10 4 935 3029 937
3009 2 2 10 4 2884 3794 424
3010 2 2 10 4 1420 1421 1418
3011 2 2 10 4 97 3038 96
3012 2 2 10 4 1970 1972 1971
3013 2 2 10 4 1169 2819 1823
3014 2 2 10 4 630 632 631
3015 2 2 10 4 1472 1473 1471
3016 2 2 10 4 3625 3669 1444
3017 2 2 10 4 2220 2224 2222
3018 2 2 10 4 2747 4275 2168
3019 2 2 10 4 1208 1209 1207
3020 2 2 10 4 886 909 908
3021 2 2 10 4 1404 3489 1402
3022 2 2 10 4 1477 1565 1475
3023 2 2 10 4 343 4400 2791
3024 2 2 10 4 1573 1632 1631
3025 2 2 10 4 2818 3859 3624
3026 2 2 10 4 1016 2761 912
3027 2 2 10 4 1796 3213 1063
3028 2 2 10 4 2402 2405 2404
3029 2 2 10 4 3705 4006 2826
3030 2 2 10 4 1309 1564 1501
3031 2 2 10 4 1059 3504 1056
3032 2 2 10 4 60 365 59
3033 2 2 10 4 555 3542 2708
3034 2 2 10 4 2189 2380 2190
3035 2 2 10 4 96 325 95
3036 2 2 10 4 470 3168 474
3037 2 2 10 4 2073 3669 3625
3038 2 2 10 4 84 326 83
3039 2 2 10 4 2465 3979 2298
3040 2 2 10 4 2253 2254 1987
3041 2 2 10 4 607 608 606
3042 2 2 10 4 571 572 570
3043 2 2 10 4 611 612 599
3044 2 2 10 4 1440 1442 1441
3045 2 2 10 4 1894 3086 3059
3046 2 2 10 4 2926 4348 3473
3047 2 2 10 4 1518 3033 1744
3048 2 2 10 4 476 478 477
3049 2 2 10 4 2757 3940 1993
3050 2 2 10 4 2793 3228 2794
3051 2 2 10 4 940 3234 3085
3052 2 2 10 4 335 3694 3508
3053 2 2 10 4 996 998 997
3054 2 2 10 4 2908 3999 1249
3055 2 2 10 4 2476 2477 2450
3056 2 2 10 4 121 323 120
3057 2 2 10 4 1152 3861 1156
3058 2 2 10 4 2491 3144 2328
3059 2 2 10 4 1554 1555 1553
3060 2 2 10 4 1450 3114 1413
3061 2 2 10 4 551 4123 2862
3062 2 2 10 4 721 2929 1527
3063 2 2 10 4 1799 3213 1796
3064 2 2 10 4 1503 1599 1260
3065 2 2 10 4 1100 1103 1102
3066 2 2 10 4 1105 1107 1106
3067 2 2 10 4 1371 1373 1372
3068 2 2 10 4 1643 2478 977
3069 2 2 10 4 658 660 659
3070 2 2 10 4 470 474 473
3071 2 2 10 4 776 777 751
3072 2 2 10 4 3161 3163 3162
3073 2 2 10 4 2344 4162 2345
3074 2 2 10 4 1510 2327 1777
3075 2 2 10 4 1614 3151 1034
3076 2 2 10 4 2467 4024 2468
3077 2 2 10 4 681 3149 765
3078 2 2 10 4 2202 2203 2142
3079 2 2 10 4 354 3102 110
3080 2 2 10 4 2021 2023 2022
3081 2 2 10 4 901 3382 3086
3082 2 2 10 4 3958 4421 2754
3083 2 2 10 4 3230 3646 1684
3084 2 2 10 4 1442 1452 1451
3085 2 2 10 4 1087 1088 1086
3086 2 2 10 4 550 553 552
3087 2 2 10 4 1290 1580 1579
3088 2 2 10 4 2432 4028 3853
3089 2 2 10 4 1686 3230 1684
3090 2 2 10 4 893 894 892
3091 2 2 10 4 3217 3587 3423
3092 2 2 10 4 2212 3230 1686
3093 2 2 10 4 840 2991 803
3094 2 2 10 4 1446 4348 2926
3095 2 2 10 4 976 1503 1260
3096 2 2 10 4 3094 3127 3095
3097 2 2 10 4 2106 2359 1698
3098 2 2 10 4 438 440 439
3099 2 2 10 4 2828 3628 1952
3100 2 2 10 4 1239 1240 939
3101 2 2 10 4 2754 3201 2752
3102 2 2 10 4 2066 2067 1537
3103 2 2 10 4 1797 1798 1796
3104 2 2 10 4 1049 3418 1270
3105 2 2 10 4 1564 3688 3191
3106 2 2 10 4 392 3983 3285
3107 2 2 10 4 949 3173 3077
3108 2 2 10 4 385 4215 4186
3109 2 2 10 4 2291 2293 2292
3110 2 2 10 4 1389 1391 1388
3111 2 2 10 4 3041 4370 1142
3112 2 2 10 4 1565 3246 1475
3113 2 2 10 4 1027 3241 3087
3114 2 2 10 4 774 801 800
3115 2 2 10 4 1276 1532 1277
3116 2 2 10 4 526 528 527
3117 2 2 10 4 1356 1357 1355
3118 2 2 10 4 1635 1638 1637
3119 2 2 10 4 1200 4061 2873
3120 2 2 10 4 672 2931 2930
3121 2 2 10 4 3182 4254 2340
3122 2 2 10 4 924 949 948
3123 2 2 10 4 848 3165 871
3124 2 2 10 4 1482 3980 1421
3125 2 2 10 4 432 436 434
3126 2 2 10 4 1139 1141 1140
3127 2 2 10 4 2801 3876 2800
3128 2 2 10 4 3083 3947 1893
3129 2 2 10 4 1426 1427 1425
3130 2 2 10 4 1343 1345 1344
3131 2 2 10 4 3127 3596 1634
3132 2 2 10 4 3429 4222 2367
3133 2 2 10 4 2214 3050 2215
3134 2 2 10 4 2689 4183 3223
3135 2 2 10 4 839 842 841
3136 2 2 10 4 341 3995 3798
3137 2 2 10 4 1345 1347 1346
3138 2 2 10 4 2467 2468 2314
3139 2 2 10 4 2391 3572 2411
3140 2 2 10 4 1482 4192 2746
3141 2 2 10 4 905 906 894
3142 2 2 10 4 795 796 794
3143 2 2 10 4 846 3532 920
3144 2 2 10 4 609 610 608
3145 2 2 10 4 632 634 633
3146 2 2 10 4 578 2922 587
3147 2 2 10 4 1972 1974 1973
3148 2 2 10 4 1408 1410 1409
3149 2 2 10 4 3243 3462 1884
3150 2 2 10 4 3910 4345 2310
3151 2 2 10 4 672 673 668
3152 2 2 10 4 705 3796 3736
3153 2 2 10 4 1869 1870 1660
3154 2 2 10 4 2985 4040 2984
3155 2 2 10 4 2405 2407 2406
3156 2 2 10 4 1225 3515 1221
3157 2 2 10 4 2223 3088 3087
3158 2 2 10 4 671 4118 2780
3159 2 2 10 4 1347 1349 1348
3160 2 2 10 4 1474 1475 1473
3161 2 2 10 4 949 3655 3173
3162 2 2 10 4 1532 1634 1533
3163 2 2 10 4 718 720 719
3164 2 2 10 4 2341 4197 2952
3165 2 2 10 4 584 4268 2844
3166 2 2 10 4 3255 3533 3501
3167 2 2 10 4 1685 3430 2033
3168 2 2 10 4 3770 4195 1793
3169 2 2 10 4 808 809 784
3170 2 2 10 4 380 4311 3452
3171 2 2 10 4 579 580 572
3172 2 2 10 4 3105 3483 2253
3173 2 2 10 4 1220 1842 1222
3174 2 2 10 4 1725 2373 1317
3175 2 2 10 4 588 3462 586
3176 2 2 10 4 1830 3476 2744
3177 2 2 10 4 1141 3951 1150
3178 2 2 10 4 2227 4091 2273
3179 2 2 10 4 110 3102 109
3180 2 2 10 4 478 480 479
3181 2 2 10 4 1095 3480 1096
3182 2 2 10 4 1769 1770 1584
3183 2 2 10 4 2164 3769 2362
3184 2 2 10 4 925 3372 2804
3185 2 2 10 4 453 2970 456
3186 2 2 10 4 414 3899 965
3187 2 2 10 4 2132 2355 2134
3188 2 2 10 4 2303 3883 3140
3189 2 2 10 4 3608 3974 3026
3190 2 2 10 4 797 798 796
3191 2 2 10 4 3017 3735 3018
3192 2 2 10 4 688 689 673
3193 2 2 10 4 1107 1109 1108
3194 2 2 10 4 1664 3132 1666
3195 2 2 10 4 3207 3948 3263
3196 2 2 10 4 994 996 995
3197 2 2 10 4 3478 3724 2210
3198 2 2 10 4 1290 3419 3200
3199 2 2 10 4 660 662 661
3200 2 2 10 4 1232 1234 1233
3201 2 2 10 4 553 557 556
3202 2 2 10 4 307 3139 3138
3203 2 2 10 4 2101 3857 3172
3204 2 2 10 4 3243 3269 987
3205 2 2 10 4 1475 3246 1473
3206 2 2 10 4 2023 2743 2227
3207 2 2 10 4 1187 1189 1188
3208 2 2 10 4 2295 2296 2267
3209 2 2 10 4 720 722 721
3210 2 2 10 4 1483 4352 3679
3211 2 2 10 4 1239 3419 1290
3212 2 2 10 4 1582 1700 1581
3213 2 2 10 4 1501 1515 1514
3214 2 2 10 4 3794 4037 754
3215 2 2 10 4 1804 2898 1441
3216 2 2 10 4 2691 2693 772
3217 2 2 10 4 2690 2692 2691
3218 2 2 10 4 803 826 825
3219 2 2 10 4 2752 3201 2750
3220 2 2 10 4 2173 2175 2174
3221 2 2 10 4 2065 2344 1802
3222 2 2 10 4 1360 1361 1359
3223 2 2 10 4 440 442 441
3224 2 2 10 4 2092 3937 3413
3225 2 2 10 4 1350 3239 3153
3226 2 2 10 4 1559 3136 1569
3227 2 2 10 4 1363 3381 1492
3228 2 2 10 4 994 3476 996
3229 2 2 10 4 1392 1393 1391
3230 2 2 10 4 363 3964 2766
3231 2 2 10 4 440 3789 442
3232 2 2 10 4 853 2884 422
3233 2 2 10 4 2293 2500 2294
3234 2 2 10 4 2882 3560 3246
3235 2 2 10 4 3161 3162 1714
3236 2 2 10 4 1464 3368 1463
3237 2 2 10 4 1296 2172 1704
3238 2 2 10 4 1566 3186 1922
3239 2 2 10 4 528 530 529
3240 2 2 10 4 2962 4058 1445
3241 2 2 10 4 1676 3559 2988
3242 2 2 10 4 2620 4028 2941
3243 2 2 10 4 613 614 610
3244 2 2 10 4 1555 3762 3049
3245 2 2 10 4 2147 2992 2384
3246 2 2 10 4 1529 1612 1611
3247 2 2 10 4 992 3029 1683
3248 2 2 10 4 911 913 912
3249 2 2 10 4 2310 4345 1947
3250 2 2 10 4 1770 3208 1584
3251 2 2 10 4 1666 2046 1817
3252 2 2 10 4 1309 1500 1306
3253 2 2 10 4 3095 3383 365
3254 2 2 10 4 2505 2506 2296
3255 2 2 10 4 1501 3191 1515
3256 2 2 10 4 3765 4026 1249
3257 2 2 10 4 842 844 843
3258 2 2 10 4 1141 1144 1143
3259 2 2 10 4 1091 1092 1090
3260 2 2 10 4 1290 3200 1580
3261 2 2 10 4 3213 4030 2979
3262 2 2 10 4 3115 3816 951
3263 2 2 10 4 1535 1726 1499
3264 2 2 10 4 1428 1429 1427
3265 2 2 10 4 1169 1170 1168
3266 2 2 10 4 1609 1764 1763
3267 2 2 10 4 634 636 635
3268 2 2 10 4 980 2868 885
3269 2 2 10 4 3202 4195 3961
3270 2 2 10 4 2257 3609 2387
3271 2 2 10 4 1974 1977 1975
3272 2 2 10 4 4008 4009 2343
3273 2 2 10 4 1349 1566 1504
3274 2 2 10 4 3736 3796 2151
3275 2 2 10 4 2175 2302 2289
3276 2 2 10 4 618 619 617
3277 2 2 10 4 2390 2391 2389
3278 2 2 10 4 1308 3196 2491
3279 2 2 10 4 1476 1477 1475
3280 2 2 10 4 1261 3538 1994
3281 2 2 10 4 962 1252 896
3282 2 2 10 4 1849 1850 1513
3283 2 2 10 4 3124 3125 2614
3284 2 2 10 4 1515 3191 1948
3285 2 2 10 4 2878 4318 1332
3286 2 2 10 4 1372 4041 2946
3287 2 2 10 4 1334 1610 1608
3288 2 2 10 4 582 583 580
3289 2 2 10 4 2050 2052 2051
3290 2 2 10 4 1552 4241 3444
3291 2 2 10 4 1184 1187 1186
3292 2 2 10 4 3110 3984 1886
3293 2 2 10 4 3701 3702 3135
3294 2 2 10 4 948 3077 1009
3295 2 2 10 4 1840 4266 4021
3296 2 2 10 4 691 692 689
3297 2 2 10 4 814 815 798
3298 2 2 10 4 480 482 481
3299 2 2 10 4 3425 4333 2373
3300 2 2 10 4 1234 1238 1237
3301 2 2 10 4 512 514 510
3302 2 2 10 4 1270 2144 1272
3303 2 2 10 4 1584 3208 1582
3304 2 2 10 4 3024 3760 1996
3305 2 2 10 4 1836 1838 1837
3306 2 2 10 4 1952 3154 1605
3307 2 2 10 4 1226 1232 1231
3308 2 2 10 4 2615 2941 2622
3309 2 2 10 4 426 3794 754
3310 2 2 10 4 1824 3527 1825
3311 2 2 10 4 3436 3900 3016
3312 2 2 10 4 700 2996 486
3313 2 2 10 4 2420 3912 3470
3314 2 2 10 4 557 559 558
3315 2 2 10 4 913 927 926
3316 2 2 10 4 1320 1342 1341
3317 2 2 10 4 3842 4324 628
3318 2 2 10 4 2982 3422 2971
3319 2 2 10 4 2283 4304 2743
3320 2 2 10 4 1109 1111 1110
3321 2 2 10 4 2791 4068 343
3322 2 2 10 4 2983 3468 1587
3323 2 2 10 4 1412 1414 1413
3324 2 2 10 4 662 664 663
3325 2 2 10 4 1668 1880 1183
3326 2 2 10 4 1171 1172 1170
3327 2 2 10 4 816 817 811
3328 2 2 10 4 1189 1191 1190
3329 2 2 10 4 3244 3502 3235
3330 2 2 10 4 1454 1456 1455
3331 2 2 10 4 2794 2795 674
3332 2 2 10 4 620 621 619
3333 2 2 10 4 1648 3466 1645
3334 2 2 10 4 1423 4302 1482
3335 2 2 10 4 2107 3208 1770
3336 2 2 10 4 1744 2214 1745
3337 2 2 10 4 3444 4133 1552
3338 2 2 10 4 463 464 462
3339 2 2 10 4 634 3189 636
3340 2 2 10 4 2795 4380 2883
3341 2 2 10 4 3467 3490 2317
3342 2 2 10 4 1007 1030 1029
3343 2 2 10 4 2033 2169 2168
3344 2 2 10 4 1505 1736 1318
3345 2 2 10 4 1638 1640 1639
3346 2 2 10 4 442 444 443
3347 2 2 10 4 1612 1720 1611
3348 2 2 10 4 2200 3863 3702
3349 2 2 10 4 1417 3843 3512
3350 2 2 10 4 1853 3460 1628
3351 2 2 10 4 2833 2834 2832
3352 2 2 10 4 2918 2920 2919
3353 2 2 10 4 1580 1790 1789
3354 2 2 10 4 1803 1864 1863
3355 2 2 10 4 370 3782 3315
3356 2 2 10 4 1394 1395 1393
3357 2 2 10 4 2731 2996 700
3358 2 2 10 4 1927 2064 1520
3359 2 2 10 4 1296 3077 2172
3360 2 2 10 4 650 651 614
3361 2 2 10 4 1034 3151 1033
3362 2 2 10 4 1599 1679 1260
3363 2 2 10 4 2263 2266 2265
3364 2 2 10 4 2508 2509 2506
3365 2 2 10 4 530 532 531
3366 2 2 10 4 1608 1609 1335
3367 2 2 10 4 2890 3708 764
3368 2 2 10 4 1414 1416 1415
3369 2 2 10 4 3236 3237 2259
3370 2 2 10 4 365 3383 59
3371 2 2 10 4 934 3244 787
3372 2 2 10 4 1581 3410 1262
3373 2 2 10 4 1290 1579 1240
3374 2 2 10 4 1298 3232 1741
3375 2 2 10 4 2047 2050 2049
3376 2 2 10 4 1662 3490 2799
3377 2 2 10 4 2738 4229 2434
3378 2 2 10 4 2282 4103 2439
3379 2 2 10 4 1144 1146 1145
3380 2 2 10 4 2350 4045 3455
3381 2 2 10 4 1456 1464 1463
3382 2 2 10 4 2004 2346 2003
3383 2 2 10 4 3756 4221 3431
3384 2 2 10 4 826 848 847
3385 2 2 10 4 844 867 866
3386 2 2 10 4 3106 3953 1087
3387 2 2 10 4 1430 1431 1429
3388 2 2 10 4 636 638 637
3389 2 2 10 4 2010 3233 2013
3390 2 2 10 4 1822 3534 865
3391 2 2 10 4 2537 2538 2535
3392 2 2 10 4 2450 4050 2449
3393 2 2 10 4 1977 1979 1978
3394 2 2 10 4 1566 1921 1567
3395 2 2 10 4 2497 4030 3213
3396 2 2 10 4 1569 3136 2775
3397 2 2 10 4 1362 1363 1361
3398 2 2 10 4 2086 2088 2087
3399 2 2 10 4 2052 2054 2053
3400 2 2 10 4 1501 1514 1500
3401 2 2 10 4 2701 2702 2699
3402 2 2 10 4 648 649 583
3403 2 2 10 4 1716 1914 1506
3404 2 2 10 4 694 697 692
3405 2 2 10 4 1480 1481 1477
3406 2 2 10 4 821 3672 2748
3407 2 2 10 4 3942 4069 2877
3408 2 2 10 4 827 828 815
3409 2 2 10 4 594 2959 2958
3410 2 2 10 4 1238 1266 1265
3411 2 2 10 4 482 484 483
3412 2 2 10 4 559 561 560
3413 2 2 10 4 1301 1759 1524
3414 2 2 10 4 1712 3244 934
3415 2 2 10 4 3158 3178 2219
3416 2 2 10 4 1919 2458 2282
3417 2 2 10 4 504 3231 507
3418 2 2 10 4 1128 1129 1127
3419 2 2 10 4 1954 4395 2997
3420 2 2 10 4 3451 4393 2457
3421 2 2 10 4 1173 1174 1172
3422 2 2 10 4 724 726 725
3423 2 2 10 4 3011 3436 3016
3424 2 2 10 4 1095 1096 1094
3425 2 2 10 4 3465 3543 1815
3426 2 2 10 4 622 624 621
3427 2 2 10 4 664 681 680
3428 2 2 10 4 1111 1113 1112
3429 2 2 10 4 2013 2014 2012
3430 2 2 10 4 1191 1193 1192
3431 2 2 10 4 839 3229 842
3432 2 2 10 4 1943 2305 1942
3433 2 2 10 4 1913 3197 1626
3434 2 2 10 4 1541 1543 1542
3435 2 2 10 4 1583 1584 1582
3436 2 2 10 4 1505 1779 1736
3437 2 2 10 4 74 3374 73
3438 2 2 10 4 2316 2317 1959
3439 2 2 10 4 2736 4110 2976
3440 2 2 10 4 1379 1381 1380
3441 2 2 10 4 1768 1769 1584
3442 2 2 10 4 1270 3418 2144
3443 2 2 10 4 1564 3191 1501
3444 2 2 10 4 1757 1758 1756
3445 2 2 10 4 2997 4081 1954
3446 2 2 10 4 1687 3148 2284
3447 2 2 10 4 685 3380 580
3448 2 2 10 4 3249 3251 2342
3449 2 2 10 4 992 994 993
3450 2 2 10 4 2323 3363 2776
3451 2 2 10 4 1580 1789 1579
3452 2 2 10 4 512 515 514
3453 2 2 10 4 2069 3768 1214
3454 2 2 10 4 1515 1589 1514
3455 2 2 10 4 1640 1642 1641
3456 2 2 10 4 999 1913 1626
3457 2 2 10 4 4001 4138 315
3458 2 2 10 4 444 447 446
3459 2 2 10 4 484 4411 700
3460 2 2 10 4 332 4113 3096
3461 2 2 10 4 1515 1590 1589
3462 2 2 10 4 2297 4198 3829
3463 2 2 10 4 3257 3313 3311
3464 2 2 10 4 3257 3311 3310
3465 2 2 10 4 2513 4231 3403
3466 2 2 10 4 1944 3217 3035
3467 2 2 10 4 1764 1766 1765
3468 2 2 10 4 1252 3701 3135
3469 2 2 10 4 1309 3001 1564
3470 2 2 10 4 652 653 651
3471 2 2 10 4 1764 1765 1763
3472 2 2 10 4 1582 3208 1700
3473 2 2 10 4 1337 3757 2005
3474 2 2 10 4 835 836 817
3475 2 2 10 4 1416 1418 1417
3476 2 2 10 4 1350 4078 3968
3477 2 2 10 4 2859 3485 3078
3478 2 2 10 4 2972 4271 1489
3479 2 2 10 4 532 536 535
3480 2 2 10 4 1396 1397 1395
3481 2 2 10 4 2312 3507 1048
3482 2 2 10 4 517 518 502
3483 2 2 10 4 1646 2086 1652
3484 2 2 10 4 1827 1828 1598
3485 2 2 10 4 3113 3879 712
3486 2 2 10 4 726 729 727
3487 2 2 10 4 1580 3200 1860
3488 2 2 10 4 2929 3644 1527
3489 2 2 10 4 3417 4045 2045
3490 2 2 10 4 2221 3241 2218
3491 2 2 10 4 1343 3215 1662
3492 2 2 10 4 509 3603 2687
3493 2 2 10 4 467 468 466
3494 2 2 10 4 1477 3117 1565
3495 2 2 10 4 1314 3607 1312
3496 2 2 10 4 2015 2016 2014
3497 2 2 10 4 3197 3199 3198
3498 2 2 10 4 1963 1964 1962
3499 2 2 10 4 2740 3516 2205
3500 2 2 10 4 554 3643 2836
3501 2 2 10 4 1903 3222 3221
3502 2 2 10 4 1903 3221 1621
3503 2 2 10 4 3242 3269 3243
3504 2 2 10 4 1146 1152 1151
3505 2 2 10 4 1078 1080 1079
3506 2 2 10 4 1488 3479 1395
3507 2 2 10 4 2919 3788 807
3508 2 2 10 4 1432 1433 1431
3509 2 2 10 4 638 640 639
3510 2 2 10 4 867 915 914
3511 2 2 10 4 848 870 869
3512 2 2 10 4 1381 1383 1382
3513 2 2 10 4 121 3159 323
3514 2 2 10 4 2886 3181 2181
3515 2 2 10 4 2314 3575 2126
3516 2 2 10 4 1979 1981 1980
3517 2 2 10 4 1058 3623 1512
3518 2 2 10 4 422 2884 424
3519 2 2 10 4 2539 2540 2538
3520 2 2 10 4 1747 1748 1723
3521 2 2 10 4 725 3722 2929
3522 2 2 10 4 2240 4115 3899
3523 2 2 10 4 2054 2056 2055
3524 2 2 10 4 2033 3430 2169
3525 2 2 10 4 1358 3371 1355
3526 2 2 10 4 320 3530 3395
3527 2 2 10 4 1321 1993 1323
3528 2 2 10 4 2067 2068 1537
3529 2 2 10 4 698 737 697
3530 2 2 10 4 3046 3779 2024
3531 2 2 10 4 2537 2539 2538
3532 2 2 10 4 1798 1799 1796
3533 2 2 10 4 1797 1800 1798
3534 2 2 10 4 1580 1860 1790
3535 2 2 10 4 1526 1541 1540
3536 2 2 10 4 686 687 649
3537 2 2 10 4 1364 1365 1363
3538 2 2 10 4 1680 3252 990
3539 2 2 10 4 2342 3268 3249
3540 2 2 10 4 358 4358 3220
3541 2 2 10 4 829 830 828
3542 2 2 10 4 3532 3829 1517
3543 2 2 10 4 1528 1529 1481
3544 2 2 10 4 3038 3082 325
3545 2 2 10 4 1941 3271 3269
3546 2 2 10 4 3269 3271 3270
3547 2 2 10 4 746 3270 755
3548 2 2 10 4 774 3378 802
3549 2 2 10 4 1682 1711 1656
3550 2 2 10 4 929 931 930
3551 2 2 10 4 1880 3540 3131
3552 2 2 10 4 1266 1275 1274
3553 2 2 10 4 2138 2139 1915
3554 2 2 10 4 573 3561 3518
3555 2 2 10 4 519 520 518
3556 2 2 10 4 2545 2546 2543
3557 2 2 10 4 3257 3310 3254
3558 2 2 10 4 484 486 485
3559 2 2 10 4 2999 3979 2465
3560 2 2 10 4 1769 1771 1770
3561 2 2 10 4 1852 1854 1853
3562 2 2 10 4 2538 3360 2535
3563 2 2 10 4 469 3168 470
3564 2 2 10 4 2559 3428 3421
3565 2 2 10 4 1563 3652 3198
3566 2 2 10 4 3139 3140 3138
3567 2 2 10 4 1179 1180 1174
3568 2 2 10 4 625 626 624
3569 2 2 10 4 1907 3273 1904
3570 2 2 10 4 787 3244 788
3571 2 2 10 4 3071 4108 2451
3572 2 2 10 4 1700 1701 1581
3573 2 2 10 4 469 470 468
3574 2 2 10 4 1835 3182 1811
3575 2 2 10 4 2692 2881 2691
3576 2 2 10 4 2382 2486 2346
3577 2 2 10 4 1965 1966 1964
3578 2 2 10 4 971 4411 482
3579 2 2 10 4 950 3239 947
3580 2 2 10 4 656 3369 967
3581 2 2 10 4 259 3842 628
3582 2 2 10 4 681 732 731
3583 2 2 10 4 3080 3082 3038
3584 2 2 10 4 1691 3264 399
3585 2 2 10 4 1883 3231 504
3586 2 2 10 4 1913 3199 3197
3587 2 2 10 4 1668 2027 1880
3588 2 2 10 4 3444 4241 3443
3589 2 2 10 4 1193 1195 1194
3590 2 2 10 4 1113 1115 1114
3591 2 2 10 4 410 3898 3092
3592 2 2 10 4 1535 1814 1726
3593 2 2 10 4 1726 1727 1499
3594 2 2 10 4 3272 3385 1940
3595 2 2 10 4 3205 3206 1819
3596 2 2 10 4 987 3462 3243
3597 2 2 10 4 1849 1990 1850
3598 2 2 10 4 3293 3296 1450
3599 2 2 10 4 1610 1886 1608
3600 2 2 10 4 2218 3241 2216
3601 2 2 10 4 2547 2548 2546
3602 2 2 10 4 3423 3587 1562
3603 2 2 10 4 1836 2790 1838
3604 2 2 10 4 1838 1839 1837
3605 2 2 10 4 957 3470 959
3606 2 2 10 4 1311 1890 1313
3607 2 2 10 4 2762 3051 2764
3608 2 2 10 4 2290 3498 1678
3609 2 2 10 4 3020 4086 776
3610 2 2 10 4 1288 3331 3203
3611 2 2 10 4 2214 2215 1745
3612 2 2 10 4 2968 3990 1149
3613 2 2 10 4 3484 3488 1960
3614 2 2 10 4 808 3934 3721
3615 2 2 10 4 583 4120 685
3616 2 2 10 4 2875 4432 4336
3617 2 2 10 4 1612 1721 1720
3618 2 2 10 4 1720 1882 1611
3619 2 2 10 4 852 3549 2008
3620 2 2 10 4 2809 3252 1680
3621 2 2 10 4 533 3706 3632
3622 2 2 10 4 1642 1698 1697
3623 2 2 10 4 1620 3217 1944
3624 2 2 10 4 1864 1865 1863
3625 2 2 10 4 1132 1133 1131
3626 2 2 10 4 1599 1878 1679
3627 2 2 10 4 940 1577 1576
3628 2 2 10 4 447 449 448
3629 2 2 10 4 876 877 851
3630 2 2 10 4 2533 3360 2557
3631 2 2 10 4 1561 3488 3484
3632 2 2 10 4 1941 3242 1731
3633 2 2 10 4 1941 3269 3242
3634 2 2 10 4 889 4137 3067
3635 2 2 10 4 654 655 653
3636 2 2 10 4 1461 3630 2899
3637 2 2 10 4 2531 2532 2529
3638 2 2 10 4 3271 3385 3272
3639 2 2 10 4 755 3270 779
3640 2 2 10 4 931 1615 932
3641 2 2 10 4 987 3270 746
3642 2 2 10 4 1019 3386 3384
3643 2 2 10 4 1099 1100 1098
3644 2 2 10 4 3249 3268 1703
3645 2 2 10 4 2271 3264 1691
3646 2 2 10 4 3254 3310 1340
3647 2 2 10 4 729 748 730
3648 2 2 10 4 1325 1354 1327
3649 2 2 10 4 2045 4045 2350
3650 2 2 10 4 1802 3535 1636
3651 2 2 10 4 536 538 537
3652 2 2 10 4 1736 2155 1833
3653 2 2 10 4 412 414 413
3654 2 2 10 4 990 3252 936
3655 2 2 10 4 1466 1468 1467
3656 2 2 10 4 2960 4192 1482
3657 2 2 10 4 2847 3367 3092
3658 2 2 10 4 2017 2018 2016
3659 2 2 10 4 2243 3273 1907
3660 2 2 10 4 1904 3273 1903
3661 2 2 10 4 3073 3693 781
3662 2 2 10 4 2305 3203 1942
3663 2 2 10 4 1653 1656 1650
3664 2 2 10 4 436 3978 438
3665 2 2 10 4 1096 3480 1099
3666 2 2 10 4 1505 1784 1779
3667 2 2 10 4 3224 3225 1960
3668 2 2 10 4 1819 3262 1558
3669 2 2 10 4 1757 1812 1758
3670 2 2 10 4 947 3239 1350
3671 2 2 10 4 994 995 993
3672 2 2 10 4 2535 3360 2533
3673 2 2 10 4 3421 3428 2585
3674 2 2 10 4 953 955 954
3675 2 2 10 4 1515 1948 1590
3676 2 2 10 4 1766 1767 1765
3677 2 2 10 4 1264 2154 1022
3678 2 2 10 4 2026 3552 985
3679 2 2 10 4 1994 3192 2136
3680 2 2 10 4 399 3264 396
3681 2 2 10 4 1152 1155 1154
3682 2 2 10 4 2545 2547 2546
3683 2 2 10 4 1943 2872 2780
3684 2 2 10 4 3467 4274 2802
3685 2 2 10 4 2398 2399 2397
3686 2 2 10 4 1884 3462 588
3687 2 2 10 4 1383 1385 1384
3688 2 2 10 4 640 643 642
3689 2 2 10 4 3094 3095 365
3690 2 2 10 4 2539 2541 2540
3691 2 2 10 4 1747 1749 1748
3692 2 2 10 4 1009 3077 1296
3693 2 2 10 4 863 3234 940
3694 2 2 10 4 2067 2245 2068
3695 2 2 10 4 1398 1399 1397
3696 2 2 10 4 1797 1895 1800
3697 2 2 10 4 1800 2070 1798
3698 2 2 10 4 1860 1861 1790
3699 2 2 10 4 1434 1435 1433
3700 2 2 10 4 1981 1983 1982
3701 2 2 10 4 2142 3723 2140
3702 2 2 10 4 1843 3224 1960
3703 2 2 10 4 2557 3360 2585
3704 2 2 10 4 1771 1772 1770
3705 2 2 10 4 937 3029 992
3706 2 2 10 4 2550 2551 2548
3707 2 2 10 4 563 567 565
3708 2 2 10 4 1903 3273 3222
3709 2 2 10 4 1700 2250 1701
3710 2 2 10 4 3360 3421 2585
3711 2 2 10 4 2692 2882 2881
3712 2 2 10 4 2000 4060 3109
3713 2 2 10 4 1832 2998 2465
3714 2 2 10 4 1668 2029 2027
3715 2 2 10 4 2027 2028 1880
3716 2 2 10 4 2575 3643 2573
3717 2 2 10 4 1866 1867 1711
3718 2 2 10 4 3226 3227 1945
3719 2 2 10 4 1535 1815 1814
3720 2 2 10 4 1814 2104 1726
3721 2 2 10 4 3206 3207 1819
3722 2 2 10 4 3189 4275 2747
3723 2 2 10 4 1990 2158 1850
3724 2 2 10 4 1849 3002 1990
3725 2 2 10 4 1610 1887 1886
3726 2 2 10 4 1568 3205 1819
3727 2 2 10 4 2790 2813 1838
3728 2 2 10 4 1839 1875 1837
3729 2 2 10 4 2056 2058 2057
3730 2 2 10 4 3092 3898 2910
3731 2 2 10 4 950 3280 3239
3732 2 2 10 4 58 315 57
3733 2 2 10 4 2551 2553 2548
3734 2 2 10 4 1721 2162 1720
3735 2 2 10 4 1612 1722 1721
3736 2 2 10 4 708 709 687
3737 2 2 10 4 1864 2333 1865
3738 2 2 10 4 738 758 737
3739 2 2 10 4 1599 2460 1878
3740 2 2 10 4 1878 1958 1679
3741 2 2 10 4 1561 3266 3265
3742 2 2 10 4 1577 1578 1576
3743 2 2 10 4 2547 2550 2548
3744 2 2 10 4 882 3234 863
3745 2 2 10 4 2046 3753 2982
3746 2 2 10 4 2531 2533 2532
3747 2 2 10 4 1366 1367 1365
3748 2 2 10 4 780 3356 756
3749 2 2 10 4 1275 1496 1495
3750 2 2 10 4 1784 2038 1779
3751 2 2 10 4 2183 3357 3356
3752 2 2 10 4 831 833 830
3753 2 2 10 4 1757 1820 1812
3754 2 2 10 4 1812 1813 1758
3755 2 2 10 4 521 522 520
3756 2 2 10 4 1498 3265 1924
3757 2 2 10 4 1948 1949 1590
3758 2 2 10 4 790 3235 812
3759 2 2 10 4 1766 1785 1767
3760 2 2 10 4 2154 3234 1022
3761 2 2 10 4 2045 4199 3548
3762 2 2 10 4 2350 3362 2006
3763 2 2 10 4 2418 4327 3505
3764 2 2 10 4 1621 3221 1294
3765 2 2 10 4 3218 3219 2037
3766 2 2 10 4 3281 3297 1035
3767 2 2 10 4 2541 2542 2540
3768 2 2 10 4 1749 2039 1748
3769 2 2 10 4 1135 1136 1133
3770 2 2 10 4 3265 3266 1924
3771 2 2 10 4 2245 2246 2068
3772 2 2 10 4 2067 2247 2245
3773 2 2 10 4 1895 1896 1800
3774 2 2 10 4 1861 1862 1790
3775 2 2 10 4 1929 3258 3247
3776 2 2 10 4 3301 3356 780
3777 2 2 10 4 1409 4325 2962
3778 2 2 10 4 756 3356 880
3779 2 2 10 4 893 3067 3066
3780 2 2 10 4 1772 2107 1770
3781 2 2 10 4 1771 1773 1772
3782 2 2 10 4 3154 3281 1605
3783 2 2 10 4 2621 3261 2960
3784 2 2 10 4 2250 2492 1701
3785 2 2 10 4 3247 3258 1928
3786 2 2 10 4 401 3259 1256
3787 2 2 10 4 3241 3364 2216
3788 2 2 10 4 2027 2473 2028
3789 2 2 10 4 1815 2235 1814
3790 2 2 10 4 991 3265 1498
3791 2 2 10 4 486 488 487
3792 2 2 10 4 1610 2259 1887
3793 2 2 10 4 1839 1998 1875
3794 2 2 10 4 3258 3260 1928
3795 2 2 10 4 2551 2554 2553
3796 2 2 10 4 3501 3533 1732
3797 2 2 10 4 1722 1723 1721
3798 2 2 10 4 3247 3281 1929
3799 2 2 10 4 1297 3268 1858
3800 2 2 10 4 2333 2335 1865
3801 2 2 10 4 1864 2334 2333
3802 2 2 10 4 3247 3297 3281
3803 2 2 10 4 1605 3281 1035
3804 2 2 10 4 1958 2160 1679
3805 2 2 10 4 1878 2385 1958
3806 2 2 10 4 2618 3261 2621
3807 2 2 10 4 1967 1968 1966
3808 2 2 10 4 1010 3280 950
3809 2 2 10 4 2533 2557 2532
3810 2 2 10 4 824 3301 780
3811 2 2 10 4 2038 2112 1779
3812 2 2 10 4 1784 2332 2038
3813 2 2 10 4 3260 3354 1930
3814 2 2 10 4 1858 3268 2342
3815 2 2 10 4 1820 2143 1812
3816 2 2 10 4 3258 3354 3260
3817 2 2 10 4 1949 1950 1590
3818 2 2 10 4 1785 1786 1767
3819 2 2 10 4 1766 2000 1785
3820 2 2 10 4 3248 3249 1703
3821 2 2 10 4 398 3259 401
3822 2 2 10 4 3253 3254 1340
3823 2 2 10 4 2541 2543 2542
3824 2 2 10 4 2542 2559 2540
3825 2 2 10 4 2039 2280 1748
3826 2 2 10 4 1749 2040 2039
3827 2 2 10 4 3266 3267 1924
3828 2 2 10 4 2245 3113 2246
3829 2 2 10 4 1895 1897 1896
3830 2 2 10 4 1861 2098 1862
3831 2 2 10 4 1626 3197 1881
3832 2 2 10 4 3278 3358 813
3833 2 2 10 4 1771 2093 1773
3834 2 2 10 4 1773 1885 1772
3835 2 2 10 4 1295 3268 1297
3836 2 2 10 4 2492 2830 1701
3837 2 2 10 4 862 3301 824
3838 2 2 10 4 2473 2474 2028
3839 2 2 10 4 1929 3281 3154
3840 2 2 10 4 2259 2326 1887
3841 2 2 10 4 1998 1999 1875
3842 2 2 10 4 1839 2192 1998
3843 2 2 10 4 2551 2555 2554
3844 2 2 10 4 2554 2561 2553
3845 2 2 10 4 2335 2336 1865
3846 2 2 10 4 2334 2347 2333
3847 2 2 10 4 2385 2499 1958
3848 2 2 10 4 1930 3358 3260
3849 2 2 10 4 2557 2562 2532
3850 2 2 10 4 3260 3278 1928
3851 2 2 10 4 1820 2470 2143
3852 2 2 10 4 1949 2276 1950
3853 2 2 10 4 1785 2111 1786
3854 2 2 10 4 3384 3386 3272
3855 2 2 10 4 3260 3358 3278
3856 2 2 10 4 3248 3250 3249
3857 2 2 10 4 3253 3255 3254
3858 2 2 10 4 3356 3357 880
3859 2 2 10 4 2542 2565 2559
3860 2 2 10 4 1749 2237 2040
3861 2 2 10 4 3270 3271 779
3862 2 2 10 4 1897 1898 1896
3863 2 2 10 4 2098 2455 1862
3864 2 2 10 4 1861 2211 2098
3865 2 2 10 4 813 3358 792
3866 2 2 10 4 1773 1912 1885
3867 2 2 10 4 402 3274 1693
3868 2 2 10 4 2474 2475 2028
3869 2 2 10 4 3130 4114 2958
3870 2 2 10 4 3267 3353 1924
3871 2 2 10 4 2619 3261 2618
3872 2 2 10 4 899 3278 855
3873 2 2 10 4 2326 2339 1887
3874 2 2 10 4 1998 2428 1999
3875 2 2 10 4 2555 2556 2554
3876 2 2 10 4 2561 2614 2553
3877 2 2 10 4 3269 3270 987
3878 2 2 10 4 2334 2348 2347
3879 2 2 10 4 2437 3280 1782
3880 2 2 10 4 2557 2584 2562
3881 2 2 10 4 1820 2471 2470
3882 2 2 10 4 2532 3365 2529
3883 2 2 10 4 1928 3278 899
3884 2 2 10 4 1949 2329 2276
3885 2 2 10 4 2276 2277 1950
3886 2 2 10 4 855 3278 813
3887 2 2 10 4 3239 3280 2437
3888 2 2 10 4 3250 3251 3249
3889 2 2 10 4 400 3274 402
3890 2 2 10 4 3255 3256 3254
3891 2 2 10 4 2565 2580 2559
3892 2 2 10 4 2237 2238 2040
3893 2 2 10 4 3271 3272 779
3894 2 2 10 4 1897 1899 1898
3895 2 2 10 4 1782 3280 1591
3896 2 2 10 4 2474 2735 2475
3897 2 2 10 4 2428 2429 1999
3898 2 2 10 4 2555 2563 2556
3899 2 2 10 4 2423 3275 1859
3900 2 2 10 4 2557 2585 2584
3901 2 2 10 4 1519 3354 1729
3902 2 2 10 4 2276 3141 2277
3903 2 2 10 4 3256 3257 3254
3904 2 2 10 4 2238 2239 2040
3905 2 2 10 4 1899 1900 1898
3906 2 2 10 4 1859 3275 1619
3907 2 2 10 4 1012 3282 1015
3908 2 2 10 4 2735 2736 2475
3909 2 2 10 4 3282 3354 1519
3910 2 2 10 4 2429 2430 1999
3911 2 2 10 4 2563 2564 2556
3912 2 2 10 4 1729 3354 3258
3913 2 2 10 4 747 3286 745
3914 2 2 10 4 1015 3282 1519
3915 2 2 10 4 989 3282 1012
3916 2 2 10 4 745 3286 3276
3917 2 2 10 4 2331 3292 1891
3918 2 2 10 4 1924 3353 1702
3919 2 2 10 4 1892 3291 3289
3920 2 2 10 4 880 3286 747
3921 2 2 10 4 1899 1901 1900
3922 2 2 10 4 1900 1902 1898
3923 2 2 10 4 1892 3292 3291
3924 2 2 10 4 1891 3292 1892
3925 2 2 10 4 745 3276 585
3926 2 2 10 4 1780 3275 2484
3927 2 2 10 4 3289 3295 1892
3928 2 2 10 4 2429 2431 2430
3929 2 2 10 4 2563 2571 2564
3930 2 2 10 4 1710 3295 1507
3931 2 2 10 4 585 3276 577
3932 2 2 10 4 3279 3287 1575
3933 2 2 10 4 1575 3288 3279
3934 2 2 10 4 1933 3288 1935
3935 2 2 10 4 1892 3295 1710
3936 2 2 10 4 1900 2377 1902
3937 2 2 10 4 1507 3295 1575
3938 2 2 10 4 3279 3288 1933
3939 2 2 10 4 1575 3287 1000
3940 2 2 10 4 1992 3283 1696
3941 2 2 10 4 2429 2432 2431
3942 2 2 10 4 3288 3295 3289
3943 2 2 10 4 3288 3289 1935
3944 2 2 10 4 2571 2572 2564
3945 2 2 10 4 1000 3287 897
3946 2 2 10 4 1696 3283 1694
3947 2 2 10 4 1575 3295 3288
3948 2 2 10 4 3279 3298 3287
3949 2 2 10 4 3289 3290 1935
3950 2 2 10 4 2572 2573 2564
3951 2 2 10 4 1908 3284 1946
3952 2 2 10 4 3287 3298 898
3953 2 2 10 4 3289 3291 3290
3954 2 2 10 4 2572 2574 2573
3955 2 2 10 4 2629 3293 2628
3956 2 2 10 4 2574 2575 2573
3957 2 2 10 4 898 3298 900
3958 2 2 10 4 2574 2576 2575
3959 2 2 10 4 902 3297 3247
3960 2 2 10 4 1035 3297 944
3961 2 2 10 4 2574 2577 2576
3962 2 2 10 4 944 3297 903
3963 2 2 10 4 1931 3298 3279
3964 2 2 10 4 2636 3300 2649
3965 2 2 10 4 1603 3303 3299
3966 2 2 10 4 2577 2578 2576
3967 2 2 10 4 3303 3304 3299
3968 2 2 10 4 916 3298 1931
3969 2 2 10 4 2633 3300 2636
3970 2 2 10 4 3302 3304 3303
3971 2 2 10 4 945 3302 1036
3972 2 2 10 4 2577 2588 2578
3973 2 2 10 4 3302 3303 1036
3974 2 2 10 4 917 3302 945
3975 2 2 10 4 2588 2589 2578
3976 2 2 10 4 2577 2739 2588
3977 2 2 10 4 979 3304 3302
3978 2 2 10 4 1036 3303 1243
3979 2 2 10 4 1243 3303 1603
3980 2 2 10 4 2589 2590 2578
3981 2 2 10 4 3299 3304 1936
3982 2 2 10 4 3332 3343 3333
3983 2 2 10 4 2600 3335 2598
3984 2 2 10 4 2595 3326 2597
3985 2 2 10 4 2610 3326 2595
3986 2 2 10 4 2589 2591 2590
3987 2 2 10 4 3333 3343 2272
3988 2 2 10 4 941 3345 3342
3989 2 2 10 4 1936 3304 1932
3990 2 2 10 4 2612 2613 2606
3991 2 2 10 4 1594 3342 3306
3992 2 2 10 4 3318 3323 3316
3993 2 2 10 4 1594 3343 3332
3994 2 2 10 4 3306 3343 1594
3995 2 2 10 4 1669 3338 3321
3996 2 2 10 4 2591 2593 2592
3997 2 2 10 4 2664 2667 2666
3998 2 2 10 4 1037 3325 1614
3999 2 2 10 4 2184 3336 3327
4000 2 2 10 4 2301 3314 1734
4001 2 2 10 4 1244 3325 1037
4002 2 2 10 4 1040 1041 1039
4003 2 2 10 4 2591 2592 2590
4004 2 2 10 4 3336 3345 941
4005 2 2 10 4 2603 2604 2602
4006 2 2 10 4 2671 2672 2669
4007 2 2 10 4 2636 2649 2638
4008 2 2 10 4 1940 3330 1042
4009 2 2 10 4 3316 3323 1699
4010 2 2 10 4 3307 3324 1699
4011 2 2 10 4 1282 3329 1279
4012 2 2 10 4 2595 2597 2596
4013 2 2 10 4 1734 3314 1735
4014 2 2 10 4 2677 3000 2676
4015 2 2 10 4 2645 2652 2647
4016 2 2 10 4 2668 2669 2667
4017 2 2 10 4 1023 3328 1264
4018 2 2 10 4 1061 3342 1594
4019 2 2 10 4 1020 3309 860
4020 2 2 10 4 861 863 862
4021 2 2 10 4 2601 2603 2602
4022 2 2 10 4 3312 3339 3338
4023 2 2 10 4 1735 3314 2186
4024 2 2 10 4 1042 3330 1044
4025 2 2 10 4 942 3342 1061
4026 2 2 10 4 2594 2610 2595
4027 2 2 10 4 2597 3326 2608
4028 2 2 10 4 1061 1594 1593
4029 2 2 10 4 1600 3324 1939
4030 2 2 10 4 1937 1938 1936
4031 2 2 10 4 2611 3340 2603
4032 2 2 10 4 2639 2643 2641
4033 2 2 10 4 2654 2655 2648
4034 2 2 10 4 2664 2668 2667
4035 2 2 10 4 2639 2641 2640
4036 2 2 10 4 2599 2600 2598
4037 2 2 10 4 2605 3106 2607
4038 2 2 10 4 2658 2659 2657
4039 2 2 10 4 2660 2661 2659
4040 2 2 10 4 2660 2662 2661
4041 2 2 10 4 2667 2679 2666
4042 2 2 10 4 2184 3327 1601
4043 2 2 10 4 1794 2163 1774
4044 2 2 10 4 860 3309 861
4045 2 2 10 4 1319 1781 1286
4046 2 2 10 4 1600 1939 1734
4047 2 2 10 4 2601 2602 2600
4048 2 2 10 4 861 3309 881
4049 2 2 10 4 3321 3329 1669
4050 2 2 10 4 2301 3315 3314
4051 2 2 10 4 3307 3308 2304
4052 2 2 10 4 3342 3345 3306
4053 2 2 10 4 1023 1264 1022
4054 2 2 10 4 1592 3328 1023
4055 2 2 10 4 1286 3337 1284
4056 2 2 10 4 2605 2606 2604
4057 2 2 10 4 2607 2612 2606
4058 2 2 10 4 3327 3336 3309
4059 2 2 10 4 2645 2647 2646
4060 2 2 10 4 2671 2673 2672
4061 2 2 10 4 3338 3339 3322
4062 2 2 10 4 1039 3324 1600
4063 2 2 10 4 1939 3324 3307
4064 2 2 10 4 2591 2594 2593
4065 2 2 10 4 2605 2607 2606
4066 2 2 10 4 1601 3327 1038
4067 2 2 10 4 1040 1940 1042
4068 2 2 10 4 1043 3316 1699
4069 2 2 10 4 1774 1871 1244
4070 2 2 10 4 1871 3325 1244
4071 2 2 10 4 1278 3329 3317
4072 2 2 10 4 1284 3337 1669
4073 2 2 10 4 1287 1320 1319
4074 2 2 10 4 1319 3310 1781
4075 2 2 10 4 863 940 862
4076 2 2 10 4 2653 2656 2654
4077 2 2 10 4 1042 1043 1041
4078 2 2 10 4 1280 1730 1289
4079 2 2 10 4 1320 1340 1319
4080 2 2 10 4 1730 1941 1731
4081 2 2 10 4 1937 2435 1938
4082 2 2 10 4 1937 2820 2435
4083 2 2 10 4 861 862 824
4084 2 2 10 4 1061 1592 1023
4085 2 2 10 4 1044 1278 1043
4086 2 2 10 4 2108 2379 2109
4087 2 2 10 4 3317 3319 3318
4088 2 2 10 4 823 1019 860
4089 2 2 10 4 1021 1039 1038
4090 2 2 10 4 1281 1282 1279
4091 2 2 10 4 1283 1284 1282
4092 2 2 10 4 1781 3337 1286
4093 2 2 10 4 2601 2611 2603
4094 2 2 10 4 2647 2648 2646
4095 2 2 10 4 3321 3338 3322
4096 2 2 10 4 1278 3317 3316
4097 2 2 10 4 1243 1603 1602
4098 2 2 10 4 1283 3331 1288
4099 2 2 10 4 1730 1731 1289
4100 2 2 10 4 1699 3323 3307
4101 2 2 10 4 1731 1943 1942
4102 2 2 10 4 1939 2301 1734
4103 2 2 10 4 3310 3311 1781
4104 2 2 10 4 2646 2650 2644
4105 2 2 10 4 2653 2654 2648
4106 2 2 10 4 861 881 863
4107 2 2 10 4 1933 1935 1934
4108 2 2 10 4 2379 2485 2109
4109 2 2 10 4 1019 1021 1020
4110 2 2 10 4 1036 1037 1034
4111 2 2 10 4 1669 3329 1282
4112 2 2 10 4 1285 1286 1284
4113 2 2 10 4 1287 1319 1286
4114 2 2 10 4 2670 2671 2669
4115 2 2 10 4 1021 1038 1020
4116 2 2 10 4 1039 1600 1038
4117 2 2 10 4 1699 3324 1041
4118 2 2 10 4 1044 3330 1280
4119 2 2 10 4 1243 1602 1244
4120 2 2 10 4 1279 3329 1278
4121 2 2 10 4 2656 2658 2657
4122 2 2 10 4 2658 2660 2659
4123 2 2 10 4 2671 2675 2673
4124 2 2 10 4 942 1061 1023
4125 2 2 10 4 1602 1774 1244
4126 2 2 10 4 1731 1942 1289
4127 2 2 10 4 1593 1753 1592
4128 2 2 10 4 1794 2303 2164
4129 2 2 10 4 1934 1937 1936
4130 2 2 10 4 1938 3299 1936
4131 2 2 10 4 3317 3329 3321
4132 2 2 10 4 1037 1614 1034
4133 2 2 10 4 1604 1605 1035
4134 2 2 10 4 2435 3138 1938
4135 2 2 10 4 1243 1244 1037
4136 2 2 10 4 1061 1593 1592
4137 2 2 10 4 1916 3328 1592
4138 2 2 10 4 2164 2362 2163
4139 2 2 10 4 2186 2188 2187
4140 2 2 10 4 1036 1243 1037
4141 2 2 10 4 1041 3324 1039
4142 2 2 10 4 2597 2598 2596
4143 2 2 10 4 940 1576 862
4144 2 2 10 4 881 941 882
4145 2 2 10 4 3311 3312 1781
4146 2 2 10 4 1281 3331 1283
4147 2 2 10 4 1283 1288 1285
4148 2 2 10 4 1340 3310 1319
4149 2 2 10 4 1594 3332 1593
4150 2 2 10 4 3337 3338 1669
4151 2 2 10 4 1735 2186 2185
4152 2 2 10 4 1794 2164 2163
4153 2 2 10 4 2602 2609 2600
4154 2 2 10 4 2643 2645 2644
4155 2 2 10 4 1019 1020 860
4156 2 2 10 4 1043 1699 1041
4157 2 2 10 4 1734 1735 1601
4158 2 2 10 4 1602 1794 1774
4159 2 2 10 4 1735 2185 2184
4160 2 2 10 4 881 882 863
4161 2 2 10 4 1754 2108 1821
4162 2 2 10 4 3333 3334 2110
4163 2 2 10 4 2188 2272 2187
4164 2 2 10 4 2188 2728 2272
4165 2 2 10 4 2597 2599 2598
4166 2 2 10 4 3319 3320 3318
4167 2 2 10 4 1600 1734 1601
4168 2 2 10 4 2662 2664 2663
4169 2 2 10 4 1278 3316 1043
4170 2 2 10 4 1280 1289 1281
4171 2 2 10 4 1284 1669 1282
4172 2 2 10 4 2643 2644 2641
4173 2 2 10 4 2676 2769 2673
4174 2 2 10 4 1033 1604 1035
4175 2 2 10 4 1593 3332 1754
4176 2 2 10 4 2594 2595 2593
4177 2 2 10 4 1281 1283 1282
4178 2 2 10 4 1593 1754 1753
4179 2 2 10 4 3317 3318 3316
4180 2 2 10 4 3309 3336 881
4181 2 2 10 4 1020 3327 3309
4182 2 2 10 4 1042 1044 1043
4183 2 2 10 4 1934 1936 1932
4184 2 2 10 4 1939 3307 2304
4185 2 2 10 4 1044 1280 1279
4186 2 2 10 4 2829 3341 1821
4187 2 2 10 4 2187 3306 2185
4188 2 2 10 4 2187 3343 3306
4189 2 2 10 4 941 942 882
4190 2 2 10 4 942 1023 1022
4191 2 2 10 4 1044 1279 1278
4192 2 2 10 4 1280 1281 1279
4193 2 2 10 4 1280 3330 1730
4194 2 2 10 4 1283 1285 1284
4195 2 2 10 4 1285 1287 1286
4196 2 2 10 4 1320 1341 1340
4197 2 2 10 4 1753 3341 1916
4198 2 2 10 4 2658 2678 2660
4199 2 2 10 4 3317 3321 3319
4200 2 2 10 4 823 860 824
4201 2 2 10 4 941 3342 942
4202 2 2 10 4 1754 2110 2108
4203 2 2 10 4 2109 2829 1821
4204 2 2 10 4 1933 1934 1932
4205 2 2 10 4 2597 2608 2599
4206 2 2 10 4 823 824 780
4207 2 2 10 4 1021 1040 1039
4208 2 2 10 4 1600 1601 1038
4209 2 2 10 4 1040 1042 1041
4210 2 2 10 4 1931 3279 1933
4211 2 2 10 4 1821 3341 1753
4212 2 2 10 4 2599 2601 2600
4213 2 2 10 4 2647 2653 2648
4214 2 2 10 4 860 861 824
4215 2 2 10 4 1753 1916 1592
4216 2 2 10 4 1939 2304 2301
4217 2 2 10 4 942 1022 882
4218 2 2 10 4 945 1036 1034
4219 2 2 10 4 2668 2680 2670
4220 2 2 10 4 881 3336 941
4221 2 2 10 4 1289 3331 1281
4222 2 2 10 4 1942 3331 1289
4223 2 2 10 4 1754 3332 2110
4224 2 2 10 4 2186 2187 2185
4225 2 2 10 4 2645 2646 2644
4226 2 2 10 4 1735 2184 1601
4227 2 2 10 4 2595 2596 2593
4228 2 2 10 4 1754 1821 1753
4229 2 2 10 4 3312 3337 1781
4230 2 2 10 4 2656 2657 2654
4231 2 2 10 4 2662 2663 2661
4232 2 2 10 4 2664 2666 2663
4233 2 2 10 4 3312 3338 3337
4234 2 2 10 4 3332 3333 2110
4235 2 2 10 4 3307 3323 3308
4236 2 2 10 4 1038 3327 1020
4237 2 2 10 4 3321 3322 3319
4238 2 2 10 4 2675 2677 2676
4239 2 2 10 4 2108 2109 1821
4240 2 2 10 4 2603 2605 2604
4241 2 2 10 4 2675 2676 2673
4242 2 2 10 4 2639 2640 2637
4243 2 2 10 4 2184 3345 3336
4244 2 2 10 4 2272 3343 2187
4245 2 2 10 4 2659 2665 2657
4246 2 2 10 4 2668 2670 2669
4247 2 2 10 4 2603 3340 2605
4248 2 2 10 4 2609 3335 2600
4249 2 2 10 4 2605 3340 3106
4250 2 2 10 4 2601 3347 2611
4251 2 2 10 4 2655 3346 2648
4252 2 2 10 4 1931 1933 1932
4253 2 2 10 4 1932 3304 979
4254 2 2 10 4 1929 3154 1927
4255 2 2 10 4 1729 3258 1929
4256 2 2 10 4 778 823 780
4257 2 2 10 4 1033 1035 944
4258 2 2 10 4 945 1034 1033
4259 2 2 10 4 2185 3345 2184
4260 2 2 10 4 2636 2638 2637
4261 2 2 10 4 2648 3346 2646
4262 2 2 10 4 2638 2639 2637
4263 2 2 10 4 2637 3305 2635
4264 2 2 10 4 3306 3345 2185
4265 2 2 10 4 2654 3344 2655
4266 2 2 10 4 2640 3305 2637
4267 2 2 10 4 2665 3344 2657
4268 2 2 10 4 2646 3346 2650
4269 2 2 10 4 2608 3347 2599
4270 2 2 10 4 2599 3347 2601
4271 2 2 10 4 2657 3344 2654
4272 2 2 10 4 2662 3349 2664
4273 2 2 10 4 2668 3349 2680
4274 2 2 10 4 2589 3348 2591
4275 2 2 10 4 2664 3349 2668
4276 2 2 10 4 2591 3348 2594
4277 2 2 10 4 2636 2637 2635
4278 2 2 10 4 945 1033 944
4279 2 2 10 4 1729 1929 1927
4280 2 2 10 4 2309 2331 1891
4281 2 2 10 4 1931 1932 979
4282 2 2 10 4 755 779 778
4283 2 2 10 4 778 780 756
4284 2 2 10 4 2633 2636 2635
4285 2 2 10 4 1891 1892 1710
4286 2 2 10 4 917 945 944
4287 2 2 10 4 979 3302 917
4288 2 2 10 4 916 1931 979
4289 2 2 10 4 1750 2309 1891
4290 2 2 10 4 1729 1927 1520
4291 2 2 10 4 756 880 747
4292 2 2 10 4 755 778 756
4293 2 2 10 4 2633 2635 2634
4294 2 2 10 4 1750 1891 1710
4295 2 2 10 4 1519 1729 1520
4296 2 2 10 4 917 944 903
4297 2 2 10 4 916 979 917
4298 2 2 10 4 755 756 747
4299 2 2 10 4 1991 2497 2496
4300 2 2 10 4 2631 3300 2633
4301 2 2 10 4 2633 2634 2632
4302 2 2 10 4 2578 3350 2576
4303 2 2 10 4 1519 1520 1518
4304 2 2 10 4 1744 1745 1511
4305 2 2 10 4 900 3298 916
4306 2 2 10 4 916 917 903
4307 2 2 10 4 1508 1750 1710
4308 2 2 10 4 746 755 747
4309 2 2 10 4 2590 3350 2578
4310 2 2 10 4 1991 2496 1992
4311 2 2 10 4 2631 2633 2632
4312 2 2 10 4 2632 3293 2629
4313 2 2 10 4 2572 3351 2574
4314 2 2 10 4 1508 1710 1507
4315 2 2 10 4 1518 1744 1511
4316 2 2 10 4 1015 1519 1518
4317 2 2 10 4 900 916 903
4318 2 2 10 4 1001 1894 1508
4319 2 2 10 4 902 3247 1928
4320 2 2 10 4 903 3297 902
4321 2 2 10 4 746 747 745
4322 2 2 10 4 682 987 746
4323 2 2 10 4 3153 3239 2437
4324 2 2 10 4 1991 1992 1696
4325 2 2 10 4 2631 2632 2629
4326 2 2 10 4 1001 1508 1507
4327 2 2 10 4 1015 1518 1511
4328 2 2 10 4 902 1928 899
4329 2 2 10 4 900 903 902
4330 2 2 10 4 1507 1575 1000
4331 2 2 10 4 682 746 745
4332 2 2 10 4 2364 3285 3284
4333 2 2 10 4 2424 2965 2423
4334 2 2 10 4 2438 3153 2437
4335 2 2 10 4 1989 1991 1696
4336 2 2 10 4 2630 2631 2629
4337 2 2 10 4 900 902 899
4338 2 2 10 4 1001 1507 1000
4339 2 2 10 4 1015 1511 1014
4340 2 2 10 4 682 745 585
4341 2 2 10 4 2574 3351 2577
4342 2 2 10 4 1946 2244 2243
4343 2 2 10 4 2363 2766 2364
4344 2 2 10 4 2364 3284 1908
4345 2 2 10 4 2436 2438 2437
4346 2 2 10 4 2422 2424 2423
4347 2 2 10 4 2577 3351 2739
4348 2 2 10 4 2627 2630 2629
4349 2 2 10 4 1695 1989 1696
4350 2 2 10 4 898 900 899
4351 2 2 10 4 901 1001 1000
4352 2 2 10 4 1014 1027 1013
4353 2 2 10 4 1012 1015 1014
4354 2 2 10 4 586 682 585
4355 2 2 10 4 3276 3286 3277
4356 2 2 10 4 2078 3040 2784
4357 2 2 10 4 1946 2243 1907
4358 2 2 10 4 2363 2364 1908
4359 2 2 10 4 2436 2437 1782
4360 2 2 10 4 2422 2423 1859
4361 2 2 10 4 2627 2629 2628
4362 2 2 10 4 1695 1696 1694
4363 2 2 10 4 2528 2529 2527
4364 2 2 10 4 1694 3283 2271
4365 2 2 10 4 897 3287 898
4366 2 2 10 4 901 1000 897
4367 2 2 10 4 1013 1714 1011
4368 2 2 10 4 898 899 855
4369 2 2 10 4 1012 1014 1013
4370 2 2 10 4 3276 3277 1574
4371 2 2 10 4 578 586 585
4372 2 2 10 4 2078 2784 2783
4373 2 2 10 4 3290 3352 1935
4374 2 2 10 4 1908 1946 1907
4375 2 2 10 4 1906 2363 1908
4376 2 2 10 4 1937 3352 2820
4377 2 2 10 4 1935 3352 1934
4378 2 2 10 4 2341 2422 1859
4379 2 2 10 4 2258 2436 1782
4380 2 2 10 4 1780 2484 2258
4381 2 2 10 4 1858 2342 2341
4382 2 2 10 4 2527 2581 2525
4383 2 2 10 4 1694 2271 1691
4384 2 2 10 4 2627 2628 2626
4385 2 2 10 4 1692 1695 1694
4386 2 2 10 4 2526 2528 2527
4387 2 2 10 4 1934 3352 1937
4388 2 2 10 4 1012 1013 1011
4389 2 2 10 4 854 901 897
4390 2 2 10 4 897 898 855
4391 2 2 10 4 578 585 577
4392 2 2 10 4 577 3276 1574
4393 2 2 10 4 2078 2783 2077
4394 2 2 10 4 1906 1908 1907
4395 2 2 10 4 1858 2341 1859
4396 2 2 10 4 1780 2258 1782
4397 2 2 10 4 2078 3353 3040
4398 2 2 10 4 2526 2527 2525
4399 2 2 10 4 2626 2746 2625
4400 2 2 10 4 1692 1694 1691
4401 2 2 10 4 401 1256 404
4402 2 2 10 4 402 1693 1692
4403 2 2 10 4 2624 2627 2626
4404 2 2 10 4 989 1012 1011
4405 2 2 10 4 1930 3282 989
4406 2 2 10 4 854 897 855
4407 2 2 10 4 577 1574 542
4408 2 2 10 4 543 578 577
4409 2 2 10 4 2077 2809 1680
4410 2 2 10 4 1702 2078 2077
4411 2 2 10 4 1906 1907 1904
4412 2 2 10 4 1619 3275 1780
4413 2 2 10 4 1858 1859 1619
4414 2 2 10 4 1780 1782 1591
4415 2 2 10 4 1702 3353 2078
4416 2 2 10 4 2621 2960 2734
4417 2 2 10 4 2625 3261 2619
4418 2 2 10 4 403 3274 400
4419 2 2 10 4 401 404 403
4420 2 2 10 4 2524 2526 2525
4421 2 2 10 4 2624 2626 2625
4422 2 2 10 4 402 1692 1691
4423 2 2 10 4 854 855 813
4424 2 2 10 4 989 1011 988
4425 2 2 10 4 837 1930 989
4426 2 2 10 4 543 577 542
4427 2 2 10 4 1498 1924 1702
4428 2 2 10 4 1702 2077 1680
4429 2 2 10 4 1930 3354 3282
4430 2 2 10 4 1905 1906 1904
4431 2 2 10 4 1901 3355 1900
4432 2 2 10 4 1900 3355 2377
4433 2 2 10 4 1619 1780 1591
4434 2 2 10 4 1297 1858 1619
4435 2 2 10 4 2949 2950 2948
4436 2 2 10 4 2288 3043 2949
4437 2 2 10 4 2624 2625 2619
4438 2 2 10 4 402 1691 399
4439 2 2 10 4 2621 2734 2681
4440 2 2 10 4 2524 2525 2521
4441 2 2 10 4 401 403 400
4442 2 2 10 4 812 854 813
4443 2 2 10 4 837 989 988
4444 2 2 10 4 541 543 542
4445 2 2 10 4 1498 1702 1680
4446 2 2 10 4 1944 3035 3034
4447 2 2 10 4 1877 1905 1904
4448 2 2 10 4 1703 3268 1295
4449 2 2 10 4 1296 1704 1703
4450 2 2 10 4 1297 1619 1591
4451 2 2 10 4 1591 3280 1010
4452 2 2 10 4 3143 3204 3142
4453 2 2 10 4 2288 2949 2948
4454 2 2 10 4 837 3358 1930
4455 2 2 10 4 2522 2524 2521
4456 2 2 10 4 2623 2624 2619
4457 2 2 10 4 398 401 400
4458 2 2 10 4 2621 2681 2620
4459 2 2 10 4 2520 2523 2522
4460 2 2 10 4 400 402 399
4461 2 2 10 4 837 988 791
4462 2 2 10 4 812 813 792
4463 2 2 10 4 2220 2221 2218
4464 2 2 10 4 2727 3158 2219
4465 2 2 10 4 541 542 540
4466 2 2 10 4 1498 1680 990
4467 2 2 10 4 992 993 991
4468 2 2 10 4 1944 3034 2454
4469 2 2 10 4 1877 1904 1903
4470 2 2 10 4 408 412 411
4471 2 2 10 4 1296 1703 1295
4472 2 2 10 4 1297 1591 1010
4473 2 2 10 4 1881 3143 3142
4474 2 2 10 4 2288 2948 2287
4475 2 2 10 4 2370 2886 2181
4476 2 2 10 4 398 400 399
4477 2 2 10 4 2617 2623 2619
4478 2 2 10 4 2618 2621 2620
4479 2 2 10 4 2520 2522 2521
4480 2 2 10 4 792 837 791
4481 2 2 10 4 790 812 792
4482 2 2 10 4 2219 2220 2218
4483 2 2 10 4 2217 2727 2219
4484 2 2 10 4 511 541 540
4485 2 2 10 4 3353 3359 3040
4486 2 2 10 4 3267 3359 3353
4487 2 2 10 4 991 1498 990
4488 2 2 10 4 937 992 991
4489 2 2 10 4 792 3358 837
4490 2 2 10 4 1877 1903 1621
4491 2 2 10 4 1944 2454 1876
4492 2 2 10 4 1009 1296 1295
4493 2 2 10 4 1295 1297 1010
4494 2 2 10 4 1881 3142 2457
4495 2 2 10 4 2457 3224 1843
4496 2 2 10 4 1576 3301 862
4497 2 2 10 4 2286 2288 2287
4498 2 2 10 4 2330 2370 2181
4499 2 2 10 4 1748 3379 1723
4500 2 2 10 4 2520 2521 2518
4501 2 2 10 4 2617 2619 2618
4502 2 2 10 4 2618 2620 2616
4503 2 2 10 4 397 3259 398
4504 2 2 10 4 398 399 396
4505 2 2 10 4 1080 1082 1081
4506 2 2 10 4 788 3244 3235
4507 2 2 10 4 790 792 791
4508 2 2 10 4 2183 3356 3301
4509 2 2 10 4 3235 3382 812
4510 2 2 10 4 2217 2219 2218
4511 2 2 10 4 511 540 508
4512 2 2 10 4 937 991 990
4513 2 2 10 4 1027 3364 3241
4514 2 2 10 4 627 629 626
4515 2 2 10 4 3197 3198 3143
4516 2 2 10 4 1876 1877 1621
4517 2 2 10 4 1620 1944 1876
4518 2 2 10 4 993 3265 991
4519 2 2 10 4 1530 2977 2824
4520 2 2 10 4 1881 3197 3143
4521 2 2 10 4 120 3118 119
4522 2 2 10 4 1786 2358 2102
4523 2 2 10 4 1009 1295 1010
4524 2 2 10 4 1881 2457 1843
4525 2 2 10 4 2286 2287 2285
4526 2 2 10 4 1468 1470 1469
4527 2 2 10 4 2180 2330 2181
4528 2 2 10 4 2149 2324 2182
4529 2 2 10 4 2000 3361 1785
4530 2 2 10 4 1785 3361 2111
4531 2 2 10 4 1181 1182 1180
4532 2 2 10 4 1569 2775 2433
4533 2 2 10 4 1758 2311 1756
4534 2 2 10 4 996 997 995
4535 2 2 10 4 2517 2520 2518
4536 2 2 10 4 2617 2618 2616
4537 2 2 10 4 3109 3110 3108
4538 2 2 10 4 397 398 396
4539 2 2 10 4 1014 3364 1027
4540 2 2 10 4 1745 3364 1511
4541 2 2 10 4 3401 3402 3400
4542 2 2 10 4 3391 3393 3392
4543 2 2 10 4 1547 1549 1548
4544 2 2 10 4 587 2922 2918
4545 2 2 10 4 788 3235 790
4546 2 2 10 4 790 791 789
4547 2 2 10 4 2183 3301 1576
4548 2 2 10 4 2534 2535 2533
4549 2 2 10 4 2562 3365 2532
4550 2 2 10 4 3416 3417 3415
4551 2 2 10 4 2527 3365 2581
4552 2 2 10 4 2217 2218 2216
4553 2 2 10 4 510 511 508
4554 2 2 10 4 507 512 510
4555 2 2 10 4 936 3252 1712
4556 2 2 10 4 937 990 936
4557 2 2 10 4 3049 3902 2165
4558 2 2 10 4 2310 4067 3910
4559 2 2 10 4 2766 3370 2364
4560 2 2 10 4 1620 1876 1621
4561 2 2 10 4 1022 3234 882
4562 2 2 10 4 3178 3179 2224
4563 2 2 10 4 2580 3428 2559
4564 2 2 10 4 2400 2401 2399
4565 2 2 10 4 1511 3364 1014
4566 2 2 10 4 3217 3423 3035
4567 2 2 10 4 1115 1117 1116
4568 2 2 10 4 2128 3211 2171
4569 2 2 10 4 2216 3364 1745
4570 2 2 10 4 2538 3421 3360
4571 2 2 10 4 1195 1197 1196
4572 2 2 10 4 3059 3502 1712
4573 2 2 10 4 1786 2102 1767
4574 2 2 10 4 2635 3305 2642
4575 2 2 10 4 2635 2642 2634
4576 2 2 10 4 2529 3365 2527
4577 2 2 10 4 1315 1725 1317
4578 2 2 10 4 1091 3804 1092
4579 2 2 10 4 2001 2343 2041
4580 2 2 10 4 3434 3688 1564
4581 2 2 10 4 2280 3379 1748
4582 2 2 10 4 1009 1010 950
4583 2 2 10 4 1626 1881 1843
4584 2 2 10 4 1843 1960 1625
4585 2 2 10 4 114 3758 346
4586 2 2 10 4 2285 3056 2096
4587 2 2 10 4 1718 2286 2285
4588 2 2 10 4 874 888 887
4589 2 2 10 4 1561 3265 993
4590 2 2 10 4 2180 2181 2148
4591 2 2 10 4 2149 2182 2180
4592 2 2 10 4 2530 2531 2529
4593 2 2 10 4 3442 3444 3443
4594 2 2 10 4 3116 4400 103
4595 2 2 10 4 2512 2513 1925
4596 2 2 10 4 1926 2514 2512
4597 2 2 10 4 2364 3370 3285
4598 2 2 10 4 854 3382 901
4599 2 2 10 4 1940 3384 3272
4600 2 2 10 4 1941 3385 3271
4601 2 2 10 4 2089 2278 2091
4602 2 2 10 4 1040 3384 1940
4603 2 2 10 4 1019 3384 1021
4604 2 2 10 4 1940 3385 3330
4605 2 2 10 4 1730 3385 1941
4606 2 2 10 4 3272 3386 779
4607 2 2 10 4 779 3386 778
4608 2 2 10 4 823 3386 1019
4609 2 2 10 4 1632 1633 1631
4610 2 2 10 4 567 569 568
4611 2 2 10 4 122 3159 121
4612 2 2 10 4 2045 2350 2006
4613 2 2 10 4 1677 3205 1568
4614 2 2 10 4 1569 2433 1677
4615 2 2 10 4 2787 3069 339
4616 2 2 10 4 471 2617 2616
4617 2 2 10 4 327 3109 3108
4618 2 2 10 4 2517 2518 2516
4619 2 2 10 4 333 397 396
4620 2 2 10 4 600 2519 2517
4621 2 2 10 4 641 2961 2718
4622 2 2 10 4 396 3264 395
4623 2 2 10 4 2781 2782 2712
4624 2 2 10 4 2715 2716 2714
4625 2 2 10 4 2293 4210 3010
4626 2 2 10 4 2844 3505 2843
4627 2 2 10 4 3400 3403 3399
4628 2 2 10 4 317 3401 3400
4629 2 2 10 4 3391 3392 373
4630 2 2 10 4 1427 4366 1425
4631 2 2 10 4 2448 2476 2450
4632 2 2 10 4 788 790 789
4633 2 2 10 4 1578 2183 1576
4634 2 2 10 4 1420 1422 1421
4635 2 2 10 4 2531 2534 2533
4636 2 2 10 4 1854 1856 1855
4637 2 2 10 4 449 451 450
4638 2 2 10 4 414 416 415
4639 2 2 10 4 390 3416 3415
4640 2 2 10 4 2129 3212 3211
4641 2 2 10 4 2215 2217 2216
4642 2 2 10 4 507 510 508
4643 2 2 10 4 3405 3432 2514
4644 2 2 10 4 935 937 936
4645 2 2 10 4 936 1712 934
4646 2 2 10 4 1721 3379 2162
4647 2 2 10 4 2483 3585 2472
4648 2 2 10 4 656 657 655
4649 2 2 10 4 1723 3379 1721
4650 2 2 10 4 1343 1344 1341
4651 2 2 10 4 538 576 575
4652 2 2 10 4 973 3941 1031
4653 2 2 10 4 1701 3410 1581
4654 2 2 10 4 2084 2426 2425
4655 2 2 10 4 748 750 749
4656 2 2 10 4 1400 1401 1399
4657 2 2 10 4 1341 3253 1340
4658 2 2 10 4 2138 3656 3519
4659 2 2 10 4 2034 2212 1686
4660 2 2 10 4 1704 3248 1703
4661 2 2 10 4 2484 3245 2258
4662 2 2 10 4 1050 2312 1048
4663 2 2 10 4 2952 4197 359
4664 2 2 10 4 2019 2020 2018
4665 2 2 10 4 2171 2443 2166
4666 2 2 10 4 1731 3242 1943
4667 2 2 10 4 1544 1547 1546
4668 2 2 10 4 812 3382 854
4669 2 2 10 4 1724 1747 1723
4670 2 2 10 4 1293 3217 1620
4671 2 2 10 4 1620 1621 1294
4672 2 2 10 4 1021 3384 1040
4673 2 2 10 4 3330 3385 1730
4674 2 2 10 4 778 3386 823
4675 2 2 10 4 2240 2315 2238
4676 2 2 10 4 1948 4167 2961
4677 2 2 10 4 2250 4403 2492
4678 2 2 10 4 2208 3377 2043
4679 2 2 10 4 2179 4037 3794
4680 2 2 10 4 1862 3429 1790
4681 2 2 10 4 3097 3720 3695
4682 2 2 10 4 2540 3421 2538
4683 2 2 10 4 2551 3427 2555
4684 2 2 10 4 1230 3515 1225
4685 2 2 10 4 2830 3410 1701
4686 2 2 10 4 769 771 770
4687 2 2 10 4 2550 3427 2551
4688 2 2 10 4 643 645 644
4689 2 2 10 4 1790 3429 1789
4690 2 2 10 4 998 999 997
4691 2 2 10 4 3203 3331 1942
4692 2 2 10 4 1983 1985 1984
4693 2 2 10 4 1385 1387 1386
4694 2 2 10 4 353 3374 74
4695 2 2 10 4 2327 3209 1777
4696 2 2 10 4 3207 3263 3262
4697 2 2 10 4 1436 1437 1435
4698 2 2 10 4 2268 2297 1867
4699 2 2 10 4 3091 3632 3161
4700 2 2 10 4 1838 3431 1839
4701 2 2 10 4 883 884 879
4702 2 2 10 4 1829 2197 1828
4703 2 2 10 4 2147 3181 2992
4704 2 2 10 4 2202 2204 2203
4705 2 2 10 4 1865 3434 1863
4706 2 2 10 4 943 1267 1070
4707 2 2 10 4 2173 2174 1704
4708 2 2 10 4 1590 3425 1589
4709 2 2 10 4 1783 3362 2001
4710 2 2 10 4 2001 2041 1663
4711 2 2 10 4 2058 2060 2059
4712 2 2 10 4 3454 4066 3851
4713 2 2 10 4 474 475 473
4714 2 2 10 4 2210 3950 3478
4715 2 2 10 4 3242 3243 2872
4716 2 2 10 4 1103 1104 1102
4717 2 2 10 4 2632 3296 3293
4718 2 2 10 4 2634 3296 2632
4719 2 2 10 4 1909 1910 1633
4720 2 2 10 4 2092 3218 1751
4721 2 2 10 4 2005 3195 2044
4722 2 2 10 4 3060 3745 2036
4723 2 2 10 4 2559 3421 2540
4724 2 2 10 4 759 773 758
4725 2 2 10 4 2813 3431 1838
4726 2 2 10 4 3363 4323 4079
4727 2 2 10 4 1328 3767 2917
4728 2 2 10 4 2179 2290 1678
4729 2 2 10 4 948 1009 950
4730 2 2 10 4 143 3389 142
4731 2 2 10 4 162 3398 161
4732 2 2 10 4 142 316 141
4733 2 2 10 4 144 372 143
4734 2 2 10 4 146 322 145
4735 2 2 10 4 148 373 147
4736 2 2 10 4 149 3390 148
4737 2 2 10 4 150 320 149
4738 2 2 10 4 154 312 153
4739 2 2 10 4 156 375 155
4740 2 2 10 4 158 308 157
4741 2 2 10 4 161 369 160
4742 2 2 10 4 134 391 133
4743 2 2 10 4 168 310 167
4744 2 2 10 4 170 376 169
4745 2 2 10 4 182 317 181
4746 2 2 10 4 184 377 183
4747 2 2 10 4 186 348 185
4748 2 2 10 4 189 363 188
4749 2 2 10 4 191 388 190
4750 2 2 10 4 174 374 173
4751 2 2 10 4 140 3397 139
4752 2 2 10 4 163 306 162
4753 2 2 10 4 181 3399 180
4754 2 2 10 4 185 3387 184
4755 2 2 10 4 165 370 164
4756 2 2 10 4 172 314 171
4757 2 2 10 4 176 321 175
4758 2 2 10 4 179 349 178
4759 2 2 10 4 136 364 135
4760 2 2 10 4 139 355 138
4761 2 2 10 4 152 371 151
4762 2 2 10 4 153 3388 152
4763 2 2 10 4 171 3404 170
4764 2 2 10 4 177 3405 176
4765 2 2 10 4 147 3406 146
4766 2 2 10 4 173 3408 172
4767 2 2 10 4 180 3409 179
4768 2 2 10 4 183 3407 182
4769 2 2 10 4 1626 1843 1625
4770 2 2 10 4 1368 1369 1367
4771 2 2 10 4 524 525 522
4772 2 2 10 4 1868 3685 3009
4773 2 2 10 4 488 490 489
4774 2 2 10 4 2794 4380 2795
4775 2 2 10 4 1137 1138 1136
4776 2 2 10 4 2006 3362 1783
4777 2 2 10 4 3335 4007 574
4778 2 2 10 4 3207 3262 1819
4779 2 2 10 4 507 3231 512
4780 2 2 10 4 834 838 833
4781 2 2 10 4 1422 1424 1423
4782 2 2 10 4 2096 2210 1717
4783 2 2 10 4 1718 2285 2096
4784 2 2 10 4 1549 1551 1550
4785 2 2 10 4 995 1561 993
4786 2 2 10 4 2579 3861 2586
4787 2 2 10 4 2149 2180 2148
4788 2 2 10 4 2081 2084 2083
4789 2 2 10 4 955 957 956
4790 2 2 10 4 4186 4215 3139
4791 2 2 10 4 2528 2530 2529
4792 2 2 10 4 50 392 49
4793 2 2 10 4 54 3412 53
4794 2 2 10 4 87 360 86
4795 2 2 10 4 53 3411 52
4796 2 2 10 4 89 390 88
4797 2 2 10 4 55 358 54
4798 2 2 10 4 52 366 51
4799 2 2 10 4 88 3414 87
4800 2 2 10 4 131 393 130
4801 2 2 10 4 124 345 123
4802 2 2 10 4 129 387 128
4803 2 2 10 4 91 389 90
4804 2 2 10 4 93 361 92
4805 2 2 10 4 127 359 126
4806 2 2 10 4 3442 3443 378
4807 2 2 10 4 2908 4026 2426
4808 2 2 10 4 1970 1971 1968
4809 2 2 10 4 630 631 629
4810 2 2 10 4 2005 2044 2006
4811 2 2 10 4 1082 1084 1083
4812 2 2 10 4 1950 3425 1590
4813 2 2 10 4 2786 4134 2787
4814 2 2 10 4 1926 2512 1925
4815 2 2 10 4 1470 1472 1471
4816 2 2 10 4 1337 2005 1783
4817 2 2 10 4 2661 3473 2659
4818 2 2 10 4 2106 2772 2359
4819 2 2 10 4 1183 1184 1182
4820 2 2 10 4 2402 2404 2401
4821 2 2 10 4 1991 3294 2497
4822 2 2 10 4 1989 3294 1991
4823 2 2 10 4 2666 2674 2663
4824 2 2 10 4 2189 2190 2139
4825 2 2 10 4 2044 2045 2006
4826 2 2 10 4 3218 3220 3219
4827 2 2 10 4 1117 1119 1118
4828 2 2 10 4 254 3989 255
4829 2 2 10 4 111 3826 354
4830 2 2 10 4 777 808 784
4831 2 2 10 4 1197 1205 1204
4832 2 2 10 4 1569 1677 1568
4833 2 2 10 4 1017 3461 1302
4834 2 2 10 4 436 437 434
4835 2 2 10 4 805 943 856
4836 2 2 10 4 2346 4286 2973
4837 2 2 10 4 2955 4163 2524
4838 2 2 10 4 623 2715 2714
4839 2 2 10 4 328 2781 2712
4840 2 2 10 4 333 396 395
4841 2 2 10 4 471 2616 2615
4842 2 2 10 4 600 2517 2516
4843 2 2 10 4 2786 2787 339
4844 2 2 10 4 641 2718 2717
4845 2 2 10 4 327 3108 3107
4846 2 2 10 4 1839 3431 2192
4847 2 2 10 4 569 571 570
4848 2 2 10 4 2733 2778 2275
4849 2 2 10 4 3228 4150 2794
4850 2 2 10 4 2744 2745 2279
4851 2 2 10 4 3390 3391 373
4852 2 2 10 4 317 3400 3399
4853 2 2 10 4 865 4142 713
4854 2 2 10 4 1856 2444 1857
4855 2 2 10 4 451 453 452
4856 2 2 10 4 416 418 417
4857 2 2 10 4 2336 3434 1865
4858 2 2 10 4 788 789 743
4859 2 2 10 4 206 818 207
4860 2 2 10 4 242 534 243
4861 2 2 10 4 298 335 299
4862 2 2 10 4 213 859 214
4863 2 2 10 4 300 2703 301
4864 2 2 10 4 256 641 257
4865 2 2 10 4 212 2725 213
4866 2 2 10 4 277 2779 278
4867 2 2 10 4 215 328 216
4868 2 2 10 4 239 821 240
4869 2 2 10 4 226 2722 227
4870 2 2 10 4 273 544 274
4871 2 2 10 4 194 555 195
4872 2 2 10 4 250 331 251
4873 2 2 10 4 267 600 268
4874 2 2 10 4 225 338 226
4875 2 2 10 4 259 628 260
4876 2 2 10 4 281 2704 282
4877 2 2 10 4 262 3214 263
4878 2 2 10 4 278 2694 279
4879 2 2 10 4 289 2770 290
4880 2 2 10 4 227 2515 228
4881 2 2 10 4 230 2682 231
4882 2 2 10 4 197 3193 198
4883 2 2 10 4 209 2726 210
4884 2 2 10 4 253 324 254
4885 2 2 10 4 208 435 209
4886 2 2 10 4 264 623 265
4887 2 2 10 4 236 3103 237
4888 2 2 10 4 282 566 283
4889 2 2 10 4 292 2707 293
4890 2 2 10 4 245 523 246
4891 2 2 10 4 301 341 302
4892 2 2 10 4 220 2771 221
4893 2 2 10 4 234 615 235
4894 2 2 10 4 276 516 277
4895 2 2 10 4 290 2711 291
4896 2 2 10 4 196 820 197
4897 2 2 10 4 210 2690 211
4898 2 2 10 4 195 2708 196
4899 2 2 10 4 291 712 292
4900 2 2 10 4 248 509 5
4901 2 2 10 4 304 339 6
4902 2 2 10 4 269 2706 270
4903 2 2 10 4 279 554 280
4904 2 2 10 4 261 819 262
4905 2 2 10 4 299 2721 300
4906 2 2 10 4 198 471 199
4907 2 2 10 4 218 333 219
4908 2 2 10 4 229 2724 230
4909 2 2 10 4 285 574 286
4910 2 2 10 4 223 362 224
4911 2 2 10 4 231 327 232
4912 2 2 10 4 235 2887 236
4913 2 2 10 4 255 3185 256
4914 2 2 10 4 224 2688 225
4915 2 2 10 4 214 2689 215
4916 2 2 10 4 270 591 271
4917 2 2 10 4 288 573 289
4918 2 2 10 4 295 329 296
4919 2 2 10 4 280 2836 281
4920 2 2 10 4 237 539 238
4921 2 2 10 4 293 822 294
4922 2 2 10 4 204 445 205
4923 2 2 10 4 260 2709 261
4924 2 2 10 4 211 772 212
4925 2 2 10 4 201 457 202
4926 2 2 10 4 221 340 222
4927 2 2 10 4 240 2748 241
4928 2 2 10 4 252 3180 253
4929 2 2 10 4 263 2989 264
4930 2 2 10 4 228 330 229
4931 2 2 10 4 238 2944 239
4932 2 2 10 4 294 2719 295
4933 2 2 10 4 476 477 475
4934 2 2 10 4 2426 2488 2487
4935 2 2 10 4 2454 3472 1876
4936 2 2 10 4 3090 3091 3088
4937 2 2 10 4 1901 3816 3115
4938 2 2 10 4 2207 2208 2043
4939 2 2 10 4 3052 3982 1128
4940 2 2 10 4 999 1626 1625
4941 2 2 10 4 1877 3472 1905
4942 2 2 10 4 576 604 602
4943 2 2 10 4 1692 3464 1695
4944 2 2 10 4 1693 3464 1692
4945 2 2 10 4 2328 2991 840
4946 2 2 10 4 1105 1106 1104
4947 2 2 10 4 1609 1763 1762
4948 2 2 10 4 658 659 657
4949 2 2 10 4 3804 4140 1095
4950 2 2 10 4 1216 2069 1214
4951 2 2 10 4 1589 3425 2113
4952 2 2 10 4 1263 1583 1582
4953 2 2 10 4 1294 3221 2737
4954 2 2 10 4 1227 1228 1224
4955 2 2 10 4 2038 4093 2112
4956 2 2 10 4 2223 3087 2221
4957 2 2 10 4 969 3506 2817
4958 2 2 10 4 750 776 751
4959 2 2 10 4 1402 1403 1401
4960 2 2 10 4 1751 3218 2037
4961 2 2 10 4 358 3413 3412
4962 2 2 10 4 390 3415 3414
4963 2 2 10 4 512 986 515
4964 2 2 10 4 2129 3211 2128
4965 2 2 10 4 1559 1569 1568
4966 2 2 10 4 2021 2022 2020
4967 2 2 10 4 2961 4148 1948
4968 2 2 10 4 2943 3521 2942
4969 2 2 10 4 2818 3624 683
4970 2 2 10 4 1577 3085 1629
4971 2 2 10 4 803 825 801
4972 2 2 10 4 178 3432 177
4973 2 2 10 4 2215 2216 1745
4974 2 2 10 4 507 508 505
4975 2 2 10 4 645 647 646
4976 2 2 10 4 1747 3366 1749
4977 2 2 10 4 3220 3493 3219
4978 2 2 10 4 1558 3262 1556
4979 2 2 10 4 1267 1269 1268
4980 2 2 10 4 1357 1360 1359
4981 2 2 10 4 935 936 934
4982 2 2 10 4 890 892 891
4983 2 2 10 4 77 3799 76
4984 2 2 10 4 933 935 934
4985 2 2 10 4 1985 1987 1986
4986 2 2 10 4 1561 3484 3266
4987 2 2 10 4 1749 3366 2237
4988 2 2 10 4 2555 2567 2563
4989 2 2 10 4 2544 2545 2543
4990 2 2 10 4 471 2615 199
4991 2 2 10 4 333 395 219
4992 2 2 10 4 523 3104 246
4993 2 2 10 4 591 2686 271
4994 2 2 10 4 445 2705 205
4995 2 2 10 4 331 2713 251
4996 2 2 10 4 328 2712 216
4997 2 2 10 4 566 2684 283
4998 2 2 10 4 329 2696 296
4999 2 2 10 4 245 3126 523
5000 2 2 10 4 641 2717 257
5001 2 2 10 4 818 2698 207
5002 2 2 10 4 600 2516 268
5003 2 2 10 4 509 2687 5
5004 2 2 10 4 457 2683 202
5005 2 2 10 4 623 2714 265
5006 2 2 10 4 304 2786 339
5007 2 2 10 4 327 3107 232
5008 2 2 10 4 276 3147 516
5009 2 2 10 4 340 2710 222
5010 2 2 10 4 3749 4070 2835
5011 2 2 10 4 1294 2737 1230
5012 2 2 10 4 1439 1440 1437
5013 2 2 10 4 2060 2257 2256
5014 2 2 10 4 58 3383 315
5015 2 2 10 4 1387 1389 1388
5016 2 2 10 4 2355 2356 2134
5017 2 2 10 4 233 4023 234
5018 2 2 10 4 438 439 437
5019 2 2 10 4 1604 3151 1953
5020 2 2 10 4 1752 2092 1751
5021 2 2 10 4 139 3397 355
5022 2 2 10 4 142 3389 316
5023 2 2 10 4 148 3390 373
5024 2 2 10 4 317 3399 181
5025 2 2 10 4 348 3387 185
5026 2 2 10 4 372 3389 143
5027 2 2 10 4 152 3388 371
5028 2 2 10 4 146 3406 322
5029 2 2 10 4 161 3398 369
5030 2 2 10 4 306 3398 162
5031 2 2 10 4 172 3408 314
5032 2 2 10 4 320 3390 149
5033 2 2 10 4 312 3388 153
5034 2 2 10 4 170 3404 376
5035 2 2 10 4 184 3387 377
5036 2 2 10 4 373 3406 147
5037 2 2 10 4 374 3408 173
5038 2 2 10 4 314 3404 171
5039 2 2 10 4 176 3405 321
5040 2 2 10 4 179 3409 349
5041 2 2 10 4 182 3407 317
5042 2 2 10 4 377 3407 183
5043 2 2 10 4 3399 3409 180
5044 2 2 10 4 1733 2043 1211
5045 2 2 10 4 1825 3527 2076
5046 2 2 10 4 2412 2416 2407
5047 2 2 10 4 2291 2292 1910
5048 2 2 10 4 2515 4224 4048
5049 2 2 10 4 586 3462 682
5050 2 2 10 4 3000 3482 2676
5051 2 2 10 4 3392 3406 373
5052 2 2 10 4 317 3407 3401
5053 2 2 10 4 3403 3409 3399
5054 2 2 10 4 490 492 491
5055 2 2 10 4 1370 1371 1369
5056 2 2 10 4 1741 2260 1888
5057 2 2 10 4 1789 3429 2367
5058 2 2 10 4 1568 1819 1558
5059 2 2 10 4 1354 1356 1355
5060 2 2 10 4 1736 3568 2155
5061 2 2 10 4 1888 3550 1740
5062 2 2 10 4 1551 1553 1552
5063 2 2 10 4 2114 4018 2229
5064 2 2 10 4 774 800 773
5065 2 2 10 4 1897 2269 1899
5066 2 2 10 4 2076 3176 2729
5067 2 2 10 4 526 527 525
5068 2 2 10 4 2219 3178 2220
5069 2 2 10 4 1223 1224 1218
5070 2 2 10 4 408 3553 412
5071 2 2 10 4 3139 4215 3140
5072 2 2 10 4 1895 3433 1897
5073 2 2 10 4 2678 3486 2660
5074 2 2 10 4 2662 3486 3349
5075 2 2 10 4 1139 1140 1138
5076 2 2 10 4 3090 3802 533
5077 2 2 10 4 1424 1426 1425
5078 2 2 10 4 175 3437 174
5079 2 2 10 4 839 841 838
5080 2 2 10 4 1643 4433 2480
5081 2 2 10 4 1345 1346 1344
5082 2 2 10 4 957 959 958
5083 2 2 10 4 2005 2006 1783
5084 2 2 10 4 358 3412 54
5085 2 2 10 4 53 3412 3411
5086 2 2 10 4 390 3414 88
5087 2 2 10 4 52 3411 366
5088 2 2 10 4 87 3414 360
5089 2 2 10 4 1084 1086 1085
5090 2 2 10 4 786 794 793
5091 2 2 10 4 2512 4231 2513
5092 2 2 10 4 1726 3463 1727
5093 2 2 10 4 2157 3892 3759
5094 2 2 10 4 632 633 631
5095 2 2 10 4 3087 3241 2221
5096 2 2 10 4 1923 3724 3393
5097 2 2 10 4 3253 3533 3255
5098 2 2 10 4 1972 1973 1971
5099 2 2 10 4 1960 3488 1625
5100 2 2 10 4 1162 1164 1163
5101 2 2 10 4 939 3058 906
5102 2 2 10 4 940 3085 1577
5103 2 2 10 4 349 3432 178
5104 2 2 10 4 177 3432 3405
5105 2 2 10 4 1119 1121 1120
5106 2 2 10 4 2886 3709 3438
5107 2 2 10 4 1472 1474 1473
5108 2 2 10 4 2128 2171 2166
5109 2 2 10 4 2220 3178 2224
5110 2 2 10 4 669 4395 3673
5111 2 2 10 4 2175 2289 2174
5112 2 2 10 4 2104 3463 1726
5113 2 2 10 4 2510 3172 2412
5114 2 2 10 4 2405 2406 2404
5115 2 2 10 4 1447 3637 3424
5116 2 2 10 4 3127 3128 3095
5117 2 2 10 4 717 718 716
5118 2 2 10 4 996 3476 1597
5119 2 2 10 4 1293 1620 1294
5120 2 2 10 4 1298 1741 1740
5121 2 2 10 4 2659 3473 2665
5122 2 2 10 4 670 3226 1945
5123 2 2 10 4 1722 1724 1723
5124 2 2 10 4 2138 3519 2189
5125 2 2 10 4 1871 4335 3137
5126 2 2 10 4 571 579 572
5127 2 2 10 4 2384 3504 1059
5128 2 2 10 4 453 456 455
5129 2 2 10 4 274 4055 275
5130 2 2 10 4 1302 3461 1718
5131 2 2 10 4 1578 3460 2183
5132 2 2 10 4 418 420 419
5133 2 2 10 4 2345 3535 1802
5134 2 2 10 4 2555 3427 2567
5135 2 2 10 4 742 933 787
5136 2 2 10 4 174 3437 374
5137 2 2 10 4 321 3437 175
5138 2 2 10 4 1235 1276 1228
5139 2 2 10 4 809 816 811
5140 2 2 10 4 3592 4159 3591
5141 2 2 10 4 3127 4359 3128
5142 2 2 10 4 59 3383 58
5143 2 2 10 4 4000 4099 1912
5144 2 2 10 4 1412 3424 1414
5145 2 2 10 4 478 479 477
5146 2 2 10 4 1347 1348 1346
5147 2 2 10 4 1033 3151 1604
5148 2 2 10 4 2541 2544 2543
5149 2 2 10 4 1007 1029 1005
5150 2 2 10 4 2536 2537 2535
5151 2 2 10 4 2237 2240 2238
5152 2 2 10 4 1107 1108 1106
5153 2 2 10 4 1158 3499 1165
5154 2 2 10 4 2046 2047 1817
5155 2 2 10 4 2877 4069 1147
5156 2 2 10 4 660 661 659
5157 2 2 10 4 1443 4041 1373
5158 2 2 10 4 998 3615 999
5159 2 2 10 4 1407 1408 1403
5160 2 2 10 4 1736 1833 1318
5161 2 2 10 4 647 668 667
5162 2 2 10 4 1269 1660 1352
5163 2 2 10 4 2930 3993 734
5164 2 2 10 4 512 3231 986
5165 2 2 10 4 2023 2227 2022
5166 2 2 10 4 2254 2267 2255
5167 2 2 10 4 3061 3062 351
5168 2 2 10 4 1874 4226 3967
5169 2 2 10 4 3415 3469 3414
5170 2 2 10 4 2807 4154 2519
5171 2 2 10 4 2257 2387 2386
5172 2 2 10 4 1797 3435 1895
5173 2 2 10 4 243 4073 244
5174 2 2 10 4 687 4146 649
5175 2 2 10 4 73 4294 72
5176 2 2 10 4 2273 4091 3586
5177 2 2 10 4 3491 3658 2355
5178 2 2 10 4 1555 1557 1556
5179 2 2 10 4 492 494 493
5180 2 2 10 4 440 441 439
5181 2 2 10 4 3824 4000 1912
5182 2 2 10 4 273 3994 544
5183 2 2 10 4 2606 3518 2604
5184 2 2 10 4 2200 3702 3701
5185 2 2 10 4 1307 2004 2003
5186 2 2 10 4 1374 1375 1373
5187 2 2 10 4 1389 1392 1391
5188 2 2 10 4 2293 2294 2292
5189 2 2 10 4 1232 1233 1231
5190 2 2 10 4 44 347 43
5191 2 2 10 4 43 3441 42
5192 2 2 10 4 40 318 39
5193 2 2 10 4 42 378 41
5194 2 2 10 4 45 3445 44
5195 2 2 10 4 46 379 45
5196 2 2 10 4 39 3448 38
5197 2 2 10 4 11 350 10
5198 2 2 10 4 27 305 26
5199 2 2 10 4 9 382 8
5200 2 2 10 4 41 3447 40
5201 2 2 10 4 14 319 13
5202 2 2 10 4 16 383 15
5203 2 2 10 4 18 313 17
5204 2 2 10 4 20 384 19
5205 2 2 10 4 22 309 21
5206 2 2 10 4 24 381 23
5207 2 2 10 4 29 380 28
5208 2 2 10 4 32 307 31
5209 2 2 10 4 34 385 33
5210 2 2 10 4 36 311 35
5211 2 2 10 4 38 386 37
5212 2 2 10 4 12 3450 11
5213 2 2 10 4 47 3454 46
5214 2 2 10 4 35 3449 34
5215 2 2 10 4 23 3453 22
5216 2 2 10 4 28 3452 27
5217 2 2 10 4 19 3456 18
5218 2 2 10 4 37 3457 36
5219 2 2 10 4 17 3451 16
5220 2 2 10 4 10 3455 9
5221 2 2 10 4 2732 4120 2733
5222 2 2 10 4 1187 1188 1186
5223 2 2 10 4 3492 3660 3132
5224 2 2 10 4 3286 3523 3277
5225 2 2 10 4 1876 3472 1877
5226 2 2 10 4 76 3586 75
5227 2 2 10 4 3043 3906 1255
5228 2 2 10 4 2732 4189 685
5229 2 2 10 4 910 911 909
5230 2 2 10 4 3220 4029 358
5231 2 2 10 4 2780 3924 2305
5232 2 2 10 4 528 529 527
5233 2 2 10 4 1209 1306 1305
5234 2 2 10 4 959 975 974
5235 2 2 10 4 3918 4384 2365
5236 2 2 10 4 1751 2037 1493
5237 2 2 10 4 3035 3847 3034
5238 2 2 10 4 3344 4287 4271
5239 2 2 10 4 3357 3523 880
5240 2 2 10 4 1885 3522 1772
5241 2 2 10 4 1141 1143 1140
5242 2 2 10 4 1088 1090 1089
5243 2 2 10 4 119 3118 367
5244 2 2 10 4 1426 1428 1427
5245 2 2 10 4 842 843 841
5246 2 2 10 4 574 4007 286
5247 2 2 10 4 1994 2136 1995
5248 2 2 10 4 3163 3164 3162
5249 2 2 10 4 3865 4286 2486
5250 2 2 10 4 1121 1123 1122
5251 2 2 10 4 3520 3891 3440
5252 2 2 10 4 634 635 633
5253 2 2 10 4 1974 1975 1973
5254 2 2 10 4 612 617 616
5255 2 2 10 4 1406 3483 3105
5256 2 2 10 4 1787 1788 1709
5257 2 2 10 4 1943 3242 2872
5258 2 2 10 4 1767 3375 1765
5259 2 2 10 4 684 3895 613
5260 2 2 10 4 1349 1504 1348
5261 2 2 10 4 456 459 458
5262 2 2 10 4 1344 3253 1341
5263 2 2 10 4 2169 2320 2168
5264 2 2 10 4 1883 4046 3179
5265 2 2 10 4 3125 3810 2546
5266 2 2 10 4 1474 1476 1475
5267 2 2 10 4 308 3477 157
5268 2 2 10 4 156 3477 375
5269 2 2 10 4 1783 2001 1663
5270 2 2 10 4 420 422 421
5271 2 2 10 4 2174 3248 1704
5272 2 2 10 4 1261 1994 1667
5273 2 2 10 4 1495 1926 1925
5274 2 2 10 4 579 582 580
5275 2 2 10 4 2036 4149 3061
5276 2 2 10 4 2181 3181 2148
5277 2 2 10 4 2808 4164 397
5278 2 2 10 4 194 4022 555
5279 2 2 10 4 2588 4297 3871
5280 2 2 10 4 1739 2194 2193
5281 2 2 10 4 3592 4321 4159
5282 2 2 10 4 2316 3467 2317
5283 2 2 10 4 3266 3475 3267
5284 2 2 10 4 2128 2166 2127
5285 2 2 10 4 2358 4240 3372
5286 2 2 10 4 2028 3540 1880
5287 2 2 10 4 3323 3541 3308
5288 2 2 10 4 3320 3541 3318
5289 2 2 10 4 480 481 479
5290 2 2 10 4 1234 1237 1233
5291 2 2 10 4 2102 3375 1767
5292 2 2 10 4 2631 3542 3300
5293 2 2 10 4 1707 1709 1257
5294 2 2 10 4 1411 1412 1410
5295 2 2 10 4 1870 2196 2195
5296 2 2 10 4 1557 1559 1558
5297 2 2 10 4 1164 1168 1167
5298 2 2 10 4 2468 3576 3575
5299 2 2 10 4 1695 2159 1989
5300 2 2 10 4 2266 2489 2265
5301 2 2 10 4 2232 3015 2981
5302 2 2 10 4 1109 1110 1108
5303 2 2 10 4 1453 1454 1452
5304 2 2 10 4 1835 3183 3182
5305 2 2 10 4 3402 3556 3400
5306 2 2 10 4 1512 2147 1059
5307 2 2 10 4 662 663 661
5308 2 2 10 4 1795 3435 1797
5309 2 2 10 4 1189 1190 1188
5310 2 2 10 4 2921 4095 2919
5311 2 2 10 4 948 950 947
5312 2 2 10 4 2095 3440 2026
5313 2 2 10 4 505 960 503
5314 2 2 10 4 2387 2389 2388
5315 2 2 10 4 1054 2071 1052
5316 2 2 10 4 964 3470 957
5317 2 2 10 4 2139 3564 1915
5318 2 2 10 4 1583 1768 1584
5319 2 2 10 4 1586 2129 2128
5320 2 2 10 4 2050 2051 2049
5321 2 2 10 4 494 496 495
5322 2 2 10 4 738 3536 759
5323 2 2 10 4 2108 3547 2379
5324 2 2 10 4 3334 3547 2110
5325 2 2 10 4 933 934 787
5326 2 2 10 4 920 3532 1517
5327 2 2 10 4 4304 4354 4091
5328 2 2 10 4 3082 3083 325
5329 2 2 10 4 2446 3084 1921
5330 2 2 10 4 3083 3801 325
5331 2 2 10 4 2960 4302 2734
5332 2 2 10 4 1705 2232 2230
5333 2 2 10 4 2513 3629 1925
5334 2 2 10 4 1058 1059 1056
5335 2 2 10 4 1078 1079 1030
5336 2 2 10 4 1712 3502 3244
5337 2 2 10 4 157 3477 156
5338 2 2 10 4 682 3462 987
5339 2 2 10 4 3414 3469 360
5340 2 2 10 4 2676 3482 2769
5341 2 2 10 4 3263 3554 3262
5342 2 2 10 4 442 443 441
5343 2 2 10 4 975 1026 1025
5344 2 2 10 4 1392 1394 1393
5345 2 2 10 4 1805 1806 1616
5346 2 2 10 4 1897 3433 2269
5347 2 2 10 4 3446 3935 3907
5348 2 2 10 4 906 973 938
5349 2 2 10 4 1718 2096 1717
5350 2 2 10 4 2650 3634 2644
5351 2 2 10 4 2500 2501 2294
5352 2 2 10 4 1531 4296 2511
5353 2 2 10 4 2748 4056 241
5354 2 2 10 4 242 4056 534
5355 2 2 10 4 1512 2149 2148
5356 2 2 10 4 2502 4356 2907
5357 2 2 10 4 3225 3484 1960
5358 2 2 10 4 3415 3548 3469
5359 2 2 10 4 3501 4170 3991
5360 2 2 10 4 530 531 529
5361 2 2 10 4 2002 2357 1788
5362 2 2 10 4 2148 3181 2147
5363 2 2 10 4 1740 3550 2100
5364 2 2 10 4 1123 1125 1124
5365 2 2 10 4 1687 2284 1755
5366 2 2 10 4 826 847 825
5367 2 2 10 4 2103 3651 980
5368 2 2 10 4 2660 3486 2662
5369 2 2 10 4 924 948 947
5370 2 2 10 4 1879 3111 1543
5371 2 2 10 4 2604 3561 2602
5372 2 2 10 4 1144 1145 1143
5373 2 2 10 4 2370 3709 2886
5374 2 2 10 4 1921 1923 1567
5375 2 2 10 4 844 866 843
5376 2 2 10 4 4075 4403 2250
5377 2 2 10 4 459 462 461
5378 2 2 10 4 1428 1430 1429
5379 2 2 10 4 3548 4199 2231
5380 2 2 10 4 2641 3707 2640
5381 2 2 10 4 2571 3743 2572
5382 2 2 10 4 2490 3857 2101
5383 2 2 10 4 3219 4084 2037
5384 2 2 10 4 1254 3373 1624
5385 2 2 10 4 1644 3175 1646
5386 2 2 10 4 1852 1853 1628
5387 2 2 10 4 2069 3825 3768
5388 2 2 10 4 3086 3502 3059
5389 2 2 10 4 6 4168 249
5390 2 2 10 4 2280 3511 3379
5391 2 2 10 4 315 3493 57
5392 2 2 10 4 636 637 635
5393 2 2 10 4 1213 1687 1681
5394 2 2 10 4 1866 3655 2268
5395 2 2 10 4 1376 1377 1375
5396 2 2 10 4 1875 3874 3170
5397 2 2 10 4 1977 1978 1975
5398 2 2 10 4 422 424 423
5399 2 2 10 4 1360 1362 1361
5400 2 2 10 4 2008 2010 2009
5401 2 2 10 4 2178 3828 2263
5402 2 2 10 4 1566 1567 1504
5403 2 2 10 4 1476 1480 1477
5404 2 2 10 4 2701 4077 2702
5405 2 2 10 4 1921 3084 1923
5406 2 2 10 4 3008 4339 2313
5407 2 2 10 4 1512 3623 2149
5408 2 2 10 4 3137 4160 1871
5409 2 2 10 4 2753 2756 2755
5410 2 2 10 4 3441 3442 378
5411 2 2 10 4 3457 3458 311
5412 2 2 10 4 920 922 921
5413 2 2 10 4 341 3798 3583
5414 2 2 10 4 2530 3510 2531
5415 2 2 10 4 3469 3548 2231
5416 2 2 10 4 2889 4106 1136
5417 2 2 10 4 2094 2095 2026
5418 2 2 10 4 2052 2053 2051
5419 2 2 10 4 1559 1568 1558
5420 2 2 10 4 582 648 583
5421 2 2 10 4 852 2008 1068
5422 2 2 10 4 2799 3490 2802
5423 2 2 10 4 3292 3795 305
5424 2 2 10 4 670 1945 782
5425 2 2 10 4 1238 1265 1237
5426 2 2 10 4 723 724 722
5427 2 2 10 4 1062 3999 2908
5428 2 2 10 4 999 1625 997
5429 2 2 10 4 2642 2651 2634
5430 2 2 10 4 482 483 481
5431 2 2 10 4 1092 1094 1093
5432 2 2 10 4 3403 4145 2513
5433 2 2 10 4 3392 3478 3406
5434 2 2 10 4 3406 3478 322
5435 2 2 10 4 2539 3439 2541
5436 2 2 10 4 4238 4266 1840
5437 2 2 10 4 1742 2026 985
5438 2 2 10 4 995 3488 1561
5439 2 2 10 4 3692 4049 1842
5440 2 2 10 4 2940 3807 2234
5441 2 2 10 4 2391 2393 2392
5442 2 2 10 4 1609 1762 1335
5443 2 2 10 4 2963 4018 3972
5444 2 2 10 4 846 920 919
5445 2 2 10 4 850 3570 2913
5446 2 2 10 4 836 876 851
5447 2 2 10 4 696 3420 1674
5448 2 2 10 4 496 498 497
5449 2 2 10 4 1191 1192 1190
5450 2 2 10 4 664 680 663
5451 2 2 10 4 1111 1112 1110
5452 2 2 10 4 337 3963 116
5453 2 2 10 4 1993 3648 1323
5454 2 2 10 4 3622 3850 2825
5455 2 2 10 4 2086 2087 1652
5456 2 2 10 4 590 1884 588
5457 2 2 10 4 1251 4243 3684
5458 2 2 10 4 1625 3488 997
5459 2 2 10 4 2097 3366 1747
5460 2 2 10 4 1599 3626 2460
5461 2 2 10 4 1713 4207 3745
5462 2 2 10 4 2638 3603 2639
5463 2 2 10 4 1320 3716 1342
5464 2 2 10 4 1846 1848 1847
5465 2 2 10 4 2835 4070 2029
5466 2 2 10 4 1634 3596 1635
5467 2 2 10 4 2191 3537 3068
5468 2 2 10 4 2284 3202 2368
5469 2 2 10 4 2531 3510 2534
5470 2 2 10 4 2534 2536 2535
5471 2 2 10 4 150 3530 320
5472 2 2 10 4 371 3530 151
5473 2 2 10 4 2199 3703 2200
5474 2 2 10 4 953 954 915
5475 2 2 10 4 1026 1339 1338
5476 2 2 10 4 3207 4269 3948
5477 2 2 10 4 247 4328 248
5478 2 2 10 4 2477 3591 2450
5479 2 2 10 4 2384 4051 3504
5480 2 2 10 4 1895 3435 3433
5481 2 2 10 4 3740 4019 2503
5482 2 2 10 4 947 1350 923
5483 2 2 10 4 540 3844 3014
5484 2 2 10 4 1516 1846 1845
5485 2 2 10 4 1125 1127 1126
5486 2 2 10 4 3707 3867 2640
5487 2 2 10 4 816 835 817
5488 2 2 10 4 1777 3209 2365
5489 2 2 10 4 2112 3568 1779
5490 2 2 10 4 3293 3512 2628
5491 2 2 10 4 444 446 443
5492 2 2 10 4 1293 1294 1230
5493 2 2 10 4 1612 3497 1722
5494 2 2 10 4 3508 4399 2721
5495 2 2 10 4 2235 3600 1814
5496 2 2 10 4 345 3529 123
5497 2 2 10 4 1484 3868 3519
5498 2 2 10 4 3900 4032 3016
5499 2 2 10 4 1541 1542 1540
5500 2 2 10 4 2155 2156 1833
5501 2 2 10 4 464 466 465
5502 2 2 10 4 1589 2113 1957
5503 2 2 10 4 1695 3464 2159
5504 2 2 10 4 1394 1396 1395
5505 2 2 10 4 532 535 531
5506 2 2 10 4 445 3756 2705
5507 2 2 10 4 2010 2012 2011
5508 2 2 10 4 2706 4265 591
5509 2 2 10 4 57 3493 56
5510 2 2 10 4 2412 3172 2416
5511 2 2 10 4 1673 2378 1671
5512 2 2 10 4 3480 4135 1099
5513 2 2 10 4 424 426 425
5514 2 2 10 4 1415 3512 1450
5515 2 2 10 4 3315 4014 370
5516 2 2 10 4 922 924 923
5517 2 2 10 4 1378 1379 1377
5518 2 2 10 4 3255 3500 3256
5519 2 2 10 4 1146 1151 1145
5520 2 2 10 4 2827 3622 2825
5521 2 2 10 4 1624 1947 1872
5522 2 2 10 4 1840 2170 1299
5523 2 2 10 4 1430 1432 1431
5524 2 2 10 4 1674 1959 1737
5525 2 2 10 4 1724 2097 1747
5526 2 2 10 4 2120 3601 966
5527 2 2 10 4 2231 4199 3616
5528 2 2 10 4 2183 3460 3357
5529 2 2 10 4 848 869 847
5530 2 2 10 4 638 639 637
5531 2 2 10 4 1529 3497 1612
5532 2 2 10 4 867 914 866
5533 2 2 10 4 1768 1996 1769
5534 2 2 10 4 1538 3988 2973
5535 2 2 10 4 3968 4078 3043
5536 2 2 10 4 2853 3714 2850
5537 2 2 10 4 1979 1980 1978
5538 2 2 10 4 2892 4331 2894
5539 2 2 10 4 973 1031 1024
5540 2 2 10 4 2651 3296 2634
5541 2 2 10 4 1210 3839 3662
5542 2 2 10 4 2088 2089 2087
5543 2 2 10 4 1254 1624 1521
5544 2 2 10 4 1348 1732 1346
5545 2 2 10 4 2582 3427 2550
5546 2 2 10 4 928 929 927
5547 2 2 10 4 874 887 872
5548 2 2 10 4 107 3781 106
5549 2 2 10 4 340 3752 2710
5550 2 2 10 4 1765 1775 1763
5551 2 2 10 4 696 1674 1672
5552 2 2 10 4 2054 2055 2053
5553 2 2 10 4 346 4043 113
5554 2 2 10 4 1480 1528 1481
5555 2 2 10 4 1312 3544 873
5556 2 2 10 4 3129 4138 4001
5557 2 2 10 4 648 686 649
5558 2 2 10 4 122 3529 3159
5559 2 2 10 4 498 502 499
5560 2 2 10 4 1362 1364 1363
5561 2 2 10 4 106 3838 105
5562 2 2 10 4 1266 1274 1265
5563 2 2 10 4 1848 1962 1961
5564 2 2 10 4 2419 4370 3041
5565 2 2 10 4 484 485 483
5566 2 2 10 4 2671 3672 2675
5567 2 2 10 4 1060 3623 1058
5568 2 2 10 4 997 3488 995
5569 2 2 10 4 2421 4396 2874
5570 2 2 10 4 2004 2382 2346
5571 2 2 10 4 1588 1659 1491
5572 2 2 10 4 1543 1544 1542
5573 2 2 10 4 1606 4108 3071
5574 2 2 10 4 1828 3615 1598
5575 2 2 10 4 2460 3665 1878
5576 2 2 10 4 1339 1571 1570
5577 2 2 10 4 1636 3535 1533
5578 2 2 10 4 681 731 680
5579 2 2 10 4 1193 1194 1192
5580 2 2 10 4 769 770 766
5581 2 2 10 4 2708 4282 820
5582 2 2 10 4 2462 3925 2464
5583 2 2 10 4 2767 4418 2363
5584 2 2 10 4 363 4418 2767
5585 2 2 10 4 1157 3156 1155
5586 2 2 10 4 504 507 505
5587 2 2 10 4 787 788 743
5588 2 2 10 4 1113 1114 1112
5589 2 2 10 4 3255 3501 3500
5590 2 2 10 4 3475 3484 3225
5591 2 2 10 4 3266 3484 3475
5592 2 2 10 4 1017 1018 972
5593 2 2 10 4 2393 2395 2394
5594 2 2 10 4 1653 1682 1656
5595 2 2 10 4 1543 3111 1544
5596 2 2 10 4 1622 3526 1248
5597 2 2 10 4 2043 3496 1211
5598 2 2 10 4 595 671 593
5599 2 2 10 4 1129 1131 1130
5600 2 2 10 4 1364 3958 2956
5601 2 2 10 4 329 4301 2696
5602 2 2 10 4 1661 2352 1743
5603 2 2 10 4 2444 2445 1857
5604 2 2 10 4 3004 4172 3006
5605 2 2 10 4 326 3973 3039
5606 2 2 10 4 1465 1466 1464
5607 2 2 10 4 3173 3655 1868
5608 2 2 10 4 877 883 879
5609 2 2 10 4 404 405 403
5610 2 2 10 4 1657 1658 1496
5611 2 2 10 4 1554 4360 3762
5612 2 2 10 4 4182 4204 2853
5613 2 2 10 4 800 3174 1644
5614 2 2 10 4 918 972 845
5615 2 2 10 4 1096 1098 1097
5616 2 2 10 4 403 3481 3274
5617 2 2 10 4 1087 3953 1088
5618 2 2 10 4 1567 1844 1504
5619 2 2 10 4 426 428 427
5620 2 2 10 4 2212 4067 3230
5621 2 2 10 4 4287 4348 2797
5622 2 2 10 4 391 4074 2965
5623 2 2 10 4 1789 2367 1841
5624 2 2 10 4 379 3445 45
5625 2 2 10 4 11 3450 350
5626 2 2 10 4 42 3441 378
5627 2 2 10 4 347 3441 43
5628 2 2 10 4 378 3447 41
5629 2 2 10 4 318 3448 39
5630 2 2 10 4 38 3448 386
5631 2 2 10 4 40 3447 318
5632 2 2 10 4 44 3445 347
5633 2 2 10 4 46 3454 379
5634 2 2 10 4 34 3449 385
5635 2 2 10 4 311 3449 35
5636 2 2 10 4 350 3455 10
5637 2 2 10 4 313 3451 17
5638 2 2 10 4 18 3456 313
5639 2 2 10 4 381 3453 23
5640 2 2 10 4 27 3452 305
5641 2 2 10 4 22 3453 309
5642 2 2 10 4 380 3452 28
5643 2 2 10 4 386 3457 37
5644 2 2 10 4 16 3451 383
5645 2 2 10 4 36 3457 311
5646 2 2 10 4 384 3456 19
5647 2 2 10 4 9 3455 382
5648 2 2 10 4 2114 2229 1067
5649 2 2 10 4 2170 3776 1299
5650 2 2 10 4 447 448 446
5651 2 2 10 4 1512 2148 2147
5652 2 2 10 4 2323 4323 3363
5653 2 2 10 4 3443 3447 378
5654 2 2 10 4 3379 3511 2162
5655 2 2 10 4 536 537 535
5656 2 2 10 4 1031 1292 1291
5657 2 2 10 4 752 4132 2911
5658 2 2 10 4 501 1883 504
5659 2 2 10 4 2613 3518 2606
5660 2 2 10 4 3037 3745 3060
5661 2 2 10 4 1589 1957 1514
5662 2 2 10 4 1396 1398 1397
5663 2 2 10 4 2769 3775 2673
5664 2 2 10 4 1810 1811 1809
5665 2 2 10 4 1333 1522 1330
5666 2 2 10 4 1152 1154 1151
5667 2 2 10 4 2420 3294 1989
5668 2 2 10 4 2137 3656 2138
5669 2 2 10 4 1494 1752 1751
5670 2 2 10 4 95 3801 94
5671 2 2 10 4 2076 3527 3176
5672 2 2 10 4 562 563 561
5673 2 2 10 4 1808 1809 1351
5674 2 2 10 4 640 642 639
5675 2 2 10 4 3066 3819 1503
5676 2 2 10 4 1432 1434 1433
5677 2 2 10 4 870 970 869
5678 2 2 10 4 1772 3522 2107
5679 2 2 10 4 1981 1982 1980
5680 2 2 10 4 3174 3175 1644
5681 2 2 10 4 1830 2744 2279
5682 2 2 10 4 1337 1783 1663
5683 2 2 10 4 880 3523 3286
5684 2 2 10 4 2862 4123 2415
5685 2 2 10 4 1990 3524 2158
5686 2 2 10 4 412 413 411
5687 2 2 10 4 316 3597 141
5688 2 2 10 4 140 3597 3397
5689 2 2 10 4 1682 1866 1711
5690 2 2 10 4 2056 2057 2055
5691 2 2 10 4 2408 3612 2462
5692 2 2 10 4 2081 3812 2084
5693 2 2 10 4 1121 3848 1123
5694 2 2 10 4 2126 3610 1585
5695 2 2 10 4 686 708 687
5696 2 2 10 4 1571 1573 1572
5697 2 2 10 4 3438 3709 1926
5698 2 2 10 4 1364 1366 1365
5699 2 2 10 4 1080 1081 1079
5700 2 2 10 4 1771 3760 2093
5701 2 2 10 4 1275 1495 1274
5702 2 2 10 4 1302 1303 1018
5703 2 2 10 4 735 4063 2903
5704 2 2 10 4 2390 3572 2391
5705 2 2 10 4 486 487 485
5706 2 2 10 4 864 4432 4396
5707 2 2 10 4 2528 2560 2530
5708 2 2 10 4 1495 3438 1926
5709 2 2 10 4 1752 4397 3222
5710 2 2 10 4 2858 3923 3922
5711 2 2 10 4 2395 2397 2396
5712 2 2 10 4 1486 2135 1617
5713 2 2 10 4 3457 3513 3458
5714 2 2 10 4 1055 1531 1057
5715 2 2 10 4 2249 3975 3929
5716 2 2 10 4 1706 2228 1353
5717 2 2 10 4 890 891 888
5718 2 2 10 4 428 430 429
5719 2 2 10 4 1053 3503 1055
5720 2 2 10 4 1195 1196 1194
5721 2 2 10 4 2468 3575 2314
5722 2 2 10 4 1419 1420 1418
5723 2 2 10 4 2387 3609 2390
5724 2 2 10 4 1115 1116 1114
5725 2 2 10 4 2861 4247 4020
5726 2 2 10 4 2104 3508 3463
5727 2 2 10 4 1236 1911 1494
5728 2 2 10 4 2034 2213 2212
5729 2 2 10 4 1292 1510 1509
5730 2 2 10 4 1357 3602 1360
5731 2 2 10 4 2121 2122 2118
5732 2 2 10 4 2788 3617 564
5733 2 2 10 4 1834 1835 1811
5734 2 2 10 4 1854 1855 1853
5735 2 2 10 4 1258 1955 1708
5736 2 2 10 4 414 415 413
5737 2 2 10 4 2607 3635 2612
5738 2 2 10 4 2141 2142 2140
5739 2 2 10 4 449 450 448
5740 2 2 10 4 2030 2140 1595
5741 2 2 10 4 1868 3655 1866
5742 2 2 10 4 1547 1548 1546
5743 2 2 10 4 1065 3509 1258
5744 2 2 10 4 1162 1163 1159
5745 2 2 10 4 1418 3980 1417
5746 2 2 10 4 1055 3503 1531
5747 2 2 10 4 538 575 537
5748 2 2 10 4 2116 2120 966
5749 2 2 10 4 3404 4285 2379
5750 2 2 10 4 786 793 771
5751 2 2 10 4 2926 4319 2925
5752 2 2 10 4 2152 2153 1738
5753 2 2 10 4 151 3530 150
5754 2 2 10 4 123 3529 122
5755 2 2 10 4 714 717 716
5756 2 2 10 4 3088 3160 3087
5757 2 2 10 4 1491 3637 1447
5758 2 2 10 4 2965 4264 391
5759 2 2 10 4 1573 1631 1630
5760 2 2 10 4 1155 1199 1154
5761 2 2 10 4 1398 1400 1399
5762 2 2 10 4 591 3778 2686
5763 2 2 10 4 470 473 472
5764 2 2 10 4 643 644 642
5765 2 2 10 4 2541 3439 2544
5766 2 2 10 4 2482 2503 2502
5767 2 2 10 4 1100 1102 1101
5768 2 2 10 4 2159 2420 1989
5769 2 2 10 4 1956 2482 2322
5770 2 2 10 4 1983 1984 1982
5771 2 2 10 4 1434 1436 1435
5772 2 2 10 4 3226 3565 3227
5773 2 2 10 4 1866 2268 1867
5774 2 2 10 4 2622 4362 2758
5775 2 2 10 4 2451 4108 2447
5776 2 2 10 4 2475 3540 2028
5777 2 2 10 4 801 3174 800
5778 2 2 10 4 2058 2059 2057
5779 2 2 10 4 4271 4287 1489
5780 2 2 10 4 708 761 709
5781 2 2 10 4 2084 2425 2083
5782 2 2 10 4 430 432 431
5783 2 2 10 4 1718 3461 2286
5784 2 2 10 4 1789 1841 1579
5785 2 2 10 4 1342 4011 3215
5786 2 2 10 4 1366 1368 1367
5787 2 2 10 4 1996 3760 1769
5788 2 2 10 4 100 4356 99
5789 2 2 10 4 3318 3541 3323
5790 2 2 10 4 982 3823 3732
5791 2 2 10 4 2547 2552 2550
5792 2 2 10 4 1258 3509 1955
5793 2 2 10 4 955 956 954
5794 2 2 10 4 488 489 487
5795 2 2 10 4 1557 1558 1556
5796 2 2 10 4 924 947 923
5797 2 2 10 4 2630 3542 2631
5798 2 2 10 4 548 753 550
5799 2 2 10 4 1955 4283 3074
5800 2 2 10 4 2186 3782 2188
5801 2 2 10 4 3315 3782 3314
5802 2 2 10 4 2105 2106 1698
5803 2 2 10 4 2247 3949 3879
5804 2 2 10 4 372 3938 3056
5805 2 2 10 4 1293 3587 3217
5806 2 2 10 4 2124 2126 1585
5807 2 2 10 4 3146 3639 1066
5808 2 2 10 4 1325 3648 1354
5809 2 2 10 4 2696 4301 3522
5810 2 2 10 4 1549 1550 1548
5811 2 2 10 4 1082 1083 1081
5812 2 2 10 4 679 2145 603
5813 2 2 10 4 1778 3133 1615
5814 2 2 10 4 2254 2255 1987
5815 2 2 10 4 1510 1777 1776
5816 2 2 10 4 2313 2314 2126
5817 2 2 10 4 2136 4020 1995
5818 2 2 10 4 2201 2202 2142
5819 2 2 10 4 1344 3533 3253
5820 2 2 10 4 2384 4367 4051
5821 2 2 10 4 943 1070 856
5822 2 2 10 4 1302 1718 1717
5823 2 2 10 4 2408 2462 2461
5824 2 2 10 4 1495 1925 1274
5825 2 2 10 4 1450 3512 3293
5826 2 2 10 4 1739 3566 2194
5827 2 2 10 4 1555 1556 1553
5828 2 2 10 4 2375 2788 564
5829 2 2 10 4 1371 1374 1373
5830 2 2 10 4 1117 1118 1116
5831 2 2 10 4 2462 2464 2463
5832 2 2 10 4 1197 1204 1196
5833 2 2 10 4 1209 1305 1207
5834 2 2 10 4 886 910 909
5835 2 2 10 4 2546 3810 2543
5836 2 2 10 4 416 417 415
5837 2 2 10 4 3313 4385 312
5838 2 2 10 4 608 677 606
5839 2 2 10 4 2562 3778 3365
5840 2 2 10 4 451 452 450
5841 2 2 10 4 2545 3494 2547
5842 2 2 10 4 1856 1857 1855
5843 2 2 10 4 506 4234 3712
5844 2 2 10 4 1088 1089 1086
5845 2 2 10 4 612 616 599
5846 2 2 10 4 2426 2487 2425
5847 2 2 10 4 2100 2101 1622
5848 2 2 10 4 3092 4361 410
5849 2 2 10 4 1400 1402 1401
5850 2 2 10 4 576 602 575
5851 2 2 10 4 2073 3625 1448
5852 2 2 10 4 404 406 405
5853 2 2 10 4 1765 3375 1775
5854 2 2 10 4 1527 3644 3578
5855 2 2 10 4 1246 2151 1596
5856 2 2 10 4 1496 3438 1495
5857 2 2 10 4 2129 3935 3212
5858 2 2 10 4 1732 3533 1346
5859 2 2 10 4 1883 4191 3231
5860 2 2 10 4 2151 2349 2206
5861 2 2 10 4 432 434 433
5862 2 2 10 4 1155 3156 1199
5863 2 2 10 4 1586 2128 2127
5864 2 2 10 4 1276 1792 1532
5865 2 2 10 4 2451 3943 3071
5866 2 2 10 4 2110 3547 2108
5867 2 2 10 4 3262 3554 1556
5868 2 2 10 4 645 646 644
5869 2 2 10 4 1825 2073 1448
5870 2 2 10 4 2466 2467 2314
5871 2 2 10 4 3392 3724 3478
5872 2 2 10 4 1267 1268 1070
5873 2 2 10 4 1985 1986 1984
5874 2 2 10 4 1733 2207 2043
5875 2 2 10 4 1442 1453 1452
5876 2 2 10 4 3179 3886 2224
5877 2 2 10 4 509 4036 3603
5878 2 2 10 4 3417 3548 3415
5879 2 2 10 4 3248 3830 3250
5880 2 2 10 4 3098 3564 2139
5881 2 2 10 4 1528 3498 1529
5882 2 2 10 4 1436 1439 1437
5883 2 2 10 4 2060 2256 2059
5884 2 2 10 4 3505 4327 2843
5885 2 2 10 4 415 4038 3010
5886 2 2 10 4 62 3927 332
5887 2 2 10 4 1777 2365 2360
5888 2 2 10 4 1408 1411 1410
5889 2 2 10 4 673 3226 668
5890 2 2 10 4 1722 2146 1724
5891 2 2 10 4 2074 2075 2073
5892 2 2 10 4 1870 2195 1660
5893 2 2 10 4 2101 3526 1622
5894 2 2 10 4 3151 3573 1953
5895 2 2 10 4 1223 1227 1224
5896 2 2 10 4 1368 1370 1369
5897 2 2 10 4 490 491 489
5898 2 2 10 4 2737 3515 1230
5899 2 2 10 4 249 3832 250
5900 2 2 10 4 3200 3956 1860
5901 2 2 10 4 2065 3711 2957
5902 2 2 10 4 3682 4374 352
5903 2 2 10 4 1551 1552 1550
5904 2 2 10 4 1217 1220 1219
5905 2 2 10 4 3821 4389 2870
5906 2 2 10 4 1857 1997 1855
5907 2 2 10 4 2563 3800 2571
5908 2 2 10 4 1160 1664 1212
5909 2 2 10 4 957 958 956
5910 2 2 10 4 883 982 884
5911 2 2 10 4 1084 1085 1083
5912 2 2 10 4 1893 3947 1539
5913 2 2 10 4 1220 1222 1221
5914 2 2 10 4 665 2132 2131
5915 2 2 10 4 906 938 894
5916 2 2 10 4 2544 2549 2545
5917 2 2 10 4 2644 3634 2641
5918 2 2 10 4 1119 1120 1118
5919 2 2 10 4 2132 2134 2133
5920 2 2 10 4 1664 1666 1665
5921 2 2 10 4 1741 1888 1740
5922 2 2 10 4 1205 1261 1204
5923 2 2 10 4 2542 3810 2565
5924 2 2 10 4 1203 3662 3430
5925 2 2 10 4 312 4130 3313
5926 2 2 10 4 1952 4295 3154
5927 2 2 10 4 418 419 417
5928 2 2 10 4 453 455 452
5929 2 2 10 4 2176 3932 2879
5930 2 2 10 4 103 4400 102
5931 2 2 10 4 1240 3058 939
5932 2 2 10 4 3211 3851 2171
5933 2 2 10 4 857 858 806
5934 2 2 10 4 2415 4425 2862
5935 2 2 10 4 454 2085 1215
5936 2 2 10 4 3277 3557 1574
5937 2 2 10 4 1227 1235 1228
5938 2 2 10 4 2626 3843 2746
5939 2 2 10 4 2232 3748 3015
5940 2 2 10 4 2536 2558 2537
5941 2 2 10 4 2197 3122 3121
5942 2 2 10 4 3400 3556 3403
5943 2 2 10 4 798 1046 796
5944 2 2 10 4 895 896 858
5945 2 2 10 4 1288 3790 1285
5946 2 2 10 4 553 1074 557
5947 2 2 10 4 2778 3884 2275
5948 2 2 10 4 870 3495 970
5949 2 2 10 4 1705 3574 2232
5950 2 2 10 4 1402 1407 1403
5951 2 2 10 4 720 723 722
5952 2 2 10 4 1779 3568 1736
5953 2 2 10 4 319 3666 3204
5954 2 2 10 4 2602 3561 2609
5955 2 2 10 4 647 667 646
5956 2 2 10 4 2150 2283 2082
5957 2 2 10 4 1222 1226 1225
5958 2 2 10 4 1269 1352 1268
5959 2 2 10 4 1500 1538 1306
5960 2 2 10 4 2957 4276 739
5961 2 2 10 4 3175 3957 2086
5962 2 2 10 4 1136 4420 2889
5963 2 2 10 4 1092 1093 1090
5964 2 2 10 4 3383 4001 315
5965 2 2 10 4 2572 3743 3351
5966 2 2 10 4 203 3555 204
5967 2 2 10 4 4150 4380 2794
5968 2 2 10 4 386 3513 3457
5969 2 2 10 4 2257 2386 2256
5970 2 2 10 4 1170 3373 1168
5971 2 2 10 4 1439 1458 1440
5972 2 2 10 4 2344 2345 1802
5973 2 2 10 4 1184 1186 1185
5974 2 2 10 4 2569 2570 2549
5975 2 2 10 4 2391 2392 2389
5976 2 2 10 4 619 3420 617
5977 2 2 10 4 1005 3582 1003
5978 2 2 10 4 2721 4399 2703
5979 2 2 10 4 2283 3870 2082
5980 2 2 10 4 835 3507 836
5981 2 2 10 4 763 1688 733
5982 2 2 10 4 1074 3890 3050
5983 2 2 10 4 492 493 491
5984 2 2 10 4 100 4308 2907
5985 2 2 10 4 789 3780 743
5986 2 2 10 4 3653 4336 1072
5987 2 2 10 4 1458 3831 3725
5988 2 2 10 4 2041 3652 1663
5989 2 2 10 4 1666 1817 1816
5990 2 2 10 4 1210 3696 3075
5991 2 2 10 4 166 3813 165
5992 2 2 10 4 1586 2127 1545
5993 2 2 10 4 614 1064 610
5994 2 2 10 4 892 983 891
5995 2 2 10 4 75 3586 353
5996 2 2 10 4 2506 2507 2296
5997 2 2 10 4 3662 3839 3430
5998 2 2 10 4 2552 2582 2550
5999 2 2 10 4 2093 3824 1773
6000 2 2 10 4 959 974 958
6001 2 2 10 4 1049 1270 1051
6002 2 2 10 4 2071 3620 1052
6003 2 2 10 4 1915 3564 1914
6004 2 2 10 4 961 962 896
6005 2 2 10 4 3198 3827 3143
6006 2 2 10 4 1670 2178 2177
6007 2 2 10 4 3156 3232 1199
6008 2 2 10 4 454 3638 2085
6009 2 2 10 4 1121 1122 1120
6010 2 2 10 4 2950 4261 3597
6011 2 2 10 4 2080 2099 1069
6012 2 2 10 4 2493 2494 2090
6013 2 2 10 4 464 465 462
6014 2 2 10 4 1233 1562 1231
6015 2 2 10 4 2773 4187 2772
6016 2 2 10 4 2178 2263 2262
6017 2 2 10 4 692 693 689
6018 2 2 10 4 1226 1231 1229
6019 2 2 10 4 20 3563 384
6020 2 2 10 4 309 3563 21
6021 2 2 10 4 913 928 927
6022 2 2 10 4 456 458 455
6023 2 2 10 4 1270 1272 1271
6024 2 2 10 4 420 421 419
6025 2 2 10 4 794 852 793
6026 2 2 10 4 776 4357 3020
6027 2 2 10 4 1899 3816 1901
6028 2 2 10 4 1164 1167 1163
6029 2 2 10 4 800 1644 1076
6030 2 2 10 4 1598 3615 998
6031 2 2 10 4 1994 1995 1667
6032 2 2 10 4 2814 4386 819
6033 2 2 10 4 1873 2042 1356
6034 2 2 10 4 1685 2033 2032
6035 2 2 10 4 310 3931 3334
6036 2 2 10 4 2194 3578 2193
6037 2 2 10 4 1707 1787 1709
6038 2 2 10 4 717 985 718
6039 2 2 10 4 668 670 667
6040 2 2 10 4 3721 3934 3418
6041 2 2 10 4 2047 2049 2048
6042 2 2 10 4 1265 1623 1237
6043 2 2 10 4 352 4374 104
6044 2 2 10 4 2033 2168 2167
6045 2 2 10 4 1615 4222 932
6046 2 2 10 4 1503 3626 1599
6047 2 2 10 4 1638 1728 1640
6048 2 2 10 4 1799 4233 2498
6049 2 2 10 4 1445 3867 2902
6050 2 2 10 4 2406 2414 2413
6051 2 2 10 4 2387 2388 2386
6052 2 2 10 4 1336 1563 962
6053 2 2 10 4 2037 3571 1493
6054 2 2 10 4 2771 4131 340
6055 2 2 10 4 407 409 405
6056 2 2 10 4 494 495 493
6057 2 2 10 4 1087 4259 3106
6058 2 2 10 4 1456 1465 1464
6059 2 2 10 4 3188 3635 1201
6060 2 2 10 4 2203 3723 2142
6061 2 2 10 4 1447 3424 1412
6062 2 2 10 4 1272 1301 1300
6063 2 2 10 4 3167 3916 2558
6064 2 2 10 4 2336 3688 3434
6065 2 2 10 4 2263 2265 2264
6066 2 2 10 4 2232 2981 2230
6067 2 2 10 4 1129 1130 1127
6068 2 2 10 4 1058 1512 1059
6069 2 2 10 4 1229 1293 1230
6070 2 2 10 4 724 728 726
6071 2 2 10 4 2588 3871 2589
6072 2 2 10 4 975 1025 974
6073 2 2 10 4 1096 1097 1094
6074 2 2 10 4 1486 3755 2135
6075 2 2 10 4 2903 4089 1259
6076 2 2 10 4 4084 4138 3129
6077 2 2 10 4 1478 4225 3606
6078 2 2 10 4 21 3563 20
6079 2 2 10 4 1379 1406 1381
6080 2 2 10 4 1123 1124 1122
6081 2 2 10 4 2871 4266 4238
6082 2 2 10 4 3121 3615 1828
6083 2 2 10 4 1787 2002 1788
6084 2 2 10 4 828 864 815
6085 2 2 10 4 1814 3600 2104
6086 2 2 10 4 954 3627 915
6087 2 2 10 4 2332 3926 3141
6088 2 2 10 4 3672 4161 2675
6089 2 2 10 4 1374 1376 1375
6090 2 2 10 4 368 3786 3037
6091 2 2 10 4 1346 3533 1344
6092 2 2 10 4 559 562 561
6093 2 2 10 4 3876 4092 2800
6094 2 2 10 4 3460 3817 3357
6095 2 2 10 4 542 3844 540
6096 2 2 10 4 2981 4279 360
6097 2 2 10 4 459 461 458
6098 2 2 10 4 3056 4155 372
6099 2 2 10 4 2768 3833 2767
6100 2 2 10 4 624 695 621
6101 2 2 10 4 2228 3746 1353
6102 2 2 10 4 2639 3603 2643
6103 2 2 10 4 910 1028 911
6104 2 2 10 4 1649 1655 1651
6105 2 2 10 4 422 423 421
6106 2 2 10 4 3048 3952 2196
6107 2 2 10 4 1174 1202 1172
6108 2 2 10 4 1687 1755 1681
6109 2 2 10 4 3022 4135 2610
6110 2 2 10 4 1302 1717 1303
6111 2 2 10 4 1301 1524 1523
6112 2 2 10 4 1709 3823 1257
6113 2 2 10 4 617 696 616
6114 2 2 10 4 302 3583 303
6115 2 2 10 4 2064 4295 2789
6116 2 2 10 4 1168 1254 1167
6117 2 2 10 4 2716 4154 2807
6118 2 2 10 4 1323 3648 1325
6119 2 2 10 4 1644 1646 1645
6120 2 2 10 4 1556 3554 1553
6121 2 2 10 4 3313 3889 3311
6122 2 2 10 4 2749 2750 2042
6123 2 2 10 4 2008 2009 1068
6124 2 2 10 4 141 3597 140
6125 2 2 10 4 3018 4378 3656
6126 2 2 10 4 1746 1893 1539
6127 2 2 10 4 653 666 651
6128 2 2 10 4 1416 1419 1418
6129 2 2 10 4 2519 3869 2517
6130 2 2 10 4 2826 4006 2938
6131 2 2 10 4 4077 4203 2702
6132 2 2 10 4 2766 4418 363
6133 2 2 10 4 2224 3675 2222
6134 2 2 10 4 2016 2024 2014
6135 2 2 10 4 1086 3566 1085
6136 2 2 10 4 496 497 495
6137 2 2 10 4 3010 4038 2500
6138 2 2 10 4 920 921 919
6139 2 2 10 4 1742 2094 2026
6140 2 2 10 4 1411 1447 1412
6141 2 2 10 4 2173 3699 2175
6142 2 2 10 4 1769 3760 1771
6143 2 2 10 4 2025 4431 3045
6144 2 2 10 4 808 3721 809
6145 2 2 10 4 1235 3571 1276
6146 2 2 10 4 742 787 743
6147 2 2 10 4 2503 4019 3081
6148 2 2 10 4 1453 1457 1454
6149 2 2 10 4 1946 3858 2244
6150 2 2 10 4 1026 1338 1025
6151 2 2 10 4 1791 4018 2963
6152 2 2 10 4 2199 3841 3703
6153 2 2 10 4 3422 3687 1242
6154 2 2 10 4 726 3546 729
6155 2 2 10 4 1660 3574 1352
6156 2 2 10 4 1 3888 89
6157 2 2 10 4 2560 2566 2530
6158 2 2 10 4 1524 1526 1525
6159 2 2 10 4 520 1071 518
6160 2 2 10 4 3705 4281 2459
6161 2 2 10 4 2325 2453 1893
6162 2 2 10 4 504 505 503
6163 2 2 10 4 872 3495 870
6164 2 2 10 4 1008 3613 1263
6165 2 2 10 4 1125 1126 1124
6166 2 2 10 4 2284 2368 1755
6167 2 2 10 4 1646 1652 1647
6168 2 2 10 4 2163 3862 1774
6169 2 2 10 4 1678 3498 1528
6170 2 2 10 4 470 472 468
6171 2 2 10 4 1133 1134 1131
6172 2 2 10 4 14 3666 319
6173 2 2 10 4 383 3666 15
6174 2 2 10 4 1846 1847 1845
6175 2 2 10 4 1966 1969 1964
6176 2 2 10 4 1698 4202 1697
6177 2 2 10 4 3765 4255 4026
6178 2 2 10 4 2544 2568 2549
6179 2 2 10 4 2373 4139 1317
6180 2 2 10 4 2520 3869 2523
6181 2 2 10 4 2149 3623 2324
6182 2 2 10 4 2010 2011 2009
6183 2 2 10 4 7 3888 1
6184 2 2 10 4 2144 3934 3020
6185 2 2 10 4 424 425 423
6186 2 2 10 4 159 3846 158
6187 2 2 10 4 1376 1378 1377
6188 2 2 10 4 1100 1101 1098
6189 2 2 10 4 1647 1648 1645
6190 2 2 10 4 922 923 921
6191 2 2 10 4 1550 1760 1548
6192 2 2 10 4 973 1024 938
6193 2 2 10 4 1642 2105 1698
6194 2 2 10 4 3577 4308 343
6195 2 2 10 4 2883 4380 1976
6196 2 2 10 4 2140 3750 1595
6197 2 2 10 4 931 1778 1615
6198 2 2 10 4 604 3551 602
6199 2 2 10 4 1609 3984 1764
6200 2 2 10 4 1525 2072 1523
6201 2 2 10 4 1337 1663 1336
6202 2 2 10 4 1526 1540 1539
6203 2 2 10 4 2566 3510 2530
6204 2 2 10 4 1494 1751 1493
6205 2 2 10 4 3050 3892 1074
6206 2 2 10 4 1378 4002 2980
6207 2 2 10 4 1806 3831 1616
6208 2 2 10 4 3141 3926 2277
6209 2 2 10 4 2564 3873 2556
6210 2 2 10 4 1624 1872 1521
6211 2 2 10 4 2459 4006 3705
6212 2 2 10 4 2200 3701 2198
6213 2 2 10 4 1356 3602 1357
6214 2 2 10 4 1999 3874 1875
6215 2 2 10 4 498 499 497
6216 2 2 10 4 1674 1737 1672
6217 2 2 10 4 2153 3747 1738
6218 2 2 10 4 2273 3799 3664
6219 2 2 10 4 1848 1961 1847
6220 2 2 10 4 3275 3877 2484
6221 2 2 10 4 2965 3877 2423
6222 2 2 10 4 2378 3730 1671
6223 2 2 10 4 758 760 737
6224 2 2 10 4 406 408 407
6225 2 2 10 4 1339 1570 1338
6226 2 2 10 4 2381 3166 2264
6227 2 2 10 4 4179 4245 2495
6228 2 2 10 4 2393 2394 2392
6229 2 2 10 4 1794 3883 2303
6230 2 2 10 4 1603 3883 1602
6231 2 2 10 4 1468 1479 1470
6232 2 2 10 4 877 3636 883
6233 2 2 10 4 2782 4164 2808
6234 2 2 10 4 1199 3232 1298
6235 2 2 10 4 1649 1650 1648
6236 2 2 10 4 833 1072 830
6237 2 2 10 4 2245 3879 3113
6238 2 2 10 4 1305 3865 3192
6239 2 2 10 4 3185 4148 2961
6240 2 2 10 4 1030 3731 1029
6241 2 2 10 4 3719 3835 983
6242 2 2 10 4 2992 4367 2384
6243 2 2 10 4 3511 4059 2162
6244 2 2 10 4 1633 1761 1631
6245 2 2 10 4 3050 4004 2215
6246 2 2 10 4 2401 2403 2399
6247 2 2 10 4 2012 2025 2011
6248 2 2 10 4 3312 3889 3339
6249 2 2 10 4 668 3226 670
6250 2 2 10 4 312 4385 3388
6251 2 2 10 4 593 3514 590
6252 2 2 10 4 1658 3438 1496
6253 2 2 10 4 2498 4236 2496
6254 2 2 10 4 685 3598 3380
6255 2 2 10 4 1959 2338 1737
6256 2 2 10 4 567 1073 569
6257 2 2 10 4 426 427 425
6258 2 2 10 4 2352 2353 1743
6259 2 2 10 4 1048 3507 835
6260 2 2 10 4 1031 1291 1024
6261 2 2 10 4 1203 1684 1185
6262 2 2 10 4 982 3732 884
6263 2 2 10 4 1651 1653 1650
6264 2 2 10 4 918 1017 972
6265 2 2 10 4 2677 4161 2944
6266 2 2 10 4 1300 1690 1271
6267 2 2 10 4 748 752 750
6268 2 2 10 4 1953 3573 2319
6269 2 2 10 4 657 1075 655
6270 2 2 10 4 466 1032 465
6271 2 2 10 4 475 3491 473
6272 2 2 10 4 2095 3520 3440
6273 2 2 10 4 2020 2759 2018
6274 2 2 10 4 1378 3483 1379
6275 2 2 10 4 1583 2063 1768
6276 2 2 10 4 961 1337 1336
6277 2 2 10 4 1104 3492 1102
6278 2 2 10 4 1318 3607 1314
6279 2 2 10 4 3102 3961 2361
6280 2 2 10 4 1553 3554 1552
6281 2 2 10 4 1962 2252 1961
6282 2 2 10 4 965 4220 3027
6283 2 2 10 4 1229 3587 1293
6284 2 2 10 4 1676 3560 3559
6285 2 2 10 4 1047 1048 835
6286 2 2 10 4 2348 4110 2814
6287 2 2 10 4 3267 3894 3359
6288 2 2 10 4 1385 1390 1387
6289 2 2 10 4 928 966 929
6290 2 2 10 4 2197 3121 1828
6291 2 2 10 4 1213 3835 1687
6292 2 2 10 4 1808 1810 1809
6293 2 2 10 4 525 799 522
6294 2 2 10 4 1422 1444 1424
6295 2 2 10 4 914 2079 1069
6296 2 2 10 4 2106 2773 2772
6297 2 2 10 4 1571 1572 1570
6298 2 2 10 4 2089 2091 2090
6299 2 2 10 4 1529 3498 3497
6300 2 2 10 4 316 4390 2948
6301 2 2 10 4 1878 3665 2385
6302 2 2 10 4 1360 3602 1536
6303 2 2 10 4 1017 1302 1018
6304 2 2 10 4 1229 1230 1225
6305 2 2 10 4 1722 3497 2146
6306 2 2 10 4 631 699 629
6307 2 2 10 4 2395 2396 2394
6308 2 2 10 4 2190 3098 2139
6309 2 2 10 4 590 3514 1884
6310 2 2 10 4 1184 1185 1182
6311 2 2 10 4 1670 1678 1528
6312 2 2 10 4 3021 3967 2135
6313 2 2 10 4 343 4308 101
6314 2 2 10 4 408 411 410
6315 2 2 10 4 405 3481 403
6316 2 2 10 4 1092 3804 1095
6317 2 2 10 4 1335 3525 1333
6318 2 2 10 4 428 429 427
6319 2 2 10 4 2096 3950 2210
6320 2 2 10 4 2156 2383 1833
6321 2 2 10 4 1544 1546 1545
6322 2 2 10 4 1685 1686 1684
6323 2 2 10 4 3109 4060 3110
6324 2 2 10 4 2233 4072 2985
6325 2 2 10 4 1231 3587 1229
6326 2 2 10 4 665 3491 2132
6327 2 2 10 4 1292 1509 1291
6328 2 2 10 4 1160 3492 1664
6329 2 2 10 4 891 3639 888
6330 2 2 10 4 731 762 733
6331 2 2 10 4 2670 3672 2671
6332 2 2 10 4 1554 3762 1555
6333 2 2 10 4 2356 2374 2134
6334 2 2 10 4 1354 3648 1873
6335 2 2 10 4 3223 4082 2781
6336 2 2 10 4 1810 1834 1811
6337 2 2 10 4 1816 1818 1665
6338 2 2 10 4 3259 3674 1256
6339 2 2 10 4 1465 1585 1466
6340 2 2 10 4 2288 3906 3043
6341 2 2 10 4 3229 4351 984
6342 2 2 10 4 3183 3604 3182
6343 2 2 10 4 439 1241 437
6344 2 2 10 4 3057 4096 2842
6345 2 2 10 4 1354 1873 1356
6346 2 2 10 4 3526 3726 1248
6347 2 2 10 4 2292 2456 1910
6348 2 2 10 4 857 907 895
6349 2 2 10 4 800 1076 773
6350 2 2 10 4 1049 1050 1048
6351 2 2 10 4 2121 2308 2122
6352 2 2 10 4 2953 4259 1087
6353 2 2 10 4 1955 1956 1708
6354 2 2 10 4 2030 2141 2140
6355 2 2 10 4 2145 3742 603
6356 2 2 10 4 1140 1142 1138
6357 2 2 10 4 3091 3160 3088
6358 2 2 10 4 2032 2034 1686
6359 2 2 10 4 841 904 838
6360 2 2 10 4 1573 1630 1572
6361 2 2 10 4 2281 4122 2896
6362 2 2 10 4 2079 2081 2080
6363 2 2 10 4 1973 1976 1971
6364 2 2 10 4 454 1214 433
6365 2 2 10 4 1661 3739 2352
6366 2 2 10 4 562 564 563
6367 2 2 10 4 825 3174 801
6368 2 2 10 4 2406 2413 2404
6369 2 2 10 4 3221 3971 2737
6370 2 2 10 4 2340 4033 3146
6371 2 2 10 4 2397 2408 2396
6372 2 2 10 4 2133 2306 2131
6373 2 2 10 4 1890 4052 1313
6374 2 2 10 4 2047 2048 1817
6375 2 2 10 4 1842 4375 2977
6376 2 2 10 4 793 3641 771
6377 2 2 10 4 1488 3707 3634
6378 2 2 10 4 571 581 579
6379 2 2 10 4 3445 4242 3212
6380 2 2 10 4 430 431 429
6381 2 2 10 4 479 513 477
6382 2 2 10 4 665 2130 472
6383 2 2 10 4 1205 3538 1261
6384 2 2 10 4 2367 2966 1841
6385 2 2 10 4 3076 3901 337
6386 2 2 10 4 1051 1618 1050
6387 2 2 10 4 2177 2179 1678
6388 2 2 10 4 1160 1211 1101
6389 2 2 10 4 1108 1148 1106
6390 2 2 10 4 334 4356 4322
6391 2 2 10 4 915 3627 914
6392 2 2 10 4 2482 2502 2322
6393 2 2 10 4 2832 3749 2835
6394 2 2 10 4 661 676 659
6395 2 2 10 4 1168 3373 1254
6396 2 2 10 4 1725 4052 3144
6397 2 2 10 4 2274 2275 1818
6398 2 2 10 4 1458 3725 1440
6399 2 2 10 4 1510 1776 1509
6400 2 2 10 4 2227 2273 2022
6401 2 2 10 4 762 805 763
6402 2 2 10 4 2966 2967 1841
6403 2 2 10 4 3071 3943 3072
6404 2 2 10 4 2360 2361 1776
6405 2 2 10 4 2536 2587 2558
6406 2 2 10 4 2107 3981 3208
6407 2 2 10 4 250 3832 331
6408 2 2 10 4 2141 2201 2142
6409 2 2 10 4 501 3663 1883
6410 2 2 10 4 1419 1824 1448
6411 2 2 10 4 3822 4088 3163
6412 2 2 10 4 1147 4320 2877
6413 2 2 10 4 160 3909 159
6414 2 2 10 4 1825 2076 2074
6415 2 2 10 4 1419 1448 1420
6416 2 2 10 4 2081 2083 2082
6417 2 2 10 4 1389 1483 1392
6418 2 2 10 4 2122 3642 2118
6419 2 2 10 4 3375 3485 1775
6420 2 2 10 4 1029 3582 1005
6421 2 2 10 4 1474 1478 1476
6422 2 2 10 4 1659 3637 1491
6423 2 2 10 4 1159 3531 1157
6424 2 2 10 4 1062 3812 3627
6425 2 2 10 4 1426 1484 1428
6426 2 2 10 4 2544 3439 2568
6427 2 2 10 4 1371 3631 1374
6428 2 2 10 4 2124 2313 2126
6429 2 2 10 4 617 3420 696
6430 2 2 10 4 1098 3496 1097
6431 2 2 10 4 3148 4195 2284
6432 2 2 10 4 2092 4029 3218
6433 2 2 10 4 2732 2733 2275
6434 2 2 10 4 876 3636 877
6435 2 2 10 4 805 856 806
6436 2 2 10 4 2462 2463 2461
6437 2 2 10 4 431 739 429
6438 2 2 10 4 562 2157 564
6439 2 2 10 4 2724 4188 2682
6440 2 2 10 4 2180 3946 2330
6441 2 2 10 4 868 3789 440
6442 2 2 10 4 432 433 431
6443 2 2 10 4 3273 3966 3222
6444 2 2 10 4 64 4187 63
6445 2 2 10 4 1215 1216 1214
6446 2 2 10 4 1190 1210 1188
6447 2 2 10 4 2408 2415 2396
6448 2 2 10 4 3334 4166 310
6449 2 2 10 4 473 665 472
6450 2 2 10 4 2307 2511 2306
6451 2 2 10 4 359 4426 2952
6452 2 2 10 4 2952 4426 387
6453 2 2 10 4 1517 4198 3042
6454 2 2 10 4 2100 2490 2101
6455 2 2 10 4 2502 2907 2322
6456 2 2 10 4 551 4327 4123
6457 2 2 10 4 1465 2123 1585
6458 2 2 10 4 2313 2466 2314
6459 2 2 10 4 888 3639 887
6460 2 2 10 4 1199 1298 1248
6461 2 2 10 4 1102 1160 1101
6462 2 2 10 4 3991 4170 3395
6463 2 2 10 4 1047 3721 3418
6464 2 2 10 4 2151 2206 1596
6465 2 2 10 4 462 3620 461
6466 2 2 10 4 2840 4097 2839
6467 2 2 10 4 443 460 441
6468 2 2 10 4 1777 2360 1776
6469 2 2 10 4 1370 3631 1371
6470 2 2 10 4 1246 1247 761
6471 2 2 10 4 2501 3025 2294
6472 2 2 10 4 1509 1793 1291
6473 2 2 10 4 531 533 529
6474 2 2 10 4 3543 4407 1815
6475 2 2 10 4 1217 1218 1216
6476 2 2 10 4 2758 4362 2432
6477 2 2 10 4 502 3663 499
6478 2 2 10 4 2741 4384 357
6479 2 2 10 4 1212 1733 1211
6480 2 2 10 4 346 4219 4043
6481 2 2 10 4 771 3641 770
6482 2 2 10 4 2731 4081 2996
6483 2 2 10 4 1810 2371 1834
6484 2 2 10 4 1407 3630 1408
6485 2 2 10 4 928 2115 966
6486 2 2 10 4 2238 3945 2239
6487 2 2 10 4 1978 1988 1975
6488 2 2 10 4 637 703 635
6489 2 2 10 4 3341 3569 1916
6490 2 2 10 4 1926 3709 2514
6491 2 2 10 4 1360 1536 1362
6492 2 2 10 4 15 3666 14
6493 2 2 10 4 3863 4044 3702
6494 2 2 10 4 3081 4322 2503
6495 2 2 10 4 2076 2729 2300
6496 2 2 10 4 1825 2074 2073
6497 2 2 10 4 1956 2321 1708
6498 2 2 10 4 836 3507 876
6499 2 2 10 4 406 407 405
6500 2 2 10 4 483 1251 481
6501 2 2 10 4 1130 4096 3057
6502 2 2 10 4 1572 2036 1570
6503 2 2 10 4 1219 1223 1218
6504 2 2 10 4 1032 1052 465
6505 2 2 10 4 3635 4259 2953
6506 2 2 10 4 887 3495 872
6507 2 2 10 4 1112 1242 1110
6508 2 2 10 4 1408 3630 1411
6509 2 2 10 4 3737 3884 2209
6510 2 2 10 4 1330 3767 1328
6511 2 2 10 4 434 454 433
6512 2 2 10 4 1220 1221 1219
6513 2 2 10 4 3512 3843 2628
6514 2 2 10 4 816 1047 835
6515 2 2 10 4 3458 3887 2362
6516 2 2 10 4 2209 3534 2207
6517 2 2 10 4 1664 1665 1212
6518 2 2 10 4 2217 4004 2727
6519 2 2 10 4 602 678 603
6520 2 2 10 4 1276 3571 1792
6521 2 2 10 4 2338 2354 1737
6522 2 2 10 4 2394 2418 2392
6523 2 2 10 4 1089 3566 1086
6524 2 2 10 4 2132 2133 2131
6525 2 2 10 4 1298 1740 1622
6526 2 2 10 4 1394 1405 1396
6527 2 2 10 4 1713 4255 3765
6528 2 2 10 4 1151 1175 1145
6529 2 2 10 4 1480 1670 1528
6530 2 2 10 4 1833 3607 1318
6531 2 2 10 4 1207 3538 1205
6532 2 2 10 4 2007 4337 2906
6533 2 2 10 4 914 1069 866
6534 2 2 10 4 2089 2090 2087
6535 2 2 10 4 1430 1438 1432
6536 2 2 10 4 869 875 847
6537 2 2 10 4 2195 3574 1660
6538 2 2 10 4 2229 3641 1067
6539 2 2 10 4 648 705 686
6540 2 2 10 4 1596 2031 1247
6541 2 2 10 4 3429 4141 2337
6542 2 2 10 4 1961 3150 1847
6543 2 2 10 4 1246 3736 2151
6544 2 2 10 4 1024 2261 938
6545 2 2 10 4 1544 1545 1542
6546 2 2 10 4 499 500 497
6547 2 2 10 4 1222 1225 1221
6548 2 2 10 4 857 895 858
6549 2 2 10 4 1236 3690 1911
6550 2 2 10 4 3075 3839 1210
6551 2 2 10 4 3787 4255 1713
6552 2 2 10 4 731 733 680
6553 2 2 10 4 2051 3537 2049
6554 2 2 10 4 606 3539 604
6555 2 2 10 4 1579 3545 1240
6556 2 2 10 4 425 740 423
6557 2 2 10 4 1453 2248 1457
6558 2 2 10 4 1411 1461 1447
6559 2 2 10 4 537 1245 535
6560 2 2 10 4 3393 3724 3392
6561 2 2 10 4 2011 2427 2009
6562 2 2 10 4 2368 2369 1755
6563 2 2 10 4 305 3795 26
6564 2 2 10 4 968 3772 3741
6565 2 2 10 4 2673 3775 2672
6566 2 2 10 4 1338 1713 1025
6567 2 2 10 4 1081 1502 1079
6568 2 2 10 4 413 804 411
6569 2 2 10 4 2057 2061 2055
6570 2 2 10 4 311 3769 3449
6571 2 2 10 4 3355 4435 2377
6572 2 2 10 4 1666 1816 1665
6573 2 2 10 4 696 1671 616
6574 2 2 10 4 892 3719 983
6575 2 2 10 4 487 506 485
6576 2 2 10 4 1065 1257 982
6577 2 2 10 4 1085 1739 1738
6578 2 2 10 4 1682 1868 1866
6579 2 2 10 4 3205 3887 3513
6580 2 2 10 4 910 2241 1028
6581 2 2 10 4 1165 4163 2955
6582 2 2 10 4 1254 1299 1167
6583 2 2 10 4 390 3888 3416
6584 2 2 10 4 1374 1462 1376
6585 2 2 10 4 1157 3531 3156
6586 2 2 10 4 895 961 896
6587 2 2 10 4 2871 3821 2869
6588 2 2 10 4 450 701 448
6589 2 2 10 4 1124 1166 1122
6590 2 2 10 4 1366 1587 1368
6591 2 2 10 4 1261 1667 1595
6592 2 2 10 4 1787 2791 2002
6593 2 2 10 4 2834 3749 2832
6594 2 2 10 4 1252 4010 3701
6595 2 2 10 4 2105 3517 2106
6596 2 2 10 4 717 1661 985
6597 2 2 10 4 678 742 679
6598 2 2 10 4 852 1067 793
6599 2 2 10 4 2667 3969 2679
6600 2 2 10 4 2672 3969 2669
6601 2 2 10 4 921 1255 919
6602 2 2 10 4 2322 3577 2321
6603 2 2 10 4 983 1066 891
6604 2 2 10 4 2123 2125 2124
6605 2 2 10 4 1400 1404 1402
6606 2 2 10 4 1057 1060 1058
6607 2 2 10 4 1196 1198 1194
6608 2 2 10 4 883 1065 982
6609 2 2 10 4 3407 3847 3401
6610 2 2 10 4 1236 1493 1235
6611 2 2 10 4 1118 1147 1116
6612 2 2 10 4 644 704 642
6613 2 2 10 4 1199 1248 1154
6614 2 2 10 4 708 1246 761
6615 2 2 10 4 1226 1229 1225
6616 2 2 10 4 458 702 455
6617 2 2 10 4 670 781 667
6618 2 2 10 4 1984 2007 1982
6619 2 2 10 4 2256 2469 2059
6620 2 2 10 4 419 741 417
6621 2 2 10 4 3634 3707 2641
6622 2 2 10 4 493 832 491
6623 2 2 10 4 3201 4421 1536
6624 2 2 10 4 956 1062 954
6625 2 2 10 4 3455 4381 2350
6626 2 2 10 4 602 603 575
6627 2 2 10 4 1434 1485 1436
6628 2 2 10 4 1085 1738 1083
6629 2 2 10 4 2827 3954 3622
6630 2 2 10 4 974 1249 958
6631 2 2 10 4 2178 2262 2177
6632 2 2 10 4 1352 1353 1268
6633 2 2 10 4 1227 1236 1235
6634 2 2 10 4 2579 2586 2566
6635 2 2 10 4 1439 1486 1458
6636 2 2 10 4 1352 1705 1353
6637 2 2 10 4 2335 4324 3842
6638 2 2 10 4 1733 2209 2207
6639 2 2 10 4 1270 1271 1051
6640 2 2 10 4 1261 1595 1204
6641 2 2 10 4 2609 4007 3335
6642 2 2 10 4 3140 3977 3138
6643 2 2 10 4 1486 1616 1458
6644 2 2 10 4 2493 2495 2494
6645 2 2 10 4 2115 2117 2116
6646 2 2 10 4 2570 3494 2549
6647 2 2 10 4 1186 1203 1185
6648 2 2 10 4 3411 3858 366
6649 2 2 10 4 2477 3592 3591
6650 2 2 10 4 961 1336 962
6651 2 2 10 4 361 3904 92
6652 2 2 10 4 91 3904 389
6653 2 2 10 4 1258 1707 1257
6654 2 2 10 4 1739 2193 2152
6655 2 2 10 4 983 1213 1066
6656 2 2 10 4 90 3911 2
6657 2 2 10 4 2033 2167 2032
6658 2 2 10 4 2263 2264 2262
6659 2 2 10 4 2700 4410 3560
6660 2 2 10 4 1272 1300 1271
6661 2 2 10 4 2117 2119 2118
6662 2 2 10 4 372 4155 3389
6663 2 2 10 4 1053 1054 1052
6664 2 2 10 4 671 3514 593
6665 2 2 10 4 2843 4327 551
6666 2 2 10 4 1562 3587 1231
6667 2 2 10 4 3299 3977 1603
6668 2 2 10 4 3138 3977 1938
6669 2 2 10 4 3510 3528 2534
6670 2 2 10 4 1762 3525 1335
6671 2 2 10 4 1055 1056 1054
6672 2 2 10 4 852 1068 1067
6673 2 2 10 4 1705 2230 1706
6674 2 2 10 4 3028 4072 2233
6675 2 2 10 4 1379 3483 1406
6676 2 2 10 4 1617 1805 1616
6677 2 2 10 4 406 3553 408
6678 2 2 10 4 670 782 781
6679 2 2 10 4 1057 1058 1056
6680 2 2 10 4 1873 2749 2042
6681 2 2 10 4 711 3739 714
6682 2 2 10 4 1661 1742 985
6683 2 2 10 4 1927 4295 2064
6684 2 2 10 4 2225 2226 1805
6685 2 2 10 4 1644 1645 1076
6686 2 2 10 4 1925 3629 1274
6687 2 2 10 4 2560 2579 2566
6688 2 2 10 4 2552 2583 2582
6689 2 2 10 4 2049 2191 2048
6690 2 2 10 4 1301 1523 1300
6691 2 2 10 4 465 3620 462
6692 2 2 10 4 2265 2381 2264
6693 2 2 10 4 2549 3494 2545
6694 2 2 10 4 2 3911 47
6695 2 2 10 4 794 3549 852
6696 2 2 10 4 1213 1681 1351
6697 2 2 10 4 4126 4415 3402
6698 2 2 10 4 357 3781 107
6699 2 2 10 4 884 3732 886
6700 2 2 10 4 2534 3528 2536
6701 2 2 10 4 3732 3823 2241
6702 2 2 10 4 501 503 500
6703 2 2 10 4 2791 3116 2002
6704 2 2 10 4 1606 4326 4108
6705 2 2 10 4 1333 3525 1522
6706 2 2 10 4 2703 3995 341
6707 2 2 10 4 2244 4424 3413
6708 2 2 10 4 1586 3619 2129
6709 2 2 10 4 3191 4167 1948
6710 2 2 10 4 1440 3725 1442
6711 2 2 10 4 894 3719 892
6712 2 2 10 4 3524 4077 2701
6713 2 2 10 4 2241 2242 1028
6714 2 2 10 4 599 3730 597
6715 2 2 10 4 1524 1525 1523
6716 2 2 10 4 782 846 845
6717 2 2 10 4 307 3815 31
6718 2 2 10 4 1646 1647 1645
6719 2 2 10 4 1886 3984 1608
6720 2 2 10 4 846 919 918
6721 2 2 10 4 1254 1521 1299
6722 2 2 10 4 1746 2325 1893
6723 2 2 10 4 696 1672 1671
6724 2 2 10 4 985 3552 718
6725 2 2 10 4 1461 1516 1491
6726 2 2 10 4 2042 3602 1356
6727 2 2 10 4 1250 4297 3875
6728 2 2 10 4 1461 1491 1447
6729 2 2 10 4 1992 3752 3283
6730 2 2 10 4 1516 1845 1588
6731 2 2 10 4 2248 2249 1457
6732 2 2 10 4 1672 1673 1671
6733 2 2 10 4 1526 1539 1525
6734 2 2 10 4 2230 2231 1706
6735 2 2 10 4 1521 1840 1299
6736 2 2 10 4 3055 4252 344
6737 2 2 10 4 796 3549 794
6738 2 2 10 4 2568 2569 2549
6739 2 2 10 4 1647 1649 1648
6740 2 2 10 4 3215 4011 2317
6741 2 2 10 4 499 501 500
6742 2 2 10 4 3130 4413 2416
6743 2 2 10 4 1540 1746 1539
6744 2 2 10 4 4402 4435 3355
6745 2 2 10 4 2923 4251 690
6746 2 2 10 4 1263 3613 1583
6747 2 2 10 4 1516 1588 1491
6748 2 2 10 4 1845 1954 1588
6749 2 2 10 4 376 3931 169
6750 2 2 10 4 168 3931 310
6751 2 2 10 4 1655 4027 3729
6752 2 2 10 4 1661 1743 1742
6753 2 2 10 4 4370 4420 1142
6754 2 2 10 4 718 3552 720
6755 2 2 10 4 3926 4139 2277
6756 2 2 10 4 1649 1651 1650
6757 2 2 10 4 1068 2114 1067
6758 2 2 10 4 782 845 781
6759 2 2 10 4 2088 4065 2089
6760 2 2 10 4 1032 1053 1052
6761 2 2 10 4 1203 1685 1684
6762 2 2 10 4 1213 1351 1066
6763 2 2 10 4 846 918 845
6764 2 2 10 4 408 410 407
6765 2 2 10 4 2115 2116 966
6766 2 2 10 4 501 504 503
6767 2 2 10 4 1651 1654 1653
6768 2 2 10 4 2547 3494 2552
6769 2 2 10 4 3251 4197 2342
6770 2 2 10 4 1681 1808 1351
6771 2 2 10 4 2079 2080 1069
6772 2 2 10 4 2331 3795 3292
6773 2 2 10 4 3424 3595 1414
6774 2 2 10 4 1047 1049 1048
6775 2 2 10 4 2091 2493 2090
6776 2 2 10 4 1486 1617 1616
6777 2 2 10 4 1617 2225 1805
6778 2 2 10 4 1705 1706 1353
6779 2 2 10 4 3446 3907 3442
6780 2 2 10 4 322 3938 145
6781 2 2 10 4 144 3938 372
6782 2 2 10 4 2371 2372 1834
6783 2 2 10 4 2157 2375 564
6784 2 2 10 4 1065 1258 1257
6785 2 2 10 4 1956 2322 2321
6786 2 2 10 4 1824 1825 1448
6787 2 2 10 4 762 763 733
6788 2 2 10 4 1667 2030 1595
6789 2 2 10 4 1236 1494 1493
6790 2 2 10 4 2408 2461 2415
6791 2 2 10 4 2123 2124 1585
6792 2 2 10 4 1160 1212 1211
6793 2 2 10 4 1546 1586 1545
6794 2 2 10 4 1816 2274 1818
6795 2 2 10 4 1706 3616 2228
6796 2 2 10 4 3706 3822 3632
6797 2 2 10 4 1055 1057 1056
6798 2 2 10 4 1053 1055 1054
6799 2 2 10 4 1670 2177 1678
6800 2 2 10 4 2133 2307 2306
6801 2 2 10 4 1049 1051 1050
6802 2 2 10 4 1685 2032 1686
6803 2 2 10 4 1739 2152 1738
6804 2 2 10 4 1258 1708 1707
6805 2 2 10 4 454 1215 1214
6806 2 2 10 4 665 2131 2130
6807 2 2 10 4 2117 2118 2116
6808 2 2 10 4 2360 2741 2361
6809 2 2 10 4 2119 2121 2118
6810 2 2 10 4 2076 2300 2074
6811 2 2 10 4 678 679 603
6812 2 2 10 4 2274 2732 2275
6813 2 2 10 4 3576 3606 3605
6814 2 2 10 4 1246 1596 1247
6815 2 2 10 4 1298 1622 1248
6816 2 2 10 4 2081 2082 2080
6817 2 2 10 4 805 806 763
6818 2 2 10 4 2193 2440 2152
6819 2 2 10 4 1740 2100 1622
6820 2 2 10 4 2083 2150 2082
6821 2 2 10 4 2729 2730 2300
6822 2 2 10 4 3768 3825 739
6823 2 2 10 4 1215 1217 1216
6824 2 2 10 4 742 743 679
6825 2 2 10 4 1217 1219 1218
6826 2 2 10 4 3627 3812 2079
6827 2 2 10 4 2002 3682 2357
6828 2 2 10 4 856 857 806
6829 2 2 10 4 3377 3913 1097
6830 2 2 10 4 1065 3636 3509
6831 2 2 10 4 2483 4303 3585
6832 2 2 10 4 1655 3729 3728
6833 2 2 10 4 3449 3936 385
6834 2 2 10 4 1470 3605 1472
6835 2 2 10 4 1028 3558 911
6836 2 2 10 4 2211 3798 2098
6837 2 2 10 4 610 3562 608
6838 2 2 10 4 602 3551 678
6839 2 2 10 4 911 3558 913
6840 2 2 10 4 1784 3926 2332
6841 2 2 10 4 1217 3692 1220
6842 2 2 10 4 3519 3689 1484
6843 2 2 10 4 3320 3909 3541
6844 2 2 10 4 728 4409 3965
6845 2 2 10 4 337 4151 3963
6846 2 2 10 4 2645 4036 2652
6847 2 2 10 4 1062 3627 954
6848 2 2 10 4 2528 3803 2560
6849 2 2 10 4 4129 4250 582
6850 2 2 10 4 3440 3891 723
6851 2 2 10 4 2075 3669 2073
6852 2 2 10 4 4179 4230 2366
6853 2 2 10 4 689 3565 673
6854 2 2 10 4 409 3481 405
6855 2 2 10 4 1808 3650 1810
6856 2 2 10 4 388 3964 190
6857 2 2 10 4 189 3964 363
6858 2 2 10 4 2484 4217 3245
6859 2 2 10 4 1818 3884 3737
6860 2 2 10 4 124 3955 345
6861 2 2 10 4 3557 3844 1574
6862 2 2 10 4 1700 3981 2250
6863 2 2 10 4 1101 3496 1098
6864 2 2 10 4 1163 3531 1159
6865 2 2 10 4 3190 3882 2053
6866 2 2 10 4 3761 4389 1872
6867 2 2 10 4 115 3758 114
6868 2 2 10 4 2116 3642 2120
6869 2 2 10 4 3657 4406 581
6870 2 2 10 4 1454 3567 1456
6871 2 2 10 4 2189 3868 2380
6872 2 2 10 4 2978 4379 2858
6873 2 2 10 4 3725 3831 2248
6874 2 2 10 4 3675 3820 2222
6875 2 2 10 4 2222 3820 2223
6876 2 2 10 4 2592 4057 2590
6877 2 2 10 4 1237 3599 1233
6878 2 2 10 4 3711 4105 2957
6879 2 2 10 4 1457 3567 1454
6880 2 2 10 4 3478 3950 322
6881 2 2 10 4 750 3618 776
6882 2 2 10 4 3871 4297 1250
6883 2 2 10 4 3085 3773 1629
6884 2 2 10 4 821 4161 3672
6885 2 2 10 4 858 3700 806
6886 2 2 10 4 4028 4362 2941
6887 2 2 10 4 3466 3784 1076
6888 2 2 10 4 1764 4060 1766
6889 2 2 10 4 3458 3769 311
6890 2 2 10 4 287 3920 288
6891 2 2 10 4 3764 4174 2501
6892 2 2 10 4 187 4031 186
6893 2 2 10 4 2902 3867 3707
6894 2 2 10 4 2097 4412 4220
6895 2 2 10 4 613 3895 650
6896 2 2 10 4 815 3579 798
6897 2 2 10 4 3365 3778 2581
6898 2 2 10 4 3907 3935 1760
6899 2 2 10 4 557 3580 559
6900 2 2 10 4 2567 3800 2563
6901 2 2 10 4 473 3491 665
6902 2 2 10 4 621 3581 619
6903 2 2 10 4 1635 3596 1638
6904 2 2 10 4 1172 3584 1170
6905 2 2 10 4 1853 3817 3460
6906 2 2 10 4 50 3983 392
6907 2 2 10 4 366 3983 51
6908 2 2 10 4 1102 3492 1160
6909 2 2 10 4 1305 3538 1207
6910 2 2 10 4 1688 3697 733
6911 2 2 10 4 2239 4082 2040
6912 2 2 10 4 3789 3962 442
6913 2 2 10 4 2343 4209 3450
6914 2 2 10 4 598 4176 611
6915 2 2 10 4 3171 4265 2706
6916 2 2 10 4 344 3799 77
6917 2 2 10 4 883 3636 1065
6918 2 2 10 4 2289 3830 2174
6919 2 2 10 4 3849 3982 3052
6920 2 2 10 4 2488 3787 3786
6921 2 2 10 4 677 3539 606
6922 2 2 10 4 1869 4180 1870
6923 2 2 10 4 1053 3893 3503
6924 2 2 10 4 1414 3595 1416
6925 2 2 10 4 651 3594 614
6926 2 2 10 4 518 3589 502
6927 2 2 10 4 468 3590 466
6928 2 2 10 4 1255 3968 3043
6929 2 2 10 4 1964 3593 1962
6930 2 2 10 4 3133 4307 3101
6931 2 2 10 4 3427 3683 2567
6932 2 2 10 4 3622 3954 1241
6933 2 2 10 4 1274 3629 1265
6934 2 2 10 4 3257 4385 3313
6935 2 2 10 4 3314 3782 2186
6936 2 2 10 4 1887 4098 1886
6937 2 2 10 4 1265 3629 1623
6938 2 2 10 4 1233 3599 1562
6939 2 2 10 4 3461 3906 2286
6940 2 2 10 4 3206 4269 3207
6941 2 2 10 4 1241 3677 3622
6942 2 2 10 4 4027 4245 3729
6943 2 2 10 4 3030 4371 1683
6944 2 2 10 4 929 3601 931
6945 2 2 10 4 370 4014 164
6946 2 2 10 4 163 4014 306
6947 2 2 10 4 2106 3517 2773
6948 2 2 10 4 340 4131 3752
6949 2 2 10 4 338 3818 2723
6950 2 2 10 4 423 3680 421
6951 2 2 10 4 2001 4209 2343
6952 2 2 10 4 2526 3803 2528
6953 2 2 10 4 1890 4293 4052
6954 2 2 10 4 1631 3710 1630
6955 2 2 10 4 2012 3779 2025
6956 2 2 10 4 288 3920 573
6957 2 2 10 4 1623 3599 1237
6958 2 2 10 4 1670 3686 2178
6959 2 2 10 4 3786 3787 3037
6960 2 2 10 4 3230 3908 3646
6961 2 2 10 4 1962 3593 2252
6962 2 2 10 4 728 3546 726
6963 2 2 10 4 2127 3678 1545
6964 2 2 10 4 2014 3779 2012
6965 2 2 10 4 1640 3611 1642
6966 2 2 10 4 3401 4126 3402
6967 2 2 10 4 1466 3610 1468
6968 2 2 10 4 2594 4158 2610
6969 2 2 10 4 608 3562 677
6970 2 2 10 4 2661 4372 3473
6971 2 2 10 4 735 4309 4063
6972 2 2 10 4 466 3590 1032
6973 2 2 10 4 2399 3612 2397
6974 2 2 10 4 3597 4261 3397
6975 2 2 10 4 1066 3639 891
6976 2 2 10 4 2825 3850 2826
6977 2 2 10 4 1085 3566 1739
6978 2 2 10 4 3455 4045 382
6979 2 2 10 4 761 3928 709
6980 2 2 10 4 3319 4124 3320
6981 2 2 10 4 563 3617 567
6982 2 2 10 4 2263 3828 2266
6983 2 2 10 4 2285 4155 3056
6984 2 2 10 4 2258 4127 2436
6985 2 2 10 4 2494 3676 2090
6986 2 2 10 4 673 3565 3226
6987 2 2 10 4 820 4282 3194
6988 2 2 10 4 830 3621 828
6989 2 2 10 4 966 3601 929
6990 2 2 10 4 1860 4134 1861
6991 2 2 10 4 2455 4407 3543
6992 2 2 10 4 432 4013 436
6993 2 2 10 4 2941 4362 2622
6994 2 2 10 4 2279 3960 2176
6995 2 2 10 4 1717 3905 1303
6996 2 2 10 4 1067 3641 793
6997 2 2 10 4 3650 4219 346
6998 2 2 10 4 1948 4148 1949
6999 2 2 10 4 2907 3577 2322
7000 2 2 10 4 1493 3571 1235
7001 2 2 10 4 1841 3545 1579
7002 2 2 10 4 914 3627 2079
7003 2 2 10 4 1420 3625 1422
7004 2 2 10 4 2261 3835 3719
7005 2 2 10 4 3261 4192 2960
7006 2 2 10 4 2456 4202 3649
7007 2 2 10 4 2864 4387 2866
7008 2 2 10 4 3901 4151 337
7009 2 2 10 4 4323 4414 1390
7010 2 2 10 4 2018 3633 2016
7011 2 2 10 4 667 3693 646
7012 2 2 10 4 666 3970 3210
7013 2 2 10 4 1522 3767 1330
7014 2 2 10 4 938 3719 894
7015 2 2 10 4 1374 3631 1462
7016 2 2 10 4 3333 4166 3334
7017 2 2 10 4 2728 4166 2272
7018 2 2 10 4 2746 4192 2625
7019 2 2 10 4 1775 3856 1763
7020 2 2 10 4 3539 3551 604
7021 2 2 10 4 1862 4141 3429
7022 2 2 10 4 3158 4184 986
7023 2 2 10 4 522 3640 520
7024 2 2 10 4 1761 3710 1631
7025 2 2 10 4 2596 4175 2593
7026 2 2 10 4 437 3638 434
7027 2 2 10 4 1352 3574 1705
7028 2 2 10 4 2556 4177 2554
7029 2 2 10 4 3785 4081 2731
7030 2 2 10 4 1548 3619 1546
7031 2 2 10 4 1046 3549 796
7032 2 2 10 4 1813 4125 1758
7033 2 2 10 4 2034 3772 2213
7034 2 2 10 4 2896 4350 2897
7035 2 2 10 4 1223 3690 1227
7036 2 2 10 4 3016 4032 2229
7037 2 2 10 4 3023 4181 1089
7038 2 2 10 4 2397 3612 2408
7039 2 2 10 4 1182 3646 1180
7040 2 2 10 4 1585 3610 1466
7041 2 2 10 4 2715 4070 2716
7042 2 2 10 4 1442 3725 1453
7043 2 2 10 4 720 3552 723
7044 2 2 10 4 364 4074 135
7045 2 2 10 4 134 4074 391
7046 2 2 10 4 94 4171 93
7047 2 2 10 4 233 4398 4023
7048 2 2 10 4 732 3900 3436
7049 2 2 10 4 1287 3716 1320
7050 2 2 10 4 2166 3939 2127
7051 2 2 10 4 1411 3630 1461
7052 2 2 10 4 2944 4161 821
7053 2 2 10 4 1240 3545 3058
7054 2 2 10 4 2977 4375 2824
7055 2 2 10 4 1910 3649 1633
7056 2 2 10 4 2967 4346 2035
7057 2 2 10 4 616 3730 599
7058 2 2 10 4 3224 4213 3225
7059 2 2 10 4 1724 3608 2097
7060 2 2 10 4 1834 3718 1835
7061 2 2 10 4 564 3617 563
7062 2 2 10 4 2049 3537 2191
7063 2 2 10 4 838 3653 833
7064 2 2 10 4 4396 4432 2874
7065 2 2 10 4 3642 4365 3209
7066 2 2 10 4 2404 3654 2401
7067 2 2 10 4 773 3784 758
7068 2 2 10 4 2884 4190 2290
7069 2 2 10 4 2485 4227 2109
7070 2 2 10 4 886 3732 910
7071 2 2 10 4 1126 3854 2937
7072 2 2 10 4 477 3658 475
7073 2 2 10 4 1898 4228 1896
7074 2 2 10 4 569 3657 571
7075 2 2 10 4 1786 4402 2358
7076 2 2 10 4 1188 3662 1186
7077 2 2 10 4 4055 4405 275
7078 2 2 10 4 1106 3660 1104
7079 2 2 10 4 659 3661 657
7080 2 2 10 4 4155 4390 3389
7081 2 2 10 4 1336 3652 1563
7082 2 2 10 4 2022 3664 2020
7083 2 2 10 4 2328 4293 2991
7084 2 2 10 4 3473 4348 2665
7085 2 2 10 4 424 3794 426
7086 2 2 10 4 1387 3667 1389
7087 2 2 10 4 2382 3715 2486
7088 2 2 10 4 1653 3685 1682
7089 2 2 10 4 2192 4249 1998
7090 2 2 10 4 1542 3678 1540
7091 2 2 10 4 2085 3692 1215
7092 2 2 10 4 4073 4417 244
7093 2 2 10 4 1424 3668 1426
7094 2 2 10 4 2087 3676 1652
7095 2 2 10 4 766 3900 732
7096 2 2 10 4 359 4080 126
7097 2 2 10 4 2576 4263 2575
7098 2 2 10 4 3178 4416 3179
7099 2 2 10 4 798 3579 1046
7100 2 2 10 4 1170 3584 3373
7101 2 2 10 4 1800 4216 2070
7102 2 2 10 4 1306 3865 1305
7103 2 2 10 4 619 3581 3420
7104 2 2 10 4 1070 3588 856
7105 2 2 10 4 714 3739 717
7106 2 2 10 4 448 3698 446
7107 2 2 10 4 441 3677 439
7108 2 2 10 4 2304 4288 2301
7109 2 2 10 4 663 3670 661
7110 2 2 10 4 2424 4264 2965
7111 2 2 10 4 1074 3580 557
7112 2 2 10 4 1975 3681 1973
7113 2 2 10 4 1448 3625 1420
7114 2 2 10 4 2598 4299 2596
7115 2 2 10 4 3695 3720 1996
7116 2 2 10 4 3352 4311 2820
7117 2 2 10 4 481 3684 479
7118 2 2 10 4 1110 3687 1108
7119 2 2 10 4 1663 3652 1336
7120 2 2 10 4 3866 3902 3049
7121 2 2 10 4 3694 4099 3508
7122 2 2 10 4 2347 4324 2333
7123 2 2 10 4 1052 3620 465
7124 2 2 10 4 1649 3744 1655
7125 2 2 10 4 2317 4011 1959
7126 2 2 10 4 913 3558 928
7127 2 2 10 4 1064 3562 610
7128 2 2 10 4 3585 4377 2472
7129 2 2 10 4 1725 3793 2373
7130 2 2 10 4 1457 3897 3567
7131 2 2 10 4 1127 3854 1126
7132 2 2 10 4 244 4417 3126
7133 2 2 10 4 1916 4214 3328
7134 2 2 10 4 3519 3868 2189
7135 2 2 10 4 2029 4330 2027
7136 2 2 10 4 776 4086 777
7137 2 2 10 4 1392 3679 1394
7138 2 2 10 4 2628 3843 2626
7139 2 2 10 4 763 3700 1688
7140 2 2 10 4 1287 3790 3716
7141 2 2 10 4 3163 4088 2145
7142 2 2 10 4 2296 3852 2267
7143 2 2 10 4 3515 3733 1221
7144 2 2 10 4 4061 4422 2873
7145 2 2 10 4 3442 3907 3444
7146 2 2 10 4 137 4217 136
7147 2 2 10 4 614 3594 1064
7148 2 2 10 4 2745 4147 2279
7149 2 2 10 4 693 3565 689
7150 2 2 10 4 434 3638 454
7151 2 2 10 4 2524 4163 2526
7152 2 2 10 4 3688 4167 3191
7153 2 2 10 4 3796 4237 2319
7154 2 2 10 4 3852 3895 684
7155 2 2 10 4 2195 3973 3748
7156 2 2 10 4 404 4053 406
7157 2 2 10 4 325 3801 95
7158 2 2 10 4 154 4130 312
7159 2 2 10 4 375 4130 155
7160 2 2 10 4 499 3663 501
7161 2 2 10 4 3921 4277 1831
7162 2 2 10 4 3245 4217 137
7163 2 2 10 4 1428 3689 1430
7164 2 2 10 4 2539 3916 3439
7165 2 2 10 4 167 4430 166
7166 2 2 10 4 2979 4030 964
7167 2 2 10 4 1079 3731 1030
7168 2 2 10 4 26 3795 25
7169 2 2 10 4 1476 3686 1480
7170 2 2 10 4 1456 3567 1465
7171 2 2 10 4 2543 3810 2542
7172 2 2 10 4 2508 4364 3468
7173 2 2 10 4 1720 4273 1882
7174 2 2 10 4 809 3721 816
7175 2 2 10 4 3237 4111 2259
7176 2 2 10 4 3590 3893 1032
7177 2 2 10 4 2858 4379 3923
7178 2 2 10 4 1211 3496 1101
7179 2 2 10 4 1855 3817 1853
7180 2 2 10 4 1315 4052 1725
7181 2 2 10 4 2558 3916 2537
7182 2 2 10 4 1950 4333 3425
7183 2 2 10 4 275 4405 3147
7184 2 2 10 4 3473 4372 2926
7185 2 2 10 4 1760 3619 1548
7186 2 2 10 4 133 4347 132
7187 2 2 10 4 2749 3940 2757
7188 2 2 10 4 1810 3650 2371
7189 2 2 10 4 3589 3663 502
7190 2 2 10 4 3450 4008 2343
7191 2 2 10 4 2261 4071 3148
7192 2 2 10 4 2374 3738 2134
7193 2 2 10 4 3729 4245 2366
7194 2 2 10 4 2355 3792 2356
7195 2 2 10 4 2416 4114 3130
7196 2 2 10 4 843 4317 3134
7197 2 2 10 4 4014 4288 306
7198 2 2 10 4 3107 4098 2339
7199 2 2 10 4 2134 3738 2133
7200 2 2 10 4 857 3588 907
7201 2 2 10 4 3069 3956 2160
7202 2 2 10 4 2239 3945 3674
7203 2 2 10 4 1798 4233 1799
7204 2 2 10 4 1192 3696 1190
7205 2 2 10 4 3367 4361 3092
7206 2 2 10 4 2157 3759 2375
7207 2 2 10 4 3541 3909 369
7208 2 2 10 4 105 3838 352
7209 2 2 10 4 2674 4372 2663
7210 2 2 10 4 1728 3611 1640
7211 2 2 10 4 3069 4168 339
7212 2 2 10 4 2894 3855 2893
7213 2 2 10 4 1028 3903 3558
7214 2 2 10 4 680 3697 663
7215 2 2 10 4 3513 3887 3458
7216 2 2 10 4 1303 4326 1606
7217 2 2 10 4 864 3579 815
7218 2 2 10 4 1285 3790 1287
7219 2 2 10 4 2146 3608 1724
7220 2 2 10 4 3363 4079 1383
7221 2 2 10 4 559 3580 562
7222 2 2 10 4 3107 4398 233
7223 2 2 10 4 695 3581 621
7224 2 2 10 4 2072 3754 1523
7225 2 2 10 4 2414 3788 2413
7226 2 2 10 4 2383 3607 1833
7227 2 2 10 4 723 3891 724
7228 2 2 10 4 1186 3662 1203
7229 2 2 10 4 1202 3584 1172
7230 2 2 10 4 3047 3860 3055
7231 2 2 10 4 3174 3717 3175
7232 2 2 10 4 2515 4048 330
7233 2 2 10 4 1638 3596 1728
7234 2 2 10 4 3220 4358 3493
7235 2 2 10 4 1462 4315 4212
7236 2 2 10 4 446 3704 443
7237 2 2 10 4 728 3965 3546
7238 2 2 10 4 847 3717 825
7239 2 2 10 4 2536 3528 2587
7240 2 2 10 4 3361 4188 2724
7241 2 2 10 4 828 3621 864
7242 2 2 10 4 535 3706 531
7243 2 2 10 4 1479 3605 1470
7244 2 2 10 4 165 3813 370
7245 2 2 10 4 2679 4206 2666
7246 2 2 10 4 430 4289 3166
7247 2 2 10 4 595 3930 671
7248 2 2 10 4 3413 4424 3412
7249 2 2 10 4 1416 3595 1419
7250 2 2 10 4 3209 4239 3642
7251 2 2 10 4 2269 3816 1899
7252 2 2 10 4 2231 3616 1706
7253 2 2 10 4 2911 4132 3546
7254 2 2 10 4 1071 3589 518
7255 2 2 10 4 3408 3808 314
7256 2 2 10 4 666 3594 651
7257 2 2 10 4 472 3590 468
7258 2 2 10 4 2571 4270 3743
7259 2 2 10 4 2024 3779 2014
7260 2 2 10 4 3413 3937 2244
7261 2 2 10 4 127 4426 359
7262 2 2 10 4 387 4426 128
7263 2 2 10 4 1969 3593 1964
7264 2 2 10 4 1768 3695 1996
7265 2 2 10 4 626 3944 624
7266 2 2 10 4 1684 3646 1185
7267 2 2 10 4 529 3802 527
7268 2 2 10 4 319 4008 13
7269 2 2 10 4 12 4008 3450
7270 2 2 10 4 3005 3929 3004
7271 2 2 10 4 3005 4256 3929
7272 2 2 10 4 931 3601 1778
7273 2 2 10 4 1583 3613 2063
7274 2 2 10 4 1540 3678 1746
7275 2 2 10 4 1546 3619 1586
7276 2 2 10 4 2016 3633 2024
7277 2 2 10 4 1655 3728 1651
7278 2 2 10 4 360 4279 86
7279 2 2 10 4 1109 3875 1111
7280 2 2 10 4 445 4221 3756
7281 2 2 10 4 1690 3740 1271
7282 2 2 10 4 485 3712 483
7283 2 2 10 4 55 4358 358
7284 2 2 10 4 3560 4104 2700
7285 2 2 10 4 3771 4327 2418
7286 2 2 10 4 1968 4150 3228
7287 2 2 10 4 4012 4344 321
7288 2 2 10 4 85 4279 3015
7289 2 2 10 4 3640 3675 1071
7290 2 2 10 4 752 3618 750
7291 2 2 10 4 1654 3685 1653
7292 2 2 10 4 520 3640 1071
7293 2 2 10 4 3005 4368 4256
7294 2 2 10 4 3578 3644 2193
7295 2 2 10 4 1773 3824 1912
7296 2 2 10 4 1707 3645 1787
7297 2 2 10 4 1642 3611 2105
7298 2 2 10 4 3749 4154 2716
7299 2 2 10 4 2610 4135 3326
7300 2 2 10 4 1468 3610 1479
7301 2 2 10 4 1995 3647 1667
7302 2 2 10 4 2197 4010 3122
7303 2 2 10 4 2151 3796 2349
7304 2 2 10 4 740 3680 423
7305 2 2 10 4 2169 4100 2320
7306 2 2 10 4 1194 3713 1192
7307 2 2 10 4 2321 3645 1708
7308 2 2 10 4 1990 4077 3524
7309 2 2 10 4 24 4034 381
7310 2 2 10 4 2403 3612 2399
7311 2 2 10 4 3143 3827 3204
7312 2 2 10 4 3618 3979 2999
7313 2 2 10 4 961 3757 1337
7314 2 2 10 4 856 3588 857
7315 2 2 10 4 4224 4228 1902
7316 2 2 10 4 3501 3991 3500
7317 2 2 10 4 753 3890 550
7318 2 2 10 4 2290 3805 3498
7319 2 2 10 4 31 3815 30
7320 2 2 10 4 115 3963 3758
7321 2 2 10 4 2098 4101 2455
7322 2 2 10 4 567 3617 1073
7323 2 2 10 4 1980 3806 1978
7324 2 2 10 4 1146 3861 1152
7325 2 2 10 4 2118 3642 2116
7326 2 2 10 4 2130 3590 472
7327 2 2 10 4 822 4075 2719
7328 2 2 10 4 3150 3921 2990
7329 2 2 10 4 3116 3682 2002
7330 2 2 10 4 1588 3785 1659
7331 2 2 10 4 1072 3621 830
7332 2 2 10 4 1633 3649 1761
7333 2 2 10 4 1818 3737 1665
7334 2 2 10 4 679 3780 2145
7335 2 2 10 4 1396 3727 1398
7336 2 2 10 4 2312 3917 3507
7337 2 2 10 4 3203 4015 1288
7338 2 2 10 4 1154 3726 1151
7339 2 2 10 4 3195 4047 2228
7340 2 2 10 4 1563 4258 962
7341 2 2 10 4 1419 3595 1824
7342 2 2 10 4 758 3784 760
7343 2 2 10 4 1422 3625 1444
7344 2 2 10 4 1432 3734 1434
7345 2 2 10 4 1652 3744 1647
7346 2 2 10 4 1755 3659 1681
7347 2 2 10 4 475 3658 3491
7348 2 2 10 4 29 4064 380
7349 2 2 10 4 833 3653 1072
7350 2 2 10 4 2401 3654 2403
7351 2 2 10 4 686 3736 708
7352 2 2 10 4 1465 3567 2123
7353 2 2 10 4 2759 3633 2018
7354 2 2 10 4 2507 4003 3157
7355 2 2 10 4 2967 3545 1841
7356 2 2 10 4 4105 4276 2957
7357 2 2 10 4 1073 3657 569
7358 2 2 10 4 1104 3660 3492
7359 2 2 10 4 928 3558 2115
7360 2 2 10 4 573 3920 3561
7361 2 2 10 4 562 3580 2157
7362 2 2 10 4 799 3640 522
7363 2 2 10 4 2160 3956 3200
7364 2 2 10 4 657 3661 1075
7365 2 2 10 4 3583 3798 2211
7366 2 2 10 4 2020 3664 2759
7367 2 2 10 4 1241 3638 437
7368 2 2 10 4 781 3693 667
7369 2 2 10 4 3366 4115 2237
7370 2 2 10 4 3403 4231 3409
7371 2 2 10 4 2261 3719 938
7372 2 2 10 4 3405 4012 321
7373 2 2 10 4 3156 4035 3232
7374 2 2 10 4 2009 3671 1068
7375 2 2 10 4 626 4419 3944
7376 2 2 10 4 1444 3668 1424
7377 2 2 10 4 986 4184 515
7378 2 2 10 4 1185 3646 1182
7379 2 2 10 4 1390 3667 1387
7380 2 2 10 4 1255 3797 919
7381 2 2 10 4 1242 3942 3240
7382 2 2 10 4 2174 3830 3248
7383 2 2 10 4 2640 3867 3305
7384 2 2 10 4 1017 3797 3461
7385 2 2 10 4 1945 3829 3532
7386 2 2 10 4 1227 3690 1236
7387 2 2 10 4 112 3826 111
7388 2 2 10 4 575 3742 537
7389 2 2 10 4 3975 4172 3929
7390 2 2 10 4 1847 3673 1845
7391 2 2 10 4 3603 4036 2643
7392 2 2 10 4 3134 4334 843
7393 2 2 10 4 1733 3737 2209
7394 2 2 10 4 1214 3768 433
7395 2 2 10 4 1453 3725 2248
7396 2 2 10 4 2456 3649 1910
7397 2 2 10 4 3377 4292 3913
7398 2 2 10 4 1076 3784 773
7399 2 2 10 4 3274 4204 1693
7400 2 2 10 4 2582 3683 3427
7401 2 2 10 4 1708 3645 1707
7402 2 2 10 4 2193 3644 2440
7403 2 2 10 4 2413 3654 2404
7404 2 2 10 4 3674 4164 2782
7405 2 2 10 4 1153 3848 1121
7406 2 2 10 4 2780 4118 3924
7407 2 2 10 4 2838 4370 2419
7408 2 2 10 4 439 3677 1241
7409 2 2 10 4 1667 3647 2030
7410 2 2 10 4 904 3653 838
7411 2 2 10 4 307 4186 3139
7412 2 2 10 4 513 3658 477
7413 2 2 10 4 676 3703 3661
7414 2 2 10 4 1997 3817 1855
7415 2 2 10 4 571 3657 581
7416 2 2 10 4 1671 3730 616
7417 2 2 10 4 2385 3832 2499
7418 2 2 10 4 2283 4354 4304
7419 2 2 10 4 2730 4194 2300
7420 2 2 10 4 1210 3662 1188
7421 2 2 10 4 1973 3681 1976
7422 2 2 10 4 1148 3660 1106
7423 2 2 10 4 676 3661 659
7424 2 2 10 4 2273 3664 2022
7425 2 2 10 4 2827 4049 3954
7426 2 2 10 4 910 3732 2241
7427 2 2 10 4 1808 3659 3650
7428 2 2 10 4 479 3684 513
7429 2 2 10 4 2032 3741 2034
7430 2 2 10 4 1681 3659 1808
7431 2 2 10 4 2361 3770 1776
7432 2 2 10 4 560 4272 558
7433 2 2 10 4 2906 4200 2007
7434 2 2 10 4 661 3670 676
7435 2 2 10 4 1350 3968 923
7436 2 2 10 4 1108 3687 1148
7437 2 2 10 4 1389 3667 1483
7438 2 2 10 4 2691 4408 2693
7439 2 2 10 4 1426 3668 1484
7440 2 2 10 4 3129 4001 3128
7441 2 2 10 4 1545 3678 1542
7442 2 2 10 4 1682 3685 1868
7443 2 2 10 4 1737 3691 1672
7444 2 2 10 4 1954 3785 1588
7445 2 2 10 4 3225 4062 3475
7446 2 2 10 4 1051 3740 1618
7447 2 2 10 4 2090 3676 2087
7448 2 2 10 4 1300 3754 1690
7449 2 2 10 4 1083 3747 1081
7450 2 2 10 4 2589 3871 3348
7451 2 2 10 4 1845 3673 1954
7452 2 2 10 4 859 4183 2689
7453 2 2 10 4 1068 3671 2114
7454 2 2 10 4 460 3677 441
7455 2 2 10 4 2354 3691 1737
7456 2 2 10 4 701 3698 448
7457 2 2 10 4 3150 3673 1847
7458 2 2 10 4 2678 4073 3486
7459 2 2 10 4 3763 3764 741
7460 2 2 10 4 382 4117 8
7461 2 2 10 4 1988 3681 1975
7462 2 2 10 4 2369 3659 1755
7463 2 2 10 4 1251 3684 481
7464 2 2 10 4 1483 3679 1392
7465 2 2 10 4 1204 3750 1196
7466 2 2 10 4 2728 4430 4166
7467 2 2 10 4 717 3739 1661
7468 2 2 10 4 1212 3737 1733
7469 2 2 10 4 1787 3645 2791
7470 2 2 10 4 1478 3686 1476
7471 2 2 10 4 1242 3687 1110
7472 2 2 10 4 2427 3671 2009
7473 2 2 10 4 1215 3692 1217
7474 2 2 10 4 1219 3733 1223
7475 2 2 10 4 692 3845 693
7476 2 2 10 4 1484 3689 1428
7477 2 2 10 4 1672 3691 1673
7478 2 2 10 4 2262 4042 4037
7479 2 2 10 4 1268 3746 1070
7480 2 2 10 4 3702 4044 1688
7481 2 2 10 4 3598 3885 2048
7482 2 2 10 4 2791 4400 3116
7483 2 2 10 4 3945 4053 1256
7484 2 2 10 4 2063 3695 1768
7485 2 2 10 4 918 3797 1017
7486 2 2 10 4 2414 4413 3130
7487 2 2 10 4 1394 3679 1405
7488 2 2 10 4 3698 3705 3704
7489 2 2 10 4 3701 4010 2198
7490 2 2 10 4 2415 3771 2396
7491 2 2 10 4 646 3751 644
7492 2 2 10 4 3642 4239 2120
7493 2 2 10 4 1097 3913 1094
7494 2 2 10 4 1480 3686 1670
7495 2 2 10 4 1574 3844 542
7496 2 2 10 4 1430 3689 1438
7497 2 2 10 4 919 3797 918
7498 2 2 10 4 3204 4009 319
7499 2 2 10 4 3543 4141 2455
7500 2 2 10 4 2318 4284 2828
7501 2 2 10 4 1436 3755 1439
7502 2 2 10 4 2655 4271 2972
7503 2 2 10 4 1190 3696 1210
7504 2 2 10 4 2386 4268 4112
7505 2 2 10 4 806 3700 763
7506 2 2 10 4 2372 3718 1834
7507 2 2 10 4 3376 4162 2069
7508 2 2 10 4 2053 3882 2051
7509 2 2 10 4 3644 3722 2440
7510 2 2 10 4 733 3697 680
7511 2 2 10 4 4107 4235 2427
7512 2 2 10 4 2135 3967 1617
7513 2 2 10 4 3428 4055 544
7514 2 2 10 4 2580 4055 3428
7515 2 2 10 4 443 3704 460
7516 2 2 10 4 343 4068 3577
7517 2 2 10 4 907 3757 895
7518 2 2 10 4 907 4047 3195
7519 2 2 10 4 531 3706 533
7520 2 2 10 4 1245 3706 535
7521 2 2 10 4 3443 3948 3447
7522 2 2 10 4 4209 4381 350
7523 2 2 10 4 2320 4309 2168
7524 2 2 10 4 3520 4409 3891
7525 2 2 10 4 533 3802 529
7526 2 2 10 4 3450 4209 350
7527 2 2 10 4 875 3717 847
7528 2 2 10 4 32 4186 307
7529 2 2 10 4 385 4186 33
7530 2 2 10 4 2416 4413 2407
7531 2 2 10 4 3211 4242 3851
7532 2 2 10 4 743 3780 679
7533 2 2 10 4 258 3842 259
7534 2 2 10 4 1502 3731 1079
7535 2 2 10 4 2030 3814 2141
7536 2 2 10 4 2035 4346 3133
7537 2 2 10 4 3058 3941 973
7538 2 2 10 4 506 3712 485
7539 2 2 10 4 374 4383 3408
7540 2 2 10 4 3493 4358 56
7541 2 2 10 4 3676 3744 1652
7542 2 2 10 4 3474 4236 2498
7543 2 2 10 4 816 3721 1047
7544 2 2 10 4 483 3712 1251
7545 2 2 10 4 2851 4280 2852
7546 2 2 10 4 825 3717 3174
7547 2 2 10 4 3180 4312 324
7548 2 2 10 4 412 3899 414
7549 2 2 10 4 2586 3791 2566
7550 2 2 10 4 3227 4349 3028
7551 2 2 10 4 2225 4226 3053
7552 2 2 10 4 1198 3713 1194
7553 2 2 10 4 553 3890 1074
7554 2 2 10 4 1145 3809 1143
7555 2 2 10 4 2133 3738 2307
7556 2 2 10 4 1248 3726 1154
7557 2 2 10 4 3741 3772 2034
7558 2 2 10 4 1978 3806 1988
7559 2 2 10 4 708 3736 1246
7560 2 2 10 4 1713 3765 1025
7561 2 2 10 4 1434 3734 1485
7562 2 2 10 4 2048 3885 1817
7563 2 2 10 4 421 3763 419
7564 2 2 10 4 2302 4230 3159
7565 2 2 10 4 603 3742 575
7566 2 2 10 4 1405 3727 1396
7567 2 2 10 4 2214 3892 3050
7568 2 2 10 4 1651 3728 1654
7569 2 2 10 4 1151 3726 1175
7570 2 2 10 4 1353 3746 1268
7571 2 2 10 4 1738 3747 1083
7572 2 2 10 4 1223 3733 3690
7573 2 2 10 4 1665 3737 1212
7574 2 2 10 4 1221 3733 1219
7575 2 2 10 4 705 3736 686
7576 2 2 10 4 1595 3750 1204
7577 2 2 10 4 3284 3858 1946
7578 2 2 10 4 1438 3734 1432
7579 2 2 10 4 1439 3755 1486
7580 2 2 10 4 158 3846 308
7581 2 2 10 4 3567 3897 2123
7582 2 2 10 4 431 3768 739
7583 2 2 10 4 2406 4413 2414
7584 2 2 10 4 2357 3915 1788
7585 2 2 10 4 4122 4350 2896
7586 2 2 10 4 3134 4317 2099
7587 2 2 10 4 2104 4399 3508
7588 2 2 10 4 2079 3812 2081
7589 2 2 10 4 3101 4307 2327
7590 2 2 10 4 1763 3856 1762
7591 2 2 10 4 1025 3765 974
7592 2 2 10 4 527 3840 525
7593 2 2 10 4 2130 3893 3590
7594 2 2 10 4 525 3840 799
7595 2 2 10 4 2343 4009 2041
7596 2 2 10 4 875 3957 3717
7597 2 2 10 4 1299 3776 1167
7598 2 2 10 4 2251 4076 2935
7599 2 2 10 4 461 3766 458
7600 2 2 10 4 537 3742 1245
7601 2 2 10 4 2167 3741 2032
7602 2 2 10 4 1271 3740 1051
7603 2 2 10 4 1509 3770 1793
7604 2 2 10 4 409 4361 3367
7605 2 2 10 4 1774 3862 1871
7606 2 2 10 4 1647 3744 1649
7607 2 2 10 4 1534 4203 3002
7608 2 2 10 4 1957 3988 1514
7609 2 2 10 4 2305 3914 3203
7610 2 2 10 4 1081 3747 1502
7611 2 2 10 4 2196 3973 2195
7612 2 2 10 4 377 3847 3407
7613 2 2 10 4 2963 3972 1869
7614 2 2 10 4 3577 4068 2321
7615 2 2 10 4 1742 3866 2094
7616 2 2 10 4 1088 3953 1091
7617 2 2 10 4 711 3928 3739
7618 2 2 10 4 1196 3750 1198
7619 2 2 10 4 2517 3869 2520
7620 2 2 10 4 2329 4173 2276
7621 2 2 10 4 1174 3908 1202
7622 2 2 10 4 644 3751 704
7623 2 2 10 4 323 4179 3118
7624 2 2 10 4 2394 3771 2418
7625 2 2 10 4 2722 4224 2515
7626 2 2 10 4 1485 3755 1436
7627 2 2 10 4 2770 4232 2711
7628 2 2 10 4 761 4085 3928
7629 2 2 10 4 1175 3809 1145
7630 2 2 10 4 1500 3988 1538
7631 2 2 10 4 1523 3754 1300
7632 2 2 10 4 419 3763 741
7633 2 2 10 4 3486 4073 534
7634 2 2 10 4 3832 4257 331
7635 2 2 10 4 3361 3872 2111
7636 2 2 10 4 1167 3776 1163
7637 2 2 10 4 458 3766 702
7638 2 2 10 4 3852 4094 2267
7639 2 2 10 4 360 4185 2981
7640 2 2 10 4 3560 4410 3559
7641 2 2 10 4 974 3765 1249
7642 2 2 10 4 895 3757 961
7643 2 2 10 4 2789 3933 2788
7644 2 2 10 4 1139 3951 1141
7645 2 2 10 4 3647 4247 2860
7646 2 2 10 4 2396 3771 2394
7647 2 2 10 4 804 3898 411
7648 2 2 10 4 3555 4221 445
7649 2 2 10 4 2985 4072 3845
7650 2 2 10 4 3545 3941 3058
7651 2 2 10 4 433 3768 431
7652 2 2 10 4 2573 3873 2564
7653 2 2 10 4 3936 4215 385
7654 2 2 10 4 1776 3770 1509
7655 2 2 10 4 2430 3874 1999
7656 2 2 10 4 3558 3903 2115
7657 2 2 10 4 2362 4267 2163
7658 2 2 10 4 3224 4393 4213
7659 2 2 10 4 601 4176 598
7660 2 2 10 4 2775 4335 2433
7661 2 2 10 4 3777 4175 2596
7662 2 2 10 4 2984 4040 2986
7663 2 2 10 4 3145 3926 1784
7664 2 2 10 4 2423 3877 3275
7665 2 2 10 4 2247 3879 2245
7666 2 2 10 4 3680 3763 421
7667 2 2 10 4 2292 3864 2456
7668 2 2 10 4 3739 3928 2352
7669 2 2 10 4 3259 4164 3674
7670 2 2 10 4 3227 3829 1945
7671 2 2 10 4 757 4339 3008
7672 2 2 10 4 112 4043 3826
7673 2 2 10 4 3698 3704 446
7674 2 2 10 4 663 3697 3670
7675 2 2 10 4 2329 4148 3185
7676 2 2 10 4 2811 4194 971
7677 2 2 10 4 2596 4299 3777
7678 2 2 10 4 2443 3881 2166
7679 2 2 10 4 1602 3883 1794
7680 2 2 10 4 2852 4182 2853
7681 2 2 10 4 2506 4003 2507
7682 2 2 10 4 2099 4317 1069
7683 2 2 10 4 1136 4106 1133
7684 2 2 10 4 1677 3887 3205
7685 2 2 10 4 2919 4095 3788
7686 2 2 10 4 2955 4061 1200
7687 2 2 10 4 3693 3751 646
7688 2 2 10 4 3025 3864 2294
7689 2 2 10 4 438 3978 868
7690 2 2 10 4 3311 3889 3312
7691 2 2 10 4 2007 3859 1982
7692 2 2 10 4 697 3845 692
7693 2 2 10 4 2327 4307 3919
7694 2 2 10 4 2772 3878 2359
7695 2 2 10 4 3166 4042 2264
7696 2 2 10 4 1421 3980 1418
7697 2 2 10 4 2278 3901 2091
7698 2 2 10 4 3628 3933 2789
7699 2 2 10 4 487 3837 506
7700 2 2 10 4 558 4272 584
7701 2 2 10 4 2537 3916 2539
7702 2 2 10 4 2122 4365 3642
7703 2 2 10 4 4220 4412 3027
7704 2 2 10 4 2331 4034 3795
7705 2 2 10 4 489 3837 487
7706 2 2 10 4 1257 3823 982
7707 2 2 10 4 2457 4393 3224
7708 2 2 10 4 2378 3930 3730
7709 2 2 10 4 3366 4220 4115
7710 2 2 10 4 3730 3930 597
7711 2 2 10 4 428 4289 430
7712 2 2 10 4 3081 4211 3080
7713 2 2 10 4 3717 3957 3175
7714 2 2 10 4 1131 4096 1130
7715 2 2 10 4 2388 4382 3505
7716 2 2 10 4 3752 4131 3283
7717 2 2 10 4 2514 4012 3405
7718 2 2 10 4 653 3970 666
7719 2 2 10 4 1362 3958 1364
7720 2 2 10 4 1070 3746 3588
7721 2 2 10 4 1192 3713 3696
7722 2 2 10 4 2315 4053 3945
7723 2 2 10 4 3647 3814 2030
7724 2 2 10 4 2294 3864 2292
7725 2 2 10 4 2353 3902 1743
7726 2 2 10 4 2507 3852 2296
7727 2 2 10 4 2190 3836 3098
7728 2 2 10 4 4023 4208 615
7729 2 2 10 4 3128 4001 3095
7730 2 2 10 4 3424 3996 3595
7731 2 2 10 4 550 3890 553
7732 2 2 10 4 2039 4082 3223
7733 2 2 10 4 2306 4039 2131
7734 2 2 10 4 740 3807 3680
7735 2 2 10 4 3761 3774 744
7736 2 2 10 4 1163 3776 3531
7737 2 2 10 4 3623 4391 2324
7738 2 2 10 4 1982 3859 1980
7739 2 2 10 4 1616 3831 1458
7740 2 2 10 4 2703 4399 3600
7741 2 2 10 4 3454 3851 379
7742 2 2 10 4 4392 4419 699
7743 2 2 10 4 3374 4354 2150
7744 2 2 10 4 3833 4031 187
7745 2 2 10 4 3534 3987 865
7746 2 2 10 4 3039 3952 3044
7747 2 2 10 4 2278 4355 3718
7748 2 2 10 4 2702 4410 2699
7749 2 2 10 4 92 3904 91
7750 2 2 10 4 417 4038 415
7751 2 2 10 4 2504 4284 2318
7752 2 2 10 4 3115 4240 1901
7753 2 2 10 4 1792 4359 1532
7754 2 2 10 4 3108 4098 3107
7755 2 2 10 4 4090 4218 904
7756 2 2 10 4 3048 4107 2025
7757 2 2 10 4 2962 4325 4058
7758 2 2 10 4 2082 3870 2080
7759 2 2 10 4 4100 4291 2320
7760 2 2 10 4 1911 4397 1494
7761 2 2 10 4 1816 3885 2274
7762 2 2 10 4 1993 3940 3648
7763 2 2 10 4 2070 4216 3818
7764 2 2 10 4 1992 4236 3752
7765 2 2 10 4 3579 4396 2421
7766 2 2 10 4 2286 3906 2288
7767 2 2 10 4 1383 4079 1385
7768 2 2 10 4 2996 4081 2997
7769 2 2 10 4 3930 4118 671
7770 2 2 10 4 1835 4355 3183
7771 2 2 10 4 389 3911 90
7772 2 2 10 4 3172 3857 2416
7773 2 2 10 4 3675 3886 1071
7774 2 2 10 4 983 3835 1213
7775 2 2 10 4 1531 4136 1057
7776 2 2 10 4 3013 4298 2431
7777 2 2 10 4 2854 4414 4323
7778 2 2 10 4 664 4290 3149
7779 2 2 10 4 3731 4331 1029
7780 2 2 10 4 63 3927 62
7781 2 2 10 4 4142 4146 710
7782 2 2 10 4 3853 4028 2681
7783 2 2 10 4 1503 3819 3626
7784 2 2 10 4 2373 4333 4139
7785 2 2 10 4 369 3909 160
7786 2 2 10 4 3179 4046 3886
7787 2 2 10 4 2860 4247 2861
7788 2 2 10 4 89 3888 390
7789 2 2 10 4 2235 4101 3995
7790 2 2 10 4 2389 4382 2388
7791 2 2 10 4 2929 3722 3644
7792 2 2 10 4 1792 4084 3129
7793 2 2 10 4 315 4138 3493
7794 2 2 10 4 1075 3970 655
7795 2 2 10 4 1130 3854 1127
7796 2 2 10 4 3620 3880 461
7797 2 2 10 4 2468 3896 3576
7798 2 2 10 4 3320 4124 3846
7799 2 2 10 4 3802 3840 527
7800 2 2 10 4 1743 3866 1742
7801 2 2 10 4 3510 3791 3528
7802 2 2 10 4 2607 4259 3635
7803 2 2 10 4 2566 3791 3510
7804 2 2 10 4 3475 3894 3267
7805 2 2 10 4 3031 4246 3030
7806 2 2 10 4 2855 4414 2854
7807 2 2 10 4 3498 3805 3497
7808 2 2 10 4 2153 4193 3708
7809 2 2 10 4 2452 4401 2451
7810 2 2 10 4 1538 3865 1306
7811 2 2 10 4 3497 3805 2146
7812 2 2 10 4 2967 3941 3545
7813 2 2 10 4 1961 3921 3150
7814 2 2 10 4 3643 3873 2573
7815 2 2 10 4 495 4377 3585
7816 2 2 10 4 3624 3859 2007
7817 2 2 10 4 1445 4058 3867
7818 2 2 10 4 2205 4353 2738
7819 2 2 10 4 2171 4066 2443
7820 2 2 10 4 548 4116 753
7821 2 2 10 4 3430 3839 2169
7822 2 2 10 4 676 3863 3703
7823 2 2 10 4 2315 3945 2238
7824 2 2 10 4 3703 3863 2200
7825 2 2 10 4 1112 3942 1242
7826 2 2 10 4 3340 3953 3106
7827 2 2 10 4 4264 4347 391
7828 2 2 10 4 1793 4071 1291
7829 2 2 10 4 2196 4235 3048
7830 2 2 10 4 1817 3885 1816
7831 2 2 10 4 1180 3908 1174
7832 2 2 10 4 3678 3939 1746
7833 2 2 10 4 3328 4121 1264
7834 2 2 10 4 3350 4057 566
7835 2 2 10 4 2928 4090 3119
7836 2 2 10 4 2213 3910 2212
7837 2 2 10 4 2071 3880 3620
7838 2 2 10 4 2152 4193 2153
7839 2 2 10 4 3632 3822 3161
7840 2 2 10 4 2303 3936 2164
7841 2 2 10 4 2874 4432 2875
7842 2 2 10 4 3646 3908 1180
7843 2 2 10 4 1247 4085 761
7844 2 2 10 4 2206 4160 3137
7845 2 2 10 4 358 4029 3413
7846 2 2 10 4 1249 3999 958
7847 2 2 10 4 2449 4050 2452
7848 2 2 10 4 579 4129 582
7849 2 2 10 4 1727 4000 3100
7850 2 2 10 4 3179 4416 4191
7851 2 2 10 4 2244 3937 2243
7852 2 2 10 4 2242 3903 1028
7853 2 2 10 4 876 3917 3636
7854 2 2 10 4 2778 3987 3884
7855 2 2 10 4 169 3931 168
7856 2 2 10 4 3595 3996 1824
7857 2 2 10 4 2210 3905 1717
7858 2 2 10 4 2877 4320 2876
7859 2 2 10 4 1971 4150 1968
7860 2 2 10 4 709 3928 711
7861 2 2 10 4 2266 3896 2489
7862 2 2 10 4 734 3993 3814
7863 2 2 10 4 2159 3912 2420
7864 2 2 10 4 2080 3870 2099
7865 2 2 10 4 597 3930 595
7866 2 2 10 4 3913 4404 1093
7867 2 2 10 4 1980 3859 3806
7868 2 2 10 4 3546 4132 729
7869 2 2 10 4 921 3968 1255
7870 2 2 10 4 2454 4157 3472
7871 2 2 10 4 3505 4382 2418
7872 2 2 10 4 702 4017 455
7873 2 2 10 4 3795 4034 25
7874 2 2 10 4 145 3938 144
7875 2 2 10 4 2356 4427 3051
7876 2 2 10 4 1094 3913 1093
7877 2 2 10 4 1539 3947 1525
7878 2 2 10 4 47 3911 3454
7879 2 2 10 4 2182 3946 2180
7880 2 2 10 4 2275 3884 1818
7881 2 2 10 4 770 3900 766
7882 2 2 10 4 2231 4185 3469
7883 2 2 10 4 2466 4339 4253
7884 2 2 10 4 3389 4390 316
7885 2 2 10 4 3045 4431 3046
7886 2 2 10 4 103 4374 3116
7887 2 2 10 4 4052 4293 3144
7888 2 2 10 4 2370 4344 4012
7889 2 2 10 4 2249 3897 1457
7890 2 2 10 4 2376 4218 2928
7891 2 2 10 4 3056 3950 2096
7892 2 2 10 4 1673 3924 2378
7893 2 2 10 4 3325 4201 1614
7894 2 2 10 4 2300 3985 2074
7895 2 2 10 4 116 3963 115
7896 2 2 10 4 3423 4415 4126
7897 2 2 10 4 4342 4363 4246
7898 2 2 10 4 3867 4058 3305
7899 2 2 10 4 724 3891 728
7900 2 2 10 4 2439 4122 2281
7901 2 2 10 4 3341 4313 3569
7902 2 2 10 4 411 3898 410
7903 2 2 10 4 1608 3984 1609
7904 2 2 10 4 2241 3976 2242
7905 2 2 10 4 1824 3996 3527
7906 2 2 10 4 2764 4243 2763
7907 2 2 10 4 3591 4159 703
7908 2 2 10 4 2949 4078 4054
7909 2 2 10 4 1376 4002 1378
7910 2 2 10 4 3145 4139 3926
7911 2 2 10 4 1373 4041 1372
7912 2 2 10 4 2051 3882 3537
7913 2 2 10 4 2787 3956 3069
7914 2 2 10 4 2993 4277 2252
7915 2 2 10 4 2127 3939 3678
7916 2 2 10 4 1552 4133 1550
7917 2 2 10 4 739 4276 429
7918 2 2 10 4 2224 3886 3675
7919 2 2 10 4 2141 3993 2201
7920 2 2 10 4 3937 3966 2243
7921 2 2 10 4 637 4025 703
7922 2 2 10 4 371 3991 3530
7923 2 2 10 4 3954 4049 2085
7924 2 2 10 4 2036 4207 1570
7925 2 2 10 4 2417 4248 2510
7926 2 2 10 4 1147 4069 1116
7927 2 2 10 4 2306 4296 4039
7928 2 2 10 4 3493 4138 3219
7929 2 2 10 4 956 3999 1062
7930 2 2 10 4 2459 4103 2282
7931 2 2 10 4 3743 4270 2885
7932 2 2 10 4 1095 4140 3480
7933 2 2 10 4 2669 3969 2667
7934 2 2 10 4 4036 4328 2652
7935 2 2 10 4 125 3955 124
7936 2 2 10 4 2265 4196 2381
7937 2 2 10 4 2430 4298 3112
7938 2 2 10 4 2498 4233 3426
7939 2 2 10 4 3887 4267 2362
7940 2 2 10 4 2477 4092 3876
7941 2 2 10 4 2243 3966 3273
7942 2 2 10 4 2097 4220 3366
7943 2 2 10 4 3027 4412 3026
7944 2 2 10 4 775 4020 3715
7945 2 2 10 4 2862 4425 978
7946 2 2 10 4 2477 3876 3592
7947 2 2 10 4 2167 4275 3189
7948 2 2 10 4 2123 3897 2125
7949 2 2 10 4 3815 4064 30
7950 2 2 10 4 2426 4026 2488
7951 2 2 10 4 4010 4258 3122
7952 2 2 10 4 1741 4021 2260
7953 2 2 10 4 190 3964 189
7954 2 2 10 4 2262 4037 2177
7955 2 2 10 4 3094 4083 3127
7956 2 2 10 4 713 4142 710
7957 2 2 10 4 2115 3903 2117
7958 2 2 10 4 2370 4012 3709
7959 2 2 10 4 3606 4225 3605
7960 2 2 10 4 3095 4001 3383
7961 2 2 10 4 4091 4354 353
7962 2 2 10 4 3673 4395 1954
7963 2 2 10 4 3708 4193 764
7964 2 2 10 4 3554 4241 1552
7965 2 2 10 4 760 4143 737
7966 2 2 10 4 3808 4285 314
7967 2 2 10 4 2485 4285 3808
7968 2 2 10 4 3208 3981 1700
7969 2 2 10 4 748 4132 752
7970 2 2 10 4 1138 4420 1136
7971 2 2 10 4 2763 4234 2765
7972 2 2 10 4 2340 4254 4033
7973 2 2 10 4 3559 4410 2702
7974 2 2 10 4 704 4102 642
7975 2 2 10 4 1032 3893 1053
7976 2 2 10 4 1938 3977 3299
7977 2 2 10 4 2120 3919 3601
7978 2 2 10 4 2797 4348 1446
7979 2 2 10 4 3082 4306 2072
7980 2 2 10 4 3418 3934 2144
7981 2 2 10 4 591 4265 3778
7982 2 2 10 4 497 4377 495
7983 2 2 10 4 1149 3990 3167
7984 2 2 10 4 355 4429 138
7985 2 2 10 4 3754 4211 1690
7986 2 2 10 4 866 4317 843
7987 2 2 10 4 1806 3975 3831
7988 2 2 10 4 3504 4051 2071
7989 2 2 10 4 2089 4065 2278
7990 2 2 10 4 1166 4223 1122
7991 2 2 10 4 2946 4340 2945
7992 2 2 10 4 2190 3998 3836
7993 2 2 10 4 699 4321 3592
7994 2 2 10 4 367 4205 3076
7995 2 2 10 4 2665 4287 3344
7996 2 2 10 4 2885 4270 1178
7997 2 2 10 4 2854 4323 2323
7998 2 2 10 4 2928 4218 4090
7999 2 2 10 4 2935 4332 2934
8000 2 2 10 4 2230 4185 2231
8001 2 2 10 4 1099 4135 3022
8002 2 2 10 4 2418 4382 2392
8003 2 2 10 4 2386 4112 2256
8004 2 2 10 4 3674 3945 1256
8005 2 2 10 4 2269 4351 3229
8006 2 2 10 4 3986 4003 2509
8007 2 2 10 4 3637 3996 3424
8008 2 2 10 4 3769 3936 3449
8009 2 2 10 4 2170 4035 3776
8010 2 2 10 4 3763 3992 3764
8011 2 2 10 4 3781 3918 2308
8012 2 2 10 4 1024 4071 2261
8013 2 2 10 4 3222 3971 3221
8014 2 2 10 4 740 4105 3711
8015 2 2 10 4 710 4146 687
8016 2 2 10 4 2447 4108 2446
8017 2 2 10 4 4051 4367 2897
8018 2 2 10 4 3153 4078 1350
8019 2 2 10 4 2747 4309 735
8020 2 2 10 4 4054 4078 3153
8021 2 2 10 4 3621 4432 864
8022 2 2 10 4 3670 3863 676
8023 2 2 10 4 3500 3991 371
8024 2 2 10 4 703 4159 635
8025 2 2 10 4 2150 4354 2283
8026 2 2 10 4 566 4057 2684
8027 2 2 10 4 3745 4207 2036
8028 2 2 10 4 1873 3940 2749
8029 2 2 10 4 51 3983 50
8030 2 2 10 4 2803 4392 2801
8031 2 2 10 4 2504 4250 4129
8032 2 2 10 4 1514 3988 1500
8033 2 2 10 4 2252 3921 1961
8034 2 2 10 4 1245 3822 3706
8035 2 2 10 4 3522 4301 2107
8036 2 2 10 4 3668 3868 1484
8037 2 2 10 4 3212 4242 3211
8038 2 2 10 4 3585 4303 495
8039 2 2 10 4 384 4062 3456
8040 2 2 10 4 1114 3942 1112
8041 2 2 10 4 3639 4033 887
8042 2 2 10 4 3965 4409 2995
8043 2 2 10 4 3426 4233 2070
8044 2 2 10 4 4181 4433 2194
8045 2 2 10 4 631 4321 699
8046 2 2 10 4 3507 3917 876
8047 2 2 10 4 3612 3925 2462
8048 2 2 10 4 3113 3997 2246
8049 2 2 10 4 624 3944 695
8050 2 2 10 4 2685 4175 3777
8051 2 2 10 4 3858 4424 2244
8052 2 2 10 4 2235 3995 3600
8053 2 2 10 4 3636 3917 3509
8054 2 2 10 4 1474 4225 1478
8055 2 2 10 4 2385 4257 3832
8056 2 2 10 4 2882 4104 3560
8057 2 2 10 4 2100 3959 2490
8058 2 2 10 4 2295 4212 2505
8059 2 2 10 4 2025 4107 2011
8060 2 2 10 4 425 4105 740
8061 2 2 10 4 655 3970 653
8062 2 2 10 4 3633 3860 2024
8063 2 2 10 4 444 4253 757
8064 2 2 10 4 1709 3976 3823
8065 2 2 10 4 1071 3886 3589
8066 2 2 10 4 272 3994 273
8067 2 2 10 4 1762 3922 3525
8068 2 2 10 4 2061 4373 3487
8069 2 2 10 4 3015 4279 2981
8070 2 2 10 4 3447 3948 318
8071 2 2 10 4 1313 4052 1315
8072 2 2 10 4 2494 4245 4027
8073 2 2 10 4 2198 4010 2197
8074 2 2 10 4 2469 4373 2059
8075 2 2 10 4 648 4250 705
8076 2 2 10 4 1264 4016 2154
8077 2 2 10 4 2505 4315 2508
8078 2 2 10 4 3561 3920 2609
8079 2 2 10 4 1118 4128 1147
8080 2 2 10 4 1677 4267 3887
8081 2 2 10 4 450 4144 701
8082 2 2 10 4 324 3989 254
8083 2 2 10 4 1572 4149 2036
8084 2 2 10 4 853 4190 2884
8085 2 2 10 4 699 4419 629
8086 2 2 10 4 4212 4315 2505
8087 2 2 10 4 2788 3933 3617
8088 2 2 10 4 3165 4434 1890
8089 2 2 10 4 2308 3918 2122
8090 2 2 10 4 3550 3959 2100
8091 2 2 10 4 1872 4238 1521
8092 2 2 10 4 2324 4391 4227
8093 2 2 10 4 649 4120 583
8094 2 2 10 4 2737 4156 3515
8095 2 2 10 4 2363 4418 2766
8096 2 2 10 4 286 4007 287
8097 2 2 10 4 3818 4216 2723
8098 2 2 10 4 3605 4225 1472
8099 2 2 10 4 407 4361 409
8100 2 2 10 4 3946 4383 374
8101 2 2 10 4 2503 4322 2502
8102 2 2 10 4 1332 4318 3237
8103 2 2 10 4 3487 4373 2469
8104 2 2 10 4 2380 3998 2190
8105 2 2 10 4 3823 3976 2241
8106 2 2 10 4 1778 4307 3133
8107 2 2 10 4 352 4428 3834
8108 2 2 10 4 3856 3922 1762
8109 2 2 10 4 2379 4285 2485
8110 2 2 10 4 3023 4404 2481
8111 2 2 10 4 2359 4202 1698
8112 2 2 10 4 164 4014 163
8113 2 2 10 4 2925 4319 2927
8114 2 2 10 4 2763 4243 4234
8115 2 2 10 4 2215 4004 2217
8116 2 2 10 4 611 4176 3959
8117 2 2 10 4 3431 4221 2192
8118 2 2 10 4 3463 4000 1727
8119 2 2 10 4 2360 4384 2741
8120 2 2 10 4 3619 3935 2129
8121 2 2 10 4 1623 4145 3556
8122 2 2 10 4 2041 4009 3827
8123 2 2 10 4 3571 4084 1792
8124 2 2 10 4 2291 4210 2293
8125 2 2 10 4 3539 4342 3031
8126 2 2 10 4 3754 4306 4211
8127 2 2 10 4 461 3880 3766
8128 2 2 10 4 2509 4003 2506
8129 2 2 10 4 2681 4028 2620
8130 2 2 10 4 2305 3924 3914
8131 2 2 10 4 113 4043 112
8132 2 2 10 4 1338 4207 1713
8133 2 2 10 4 3600 3995 2703
8134 2 2 10 4 2901 4388 3012
8135 2 2 10 4 2764 4244 4243
8136 2 2 10 4 193 4022 194
8137 2 2 10 4 3225 4213 4062
8138 2 2 10 4 3888 4117 3416
8139 2 2 10 4 13 4008 12
8140 2 2 10 4 3315 4288 4014
8141 2 2 10 4 2339 4398 3107
8142 2 2 10 4 3914 3924 1673
8143 2 2 10 4 2319 4237 2504
8144 2 2 10 4 1525 3947 2072
8145 2 2 10 4 2643 4036 2645
8146 2 2 10 4 3944 4419 2803
8147 2 2 10 4 3827 4009 3204
8148 2 2 10 4 1746 3939 2325
8149 2 2 10 4 3218 4029 3220
8150 2 2 10 4 843 4334 841
8151 2 2 10 4 1460 4366 1427
8152 2 2 10 4 3680 3992 3763
8153 2 2 10 4 125 4080 3955
8154 2 2 10 4 1425 4302 1423
8155 2 2 10 4 3542 4282 2708
8156 2 2 10 4 3294 4030 2497
8157 2 2 10 4 495 4303 493
8158 2 2 10 4 2949 4054 2950
8159 2 2 10 4 3885 4189 2274
8160 2 2 10 4 1536 3958 1362
8161 2 2 10 4 3556 4145 3403
8162 2 2 10 4 3709 4012 2514
8163 2 2 10 4 3963 4151 2372
8164 2 2 10 4 4054 4261 2950
8165 2 2 10 4 3480 4140 2608
8166 2 2 10 4 234 4023 615
8167 2 2 10 4 3648 3940 1873
8168 2 2 10 4 2433 4335 3862
8169 2 2 10 4 2507 3895 3852
8170 2 2 10 4 3043 4078 2949
8171 2 2 10 4 2057 4373 2061
8172 2 2 10 4 186 4031 348
8173 2 2 10 4 4037 4042 754
8174 2 2 10 4 1256 4053 404
8175 2 2 10 4 2438 4054 3153
8176 2 2 10 4 4293 4434 2991
8177 2 2 10 4 1617 3967 2225
8178 2 2 10 4 3691 3914 1673
8179 2 2 10 4 3305 4058 2642
8180 2 2 10 4 3176 4329 1659
8181 2 2 10 4 1984 4337 2007
8182 2 2 10 4 3180 4262 2332
8183 2 2 10 4 3468 4364 1370
8184 2 2 10 4 3838 4428 352
8185 2 2 10 4 2590 4057 3350
8186 2 2 10 4 3748 3973 326
8187 2 2 10 4 3847 4126 3401
8188 2 2 10 4 1766 4060 2000
8189 2 2 10 4 3374 4294 73
8190 2 2 10 4 3850 4316 2826
8191 2 2 10 4 3851 4242 379
8192 2 2 10 4 3517 3927 2773
8193 2 2 10 4 25 4034 24
8194 2 2 10 4 666 3932 3594
8195 2 2 10 4 2630 4282 3542
8196 2 2 10 4 3971 4397 1911
8197 2 2 10 4 482 4411 484
8198 2 2 10 4 241 4056 242
8199 2 2 10 4 2436 4109 2438
8200 2 2 10 4 323 4230 4179
8201 2 2 10 4 330 4048 3872
8202 2 2 10 4 2754 4421 3201
8203 2 2 10 4 3396 4170 1732
8204 2 2 10 4 1743 3902 3866
8205 2 2 10 4 2432 4362 4028
8206 2 2 10 4 3788 4095 2413
8207 2 2 10 4 3638 3954 2085
8208 2 2 10 4 684 4094 3852
8209 2 2 10 4 3126 4417 2678
8210 2 2 10 4 1089 4181 3566
8211 2 2 10 4 2074 3985 2075
8212 2 2 10 4 3805 3974 2146
8213 2 2 10 4 2164 3936 3769
8214 2 2 10 4 544 4055 274
8215 2 2 10 4 2461 4425 2415
8216 2 2 10 4 3611 4113 2105
8217 2 2 10 4 3928 4085 2352
8218 2 2 10 4 2466 3962 2467
8219 2 2 10 4 3601 3919 1778
8220 2 2 10 4 3530 3991 3395
8221 2 2 10 4 3893 4039 3503
8222 2 2 10 4 3002 4077 1990
8223 2 2 10 4 3775 4340 2672
8224 2 2 10 4 2332 4312 3180
8225 2 2 10 4 574 4299 3335
8226 2 2 10 4 3525 3923 1522
8227 2 2 10 4 3599 4415 1562
8228 2 2 10 4 958 3999 956
8229 2 2 10 4 2378 4118 3930
8230 2 2 10 4 3734 4378 3018
8231 2 2 10 4 135 4074 134
8232 2 2 10 4 3629 4145 1623
8233 2 2 10 4 4043 4219 2369
8234 2 2 10 4 350 4381 3455
8235 2 2 10 4 2228 4047 3746
8236 2 2 10 4 3683 4314 1153
8237 2 2 10 4 923 3968 921
8238 2 2 10 4 2040 4082 2039
8239 2 2 10 4 3656 4378 1438
8240 2 2 10 4 30 4064 29
8241 2 2 10 4 2582 4314 3683
8242 2 2 10 4 4112 4268 584
8243 2 2 10 4 2486 4286 2346
8244 2 2 10 4 2894 4331 3731
8245 2 2 10 4 697 4143 3845
8246 2 2 10 4 3663 4046 1883
8247 2 2 10 4 868 4024 3789
8248 2 2 10 4 2279 4147 3960
8249 2 2 10 4 3783 3957 875
8250 2 2 10 4 126 4080 125
8251 2 2 10 4 2513 4145 3629
8252 2 2 10 4 534 4073 243
8253 2 2 10 4 1959 4011 2338
8254 2 2 10 4 2476 4092 2477
8255 2 2 10 4 2403 3925 3612
8256 2 2 10 4 3159 4230 323
8257 2 2 10 4 1462 4002 1376
8258 2 2 10 4 3469 4185 360
8259 2 2 10 4 513 4244 3792
8260 2 2 10 4 695 4274 3467
8261 2 2 10 4 2339 4098 1887
8262 2 2 10 4 3141 4312 2332
8263 2 2 10 4 639 4025 637
8264 2 2 10 4 3821 4238 1872
8265 2 2 10 4 3147 4405 2580
8266 2 2 10 4 1317 4139 3145
8267 2 2 10 4 2276 4173 3141
8268 2 2 10 4 102 4400 343
8269 2 2 10 4 2692 4104 2882
8270 2 2 10 4 2718 4167 3688
8271 2 2 10 4 1760 3935 3619
8272 2 2 10 4 615 4208 2888
8273 2 2 10 4 2117 4119 2119
8274 2 2 10 4 3617 3933 1073
8275 2 2 10 4 2768 4157 4031
8276 2 2 10 4 2381 4013 3166
8277 2 2 10 4 2146 3974 3608
8278 2 2 10 4 3146 4033 3639
8279 2 2 10 4 3183 4355 4065
8280 2 2 10 4 4039 4296 3503
8281 2 2 10 4 3119 4090 3134
8282 2 2 10 4 4253 4339 757
8283 2 2 10 4 4246 4363 2745
8284 2 2 10 4 2332 4262 2038
8285 2 2 10 4 99 4356 334
8286 2 2 10 4 2071 4051 3880
8287 2 2 10 4 2270 4100 3075
8288 2 2 10 4 331 4093 2713
8289 2 2 10 4 1986 4388 4337
8290 2 2 10 4 2259 4111 2326
8291 2 2 10 4 2192 4221 3555
8292 2 2 10 4 1538 4286 3865
8293 2 2 10 4 3671 3972 2114
8294 2 2 10 4 754 4289 428
8295 2 2 10 4 3118 4179 2495
8296 2 2 10 4 741 4038 417
8297 2 2 10 4 3348 4158 2594
8298 2 2 10 4 3463 4099 4000
8299 2 2 10 4 388 4178 3370
8300 2 2 10 4 455 4017 452
8301 2 2 10 4 986 4416 3158
8302 2 2 10 4 3051 4338 2356
8303 2 2 10 4 2007 4200 3624
8304 2 2 10 4 2284 4195 3202
8305 2 2 10 4 2270 4291 4100
8306 2 2 10 4 2467 3962 3789
8307 2 2 10 4 770 4032 3900
8308 2 2 10 4 3569 4313 4136
8309 2 2 10 4 1871 4160 3325
8310 2 2 10 4 2745 4363 4147
8311 2 2 10 4 1245 4088 3822
8312 2 2 10 4 3759 3892 2214
8313 2 2 10 4 1870 4235 2196
8314 2 2 10 4 932 4222 2337
8315 2 2 10 4 2455 4141 1862
8316 2 2 10 4 2177 4037 2179
8317 2 2 10 4 3989 4173 2329
8318 2 2 10 4 3322 4124 3319
8319 2 2 10 4 2248 3975 2249
8320 2 2 10 4 702 4350 4122
8321 2 2 10 4 3901 4205 2091
8322 2 2 10 4 4108 4326 2446
8323 2 2 10 4 3283 4131 2271
8324 2 2 10 4 1758 4125 2311
8325 2 2 10 4 2093 4310 3824
8326 2 2 10 4 3948 4269 318
8327 2 2 10 4 3857 4114 2416
8328 2 2 10 4 1688 4044 3697
8329 2 2 10 4 2608 4140 3347
8330 2 2 10 4 3684 4244 513
8331 2 2 10 4 1861 4134 2211
8332 2 2 10 4 3397 4109 355
8333 2 2 10 4 1732 4170 3501
8334 2 2 10 4 2237 4115 2240
8335 2 2 10 4 3245 4127 2258
8336 2 2 10 4 2159 4153 3912
8337 2 2 10 4 3531 4035 3156
8338 2 2 10 4 2209 3987 3534
8339 2 2 10 4 155 4130 154
8340 2 2 10 4 3120 4264 2424
8341 2 2 10 4 3789 4024 2467
8342 2 2 10 4 887 4033 3495
8343 2 2 10 4 3669 4165 1444
8344 2 2 10 4 2037 4084 3571
8345 2 2 10 4 1949 4148 2329
8346 2 2 10 4 546 4116 548
8347 2 2 10 4 752 3979 3618
8348 2 2 10 4 3423 4126 3035
8349 2 2 10 4 2720 4301 329
8350 2 2 10 4 2131 4039 2130
8351 2 2 10 4 1407 4152 3630
8352 2 2 10 4 8 4117 7
8353 2 2 10 4 1147 4128 4076
8354 2 2 10 4 1241 3954 3638
8355 2 2 10 4 342 4187 64
8356 2 2 10 4 2570 3982 3849
8357 2 2 10 4 2287 4155 2285
8358 2 2 10 4 1116 4069 1114
8359 2 2 10 4 3328 4214 4121
8360 2 2 10 4 3263 4241 3554
8361 2 2 10 4 2229 4032 3641
8362 2 2 10 4 2361 3961 3770
8363 2 2 10 4 2380 4165 3669
8364 2 2 10 4 3807 3992 3680
8365 2 2 10 4 3080 4306 3082
8366 2 2 10 4 2675 4161 2677
8367 2 2 10 4 1114 4069 3942
8368 2 2 10 4 2374 4016 3738
8369 2 2 10 4 397 4164 3259
8370 2 2 10 4 705 4237 3796
8371 2 2 10 4 1252 4258 4010
8372 2 2 10 4 2327 4239 3209
8373 2 2 10 4 2272 4166 3333
8374 2 2 10 4 3100 4000 3824
8375 2 2 10 4 2511 4296 2306
8376 2 2 10 4 2961 4167 2718
8377 2 2 10 4 3641 4032 770
8378 2 2 10 4 2625 4192 3261
8379 2 2 10 4 3814 3993 2141
8380 2 2 10 4 2303 4215 3936
8381 2 2 10 4 3778 4265 2581
8382 2 2 10 4 2267 4094 2255
8383 2 2 10 4 2768 4031 3833
8384 2 2 10 4 2593 4175 2592
8385 2 2 10 4 2044 4199 2045
8386 2 2 10 4 3800 4270 2571
8387 2 2 10 4 3127 4083 3596
8388 2 2 10 4 2907 4308 3577
8389 2 2 10 4 2554 4177 2561
8390 2 2 10 4 3594 3960 1064
8391 2 2 10 4 3508 4099 3463
8392 2 2 10 4 2202 4089 2204
8393 2 2 10 4 3489 4152 1407
8394 2 2 10 4 2264 4042 2262
8395 2 2 10 4 2581 4265 3171
8396 2 2 10 4 1885 4369 3522
8397 2 2 10 4 3919 4239 2327
8398 2 2 10 4 1291 4071 1024
8399 2 2 10 4 3598 4189 3885
8400 2 2 10 4 3697 4044 3670
8401 2 2 10 4 3776 4035 3531
8402 2 2 10 4 2000 4188 3361
8403 2 2 10 4 101 4308 100
8404 2 2 10 4 2352 4085 2353
8405 2 2 10 4 2871 4238 3821
8406 2 2 10 4 2342 4197 2341
8407 2 2 10 4 3589 4046 3663
8408 2 2 10 4 2940 3992 3807
8409 2 2 10 4 3511 4183 859
8410 2 2 10 4 2696 4369 2697
8411 2 2 10 4 1385 4079 1390
8412 2 2 10 4 2242 4119 3903
8413 2 2 10 4 3028 4349 4072
8414 2 2 10 4 3715 4020 2136
8415 2 2 10 4 339 4168 6
8416 2 2 10 4 3194 4282 2630
8417 2 2 10 4 2204 4089 4063
8418 2 2 10 4 3158 4416 3178
8419 2 2 10 4 3894 4062 384
8420 2 2 10 4 1896 4216 1800
8421 2 2 10 4 2743 4304 2227
8422 2 2 10 4 2366 4230 2302
8423 2 2 10 4 3362 4209 2001
8424 2 2 10 4 4166 4430 310
8425 2 2 10 4 3051 4427 2764
8426 2 2 10 4 3586 4091 353
8427 2 2 10 4 2666 4206 2674
8428 2 2 10 4 3362 4381 4209
8429 2 2 10 4 705 4250 4237
8430 2 2 10 4 1133 4106 1134
8431 2 2 10 4 777 4086 808
8432 2 2 10 4 4048 4435 3872
8433 2 2 10 4 3472 4157 2768
8434 2 2 10 4 2109 4227 2829
8435 2 2 10 4 3733 4156 3690
8436 2 2 10 4 93 4171 361
8437 2 2 10 4 3002 4203 4077
8438 2 2 10 4 1902 4228 1898
8439 2 2 10 4 2494 4027 3676
8440 2 2 10 4 4124 4343 308
8441 2 2 10 4 3637 4329 3996
8442 2 2 10 4 3631 4315 1462
8443 2 2 10 4 2070 4233 1798
8444 2 2 10 4 3322 4343 4124
8445 2 2 10 4 3106 4259 2607
8446 2 2 10 4 104 4374 103
8447 2 2 10 4 729 4132 748
8448 2 2 10 4 33 4186 32
8449 2 2 10 4 2803 4419 4392
8450 2 2 10 4 2094 4360 2095
8451 2 2 10 4 2496 4236 1992
8452 2 2 10 4 2280 4183 3511
8453 2 2 10 4 4173 4312 3141
8454 2 2 10 4 2458 4278 2459
8455 2 2 10 4 2287 4390 4155
8456 2 2 10 4 4153 4182 2852
8457 2 2 10 4 1134 4096 1131
8458 2 2 10 4 4031 4157 348
8459 2 2 10 4 737 4143 697
8460 2 2 10 4 3862 4335 1871
8461 2 2 10 4 642 4102 639
8462 2 2 10 4 2085 4049 3692
8463 2 2 10 4 2145 4088 3742
8464 2 2 10 4 3762 4360 2094
8465 2 2 10 4 136 4217 364
8466 2 2 10 4 2312 4283 3917
8467 2 2 10 4 3746 4047 3588
8468 2 2 10 4 3133 4346 2966
8469 2 2 10 4 2699 4410 2700
8470 2 2 10 4 1998 4249 2428
8471 2 2 10 4 2381 4196 3978
8472 2 2 10 4 3344 4271 2655
8473 2 2 10 4 4101 4407 2455
8474 2 2 10 4 3231 4191 986
8475 2 2 10 4 3566 4181 2194
8476 2 2 10 4 3922 3923 3525
8477 2 2 10 4 1693 4182 3464
8478 2 2 10 4 3831 3975 2248
8479 2 2 10 4 3137 4335 2775
8480 2 2 10 4 2130 4039 3893
8481 2 2 10 4 2335 4260 2336
8482 2 2 10 4 321 4344 3437
8483 2 2 10 4 3350 4263 2576
8484 2 2 10 4 2204 4291 2270
8485 2 2 10 4 3588 4047 907
8486 2 2 10 4 4025 4050 703
8487 2 2 10 4 427 4105 425
8488 2 2 10 4 2433 4267 1677
8489 2 2 10 4 1057 4136 1060
8490 2 2 10 4 2162 4273 1720
8491 2 2 10 4 3960 4147 1064
8492 2 2 10 4 4019 4211 3081
8493 2 2 10 4 515 4184 546
8494 2 2 10 4 962 4258 1252
8495 2 2 10 4 3676 4027 3744
8496 2 2 10 4 2735 4386 2736
8497 2 2 10 4 3886 4046 3589
8498 2 2 10 4 3409 4231 349
8499 2 2 10 4 4058 4325 2642
8500 2 2 10 4 2301 4288 3315
8501 2 2 10 4 86 4279 85
8502 2 2 10 4 2256 4112 2469
8503 2 2 10 4 3154 4295 1927
8504 2 2 10 4 3464 4153 2159
8505 2 2 10 4 3845 4143 2985
8506 2 2 10 4 2011 4107 2427
8507 2 2 10 4 581 4129 579
8508 2 2 10 4 3437 4344 2330
8509 2 2 10 4 1912 4099 3694
8510 2 2 10 4 2431 4298 2430
8511 2 2 10 4 2739 4297 2588
8512 2 2 10 4 2313 4339 2466
8513 2 2 10 4 3923 4387 1522
8514 2 2 10 4 1690 4019 3740
8515 2 2 10 4 639 4102 4025
8516 2 2 10 4 3744 4027 1655
8517 2 2 10 4 2105 4113 3517
8518 2 2 10 4 546 4184 4116
8519 2 2 10 4 137 4429 3245
8520 2 2 10 4 2829 4313 3341
8521 2 2 10 4 3565 4349 3227
8522 2 2 10 4 3616 4199 2044
8523 2 2 10 4 3903 4119 2117
8524 2 2 10 4 3335 4299 2598
8525 2 2 10 4 3845 4072 693
8526 2 2 10 4 1976 4380 4150
8527 2 2 10 4 1120 4128 1118
8528 2 2 10 4 1550 4133 1760
8529 2 2 10 4 3411 4424 3858
8530 2 2 10 4 3934 4086 3020
8531 2 2 10 4 2824 4375 2827
8532 2 2 10 4 138 4429 137
8533 2 2 10 4 4072 4349 693
8534 2 2 10 4 3290 4311 3352
8535 2 2 10 4 2268 4198 2297
8536 2 2 10 4 3996 4329 3527
8537 2 2 10 4 2995 4409 3520
8538 2 2 10 4 3076 4205 3901
8539 2 2 10 4 635 4159 633
8540 2 2 10 4 2333 4324 2335
8541 2 2 10 4 2438 4261 4054
8542 2 2 10 4 2274 4189 2732
8543 2 2 10 4 2027 4330 2473
8544 2 2 10 4 452 4144 450
8545 2 2 10 4 4017 4144 452
8546 2 2 10 4 3522 4369 2696
8547 2 2 10 4 2277 4333 1950
8548 2 2 10 4 3907 4133 3444
8549 2 2 10 4 353 4354 3374
8550 2 2 10 4 3339 4343 3322
8551 2 2 10 4 3803 4163 1165
8552 2 2 10 4 314 4285 3404
8553 2 2 10 4 2446 4326 3084
8554 2 2 10 4 2330 4344 2370
8555 2 2 10 4 3481 4204 3274
8556 2 2 10 4 3917 4283 3509
8557 2 2 10 4 460 4316 3850
8558 2 2 10 4 2881 4408 2691
8559 2 2 10 4 2663 4372 2661
8560 2 2 10 4 324 4312 4173
8561 2 2 10 4 1976 4150 1971
8562 2 2 10 4 3075 4100 3839
8563 2 2 10 4 3868 4165 2380
8564 2 2 10 4 1630 4149 1572
8565 2 2 10 4 3456 4213 313
8566 2 2 10 4 2350 4381 3362
8567 2 2 10 4 3256 4385 3257
8568 2 2 10 4 1390 4414 3667
8569 2 2 10 4 2948 4390 2287
8570 2 2 10 4 2111 4402 1786
8571 2 2 10 4 1815 4407 2235
8572 2 2 10 4 3596 4083 1728
8573 2 2 10 4 2523 4422 2522
8574 2 2 10 4 3884 3987 2209
8575 2 2 10 4 3035 4126 3847
8576 2 2 10 4 2828 4406 3628
8577 2 2 10 4 3651 4310 2093
8578 2 2 10 4 2156 4137 2383
8579 2 2 10 4 2354 4015 3691
8580 2 2 10 4 701 4281 3698
8581 2 2 10 4 3630 4152 2899
8582 2 2 10 4 3690 4156 1911
8583 2 2 10 4 56 4358 55
8584 2 2 10 4 3495 4254 970
8585 2 2 10 4 2070 4376 3426
8586 2 2 10 4 3670 4044 3863
8587 2 2 10 4 3526 4300 3726
8588 2 2 10 4 2489 4196 2265
8589 2 2 10 4 391 4347 133
8590 2 2 10 4 3116 4374 3682
8591 2 2 10 4 248 4328 509
8592 2 2 10 4 7 4117 3888
8593 2 2 10 4 128 4426 127
8594 2 2 10 4 2440 4193 2152
8595 2 2 10 4 984 4351 3433
8596 2 2 10 4 2407 4413 2406
8597 2 2 10 4 1954 4081 3785
8598 2 2 10 4 3792 4427 2356
8599 2 2 10 4 2325 4394 2453
8600 2 2 10 4 3426 4376 2688
8601 2 2 10 4 3464 4182 4153
8602 2 2 10 4 3774 4345 2213
8603 2 2 10 4 3932 3960 3594
8604 2 2 10 4 3808 4383 2182
8605 2 2 10 4 379 4242 3445
8606 2 2 10 4 2897 4367 1918
8607 2 2 10 4 308 4343 3477
8608 2 2 10 4 1562 4415 3423
8609 2 2 10 4 3515 4156 3733
8610 2 2 10 4 3704 4316 460
8611 2 2 10 4 310 4430 167
8612 2 2 10 4 1472 4225 1474
8613 2 2 10 4 2072 4306 3754
8614 2 2 10 4 2413 4095 3654
8615 2 2 10 4 2208 4292 3377
8616 2 2 10 4 4115 4220 965
8617 2 2 10 4 3798 4101 2098
8618 2 2 10 4 3837 4087 506
8619 2 2 10 4 2321 4068 3645
8620 2 2 10 4 1494 4397 1752
8621 2 2 10 4 318 4269 3448
8622 2 2 10 4 3412 4424 3411
8623 2 2 10 4 1570 4207 1338
8624 2 2 10 4 3851 4066 2171
8625 2 2 10 4 3144 4293 2328
8626 2 2 10 4 4213 4393 313
8627 2 2 10 4 2488 4255 3787
8628 2 2 10 4 2119 4119 3915
8629 2 2 10 4 4127 4429 355
8630 2 2 10 4 2981 4185 2230
8631 2 2 10 4 2349 4201 2206
8632 2 2 10 4 2866 4387 3923
8633 2 2 10 4 2095 4360 3521
8634 2 2 10 4 702 4122 4017
8635 2 2 10 4 3645 4068 2791
8636 2 2 10 4 2091 4205 2493
8637 2 2 10 4 3668 4165 3868
8638 2 2 10 4 4033 4254 3495
8639 2 2 10 4 3875 4297 2739
8640 2 2 10 4 3742 4088 1245
8641 2 2 10 4 1064 4147 3562
8642 2 2 10 4 582 4250 648
8643 2 2 10 4 1122 4223 1120
8644 2 2 10 4 3777 4299 574
8645 2 2 10 4 3659 4219 3650
8646 2 2 10 4 685 4189 3598
8647 2 2 10 4 3805 4190 3974
8648 2 2 10 4 3477 4343 3339
8649 2 2 10 4 4063 4089 2903
8650 2 2 10 4 3475 4062 3894
8651 2 2 10 4 3839 4100 2169
8652 2 2 10 4 2801 4392 3876
8653 2 2 10 4 2526 4163 3803
8654 2 2 10 4 2111 4435 4402
8655 2 2 10 4 2307 4214 2511
8656 2 2 10 4 2495 4245 2494
8657 2 2 10 4 1532 4359 1634
8658 2 2 10 4 841 4334 904
8659 2 2 10 4 3691 4015 3914
8660 2 2 10 4 2642 4325 2651
8661 2 2 10 4 509 4328 4036
8662 2 2 10 4 3910 4067 2212
8663 2 2 10 4 3633 4252 3860
8664 2 2 10 4 864 4396 3579
8665 2 2 10 4 3209 4365 2365
8666 2 2 10 4 1120 4223 4128
8667 2 2 10 4 427 4276 4105
8668 2 2 10 4 2194 4433 3578
8669 2 2 10 4 1521 4238 1840
8670 2 2 10 4 3433 4351 2269
8671 2 2 10 4 2744 4371 2745
8672 2 2 10 4 4121 4214 2307
8673 2 2 10 4 4153 4280 3912
8674 2 2 10 4 500 4377 497
8675 2 2 10 4 2415 4123 3771
8676 2 2 10 4 4129 4284 2504
8677 2 2 10 4 4062 4213 3456
8678 2 2 10 4 313 4393 3451
8679 2 2 10 4 2168 4275 2167
8680 2 2 10 4 633 4321 631
8681 2 2 10 4 429 4276 427
8682 2 2 10 4 2388 4268 2386
8683 2 2 10 4 4159 4321 633
8684 2 2 10 4 1166 4332 4223
8685 2 2 10 4 2290 4190 3805
8686 2 2 10 4 3665 4257 2385
8687 2 2 10 4 3509 4283 1955
8688 2 2 10 4 3881 4394 2325
8689 2 2 10 4 4025 4102 2452
8690 2 2 10 4 3738 4121 2307
8691 2 2 10 4 3503 4296 1531
8692 2 2 10 4 1444 4165 3668
8693 2 2 10 4 1069 4317 866
8694 2 2 10 4 4049 4375 1842
8695 2 2 10 4 2439 4144 4017
8696 2 2 10 4 3527 4329 3176
8697 2 2 10 4 2451 4401 3943
8698 2 2 10 4 2356 4338 2374
8699 2 2 10 4 2374 4338 3773
8700 2 2 10 4 2372 4151 3718
8701 2 2 10 4 3824 4310 3100
8702 2 2 10 4 4063 4291 2204
8703 2 2 10 4 3166 4289 4042
8704 2 2 10 4 2176 3960 3932
8705 2 2 10 4 584 4272 4112
8706 2 2 10 4 2583 4314 2582
8707 2 2 10 4 3846 4124 308
8708 2 2 10 4 493 4303 832
8709 2 2 10 4 808 4086 3934
8710 2 2 10 4 629 4419 626
8711 2 2 10 4 2300 4194 3985
8712 2 2 10 4 4016 4121 3738
8713 2 2 10 4 4017 4122 2439
8714 2 2 10 4 3951 4341 2587
8715 2 2 10 4 1029 4331 3582
8716 2 2 10 4 2121 4428 2308
8717 2 2 10 4 2999 4357 3618
8718 2 2 10 4 1178 4270 3800
8719 2 2 10 4 2427 4180 3671
8720 2 2 10 4 3698 4281 3705
8721 2 2 10 4 1986 4337 1984
8722 2 2 10 4 3914 4015 3203
8723 2 2 10 4 410 4361 407
8724 2 2 10 4 3705 4316 3704
8725 2 2 10 4 1995 4247 3647
8726 2 2 10 4 1175 4300 4248
8727 2 2 10 4 677 4363 4342
8728 2 2 10 4 3924 4118 2378
8729 2 2 10 4 2365 4384 2360
8730 2 2 10 4 3671 4180 3972
8731 2 2 10 4 3842 4260 2335
8732 2 2 10 4 2059 4373 2057
8733 2 2 10 4 2369 4219 3659
8734 2 2 10 4 2252 4277 3921
8735 2 2 10 4 2377 4435 4048
8736 2 2 10 4 3600 4399 2104
8737 2 2 10 4 2392 4382 2389
8738 2 2 10 4 2587 4341 2558
8739 2 2 10 4 904 4218 3653
8740 2 2 10 4 1142 4420 1138
8741 2 2 10 4 1760 4133 3907
8742 2 2 10 4 1060 4391 3623
8743 2 2 10 4 4139 4333 2277
8744 2 2 10 4 2966 4346 2967
8745 2 2 10 4 2759 4252 3633
8746 2 2 10 4 4103 4281 701
8747 2 2 10 4 2452 4050 4025
8748 2 2 10 4 3679 4229 1405
8749 2 2 10 4 3618 4357 776
8750 2 2 10 4 3718 4355 1835
8751 2 2 10 4 4211 4306 3080
8752 2 2 10 4 4160 4201 3325
8753 2 2 10 4 3959 4176 2490
8754 2 2 10 4 3222 4397 3971
8755 2 2 10 4 1175 4248 3809
8756 2 2 10 4 4128 4223 2935
8757 2 2 10 4 677 4342 3539
8758 2 2 10 4 1370 4364 3631
8759 2 2 10 4 3860 4252 3055
8760 2 2 10 4 1806 4172 3975
8761 2 2 10 4 4229 4353 1405
8762 2 2 10 4 3237 4318 4125
8763 2 2 10 4 4076 4128 2935
8764 2 2 10 4 3779 4431 2025
8765 2 2 10 4 2069 4162 3825
8766 2 2 10 4 2206 4201 4160
8767 2 2 10 4 1872 4389 3821
8768 2 2 10 4 3978 4196 868
8769 2 2 10 4 3026 4412 3608
8770 2 2 10 4 2308 4428 3838
8771 2 2 10 4 3562 4363 677
8772 2 2 10 4 4256 4368 2125
8773 2 2 10 4 3929 4256 2249
8774 2 2 10 4 1659 4329 3637
8775 2 2 10 4 2870 4389 3761
8776 2 2 10 4 1522 4387 3767
8777 2 2 10 4 704 4401 4102
8778 2 2 10 4 3985 4194 2811
8779 2 2 10 4 693 4349 3565
8780 2 2 10 4 2829 4391 4313
8781 2 2 10 4 3848 4314 2583
8782 2 2 10 4 3726 4300 1175
8783 2 2 10 4 1264 4121 4016
8784 2 2 10 4 2213 4345 3910
8785 2 2 10 4 3048 4235 4107
8786 2 2 10 4 4248 4300 2510
8787 2 2 10 4 1153 4314 3848
8788 2 2 10 4 4313 4391 1060
8789 2 2 10 4 3818 4376 2070
8790 2 2 10 4 3608 4412 2097
8791 2 2 10 4 3408 4383 3808
8792 2 2 10 4 3923 4379 2866
8793 2 2 10 4 4042 4289 754
8794 2 2 10 4 3972 4180 1869
8795 2 2 10 4 4021 4266 2260
8796 2 2 10 4 324 4173 3989
8797 2 2 10 4 3834 4428 2121
8798 2 2 10 4 4147 4363 3562
8799 2 2 10 4 3929 4172 3004
8800 2 2 10 4 2827 4375 4049
8801 2 2 10 4 3766 4350 702
8802 2 2 10 4 4237 4250 2504
8803 2 2 10 4 1405 4353 3727
8804 2 2 10 4 331 4257 4093
8805 2 2 10 4 3918 4365 2122
8806 2 2 10 4 2738 4353 4229
8807 2 2 10 4 1462 4212 4002
8808 2 2 10 4 2249 4256 3897
8809 2 2 10 4 3919 4307 1778
8810 2 2 10 4 2120 4239 3919
8811 2 2 10 4 3997 4232 2613
8812 2 2 10 4 2365 4365 3918
8813 2 2 10 4 4059 4273 2162
8814 2 2 10 4 2693 4273 4059
8815 2 2 10 4 1690 4211 4019
8816 2 2 10 4 3967 4226 2225
8817 2 2 10 4 2227 4304 4091
8818 2 2 10 4 3974 4190 853
8819 2 2 10 4 3944 4274 695
8820 2 2 10 4 361 4394 3881
8821 2 2 10 4 3897 4256 2125
8822 2 2 10 4 2466 4253 3962
8823 2 2 10 4 3943 4401 704
8824 2 2 10 4 1890 4434 4293
8825 2 2 10 4 3046 4431 3779
8826 2 2 10 4 2453 4394 4171
8827 2 2 10 4 3872 4435 2111
8828 2 2 10 4 2235 4407 4101
8829 2 2 10 4 2459 4278 4006
8830 2 2 10 4 3912 4280 1304
8831 2 2 10 4 2182 4383 3946
8832 2 2 10 4 2523 4423 4422
8833 2 2 10 4 3891 4409 728
8834 2 2 10 4 4422 4423 2873
8835 2 2 10 4 2459 4281 4103
8836 2 2 10 4 4026 4255 2488
8837 2 2 10 4 1438 4378 3734
8838 2 2 10 4 2852 4280 4153
8839 2 2 10 4 4112 4272 2469
8840 2 2 10 4 2492 4403 3949
8841 2 2 10 4 4109 4261 2438
8842 2 2 10 4 3397 4261 4109
8843 2 2 10 4 2745 4371 4246
8844 2 2 10 4 904 4334 4090
8845 2 2 10 4 4076 4320 1147
8846 2 2 10 4 2522 4422 4061
8847 2 2 10 4 2736 4386 4110
8848 2 2 10 4 4065 4355 2278
8849 2 2 10 4 4006 4278 2938
8850 2 2 10 4 581 4284 4129
8851 2 2 10 4 4079 4323 1390
8852 2 2 10 4 4227 4391 2829
8853 2 2 10 4 4023 4398 2339
8854 2 2 10 4 4223 4332 2935
8855 2 2 10 4 4090 4334 3134
8856 2 2 10 4 4125 4318 2311
8857 2 2 10 4 2580 4405 4055
8858 2 2 10 4 822 4403 4075
8859 2 2 10 4 2678 4417 4073
8860 2 2 10 4 4244 4427 3792
8861 2 2 10 4 4246 4371 3030
8862 2 2 10 4 4136 4313 1060
8863 2 2 10 4 2764 4427 4244
8864 2 2 10 4 3631 4364 4315
8865 2 2 10 4 4110 4386 2814
8866 2 2 10 4 1536 4421 3958
8867 2 2 10 4 4102 4401 2452
8868 2 2 10 4 4171 4394 361
8869 2 2 10 4 3245 4429 4127
8870 2 2 10 4 3031 4342 4246
8871 2 2 10 4 4191 4416 986
8872 2 2 10 4 4315 4364 2508
$EndElements
