$MeshFormat
2.2 0 8
$EndMeshFormat
$PhysicalNames
5
1 1 "topo"
1 2 "base"
1 3 "lados"
1 4 "furos"
2 10 "aleta"
$EndPhysicalNames
$Nodes
8210
1 -2 0 0
2 2 0 0
3 -3 3.5 0
4 3 3.5 0
5 -0.75 1.75 0
6 2.25 1.75 0
7 -1.939920211624625 0 0
8 -1.880285366067735 0 0
9 -1.821049078297193 0 0
10 -1.762136680749063 0 0
11 -1.703500122278926 0 0
12 -1.645068307735215 0 0
13 -1.58678960551801 0 0
14 -1.528598106887231 0 0
15 -1.470436606761401 0 0
16 -1.412245851323431 0 0
17 -1.353961908502066 0 0
18 -1.295531692673834 0 0
19 -1.236885504884111 0 0
20 -1.17797462789398 0 0
21 -1.118725208386884 0 0
22 -1.059090948753145 0 0
23 -0.9989952778310502 0 0
24 -0.9383926056809968 0 0
25 -0.8772048565390562 0 0
26 -0.8153855573808682 0 0
27 -0.752856402736394 0 0
28 -0.6895680057633975 0 0
29 -0.6254440450208494 0 0
30 -0.5604286818349653 0 0
31 -0.4944518421341921 0 0
32 -0.4274451135075186 0 0
33 -0.359349464585389 0 0
34 -0.290082151179226 0 0
35 -0.2195924466507981 0 0
36 -0.1477903739087014 0 0
37 -0.07462119932070888 0 0
38 -4.016049000021837e-06 0 0
39 0.07461560506200726 0 0
40 0.1477895254141681 0 0
41 0.2195826781444374 0 0
42 0.2900828628701215 0 0
43 0.359340618005477 0 0
44 0.427443742434086 0 0
45 0.4944462682211239 0 0
46 0.5604239159425117 0 0
47 0.6254417647842794 0 0
48 0.6895610747146299 0 0
49 0.752855738371117 0 0
50 0.8153777680472873 0 0
51 0.8772048501629532 0 0
52 0.9383846108653047 0 0
53 0.9989954247938591 0 0
54 1.059083116923848 0 0
55 1.118725153441132 0 0
56 1.17796727852091 0 0
57 1.236884873381047 0 0
58 1.295525204480298 0 0
59 1.353960254390186 0 0
60 1.412240663892059 0 0
61 1.470433455356324 0 0
62 1.528594630492805 0 0
63 1.586784711149223 0 0
64 1.645066391647124 0 0
65 1.703493867518312 0 0
66 1.762135842300367 0 0
67 1.821041914176627 0 0
68 1.880285144438884 0 0
69 1.939912534711612 0 0
70 -2.979491514745054 3.428220301607687 0
71 -2.959550783147931 3.358427741017759 0
72 -2.94015689922383 3.290549147283404 0
73 -2.921295538637044 3.224534385229656 0
74 -2.902947563409001 3.160316471931501 0
75 -2.885092386552035 3.097823352932121 0
76 -2.867710424891215 3.036986487119253 0
77 -2.850789877505239 2.977764571268337 0
78 -2.834313007783763 2.92009552724317 0
79 -2.818259996541618 2.863909987895661 0
80 -2.802615514070939 2.809154299248287 0
81 -2.787368811369952 2.755790839794833 0
82 -2.7725005617962 2.7037519662867 0
83 -2.757993680033533 2.652977880117366 0
84 -2.743840381199713 2.603441334198997 0
85 -2.730022291659206 2.55507802080722 0
86 -2.716522873023203 2.507830055581211 0
87 -2.703335685456055 2.461674899096192 0
88 -2.690441563603059 2.416545472610708 0
89 -2.677827977232115 2.372397920312404 0
90 -2.665486810490735 2.329203836717574 0
91 -2.653397689883685 2.286891914592898 0
92 -2.641556289973773 2.245447014908204 0
93 -2.629945320259904 2.204808620909664 0
94 -2.618553258953484 2.164936406337193 0
95 -2.607372027764918 2.125802097177213 0
96 -2.596383077250081 2.087340770375285 0
97 -2.585583923687503 2.049543732906259 0
98 -2.574883607587521 2.012092626556322 0
99 -2.564183764573817 1.974643176008358 0
100 -2.553483921560112 1.937193725460393 0
101 -2.542784078546408 1.899744274912428 0
102 -2.532084235532704 1.862294824364463 0
103 -2.521384392519 1.824845373816499 0
104 -2.510684549505295 1.787395923268534 0
105 -2.499984706491591 1.74994647272057 0
106 -2.489284863477887 1.712497022172605 0
107 -2.478585020464183 1.675047571624641 0
108 -2.467885177450479 1.637598121076676 0
109 -2.457185334436775 1.600148670528711 0
110 -2.44648549142307 1.562699219980747 0
111 -2.435785648409366 1.525249769432782 0
112 -2.425085805395662 1.487800318884817 0
113 -2.414385962381958 1.450350868336852 0
114 -2.403686119368253 1.412901417788888 0
115 -2.39298627635455 1.375451967240924 0
116 -2.382286433340846 1.338002516692959 0
117 -2.371586590327141 1.300553066144994 0
118 -2.360886747313437 1.26310361559703 0
119 -2.350186904299733 1.225654165049065 0
120 -2.339487061286029 1.1882047145011 0
121 -2.328787218272324 1.150755263953136 0
122 -2.31808737525862 1.113305813405171 0
123 -2.307387532244916 1.075856362857207 0
124 -2.296687689231212 1.038406912309243 0
125 -2.285987846217508 1.000957461761277 0
126 -2.275288003203804 0.963508011213313 0
127 -2.264588160126482 0.9260585604426863 0
128 -2.253804164711902 0.8883145764916596 0
129 -2.242838952361111 0.8499363332638898 0
130 -2.231674752099397 0.8108616323478883 0
131 -2.220308108689801 0.7710783804143042 0
132 -2.208718100352116 0.7305133512324051 0
133 -2.196901738656304 0.6891560852970624 0
134 -2.184840363047069 0.6469412706647431 0
135 -2.17252363395887 0.6038327188560455 0
136 -2.15994187892936 0.559796576252761 0
137 -2.147075431976757 0.5147640119186478 0
138 -2.133918965611097 0.4687163796388405 0
139 -2.120455539899197 0.4215943896471881 0
140 -2.106668405865054 0.373339420527691 0
141 -2.092550792709998 0.3239277744849947 0
142 -2.078084076082633 0.2732942662892173 0
143 -2.063251394668469 0.2213798813396406 0
144 -2.048044475231005 0.1681556633085188 0
145 -2.032444845934823 0.1135569607718789 0
146 -2.016433502958586 0.05751726035504978 0
147 2.016432902091558 0.05751515732045292 0
148 2.032440555741724 0.1135419450960356 0
149 2.048042690347828 0.1681494162173997 0
150 2.063251749864823 0.2213811245268805 0
151 2.078080367882112 0.2732812875873921 0
152 2.092548191148292 0.3239186690190229 0
153 2.106668882320603 0.3733410881221109 0
154 2.120451853928424 0.4215814887494844 0
155 2.13391700021098 0.4687095007384317 0
156 2.147075586534881 0.514764552872084 0
157 2.159937765678465 0.5597821798746277 0
158 2.172523547899658 0.6038324176488019 0
159 2.184838525484038 0.6469348391941311 0
160 2.196898599399236 0.6891450978973248 0
161 2.208718624097322 0.7305151843406281 0
162 2.220303960791951 0.7710638627718273 0
163 2.231675372420426 0.8108638034714893 0
164 2.242835408875195 0.8499239310631831 0
165 2.253803826455061 0.8883133925927126 0
166 2.264585968665468 0.9260508903291381 0
167 2.275285792397087 0.963500273389806 0
168 2.285985616128707 1.000949656450474 0
169 2.296685439860326 1.038399039511142 0
170 2.307385263591946 1.07584842257181 0
171 2.318085087323565 1.113297805632478 0
172 2.328784911055184 1.150747188693146 0
173 2.339484734786804 1.188196571753813 0
174 2.350184558518423 1.225645954814481 0
175 2.360884382250043 1.263095337875149 0
176 2.371584205981662 1.300544720935817 0
177 2.382284029713281 1.337994103996485 0
178 2.392983853444901 1.375443487057153 0
179 2.40368367717652 1.412892870117821 0
180 2.41438350090814 1.450342253178488 0
181 2.425083324639759 1.487791636239156 0
182 2.435783148371378 1.525241019299824 0
183 2.446482972102998 1.562690402360492 0
184 2.457182795834617 1.600139785421159 0
185 2.467882619566236 1.637589168481827 0
186 2.478582443297856 1.675038551542495 0
187 2.489282267029475 1.712487934603162 0
188 2.499982090761094 1.74993731766383 0
189 2.510681914492713 1.787386700724498 0
190 2.521381738224333 1.824836083785166 0
191 2.532081561955952 1.862285466845833 0
192 2.542781385687572 1.899734849906501 0
193 2.553481209419191 1.937184232967169 0
194 2.564181033150811 1.974633616027836 0
195 2.57488085688243 2.012082999088504 0
196 2.585581082553619 2.049533788937667 0
197 2.596385256972253 2.087348399402886 0
198 2.607369592137669 2.12579357248184 0
199 2.618554463770235 2.164940623195822 0
200 2.629944451588158 2.204805580558553 0
201 2.641555034946744 2.245442622313606 0
202 2.653399203805642 2.286897213319745 0
203 2.665483981654706 2.329193935791472 0
204 2.677829561342123 2.372403464697429 0
205 2.690440346771501 2.416541213700251 0
206 2.703333788387632 2.461668259356712 0
207 2.716524791656007 2.507836770796025 0
208 2.730019857387236 2.555069500855328 0
209 2.743839247095647 2.603437364834764 0
210 2.757995238683164 2.652983335391074 0
211 2.772497956228579 2.703742846800025 0
212 2.787367134068565 2.755784969239978 0
213 2.802617092660974 2.809159824313409 0
214 2.818258190415257 2.863903666453398 0
215 2.834309941275009 2.920084794462531 0
216 2.850790714746175 2.977767501611611 0
217 2.867711043069315 3.036988650742603 0
218 2.885089076507977 3.09781176777792 0
219 2.902944933551921 3.160307267431723 0
220 2.921296586221024 3.224538051773583 0
221 2.94015722781712 3.29055029735992 0
222 2.959547259695933 3.358415408935766 0
223 2.97948789269472 3.428207624431519 0
224 2.925356524145184 3.5 0
225 2.852162094255675 3.5 0
226 2.780335713042332 3.5 0
227 2.709822551147234 3.5 0
228 2.640532538003026 3.5 0
229 2.57241489599707 3.5 0
230 2.505386798366522 3.5 0
231 2.439389214742788 3.5 0
232 2.374353512375706 3.5 0
233 2.310209735800317 3.5 0
234 2.246901799612637 3.5 0
235 2.184353490512321 3.5 0
236 2.122515168986573 3.5 0
237 2.061308663804257 3.5 0
238 2.000687251685264 3.5 0
239 1.940572970618011 3.5 0
240 1.880919973830004 3.5 0
241 1.821651848579458 3.5 0
242 1.762721979333018 3.5 0
243 1.70405674864451 3.5 0
244 1.645607020338448 3.5 0
245 1.587303455396155 3.5 0
246 1.529092405951952 3.5 0
247 1.470910459893756 3.5 0
248 1.412697673697251 3.5 0
249 1.354397403496562 3.5 0
250 1.295943073573036 3.5 0
251 1.23728354502996 3.5 0
252 1.178347141314591 3.5 0
253 1.119086220668857 3.5 0
254 1.059425601868908 3.5 0
255 0.9993192540467741 3.5 0
256 0.9386898467721525 3.5 0
257 0.877491310397096 3.5 0
258 0.8156453696722243 3.5 0
259 0.7531041686164488 3.5 0
260 0.6897901398949919 3.5 0
261 0.6256510115906244 3.5 0
262 0.5606130218292309 3.5 0
263 0.4946146447850217 3.5 0
264 0.4275909286483248 3.5 0
265 0.3594658927284122 3.5 0
266 0.290185579272519 3.5 0
267 0.2196620734192458 3.5 0
268 0.1478447342303988 3.5 0
269 0.074645730187477 3.5 0
270 -1.07874713606293e-08 3.5 0
271 -0.07464346527815557 3.5 0
272 -0.1478378953693373 3.5 0
273 -0.2196642767752914 3.5 0
274 -0.2901774388531431 3.5 0
275 -0.359467452166935 3.5 0
276 -0.4275850943357176 3.5 0
277 -0.4946131921167263 3.5 0
278 -0.5606107758848764 3.5 0
279 -0.6256464783828664 3.5 0
280 -0.689790255083059 3.5 0
281 -0.7530981913840562 3.5 0
282 -0.8156465005905225 3.5 0
283 -0.8774848222113141 3.5 0
284 -0.9386913274818816 3.5 0
285 -0.9993127396775092 3.5 0
286 -1.059427020815263 3.5 0
287 -1.119080017662457 3.5 0
288 -1.178348142966284 3.5 0
289 -1.237278012254105 3.5 0
290 -1.295943242978812 3.5 0
291 -1.354392971308521 3.5 0
292 -1.412696536270253 3.5 0
293 -1.470907585720274 3.5 0
294 -1.529089531781265 3.5 0
295 -1.587302317966649 3.5 0
296 -1.645602588152663 3.5 0
297 -1.704056918048312 3.5 0
298 -1.762716446558942 3.5 0
299 -1.821652850229599 3.5 0
300 -1.880913770825025 3.5 0
301 -1.940574389563091 3.5 0
302 -2.000680737317257 3.5 0
303 -2.061310144512758 3.5 0
304 -2.122508680802122 3.5 0
305 -2.184354621429523 3.5 0
306 -2.246895822381876 3.5 0
307 -2.31020985098658 3.5 0
308 -2.374348979170159 3.5 0
309 -2.43938696879589 3.5 0
310 -2.505385345700541 3.5 0
311 -2.572409061682745 3.5 0
312 -2.640534097442628 3.5 0
313 -2.709814410727566 3.5 0
314 -2.780337916397926 3.5 0
315 -2.852155255394976 3.5 0
316 -2.925354259233592 3.5 0
317 -0.7510109337008828 1.788927863598925 0
318 -0.754041009505004 1.827750784559942 0
319 -0.7590820588637062 1.86636410315194 0
320 -0.7661204919991639 1.904663724694741 0
321 -0.7751373345400223 1.942546400179948 0
322 -0.7861082786729479 1.979910004612019 0
323 -0.7990037486721951 2.016653812319204 0
324 -0.8137889806305352 2.052678768492143 0
325 -0.8304241161766024 2.08788775621812 0
326 -0.8488643099260172 2.122185858291094 0
327 -0.8690598503766143 2.155480613091699 0
328 -0.8909562939218627 2.187682263847425 0
329 -0.9144946116212042 2.218704000601014 0
330 -0.9396113483316404 2.248462194234746 0
331 -0.96623879377158 2.276876621919764 0
332 -0.9943051650557867 2.303870683382633 0
333 -1.023734800209346 2.329371607406135 0
334 -1.054448362138976 2.353310648007607 0
335 -1.086363052511798 2.375623269765953 0
336 -1.119392834965009 2.396249321797731 0
337 -1.153448667044703 2.415133199913301 0
338 -1.188438740248586 2.432223996515889 0
339 -1.22426872752546 2.447475637839467 0
340 -1.260842037564287 2.460847008155481 0
341 -1.298060075187275 2.472302060613585 0
342 -1.335822507145054 2.481809914417579 0
343 -1.374027532597377 2.489344938074574 0
344 -1.412572157550181 2.494886818492964 0
345 -1.451352472509193 2.498420615742933 0
346 -1.490263932601552 2.499936803331863 0
347 -1.529201639410304 2.499431293886071 0
348 -1.568060623761986 2.496905450169651 0
349 -1.606736128704964 2.492366081410699 0
350 -1.64512389191565 2.48582542494484 0
351 -1.683120426771294 2.477301113225533 0
352 -1.720623301331623 2.466816126290094 0
353 -1.757531414477242 2.454398729809581 0
354 -1.793745268460379 2.440082398889539 0
355 -1.829167237133218 2.423905727827034 0
356 -1.863701829130739 2.405912326067253 0
357 -1.89725594529855 2.386150700640151 0
358 -1.929739129671753 2.36467412539407 0
359 -1.961063813328227 2.341540497378864 0
360 -1.991145550458965 2.316812180765693 0
361 -2.019903246019043 2.290555838724236 0
362 -2.047259374345523 2.26284225371058 0
363 -2.073140188152938 2.233746136650222 0
364 -2.097475917342928 2.203345925530634 0
365 -2.120200957092097 2.171723573946307 0
366 -2.141254044711016 2.138964330166357 0
367 -2.160578424797599 2.105156507320256 0
368 -2.178122002239638 2.070391245321254 0
369 -2.193837482654013 2.034762265169284 0
370 -2.207682499883987 1.998365616295716 0
371 -2.219619730210873 1.961299417631071 0
372 -2.229616992972186 1.923663593093732 0
373 -2.237647337315012 1.885559602212727 0
374 -2.24368911485075 1.847090166610775 0
375 -2.247726038015335 1.808358993084954 0
376 -2.249747223977634 1.769470494031508 0
377 -2.249747223977634 1.73052950596849 0
378 -2.247726038015335 1.691641006915044 0
379 -2.24368911485075 1.652909833389222 0
380 -2.237647337315011 1.61444039778727 0
381 -2.229616992972185 1.576336406906265 0
382 -2.219619730210873 1.538700582368927 0
383 -2.207682499883986 1.501634383704282 0
384 -2.193837482654013 1.465237734830714 0
385 -2.178122002239637 1.429608754678744 0
386 -2.160578424797598 1.394843492679742 0
387 -2.141254044711014 1.361035669833641 0
388 -2.120200957092096 1.328276426053691 0
389 -2.097475917342927 1.296654074469365 0
390 -2.073140188152937 1.266253863349777 0
391 -2.047259374345522 1.237157746289419 0
392 -2.019903246019042 1.209444161275762 0
393 -1.991145550458964 1.183187819234306 0
394 -1.961063813328226 1.158459502621136 0
395 -1.929739129671752 1.13532587460593 0
396 -1.897255945298549 1.113849299359848 0
397 -1.863701829130738 1.094087673932746 0
398 -1.829167237133217 1.076094272172966 0
399 -1.793745268460378 1.059917601110461 0
400 -1.757531414477242 1.045601270190419 0
401 -1.720623301331623 1.033183873709906 0
402 -1.683120426771294 1.022698886774467 0
403 -1.64512389191565 1.01417457505516 0
404 -1.606736128704965 1.007633918589301 0
405 -1.568060623761986 1.003094549830349 0
406 -1.529201639410303 1.000568706113929 0
407 -1.490263932601552 1.000063196668137 0
408 -1.451352472509193 1.001579384257067 0
409 -1.412572157550181 1.005113181507036 0
410 -1.374027532597377 1.010655061925426 0
411 -1.335822507145054 1.018190085582421 0
412 -1.298060075187274 1.027697939386415 0
413 -1.260842037564287 1.039152991844519 0
414 -1.224268727525461 1.052524362160533 0
415 -1.188438740248585 1.067776003484111 0
416 -1.153448667044703 1.084866800086699 0
417 -1.119392834965008 1.103750678202269 0
418 -1.086363052511798 1.124376730234047 0
419 -1.054448362138976 1.146689351992393 0
420 -1.023734800209346 1.170628392593865 0
421 -0.9943051650557864 1.196129316617367 0
422 -0.96623879377158 1.223123378080236 0
423 -0.9396113483316405 1.251537805765254 0
424 -0.9144946116212044 1.281295999398985 0
425 -0.8909562939218627 1.312317736152574 0
426 -0.8690598503766145 1.344519386908301 0
427 -0.8488643099260171 1.377814141708906 0
428 -0.8304241161766024 1.41211224378188 0
429 -0.8137889806305354 1.447321231507857 0
430 -0.7990037486721953 1.483346187680796 0
431 -0.786108278672948 1.520089995387981 0
432 -0.7751373345400223 1.557453599820052 0
433 -0.766120491999164 1.595336275305258 0
434 -0.7590820588637062 1.63363589684806 0
435 -0.754041009505004 1.672249215440058 0
436 -0.7510109337008828 1.711072136401075 0
437 2.248989066299117 1.788927863598925 0
438 2.245958990494996 1.827750784559942 0
439 2.240917941136294 1.86636410315194 0
440 2.233879508000836 1.904663724694741 0
441 2.224862665459978 1.942546400179948 0
442 2.213891721327052 1.979910004612019 0
443 2.200996251327805 2.016653812319204 0
444 2.186211019369465 2.052678768492143 0
445 2.169575883823398 2.08788775621812 0
446 2.151135690073983 2.122185858291094 0
447 2.130940149623386 2.155480613091699 0
448 2.109043706078137 2.187682263847425 0
449 2.085505388378796 2.218704000601014 0
450 2.06038865166836 2.248462194234746 0
451 2.03376120622842 2.276876621919764 0
452 2.005694834944213 2.303870683382633 0
453 1.976265199790654 2.329371607406135 0
454 1.945551637861024 2.353310648007607 0
455 1.913636947488202 2.375623269765953 0
456 1.880607165034991 2.396249321797731 0
457 1.846551332955297 2.415133199913301 0
458 1.811561259751414 2.432223996515889 0
459 1.77573127247454 2.447475637839467 0
460 1.739157962435713 2.460847008155481 0
461 1.701939924812725 2.472302060613585 0
462 1.664177492854946 2.481809914417579 0
463 1.625972467402623 2.489344938074574 0
464 1.587427842449819 2.494886818492964 0
465 1.548647527490807 2.498420615742933 0
466 1.509736067398448 2.499936803331863 0
467 1.470798360589696 2.499431293886071 0
468 1.431939376238014 2.496905450169651 0
469 1.393263871295036 2.492366081410699 0
470 1.35487610808435 2.48582542494484 0
471 1.316879573228706 2.477301113225533 0
472 1.279376698668377 2.466816126290094 0
473 1.242468585522758 2.454398729809581 0
474 1.206254731539621 2.440082398889539 0
475 1.170832762866782 2.423905727827034 0
476 1.136298170869261 2.405912326067253 0
477 1.10274405470145 2.386150700640151 0
478 1.070260870328247 2.36467412539407 0
479 1.038936186671773 2.341540497378864 0
480 1.008854449541035 2.316812180765693 0
481 0.9800967539809573 2.290555838724236 0
482 0.9527406256544767 2.26284225371058 0
483 0.9268598118470625 2.233746136650222 0
484 0.9025240826570722 2.203345925530634 0
485 0.8797990429079028 2.171723573946307 0
486 0.8587459552889843 2.138964330166357 0
487 0.8394215752024012 2.105156507320256 0
488 0.8218779977603619 2.070391245321254 0
489 0.8061625173459868 2.034762265169284 0
490 0.7923175001160131 1.998365616295716 0
491 0.7803802697891267 1.961299417631071 0
492 0.7703830070278143 1.923663593093732 0
493 0.7623526626849879 1.885559602212727 0
494 0.7563108851492502 1.847090166610775 0
495 0.7522739619846649 1.808358993084954 0
496 0.7502527760223656 1.769470494031508 0
497 0.7502527760223657 1.73052950596849 0
498 0.752273961984665 1.691641006915044 0
499 0.7563108851492504 1.652909833389222 0
500 0.7623526626849885 1.61444039778727 0
501 0.7703830070278148 1.576336406906265 0
502 0.7803802697891273 1.538700582368927 0
503 0.7923175001160139 1.501634383704282 0
504 0.8061625173459875 1.465237734830714 0
505 0.8218779977603624 1.429608754678744 0
506 0.8394215752024021 1.394843492679742 0
507 0.8587459552889853 1.361035669833641 0
508 0.8797990429079038 1.328276426053691 0
509 0.9025240826570731 1.296654074469365 0
510 0.9268598118470631 1.266253863349777 0
511 0.9527406256544778 1.237157746289419 0
512 0.9800967539809583 1.209444161275762 0
513 1.008854449541036 1.183187819234306 0
514 1.038936186671774 1.158459502621136 0
515 1.070260870328248 1.13532587460593 0
516 1.102744054701451 1.113849299359848 0
517 1.136298170869262 1.094087673932746 0
518 1.170832762866783 1.076094272172966 0
519 1.206254731539622 1.059917601110461 0
520 1.242468585522758 1.045601270190419 0
521 1.279376698668377 1.033183873709906 0
522 1.316879573228706 1.022698886774467 0
523 1.35487610808435 1.01417457505516 0
524 1.393263871295035 1.007633918589301 0
525 1.431939376238014 1.003094549830349 0
526 1.470798360589697 1.000568706113929 0
527 1.509736067398448 1.000063196668137 0
528 1.548647527490807 1.001579384257067 0
529 1.587427842449819 1.005113181507036 0
530 1.625972467402623 1.010655061925426 0
531 1.664177492854946 1.018190085582421 0
532 1.701939924812726 1.027697939386415 0
533 1.739157962435713 1.039152991844519 0
534 1.775731272474539 1.052524362160533 0
535 1.811561259751415 1.067776003484111 0
536 1.846551332955297 1.084866800086699 0
537 1.880607165034992 1.103750678202269 0
538 1.913636947488202 1.124376730234047 0
539 1.945551637861024 1.146689351992393 0
540 1.976265199790654 1.170628392593865 0
541 2.005694834944213 1.196129316617367 0
542 2.03376120622842 1.223123378080236 0
543 2.060388651668359 1.251537805765254 0
544 2.085505388378796 1.281295999398985 0
545 2.109043706078137 1.312317736152574 0
546 2.130940149623386 1.344519386908301 0
547 2.151135690073983 1.377814141708906 0
548 2.169575883823398 1.41211224378188 0
549 2.186211019369464 1.447321231507857 0
550 2.200996251327805 1.483346187680796 0
551 2.213891721327052 1.520089995387981 0
552 2.224862665459978 1.557453599820052 0
553 2.233879508000836 1.595336275305258 0
554 2.240917941136294 1.63363589684806 0
555 2.245958990494996 1.672249215440058 0
556 2.248989066299117 1.711072136401075 0
557 0.8012215119562212 1.396166317346558 0
558 -0.8102320956368266 1.378475816312039 0
559 0.8015177131038816 2.10247440190486 0
560 -0.8102432972541648 2.116798556530684 0
561 -0.7386906700010742 1.567887482093542 0
562 -0.7388841498161779 1.93500830402141 0
563 0.8897215895491708 2.238921857927891 0
564 0.7357935394288622 1.951861133540231 0
565 0.8852111510629337 1.262374297956526 0
566 0.744328867656324 1.546386039967957 0
567 -0.7165923230917051 1.769171250337211 0
568 0.7175849409081838 1.709334858052643 0
569 -0.9008194232491484 1.241983953054965 0
570 -0.9017343436765892 2.25459711356006 0
571 0.04022275420628501 0.06371228346128754 0
572 0.03598312582561657 3.442639315820077 0
573 1.002249480672999 1.146041145961269 0
574 1.003944370444039 2.354897577840961 0
575 -1.020143216498766 1.133726466905936 0
576 -1.021048943344076 2.367729891170699 0
577 1.915661429865565 2.413466487220748 0
578 -1.928768637822896 2.399755505213465 0
579 -0.3247158078823075 0.05947990745769305 0
580 -0.3317228413404496 3.44123702024597 0
581 0.3919183389812654 0.05707459110827529 0
582 0.3992059358677005 3.443710116912319 0
583 1.139509864268811 1.058465640445197 0
584 1.137982723843552 2.444816860926327 0
585 -1.157121907013685 1.045351336885954 0
586 -1.156142639617891 2.453980890489434 0
587 -1.787424378975559 2.478569220549625 0
588 1.767989842182942 2.485653756999552 0
589 2.736548571382603 2.744716286893438 0
590 -2.735723309101216 2.742657440241702 0
591 1.287824883049407 0.9962312751488183 0
592 1.288580342522584 2.504140312669935 0
593 -1.307406182753098 0.9891514884935887 0
594 -1.308578097218328 2.509660746539965 0
595 -1.591406680983428 0.971755314181275 0
596 -0.6577486153590345 0.05485363845669911 0
597 -0.6517868769512841 3.443933193113133 0
598 -1.632368249986502 2.523335667657281 0
599 1.610921366509149 2.525809613525255 0
600 1.571629582128196 0.9700672556393631 0
601 1.450340902082708 2.532067196008363 0
602 0.7217706220958425 0.04984224588240482 0
603 0.7240746876190618 3.436645980277011 0
604 -1.470061787246497 2.53264269381302 0
605 -2.147691994465471 3.436380841898397 0
606 2.154778225806903 3.449028042530159 0
607 -0.9154724729621259 0.05094975295643511 0
608 -0.9057191860714304 3.448100451396027 0
609 0.9658436749840158 0.04737087670342532 0
610 0.9690592847058292 3.448581932078103 0
611 2.038600568928157 2.316437947859494 0
612 2.073495207509124 0.4085345175111466 0
613 -2.066280205502474 0.4040121169552084 0
614 -1.910746476871087 3.451249351556807 0
615 1.909184175044634 3.448867358477162 0
616 -2.679913049375498 2.549757991802921 0
617 -1.150737289010287 0.05841407246914221 0
618 -1.146575646715533 3.44683435576041 0
619 1.386182169661173 0.0465187895393484 0
620 -1.379977806937298 0.05039986118862161 0
621 1.207122221750017 3.449072801758438 0
622 2.681243218603648 2.546776622351806 0
623 1.558197930674053 3.449600354536177 0
624 -1.674891441376993 3.450942950077298 0
625 -1.381006125873628 3.451646214767124 0
626 -2.057132082694293 2.301585716601553 0
627 1.729272036910639 0.9950200042597361 0
628 -2.13139057420624 0.5888322983428211 0
629 -1.615876039512349 0.05300917361123436 0
630 1.612971344615141 0.04762650878523655 0
631 -1.470320714939223 0.9669214753716457 0
632 0.7210628284262124 1.831748183480757 0
633 2.126189049179252 2.222313511501124 0
634 1.410573584256922 0.972346988739924 0
635 -1.710952129095896 0.9954629381580006 0
636 2.1306223503532 0.5966770091834945 0
637 -2.633265427689231 2.368178679779155 0
638 2.637539903258429 2.363437573034251 0
639 -1.826130197782297 1.036772984280251 0
640 2.399616347411935 3.44607823889822 0
641 -2.403818821352524 3.439790035520975 0
642 -2.141800288301621 2.208760817782491 0
643 1.842288077982388 1.046681366651829 0
644 2.795617541461704 2.958190124194764 0
645 -2.794815701322295 2.960197098906442 0
646 2.588503747430882 2.197799345194113 0
647 -2.175202321378984 0.760017574777804 0
648 2.178133735783627 0.7630122755789404 0
649 -2.590234350463821 2.194028111546042 0
650 2.188708953020565 2.12105488171695 0
651 2.027385337914521 0.2571964338945956 0
652 -2.02671918439687 0.2667165245288001 0
653 -1.932252323561134 1.095616661899424 0
654 -2.199422669135596 2.102282229712322 0
655 1.207426075950979 0.05090407514852036 0
656 1.725952063345195 3.459515900587613 0
657 1.381130077700751 3.450002403858853 0
658 2.211539546405418 0.876376227313326 0
659 -2.215138541378005 0.8766199324862249 0
660 2.559234543534577 2.078847049305933 0
661 -2.554498901536865 2.076780103214258 0
662 1.948892906620219 1.109100945473891 0
663 -2.248147447484315 0.9915429642545845 0
664 2.239207782286195 2.00883921142149 0
665 -2.245697317289387 1.989377361524484 0
666 2.249754508479537 0.9911799245969898 0
667 2.604571027122343 3.437969995222984 0
668 -2.599215908619399 3.441193474118589 0
669 2.526086016992541 1.966741988078377 0
670 -1.79264511324034 0.0600373551480573 0
671 1.791588878238497 0.05089979728566929 0
672 -2.029174572363064 1.173311443396434 0
673 -2.526401667534659 1.965184786600749 0
674 2.04295363629312 1.185262765939513 0
675 2.271833803946348 1.892607641212945 0
676 2.837068308185723 3.143608845524937 0
677 -2.846342487232215 3.142086579824858 0
678 -2.273983734583421 1.871557217241715 0
679 -2.281211991703644 1.103514437910117 0
680 2.290836658491789 1.144477931916189 0
681 -2.110402342750102 1.260201207050454 0
682 2.470499312849523 1.778237109662162 0
683 -2.494084266121943 1.852148472885179 0
684 2.147879375449016 1.309455685167722 0
685 -2.322296766592764 1.252726221782567 0
686 -2.46196906270583 1.740115021511462 0
687 1.364279304595999 2.520346996539264 0
688 1.981043341413971 2.368080242721814 0
689 1.211848034810693 1.021511675003811 0
690 -1.997054344355635 2.355596366990227 0
691 1.530791571746683 2.532706886956198 0
692 0.9386463139447608 2.305916440540694 0
693 -0.7607922177138035 1.49116078857851 0
694 -0.7199944675604578 1.683876526289471 0
695 -1.549038645128969 2.533367732154842 0
696 -0.8520296605032502 1.309676182270334 0
697 -0.9556476849766645 2.313902957671226 0
698 1.489275714647281 0.9668583318035939 0
699 -1.230906328057532 1.014229188659993 0
700 0.767760992812484 2.027942294577159 0
701 -0.723055537869719 1.85083294957333 0
702 -0.7755349099811758 2.046189041304159 0
703 1.066743223670659 2.408466393004842 0
704 -1.231362484899074 2.485506170829231 0
705 -1.085524729044536 1.085153979690813 0
706 1.693779680267069 2.507140866242923 0
707 0.9422090078536869 1.200186311699857 0
708 -0.9532880692162626 1.188157150705354 0
709 0.8430277529961889 2.172931644494839 0
710 1.211539473011976 2.478159602787443 0
711 -1.390934801762457 0.9719134316379765 0
712 0.728535044153793 1.629163208554185 0
713 1.844615077945183 2.450629658731784 0
714 0.766277273944309 1.474603286420198 0
715 -0.8525431440596473 2.190776434080119 0
716 -1.084036337363535 2.41599711338525 0
717 -1.387465534988598 2.525947677115161 0
718 0.8430871795872036 1.330072969540555 0
719 -1.711158058773915 2.504457919159627 0
720 1.072018670026273 1.096405285551384 0
721 -1.862017276156448 2.444816860926327 0
722 1.648915019985701 0.9816690503236448 0
723 2.096938879674902 1.244989105778303 0
724 2.282522806323144 1.732682519340504 0
725 2.279938966269094 1.810298250642623 0
726 2.190058814645477 1.378993516507693 0
727 -2.199457813578974 1.397032939941176 0
728 -2.280322682876521 1.788496203301155 0
729 -2.278943990662727 1.667756850731592 0
730 2.276878580640738 1.648576879337693 0
731 2.362871460442736 1.403284941835653 0
732 2.323662605347807 1.257415341723992 0
733 -2.266495364615362 1.589031870281914 0
734 -2.232141293355596 1.472112379504575 0
735 -2.15909783822376 1.326423539237585 0
736 2.263848070597539 1.570820046981456 0
737 2.874858725255946 3.271808079218329 0
738 -2.872534446120021 3.274050416721973 0
739 2.769500468308066 2.848661905886885 0
740 -1.993715460192963 0.1538564132213058 0
741 1.994016174245804 0.1536824893728941 0
742 -2.764476425826005 2.847303651245114 0
743 -2.702852808302013 2.637448093940864 0
744 2.710108397467656 2.63844568584735 0
745 2.100554332485012 0.4987439183282238 0
746 -2.103783635337894 0.5009002075333808 0
747 2.657706239166625 2.448164822044229 0
748 -2.657489796764828 2.449646103205429 0
749 -2.154683278442329 0.6783880415264332 0
750 2.149146772339474 0.6718396046849999 0
751 -0.1151118260818407 3.437108712932664 0
752 2.606838646962401 2.274139700878184 0
753 -2.608997736754486 2.274943798015641 0
754 -0.1092408900095429 0.06179465875575385 0
755 0.2549238263458824 3.439463170466087 0
756 0.2553756223063752 0.0615988213088321 0
757 -0.5341813040132539 3.445006296012669 0
758 -0.529928653978568 0.05758062859943713 0
759 0.5920910546498949 3.44411319406293 0
760 0.5912412870722524 0.05649574717544081 0
761 2.275891465027999 3.447828370143251 0
762 -2.276388489068127 3.44840355924765 0
763 -0.7862117772951998 3.448306625573594 0
764 -0.7828108705530777 0.05523797172995026 0
765 0.846769067776617 3.447100585262886 0
766 0.844312738343491 0.04798374800374905 0
767 2.035136149570484 3.449880281496639 0
768 -2.024560181084472 3.449493438495619 0
769 -1.029051292449459 3.45083655265208 0
770 -1.029043113292098 0.05184458072734932 0
771 1.089493628319378 3.448919534263373 0
772 1.088904135182489 0.05147835202533502 0
773 -1.789022687574436 3.451587858989745 0
774 -1.266547150289977 3.451033739319697 0
775 -1.275783252226656 0.04633849166169757 0
776 -1.557358246525437 3.449111425494946 0
777 -1.50287441683184 0.04895637918099838 0
778 1.499591117419798 0.0479795060123509 0
779 2.438632904620361 1.671443960309276 0
780 -2.302576693266404 1.178497259659339 0
781 2.497587440032067 1.851411023258402 0
782 2.269603234639543 1.066390050209073 0
783 -2.438203585930581 1.661491024516907 0
784 2.344502000760878 1.328535731633747 0
785 -2.345937387135452 1.328134684189989 0
786 -2.385400354253647 1.48318139778045 0
787 2.387709235233848 1.477356500190396 0
788 -2.422014763669794 1.590309352058709 0
789 2.420650231475716 1.591998264572858 0
790 -2.358028285533596 1.404202990375617 0
791 2.244414628085789 1.489313070643286 0
792 -2.745076163562748 3.439463170619316 0
793 2.74651399854958 3.440260019190351 0
794 1.898409927206994 0.04837450174463775 0
795 -1.908212472743557 0.04725020777154842 0
796 2.889454321103788 3.437715897431679 0
797 -2.879729958645449 3.441855287714748 0
798 -2.216495442254813 1.434403346766094 0
799 -2.239060125383367 1.401907039247648 0
800 -2.221934144338961 1.365416110533892 0
801 -2.260575620072388 1.369442045564493 0
802 -2.244014265563687 1.333977484094436 0
803 -2.277952028317492 1.405376669478842 0
804 -2.298641978625461 1.376388831649662 0
805 -2.315672098549566 1.408496274208549 0
806 -2.294436705206393 1.440490148956292 0
807 -2.333421245423899 1.442912919085975 0
808 -2.311093668151388 1.47488916607149 0
809 -2.2040577920467 1.330215075726874 0
810 -2.227393978567791 1.298590314681855 0
811 -2.266211164038154 1.304583093455276 0
812 -2.25060599767758 1.266886347115481 0
813 -2.211260062439948 1.263253372000079 0
814 -2.234897404571981 1.23082013884952 0
815 -2.196517055089704 1.227072038700907 0
816 -2.218622568096266 1.195379181162784 0
817 -2.180448499021283 1.19150957991821 0
818 -2.202327737145453 1.15997852262063 0
819 -2.163503735894657 1.156378098343071 0
820 -2.186340777968871 1.124501035515576 0
821 -2.147112383438915 1.121026363560465 0
822 -2.170047010936926 1.089053937620879 0
823 -2.130764039596221 1.085622066217893 0
824 -2.153141224362102 1.053786449718509 0
825 -2.114320860598511 1.050238943447361 0
826 -2.136789988469853 1.018379711873913 0
827 -2.097954300855352 1.014836141448441 0
828 -2.118731937050719 0.9837613056281013 0
829 -2.08131604173347 0.9795614481779195 0
830 -2.10370970104748 0.9482240078500737 0
831 -2.065138468617782 0.9441549577734301 0
832 -2.087858894575272 0.9136531730713577 0
833 -2.048673953399118 0.908991775945577 0
834 -2.026354366800622 0.9405650972898476 0
835 -2.010058776023742 0.9050739318274426 0
836 -2.032283401988774 0.8733766849818978 0
837 -1.993663725043596 0.8696949786066295 0
838 -2.016114009026125 0.8381637707335705 0
839 -1.977335493791631 0.8343251754653747 0
840 -2.000204452219069 0.8032483070149383 0
841 -1.961003474281541 0.7990333641228 0
842 -1.938513817769055 0.830758400407952 0
843 -1.922165427937158 0.7953476639298405 0
844 -1.944595187867562 0.7635099345998033 0
845 -1.905815080070073 0.7599041971927092 0
846 -1.928286319856942 0.7281220216186421 0
847 -1.889454628785865 0.7245823758395398 0
848 -1.866974791786733 0.7563755666849412 0
849 -1.850623299911376 0.7209711876317704 0
850 -1.872858267470837 0.6892925201314288 0
851 -1.834231167118146 0.6855843232751579 0
852 -1.811778925964377 0.7174207089300924 0
853 -1.795389897710017 0.6819866783309754 0
854 -1.817922620008653 0.6501412004025722 0
855 -1.778762930633066 0.6463691063918136 0
856 -1.801684117934097 0.6139695023836107 0
857 -1.761975383882794 0.6106417541074181 0
858 -1.739136192516632 0.6428609236585132 0
859 -1.722245731494377 0.6071356437516708 0
860 -1.699434750880173 0.639403658089186 0
861 -1.682677341884099 0.6038530211684825 0
862 -1.659826091852125 0.6370795499782673 0
863 -1.643188793968342 0.6008099162771345 0
864 -1.62031251732416 0.6346273801825593 0
865 -1.603770801492069 0.5976422792484666 0
866 -1.581186512626013 0.6296474255835682 0
867 -1.564486494757745 0.5934762953173631 0
868 -1.541851951330686 0.6258791299411868 0
869 -1.525098563084101 0.5899798667901717 0
870 -1.502353296836701 0.6223730248988393 0
871 -1.485635995767784 0.5865178207745763 0
872 -1.462834628017923 0.6189832769827976 0
873 -1.446081855660957 0.583035718707571 0
874 -1.423157310648417 0.6155986147900168 0
875 -1.406372273602151 0.5795368170525239 0
876 -1.383345536896218 0.6122414206526714 0
877 -1.366483658947971 0.5759954060379338 0
878 -1.343255932209189 0.6089648799557508 0
879 -1.326348695244068 0.5724427051323693 0
880 -1.302868158613329 0.6056422664620227 0
881 -1.28593574868136 0.5688301471997683 0
882 -1.262662405447305 0.6022798128521716 0
883 -1.245279494632047 0.5651796846535126 0
884 -1.222482814262719 0.5993868656556913 0
885 -1.204304320598372 0.5616094357445962 0
886 -1.182880001745905 0.5968838662295017 0
887 -1.163001819377713 0.5597343526403491 0
888 -1.140721632000787 0.5933908181674665 0
889 -1.120928808263902 0.5540364186957405 0
890 -1.096781946507013 0.5889083984048811 0
891 -1.078283952590433 0.5521075367326973 0
892 -1.053740115488254 0.5856096272829276 0
893 -1.035430508624002 0.5464823962530627 0
894 -1.010433966368026 0.5818911427943387 0
895 -0.9919119613071068 0.5421440110683422 0
896 -0.9665504222487029 0.5782877192131628 0
897 -0.9476130937762607 0.5379208625916458 0
898 -0.9223723614747753 0.574612376003895 0
899 -0.9402581796003028 0.615495341993828 0
900 -0.8969506456379636 0.6127666436157073 0
901 -0.8780317192416802 0.5715526914118381 0
902 -0.8529465846850993 0.6084462516811477 0
903 -0.8720141418681255 0.6499583836818299 0
904 -0.8283833062779863 0.6450875907832292 0
905 -0.8083973784913872 0.6051163882685822 0
906 -0.7834458332986447 0.6426653723061222 0
907 -0.7630254930391351 0.6020118550399771 0
908 -0.7381231845488239 0.6401395062633286 0
909 -0.7586762461171174 0.6802821869684006 0
910 -0.7133419914590917 0.6781039777418252 0
911 -0.6925770731994824 0.6378232379272779 0
912 -0.6697102221473057 0.6775969341472845 0
913 -0.6878731005680644 0.717527895231465 0
914 -0.6433514384970677 0.7150817479088514 0
915 -0.6215064289248766 0.6689505488371736 0
916 -0.596851155206743 0.7124053126036041 0
917 -0.619052254057991 0.7545268654155131 0
918 -0.5726782124689463 0.7531391329758812 0
919 -0.5511535428126272 0.7128977493390636 0
920 -0.5261257787677458 0.7527789452913982 0
921 -0.5501266968831066 0.7920977743704627 0
922 -0.5030794953394531 0.7922083515379112 0
923 -0.4790752421116476 0.7519809764746948 0
924 -0.4546593301542388 0.7924017844760265 0
925 -0.4781415865292258 0.8337618876990036 0
926 -0.4304113868021878 0.8340015565018588 0
927 -0.4064033687595034 0.7918990363600225 0
928 -0.3823175904379362 0.8339634229762076 0
929 -0.4064721647542273 0.8757675644502729 0
930 -0.3584550452842649 0.8760063085077794 0
931 -0.3827530479076021 0.9181537937246327 0
932 -0.3344538447509769 0.9197642610319323 0
933 -0.309695983928623 0.8768096397228082 0
934 -0.2854406497440886 0.9201775518217472 0
935 -0.2599775567026552 0.8767145652884809 0
936 -0.2354838824165456 0.9203741772804948 0
937 -0.2616722885097777 0.9632728979302698 0
938 -0.2112208628848773 0.9643331498751548 0
939 -0.2373263119683952 1.007390663907691 0
940 -0.1868279508622639 1.009058064605858 0
941 -0.1601850411740034 0.9650724982948311 0
942 -0.1356278014015764 1.010299690960662 0
943 -0.1625851722653231 1.054248598649558 0
944 -0.1080273334509217 0.9658447896111786 0
945 -0.1111914195388309 1.05577970078663 0
946 -0.1390218155100369 1.100002428121365 0
947 -0.08696276603664477 1.101382017582855 0
948 -0.1148581968683238 1.145670436020828 0
949 -0.06262876440521607 1.146998208718244 0
950 -0.08997483838103804 1.190287236834502 0
951 -0.03784351051317788 1.192524933255864 0
952 -0.06544525662626399 1.235949243214254 0
953 -0.00481061994015688 1.150283873352487 0
954 -0.01326265601410708 1.238383105890867 0
955 -0.03995297572891031 1.282111253006567 0
956 0.01129823336504812 1.284487971241884 0
957 -0.01529791429593007 1.32816527725905 0
958 0.03573532346693963 1.330201569845788 0
959 0.008079404183759652 1.374393052535093 0
960 -0.04988376280295023 1.371427253414058 0
961 -0.01911186276119536 1.417329877244494 0
962 0.03207155212949523 1.419742130450533 0
963 0.005970650277735554 1.462521856819923 0
964 0.0554481169520674 1.463967986775649 0
965 0.02842401790811744 1.508010628941834 0
966 -0.01812482723225981 1.508312278121936 0
967 0.00348725619372724 1.552093909975062 0
968 0.05225995303528362 1.553062195701819 0
969 0.02550938808943826 1.595810196504277 0
970 -0.02223354562943648 1.594947706863077 0
971 -0.0009059192996015543 1.638450126682696 0
972 0.04879061109415004 1.639639082024177 0
973 0.02226487134192625 1.682206516838498 0
974 -0.02790935693779787 1.680472625186048 0
975 -0.004545986128099247 1.724701966494348 0
976 0.04201806731179531 1.725680348462094 0
977 0.01675245697667258 1.769793217596086 0
978 -0.03376546198494754 1.771369213069862 0
979 -0.009706241881108153 1.814097513816357 0
980 0.0416230891235198 1.814072405283854 0
981 0.01588208311851077 1.855697973677108 0
982 -0.03660849124786777 1.858134493582704 0
983 -0.01123305772515502 1.899563872840507 0
984 0.0396500718910047 1.900667200482705 0
985 0.01292614126216211 1.943026593386566 0
986 -0.03754186032478181 1.941904201959105 0
987 -0.01285528913808939 1.985193095107884 0
988 0.03686948516552334 1.987532531844524 0
989 0.01090723277717019 2.029584958284654 0
990 0.06037925003976358 2.03154401895856 0
991 0.03365130731908254 2.074497300986911 0
992 -0.01727247524943882 2.073830456831759 0
993 0.005590333053175629 2.119259766982341 0
994 0.05734957459962137 2.120168081785075 0
995 0.03056064129150782 2.163622340806866 0
996 -0.02207946021276327 2.162383077425918 0
997 0.00313105289460054 2.207422465627388 0
998 0.05509799881774861 2.20928570660117 0
999 0.02771237246250361 2.252963440802659 0
1000 -0.02674770712245409 2.249607414347858 0
1001 0.07929071996809511 2.254588700196839 0
1002 0.05207764887517678 2.298482593734948 0
1003 0.1034701331985373 2.300086285497359 0
1004 0.07643069312146158 2.343873731109569 0
1005 0.1275891191927958 2.345485662200615 0
1006 0.1006442771342433 2.389142729399778 0
1007 0.151670759087091 2.390750891093404 0
1008 0.1251663654458515 2.434113426895891 0
1009 0.17637271937963 2.435270892407183 0
1010 0.07098180060682542 2.43032181901446 0
1011 0.1495301531016507 2.479040065439431 0
1012 0.2001261771383949 2.481138109887277 0
1013 0.1730879404655999 2.524530677258118 0
1014 0.2241756641559861 2.525796817349092 0
1015 0.1971465931727512 2.569681132167609 0
1016 0.2482469428326621 2.571196747337308 0
1017 -0.1433199718725607 1.18767449832426 0
1018 0.1541199706254322 2.302298622664396 0
1019 0.2746083262864402 2.527301751688211 0
1020 0.2982754058782092 2.572144828457755 0
1021 0.2725306895602438 2.617404282995947 0
1022 0.3223437700626632 2.61629913324528 0
1023 0.3479888265772511 2.573782759368494 0
1024 0.3728296051167499 2.6164901994513 0
1025 0.3474862130790529 2.661497383505274 0
1026 0.3956854481713198 2.65946093987829 0
1027 0.4216871560527571 2.6168568998116 0
1028 0.443999548016365 2.659225638800629 0
1029 0.4200601040998246 2.698317796939926 0
1030 0.4680005616964607 2.700014539267734 0
1031 0.4906288979568035 2.659656018105863 0
1032 0.5143465910977216 2.700555580276908 0
1033 0.4923593993790798 2.73993394687488 0
1034 0.5392442860761011 2.740235559717136 0
1035 0.5647033628305991 2.693805279399135 0
1036 0.5864306813982112 2.738770554795317 0
1037 0.5636144030174467 2.780285521910692 0
1038 0.6099680393977842 2.778861626434861 0
1039 0.6320713120554082 2.738767096276217 0
1040 0.6557471293847223 2.777496428641026 0
1041 0.6767577663941122 2.737658136570303 0
1042 0.7005145552004137 2.775744360664007 0
1043 0.6796432732629731 2.815449718591594 0
1044 0.7245613384204656 2.813663010938 0
1045 0.7468747895460381 2.77488512340455 0
1046 0.7700831532232442 2.81210827926957 0
1047 0.7489267804312157 2.851340896722732 0
1048 0.7935645688853211 2.848976079351221 0
1049 0.8141852377418939 2.810039924727464 0
1050 0.8376289521659893 2.846383264368014 0
1051 0.8569227466505015 2.807485695078936 0
1052 0.8808121624682796 2.843587415148111 0
1053 -1.663261205980404 0.5672523146173871 0
1054 0.8614603865780468 2.882824144099399 0
1055 0.9050385806414318 2.879746053829044 0
1056 0.9239593378163511 2.840933030529165 0
1057 0.9480997229790372 2.876568751175208 0
1058 0.9668302178192055 2.838270243064517 0
1059 0.9907507170384857 2.873550019723284 0
1060 0.9721506014369227 2.912196692882966 0
1061 1.014991102452484 2.908725244710769 0
1062 1.033182635691894 2.870386380102651 0
1063 1.057364205399073 2.904981480507818 0
1064 1.075367682375201 2.866988249098833 0
1065 1.099309783015233 2.901257099579628 0
1066 -1.508397402812846 0.5537050862281541 0
1067 1.11697694846558 2.863763873315514 0
1068 1.140974916555577 2.897652240753315 0
1069 1.125377043482826 2.933219180961224 0
1070 1.166680857045269 2.930292371379247 0
1071 1.182203960318348 2.893569753192763 0
1072 1.206591754506309 2.927231096602765 0
1073 1.223364283589152 2.889371300941802 0
1074 1.247331461274998 2.923184634218104 0
1075 1.264289294897248 2.885949054640427 0
1076 1.287905818988352 2.919150810767721 0
1077 1.304531980692712 2.882369807988534 0
1078 1.328103459947497 2.915129638511421 0
1079 1.343809364105244 2.878965655075389 0
1080 1.368380065723366 2.911119741868563 0
1081 1.351643576919146 2.948258347722015 0
1082 1.392265094532849 2.943918922947922 0
1083 1.408889820631775 2.906764230178079 0
1084 1.43279150619045 2.939422823584453 0
1085 1.448951559387282 2.902378846057365 0
1086 1.473017485143012 2.934879541885628 0
1087 1.489080710614639 2.897994961135458 0
1088 1.513090405565156 2.930362270645214 0
1089 1.529113981931495 2.893613938120601 0
1090 1.553036176235777 2.925880594480796 0
1091 1.569016751299253 2.889223178988515 0
1092 1.592888233098046 2.921424990289032 0
1093 1.60897869649305 2.884765732199816 0
1094 1.632489831109756 2.915045737612881 0
1095 1.648858648230453 2.880051467354633 0
1096 1.672258077353238 2.910257722856681 0
1097 1.688660467796645 2.875506112726732 0
1098 1.712283833109017 2.907712172147084 0
1099 1.728541729973155 2.871336218612692 0
1100 1.752154281826748 2.903646998861406 0
1101 1.768472159370072 2.866949980271134 0
1102 1.79221238963942 2.899356667680271 0
1103 1.808650231745644 2.862307218563738 0
1104 1.832336380757386 2.894906650294277 0
1105 1.848899182045183 2.857714591068642 0
1106 1.872967380955426 2.892325543732222 0
1107 1.889179999911087 2.853583012420954 0
1108 1.91358978889952 2.88830997948461 0
1109 1.930065994578088 2.850791987278434 0
1110 1.954536226349983 2.884466235303294 0
1111 1.970901992307382 2.84512947538383 0
1112 1.995738980813023 2.879975493712266 0
1113 2.012519759928328 2.842058931760655 0
1114 2.037157383058193 2.873278261628283 0
1115 2.053740492155776 2.835136393359584 0
1116 2.079979543688296 2.869269374387287 0
1117 2.096038062700643 2.829413971076189 0
1118 2.121958647572771 2.863941909022794 0
1119 2.139127699824067 2.824254371823998 0
1120 2.164647517177434 2.859318482088007 0
1121 2.1823505798398 2.819162468752773 0
1122 2.208140724547992 2.854712550589413 0
1123 2.225592954556403 2.814381641987472 0
1124 2.199853904501347 2.779228611967885 0
1125 2.252333154706209 2.849997414958654 0
1126 1.937769282741062 2.924191607511917 0
1127 1.776010458589989 2.936599246080225 0
1128 2.242536519893371 2.774299918754191 0
1129 2.216834174028151 2.739906422919073 0
1130 2.147167790533155 2.896374848014692 0
1131 1.617143261993817 2.956359768698064 0
1132 2.259183572048791 2.734846957868251 0
1133 2.23380276959783 2.700759889868443 0
1134 -1.349477163039432 0.5404216721774331 0
1135 0.9966226218951182 2.948124507185998 0
1136 1.456926947862335 2.972341226792849 0
1137 -1.118640570699915 0.6348233827501364 0
1138 -1.784088527967283 0.5778115890741404 0
1139 1.192038539321008 2.962172535996318 0
1140 2.275965162696632 2.696014173222992 0
1141 2.251007291033196 2.66229092068674 0
1142 2.020567416091294 2.799556359361697 0
1143 0.0628372250894642 1.286516687161025 0
1144 -1.182822612682605 0.5240300665202793 0
1145 2.301782184405242 2.73040541242715 0
1146 2.296152722532041 2.658212577329818 0
1147 2.269864643054646 2.625111075983267 0
1148 1.089719987058003 2.831881220676473 0
1149 -1.06492673502011 0.5113332539234081 0
1150 0.1478582133540925 2.570036916636971 0
1151 2.226750719343188 2.629492475758007 0
1152 2.243381289899652 2.593086216125855 0
1153 2.285054016181996 2.588000252354273 0
1154 2.260821367179823 2.557534527353555 0
1155 2.298224559144789 2.551636580547839 0
1156 -1.242081697462036 0.6361679844319055 0
1157 1.909333909734817 2.814930101935782 0
1158 2.276070940760771 2.52145301043994 0
1159 2.31247671091764 2.515512962812895 0
1160 1.281404924602294 2.849386420500498 0
1161 2.333128305323423 2.545875413527673 0
1162 2.203760836637545 2.597578402729562 0
1163 2.289030976833101 2.484483945982381 0
1164 1.784829423718802 2.830335282108933 0
1165 -1.360655471426747 0.6449924238388991 0
1166 1.505378277609538 2.861470599734685 0
1167 2.327451559151786 2.479494527116552 0
1168 2.303768143026558 2.448336186710421 0
1169 1.625394025368635 2.84941561081737 0
1170 -1.557926275407405 0.6630301311398468 0
1171 -1.677834146068303 0.6734457596686843 0
1172 2.342317890665563 2.442491168579867 0
1173 2.318821966324827 2.412315515783709 0
1174 2.357425984770511 2.407289679158114 0
1175 2.333759940673045 2.37645579299305 0
1176 2.245252754028003 2.493628687378996 0
1177 2.38032811327049 2.435823662294987 0
1178 -1.825654718895817 0.5811815678983252 0
1179 -1.807612213512956 0.5434568344695685 0
1180 2.372429108765825 2.37144425768602 0
1181 2.348747560188695 2.340491688239255 0
1182 2.295384840407126 2.38138359162375 0
1183 2.387423024144042 2.335474116918402 0
1184 2.363740301487053 2.304496234015525 0
1185 -1.850860036846156 0.5474496614738247 0
1186 -1.833281735991655 0.5082812038545281 0
1187 2.402416257716276 2.299477958904968 0
1188 2.378733486103761 2.268493173004955 0
1189 2.340057521715651 2.273510297606408 0
1190 2.355050707870622 2.237507453093474 0
1191 2.393726673562242 2.232490513024558 0
1192 2.370043894372772 2.201504658063783 0
1193 2.426099035652295 2.330463635467673 0
1194 -1.789223523503713 0.5044930775560588 0
1195 -1.815379949233167 0.4683290271303897 0
1196 -1.769997878352229 0.4644675771135831 0
1197 -1.796970711624235 0.4274320230527773 0
1198 -1.75006590769567 0.4234335214162919 0
1199 -1.778083770576344 0.3855064806681883 0
1200 -1.731080124455321 0.3811817765252832 0
1201 -1.758951597243925 0.3424687836087554 0
1202 -1.711525681111004 0.3382695992764628 0
1203 -1.683984800266151 0.3772106519238108 0
1204 -1.663926373457071 0.3346686087295909 0
1205 -1.636985567914076 0.3734674311336714 0
1206 -1.616459416229759 0.330760524978897 0
1207 -1.589542559098931 0.3695966798918149 0
1208 -1.568926368625132 0.3270256559977716 0
1209 -1.542070212366811 0.3656992054572177 0
1210 -1.521359108616958 0.3231594106214584 0
1211 -1.494464723748792 0.3618472113790441 0
1212 -1.473688872311179 0.3191527400177185 0
1213 -1.689252653677076 0.294421823655074 0
1214 -1.446178208518224 0.3586869903486032 0
1215 -1.425819862144244 0.3152974086563765 0
1216 -1.397311757423088 0.3561730868380908 0
1217 -1.377707654556576 0.3110924471604903 0
1218 -1.34981215923929 0.3509445726138012 0
1219 -1.329709809130828 0.3067667676899888 0
1220 -1.842083141762968 0.4319747632935784 0
1221 -1.301850300484801 0.3466027748080578 0
1222 -1.281202236874039 0.3025515148992499 0
1223 -1.253249980821828 0.3426664516590394 0
1224 -1.23239940440677 0.298361759598297 0
1225 -1.204705289265474 0.3386493393388852 0
1226 -1.183203968889918 0.2950952751554565 0
1227 -1.987561985345415 0.9369519576853342 0
1228 2.40871986001871 2.196487711638536 0
1229 2.385037080558255 2.165501818503329 0
1230 -1.155353000985983 0.3349261201248732 0
1231 -1.133594136617041 0.2910087741524656 0
1232 -1.105336241531751 0.3287544945593679 0
1233 -1.083419262220995 0.2868789834575305 0
1234 -1.054898372014394 0.3245184263049299 0
1235 -1.03299775246615 0.2814016701046447 0
1236 -1.003855233075911 0.323380043725398 0
1237 -0.9815408956581956 0.2784184854097325 0
1238 -0.9520306138223487 0.320217353185271 0
1239 -0.9297324964628988 0.2726563064447216 0
1240 -0.8997422089339073 0.3156680446295905 0
1241 -1.548586286768708 0.2808945357140873 0
1242 2.31637474238403 2.242524422026709 0
1243 -0.87717073674687 0.2677402922954877 0
1244 -0.8467522826354071 0.3115184845663137 0
1245 -0.8238314424809883 0.2629665119295721 0
1246 -0.7935039985406098 0.3073361730231323 0
1247 -0.8165053808208153 0.3546319754666691 0
1248 -0.7634122513375919 0.3502757830009273 0
1249 -0.7398435203308887 0.3029451138319423 0
1250 -0.7097009908668317 0.3482384306865987 0
1251 -0.6854601479728269 0.3002412623110353 0
1252 -0.6545135705996299 0.3459527622854921 0
1253 -0.63039898209447 0.2964609336813018 0
1254 -0.5994346534687311 0.3417707496655202 0
1255 -0.6242264682665818 0.3912054605868027 0
1256 -0.5676934070476518 0.3894001482144778 0
1257 -0.5438115881457862 0.3381601401542289 0
1258 -0.5121400447509468 0.3857910781066405 0
1259 -0.4871301951769449 0.3345472435397774 0
1260 -0.4558833124349266 0.3824108967064197 0
1261 -0.4813126470438697 0.4331733984396877 0
1262 -0.425221481742609 0.430171296079995 0
1263 -0.3985742949233844 0.3792497567736977 0
1264 -0.3677180665795833 0.4282369610562919 0
1265 -0.3407270669256999 0.3766581720793525 0
1266 -0.3086690123136698 0.4261180232505954 0
1267 -0.2824836808607352 0.3727623571390759 0
1268 -0.2490268393623853 0.4239935695872599 0
1269 -0.2764770514377666 0.4763557753981353 0
1270 -0.2171547732184173 0.4752135950573924 0
1271 -0.1883658056809398 0.422111954239293 0
1272 -0.1557141627005099 0.4748117590205958 0
1273 -0.1264428483115137 0.4196518326135723 0
1274 -0.09380383074033696 0.472790685423782 0
1275 -0.1238545492656795 0.5273907327813416 0
1276 -0.06210802819365713 0.5256392185667909 0
1277 -0.03092473758306625 0.4711905201147311 0
1278 0.001386204706746248 0.5242730070632744 0
1279 0.03304674583369746 0.4695089541753434 0
1280 0.06588443280063727 0.5230489495429405 0
1281 0.09690334645179514 0.4684371298888297 0
1282 0.1287907076087705 0.5226874154384982 0
1283 0.09488465480911457 0.5861262543860166 0
1284 0.1599559593296067 0.5766669045482475 0
1285 0.1899732399446488 0.5225600261249461 0
1286 0.2199321875507875 0.5745128138756792 0
1287 0.1920281873816037 0.6229537598554986 0
1288 0.2500934528411055 0.6235749374909674 0
1289 0.2777975567022488 0.5771735393606492 0
1290 0.3063276411692779 0.6252390143578768 0
1291 0.2797879648916057 0.6709069436162549 0
1292 0.3349150532985737 0.6705427642763748 0
1293 0.3612493222473259 0.6270941532984584 0
1294 0.3880779617097899 0.671585866438416 0
1295 0.3648706370471127 0.7182547765710259 0
1296 0.4150815186730679 0.7154639754831051 0
1297 0.4400737435205869 0.6715948704838084 0
1298 0.4657002374897216 0.7126977182881538 0
1299 0.4405588509205736 0.7533828764316695 0
1300 0.4906490074827511 0.6707647847432539 0
1301 0.5156061087624438 0.7114686551275651 0
1302 0.540249343929093 0.670943970932353 0
1303 0.564411065510344 0.712626792430247 0
1304 0.5885241045042331 0.6711945461360491 0
1305 0.6122670787381896 0.7122862368343188 0
1306 0.6357980139280041 0.6714672066572493 0
1307 0.6593037188402084 0.7105081670734892 0
1308 0.6825001000742165 0.6715300096889729 0
1309 0.6391800619840567 0.7536869243444586 0
1310 0.705367589620591 0.7091328280972125 0
1311 0.7280615242928205 0.6717028459221319 0
1312 0.7505379057542735 0.7094988889555189 0
1313 0.7727933349242688 0.6718389994814831 0
1314 0.7945699646710711 0.7099331632362045 0
1315 0.8166494377989757 0.6720179291797088 0
1316 0.7947097008812898 0.6334925556858817 0
1317 0.8389907920170505 0.6342425454268923 0
1318 0.8608767416653309 0.6719824840640094 0
1319 0.8828451091096081 0.6349679047139836 0
1320 0.904537840148979 0.6719202226847014 0
1321 0.9260627471763316 0.6351917533726448 0
1322 0.9469770625775225 0.6723271559641719 0
1323 0.9686812252183536 0.6356795618534838 0
1324 0.9477883036959761 0.5982220950999084 0
1325 0.9907493524353708 0.599182547132916 0
1326 1.011281772563996 0.6364278227913256 0
1327 1.033333576548185 0.6002957929896251 0
1328 1.053551916943286 0.6373544208255078 0
1329 1.075375600435666 0.6014958113240367 0
1330 1.095343664344417 0.6381289489457547 0
1331 1.116917133434093 0.6026586220615582 0
1332 1.136759014592595 0.6387354985830813 0
1333 1.158540933434961 0.6036997033949743 0
1334 1.138512396444871 0.5670654418910195 0
1335 1.180242577955713 0.5684674911176721 0
1336 1.199977211841777 0.6049640925511404 0
1337 1.221748192655379 0.5700228547105273 0
1338 1.240916026307188 0.6063605478082743 0
1339 1.262831649537251 0.5716522096123469 0
1340 1.281831946579639 0.6077255559153656 0
1341 1.303636996671085 0.5732653857090559 0
1342 1.322501678753017 0.6090726023733564 0
1343 1.344247414168069 0.5728721598818201 0
1344 1.363003622598538 0.6084306348166619 0
1345 1.38458890523139 0.5737654865568542 0
1346 1.403405314670489 0.6093575620921661 0
1347 1.424686441855173 0.5770720970442316 0
1348 1.443431630126847 0.6126639500816107 0
1349 1.464664650653028 0.5791965196911912 0
1350 1.483248934808464 0.6145201666205962 0
1351 1.504549693347466 0.5809951482698452 0
1352 1.523085053367829 0.6160756907496037 0
1353 1.544355197251364 0.5823944810076171 0
1354 1.563069466107816 0.6176205527611054 0
1355 1.584178088102506 0.5842641572821941 0
1356 1.602967691657815 0.6190814040890855 0
1357 1.624009649211247 0.5854061221516746 0
1358 1.642926895298912 0.6206048741551318 0
1359 1.567137423751077 0.5494754769768451 0
1360 0.6125091211992995 0.6301229516936853 0
1361 0.9259235192631251 0.7082464202861791 0
1362 1.405997662185845 0.5421010421690946 0
1363 0.8165701052190016 0.595489762731702 0
1364 0.7733617109099864 0.7481246262416734 0
1365 0.9700502179836079 0.5609279811423422 0
1366 1.663956852777743 0.5871647357130385 0
1367 1.682637391074894 0.6221522117970122 0
1368 1.243448627112627 0.5347887796199977 0
1369 1.703959846788795 0.5882024974627451 0
1370 1.722869063000131 0.6235778053082224 0
1371 1.689416882563054 0.5535479883330683 0
1372 1.115992797208335 0.675294331279443 0
1373 1.301063292628321 0.6432596982371377 0
1374 1.744090265521377 0.5896308309193428 0
1375 1.762896668328201 0.6250517431353093 0
1376 1.741533101288702 0.6587405130631243 0
1377 1.78112816933205 0.6602318067164143 0
1378 1.423856958567977 0.6424224983488722 0
1379 1.542111843348354 0.6510283144641058 0
1380 1.759871224260049 0.6933386323984094 0
1381 1.798999688540525 0.6950757229426199 0
1382 1.784804790378071 0.5909290247678922 0
1383 1.778025023508361 0.7280039772828515 0
1384 1.817010549849974 0.7297126064551569 0
1385 1.837969798524536 0.6968338266514942 0
1386 1.855855905515839 0.731349908813494 0
1387 1.738952257365747 0.7262976272498993 0
1388 1.834998946961367 0.7643009611980687 0
1389 1.873979635303474 0.7660221902237128 0
1390 1.876645133029576 0.6985262033725865 0
1391 -0.09256828480293668 0.5801605918411581 0
1392 1.853017938966771 0.7989093505979334 0
1393 1.891977264766362 0.8007509810582405 0
1394 1.871023363047296 0.8335292910780847 0
1395 1.909986276672833 0.8352392487922304 0
1396 1.930936787035201 0.8025380098246162 0
1397 1.948948464657089 0.8369593491774303 0
1398 1.832061488374241 0.8318048210061537 0
1399 1.969904703460792 0.8041262021047075 0
1400 1.987912940754052 0.8386252329020809 0
1401 1.966953947578012 0.87152161563811 0
1402 2.005901552460502 0.8732299331917468 0
1403 1.984955616940488 0.9061131878514441 0
1404 2.023917904827024 0.9078184177131157 0
1405 0.0643240948426855 0.4135679936060748 0
1406 -0.4515390859692453 0.4800323495957004 0
1407 2.002961274153666 0.9407069417291152 0
1408 2.041924226681985 0.9424125352015083 0
1409 1.85006584286736 0.8664013964164188 0
1410 0.540916011175028 0.7551519747543187 0
1411 2.17501576646293 2.744979390931718 0
1412 -0.5062854694768908 0.4829057484186132 0
1413 0.1061931665269343 2.211445658218394 0
1414 0.2023963497915202 2.390609694346298 0
1415 0.08665889451870902 1.332459710272842 0
1416 0.1132392538381665 1.289094601364007 0
1417 0.1364817293922625 1.333783457299889 0
1418 0.162477715486548 1.291527781689216 0
1419 0.185055304561945 1.333998096579351 0
1420 0.2101783883016717 1.293891844815436 0
1421 0.2320825207351818 1.334717215261021 0
1422 0.2565342269689045 1.29617610405969 0
1423 0.2777014108683603 1.335683256072383 0
1424 0.3015055709909832 1.297783138133626 0
1425 0.2807785086568731 1.258476033157816 0
1426 0.3252863782535497 1.26025162521263 0
1427 0.3219492644399405 1.336827335033358 0
1428 0.3057958406185156 1.22172633574044 0
1429 0.34904873896119 1.223393293390659 0
1430 0.298990639182607 1.374020555801535 0
1431 0.3420679951794381 1.375093918945296 0
1432 0.3200238009984314 1.411376285431722 0
1433 0.3618895428184107 1.412400459003412 0
1434 0.3403547330553894 1.447872041000647 0
1435 0.3295585214690286 1.184588201761527 0
1436 0.3726936822396532 1.186370524910972 0
1437 0.3812587719740109 1.448869659963434 0
1438 0.3608030522554757 1.483231806283812 0
1439 0.4015801523774859 1.416064184065363 0
1440 0.4005189387102899 1.484634479163165 0
1441 0.3804955263950535 1.518260992175173 0
1442 0.3534129494358463 1.147795976609799 0
1443 0.3962910336165376 1.149462134483912 0
1444 0.4157756356573642 1.187872947317315 0
1445 0.4388220417851348 1.151954186740236 0
1446 0.4581089649304673 1.189265449836262 0
1447 0.4804110337690868 1.154514803100564 0
1448 0.4989243450695987 1.190660341350269 0
1449 0.5210069899772483 1.156485060829286 0
1450 0.5026144896562181 1.120685255595139 0
1451 0.5430718166051052 1.122690661088176 0
1452 0.5391448095816528 1.191888372103247 0
1453 0.4192426233542081 1.519331998266276 0
1454 0.3989006822637962 1.553113802779239 0
1455 0.4377626069714405 1.55405231629457 0
1456 0.4174390341467545 1.587455136821931 0
1457 0.4582113129901461 1.521451733274385 0
1458 0.378513621028515 1.586704705887312 0
1459 0.3971903554723806 1.620956025088584 0
1460 0.376337039596608 1.110449771848509 0
1461 0.3325686663771985 1.1108406152148 0
1462 0.3580782814509785 1.62008979563609 0
1463 0.3769364650398029 1.654466387045364 0
1464 0.4160300592960743 1.655172353101453 0
1465 0.3959306726574685 1.688680752455997 0
1466 0.4349370880320327 1.689332046642718 0
1467 0.4148858664964459 1.722796807256593 0
1468 0.3762714308038347 1.723547553444276 0
1469 0.3949824827143242 1.75639370331919 0
1470 0.4338467678475516 1.756883323468944 0
1471 0.4138239617162309 1.790376693496005 0
1472 0.3752033750176673 1.789964779170472 0
1473 0.3938508263974877 1.823858244099342 0
1474 0.4327813230165452 1.824426407924215 0
1475 0.4127686257524675 1.857915098217655 0
1476 0.3736819312068711 1.857273642547721 0
1477 0.3927374424598233 1.891402952000378 0
1478 0.4317525022654369 1.891976556289921 0
1479 0.4117837032173504 1.925478557831331 0
1480 0.4507810926763126 1.926020754411558 0
1481 0.4308185058570559 1.959533346055343 0
1482 0.3917480833219517 1.958964447703482 0
1483 0.4108512447025503 1.993063039993176 0
1484 0.4498631029140763 1.993572145440119 0
1485 0.4300464786827348 2.027029569847873 0
1486 0.4689443891904528 2.027584912703798 0
1487 0.4491378185714275 2.06103894475031 0
1488 0.4880207677113918 2.061600505499442 0
1489 0.4680993549404264 2.094622117739065 0
1490 0.5070721162465368 2.095547619836678 0
1491 0.4871327874377881 2.129159635172022 0
1492 0.5261312930390347 2.129642376969881 0
1493 0.5071107886659442 2.163719238959811 0
1494 0.5453492026189133 2.163765430577419 0
1495 0.5254450024109566 2.197305936199751 0
1496 0.5642647542820219 2.197699110717242 0
1497 0.5443650099563576 2.231239992575762 0
1498 0.5833151670568933 2.231763565121123 0
1499 0.5634051266531497 2.265253737852646 0
1500 0.6023970156191918 2.265778422130657 0
1501 0.5831242300785936 2.298906106106248 0
1502 0.6215759165260786 2.299708556517937 0
1503 0.602454776509465 2.332931267186365 0
1504 0.6407058710595515 2.333715099243004 0
1505 0.545363548556923 2.297427648323501 0
1506 0.620922844075617 2.367316936909029 0
1507 0.6596467342654736 2.367815303539954 0
1508 0.4873367484806302 2.19656382866909 0
1509 0.4294462964288854 2.094421865392803 0
1510 0.5248302588928737 1.087059188034224 0
1511 0.5649641108814605 1.08922487544153 0
1512 0.3716029006032081 1.992813635288258 0
1513 0.6397335467831731 2.401331158899996 0
1514 0.6786497879419848 2.401894403292992 0
1515 0.6587475528243641 2.435360706004498 0
1516 0.6977348649933104 2.435905662507923 0
1517 0.3563389104888055 1.070477470136361 0
1518 0.3105518445635433 1.070783883174378 0
1519 0.6011071860875342 2.400782406215657 0
1520 0.5468721332437821 1.05348373896623 0
1521 0.5868665724386631 1.055861551314487 0
1522 0.6046038226278185 1.09145223684184 0
1523 0.6263174613146396 1.058439341385351 0
1524 0.6437436023505665 1.093700888568836 0
1525 0.6653613377005211 1.061118971825276 0
1526 0.4766927713528324 1.555278558017332 0
1527 0.4971014409354689 1.523040550664688 0
1528 0.6827180447557889 1.096094869541083 0
1529 0.7043079759370851 1.063602192429384 0
1530 0.6869779673288011 1.028671686509644 0
1531 0.7258998331802398 1.031125384362222 0
1532 0.6778096070865052 2.469342795746838 0
1533 0.7168055145785246 2.469833807465352 0
1534 0.7085652160540423 0.996190922764121 0
1535 0.7474878655759343 0.9986456955980216 0
1536 0.507918682617135 2.028098143835058 0
1537 0.3200423521468334 1.482723167248686 0
1538 0.3358544344067989 1.029463003346017 0
1539 0.2896824295093198 1.02664407809306 0
1540 0.7366894837908622 2.436471415605893 0
1541 0.7557939820624084 2.470433421301585 0
1542 0.7648232482914035 1.03358082687976 0
1543 0.7864106492577143 1.001100633149372 0
1544 0.5690452033630496 1.019527429512116 0
1545 0.5176808764670061 1.225654953267113 0
1546 0.5570840867641971 1.226886682000943 0
1547 0.5363495103798794 1.259953318351187 0
1548 0.5753965207751357 1.261351347449968 0
1549 0.5546304571312966 1.294410097038814 0
1550 0.7358728839738576 2.503888022704106 0
1551 0.7751714588062902 2.504227118817811 0
1552 0.794797478086444 2.47095216708178 0
1553 0.8138793642367208 2.504895722587804 0
1554 0.7940426410140717 2.537762362904249 0
1555 0.8329693090659515 2.537583482404502 0
1556 0.5936076844184496 1.295820847609715 0
1557 0.6794634157463977 2.334377379193674 0
1558 0.5841940110937287 2.164175615628794 0
1559 0.2632663433931521 1.072310619823795 0
1560 0.2410142709931025 1.027420901909812 0
1561 0.2681348412363391 0.9835892365148724 0
1562 0.2186255768277599 0.9816681938420238 0
1563 0.5156385831647077 1.556504439535324 0
1564 0.536061555145847 1.524306206605474 0
1565 0.8037460333262474 1.036036155006229 0
1566 0.8253333473969696 1.003555644449433 0
1567 0.808011198855447 0.9686289314873341 0
1568 0.8469228539105416 0.9710765489292854 0
1569 0.8528633643017309 2.505380508098854 0
1570 0.8719359428336171 2.539248695459764 0
1571 0.8494848202861125 2.57409946211423 0
1572 0.8919019375035973 2.572556103957842 0
1573 0.6144294103106542 1.262553412235776 0
1574 0.9109277610434572 2.53989899345119 0
1575 0.930144954499749 2.573849953032021 0
1576 0.2456639690601944 0.9393749390392547 0
1577 0.1952538485787045 0.9364179168370494 0
1578 0.9128946301327086 2.603448838575746 0
1579 0.9495776280553436 2.60582405415869 0
1580 0.9691009399527823 2.574205286070364 0
1581 0.988163645958943 2.608050283613084 0
1582 0.528222763337115 1.017222468889809 0
1583 0.550988619623324 0.9824876520285255 0
1584 0.5091098536047491 0.980084568720027 0
1585 0.5728889283154233 1.328869532078274 0
1586 0.611862048394668 1.330281471715537 0
1587 0.8642563885762647 1.006010783555331 0
1588 0.8858437454327692 0.9735302415432461 0
1589 0.8685083865904992 0.9385948095539094 0
1590 0.9074307562807198 0.9410494678160204 0
1591 0.8900953397701056 0.9061139972076284 0
1592 0.9290179462105459 0.9085688099744496 0
1593 0.94635330608372 0.9435042438327939 0
1594 0.9679405810678885 0.9110236412942934 0
1595 0.1399980948374651 1.242634101668175 0
1596 0.9663141252487186 2.638063175848375 0
1597 1.007104139572279 2.641597983716723 0
1598 1.027070014537501 2.608727687332611 0
1599 1.046122508137036 2.642778662318021 0
1600 1.066055355245358 2.609369031140471 0
1601 1.085121010866443 2.643413996140603 0
1602 0.1675246024565283 0.9801672961675481 0
1603 0.1435989146198292 0.9337314548567206 0
1604 0.1719131160020617 0.88964472815249 0
1605 0.1188918217436603 0.8866817555561457 0
1606 0.5546122191207812 1.55766294571293 0
1607 0.5745651458501899 1.524820162840346 0
1608 0.985275945677194 0.9459590782448204 0
1609 1.00686323562646 0.9134784854388507 0
1610 0.9895278656327515 0.8785430449839919 0
1611 1.028450527304069 0.8809978937568084 0
1612 1.011101978055523 0.8462714206174784 0
1613 1.050035623912717 0.8485521309193853 0
1614 1.067372823688665 0.8834585477002537 0
1615 1.088960056436451 0.850978924816187 0
1616 0.364197604015959 1.342609597357172 0
1617 1.106295720656822 0.885909688862871 0
1618 1.127883053501868 0.8534284805153327 0
1619 1.105050547002208 2.609913474166601 0
1620 1.124117844464791 2.643942289036445 0
1621 -0.09335772274822422 1.275185716938269 0
1622 0.1283573553342955 0.4128231525494723 0
1623 1.02619486768249 2.676480449465783 0
1624 1.811075656107376 0.8646749010937378 0
1625 1.706831664140765 2.841368115304072 0
1626 1.622028306624868 0.6541038206338188 0
1627 0.08660555580442576 1.990004574261159 0
1628 2.044972235771983 0.8751209432501099 0
1629 -1.031733516990727 0.6198751435412739 0
1630 -1.439599903412546 0.6513655897001602 0
1631 0.5877126401051743 2.820461581120363 0
1632 -0.1525401096593164 0.5817474462348715 0
1633 -0.1225053008215255 0.6331844111075609 0
1634 -0.1798662637994909 0.6333386049774794 0
1635 0.8336437616413612 2.77124864639452 0
1636 0.109578607918877 2.032666272059432 0
1637 0.1351379997273342 1.992364730933547 0
1638 0.1574463812707245 2.033737860398197 0
1639 0.1823016434125222 1.994088021789142 0
1640 0.2039119203127963 2.035037731291504 0
1641 0.1606764746586928 1.953090397744242 0
1642 1.200818691683685 2.853403285091218 0
1643 0.2053880624846204 1.955738070979572 0
1644 0.1816577292976684 1.915331267417491 0
1645 0.6556185413942873 2.702581799980005 0
1646 1.219277632062169 0.6411243091782766 0
1647 0.5145389642515874 1.49237282371336 0
1648 -0.4303364240710799 0.9168991055261579 0
1649 -0.4072633159887266 0.9585861932348884 0
1650 -0.4533064445740621 0.9570899486937141 0
1651 -0.4312694705926164 0.9967146353744581 0
1652 -0.475607071791363 0.9961982152897038 0
1653 -0.4544340964368712 1.034234486846416 0
1654 -0.4972143923696993 1.034171194826138 0
1655 -0.4768294136439921 1.071238266878663 0
1656 -0.5184790922617351 1.071070996664618 0
1657 -0.4983874832840433 1.107164447301182 0
1658 -0.5391954871895067 1.106545666321278 0
1659 -0.5192022860265724 1.142247947580747 0
1660 -0.55920654491485 1.071434707372941 0
1661 -0.5794484815430078 1.106323208129097 0
1662 -0.5993166628684452 1.071949367439885 0
1663 -0.4786789651807859 1.14301983739949 0
1664 -0.4993460661838695 1.17772661011788 0
1665 -0.4591759930518197 1.17844557074605 0
1666 -0.4801096104266847 1.212763579742572 0
1667 -0.5197361663780822 1.212010821438188 0
1668 -0.5009229372381875 1.246685008252141 0
1669 -0.4612985063898925 1.247726856782525 0
1670 -0.4821200448096042 1.281371375751804 0
1671 -0.4426579767659358 1.282540907730642 0
1672 -0.463411586848801 1.316053054062809 0
1673 -0.4247862620304645 1.317772021457789 0
1674 -0.4447822434835704 1.351004368129112 0
1675 -0.4062993450182838 1.352802398017915 0
1676 -0.4260696605639185 1.386118571800217 0
1677 -0.3864709030879038 1.387298032790253 0
1678 -0.407099699778653 1.421194468241593 0
1679 -0.3672039865763096 1.422298371408138 0
1680 -0.3883569083118131 1.456213767231048 0
1681 -0.4277174904093723 1.454959973333522 0
1682 -0.409268360591924 1.489767554638798 0
1683 -0.369993115126646 1.491305180366673 0
1684 -0.3910753260382316 1.524561419264984 0
1685 -0.4301915903168346 1.522935598161403 0
1686 -0.4121546521107281 1.557741855452384 0
1687 -0.3729377917161951 1.55940370205309 0
1688 -0.3941403271452705 1.592608135583026 0
1689 -0.3547352945635847 1.594474786722282 0
1690 -0.3761338301226307 1.627519521796405 0
1691 -0.4152639297114258 1.625621721847935 0
1692 -0.3973913060534085 1.660468208023611 0
1693 -0.3586392879194366 1.662647340955237 0
1694 -0.3796776218943669 1.695416645946101 0
1695 -0.6186686645062573 1.106070022088381 0
1696 -0.6383737853629348 1.072182180165623 0
1697 -0.4185744730693292 1.693192967835617 0
1698 -0.4010019725102368 1.728043520088286 0
1699 -0.3632158026963984 1.733301217695361 0
1700 -0.3838777364637702 1.76333450608351 0
1701 -0.4223653670330034 1.760591811729279 0
1702 -0.4049991909624582 1.795560477932838 0
1703 -0.3686078125442173 1.802391026125853 0
1704 -0.3878029308558816 1.830660702953016 0
1705 -0.4264814691794407 1.827977728762872 0
1706 -0.4091500372348965 1.862944188011268 0
1707 -0.3705715544127812 1.865649665967773 0
1708 -0.3922206090247466 1.898114164601736 0
1709 -0.4304788928836712 1.89518529756068 0
1710 -0.4139472209117202 1.93053129404145 0
1711 -0.3756776045584768 1.932841210138932 0
1712 -0.3970561316110736 1.965629910281596 0
1713 -0.4358404130669944 1.962967011173254 0
1714 -0.418953680797522 1.998116500641805 0
1715 -0.3801713268344052 2.000815653257002 0
1716 -0.4020810839162149 2.033371306811767 0
1717 -0.441068580073156 2.030410686011449 0
1718 -0.4243490958513751 2.065829378241 0
1719 -0.3849251996949664 2.068838342733718 0
1720 -0.4074556246985384 2.101362259126555 0
1721 -0.4466829361731539 2.098150317152828 0
1722 -0.4300393763807558 2.13370814089211 0
1723 -0.4690615939261535 2.130324103221665 0
1724 -0.4525729144917752 2.165930686810322 0
1725 -0.4136541274844038 2.170246832916204 0
1726 -0.4360303319302001 2.20174099864855 0
1727 -0.4736559404396828 2.196559304691776 0
1728 -0.4572761433285802 2.233627406885186 0
1729 -0.4201340325385515 2.238400264857704 0
1730 -0.442348523377513 2.270593326468524 0
1731 -0.4855842530122128 2.267821826057807 0
1732 -0.4660502249506638 2.303116283021479 0
1733 -0.4273784389510761 2.308373987522444 0
1734 -0.4500009014554667 2.340788779847363 0
1735 -0.491441735076565 2.338502103077588 0
1736 -0.4755952330031845 2.375023975731789 0
1737 -0.4354180996495499 2.379844292321598 0
1738 -0.4586228433958677 2.41254374069303 0
1739 -0.5004446072866506 2.407482978797725 0
1740 -0.4842505137261212 2.446037261572604 0
1741 -0.4414678945190015 2.451239779880217 0
1742 -0.4675227912661178 2.485135151380649 0
1743 -0.5099930852389629 2.479305424905442 0
1744 -0.493753147117884 2.518854578485514 0
1745 -0.535977123828061 2.512960833591672 0
1746 -0.5202116239696162 2.552975592769188 0
1747 -0.4770281645736748 2.559044751298952 0
1748 -0.5040954887409943 2.593543277040469 0
1749 -0.5473905668844014 2.587198990362967 0
1750 -0.4600188586290507 2.600128276668504 0
1751 -0.5314369779607598 2.628061149457311 0
1752 -0.5750624752172127 2.621645670846783 0
1753 -0.558946403407505 2.662578611774554 0
1754 -0.6026861662073097 2.656145039641115 0
1755 -0.5864982362574648 2.697199354520844 0
1756 -0.6300174702757597 2.690471252622336 0
1757 -0.6142075428110763 2.731783176270788 0
1758 -0.6577981005381089 2.72512399507357 0
1759 -0.5706655813892464 2.739592656284122 0
1760 -0.6419563141778638 2.766693874090333 0
1761 -0.6855902432665145 2.759943172155609 0
1762 -0.6698330123797592 2.801836530477527 0
1763 -0.7137346979363431 2.795031204285281 0
1764 -0.697887849611138 2.83722309828578 0
1765 -0.742434806564635 2.830266682212554 0
1766 -0.7550198395485455 2.783987113867064 0
1767 -0.7892422340379356 2.815340467110008 0
1768 -0.7712772331722373 2.863536535013318 0
1769 -0.8153744497530726 2.855999241951596 0
1770 -0.8359233611273635 2.816386424188278 0
1771 -0.8597924706084866 2.84997724407497 0
1772 -0.8435161071373682 2.891443693682342 0
1773 -0.8870652828054364 2.883608108432128 0
1774 -0.9021514074413635 2.842758023902567 0
1775 -0.929882413290779 2.875704406552066 0
1776 -0.9441768911919013 2.835272360832051 0
1777 -0.971875429540512 2.867683550550669 0
1778 -0.9578146845611601 2.908106201147951 0
1779 -0.9999492946189804 2.89999394146469 0
1780 -0.6456911081215341 2.649512765247974 0
1781 -1.015005530797105 2.860142866499792 0
1782 -1.042510401500401 2.891878815604295 0
1783 -1.028344064105686 2.932127736376129 0
1784 -1.070281577455652 2.923504058412125 0
1785 -1.084031497412991 2.883501416688253 0
1786 -1.111750414105616 2.914687395521603 0
1787 -1.124429133996701 2.87493859206373 0
1788 -1.15242857870333 2.905806872030456 0
1789 -1.139840827950553 2.945796956734674 0
1790 -1.180798581977712 2.936728043022628 0
1791 -1.193185770977387 2.8969832773255 0
1792 -1.221428877509859 2.927496412528299 0
1793 -1.233737140053619 2.888165606616251 0
1794 -1.261781631867701 2.918417740988419 0
1795 -1.249695607356217 2.957853619154236 0
1796 -1.29019358506802 2.948636915426698 0
1797 -1.301654732690718 2.909206948400373 0
1798 -1.330273929377479 2.938946392131553 0
1799 -1.341612866669052 2.899825194130816 0
1800 -1.369912516135636 2.92920288159907 0
1801 -1.381534104951294 2.890429591875411 0
1802 -1.409720821756114 2.919556323164711 0
1803 -1.398046219059781 2.958882010080974 0
1804 -1.437857521229225 2.948908466957275 0
1805 -1.449281424278341 2.909770208173439 0
1806 -1.477416113098519 2.938844438826096 0
1807 -1.488452411204288 2.899701831515401 0
1808 -1.516259848549166 2.927536144049365 0
1809 -1.527686695040781 2.889951578685062 0
1810 -1.555119331350039 2.917357437542979 0
1811 -1.566385191810982 2.880171247994494 0
1812 -1.594618305446252 2.908370325738481 0
1813 -1.580350427184099 2.944250115450469 0
1814 -1.622100413272953 2.936031634159202 0
1815 -1.633698119806469 2.89812237078999 0
1816 -1.661701575283607 2.92585818270142 0
1817 -1.672734055133943 2.88789326989795 0
1818 -1.70080746782512 2.915468672206883 0
1819 -1.711595483839084 2.877610931970471 0
1820 -1.739824028678019 2.905439807592029 0
1821 -1.750402960249257 2.867359581283437 0
1822 -1.77867819104762 2.895136546043794 0
1823 -1.789229830250583 2.857047537741942 0
1824 -1.817569453994155 2.885093804021042 0
1825 -1.828021974331217 2.846786446498825 0
1826 -1.856399209721451 2.874823319326068 0
1827 -1.866606109189537 2.836437657995909 0
1828 -1.89531525083384 2.86480526404513 0
1829 -1.905569827011253 2.826054988411053 0
1830 -1.934278231143139 2.854487847019609 0
1831 -1.944995726883519 2.815475037996411 0
1832 -1.973428427366707 2.844164695420525 0
1833 -1.984314763634294 2.804903487402009 0
1834 -2.012651802554994 2.833742311598996 0
1835 -2.023320448088437 2.794434141150064 0
1836 -2.052123906578943 2.823369829690949 0
1837 -2.062908044409444 2.78381607270136 0
1838 -2.091847972006153 2.81292244485318 0
1839 -2.102704728761041 2.773079804569366 0
1840 -2.131711781452263 2.802290756057825 0
1841 -2.142675876618818 2.762268148928334 0
1842 -2.172133515622128 2.791712050056701 0
1843 -2.182966642932319 2.751449113190293 0
1844 -2.120983479788531 2.842755231461684 0
1845 -1.962908930975243 2.884285095365079 0
1846 -2.212864802859588 2.781137821076206 0
1847 -2.223814458127804 2.740196071461956 0
1848 -1.804081314921747 2.92500585460707 0
1849 -2.254015925056641 2.770362191216551 0
1850 -2.264810162907582 2.729121734775775 0
1851 -2.234829016138077 2.69957878264124 0
1852 -2.275298016783914 2.688350300588311 0
1853 -1.651657960520771 2.966708587909279 0
1854 -1.278303472794439 2.989107330339006 0
1855 -1.42660186480391 2.988948962504642 0
1856 -2.245852009689864 2.659254623951602 0
1857 -2.28553977505139 2.648258406558515 0
1858 -2.295490501005966 2.759379692577164 0
1859 -2.284369667521647 2.801632309753114 0
1860 -0.652506879711137 2.844392607260716 0
1861 -2.25660956908883 2.619681559566335 0
1862 -2.295595606217372 2.608881926585904 0
1863 -2.267263644675736 2.580685159263939 0
1864 -2.305380062846313 2.570456383188593 0
1865 -2.23074148697437 2.591708930150492 0
1866 -2.328018260836457 2.789861427355627 0
1867 -2.315505146969342 2.833700298755123 0
1868 -2.277538560991991 2.542393988656804 0
1869 -2.313109412910682 2.531748731335403 0
1870 -2.034388979507018 2.75674236453429 0
1871 -1.352569414638863 2.86179729145841 0
1872 -2.332291416006305 2.595239995848337 0
1873 -2.287183699752886 2.50437026127056 0
1874 -2.322716869872026 2.493426985190643 0
1875 -1.916363357021511 2.787352789243264 0
1876 -1.683482357272387 2.844666393978501 0
1877 -1.538746805074459 2.852061015867464 0
1878 -1.799766550825295 2.818733062886444 0
1879 -2.360725500152907 2.82164345568719 0
1880 -2.347985436616987 2.867083852340316 0
1881 -2.297550853297578 2.466664738011552 0
1882 -2.332893089778561 2.456677229570926 0
1883 -0.5026194189897001 1.314672627080816 0
1884 -2.307837723364891 2.429097584250645 0
1885 -2.341431773451644 2.421715960900776 0
1886 -2.393171808674507 2.855095097853095 0
1887 -2.381284413887535 2.901286405719639 0
1888 -2.334635467257423 2.913269785660648 0
1889 -2.368803697933969 2.948359890792781 0
1890 -2.320569467628838 2.960617472767709 0
1891 -2.355204619908114 2.996703574852745 0
1892 -2.306500309899053 3.008584342304868 0
1893 -2.404474553321367 2.983872058182472 0
1894 -2.360482172441311 2.48395340982634 0
1895 -2.258566924202533 2.476290835072536 0
1896 -2.390593077263106 3.033623279647748 0
1897 -2.405700160073233 2.808798607648582 0
1898 -2.316967658098224 2.391084171961667 0
1899 -2.359431407839686 2.387526307770593 0
1900 -2.329182525690682 2.35489246552376 0
1901 -0.6578037671246305 1.106026576438349 0
1902 -0.6773966478726186 1.072274770267882 0
1903 -2.441332156102565 3.020359089526301 0
1904 -2.363956899881743 2.34390886750536 0
1905 -0.6581275963224616 1.03852526982682 0
1906 -0.6970163491222208 1.038564138832111 0
1907 -2.426908534067612 3.071581741202671 0
1908 -2.337544126461646 2.315927279566765 0
1909 -2.479320930993545 3.057969588267031 0
1910 -0.7164023085940113 1.072378266575679 0
1911 -0.7359985985237885 1.038659373758755 0
1912 -0.7165921722807671 1.004831259061518 0
1913 -0.7555891407977215 1.004936585715156 0
1914 -2.439330866350952 2.842950563876183 0
1915 -0.4048806136076598 1.284567731660365 0
1916 -2.372521372149532 2.30461169714186 0
1917 -0.736181562354929 0.9711620475348055 0
1918 -0.7751808468905064 0.9712779585066061 0
1919 -0.7945879393473074 1.005053666533015 0
1920 -0.8141805640461787 0.9713340768930964 0
1921 -0.7949479085384068 0.9376615013110761 0
1922 -0.8338023909240444 0.937630581419211 0
1923 -2.348167993578846 2.278295364623568 0
1924 -2.451744256971465 2.795604288170207 0
1925 -2.464625893106676 3.110686501105303 0
1926 -2.411194914243174 3.123584429820874 0
1927 -0.3463869827338719 1.386901614898219 0
1928 -2.290199088935244 2.362973463626524 0
1929 -2.387801411413319 2.368322836623893 0
1930 -0.8531851681124563 0.9714359998280024 0
1931 -0.872778783082526 0.9377138937350955 0
1932 -0.8533688055985705 0.9039729682370434 0
1933 -0.8923671536985076 0.9040722358996653 0
1934 -2.383842791871615 2.267139705126387 0
1935 -2.35510545331686 2.23976986293195 0
1936 -0.9117741027206432 0.9378302440305837 0
1937 -0.9313661900644906 0.9041105539876488 0
1938 -2.393488955560278 2.229559566854919 0
1939 -2.364386702173244 2.20191567404599 0
1940 -0.9118291280071746 0.8704155940181395 0
1941 -0.9509370286775094 0.870400314805158 0
1942 -0.970362097243924 0.9042083719502405 0
1943 -0.9899542684414391 0.8704855850102451 0
1944 -2.51837872176622 3.096464688311924 0
1945 -0.9705514036995145 0.8366512247599713 0
1946 -1.009550477027398 0.8367888529167722 0
1947 -1.028957482958783 0.8705929902888754 0
1948 -1.048550760043161 0.8369011842184271 0
1949 -1.067957967589192 0.8707011054480067 0
1950 -1.087550870561385 0.8369800077762384 0
1951 -2.486079656689262 2.830515006689963 0
1952 -2.539065712191198 3.037983904853881 0
1953 -2.498038062189637 2.783085939473857 0
1954 -0.6381677534213764 1.139865685712133 0
1955 -2.503360437386694 3.151045799351906 0
1956 -1.106957968488855 0.8708037542965814 0
1957 -1.126550790839258 0.8370817455730537 0
1958 -2.403160835935928 2.191817263436003 0
1959 -2.37533479237931 2.164475685614469 0
1960 -2.315343456260424 2.251678610427248 0
1961 -2.559265564443851 3.136302635849029 0
1962 -2.41905565318105 2.258736771116536 0
1963 -0.9902468302138889 0.802965120785855 0
1964 -1.145957857060002 0.87090931113323 0
1965 -1.165550660688985 0.8371877870743822 0
1966 -2.463977602173608 2.748724030431438 0
1967 -2.509726901284787 2.736295069913253 0
1968 -2.206035830666414 2.670199152049222 0
1969 -0.4980938031834848 0.9619926733897202 0
1970 -1.146143606754409 0.8033592579992654 0
1971 -1.185143463676922 0.8034662039833012 0
1972 -1.204550518026203 0.8372947228829779 0
1973 -1.224143316449533 0.8035734286527885 0
1974 -1.243371057020805 0.8367644790775306 0
1975 -1.263113283452292 0.8035744178592132 0
1976 -1.283922483954867 0.8358376374310108 0
1977 -1.302363778057523 0.8045727157284956 0
1978 -0.6997231839381701 2.716542902731793 0
1979 -2.114076998264141 2.731906683352556 0
1980 -2.47595741648809 2.703014366905951 0
1981 -2.533462986011568 2.817270278228408 0
1982 -1.097470219602662 2.844368273275882 0
1983 -1.205888352209158 2.858223494037614 0
1984 -0.8719685256433615 2.925711229633863 0
1985 -0.4100664692765447 1.035957476098589 0
1986 -0.9171312735060422 2.802909176402697 0
1987 -0.4653100955572971 1.384534159413394 0
1988 -0.5519923683643364 2.47404549242546 0
1989 -2.272162340082202 2.972740048867438 0
1990 -2.25804960962744 3.020321525505392 0
1991 -1.461336935511645 2.871917438869514 0
1992 1.425142993938108 2.869886551449155 0
1993 0.7010832429331504 2.701802052360747 0
1994 0.7731797564593049 2.889242326944681 0
1995 1.031860963548458 0.8137812466276468 0
1996 -0.1898989752796307 1.098758543369044 0
1997 -0.9579217280903782 2.795813534017169 0
1998 -0.9316941486742245 2.764305575582427 0
1999 -0.9727930944021352 2.758063169622908 0
2000 -0.9458137299700753 2.726972025047883 0
2001 -0.986377016032582 2.721285293864271 0
2002 -0.9594777337121354 2.690208008532221 0
2003 -0.9980235452794435 2.683812429345614 0
2004 -0.9724349740882218 2.653255517272606 0
2005 -0.9340869926721411 2.660071317442033 0
2006 -0.9473643498305071 2.623392827556929 0
2007 -0.9089614213035523 2.630178518099221 0
2008 -0.9222797815290897 2.593521658222561 0
2009 -0.8834272385717297 2.601503763244113 0
2010 -0.897125503243829 2.56385263533744 0
2011 -0.8584116471921337 2.573261305182264 0
2012 -0.8720450859126818 2.534288850462383 0
2013 -0.8337906049985 2.542517315935121 0
2014 -0.8470427372192001 2.504325682808377 0
2015 -0.8086500123222327 2.511094207919029 0
2016 -0.8219668079264723 2.474182764788759 0
2017 -1.010922701301013 2.646573267296517 0
2018 -1.036104946582542 2.676843817519174 0
2019 -0.7835618195980332 2.480921331504458 0
2020 -0.7968873485269579 2.44421826030782 0
2021 -1.049283736641699 2.639760945508882 0
2022 -1.074371100667693 2.669610803059453 0
2023 -0.7586242864181584 2.450866901907393 0
2024 -0.7718324107004354 2.414303232552768 0
2025 -0.7335734355203993 2.420960120273298 0
2026 -0.7467626735163597 2.384421058912501 0
2027 -0.7085665905651521 2.391028544570336 0
2028 -0.7216978040964435 2.35454022861322 0
2029 -0.9355927058876766 2.556901728168254 0
2030 -1.087642317494925 2.632843348701558 0
2031 -1.112742947927436 2.662715256439974 0
2032 -1.062558739443106 2.603021200710783 0
2033 -0.6825727144169075 2.359258943797351 0
2034 -0.6968052733978617 2.324071138796103 0
2035 -0.7451201297493147 2.487975361460711 0
2036 -0.860370345007746 2.467329321113428 0
2037 -0.870544820472498 2.636957057420905 0
2038 -1.126044913261722 2.62604068670051 0
2039 -1.151139752316541 2.655895118727291 0
2040 -0.57759217402964 2.5066432415051 0
2041 -0.7349793307358943 2.3179257242174 0
2042 -0.7099397225643185 2.287951415472921 0
2043 -0.6718768203821989 2.29443593783825 0
2044 -0.6848929399697498 2.25810462511379 0
2045 0.3374724202039273 1.654192170285117 0
2046 0.3182243265210681 1.618791199986552 0
2047 0.2969472001507767 1.653871398016884 0
2048 0.2770863762288177 1.616872579684147 0
2049 0.2552914711929435 1.652884502394822 0
2050 0.09588621412318873 0.3575329515687633 0
2051 0.1593792406564133 0.3560656908084212 0
2052 -1.056768833300309 2.964607340292273 0
2053 -0.3678083687504513 2.105111967541369 0
2054 -0.4856650363221867 2.094899636583888 0
2055 -2.520971936402552 2.690404659165299 0
2056 -2.487489137541981 2.657617982266603 0
2057 -0.4511579077474835 1.555988058030561 0
2058 1.160482042664287 0.531031240063329 0
2059 0.2954222977262224 0.9418487243699472 0
2060 -1.323402020318236 0.8365584688114354 0
2061 -1.341543520100599 0.8049645268706471 0
2062 -1.360549929322887 0.8377236106962356 0
2063 -1.380267669742576 0.8042143972240092 0
2064 -0.9511424248328436 0.8028394731971082 0
2065 -1.048365304671066 0.9044161967514253 0
2066 -1.899678029118109 0.8271877990286618 0
2067 1.047009680389976 2.575461794575867 0
2068 0.6388038924465258 2.468874689900857 0
2069 -1.967287300649251 0.7318823454822656 0
2070 0.6413967209894277 2.266238586290426 0
2071 0.6582175525326598 2.503062154997907 0
2072 0.6185103336093702 2.502486535946852 0
2073 -1.068195091894871 0.8032107891257181 0
2074 -1.950399991029488 0.6960038939368027 0
2075 0.9636886510013924 0.9784396679758107 0
2076 2.00891278647874 0.8058323301598782 0
2077 1.990680645604348 0.7712194932626382 0
2078 -0.8102179244122839 2.407533573706752 0
2079 0.8511726686830287 0.903659142326855 0
2080 0.8727598815354086 0.8711784992692182 0
2081 -0.7953307680352776 2.551269131026946 0
2082 2.432402639515703 2.227473609696435 0
2083 0.7301818179464366 0.9636846835006625 0
2084 -0.7554027563765067 1.072485838243353 0
2085 0.5460403041928161 2.096132537179941 0
2086 -0.6971809502210381 0.9710000055872703 0
2087 -0.7171175850845218 0.9371731948848967 0
2088 -0.677422790914784 0.9370929987711929 0
2089 0.7821587737008384 1.068516885550947 0
2090 0.8210814312577184 1.070971711673653 0
2091 0.7994945108895687 1.103452566417717 0
2092 -0.5400265060772129 1.245735699846197 0
2093 -0.7358094270735819 1.106206713912894 0
2094 -0.774809378585203 1.106313950928592 0
2095 -0.7552221912785126 1.140038446176543 0
2096 0.1703974070278184 2.614943340519802 0
2097 0.1195996566102672 2.615105105416385 0
2098 0.1423658094520336 2.661106767720733 0
2099 0.09020900288733083 2.661176295542374 0
2100 0.1137106411370824 2.708530099191628 0
2101 0.06001752360655019 2.708537831749143 0
2102 0.08464472352769961 2.757672682821744 0
2103 0.02559345163831707 2.755362131143935 0
2104 0.05388148067304635 2.807557520247426 0
2105 -0.008502809179774197 2.805429510333281 0
2106 -0.0009440351953372929 2.703463656222236 0
2107 0.03129803777774052 2.869331102582715 0
2108 -0.03805891601503664 2.85871529129245 0
2109 0.09483678357893077 2.853797556471556 0
2110 -0.01119217763688245 2.915498596421182 0
2111 -0.07181214799614749 2.908238812994552 0
2112 -0.1008515655893967 2.855850006767745 0
2113 -0.1322556957040005 2.906778229337697 0
2114 -0.1071738713226387 2.956915324663035 0
2115 -0.1645703954994686 2.956748497874952 0
2116 -0.1918858810588615 2.904588557958389 0
2117 -0.2242375669942015 2.954610774318178 0
2118 -0.1967298389467033 3.007343142558286 0
2119 -0.2561414627091556 3.003917100053674 0
2120 -0.250625231303335 2.902518825612684 0
2121 -0.2292101183531789 3.057336708287608 0
2122 -0.2897068612569277 3.054110299960205 0
2123 -0.2621528827515927 3.108111598366297 0
2124 -0.3222328325839856 3.106502376327665 0
2125 -0.3493781020398065 3.051338788910352 0
2126 -0.3812443183622534 3.102817735459571 0
2127 -0.2039921333640535 3.11291549863888 0
2128 -0.4074219987959236 3.048492631341698 0
2129 -0.4359815663598795 3.095328783808524 0
2130 -0.4636616475398794 3.045058979480339 0
2131 -0.49276909700716 3.099001864425492 0
2132 -0.4334101804872557 2.997600725845455 0
2133 -0.4150731324389667 3.152773188874114 0
2134 -0.5195882714881199 3.043367671999193 0
2135 -0.5510252948530153 3.088368764328472 0
2136 -0.2353207122598138 3.163703712126628 0
2137 -0.1752567889929042 3.168599367597849 0
2138 -0.5823647854578904 3.037354950029561 0
2139 -0.6053244333054929 3.084615626635029 0
2140 -0.5816776234716085 3.132237244628099 0
2141 -0.6357530505353922 3.127240937561629 0
2142 -0.6598556386726694 3.082368782201304 0
2143 -0.6899431259476729 3.125560382801356 0
2144 -0.6644130162126233 3.168824906967394 0
2145 -0.7204948386984218 3.16909764756759 0
2146 -0.7439926294937427 3.121367508535712 0
2147 -0.7743764223059502 3.164903130039341 0
2148 -0.7969006035669677 3.117201079224134 0
2149 -0.8270229909863601 3.160092625886119 0
2150 -0.8492169696284393 3.112984309076216 0
2151 -0.8794629238101691 3.155442738391981 0
2152 -0.857371822669448 3.202788117643506 0
2153 -0.9095556588718546 3.197755509933544 0
2154 -0.9313181769974533 3.150604726548107 0
2155 -0.9613836977754403 3.192422969356766 0
2156 -0.2195520080465786 2.853634168951049 0
2157 -0.2755806599096048 2.851163155251806 0
2158 -0.246187241212675 2.804076056245919 0
2159 -0.3007544999945218 2.801655116290482 0
2160 -0.2719703968686975 2.756028000193003 0
2161 -0.9829830226561644 3.144978121440026 0
2162 -1.012318714243255 3.18683687649495 0
2163 -1.033155783913828 3.140483794503713 0
2164 -1.062524660057548 3.181503198971363 0
2165 -1.083534596239382 3.1293360669446 0
2166 -1.112470459668819 3.17313279833663 0
2167 -1.091978540670216 3.222031653997991 0
2168 -1.142319282329606 3.216255076524182 0
2169 -1.162377025246256 3.168859768525513 0
2170 -1.192299851352108 3.210592982309855 0
2171 -1.212190182298688 3.165000278359913 0
2172 -1.241783334999963 3.205017417909705 0
2173 -1.261292575411877 3.159829602008458 0
2174 -1.290766719833447 3.199295123788331 0
2175 -1.310097738202606 3.154459529655105 0
2176 -1.340063229964161 3.193534369907975 0
2177 -0.150814046176302 0.6846400464980871 0
2178 -0.09232935272940149 0.6839295800840131 0
2179 1.375506179904329 2.981235078438252 0
2180 0.4707496040056419 1.892521150214973 0
2181 0.2773816760533394 1.411044480676992 0
2182 -0.6464928094243244 2.264892546439671 0
2183 -0.6597690353143139 2.228294389412094 0
2184 -0.5079929138947143 2.126893698445032 0
2185 -0.5245365243516508 2.091571617614229 0
2186 0.5162623351420964 0.6280161550536876 0
2187 -0.6814272371040461 2.880819338202196 0
2188 -0.3262094549653676 1.423844322293234 0
2189 -0.3047258428743931 1.387130337816013 0
2190 -0.2838793594297123 1.425709536099502 0
2191 -0.2612907260185804 1.389035234729859 0
2192 -0.2404344510118016 1.42770525543782 0
2193 -0.2841452992845763 1.348951548761249 0
2194 -2.41179189000527 2.155114712371947 0
2195 -2.385115294710173 2.126948680139089 0
2196 0.5341580754025075 1.590637095209731 0
2197 0.8860096199505867 2.918664804989326 0
2198 -0.6977356831233152 0.9025941662805979 0
2199 -1.169434187494836 2.977058169913603 0
2200 0.2347896193184445 1.615629587911746 0
2201 -0.7522688346681364 3.214227791306599 0
2202 -0.4691855655387885 1.521307122013559 0
2203 -0.4901277027557396 1.554211142143636 0
2204 -0.5081452953779984 1.519607693694751 0
2205 -0.529090768657845 1.552503964851619 0
2206 -0.5471073841609952 1.517911158554568 0
2207 -0.5680534945865814 1.550809662694412 0
2208 -0.5500363925067069 1.585398056706785 0
2209 -0.586070737160085 1.516220429823372 0
2210 -0.5651248341121402 1.483322571272143 0
2211 -0.6040880874726002 1.481631692074074 0
2212 -0.5831421098653642 1.448733866151955 0
2213 -0.6221054266761479 1.447043015346709 0
2214 0.1392665613456981 2.758332041720611 0
2215 -0.3331445205961877 1.560821408791606 0
2216 -0.3147609960527572 1.59721648255512 0
2217 -0.8478454576845701 0.6845078718444699 0
2218 -2.224411795917045 2.984334533432345 0
2219 -2.210312810682519 3.031747713163769 0
2220 -2.243639054987489 3.068028084071509 0
2221 -2.195303309918323 3.080098157248802 0
2222 -2.22964977892972 3.116959149464461 0
2223 -2.180348326715435 3.129008615373288 0
2224 -2.145738685086075 3.091827735510458 0
2225 -2.130584783669432 3.140458525558716 0
2226 -2.095986702989889 3.103702396707142 0
2227 -2.081013394504171 3.151828958050421 0
2228 -2.046596262159329 3.115273605685609 0
2229 -2.031667427017152 3.162903710787092 0
2230 -1.997445639033239 3.1266425170083 0
2231 -1.982558172268781 3.174161519926101 0
2232 -1.948501785416849 3.13800220498206 0
2233 -1.933668414270847 3.18516893318771 0
2234 -1.89928154513569 3.148980832444451 0
2235 -1.884844035447812 3.196288293846066 0
2236 -1.850324725867291 3.160228917517484 0
2237 -1.836118225908142 3.207509654423254 0
2238 -1.801985809497553 3.171472754084585 0
2239 -1.787533732240937 3.218662957758095 0
2240 -1.753031991120808 3.182093431161861 0
2241 -2.21594572810865 3.166757192689928 0
2242 -2.06492058259507 3.200985478977552 0
2243 -1.738813547513214 3.229945455999605 0
2244 -1.704308010196084 3.193269497199655 0
2245 -1.68983560365307 3.240297014382832 0
2246 -1.655995071432327 3.204848649108404 0
2247 -1.767746049395998 3.135115560879314 0
2248 -1.91173844254168 3.101633734494337 0
2249 -2.114091673892339 3.054204010254796 0
2250 -2.011349664839258 3.0767662238209 0
2251 -0.357384553628067 0.7916075409650005 0
2252 -0.6011594472722499 1.414145199586494 0
2253 -0.6398857070083648 1.412330865998848 0
2254 -0.6191372851346847 1.379535960666391 0
2255 -0.6578569616184758 1.377718198349575 0
2256 -1.407627664298841 0.2712730291425696 0
2257 -0.2094753114210103 0.8762488937413622 0
2258 -0.5889994472047855 1.583706959043272 0
2259 -0.5709821117508365 1.618295541119347 0
2260 0.5322946699109421 0.9461441110728877 0
2261 0.4896615882901233 0.9421845109290816 0
2262 -0.1594245402868557 0.3662646808993621 0
2263 -0.3725469224815503 0.3274788495772025 0
2264 -1.641697959693521 3.248357136120878 0
2265 -1.607074370821778 3.213397751750319 0
2266 -1.62202000921437 3.168586798760256 0
2267 -1.575850567833368 3.177782818849988 0
2268 -1.555715383503434 3.224051980067453 0
2269 -0.3823270967710786 0.7485348261660092 0
2270 0.5394724589337565 2.820419497913318 0
2271 0.5650091384319149 2.861723561482887 0
2272 0.5149998719658677 2.862528219706524 0
2273 0.5408677797600601 2.905898376643149 0
2274 0.4888237283754429 2.906697698412534 0
2275 0.5168602511434104 2.952518029257024 0
2276 0.4631632745147137 2.952189858424346 0
2277 0.49291840036533 2.998358298755646 0
2278 0.4404112219636045 3.000004404560759 0
2279 0.546051267587069 2.997066374955466 0
2280 0.5212156950146235 3.043905938692043 0
2281 0.5754046163582895 3.041923287116615 0
2282 0.5496462638814938 3.089833336139022 0
2283 0.6029908101212136 3.088735789226436 0
2284 0.4084777095890912 2.951300471095663 0
2285 0.3858427249467283 3.001363515961403 0
2286 0.5785300710781113 3.136488252445169 0
2287 0.6332177289039912 3.134111026728138 0
2288 0.5230039929314675 3.138390160042033 0
2289 0.3553091672918654 2.952302284348946 0
2290 0.3295007493430189 3.002641527273847 0
2291 0.35914880900017 3.051764982967832 0
2292 0.3013649599842748 3.052483369696724 0
2293 0.3318682317710483 3.103083844018966 0
2294 0.2717789000376815 3.103656947641107 0
2295 0.6582595537074463 3.079499797750914 0
2296 0.6881339672663023 3.130619774309773 0
2297 0.6628982122212115 3.179893185321678 0
2298 0.717447293728684 3.176885298481487 0
2299 0.7423260010386885 3.128996912653061 0
2300 0.771469119326008 3.17395205021649 0
2301 0.7955344932598412 3.126593636423174 0
2302 0.8243787136435088 3.17071050631206 0
2303 0.8454433664907812 3.125645066524521 0
2304 0.876118303158733 3.167799062977594 0
2305 0.3020874539932931 3.154057474458241 0
2306 0.2420905196036711 3.156926225013503 0
2307 0.2110946686144154 3.104187486145782 0
2308 0.1800932741666083 3.158585856022961 0
2309 0.8984009862228688 3.116137840246473 0
2310 0.9281924979517884 3.164455046712559 0
2311 0.905186840807132 3.210845552949295 0
2312 0.95709517013349 3.207591394152727 0
2313 0.9804302239347159 3.161502124276902 0
2314 1.008871400228673 3.204026342841023 0
2315 1.031199789231939 3.158154058286003 0
2316 1.06023767050668 3.202386046938273 0
2317 1.081884656464456 3.155287955646127 0
2318 1.11067826478965 3.199006321686761 0
2319 1.133167645684412 3.152280043485528 0
2320 1.160198819263087 3.193510024760476 0
2321 1.183328585096604 3.148955295525879 0
2322 1.209601478142094 3.189628581342614 0
2323 1.23165213067494 3.145714466492646 0
2324 1.258405575233492 3.18606226871566 0
2325 0.5527515185758878 3.185829565362006 0
2326 1.279674151605231 3.142258307957049 0
2327 1.307098439282394 3.18267289852958 0
2328 1.285585990755236 3.227043308446929 0
2329 1.335033228165439 3.223300338902859 0
2330 1.355614830289212 3.179034955427294 0
2331 1.384206400205044 3.219305092932921 0
2332 1.404749626624241 3.175029403794442 0
2333 1.433234426978171 3.215235038677665 0
2334 1.454076743085886 3.171043598348185 0
2335 1.482133242930482 3.211190439233994 0
2336 1.502913035119327 3.16714371376986 0
2337 1.530835177976084 3.207188458335485 0
2338 1.551142452726568 3.16274593817178 0
2339 1.57934050419447 3.203144774724772 0
2340 1.598337933913583 3.158178645522556 0
2341 1.627616108268238 3.199082679123281 0
2342 1.647169106800803 3.154627930356179 0
2343 1.674144277654783 3.194273350932378 0
2344 1.697297875450053 3.15124077577378 0
2345 1.724759084273294 3.196760773238212 0
2346 1.747417976935453 3.146999712502913 0
2347 1.773596842018919 3.18740119972911 0
2348 1.795313498450625 3.142789426808624 0
2349 1.822280638389347 3.183425986458385 0
2350 1.84370229797716 3.139250854319262 0
2351 1.870612024081062 3.180665362843945 0
2352 1.892496708308706 3.135244479231811 0
2353 1.920548659340074 3.175776430857362 0
2354 1.941249694313407 3.131570974629764 0
2355 1.970059569386178 3.171897908129854 0
2356 1.990881133502203 3.128200532784607 0
2357 2.019925897867727 3.168020667754589 0
2358 2.041537660760592 3.123708159376725 0
2359 2.073140819095957 3.165749739892734 0
2360 2.092648234394144 3.118859215200981 0
2361 2.125696565561536 3.161127246636872 0
2362 2.144005835265971 3.114294183963273 0
2363 2.174473373053162 3.155894869843007 0
2364 2.19503131561898 3.10967535183661 0
2365 2.224554493309793 3.152413080274099 0
2366 2.246784074225145 3.105847833248359 0
2367 2.276635707876873 3.148636266653217 0
2368 2.299376393141588 3.101425970096497 0
2369 2.329419808105801 3.144376803152109 0
2370 2.352923239563644 3.095829741651214 0
2371 2.382431806103439 3.140889770974757 0
2372 2.406953952123911 3.091032930554109 0
2373 2.437181637459353 3.137248547458964 0
2374 2.461260758182277 3.086628362739739 0
2375 2.493615468931657 3.131614330473077 0
2376 2.430430567183425 3.041628392674123 0
2377 2.484143798262942 3.036941386796262 0
2378 2.45341921055475 2.992920904550275 0
2379 2.506643222984189 2.988041349919432 0
2380 2.47606770826837 2.944839640412354 0
2381 2.52813233012639 2.939790663138206 0
2382 2.498437732453235 2.897261137009921 0
2383 2.468503085698339 3.184066401909807 0
2384 2.526920121337479 3.178307050495433 0
2385 2.559617990117357 2.982220043266918 0
2386 2.203126729016009 3.191373443894665 0
2387 1.801389532282896 3.22832891548049 0
2388 1.94785869550012 3.221705142186678 0
2389 2.058888686901109 3.071922331806679 0
2390 2.317722982919014 3.045667069541892 0
2391 1.65564655248041 3.239730157961307 0
2392 0.8012069501282244 3.218593536501854 0
2393 2.549156794324021 2.89205391138285 0
2394 2.519895043947822 2.850204691708487 0
2395 2.469565856520584 2.854923925360298 0
2396 2.491148528935395 2.809218425505555 0
2397 -0.4244891008089366 2.490781450861695 0
2398 -0.3977848769380086 2.456006651895175 0
2399 -0.3801418405509008 2.496689363516067 0
2400 -0.3530124945851481 2.460809863593342 0
2401 -0.3349738145116448 2.502991666929983 0
2402 -0.306720592644195 2.465898651711085 0
2403 -0.2882497211453929 2.509264806209423 0
2404 -0.2591333607307293 2.470975154947266 0
2405 -0.2771965617257341 2.426700140456831 0
2406 -0.240502504361896 2.515617743377748 0
2407 -0.2105844199245352 2.476433231333873 0
2408 -0.1911818665656982 2.522961829007563 0
2409 -0.1605372972904276 2.483737826285636 0
2410 -0.3171207069979862 2.546337174764605 0
2411 -0.1798073733841968 2.441123872148281 0
2412 -0.8273424863227279 2.933918820592255 0
2413 0.7273277680101314 2.891830335497759 0
2414 -1.013715385473581 2.973646365132819 0
2415 -0.7884991780540549 0.5636540112646817 0
2416 -0.7418955262468065 0.5604927787865366 0
2417 1.461236325953823 3.256015326106739 0
2418 0.1157042187627255 0.9778766302048333 0
2419 0.1399592296361776 1.0245089275306 0
2420 -0.06333549289431135 1.983860622824382 0
2421 -0.08743668459743975 1.939787021723671 0
2422 -0.111040166787474 1.982237421079936 0
2423 -0.1356856652143593 1.939028588874666 0
2424 -0.1601154882222082 1.979577854870894 0
2425 -0.1821991918785443 1.938132563194717 0
2426 -0.1584068536328481 1.898682675807304 0
2427 -0.1363824017535463 2.022390936914897 0
2428 -0.1843529131334042 2.018064544266709 0
2429 -0.1624449451197005 2.058776095379225 0
2430 0.705430981444407 0.6320302526448831 0
2431 1.187436711718399 3.232020779510098 0
2432 1.144047102412046 2.610423926907985 0
2433 1.163114627150127 2.64444707673037 0
2434 -1.504523542545031 2.966232205008679 0
2435 -0.6371403687913256 1.344939873300183 0
2436 -0.6758365505070971 1.343109872630678 0
2437 -0.6554657264952225 1.310511659875494 0
2438 -0.6938989431837215 1.308544679835381 0
2439 1.326453112687725 0.5326192663494285 0
2440 -1.320220894211958 3.239199987509607 0
2441 0.6910948690714429 0.9612679083856522 0
2442 0.7128434310731884 0.9285798567824082 0
2443 -1.137832856564373 2.692554790858559 0
2444 -1.176233659980057 2.685746735032152 0
2445 -1.18954045393269 2.649086743484327 0
2446 -1.214634978519175 2.678940223674092 0
2447 -1.806476387731597 0.3470676783927324 0
2448 -1.786874986487961 0.3031221533219015 0
2449 0.02464859061322904 2.342493676986837 0
2450 1.055102569053324 0.5647312105306679 0
2451 -1.965995469419408 3.22319151078693 0
2452 1.537048093597665 2.963028682608708 0
2453 2.346361114867312 2.17051875856617 0
2454 2.361354301061246 2.134515920202978 0
2455 2.400030266759498 2.129498981160604 0
2456 2.377603353186625 2.099036080568261 0
2457 -1.728401316505579 2.948133839563658 0
2458 1.9639989450495 0.9390008395476439 0
2459 1.485892976851289 0.5460511348245864 0
2460 1.27122254922844 2.956085072697426 0
2461 1.696111979563054 2.948106818793065 0
2462 -1.883098126553485 2.904450947703877 0
2463 -1.589199180352403 0.5608670790703254 0
2464 1.853923339005128 2.934281947465481 0
2465 0.2731708435074185 0.8976731824874966 0
2466 -2.042200091063636 2.863263379814289 0
2467 -1.429186207438676 0.5482043040825026 0
2468 1.765549031026136 0.5545823626269875 0
2469 1.80762510844984 0.5561822079347647 0
2470 1.787560386481243 0.5186652347278025 0
2471 1.830843548803693 0.5203532403960258 0
2472 1.810146628232705 0.4817089084502557 0
2473 1.853995148097637 0.4833538859286768 0
2474 1.833337667214894 0.4436590485959186 0
2475 1.788389411470054 0.4423495626182499 0
2476 1.811966790359202 0.4033677659100152 0
2477 1.764927342317464 0.4022431811835159 0
2478 1.790004106343507 0.3620089651286054 0
2479 1.741809181253156 0.3609219824839374 0
2480 1.874534427532463 0.5225787013335428 0
2481 1.767620071753025 0.3196504122062871 0
2482 1.719275475549762 0.318470279159111 0
2483 1.693299765360983 0.3598022408582988 0
2484 1.670980340110672 0.3175282711523506 0
2485 1.645551140845861 0.3585833901342002 0
2486 1.622704111100992 0.3169298453908018 0
2487 1.597971158259482 0.3577425920283286 0
2488 1.574620465898128 0.3161159165565917 0
2489 1.549985259964327 0.3568323046021364 0
2490 1.526577520771979 0.3152091089429239 0
2491 1.5021848717626 0.3562480212336188 0
2492 1.478575977957143 0.3143420308527229 0
2493 1.454916021342468 0.3570522535867591 0
2494 1.430440484918169 0.3130827944919992 0
2495 1.405580848890022 0.354278067818151 0
2496 1.382262613790584 0.3122871413291073 0
2497 1.357186740405617 0.3532957471913127 0
2498 1.334009366016927 0.3111434497396754 0
2499 1.308784326900251 0.3524103926193609 0
2500 1.285505661210292 0.3100913179527049 0
2501 1.260197452454395 0.3515892543310286 0
2502 1.236753633566948 0.3089997706256447 0
2503 1.21134138167238 0.3507784997249463 0
2504 1.187736200370008 0.3086290526340729 0
2505 1.162776544668449 0.3502187969049904 0
2506 1.138499272681158 0.3076870787440567 0
2507 1.109168767773453 0.3574511520947632 0
2508 1.088106948991118 0.3083108227570199 0
2509 1.063005960346973 0.3485667288575869 0
2510 1.038464697617914 0.3060918907745225 0
2511 1.01237868423136 0.3480294888261888 0
2512 0.9878904591116815 0.3036566786946944 0
2513 0.9614294608945465 0.3471294123606259 0
2514 0.9367045634867792 0.3021998639052885 0
2515 0.9100396849647037 0.3463016741395217 0
2516 0.8849343070303302 0.3008998340531182 0
2517 0.8578479279449237 0.3456372782598023 0
2518 0.8324843450463142 0.2996093789536247 0
2519 0.8051211401172365 0.3449477838876476 0
2520 0.7802641021759136 0.2988440202174205 0
2521 0.751727018801744 0.3443356950991245 0
2522 0.7247597913269046 0.2985948970286094 0
2523 0.6971326444851479 0.3438979383525971 0
2524 0.6688286345110086 0.2966513570536065 0
2525 0.6423838816600705 0.342875507492997 0
2526 0.6152288903717422 0.294495417037629 0
2527 0.586563165200356 0.342293285628164 0
2528 0.5606968589392052 0.2900964278718707 0
2529 0.5293662261682373 0.3415447915727552 0
2530 1.69402381638451 0.2753846093742469 0
2531 0.6697825495920361 0.3904403507066549 0
2532 0.501444270967472 0.2912972422801612 0
2533 0.4711064961006487 0.3414206424839095 0
2534 0.4420354756996221 0.2872495923940401 0
2535 1.858561898776003 0.4059427684449795 0
2536 1.310504834458169 0.2682020136419525 0
2537 1.553578211594121 0.2731905160466344 0
2538 0.5572827666839004 0.391038217995747 0
2539 0.4123939866599963 0.33986766943064 0
2540 0.3811723028909032 0.2862583266080834 0
2541 0.4405323449373101 0.3919699484669628 0
2542 1.816366901227996 0.3214140414208129 0
2543 1.793330210678787 0.2778898358694355 0
2544 0.8825203177959963 0.3915861028692289 0
2545 1.457072259740459 0.2712792483401718 0
2546 0.7779686617305099 0.390660772335814 0
2547 1.210013219709999 0.2671429438607273 0
2548 -1.30914980318703 0.2620778729884041 0
2549 1.108935312554072 0.264896870715015 0
2550 2.055637205722637 3.214482993398664 0
2551 -1.209041444205665 0.2559773162390917 0
2552 0.2757622090373447 1.689829918187625 0
2553 0.2332381279079955 1.689222837778837 0
2554 0.2541566897197783 1.726606707767421 0
2555 -1.268842373512518 0.5321223419625245 0
2556 2.234219903728521 2.891351058037076 0
2557 2.279626296325804 2.886593521444837 0
2558 2.304944090930985 3.193695401195823 0
2559 -0.5154389916238866 2.669546187995623 0
2560 -1.990300641925902 0.6998290333906934 0
2561 -1.972934028731247 0.6631171576981452 0
2562 -1.87657510250209 0.5126174622839375 0
2563 1.143185362801991 2.677970931753145 0
2564 1.182182176396812 2.678470240568076 0
2565 1.20211143558652 2.644946509492109 0
2566 1.221179002495694 2.67896782265122 0
2567 1.241108259193037 2.645444342053978 0
2568 1.26017582841433 2.679465411992537 0
2569 0.06372305745309395 2.611096164047633 0
2570 -0.1402440597425683 2.529669769828792 0
2571 -0.1718541419535723 2.571015995884377 0
2572 -2.543386747863196 3.192466033874362 0
2573 -2.486957725278967 3.206720479377284 0
2574 -2.60019116554983 3.177849996514905 0
2575 0.5731415668258706 1.591790266496451 0
2576 0.5526844778552447 1.624962111503142 0
2577 1.145218478479186 0.8883630381957413 0
2578 1.166805788133265 0.8558821978765787 0
2579 -1.399572159532047 0.8373010940263739 0
2580 -1.419160117660238 0.8040717811226887 0
2581 -1.438558758334222 0.8369447611699206 0
2582 -1.458146875747435 0.8040449855983467 0
2583 -1.477551465953829 0.837489152695563 0
2584 -1.49884408885102 0.7956835012024759 0
2585 -1.516836173228716 0.8355761029647586 0
2586 -1.538696176421662 0.8016024411251501 0
2587 -1.556022670947639 0.837358913283432 0
2588 -1.576303024012336 0.8042983424054237 0
2589 -1.594822347648479 0.837855330929935 0
2590 -1.614378932643645 0.8052354162030937 0
2591 -1.633634846912063 0.8381657385663797 0
2592 -1.653193569001019 0.8055148221711954 0
2593 -1.673803879147745 0.8393773372405986 0
2594 -0.5456121995875203 2.993859403189396 0
2595 1.280105085297868 2.645941909125565 0
2596 1.299172655151782 2.679962911336319 0
2597 -0.3254136677497621 2.754152968781945 0
2598 -0.3537878009652145 2.79857593740642 0
2599 0.1476470429284612 3.103861255594699 0
2600 0.1162329899252028 3.15989968379148 0
2601 2.020965924256702 0.9753019980453466 0
2602 2.059928752753553 0.9770077774030027 0
2603 -1.589638503319691 3.133411109604888 0
2604 -1.541713668034001 3.1440319744411 0
2605 0.4589784098332144 2.857106200707642 0
2606 0.6732146430725982 0.9259935848837322 0
2607 -1.227941840857258 2.642280436911356 0
2608 -1.253036497131469 2.672134314506649 0
2609 -1.358814080699047 3.14874903524051 0
2610 0.3007760465229397 2.954213115864539 0
2611 0.3267149331887654 2.90395428747786 0
2612 2.540839367016277 2.804317985328504 0
2613 2.512178954631288 2.764072015975649 0
2614 2.447395825750866 2.191470777321876 0
2615 -1.239729567117875 2.708793897422474 0
2616 -1.278131154338657 2.701988194969279 0
2617 -1.291438078911426 2.66532859564585 0
2618 -1.316532750208269 2.695182518571726 0
2619 1.898203153501739 0.4853872208591723 0
2620 1.918377139845822 0.5248786624359516 0
2621 -0.2038958870304021 1.897762555503772 0
2622 -0.1804364238155198 1.859778593618342 0
2623 -0.5459566135326266 2.123129146029904 0
2624 -0.5623401412353055 2.087736623857799 0
2625 -0.5408985439605762 2.056169860588914 0
2626 -0.5797155801780809 2.052808814352234 0
2627 -0.5575328286948302 2.020895162201799 0
2628 -0.6041742703885336 2.08972880272485 0
2629 -0.6190617580435278 2.05035219528206 0
2630 -0.6410958302876876 2.081539422045633 0
2631 -2.33638956417846 2.173711949806376 0
2632 2.415232763943418 2.093583309445022 0
2633 2.392840735534326 2.063134936457199 0
2634 0.9430632496393194 2.803282997928289 0
2635 -0.217640763936032 2.757084502232864 0
2636 0.7522979059102908 2.930858041875632 0
2637 1.024198603519307 0.9484139245268306 0
2638 -0.4771396214288993 0.5290022011129882 0
2639 0.591149201014996 1.363328647818638 0
2640 0.6301241097244322 1.364740549792638 0
2641 0.6508341916627169 1.33169376662983 0
2642 0.5521757844747157 1.361916867570195 0
2643 -0.2924210024527181 1.562143718126233 0
2644 -0.2734646186920724 1.599884157559345 0
2645 -0.2504679922159986 1.565246577411245 0
2646 -0.2316604675688867 1.602417886242115 0
2647 -0.2060665720825135 1.571950074746159 0
2648 -0.2544937393627206 1.638122686379851 0
2649 -0.2120604339038512 1.640782201581608 0
2650 -0.2351383191591303 1.677147708893961 0
2651 -1.370320116134069 3.233156865959093 0
2652 -2.615715624555578 3.120709452092425 0
2653 0.3826305342461376 0.3907656195724316 0
2654 2.50143043926819 3.231577031985409 0
2655 2.560238635928999 3.227369974872194 0
2656 2.585974658017362 3.17270108565847 0
2657 2.62011167280369 3.222839242016753 0
2658 0.1482642726439623 0.8415914931249235 0
2659 0.09357301977208035 0.8383143295974191 0
2660 -0.9911298006796583 3.233407627157607 0
2661 0.5157019401121479 1.293036970051131 0
2662 -1.329852106857044 2.658593064668446 0
2663 -1.354936421880297 2.688388544497347 0
2664 2.038970107210821 1.009897458886854 0
2665 2.077932842691625 1.011603316066262 0
2666 2.098891517103058 0.9787136163599459 0
2667 2.116895512705932 1.013309222163671 0
2668 0.6382835658636588 2.537347220362005 0
2669 -0.6317982535434701 2.298694652028305 0
2670 0.5977836407158575 2.536727185237186 0
2671 0.5781316487334404 2.501317080408255 0
2672 1.318836266006072 2.64658830217254 0
2673 1.338125207576697 2.680485223489167 0
2674 -1.165736408323268 0.7696377503777754 0
2675 1.14947042142369 0.820946716169523 0
2676 1.188393102037281 0.8234012901895225 0
2677 1.205728469223182 0.8583367643369686 0
2678 1.227315766088521 0.825856126872393 0
2679 1.244651135563477 0.8607915647167541 0
2680 1.266238430188026 0.8283109627896494 0
2681 1.283573799453545 0.8632464039555041 0
2682 1.305161093452243 0.8307658119539891 0
2683 1.248903060756048 0.7933755242636997 0
2684 -2.059065668085605 1.011315890400543 0
2685 -0.3447775277933994 2.071230025619768 0
2686 -0.3270091404505041 2.10882985982396 0
2687 1.356983855637467 2.646143066220739 0
2688 1.376805962048154 2.680923416733257 0
2689 1.357237051855919 2.714481400739204 0
2690 1.396173820862218 2.71497314771799 0
2691 1.415351800097271 2.679817996347527 0
2692 1.435085473222092 2.715202532237889 0
2693 1.455159962218024 2.681952895913201 0
2694 1.473785648378415 2.714139305420644 0
2695 1.494260013302596 2.680274755922003 0
2696 1.513873610494753 2.719649137895785 0
2697 1.53340914478246 2.6811616125127 0
2698 1.55377107169262 2.716416649874563 0
2699 1.572404589803211 2.682972209032568 0
2700 1.591518684714036 2.717295471729054 0
2701 1.611217794787678 2.685555675939065 0
2702 1.0213988699041 0.2625815959735847 0
2703 2.095936822571969 1.046198933060063 0
2704 0.3228888733315749 0.9006249983621113 0
2705 1.630276705565655 2.718204183276941 0
2706 1.650144216944331 2.686469369102518 0
2707 0.2110367089084466 1.72609332533074 0
2708 -2.419981522353368 2.118572391567214 0
2709 -2.394627628774959 2.089433876866284 0
2710 -2.357452099322222 2.099545937081708 0
2711 -2.367252316804113 2.061781218701017 0
2712 0.1494616266177927 3.215319958815528 0
2713 0.08377036720920933 3.216867695016162 0
2714 -0.7942173525843692 1.140142890523842 0
2715 -0.7746247575777067 1.173864250681941 0
2716 -0.8138093090166878 1.106421158041714 0
2717 -2.532131186790279 2.645075081009971 0
2718 -2.49945889499126 2.612737697672074 0
2719 0.4959655933457037 3.188122795954204 0
2720 -0.1913099518931874 1.679316561540473 0
2721 -1.835744509662578 0.307741637738782 0
2722 -1.814856154577097 0.2618529350287757 0
2723 -0.9709176543434169 0.7690541125694623 0
2724 0.9141338873241664 0.2580022292328685 0
2725 0.6954232048364865 0.8927384579801079 0
2726 0.6548311962789051 0.8901070705107608 0
2727 2.029935193469761 0.7729720394462507 0
2728 2.011516191097102 0.7381025573815712 0
2729 -0.6213560510920773 2.235088403180882 0
2730 0.3536468959569792 1.890809528653204 0
2731 0.3340799240315374 1.856254896018625 0
2732 1.037602952323124 3.248021915332195 0
2733 -0.6977321754325689 2.220648963792626 0
2734 -2.404841021621972 2.051368377329906 0
2735 -2.377142692681125 2.02394663776222 0
2736 -1.872213323326299 3.2445228119871 0
2737 1.558669317732756 3.247649312663888 0
2738 0.127259253218953 0.3007153577420332 0
2739 0.06256756393471018 0.3022251789526682 0
2740 1.669221997251006 2.718839580816553 0
2741 1.689142664879427 2.685339069462055 0
2742 -1.36851231922956 2.653246644953753 0
2743 -1.393381470257211 2.681828039353948 0
2744 -1.380036956034716 2.718275541736861 0
2745 -1.418439534182595 2.711475393199273 0
2746 -1.431746623909877 2.674816719528423 0
2747 -1.456835223852176 2.704636375626867 0
2748 -1.470229013794405 2.668466916423464 0
2749 -1.495249304814018 2.697901132668754 0
2750 -1.508646159971623 2.661748969234399 0
2751 -1.533655577040017 2.691121828132337 0
2752 -1.546881746164979 2.652632274994568 0
2753 -1.572030287812733 2.683935388824408 0
2754 -1.268868906420979 2.737801140233557 0
2755 -1.221750022263216 3.250702171418644 0
2756 0.6925884376170627 3.226245010213312 0
2757 -1.692356886361324 0.8060272399621482 0
2758 -1.714347104930016 0.8383056391635197 0
2759 1.109334070180524 3.11063265850941 0
2760 2.022382733585649 2.916428698230744 0
2761 1.829102822709222 0.8992849026570826 0
2762 -2.436398260363867 2.182739808475547 0
2763 -0.9734729039056023 0.5010736623279519 0
2764 -0.9279226301174341 0.4967443810428209 0
2765 2.561164264559346 2.759349658850399 0
2766 2.532511533266936 2.719207371424541 0
2767 2.484733245460507 2.724048807788885 0
2768 2.504132986410722 2.680744443716818 0
2769 2.457919267153714 2.685014100587239 0
2770 2.477128657810143 2.64293387995304 0
2771 2.522812136531245 2.638299452743476 0
2772 2.495917561906874 2.60142442333139 0
2773 -0.5185851649508102 0.2862144494391281 0
2774 -0.2074393075164749 3.22043537188305 0
2775 -0.1426791614678869 3.223736218880524 0
2776 1.910909752969678 3.091589145921551 0
2777 1.240246571696296 2.712988896888581 0
2778 1.31350891029768 3.268826976575008 0
2779 0.5916685228843777 1.626078076977783 0
2780 0.5712156979306467 1.65911363899891 0
2781 0.08380375581477506 3.104492914409158 0
2782 1.162252920709818 2.71199355965938 0
2783 -1.126365061313474 0.9046304020993379 0
2784 1.843817169768577 0.2795439264848867 0
2785 -2.055438608479593 0.8427254522337773 0
2786 1.66853631640005 3.10267475202475 0
2787 -0.06631003378005609 1.421318877428527 0
2788 -0.224043257323437 1.935503894225644 0
2789 0.6611440511418976 1.12867711306916 0
2790 -2.315403337736827 2.676336776808885 0
2791 -0.7158237956444444 0.2544002327872563 0
2792 -1.583541497609531 2.644646192480387 0
2793 -1.608412656244616 2.678319064501769 0
2794 -1.596792919597179 2.714165610995281 0
2795 -1.635139180683394 2.707422666612921 0
2796 -1.644666000244799 2.665826996419214 0
2797 -1.673173515900616 2.69967972502355 0
2798 -1.68699077391891 2.663249380487982 0
2799 -1.716556085960498 2.700400595794482 0
2800 -1.726304856797949 2.658017355472135 0
2801 -1.755225844526457 2.687715012386166 0
2802 -1.764903231408272 2.650493981222891 0
2803 -1.791061124580589 2.679362139969973 0
2804 -1.802909908221838 2.643310833933434 0
2805 -1.827938762024282 2.673101852121223 0
2806 -1.841057518936152 2.636904573446603 0
2807 -1.866044037753441 2.666453654553407 0
2808 -1.87936740104622 2.63019172425894 0
2809 -1.904380965096136 2.659689707248939 0
2810 -1.917677113022554 2.623037067116942 0
2811 -1.894990771372351 2.592539933222375 0
2812 -1.931282548349609 2.586350414503532 0
2813 -1.956111354535492 2.616169890121145 0
2814 -1.969423721490285 2.579500045040593 0
2815 -1.994454648977734 2.609340237111212 0
2816 -2.007772200456928 2.57268293511656 0
2817 -2.032858021284888 2.602534959531921 0
2818 -2.046165243372047 2.565875431020788 0
2819 -2.02107061796707 2.536021508765185 0
2820 -2.05947080127938 2.529215543793109 0
2821 -2.071257852086203 2.595728918575548 0
2822 -2.0343758985111 2.499361561751414 0
2823 -2.072777225662394 2.492555843335604 0
2824 -2.097871854521128 2.522409766335671 0
2825 -2.111178690097391 2.485750154511513 0
2826 -2.086084000273934 2.455896218370405 0
2827 -2.124485576436478 2.449090553629364 0
2828 -1.281992847285696 0.7715964851365862 0
2829 1.032660876116414 0.3949218082592278 0
2830 -0.6572675258508448 0.9025532561097096 0
2831 1.816421617624794 3.099091811452412 0
2832 2.134899495544814 1.047904837051812 0
2833 1.665975082467764 2.651905213905683 0
2834 1.708369104229331 2.653082055637026 0
2835 1.728021194074899 2.685780176298099 0
2836 1.747930734621673 2.652247283159674 0
2837 1.767092438523507 2.686046228778937 0
2838 1.787034098279136 2.652484159914644 0
2839 1.806119424391825 2.686461713739293 0
2840 1.826053707717405 2.652924550288251 0
2841 1.845132200167021 2.686377491041893 0
2842 1.865056989770286 2.653315574988672 0
2843 1.884132760989007 2.686760288130116 0
2844 1.904055514766736 2.653776208707831 0
2845 1.884986803477691 2.619862624421888 0
2846 1.923983780554381 2.620354373650204 0
2847 1.943051375570277 2.65437440622041 0
2848 1.962980471385058 2.620867694861405 0
2849 1.982048018693288 2.654891322762091 0
2850 2.001977244894646 2.621371064574603 0
2851 1.982909669827399 2.587350613837468 0
2852 2.021499378531778 2.587607157668262 0
2853 2.002771063047434 2.553788119122975 0
2854 2.041349470881427 2.554037094005337 0
2855 2.038458452873013 2.622731697841739 0
2856 2.022675815182498 2.52025036266729 0
2857 2.061668557845937 2.520745480904439 0
2858 1.963830778685049 2.553324282603974 0
2859 2.042655174660019 2.487608527593745 0
2860 2.081671136793059 2.487407576149246 0
2861 -1.225587263234119 0.8698476712340555 0
2862 0.5261887485420746 3.23732584324684 0
2863 0.4676009909900537 3.23963125596126 0
2864 -1.945165361694278 2.549947645000708 0
2865 0.2322269742349943 1.763846761660886 0
2866 1.620813847915013 0.3991546503568875 0
2867 -0.6734904247285898 1.275926831929712 0
2868 -1.16292634176048 2.722405148885553 0
2869 -0.05918210735075984 1.057211612961527 0
2870 -2.555386896182696 2.723137063023928 0
2871 1.806986975504199 2.618901282007188 0
2872 -2.200387275194482 2.822867364706286 0
2873 2.339585561781906 2.105913427393741 0
2874 -1.104573613952716 0.2478838598318882 0
2875 -0.1090518081264363 2.487812938592753 0
2876 -0.2254029096877866 1.859272802075057 0
2877 0.8341226661106239 0.8689133640852735 0
2878 0.855402552011579 0.837377092960597 0
2879 0.8383933324853339 1.105891569789081 0
2880 0.8168021276149562 1.138369563183034 0
2881 -1.063553960624435 2.706808063755083 0
2882 -0.887771839330018 3.246136442077676 0
2883 1.962118758106846 2.688415257464586 0
2884 1.322496462796027 0.8657012518785958 0
2885 1.344083756711898 0.8332206611906767 0
2886 1.326748387370852 0.7982852212226228 0
2887 1.365671050601126 0.8007400709252581 0
2888 1.383006419939255 0.8356755109395815 0
2889 1.4045937138275 0.8031949206897577 0
2890 1.421929083164979 0.8381303607143915 0
2891 1.44351637705295 0.8056497704688845 0
2892 1.460851746390276 0.8405852104959557 0
2893 1.482372575702508 0.8091584437124424 0
2894 1.499763332186189 0.8432156975227167 0
2895 1.521541369782172 0.8119903767807306 0
2896 1.538258310767019 0.8454523821258029 0
2897 1.560500238618024 0.8134178894543314 0
2898 1.578345805928349 0.8470892690469827 0
2899 1.599364020245674 0.8153930160753746 0
2900 1.617919654425149 0.8496381230952552 0
2901 2.063732813378031 2.455976948802035 0
2902 2.101623507976738 2.453755866999549 0
2903 2.12068722554694 2.487798226230375 0
2904 2.140619692686766 2.454256923632791 0
2905 2.121817764893981 2.420390568029877 0
2906 2.16059365123639 2.420756826645461 0
2907 2.141533531560506 2.386739736108362 0
2908 0.8081606144950699 0.255860007919857 0
2909 -0.2170834638821849 1.389998694225148 0
2910 1.464912776163553 0.7755299505276265 0
2911 0.6690982383941606 1.366152555121564 0
2912 0.6898081951550945 1.333105693418861 0
2913 0.6483880606342668 1.399199427149315 0
2914 1.638385400749851 0.8177835793761683 0
2915 1.655465062516091 0.8528594594144885 0
2916 1.522731165989826 3.123198498951766 0
2917 0.5567358806453067 2.536238096037151 0
2918 0.5371130580137831 2.500084653734194 0
2919 0.6121261983095294 1.592866900136607 0
2920 -0.6980720628030177 2.429284947033882 0
2921 1.348335681264075 0.7658046308938267 0
2922 -0.3329152931521944 0.7474374689161913 0
2923 -0.3578699167404543 0.7036745109088736 0
2924 0.2722026217198783 3.20691656807049 0
2925 2.113940803283516 1.080794549462273 0
2926 0.9339188704033824 3.254940213056432 0
2927 -0.7483129570902666 2.281255747632172 0
2928 -1.563322976118799 0.4081576599730337 0
2929 2.214215792210061 3.06349502281657 0
2930 -1.405124429320123 2.748088840816798 0
2931 1.171057730986581 0.7884658773347151 0
2932 1.004270768021405 3.115097443348517 0
2933 -0.6370888879264758 0.937591142094877 0
2934 1.42434682476349 3.131404838939042 0
2935 -0.5312074493917127 0.5308959207886552 0
2936 2.442803693654435 2.814029780504666 0
2937 1.123631193864649 0.9208434813818291 0
2938 0.1587792572992563 1.376216493037214 0
2939 2.001115537081438 2.688917827755349 0
2940 2.152903476394901 1.082500453355421 0
2941 1.819143839816747 0.2341908028282469 0
2942 0.1797663474833745 2.074386906174284 0
2943 0.223901627666144 2.076575455099332 0
2944 0.06394446060570763 0.8848097423036014 0
2945 0.03799576343545682 0.8356099092750791 0
2946 0.06834599770577497 0.7877778850998134 0
2947 -1.202847172965085 2.612426524241351 0
2948 1.031942639564198 0.6730618409821567 0
2949 2.131944783802138 1.115390166001796 0
2950 1.526208986306869 0.3976827025147103 0
2951 1.376294612193412 2.74850143293449 0
2952 1.581392789922826 0.782000275576388 0
2953 0.2727393529509003 2.905995144231518 0
2954 0.2999358634614113 2.857199466691609 0
2955 -1.121921070445388 3.263799887052109 0
2956 2.59057614100892 2.799301108078077 0
2957 2.471078605262443 2.222456677399547 0
2958 -1.635296646538546 3.122485640510601 0
2959 -2.520938202488363 2.866005482116065 0
2960 -2.569889033632002 2.852331602908289 0
2961 2.430301534661507 2.057611947921238 0
2962 2.406631352577995 2.026631294763064 0
2963 -1.727260011181899 3.275838521859046 0
2964 1.221642171734454 2.613087319738003 0
2965 -1.481835195057517 2.733955935343769 0
2966 -0.9632834177650823 0.2329274596541118 0
2967 0.8139781788603744 3.085421884455489 0
2968 -1.657054066456222 0.4158405842407566 0
2969 0.7053661028748135 2.933214065166512 0
2970 0.4105428916992446 0.4417181848347926 0
2971 -0.7683527148236938 0.5209064240419092 0
2972 -1.781238981841581 2.613661443684298 0
2973 0.5126781891886421 0.9068072518732322 0
2974 0.4694310847767514 0.9029530821960856 0
2975 2.18770798366192 2.633325449500515 0
2976 -0.8332164363677943 1.140249612401884 0
2977 -0.8528090465005802 1.106528259493671 0
2978 -1.322258006389494 0.3900217080776098 0
2979 1.124979532635789 2.576403792180684 0
2980 0.9845987218620561 2.800877934022333 0
2981 2.364398435208949 2.034611416821893 0
2982 2.382157419173744 1.996056666435899 0
2983 2.645423868506478 3.16748843929834 0
2984 -1.467019501193017 0.4008959282476132 0
2985 0.2016905302274277 2.112284485911764 0
2986 0.2452377702159057 2.11644846965331 0
2987 0.2184811336456788 2.155298255544732 0
2988 0.2691565269476606 2.15540608258632 0
2989 0.2456422873986654 2.193844230314047 0
2990 0.2902947131380192 2.194821199356093 0
2991 0.2670788131479879 2.233117137771545 0
2992 0.3118279217331821 2.233578077225809 0
2993 0.2885146332961851 2.272166478676926 0
2994 0.3331546669843864 2.271344140723228 0
2995 0.3098433513824251 2.310955592001912 0
2996 0.3541733300147441 2.310784171369962 0
2997 0.3293639645023329 2.350846145389015 0
2998 0.3755024132811577 2.351295989337479 0
2999 0.3502432653570812 2.390213942731571 0
3000 0.3962579184789204 2.390756088612078 0
3001 0.3981662470581123 2.313739109388364 0
3002 0.3344374389749841 2.195098375716257 0
3003 0.2903472435359016 2.114147506530947 0
3004 -2.543223792766667 2.60056041087898 0
3005 -2.510300630958582 2.569151840672885 0
3006 2.165845424957894 2.602089382634939 0
3007 0.6399413913216562 0.2513750617901105 0
3008 2.075491132890827 1.078821672680846 0
3009 0.1884613423196545 1.763476395391547 0
3010 -0.6099453932661094 1.616604619006413 0
3011 -0.591928056322012 1.651193263302415 0
3012 -0.5529647116718136 1.652884108786588 0
3013 -0.5739107149216355 1.685781910080304 0
3014 -0.6576773670339719 2.046349380907245 0
3015 -0.6353599843170892 2.014734732010013 0
3016 1.790111719252059 0.897560307491009 0
3017 2.431750533439893 2.647654245084417 0
3018 -2.527587634113946 3.24932762770627 0
3019 1.379928766221821 0.4041415865245432 0
3020 -1.576706803269074 2.842416181550269 0
3021 0.4750237207172927 0.2311070479907349 0
3022 -1.396933760521735 0.7717399000598995 0
3023 -2.469819500994284 3.263712897024402 0
3024 2.541293033070154 2.596603687914733 0
3025 2.514375090486987 2.560237354587985 0
3026 -1.892705569305081 0.5507132321716519 0
3027 -1.920347833687438 0.5157992455069542 0
3028 1.223547424689456 0.899559002733574 0
3029 -0.422528792494642 0.5263959684088344 0
3030 1.893642154859047 0.5610765594331495 0
3031 1.93780544239325 0.5639013687515679 0
3032 -1.469408143581915 0.7648639386267999 0
3033 2.150205163966295 2.636419014433009 0
3034 -1.121559106047688 0.3759288230829259 0
3035 -0.7680040799908607 3.073388286175658 0
3036 -0.1221353879810558 0.7350322888645304 0
3037 1.282562354797041 0.3905275334541696 0
3038 -1.772938817148735 0.7138674994848875 0
3039 -1.789296125696175 0.7492770484237634 0
3040 -1.654671349137161 0.8728112117243954 0
3041 0.1909914888133301 1.688758230241216 0
3042 2.170907456889996 1.117096069911687 0
3043 -2.099146143761821 2.41747565093107 0
3044 -2.137751699382093 2.412137464158523 0
3045 1.253079461233464 3.102512549001225 0
3046 -1.350122801613206 3.27971047189812 0
3047 -1.40061268610857 3.273522633639092 0
3048 -2.414708961360934 2.013548448357922 0
3049 -2.386915594364844 1.986193932944133 0
3050 1.592079699356088 2.649921886218793 0
3051 2.47006360393009 2.564974407109903 0
3052 2.488169444130981 2.524449799311892 0
3053 -2.013543646380632 0.6668425727592395 0
3054 -2.030319585105034 0.703920031616563 0
3055 -1.996493384041976 0.629502891970362 0
3056 -2.32973988428597 2.072140921672388 0
3057 0.3725400357857707 2.429256034401164 0
3058 2.531853072831824 2.51982838794295 0
3059 2.505652170022546 2.484906673671677 0
3060 1.337306126774352 2.748004736157462 0
3061 1.123256094121059 2.711496035194822 0
3062 -1.916029284622586 0.8625905669583533 0
3063 -1.877191029462233 0.8590424856957048 0
3064 -1.893542351493908 0.8944476788867652 0
3065 -1.854703696336518 0.8909037551871195 0
3066 -1.838352476648819 0.8554968272686374 0
3067 -1.815864993418263 0.8873603026617745 0
3068 -0.7733857614598285 2.311138347499643 0
3069 0.9708447488236678 0.8451926482280778 0
3070 1.132135067475858 0.7860110320796929 0
3071 2.301381556219715 2.278527265336283 0
3072 2.277698776754675 2.247541370828049 0
3073 2.264082323411744 2.284117543687347 0
3074 0.7779027104799363 1.135930243284262 0
3075 0.7952369653491803 1.17086487661292 0
3076 0.756317985855787 1.168412557080854 0
3077 0.7736537884835726 1.203348208118212 0
3078 0.7347318113532304 1.200893815550493 0
3079 1.793321830604123 0.8299468204714602 0
3080 -0.2154594881193341 1.715820310462625 0
3081 0.4897770001926134 1.92656162255102 0
3082 0.5097428834811463 1.893060167773724 0
3083 0.5287726560379074 1.927101767710672 0
3084 0.5487385432384966 1.893600071237686 0
3085 0.5677688291897623 1.92764182074627 0
3086 0.5297081322716343 1.859558290038679 0
3087 0.5687042912745037 1.860098328658529 0
3088 0.5496738216061708 1.826056533454303 0
3089 0.5873541401404125 1.825812339088317 0
3090 0.6042015873708141 1.859757312000538 0
3091 0.5691939866893977 1.792550640015826 0
3092 0.6069063539707888 1.792646317018447 0
3093 -0.7356412191498786 1.173754256628702 0
3094 -0.7550340042331279 1.207584631295851 0
3095 1.942888626385085 0.4873543327098024 0
3096 -0.295288251127176 2.710505763059723 0
3097 -0.3764326063434447 2.753169892259074 0
3098 -0.4060269941401479 2.795450644362821 0
3099 -0.7204016481188044 0.5180500011686215 0
3100 -0.9546401552230694 3.103193584009068 0
3101 0.4368117436526898 1.224151768866555 0
3102 -0.4481360146688025 0.5742678987983205 0
3103 -1.865658634290609 0.2670593717848619 0
3104 -1.882525327594386 0.312900482972954 0
3105 -1.844665725013959 0.2199968795100697 0
3106 -1.792648394668297 0.2150786733414318 0
3107 -2.467697278354636 2.580933598703858 0
3108 -2.478245105769008 2.538209846142332 0
3109 -2.52056856741991 2.526350703543299 0
3110 -2.488904864525223 2.496379971698126 0
3111 -2.530457605600806 2.48407737892165 0
3112 -2.499476345721184 2.454540956018558 0
3113 0.6175973826619745 2.572194799001675 0
3114 0.6584446017388993 2.57236830207409 0
3115 0.4873506476432318 1.014855075159323 0
3116 1.30001754830045 3.099499318913801 0
3117 1.454298275373601 2.749497381223123 0
3118 -0.1723058900770185 1.717830029072592 0
3119 -1.700548763505537 2.627125919127952 0
3120 -0.5349473842798758 1.687472776648446 0
3121 -0.5558933848953271 1.720370573973396 0
3122 -0.5931685406976762 1.717800330473799 0
3123 -0.576425306154744 1.753052675853193 0
3124 -0.6236124896461522 1.515434594422134 0
3125 -1.366723540905355 2.754898524006143 0
3126 -0.1705174729823814 1.640629514809271 0
3127 0.4174349063662418 2.428136764626569 0
3128 0.4401909760083389 2.39195894892449 0
3129 0.191351219158653 0.2993091088390525 0
3130 0.1590285101798123 0.243517902140757 0
3131 -1.245369024385974 2.849836421495199 0
3132 -1.603740497120957 3.088648148229192 0
3133 2.00000744200796 1.008191549752371 0
3134 -0.5378070434869234 1.754923291403478 0
3135 -0.5587415417662056 1.787815096989873 0
3136 -0.5953467688843256 1.787107751077416 0
3137 -0.578775353326338 1.821269507734818 0
3138 -0.6163014877974371 0.9024018452321567 0
3139 -1.182721005523939 3.125448458310651 0
3140 0.2599562046007874 1.217662522691268 0
3141 0.7520763719675437 1.235686597759103 0
3142 -0.677607756289395 0.8674132794206708 0
3143 -0.7184452828694293 0.8678950029837049 0
3144 -0.9063255509042148 2.733148126033295 0
3145 -1.225995900752187 0.3824787682476249 0
3146 -1.693251773677435 2.735604007845877 0
3147 2.681057906341665 3.217318841545704 0
3148 1.808209450534215 0.930644520901355 0
3149 1.847120833233823 0.9336268662969014 0
3150 -1.981157439868059 2.646003828194124 0
3151 -1.86971763391727 0.9324339867304583 0
3152 -2.136273341836743 2.515604082443528 0
3153 -0.4376498771580204 1.143471750681836 0
3154 -0.2705914504005153 3.217657868452215 0
3155 -0.5406258592915222 1.822524493481652 0
3156 -0.5615554673930918 1.855442412245027 0
3157 -0.5999432147357913 1.854119628336192 0
3158 -0.5825357126716322 1.88833561694689 0
3159 -0.6210416438501404 1.886938839917858 0
3160 2.297768378767225 2.844439756921415 0
3161 2.325750019973879 2.88154095894232 0
3162 -1.535116482799139 0.8688456627674792 0
3163 0.499228135344448 3.290213875151066 0
3164 -0.1195793434317484 2.577754711088515 0
3165 -0.3834930831878595 2.843274977017861 0
3166 -0.4347061038858705 2.838460324522007 0
3167 0.9608646850792411 2.766357172901774 0
3168 0.4449882821680561 0.9403893772254066 0
3169 -2.439481677328079 2.042829583228673 0
3170 0.3005883049298665 0.8560372670880136 0
3171 2.180478848373031 2.387206371952746 0
3172 2.161419863401147 2.353190524946535 0
3173 0.2432229511190711 2.953505389157398 0
3174 2.137854204868614 0.9804195098233998 0
3175 2.119850224396564 0.9458238932507279 0
3176 1.676721306169712 0.8205408809655625 0
3177 -0.4176339078238944 1.179760015751468 0
3178 -0.395769592466905 1.144000933698873 0
3179 -0.3750750068143298 1.181448389325714 0
3180 -0.3526433308339256 1.144483572335541 0
3181 -0.3315585567921263 1.182924760953736 0
3182 -0.107145198965017 3.164647958105917 0
3183 1.474492536983544 2.642867534864789 0
3184 -0.5439744025923604 1.889722731422929 0
3185 1.828169876084985 2.720415534251178 0
3186 0.5572018638977967 3.286198314250766 0
3187 1.658783733363508 0.7865033203954732 0
3188 -0.8547150649136898 0.2182872242474156 0
3189 -2.657895332096677 3.16273006048498 0
3190 -2.642703384546055 3.220581264556314 0
3191 -2.67274056817508 3.104943834568565 0
3192 0.1152764747614875 3.048649616799739 0
3193 1.747205319615496 2.719456352055047 0
3194 -1.302799393327278 2.631110329737807 0
3195 0.925881757566371 0.560127095201949 0
3196 0.9487394552834332 0.5217230779264268 0
3197 0.9038931802812513 0.5213509953722975 0
3198 1.738292906323141 0.4419631019413086 0
3199 -0.5798319962702604 1.03745992315141 0
3200 -1.622104228696088 2.743957203614326 0
3201 1.186872667081431 0.3923942406686545 0
3202 -1.386272366256662 2.999004356316531 0
3203 -1.414988189808895 3.029931923768037 0
3204 1.571288755701473 2.750989866617882 0
3205 -1.341669426493169 0.8704580044433581 0
3206 -0.6956505360172466 1.378899068937907 0
3207 0.2494919859625782 2.040320168289 0
3208 2.234902245704466 2.257126980306368 0
3209 2.25332923637684 2.217316919034025 0
3210 2.442462039440969 3.236365316284349 0
3211 0.2240236607592546 0.2424736965307308 0
3212 -0.392814380203085 0.5722355071338536 0
3213 -1.598032285395769 0.7714039954999963 0
3214 0.6101958831772176 1.660363725435451 0
3215 -0.6344887676208739 2.196286547284059 0
3216 1.724418065083042 2.61657872536813 0
3217 -0.8568036987684882 2.968966519399721 0
3218 2.486071791462938 2.186453840195189 0
3219 2.568724336590464 2.633606992102403 0
3220 -2.091836408876204 1.082102110866471 0
3221 2.475781398359615 3.285004500642009 0
3222 2.41603139375045 3.289137128744198 0
3223 -0.1958183159572252 1.42942819715633 0
3224 -0.2339583199630634 0.830749129716982 0
3225 -2.057951220250017 2.632388574316198 0
3226 -2.096352575866343 2.625582862036066 0
3227 -0.3033432024507101 2.073571644916644 0
3228 -0.2849266285593085 2.111973039729936 0
3229 -0.3092421560096723 2.147404548869421 0
3230 -0.2659821683155564 2.150660186838856 0
3231 -0.291250731893617 2.187064682111443 0
3232 -0.2466960143982287 2.190253722927386 0
3233 -0.2726867775604622 2.22752963415798 0
3234 -0.2273813735655436 2.231228088345525 0
3235 -0.2011692822007125 2.193261010005289 0
3236 -0.1811927939095404 2.235377086221152 0
3237 -0.2535361399195601 2.268464719904181 0
3238 -0.2987503692817878 2.264552248053443 0
3239 -1.026660111888753 0.3713903878339271 0
3240 -0.9317244249076687 0.7689643271516058 0
3241 -1.420520204940936 3.226815103547713 0
3242 -2.424497795617413 1.975785124071172 0
3243 -2.39669426412536 1.948437185443171 0
3244 -2.359109392868159 1.958848502094785 0
3245 -2.368885775998598 1.921093335748765 0
3246 -0.6799308957214373 2.078239261447685 0
3247 2.050943422364673 0.7398333354797191 0
3248 2.032829793204997 0.7046477970379308 0
3249 1.99284370124107 0.7029506985122955 0
3250 2.016200635828376 0.6699641147958468 0
3251 2.069238732463069 0.7747713131261698 0
3252 0.7312801162254464 2.973406897972088 0
3253 -1.328297634597891 3.110938380415024 0
3254 1.973790607745692 0.6668954904067823 0
3255 -0.9512793803147386 0.7349714119501967 0
3256 -0.9908193143569535 0.7350502006588715 0
3257 0.3134946145537058 1.89065418001371 0
3258 2.003700597614648 2.486284371825592 0
3259 -0.2423831475522181 3.273810127570604 0
3260 -0.3069432008635708 3.271178639334118 0
3261 -2.444077131715189 2.669060434649554 0
3262 -0.7940314687420988 1.207692122288347 0
3263 -0.7744751470663691 1.24139237400207 0
3264 2.150703698361676 1.149592905686245 0
3265 2.189037259648823 1.151626207046498 0
3266 -2.265407209303921 3.1543471208338 0
3267 -2.252784244714388 3.205915830275663 0
3268 -2.200143041179343 3.218483413667592 0
3269 -2.237453843876332 3.258575568149987 0
3270 -2.183563965817718 3.271101902712653 0
3271 -2.291769380530674 3.24555730103436 0
3272 0.2572755327988938 1.579151283348423 0
3273 0.2139537618005037 1.577767413246634 0
3274 2.261066326586258 2.929152234741322 0
3275 -1.646280841891711 3.079884048057433 0
3276 -1.043095280993711 3.006978421867806 0
3277 0.570439378621912 1.396375554253547 0
3278 0.5314649773733311 1.394963627387166 0
3279 2.421294351167221 1.990614408723099 0
3280 2.397556540395565 1.959626168145563 0
3281 2.359561899291721 1.964930270468187 0
3282 2.374045798950514 1.928616462526435 0
3283 0.2370369140417109 1.540520062328774 0
3284 0.192915515227212 1.539122457277963 0
3285 0.1706976168193 1.576474829548343 0
3286 -0.1500754962822748 2.619337839331315 0
3287 0.08774286473926385 1.022606459445631 0
3288 0.1128314295445077 1.068685218942361 0
3289 -1.444659466405819 2.631796849189367 0
3290 -1.820173338889015 2.707640311860524 0
3291 2.444933741921935 2.529627245375896 0
3292 0.3533129332248729 0.4408846564791451 0
3293 2.453741443016057 2.088496704851471 0
3294 -2.540445761232295 2.442291085205642 0
3295 -2.509816261340742 2.413206913914519 0
3296 0.5149602846565131 2.535605021756079 0
3297 -0.154565611213624 2.196586567902242 0
3298 0.3501542384435652 0.8590734896171592 0
3299 -1.550457401684465 2.815276486979335 0
3300 -2.556850798031156 2.902541878700401 0
3301 -2.60755038665364 2.88858126745559 0
3302 -2.619205141926958 2.837730949051028 0
3303 -0.6348523382569249 2.887945517215405 0
3304 -0.6646025657439506 2.925251409325142 0
3305 -0.6070472777940349 2.851159202046932 0
3306 2.654759368075669 3.274125215271199 0
3307 -0.6571951739517468 1.445923464067467 0
3308 -1.415183445115525 0.8696659932160533 0
3309 0.4387068056771799 3.292495743618777 0
3310 -0.5902903814050325 2.46750203671412 0
3311 -0.6228901100201585 2.497788355837671 0
3312 1.299851049373433 2.619148378092249 0
3313 2.412637452529819 1.923515829504928 0
3314 2.388968725045513 1.892543879210027 0
3315 -0.5589923705711104 1.211524024831853 0
3316 0.687362492981697 1.400611384567205 0
3317 0.6670958353135923 1.433423263088812 0
3318 -2.57671819740868 2.632571126373356 0
3319 -0.786653306159016 2.274535867774148 0
3320 -0.8117804646778347 2.304364192492422 0
3321 2.468747091493733 2.052499056375228 0
3322 2.168938803026689 1.184165869129696 0
3323 2.207100731144478 1.186207134898097 0
3324 1.871003275366456 0.2360305570191357 0
3325 1.894951860229968 0.2819586994481655 0
3326 1.846700896574143 0.1896736925394831 0
3327 1.793508115586208 0.1881178078563019 0
3328 0.1181956506800399 3.273779828171693 0
3329 0.05227562675615247 3.274252227715155 0
3330 0.8321452855452867 1.175774684718009 0
3331 -0.3084360227341991 1.14497876381837 0
3332 -0.2870612225481116 1.184296724379378 0
3333 -0.3079798666492622 1.221274398829631 0
3334 -0.2651225924498282 1.224335044455467 0
3335 -0.3303364079006891 1.107166325941126 0
3336 0.2936142511298851 1.856542102162871 0
3337 0.67758254034927 0.8560616145618831 0
3338 0.7184907610202365 0.8590030073198183 0
3339 0.6361144622704744 0.8532290828982771 0
3340 -0.5977499363660317 2.205931461760724 0
3341 -0.5831849945113051 2.242003509372632 0
3342 0.5788778524799676 1.192870164410606 0
3343 -2.406470544575745 1.910682095744162 0
3344 -2.378661864880367 1.883338377515142 0
3345 2.41296277371004 2.688463419957413 0
3346 0.7793521187924338 2.970618293810295 0
3347 -0.9196750068308891 0.3652258943632047 0
3348 -1.217846433695303 2.82024053897521 0
3349 2.181831736115433 2.569168409300008 0
3350 -2.561950265985463 2.513744780444694 0
3351 -2.138359686918346 0.9563686521404675 0
3352 -2.701658478085861 3.205426654048917 0
3353 -2.685944630785206 3.26534496043663 0
3354 1.694491356663072 0.8567726315662292 0
3355 1.858931326635398 0.6639411480969815 0
3356 -0.6983199737024944 0.8320094788599093 0
3357 -0.7388033001665588 0.8328920170109999 0
3358 -2.511404248626673 3.307234664729006 0
3359 1.439318758458662 0.8722047572412346 0
3360 0.4932777594257501 0.864864440815069 0
3361 -0.5443138761177434 1.450495179602887 0
3362 0.5305691209576789 1.792014054090183 0
3363 0.7132208760619996 1.23319216381929 0
3364 -0.6743842008470211 2.012413274826848 0
3365 -0.5140014052316585 1.654575482792447 0
3366 0.2164401189520842 1.501270789062037 0
3367 0.3246328558100733 2.434763511130829 0
3368 -0.5806137816511066 1.380451472966879 0
3369 0.4549420771036995 1.655922129671127 0
3370 0.473781223795849 1.690057638119402 0
3371 -0.2048212327814035 2.615830484327527 0
3372 -2.113033444095809 2.381951207689494 0
3373 -2.151148554569813 2.375618147289193 0
3374 -2.176194088448824 2.405625298678275 0
3375 -2.18950920552943 2.368940170130549 0
3376 -2.16441589595669 2.339081981202183 0
3377 -2.202810899915129 2.332296892940834 0
3378 -2.179280963980596 2.303013974376474 0
3379 -2.216376644957847 2.295738617521002 0
3380 0.7909915626105741 1.238260439882836 0
3381 0.769489627440395 1.270406464890458 0
3382 -0.2800189606734784 2.305293191966951 0
3383 -0.2350519733164352 2.310660535800098 0
3384 1.142323662108372 2.745517293474324 0
3385 1.103326835033872 2.745019838130372 0
3386 -1.52238180443995 2.62492961642136 0
3387 0.394072700358481 2.466290385472489 0
3388 -0.6174815299579702 1.311651656964339 0
3389 2.548985513414911 2.479725269930566 0
3390 2.52285664270463 2.445353032554783 0
3391 0.5503555721470231 1.758629705729821 0
3392 -0.09638765301859051 0.3635934136379144 0
3393 -0.1300198576291957 0.3090645329565003 0
3394 0.05417061187854647 3.050569279736407 0
3395 -0.3060520467477593 0.7035035947510173 0
3396 0.2083525963566102 1.800869746275116 0
3397 0.1659348862032331 1.800934875303928 0
3398 -1.45152853951901 3.267126500777516 0
3399 -1.431526621810074 3.314678167836451 0
3400 -1.483423432402866 3.307969349615214 0
3401 -1.463128785647617 3.355827450230513 0
3402 0.1714592464379784 1.499774863776741 0
3403 -2.237953478285395 2.937829539642248 0
3404 -2.191432520832886 2.949121203600247 0
3405 0.3240364549063977 0.3906885253744266 0
3406 0.2447840030078758 2.857764634122335 0
3407 0.2722702115607153 2.809978645639935 0
3408 0.3264963729060923 2.80935120373685 0
3409 2.186236285179578 1.219148139020826 0
3410 2.224996877010914 1.220864745610443 0
3411 0.8172989401540636 0.7445402932223635 0
3412 1.649282409253391 2.75198485688105 0
3413 0.7005785070875217 0.8217596417712159 0
3414 2.609935007922743 2.754402882839423 0
3415 -2.060989283786117 2.426042276481753 0
3416 1.001005463454553 2.764892112343277 0
3417 0.006753150539362849 0.8802697488859135 0
3418 -2.593915902694142 2.940228617807995 0
3419 -2.64620644997259 2.925833128274419 0
3420 -0.603795938296253 1.920707539029446 0
3421 0.6522448035790789 0.9587724624938855 0
3422 -0.4574925706504052 2.793002657527884 0
3423 2.055426176499894 0.6707662611087022 0
3424 2.036166111001567 0.6340584687059705 0
3425 -1.672734492514275 0.771031793319561 0
3426 -0.2588271395565865 1.713534141459056 0
3427 -2.052947571264918 0.6713748534015231 0
3428 -2.072201242929058 0.7074551133226916 0
3429 -2.125823252312578 1.153727925462942 0
3430 2.611146062935427 3.11830203033257 0
3431 2.670234725744863 3.112695074358081 0
3432 1.636009337377504 0.8837689613522437 0
3433 -0.6420654200000053 1.919735893669633 0
3434 0.2739028032560959 1.763006669937342 0
3435 -2.436408429259004 2.550527928362147 0
3436 1.300909168909232 0.8981818421053829 0
3437 1.339831832154121 0.9006366915762509 0
3438 2.641064815395274 2.794566488184699 0
3439 0.8170390204212659 0.8339311842388977 0
3440 -0.485397070998082 2.83513401813239 0
3441 -0.2867454541739097 1.006350775211197 0
3442 -0.1716481362625033 1.390843620766128 0
3443 -0.1940023759731272 1.350564430098417 0
3444 -2.275804336989061 3.299750108354125 0
3445 -2.343289319815655 3.280418114142484 0
3446 2.480551982965894 2.450374783262594 0
3447 2.497547092297348 2.412851798005478 0
3448 2.715066254228752 3.270534903092284 0
3449 -0.7471568661072369 0.4782879897039045 0
3450 -0.7956087358163372 0.4812875231426128 0
3451 1.356379148066559 2.781576595241936 0
3452 2.539283302955218 2.406644738978937 0
3453 2.513142016107296 2.377104069538035 0
3454 -2.458634971042186 2.466645683430142 0
3455 1.98118628823815 2.722440476984658 0
3456 -0.630891375379704 1.6495023808439 0
3457 -0.6489086963119973 1.614913701699437 0
3458 0.6827761955035598 2.976124288438376 0
3459 0.01380358022597836 0.7845918287009843 0
3460 0.04399164038450482 0.7363569092467281 0
3461 0.1004519092414308 0.7394456266710736 0
3462 -0.2395985396792896 1.752014444204591 0
3463 -1.743279818510114 0.501122862956938 0
3464 2.080346537425902 2.553097529475084 0
3465 2.199682011998773 2.354096077790899 0
3466 2.180253566583552 2.320273795381051 0
3467 2.142163977834794 2.319267233503392 0
3468 -0.8721153153280163 1.140298114109277 0
3469 -0.8917920510751826 1.106625640004034 0
3470 -0.8723989361962499 1.072805325812169 0
3471 -0.9113983141802772 1.072912219880684 0
3472 0.4609270474140824 2.42807776364635 0
3473 0.4830616775030454 2.39274340370153 0
3474 2.104709720395942 2.385141651764195 0
3475 2.173862169073755 1.049610740647774 0
3476 2.21534003157936 2.221572414209061 0
3477 -1.891060519710685 2.69628997439682 0
3478 2.575397160249878 2.514573562250963 0
3479 0.3830050218158408 1.033166469074024 0
3480 -2.214597055022883 2.398815383340143 0
3481 0.381995321995214 0.4907779968807002 0
3482 0.437845613421418 0.4916250154054027 0
3483 0.4667723803396036 3.139410338289248 0
3484 1.515147172326874 0.8761635872914315 0
3485 -2.506734133395668 2.91518707573319 0
3486 -0.5959018390369444 0.9382991045053268 0
3487 -0.5743342019810522 0.9023426531674437 0
3488 2.423883885463955 2.952105503814777 0
3489 -1.80126049017355 0.8531861782850001 0
3490 -1.777026261715658 0.883817232289402 0
3491 -1.793377494160892 0.9192240179866722 0
3492 -1.754442556686266 0.9136394590572106 0
3493 -0.3247938355860126 2.301261880244731 0
3494 -0.6650765177996185 2.112366303399806 0
3495 -0.7025186787814351 2.110011616159297 0
3496 1.15381598000321 0.7520460794023012 0
3497 1.114908919837041 0.7493438366343463 0
3498 -1.389761525763412 2.785554171030619 0
3499 0.6576773971535586 2.935558485131673 0
3500 -0.2687227303533264 1.531298213508587 0
3501 -0.9308053495064781 1.106740622110175 0
3502 -0.9498235788254958 1.072685542631585 0
3503 -0.9308974627997959 1.039136564139517 0
3504 -0.9693049673465433 1.038899567936063 0
3505 2.160282659331259 0.946280712725323 0
3506 2.142416766832688 0.9116881552140095 0
3507 2.020183108375029 2.722938676999454 0
3508 -1.823128479542306 0.1720331638885471 0
3509 -1.77046438422202 0.1648183263469036 0
3510 2.387466351864257 2.651768445556558 0
3511 2.159687155641565 2.488278507437149 0
3512 -0.4630932926717915 2.880801439328577 0
3513 1.273769621121906 3.060739474474349 0
3514 1.227857827391365 3.063600145335311 0
3515 -2.62435149959825 2.980042722022763 0
3516 0.6143006084550593 0.8874911742814846 0
3517 0.5955289880067534 0.8496094840748252 0
3518 -0.1337444856261525 2.239633275730209 0
3519 -2.195352547456698 1.054054830319263 0
3520 2.509754570970155 2.217439739931697 0
3521 2.494767867866296 2.25349255683392 0
3522 -1.955002950492823 0.6259793441094466 0
3523 -1.98046801096546 0.5925482750908622 0
3524 -2.021457247016976 0.5952679239338103 0
3525 -2.004167115659635 0.5568966647816804 0
3526 0.5353057528298968 2.573712328074704 0
3527 0.2650598202616026 2.310482323469873 0
3528 0.2994497627639716 2.762819151538341 0
3529 -0.6350997364468391 1.852630784503114 0
3530 -0.8110258825762795 2.977352665926385 0
3531 2.203960705404273 1.253772632496072 0
3532 -2.331301147454465 1.931504506798611 0
3533 0.4628667549209426 2.356214999229092 0
3534 -0.5600141704198724 0.486353769357506 0
3535 -0.5835197105870458 0.5337903337812488 0
3536 -0.5545720426221377 0.5779290444289336 0
3537 -0.610858801281983 0.4876312745654956 0
3538 -0.2112644524298442 0.5813607011614688 0
3539 2.40662386310523 2.611157687911541 0
3540 2.201290204388989 2.420998204148893 0
3541 -0.9715321264571047 0.698216076108457 0
3542 -1.010853589149323 0.7026871992189201 0
3543 -2.339341897864728 3.228542982272969 0
3544 -1.89215833739067 0.2253246533306277 0
3545 -0.5876431347330685 2.895424818846986 0
3546 -0.5679046192134574 2.436064261342526 0
3547 -0.6048288832205863 2.429968070825275 0
3548 -0.5830405944454138 2.39951557325252 0
3549 -1.515781980340116 3.349442334274578 0
3550 0.2956501673838359 0.4403567673992601 0
3551 2.113111281245662 2.790252854784722 0
3552 0.3691434824351704 1.262169957662969 0
3553 -2.425691337592477 2.592016437109652 0
3554 -0.2412878574415322 1.185301381145852 0
3555 2.092457989446568 0.7407550280543194 0
3556 0.1376264106916892 1.910066699987174 0
3557 0.1435742051857365 1.762142260768374 0
3558 0.8764392849469008 2.769779188344697 0
3559 0.8536291452187743 2.734567622251675 0
3560 0.894259116119646 2.732355774335534 0
3561 0.8730377893779089 2.698234545112562 0
3562 0.832277362817893 2.700233976480494 0
3563 0.8521830392101851 2.664305885132543 0
3564 0.8113293182820228 2.666206105088424 0
3565 -2.550396212580192 2.401216726750234 0
3566 -2.519789568660204 2.372434058909302 0
3567 1.911192231432854 0.5985183083623173 0
3568 -2.479994067019772 2.38376464492199 0
3569 -2.489942347818466 2.344360525144162 0
3570 -2.529054223171845 2.332728906442029 0
3571 -2.499555788697559 2.30504541111734 0
3572 0.637806587887261 2.607859419277772 0
3573 0.6788556977423542 2.60779067222676 0
3574 1.766221820967854 0.9342458330279984 0
3575 0.9669522824492552 0.7084806172418614 0
3576 0.9470281493502519 0.7440445676881164 0
3577 0.905985193705434 0.7437707129959663 0
3578 -1.137564874047997 2.83628826962198 0
3579 -1.110388585267965 2.806299508076515 0
3580 -0.134998998461594 1.859353043389324 0
3581 -0.1575185343746863 1.822384467552577 0
3582 -1.00102282171959 2.789462756742884 0
3583 1.131780894851268 2.828409091146634 0
3584 2.24293629161778 1.255475507396934 0
3585 2.221966837984472 1.288367744290448 0
3586 2.260929869740632 1.290073564082305 0
3587 -0.2196453934074627 1.226076293872646 0
3588 1.162757154689095 0.6762106923385056 0
3589 0.4486150244661495 0.8625998320332924 0
3590 -0.1823967643263323 0.8315423295025473 0
3591 -0.2083371190366573 0.7841743252056232 0
3592 0.9898521973292065 0.7445719802773509 0
3593 -2.188441782625431 2.262117830545996 0
3594 -2.229035690213557 2.258389819562024 0
3595 -2.205450998936828 2.227060988202801 0
3596 -2.242851685115861 2.221882484761069 0
3597 -2.217841855180077 2.192053928123832 0
3598 -2.255553425912133 2.185975379521003 0
3599 -2.254495749145097 2.288756693800728 0
3600 -0.1005090210620901 2.625245326838139 0
3601 -0.06564357035222593 2.583526149524878 0
3602 -0.1317297297922105 2.670269771897772 0
3603 -1.770993958032307 0.9494320134388929 0
3604 -2.416246548264874 1.872927162835214 0
3605 -2.388437858593815 1.845583480098594 0
3606 -2.426022526116936 1.835172275554843 0
3607 -2.398213832139698 1.807828600422985 0
3608 0.4069113175837674 3.243254095851722 0
3609 0.3769115692302766 3.295125709077415 0
3610 2.345339838708019 2.83648603674636 0
3611 -0.3074104069262112 2.899123764453022 0
3612 -2.456077715825353 3.322975131991821 0
3613 0.1911917265773514 0.1856699965529689 0
3614 0.2566241507657184 0.1831994690719647 0
3615 0.1243026042892143 0.1864311588385301 0
3616 1.317459350459161 3.058979902313872 0
3617 0.9266850267136332 0.4815474868347192 0
3618 0.9704581009844173 0.4813030807587924 0
3619 0.8820177115939822 0.4797180143415636 0
3620 0.02218892712167152 3.103437931341021 0
3621 -0.282241705865135 1.749402266575096 0
3622 -0.7152036015076895 1.207252471810132 0
3623 0.9283814666404853 0.7783512645596504 0
3624 -0.9545741741889542 0.4588423983131023 0
3625 -0.9076840590973654 0.454437488912212 0
3626 -1.511755801927338 2.824110524862923 0
3627 0.08692204541326518 2.995966416493129 0
3628 -0.5628374811598061 2.213094125444989 0
3629 -0.6068349991403734 2.169526760079769 0
3630 -0.9989827429445939 3.015953315981265 0
3631 -0.5911045550632519 2.581658669011784 0
3632 -0.2606813931171634 2.076562531387181 0
3633 -0.2798150748015685 2.037878636083985 0
3634 0.7921446243398409 2.701737275156978 0
3635 0.7707528227623102 2.667719554385696 0
3636 0.790228074358355 2.632459102605748 0
3637 -0.1163565113717487 2.070265846980649 0
3638 -1.150039759825363 2.798395651784032 0
3639 -0.2443902496874909 1.265251263957505 0
3640 2.455764300193194 2.42154812877106 0
3641 0.3447712620139336 0.9440912652393059 0
3642 -2.444078885518489 1.900282026073123 0
3643 -2.139311666225388 2.309257840836267 0
3644 -2.360629169287153 1.81823980056659 0
3645 -2.370405138168002 1.780484925689145 0
3646 0.4708966682591377 3.342713692701646 0
3647 0.1561246662067853 2.113820462029563 0
3648 -2.32152518579336 1.969259375224291 0
3649 -2.495576521210189 3.36652042007979 0
3650 -0.1967882073869428 1.26688232203392 0
3651 -0.6058107002621691 0.5802070227119931 0
3652 0.1646990285870309 1.070471455863072 0
3653 0.1377206567437281 1.113968698997746 0
3654 0.1880844626544073 1.115657115552995 0
3655 -0.8134441874201748 1.241517023458742 0
3656 1.826152825864562 0.9667722766415476 0
3657 1.864388236198683 0.9691977868679142 0
3658 -0.3328516114440437 0.6590797312816576 0
3659 -2.00391167554001 0.9723610407415392 0
3660 -1.965080394027299 0.9688069222957679 0
3661 -1.981432617448596 1.00421216181073 0
3662 -1.943826344766337 1.000059566099263 0
3663 1.942189462790006 2.721942840876437 0
3664 1.961266900157764 2.755970382334358 0
3665 -1.808583234004952 0.9535340817242183 0
3666 -1.429013478234232 2.777013418695937 0
3667 -1.126736555691125 0.7695305165765007 0
3668 -1.146329353963899 0.7358092296332956 0
3669 -1.185329206633779 0.7359164610307272 0
3670 -1.107440920720365 0.7357667147920264 0
3671 -1.165918630440554 0.7020859250781313 0
3672 -1.822292404370777 0.8202949342620554 0
3673 -1.783162542315844 0.8165465398565448 0
3674 -1.995974258927579 2.506167212821974 0
3675 -2.009280794284646 2.469507536285102 0
3676 -1.970879231988214 2.476313204015014 0
3677 1.6897869457279 2.753440677573467 0
3678 -1.929449089159034 2.689481379626549 0
3679 1.192660630260373 0.7557378572036662 0
3680 1.30941301803896 0.7633497811093679 0
3681 1.330879896479181 0.7327784278162435 0
3682 1.292077648703041 0.7284143410600108 0
3683 1.369902905911611 0.7336422467934791 0
3684 1.351683885360375 0.6984596665350522 0
3685 1.161773477642505 0.9227793882297064 0
3686 1.13960834901721 0.9548758639491286 0
3687 1.101817549803302 0.953173262954597 0
3688 1.163620012305137 2.577103284201189 0
3689 1.143084898434799 2.543905322864088 0
3690 1.105655680172906 2.542584467805016 0
3691 -1.165364920190777 0.9047373349334829 0
3692 -1.14577326535965 0.9380433940958013 0
3693 -1.185557058387608 0.9373489589427002 0
3694 -0.7610115375727236 2.244120014609969 0
3695 1.904916016811228 2.586354798115506 0
3696 -1.106772533203551 0.9382820253007946 0
3697 -2.122966411066199 2.552263673748411 0
3698 -2.161159792170033 2.544283216891717 0
3699 -2.174640216499129 2.508602618515657 0
3700 -2.152597385883692 2.584046547903236 0
3701 1.394559298033901 2.781965702486509 0
3702 2.040112364078702 2.689415299390822 0
3703 2.059179417508492 2.723476777955995 0
3704 2.077473458964046 2.690836280177595 0
3705 1.181320488554586 2.746014833282364 0
3706 1.865919186345997 2.58585640075081 0
3707 1.8858484322109 2.552336005491679 0
3708 1.846851606080144 2.551838237887827 0
3709 2.018011457465669 1.042787139552831 0
3710 -2.320233319752078 2.10962547073441 0
3711 -2.293604706191838 2.081088386441359 0
3712 -2.302200887963024 2.044534486210335 0
3713 -1.240318821180161 2.606402433216203 0
3714 -1.214493923639599 2.577162294551381 0
3715 0.9031787219212321 1.008465426299502 0
3716 0.8126347106804986 0.9014763338744238 0
3717 -1.231585709011098 2.745194806211611 0
3718 -0.8330317902492006 1.207798658453468 0
3719 -1.177475768808181 2.582805050616108 0
3720 0.8815914601617831 1.040946036346475 0
3721 0.9205140737237533 1.043400854985726 0
3722 0.8989267769871987 1.075881443260132 0
3723 0.9364611831752103 1.077413628197148 0
3724 0.9142804881307629 1.109544642766594 0
3725 0.9592053491015184 1.045701919885641 0
3726 1.885988721034556 0.9356436943787283 0
3727 1.903942716055913 0.9703132227549567 0
3728 0.6277519499445833 1.43220712998963 0
3729 0.6460286863154916 1.466659431121599 0
3730 0.685448520018983 1.46783530958258 0
3731 0.6643098732811088 1.501109373867578 0
3732 -1.127752633811848 2.729444111846783 0
3733 -0.9504560782760907 1.005395493333648 0
3734 -0.9894502439821287 1.005499331121244 0
3735 -1.007235160283205 1.03656490423363 0
3736 -1.028273644959094 1.004177632198364 0
3737 -1.009104715270093 0.9715929550501755 0
3738 0.5132008407708435 1.360505475318498 0
3739 0.4924904644203528 1.393551786018707 0
3740 0.4742267813253973 1.359071520668719 0
3741 -0.47215333457812 1.588906838445252 0
3742 0.6958220065174276 1.198411456840282 0
3743 1.757386088360718 0.7607552876972585 0
3744 -0.6572772521652503 0.8314906839010741 0
3745 0.5478031089553453 1.961136388130194 0
3746 0.5867992734848071 1.961682410219029 0
3747 0.6064898734490656 1.928335538041233 0
3748 0.6257496486375566 1.962249073064114 0
3749 0.6058220382087024 1.9957294211368 0
3750 0.6448170220146978 1.996270352046426 0
3751 0.624857344614791 2.029768657444086 0
3752 0.64252158900245 1.924311281511579 0
3753 0.6629998089106859 2.03078604629725 0
3754 0.6437473102240155 2.063889000529483 0
3755 0.6816295140278481 2.06505186205511 0
3756 0.6626875387372873 2.097981214995744 0
3757 0.7002257444742548 2.09933637446309 0
3758 0.6816305652894441 2.132071857467171 0
3759 0.7206122594031106 2.13262006030397 0
3760 0.70087243892849 2.165995433511609 0
3761 0.7399039408899714 2.16651579194391 0
3762 0.7199816481750185 2.199993172784725 0
3763 0.7589910394044136 2.200525891755139 0
3764 0.7390346495273908 2.234022333957836 0
3765 0.7780346727744261 2.234560289911582 0
3766 0.7580710387066648 2.268060781838481 0
3767 0.7970682932581843 2.268600285576817 0
3768 0.7771029903760467 2.302101710421848 0
3769 0.8160995053425841 2.302641627610638 0
3770 0.7961338010605534 2.336143276850432 0
3771 0.8351301258629453 2.336683300346759 0
3772 0.8151643229869078 2.370185004703604 0
3773 0.854160599662941 2.370725055104028 0
3774 2.636277202880752 3.064672632928578 0
3775 2.694748252592846 3.06133453673401 0
3776 2.660300853713611 3.010927806095724 0
3777 -1.127141573866136 0.9784201860628049 0
3778 -0.7938893841244045 1.27499127552541 0
3779 -1.75243315798974 0.7448209190575539 0
3780 0.5858642200645798 2.029204143301309 0
3781 -0.2685432244483589 1.056696305116589 0
3782 1.317487149317129 2.781204857732022 0
3783 0.6619302624937397 2.165444098582502 0
3784 0.623890190609959 2.097313719269172 0
3785 -0.5187366476807799 2.024266098398193 0
3786 -0.535305898286385 1.989472840057206 0
3787 0.5116129782090731 1.757972965686834 0
3788 1.922892321956208 0.2380901394434574 0
3789 -0.9119071730849653 0.8027885251985822 0
3790 -0.8924682271700718 0.7686352812556108 0
3791 -0.8724420859467791 0.8027583394423694 0
3792 -0.8511051234346351 0.7662173713132863 0
3793 -0.8331114004546626 0.8026509937501598 0
3794 -0.8145487259290722 0.7691570342051621 0
3795 2.240124766403126 1.322882851454953 0
3796 0.7571691235168638 2.335622014518747 0
3797 0.719092760048788 2.267502384855256 0
3798 0.2722225743646572 1.890825080223824 0
3799 0.2929034078679407 1.926333515532674 0
3800 0.6714931869143375 1.298673995356901 0
3801 -0.4168852193223361 0.6185029415344987 0
3802 -0.4719432323511188 0.6212312330849274 0
3803 -1.614201200651673 3.047228446125231 0
3804 -1.564001342309193 3.057202166712369 0
3805 2.350295101350433 1.897563143079575 0
3806 2.365274482470746 1.861546600888522 0
3807 2.403950632714747 1.856529845044508 0
3808 2.380265079715747 1.825541192591154 0
3809 0.2219944629442546 2.232356450373894 0
3810 -2.587243642217412 2.587817127007245 0
3811 -0.8246366128712559 2.266891723716448 0
3812 0.8342284143963203 2.404189579623532 0
3813 0.8731966439233855 2.404760631375948 0
3814 0.8931578075365481 2.371264074198598 0
3815 0.9121883905144039 2.405305682799107 0
3816 -0.4960350520902189 1.689190292400057 0
3817 0.892256313149555 2.438763098425919 0
3818 0.9312237159406183 2.439340883399907 0
3819 0.1953388595220673 1.461448031559323 0
3820 0.1499390292983954 1.459908343745671 0
3821 -0.4872710335609675 1.486744179322153 0
3822 -0.5790390066097534 1.245001766181609 0
3823 -0.5983482774010997 1.210469194005448 0
3824 -1.256880591927064 2.812215592664612 0
3825 0.19460620947436 2.664338723216596 0
3826 -0.9006222227038352 2.959191247654119 0
3827 -0.88569085621435 3.004111208468805 0
3828 0.3269924535880124 0.8145970001166936 0
3829 0.2781458480640463 0.8105955653607719 0
3830 -2.341018811298017 2.743471150038749 0
3831 2.586612880967787 2.591479213211244 0
3832 -1.252052325736037 2.56764335214491 0
3833 0.6991311164552652 2.572918349354985 0
3834 -0.3721903447195716 2.414292779944432 0
3835 0.5312075346972276 1.724789169237704 0
3836 2.209891100356971 1.11879106058336 0
3837 0.0599437490180435 1.067395434925303 0
3838 0.03238522331572959 1.020070421507033 0
3839 -1.030423840104124 0.7354119331379825 0
3840 -0.7580487149551548 0.8689395286169852 0
3841 -0.7103467873176053 2.916310807331768 0
3842 -0.6938009152043417 2.960761313857045 0
3843 2.533724965677024 2.24840065931323 0
3844 2.521361237122421 2.290912619509875 0
3845 -1.188987619799079 2.547654341008738 0
3846 -1.152269606981191 2.553065921092604 0
3847 -1.050339856245758 0.7025682281634145 0
3848 -2.200983357138687 2.43536758147496 0
3849 -2.047578719841793 0.7406926102405982 0
3850 -2.088952788926493 0.7442618744033354 0
3851 -0.8500403618904917 2.297406976878382 0
3852 -0.8368407700390059 2.334198331058481 0
3853 -0.8752656717443916 2.327535767816034 0
3854 -0.8619404783048805 2.364104024717842 0
3855 -0.9003494297955232 2.357325920608664 0
3856 -0.8870231617543949 2.39396520453516 0
3857 -0.92542927577566 2.387179681452399 0
3858 -0.9121026848737456 2.423828119936085 0
3859 -0.9505079430222703 2.417044332901919 0
3860 -0.9371808265137491 2.45369603327131 0
3861 -0.9755861835667347 2.446911632441453 0
3862 -0.9622589990885214 2.483563755423796 0
3863 -1.00066435814997 2.476779341465533 0
3864 -0.9873371602583535 2.513431547779148 0
3865 -1.025742519838843 2.506647130437515 0
3866 -1.012410769406639 2.543297699335288 0
3867 -1.050809154884519 2.536510719018612 0
3868 -1.064145959592033 2.499862005795979 0
3869 -1.353415170186625 2.791549969648259 0
3870 -0.1943094692345413 0.311744597771944 0
3871 -0.1648266415712028 0.2540121084323523 0
3872 -0.2303088612232917 0.2566191899419139 0
3873 -0.1009642311346089 0.2513431156201036 0
3874 -0.2000838378502759 0.1985113805558871 0
3875 -0.2643783897267383 0.2003728739167467 0
3876 0.5897747938713096 1.693204315414454 0
3877 0.6270976353229509 1.695518980815995 0
3878 0.651740549840608 1.663647839763221 0
3879 1.979064111775111 1.040731318175196 0
3880 -0.3342000980145943 2.182758361233776 0
3881 -1.456734481140703 3.019469983643044 0
3882 -1.444858928758913 3.061540951108031 0
3883 1.826080805270911 0.593174823776091 0
3884 0.1841743980992248 3.271993751020541 0
3885 0.1532440669433638 3.331172194917603 0
3886 -0.06175650932208582 3.230388884405336 0
3887 -0.1098807910564226 3.28361083251357 0
3888 0.9784904977875861 2.731920019787412 0
3889 -0.7198375974841223 0.796726168528495 0
3890 -1.204920635715448 0.702479186713209 0
3891 2.23040841549292 2.185775465178408 0
3892 2.26890725627533 2.180713859037211 0
3893 -0.2357047565813231 0.142868636977767 0
3894 0.9119045015516773 2.696596687784433 0
3895 1.95332842764158 0.7025349901395761 0
3896 -0.1751325804673056 2.155169957952233 0
3897 -0.1280458901351947 2.157275405968361 0
3898 2.265536420550742 1.22127891492884 0
3899 -0.008568426122595183 3.041398297387762 0
3900 1.715762004178508 0.8240915445915875 0
3901 2.108759348712296 0.7765709630471813 0
3902 2.087451011627348 0.8096928218434727 0
3903 2.126375396132139 0.8117696795846054 0
3904 2.105222108707494 0.8444512058528151 0
3905 2.144136670457837 0.846409504225361 0
3906 0.7589978883459764 3.011693641224116 0
3907 -0.8002262299542195 0.2132212319652393 0
3908 -0.8318221323841511 0.1673987215411714 0
3909 -0.7761275820504936 0.1620825977239804 0
3910 -2.462613150877914 2.317168880138081 0
3911 -0.161471955765748 2.279088248305857 0
3912 -0.1128557421415281 2.283664098796145 0
3913 -0.1408241006990064 2.324133757211608 0
3914 -0.09123392917156978 2.328757995932323 0
3915 0.560423145754574 2.466615361287135 0
3916 -1.086069004215861 2.997305714939093 0
3917 -1.073089377881447 3.040647828895271 0
3918 -1.116749328314758 3.031036403617787 0
3919 0.9529889940044975 2.951618313845938 0
3920 0.9776886271016239 2.988463429493024 0
3921 1.021426769659411 2.984115264113591 0
3922 0.9326715255839841 2.992136210252949 0
3923 0.9575411911087018 3.029882713676684 0
3924 0.9115823915403538 3.033522580931635 0
3925 -0.3068887673418652 2.341500648804617 0
3926 -0.3590608040048974 2.336411546001012 0
3927 -0.1111167768885379 1.820276251509232 0
3928 -0.9996839424985305 0.4642400255869097 0
3929 -1.237310724599956 2.998230718794 0
3930 -1.266831515332669 3.032192217685159 0
3931 -1.223923598452596 3.040164259202934 0
3932 -0.8866176272733102 0.1720881744667522 0
3933 -0.5599367986160285 1.278922496471919 0
3934 -0.460790017199574 0.2822271869996329 0
3935 -0.4930385428617853 0.2330017027142917 0
3936 -0.4330947997274897 0.2289406101528544 0
3937 -0.4667320467138442 0.1773693319333625 0
3938 -0.5374577442797964 0.178474553988667 0
3939 -0.406856417834381 0.1726886330647872 0
3940 2.215694457401791 2.93262943329524 0
3941 -1.740057166354287 0.2095431697794576 0
3942 -1.717468069016848 0.1598196210948104 0
3943 -1.686888872386262 0.20511561549971 0
3944 -1.664200226996808 0.1580081843105394 0
3945 -1.633800611784648 0.2019994725923082 0
3946 -1.611188237326198 0.154463095658429 0
3947 -1.696578786571393 0.1056555557370988 0
3948 -2.748681144927388 3.248923104000626 0
3949 2.111281445198947 1.147419844017393 0
3950 -0.1331954087191072 0.9202295072730349 0
3951 -2.268921954637208 2.846419632128606 0
3952 -0.4325767900226933 2.564322829458694 0
3953 -0.4153113991275671 2.606817441361777 0
3954 -0.4433944120248817 2.642938265963147 0
3955 -0.3965415555840835 2.647516148503645 0
3956 -1.012891217408992 2.441051005022293 0
3957 -0.686794770663349 2.14702271704193 0
3958 -0.724906550739026 2.142317859081554 0
3959 1.92249330501239 0.4475077769024605 0
3960 1.966599095529427 0.4498249140580803 0
3961 1.951463133638773 0.4087666292537238 0
3962 1.982530809567671 0.491731239323062 0
3963 2.619996520355581 2.841465954304268 0
3964 -1.902406961510827 0.4767154858205465 0
3965 -1.94715027026476 0.4811774424630084 0
3966 -1.929180533923691 0.4395720041610203 0
3967 -1.984960884352329 0.4483615144886679 0
3968 -1.958428142433999 0.4019510968997535 0
3969 0.7720595276615383 0.5943357066259218 0
3970 0.7942446547063806 0.5548606817906079 0
3971 0.7480934493947908 0.5542559428069609 0
3972 0.7716159090361099 0.5134592672869513 0
3973 0.7234042628617818 0.5144476431718727 0
3974 2.165915406629462 2.285648386026144 0
3975 0.2456169091370102 2.762856280595265 0
3976 -0.834349005987837 3.251267803080762 0
3977 -0.8655933696947895 3.295894840826914 0
3978 -0.8106802474592697 3.301590353310689 0
3979 -0.8427273791702651 3.347362244330225 0
3980 -0.8961222997232878 3.343142804088142 0
3981 -1.071296214986087 2.814057859856062 0
3982 0.5965425669336004 2.608053726156334 0
3983 -2.083045657102604 2.66224245592903 0
3984 -2.118867948371903 2.657763982713602 0
3985 -2.044644056914696 2.669048115491385 0
3986 1.744872813762524 0.5175820578449137 0
3987 2.554617190944975 2.370413661965776 0
3988 -2.568971165283936 3.2924047143896 0
3989 0.8813358433596505 3.258389711396837 0
3990 0.9102101285002738 3.30271474721129 0
3991 0.8584283692360808 3.305493235907563 0
3992 0.9637003360751744 3.299133513707838 0
3993 2.242720149259185 2.971826561823926 0
3994 2.191288518027937 2.974834342123893 0
3995 2.288316939853565 2.966975417220563 0
3996 0.8880615750987015 2.995525484612796 0
3997 -0.5955744629955013 0.8658459135846883 0
3998 -1.070367691223121 3.269341308812238 0
3999 -1.100816851257329 3.310432633621326 0
4000 -1.048069111384737 3.31793836246962 0
4001 -1.151796938834744 3.303884765267989 0
4002 2.358611694941993 2.610128917055839 0
4003 1.117656219159016 0.5300395170472103 0
4004 1.140016334050282 0.4946281858821315 0
4005 1.09618939290068 0.4916068540003204 0
4006 1.123151731338787 0.4504272553373563 0
4007 1.183251186623443 0.4977528593475773 0
4008 -1.299350136594736 3.285463280400461 0
4009 -1.32955958791462 3.325971765894201 0
4010 -1.277953634492988 3.33358669881502 0
4011 1.26349847130153 3.272737880180295 0
4012 1.29130192564479 3.314591705332065 0
4013 1.343171031630844 3.311393798533319 0
4014 1.237936306201329 3.317028053184768 0
4015 1.320541198248532 3.358893335809756 0
4016 1.373841831762817 3.355045888810668 0
4017 0.4846165728874901 1.084878420698996 0
4018 -2.53769161708162 2.293255128965017 0
4019 -2.508835958019886 2.266021590351579 0
4020 2.615056590369115 2.628766662826809 0
4021 -0.2637117028436545 1.78716905846744 0
4022 0.7420864106381587 0.8248552303063363 0
4023 0.8549553784391533 2.30382390392714 0
4024 -1.307769573260398 3.019943007111408 0
4025 0.7010795357570228 0.5546117911749531 0
4026 0.6781291267135729 0.5145387529303824 0
4027 1.18405351426406 2.541595775019398 0
4028 0.2723391617621104 2.714820165767798 0
4029 -1.682325064245504 3.111283455129714 0
4030 -1.692912227321905 3.061393431656768 0
4031 0.9522443810964383 0.4364022797560376 0
4032 -1.910547778894234 0.3975085308328379 0
4033 -2.730126268036296 3.312184091255776 0
4034 -2.667364433358831 3.32747641128921 0
4035 -2.317013550876884 3.340460388287267 0
4036 -1.581118739079022 0.1970792988636172 0
4037 -1.558292825458443 0.1500979999040439 0
4038 -1.52821426683175 0.1927179600864486 0
4039 -1.5053217040466 0.1462028546892735 0
4040 -1.4751087482509 0.1895549039617261 0
4041 -1.452212353332051 0.1419078401784453 0
4042 -1.486031888708827 3.052685477199167 0
4043 -1.475504599720447 3.093699367272979 0
4044 2.690460671316242 3.32617104102034 0
4045 2.749693117255314 3.32442831553085 0
4046 -0.6466887346137321 2.97076430646529 0
4047 -1.395478146361971 2.853367401729924 0
4048 0.6863178128073804 1.997695232070017 0
4049 -1.469906593395699 3.220086377388915 0
4050 -1.43965478777287 3.181229743557669 0
4051 1.023412734835594 2.799812577663285 0
4052 -1.421994580613278 0.1846477614718753 0
4053 2.373202886588703 2.872741226630783 0
4054 2.17681688147624 0.9821254112282005 0
4055 -0.5736815444016062 1.98741851426677 0
4056 1.345944066878671 3.095651053509134 0
4057 -1.584204939198119 2.750357888827697 0
4058 -1.609373394611213 2.780180345521654 0
4059 -1.645827194948881 2.773144838928161 0
4060 -2.677359038651811 2.965199063757467 0
4061 1.179889254713052 0.9582333225518503 0
4062 2.449662476404442 3.33852471205516 0
4063 2.509674750272561 3.33521597582376 0
4064 2.389360604457082 3.342076137708016 0
4065 2.356238032479817 3.293354050382014 0
4066 2.628137306346913 3.330239518202967 0
4067 2.329489982455594 3.345550439826893 0
4068 2.296802676937633 3.297341665378608 0
4069 2.270242611909626 3.349006692265714 0
4070 2.238041119844335 3.301143860064793 0
4071 2.211815803997433 3.352255233777406 0
4072 2.179986688202491 3.30493595293715 0
4073 -0.6177739065352502 0.9721742575051872 0
4074 2.729656638053363 3.107256604502728 0
4075 -0.1475454513670455 1.351425831648766 0
4076 -0.4391346019858237 0.6638553221362349 0
4077 -0.1192020116562343 2.369821222353488 0
4078 -0.06844958007479091 2.374858197736061 0
4079 -0.3426972278694212 2.258094066684902 0
4080 0.719458360098816 2.607606575801587 0
4081 0.4959759919140355 2.499099576892439 0
4082 0.4720794903953506 2.535016384069597 0
4083 -0.9323526167860657 0.6955960055098882 0
4084 2.171953588632318 2.670081933941421 0
4085 -2.263690829616816 2.054054329364024 0
4086 0.07238512281362808 0.687926496583491 0
4087 0.01756305748605116 0.684778880632501 0
4088 -0.4378826339656387 0.1207162494984768 0
4089 -0.218642631519026 1.466969749240259 0
4090 -0.1743611678017372 1.469286763221664 0
4091 -1.284038357077705 2.841174244115198 0
4092 2.523849622635053 2.18212335339949 0
4093 2.499311094095396 2.151791510206341 0
4094 0.162035892712292 1.157902386116748 0
4095 0.1075055213256527 1.163042085378504 0
4096 2.10353593546586 2.726500187568221 0
4097 -1.085597740392057 3.36269997682961 0
4098 0.9305137441041126 2.372721452532779 0
4099 0.9751650868523101 1.078877569455465 0
4100 0.998052987760796 1.04796598743457 0
4101 -0.7007922926961998 0.4780868018571818 0
4102 -0.2782657872235639 3.327318168872532 0
4103 -0.3431945566745541 3.323109681662733 0
4104 -0.3712056046287691 3.267111478963898 0
4105 -0.4065512900724835 3.318693958505405 0
4106 -0.4345733494351716 3.260917916372991 0
4107 -0.4693120909202191 3.312933805253611 0
4108 -0.496723902253399 3.257575592663828 0
4109 -0.5309736839416703 3.308101899615298 0
4110 -0.5573248855584637 3.253714147313382 0
4111 -0.5900625656875771 3.302983369832477 0
4112 -0.2132300944212817 3.332521799910367 0
4113 -0.4436027515333548 3.380564907114525 0
4114 -0.8822487464640251 0.492975875683106 0
4115 -2.397792540382991 2.562445131138459 0
4116 -1.251217728448387 3.077213805024642 0
4117 2.124258157111572 2.285217767350936 0
4118 -2.283551090679221 2.117797111217378 0
4119 0.2561215149268099 0.2948679040629847 0
4120 1.899811974140896 0.6673469184487517 0
4121 0.893760577125439 0.8413847249091781 0
4122 0.1253576442972646 1.499142589316392 0
4123 0.2188035610244799 3.331758611463564 0
4124 0.4107726499959155 0.5387293276206395 0
4125 0.464869921203798 0.5391811038438166 0
4126 0.4927438763772747 0.493081313884792 0
4127 0.5187698990875419 0.5396665406784777 0
4128 0.5484969093375779 0.4929091204628469 0
4129 0.5697796269579839 0.539321101349062 0
4130 -1.430725350331921 3.103841949313084 0
4131 -0.5759499182927237 0.9745287636510147 0
4132 -2.545109720492648 2.255821251125206 0
4133 -2.517707366470781 2.227593253225058 0
4134 2.748539096869612 3.218937589129417 0
4135 -0.6906578171066697 0.55940852307074 0
4136 -0.2077825087405001 0.6864799735368652 0
4137 1.365076623855787 3.052506910896264 0
4138 2.246153737182811 2.149974316441238 0
4139 1.334783954683674 2.985320490366889 0
4140 1.375416618235827 2.815098400583826 0
4141 -0.5789362616431104 1.175692062770996 0
4142 -2.621291052438205 2.618159038216887 0
4143 -2.616476164337244 2.667350581887455 0
4144 0.155417896792347 0.1258664009443939 0
4145 2.538018960277169 2.144761107474399 0
4146 2.200468617910578 0.9480283573585075 0
4147 0.6126993534930609 2.858914798812192 0
4148 0.8158771389902629 2.236666760035094 0
4149 -1.185113109062173 0.668887150138157 0
4150 -0.3073872378348075 1.459954596618002 0
4151 0.504437439992974 2.358577952930678 0
4152 0.5241477921617226 2.39501409249308 0
4153 0.4854242323300746 2.32410670529007 0
4154 1.119102250273698 0.9873032466711738 0
4155 1.080456634374871 0.9858042132281217 0
4156 0.6075962119467345 1.464578507515016 0
4157 2.579221769219277 2.401226296257439 0
4158 -0.739722784904447 2.107839543752059 0
4159 -0.3682401608651877 0.5247381860848921 0
4160 -0.3365694285969222 0.5720982072700749 0
4161 0.3575912609682775 2.755442122486926 0
4162 0.3800131425545773 2.806823296989513 0
4163 2.350622550103631 2.918570057808238 0
4164 -2.20459300483142 2.904557737440671 0
4165 -2.159125497896015 2.915850413114127 0
4166 -2.145806627003116 2.959852067819403 0
4167 -2.114130405848327 2.92675654011681 0
4168 -2.10072203099848 2.970149388920252 0
4169 -2.069084031434156 2.936752059823215 0
4170 -2.056084038269744 2.980362247588459 0
4171 -2.024578710517311 2.94768413587152 0
4172 -2.011799809817485 2.99070012283314 0
4173 -1.980823412980561 2.957732501176517 0
4174 -1.967850492799076 3.000891639783021 0
4175 -1.937738709102231 2.968389332525933 0
4176 -1.924935925171908 3.010500951578432 0
4177 -1.894313013778262 2.978594344645404 0
4178 -1.883606421830309 3.021259888437031 0
4179 -1.850718757264987 2.989739272257655 0
4180 -1.83973535151151 3.032452433032742 0
4181 -1.807168125289142 3.000298397536466 0
4182 -1.793405193607858 3.041633692154576 0
4183 -1.828390297528959 3.078203529599737 0
4184 -1.763273075374187 3.010622375937372 0
4185 0.08230356576221269 1.419948833817338 0
4186 -1.371832042369406 3.037199748914408 0
4187 -0.7132782554487397 1.274622089001872 0
4188 -0.7334165889788565 1.309133168299927 0
4189 2.191325382867656 2.189310367124248 0
4190 1.318291307781258 0.9323757317285806 0
4191 1.280034375038574 0.9300455406986212 0
4192 -0.3694562153937625 0.2265989166211539 0
4193 -0.5527163935771692 0.86550188025838 0
4194 -0.7857711993634728 3.351613371057411 0
4195 -0.7551800296953968 3.306312537428471 0
4196 -0.7266830310249831 3.353035338588783 0
4197 -2.261755016283081 3.351139369016505 0
4198 1.750676929126019 0.8958981456200004 0
4199 1.727810424102304 0.928228652522781 0
4200 -0.6235427634363928 2.395629635707703 0
4201 -0.598231731409921 2.364071503032347 0
4202 -0.5597365609128084 2.36857296908955 0
4203 -0.5755517973405907 2.334771275564658 0
4204 2.126647885094313 2.606623195902401 0
4205 -0.4223945304447073 2.6795998853622 0
4206 0.5497640260678435 1.428463428660965 0
4207 -0.6995659845400961 3.306599968589484 0
4208 1.866771113151426 2.519079325892348 0
4209 1.905776062993122 2.518940139672142 0
4210 0.9399518361559029 3.352124384878064 0
4211 0.9924315812159119 3.337444031939233 0
4212 -2.581561141709267 2.430489951097868 0
4213 -0.3695515510687399 2.612990877954569 0
4214 -1.083073539210734 2.775476536501607 0
4215 -1.98587881220083 2.438935260022727 0
4216 -1.734333122767499 0.7103297010745213 0
4217 2.367607047124796 2.69110101103499 0
4218 2.393450827415518 2.728281106261936 0
4219 1.821573420888285 0.143273276708179 0
4220 1.767596477674116 0.1417863991471209 0
4221 1.739802536773912 0.1864707615053494 0
4222 1.713601517837869 0.1411638770526278 0
4223 1.685928541721368 0.185644553496886 0
4224 1.877373127121263 0.1439583576863932 0
4225 1.659783036338549 0.1402375428495053 0
4226 1.632180529037893 0.1854480547387374 0
4227 1.606097277895769 0.1395430864886722 0
4228 1.578583010744769 0.1837841171907231 0
4229 1.552538742288151 0.1389904025496211 0
4230 1.525052137984418 0.1828130552558005 0
4231 1.499035067461982 0.1373872605011925 0
4232 1.471541985478682 0.1819070838049588 0
4233 1.445509120989994 0.1371351683409947 0
4234 1.417995274940827 0.1811595929018603 0
4235 2.418941507663275 1.820524712414685 0
4236 2.395258342951504 1.789538430738834 0
4237 2.356582300211592 1.794555293298771 0
4238 2.373396912931573 1.759310985538103 0
4239 2.408832330838609 1.754978628290223 0
4240 2.386635723476743 1.72291655712832 0
4241 0.3800779280268866 0.811184722476588 0
4242 -2.046807577385223 0.5607940251597097 0
4243 -2.028225213140705 0.5182090880362398 0
4244 2.154072677076966 3.354779636167556 0
4245 2.122472054699408 3.308039041363957 0
4246 2.096892644748613 3.357854345937641 0
4247 2.065798346473458 3.311629823246765 0
4248 2.495813904325323 2.086995067222697 0
4249 2.507484830372265 2.04692025599791 0
4250 2.48318665717966 2.016790690016257 0
4251 2.576191593209146 3.072661096265352 0
4252 1.945569654769581 0.2848105845694997 0
4253 -1.398885830420073 0.1384935439567665 0
4254 -1.368567787210522 0.1798519893763566 0
4255 -1.345402422131907 0.1341417563339968 0
4256 -1.315447065753487 0.1758916774104677 0
4257 0.3142445120735646 1.825221534739494 0
4258 0.146067177063112 2.994674227182842 0
4259 2.277967648694334 1.324025219856902 0
4260 2.258191710212007 1.357254505007315 0
4261 1.666685815998552 2.785179134390301 0
4262 1.629353152443204 2.785508351970221 0
4263 1.922955773338894 2.75507791550122 0
4264 1.39194352726791 0.1360492410170226 0
4265 1.364795024705838 0.1809378043911964 0
4266 1.338299237329461 0.1354471187203956 0
4267 1.311100368084085 0.1799525224794452 0
4268 1.284441397352752 0.1350104456980639 0
4269 1.257706871710084 0.1788745955096964 0
4270 -2.565184645047112 2.320033337445847 0
4271 0.6744098191463898 1.231000538004067 0
4272 0.6569494322810024 1.19601540445336 0
4273 1.918627160101839 0.3258022496922965 0
4274 1.966769799848008 0.3303972252673026 0
4275 -1.633984569447535 2.809532204268572 0
4276 1.956909849809933 0.6007429363186021 0
4277 1.980057657849993 0.5667660244404829 0
4278 0.2001251020632719 0.4117098235695076 0
4279 1.298328792071473 2.747453451887384 0
4280 1.278882203484783 2.781432816905123 0
4281 1.084822840988342 2.7106829900064 0
4282 2.102106507781987 0.9111967821046796 0
4283 -1.224328831236897 0.7360710190695681 0
4284 -1.24333480873451 0.7028158375544484 0
4285 -1.93238111823516 0.8979902047008499 0
4286 1.093230609578434 0.7832675159350462 0
4287 1.075895317210487 0.7482854322696766 0
4288 -1.32897468425828 2.761146543746306 0
4289 -1.927334003417267 0.964750370521662 0
4290 -1.902535214955632 0.9972183349280397 0
4291 2.284123270669609 2.14464459869578 0
4292 2.26227240496711 2.114166235142265 0
4293 2.441092229471709 2.294461873448074 0
4294 2.464775012411299 2.325448255194626 0
4295 -0.9238536388649111 2.490348174921991 0
4296 1.961047366099622 1.006427294115081 0
4297 1.939843064427823 1.040933074430426 0
4298 2.28661782647101 2.314625663149906 0
4299 -1.048114946475449 0.9716693649386173 0
4300 -1.065836120339472 1.004951975218575 0
4301 -0.9115678259799682 1.005353178892085 0
4302 0.721653515108999 1.098541179663963 0
4303 -1.781969548570331 0.9831646876487361 0
4304 -0.6772452460349454 1.139846765795688 0
4305 -0.6575208139596321 1.173911980286672 0
4306 0.2801482489695287 1.54384545085901 0
4307 -1.089213485271952 2.52972507927427 0
4308 0.4916611202733411 1.791488899502223 0
4309 0.5743696082016978 0.9496660737922191 0
4310 -1.526741348295945 2.788456511661045 0
4311 -1.412630966334858 3.359584202003246 0
4312 0.8814946798875481 0.7795265926302568 0
4313 -0.4965054850501648 1.9923249426265 0
4314 -0.5127773660595776 1.958116908300637 0
4315 0.7397098716502981 0.4736170317902744 0
4316 0.7901710781042552 0.4717033168790539 0
4317 0.7518698942326617 0.9312052361427665 0
4318 -0.4751642425711383 1.656417935666656 0
4319 2.328818555095248 1.866584341210299 0
4320 -1.959728863256962 1.034123190231304 0
4321 -1.997916054712652 1.039291023319269 0
4322 -0.3009454216580065 1.708184920691048 0
4323 0.9114210813311479 2.472734133860066 0
4324 0.9503111697468982 2.473318414850915 0
4325 0.9702254883620719 2.43987542509384 0
4326 0.989256832097904 2.47391628746091 0
4327 1.009197250495684 2.441650571481542 0
4328 1.028240576536247 2.47467183024252 0
4329 1.008479089302585 2.507962457506432 0
4330 1.047543463961594 2.508378545375558 0
4331 1.066145905295279 2.475565289108218 0
4332 2.671057540147447 2.837336497938866 0
4333 2.650534673993425 2.885101073983275 0
4334 0.7953537557995193 2.403608429862443 0
4335 2.293881855059278 1.356545339336401 0
4336 2.275702565789506 1.391547710271861 0
4337 1.827784033700651 2.517817886388453 0
4338 1.80857876689921 2.551385790619923 0
4339 0.5137989293152396 1.623777079369309 0
4340 -2.293774988303507 1.941159188338184 0
4341 2.484919678130574 3.388572988000289 0
4342 -2.239027551840029 1.163300504777212 0
4343 -1.102551349162886 2.494862632338552 0
4344 2.345994573675759 1.730852211953758 0
4345 2.362806452135998 1.691722184166184 0
4346 -0.08029747925317056 0.9203119435073956 0
4347 -0.1064373366728007 0.8727610433201374 0
4348 -0.05384606664266858 0.9680299719724164 0
4349 -0.8528951730462915 0.8367719219781768 0
4350 2.749930758326969 3.052189195784536 0
4351 -0.5250610178299406 3.206821429313318 0
4352 0.7103252246583709 1.300167313538157 0
4353 0.7279781219849244 1.334160271002376 0
4354 0.6501076909762109 0.556351613676823 0
4355 -0.5075806974191838 2.789855159969663 0
4356 -0.4794162513801101 2.750810113886441 0
4357 0.8430673013134107 2.923103658939521 0
4358 -0.5463092498285124 2.248110010764188 0
4359 0.6352927164822109 2.981951305995031 0
4360 2.597039263446776 2.671659851764361 0
4361 0.7761465298795166 2.16746582858114 0
4362 1.12343854150192 2.510705519890884 0
4363 1.388753468861802 0.2255709583436656 0
4364 1.062669956794481 2.73942333375344 0
4365 -0.8606388816710855 0.4502536838596343 0
4366 0.6082640624335739 1.727911647846035 0
4367 0.6446795004890851 1.728679391000601 0
4368 2.439750028573069 2.458737985431804 0
4369 1.692619233198396 0.0952431470529771 0
4370 2.167361433064541 1.250165771366724 0
4371 -0.7697917354651559 0.4378561341673775 0
4372 0.1239881135285456 1.805591307291757 0
4373 1.390882227628424 0.7021495726925091 0
4374 1.408737619936075 0.7360496118240161 0
4375 1.427723546137888 0.7062508923082749 0
4376 0.6373630332834017 3.229294589249792 0
4377 0.6676131715439253 3.27681604816149 0
4378 0.7242652012911384 3.273774317803435 0
4379 0.6994797490602235 3.32710200546539 0
4380 0.7556065976641184 3.32124278225675 0
4381 0.6418054676156438 3.329355781848533 0
4382 2.139781150053911 2.519978124991203 0
4383 0.3571831256368763 3.150201814262015 0
4384 1.998805827296987 1.075629070194108 0
4385 -0.6697171171785214 1.646637330593975 0
4386 -0.6514971267803419 1.686013815416071 0
4387 -0.6878720246970262 1.613222831756841 0
4388 -0.665537802843833 1.581208918336912 0
4389 1.995923186699612 0.4210841446635047 0
4390 0.3527366063271667 1.958654006177397 0
4391 0.3319715265793933 1.992773134122841 0
4392 0.3515508961800913 2.027709685297113 0
4393 -2.480404752980095 2.238528428309595 0
4394 0.7591886178002953 0.8622146739171053 0
4395 1.718190488769801 0.7579304535894293 0
4396 1.699683013029487 0.7242948486165046 0
4397 0.1868483958687882 1.839698841075896 0
4398 0.7398133021554805 2.570168929387897 0
4399 0.2098572483758932 1.158468691029246 0
4400 0.807617665955549 1.272102769648177 0
4401 0.7863800701964356 1.301684093210411 0
4402 0.82887874497353 1.24115088605881 0
4403 -0.4159180897302887 1.107966703589466 0
4404 2.313757286563809 2.802763623417612 0
4405 2.361840579734924 2.795656017472572 0
4406 -2.435798497245785 1.797417397727144 0
4407 -2.063561748600334 0.777655224482835 0
4408 -2.103668096911545 0.7815821084523402 0
4409 -2.195631362736956 2.536233650091077 0
4410 2.040303860475168 3.361501588869199 0
4411 2.009594431268086 3.315321983352876 0
4412 1.984196744029435 3.364556139384641 0
4413 1.953746326815682 3.318893244599121 0
4414 0.7219581550783856 0.7869239856823236 0
4415 1.230339687373164 0.1324541639664625 0
4416 1.203558589207149 0.1781427573331542 0
4417 1.176065098159837 0.132972806069644 0
4418 1.148042433664718 0.1767021371304138 0
4419 -0.6173954544528235 1.244420361434234 0
4420 -2.173571132787922 1.259141309240132 0
4421 1.244230003670595 3.024636766405876 0
4422 1.355942242321302 0.9371570850588506 0
4423 1.377817705322451 0.9033017090392506 0
4424 2.105139339928725 2.319359455907866 0
4425 -1.163211114026598 2.51821362214566 0
4426 -0.1346007494615981 1.784143372560026 0
4427 0.6170020979906045 2.644394469969898 0
4428 -2.233625321479712 2.157755892624144 0
4429 0.5953315948006664 0.4961387879515802 0
4430 0.4386812242341501 0.5845870635944903 0
4431 -0.6143309770620068 3.253563190797445 0
4432 -1.31222114395645 3.370914629322083 0
4433 0.7344565664517928 2.0977711523083 0
4434 0.3039403592034058 0.7765432109927775 0
4435 0.2567483914398119 0.7639607858373385 0
4436 -2.148269572660931 3.230630964133002 0
4437 -2.130254982762632 3.283593893270988 0
4438 -2.16904687340449 3.332536034502414 0
4439 -2.112397569567034 3.336746162311696 0
4440 -2.075416017681478 3.295607921759023 0
4441 -2.057449953920615 3.347805299221297 0
4442 -2.020256412153973 3.30791616483826 0
4443 -2.00225534686133 3.357600409703009 0
4444 -1.965509022765221 3.319483126984218 0
4445 -0.3978793022653234 1.21689972695534 0
4446 -1.025276809853248 3.366062715216906 0
4447 -0.9945856717156516 3.323172941025081 0
4448 0.4752341227933676 0.8249817572774183 0
4449 0.5177613880012727 0.8288940919904646 0
4450 1.393591817713496 3.306395934126946 0
4451 1.423517478435469 3.349086037775864 0
4452 0.7021628477829231 1.501815298000664 0
4453 0.68119449105262 1.534782361332039 0
4454 0.6445517405452243 1.532617792467296 0
4455 0.6630174827944535 1.566797590966716 0
4456 1.121185191828238 0.1324179312508753 0
4457 1.092929603357306 0.1759457608502828 0
4458 1.06613524008318 0.129298168147703 0
4459 1.0375589065019 0.1745762689308823 0
4460 1.883119479851772 1.003073796354941 0
4461 -0.1688676106182447 2.361821803993908 0
4462 -1.911888125333387 2.726734315604757 0
4463 -1.950180007512739 2.719197704787744 0
4464 -1.877730664984237 2.732930332024544 0
4465 -0.3091440382773472 0.7888038672951567 0
4466 -0.6270775510148995 1.952857441987908 0
4467 -0.6715899885304347 1.95125872980947 0
4468 -0.6831398334674718 1.909717397930207 0
4469 -2.689823564766869 2.917802582021792 0
4470 0.8826413053478932 0.559696102095453 0
4471 -0.8148965531168081 0.8369331866871002 0
4472 -0.2215857069241818 1.789436247091905 0
4473 0.2004188048291645 0.8469637276019406 0
4474 0.1784181726429981 0.7951918124076585 0
4475 0.5445495976401602 2.362080321112546 0
4476 -0.5302235281619235 2.158132484929348 0
4477 -1.53522095115663 3.302881168715143 0
4478 -1.568229635213571 3.342424747549012 0
4479 1.306185982570274 0.0919125653281434 0
4480 0.03259560945791073 0.9274838716728833 0
4481 1.010566777447648 0.1281865783775296 0
4482 0.9817822072726579 0.1749746564754713 0
4483 0.8057338561670926 3.008286524885134 0
4484 -1.493246125474146 3.40135512371338 0
4485 2.591062485182518 2.47539647205267 0
4486 -1.291665114278891 0.1307431193731921 0
4487 -1.263361394347962 0.1722470367068836 0
4488 -1.236700045747062 0.1248651047305185 0
4489 -1.20868806660408 0.1683461187161186 0
4490 0.9562173930482634 0.1305653397486335 0
4491 0.9239916291751922 0.1727748612271034 0
4492 0.8996001523051771 0.1298354914280051 0
4493 0.8662398487379448 0.1721750235816064 0
4494 1.702933606800538 2.784672997916404 0
4495 -0.30601779834192 1.782396385093365 0
4496 -0.2873332945994039 1.82154655351572 0
4497 1.076219681041316 0.4525821642172767 0
4498 1.052866002083136 0.490470692458536 0
4499 -0.7820373195221936 2.941529144211036 0
4500 -0.7648278290494318 2.985897302544643 0
4501 1.928516537963908 3.367588724494893 0
4502 1.898279807987537 3.322382835235685 0
4503 1.873227356677975 3.369575721902628 0
4504 1.842721481241358 3.325750582919303 0
4505 1.818131151154324 3.372082763423112 0
4506 1.787784639008224 3.329044303013389 0
4507 1.870119011957825 3.27542829626358 0
4508 -0.9700197367483632 2.982053780866987 0
4509 -0.9532970262960669 3.023216225148734 0
4510 -0.06555507203898278 0.7343268554471551 0
4511 -0.09885078429993296 0.7828478298789521 0
4512 -0.5648496128056388 3.355483651521114 0
4513 2.078100144568039 0.6377954980491458 0
4514 2.058583937915508 0.5978436935439528 0
4515 2.145396063668418 3.25688865103525 0
4516 0.1292189967740459 0.6861698255058128 0
4517 2.61976977755156 2.509619178888134 0
4518 0.2497572112605858 1.859858346966861 0
4519 -0.9691744428335449 3.373270922062446 0
4520 -2.061057331673716 0.6031169359306228 0
4521 -1.958056988612285 3.044142987999658 0
4522 2.324774903512644 1.69314123097069 0
4523 2.340221299989569 1.659830748306726 0
4524 2.377015207916121 1.6559895280535 0
4525 2.359781997024482 1.624187237394445 0
4526 -1.949410009507957 3.368182999104171 0
4527 -1.911317259131776 3.33106686191058 0
4528 -0.9909417098824065 0.6659257056477603 0
4529 -0.5146159500251271 2.872261264962249 0
4530 -0.4915547864925089 2.916884310650225 0
4531 -1.585973680380991 3.011791864317454 0
4532 -1.542880023341113 3.021639901798566 0
4533 2.641621685034262 2.667408071797702 0
4534 2.110942291478389 2.642522385707544 0
4535 -0.2827258518091884 0.6525910394017778 0
4536 -0.6212289131534168 3.35226001561581 0
4537 -1.936907010738212 0.3576378199071453 0
4538 -1.986128846048437 0.3625365265916307 0
4539 -1.966636872329146 0.3189439046545059 0
4540 1.415795328389643 2.811068085330177 0
4541 2.249939582442222 2.31992576781801 0
4542 1.200863813636313 3.028585595551236 0
4543 1.181630735530527 3.066724773473027 0
4544 1.157363006449556 3.030086628325652 0
4545 -2.630277077404231 3.063138216064198 0
4546 -2.687218086744383 3.047514010804607 0
4547 -2.729824948980461 3.088664393732471 0
4548 -0.5311838767887347 0.9033311721137889 0
4549 0.3560191815740202 0.538318411498385 0
4550 0.6190492198125696 0.8173237997916734 0
4551 1.888615495540744 2.487370752518147 0
4552 1.926874055353216 2.486650390781602 0
4553 0.2406483448841353 1.468343902304508 0
4554 0.2196784204035569 1.423512671360839 0
4555 -2.067326331216696 2.696443555659658 0
4556 0.3125681827027144 2.028706780052414 0
4557 0.2951721825422869 1.996200377273377 0
4558 0.332743799753134 2.062770491249573 0
4559 0.3719666571805132 2.062706190850804 0
4560 0.3545267229154822 2.096265904828654 0
4561 -0.05327294152975143 3.294797069464144 0
4562 1.097705329686887 1.018438095246024 0
4563 1.058854894816252 1.017901210470281 0
4564 -0.2411376213349965 3.388246086435813 0
4565 -0.3494276289128476 2.656566228404949 0
4566 -0.3260684084590608 2.621552146105825 0
4567 -0.9638352460363787 2.3803914750892 0
4568 -1.488035168848753 2.796006611846598 0
4569 2.201005993121914 1.32125796183014 0
4570 2.164936658491511 0.8123119674439878 0
4571 -2.409679745105827 2.520675729557789 0
4572 -0.5790448099909089 0.6224167388308888 0
4573 1.03776888377607 0.4461167377426245 0
4574 2.115171608813764 2.686843501036028 0
4575 -2.19811469252465 2.163042956711958 0
4576 -2.452719338522776 2.971418242104908 0
4577 -0.6859342325981623 3.003678897136657 0
4578 -2.433815536530426 3.221202032450647 0
4579 0.8452550736079252 0.8046709616927297 0
4580 -0.9818478931267641 0.4204694337152044 0
4581 2.427523945052708 1.719209487893935 0
4582 -2.276405084340456 1.234272042174094 0
4583 -0.4881081389399913 0.6683554546263708 0
4584 0.1155315721625592 2.943946151963986 0
4585 2.655924519155146 2.747156869692029 0
4586 1.372756276125395 0.6678990156774895 0
4587 -2.090263876517895 0.6693998524109666 0
4588 -1.737148726654506 0.8036332909123003 0
4589 -1.49799358024461 0.2374292335337531 0
4590 -2.492020854049843 2.199692385497872 0
4591 -2.526377316729606 2.189682472983972 0
4592 -2.499605815542183 2.161207257776221 0
4593 -2.539457853305527 2.148526286329168 0
4594 -2.506744463154338 2.124454120750948 0
4595 0.4530665038013139 2.49778836557703 0
4596 0.4204347223237858 2.533535664917869 0
4597 -0.7582349193201577 0.7978854709848164 0
4598 -0.7405504463013686 0.7603010941069059 0
4599 1.161419780734588 2.777300496800557 0
4600 1.20039281627693 2.779662906254403 0
4601 -2.241378368017317 2.429176531206466 0
4602 -0.04759643000089554 2.630071241306922 0
4603 0.01280488838534477 3.210029659506544 0
4604 -0.4467736689272761 2.918861794347706 0
4605 1.7634461926032 3.376702653324557 0
4606 1.733378350520818 3.332592868456595 0
4607 1.708819555423139 3.378014466437075 0
4608 1.678667131319163 3.335732832505995 0
4609 1.654541294892639 3.383973054672214 0
4610 1.624293183988214 3.339471462670767 0
4611 1.761032309490444 3.275199752836705 0
4612 -2.095196846125066 3.390759937566716 0
4613 -1.519213906720795 3.082932102145864 0
4614 1.604549023881456 0.2310491656917006 0
4615 2.174051685663659 2.223806358570414 0
4616 1.849572116341589 0.09385125769433134 0
4617 -2.746316556332466 3.036954031781832 0
4618 -2.779252281686464 3.070462695822936 0
4619 -2.761304171170316 3.190308748585926 0
4620 0.6112604110504486 2.941810818325072 0
4621 -1.732132880970668 0.9464932892666076 0
4622 -1.715601382159907 0.9095810711554653 0
4623 -1.69340201820689 0.9412919364958996 0
4624 -0.2960401622581368 0.1499873436520041 0
4625 0.4535159136355548 1.392139733404299 0
4626 0.4726080652663944 1.425912585602999 0
4627 0.4358809822014194 1.357330741706207 0
4628 0.4560413156419233 1.324449408115573 0
4629 0.4168116158388561 1.323112329728771 0
4630 0.4376171680557482 1.290062046770519 0
4631 0.6785151850052046 3.383684883092318 0
4632 -0.9700943633289554 1.10202966939075 0
4633 -0.8643595272505877 0.1209382206788197 0
4634 -0.9228436964558324 0.1336287779919862 0
4635 2.385830843360681 2.572661285700065 0
4636 0.1827562558605544 1.205145009143816 0
4637 -1.603864617402679 0.2457922577881195 0
4638 1.01400369722275 1.081206099864785 0
4639 0.8067808330666659 0.7997037038772807 0
4640 -0.5695812986420024 2.27787970460605 0
4641 -0.5298441643118565 2.284797429549764 0
4642 -1.182689902235591 0.1186655162023706 0
4643 -1.152466139039433 0.1624067027435649 0
4644 -2.042904667708215 3.024147765518521 0
4645 2.447999236420681 2.359774601341521 0
4646 -0.1801202289152066 0.1464313770914383 0
4647 2.269752025297674 3.011874311178101 0
4648 -1.969614656410497 1.075575368402131 0
4649 -2.013211750377075 1.075650688495566 0
4650 -1.994379304310641 1.104876953878718 0
4651 -2.028329311289315 1.10992057250846 0
4652 -1.103513828859229 3.074956746546025 0
4653 -1.145182262268778 3.064827941851551 0
4654 -0.3015856164343013 0.2568954964190648 0
4655 2.097299552655988 0.6733969872929682 0
4656 -0.01314774310677036 2.587114492965705 0
4657 -0.03231111277784719 2.538058135883297 0
4658 0.02039186510439235 2.54200094090151 0
4659 0.0008438884502691449 2.497141842342357 0
4660 -1.291872720417206 2.802583826860273 0
4661 -2.131898899234689 0.7503806437738356 0
4662 0.5764899007145687 0.880823204719996 0
4663 -2.215678527526548 2.500649337872975 0
4664 -0.3183818124330905 1.046158228697249 0
4665 -0.3359747730669666 1.005101483096217 0
4666 2.13437876632164 0.7459620830598275 0
4667 -0.08602523131315358 3.340784321529181 0
4668 -0.0211468717178407 3.343000508756593 0
4669 1.097619725235303 0.4126690208954109 0
4670 -0.09856798702062106 2.413612939843508 0
4671 -0.04688349772356447 2.418287073313191 0
4672 0.9893705818793209 2.40970458307552 0
4673 1.597415408631228 3.400170978248939 0
4674 1.56979975447124 3.344943994351669 0
4675 -0.2850176263218576 1.106380296400879 0
4676 0.5742518818814416 2.644360044049106 0
4677 -0.8692945064750833 0.7284236270888391 0
4678 -2.027996811799492 2.703679167735273 0
4679 2.318529756909006 1.38922384636958 0
4680 2.294533339963898 1.425876624769419 0
4681 2.254087243436549 1.42397946688442 0
4682 -2.368326663794094 3.325209758030268 0
4683 2.440531001794427 1.850638918792522 0
4684 2.64032015175622 2.582094442510226 0
4685 -0.04590783179832263 3.112141707401451 0
4686 -0.0736810846357096 3.0520909548374 0
4687 -2.171755413867754 2.870805033061612 0
4688 -0.7626051321813551 2.139423297837271 0
4689 -0.7472651530103933 2.173960767757609 0
4690 -0.7857781568575154 2.170792009577376 0
4691 2.560319306975428 2.28004547068822 0
4692 0.7498102771053072 2.702909135157416 0
4693 0.701856640482845 2.639801888779314 0
4694 -2.28277342169344 2.216887463609492 0
4695 -1.746350858251247 3.053297950346258 0
4696 -1.716779962005447 3.019698518411877 0
4697 -1.67231108902449 3.024331905917318 0
4698 1.082131477420321 2.775005225531517 0
4699 0.8403893519488865 0.1273647485429017 0
4700 0.810555396194058 0.1730961993075144 0
4701 0.7825721544306885 0.1233924174870711 0
4702 0.7522903273473467 0.1712244380872847 0
4703 0.05865489748374082 2.503661671736436 0
4704 -1.128525806050628 0.1150165284149989 0
4705 -1.097165439408065 0.1581984089017834 0
4706 0.4131830741180332 2.768933927825357 0
4707 0.4355742035611226 2.812275322427889 0
4708 0.4057049209023172 2.854282912689579 0
4709 -1.146493968728352 0.6682472071404655 0
4710 1.175958918337725 0.7186044027842291 0
4711 1.214343132453675 0.7230558475828133 0
4712 0.5812688694602683 0.8108926183700933 0
4713 -2.011878140401225 0.3196719368012191 0
4714 -1.257973108745278 3.378210742691456 0
4715 -1.225702953573616 3.338979768028912 0
4716 -1.201189105655027 3.388647622933282 0
4717 -1.928003302051979 3.278074612743735 0
4718 1.336107339595174 0.9691451300525993 0
4719 2.201269792027579 2.286138391553642 0
4720 -1.801041430524554 0.1233200330488917 0
4721 -1.851759110095841 0.1325868648902775 0
4722 -2.333710526797141 1.791126589449286 0
4723 -2.344110823775138 1.753533375341191 0
4724 -2.380433502629735 1.742795405933709 0
4725 -2.351189845133996 1.714612782338784 0
4726 -2.315072255905718 1.728190356291982 0
4727 -2.323044507819442 1.828650999319716 0
4728 -2.388607489424006 1.704547828813146 0
4729 -2.362148377529197 1.677631505962982 0
4730 -1.943292825133507 0.5904135925107896 0
4731 -1.917166542565227 0.6245963122878391 0
4732 1.020915150163428 2.735842944623599 0
4733 -2.473094913823365 2.135474661594111 0
4734 -2.478169232955678 2.097912500986583 0
4735 0.9323496335756369 3.073534993422463 0
4736 -0.3367313567967992 2.378566602759692 0
4737 0.2647530952932231 0.3894226313329789 0
4738 0.7029449386135123 1.568674462097767 0
4739 0.6786280124343684 1.601709379938131 0
4740 -0.1975063624827916 1.50514449066196 0
4741 -0.1518948007233742 1.509124685144588 0
4742 -0.1289035404909942 1.471235163700028 0
4743 -0.1071359481572108 1.512530169045587 0
4744 -0.1307159443201241 1.551240783354177 0
4745 -0.08558234591433321 1.554022269459254 0
4746 -0.1100732630721977 1.594062919999371 0
4747 -1.58337744104599 3.298579283298336 0
4748 -1.61916543882873 3.336948367930055 0
4749 -1.603978504126989 3.38118469730832 0
4750 -1.659226700976829 3.374078241041141 0
4751 -1.669317513855982 3.330006912129171 0
4752 -1.710778837201957 3.366815145986019 0
4753 -1.826079969392393 0.990037445823202 0
4754 -1.672356852383056 2.802760952716417 0
4755 2.57312057405762 2.242630457796695 0
4756 2.587093522240793 2.313924365128812 0
4757 1.848564529081232 3.421671855229204 0
4758 -1.071554699529227 0.1093498806101745 0
4759 -1.041461441931969 0.1557174044711052 0
4760 2.270369886873971 3.248272702519318 0
4761 0.1025736495203767 1.767520080417543 0
4762 0.1268808014599708 1.723143370859865 0
4763 -2.792834422035062 3.29464452739501 0
4764 -2.775114427552115 3.360106266680415 0
4765 -1.05578658357056 3.08732531463221 0
4766 -2.369612159634221 2.53142316170011 0
4767 -0.8546717863031832 1.24182951244289 0
4768 -0.8742081805048825 1.207463136303518 0
4769 -0.9135951081897895 1.200927842659371 0
4770 -1.495765907852783 3.17149656867572 0
4771 -1.082724965919259 2.459382493306142 0
4772 0.04876311553673633 0.6329695247285296 0
4773 -0.00788379737069432 0.6309203612956014 0
4774 0.1885529014475577 3.389176453913002 0
4775 0.1277729709764484 3.390375486419553 0
4776 2.700436523967981 2.88256471333652 0
4777 2.6808153463634 2.928276980504998 0
4778 2.627769117863673 2.93058288478533 0
4779 -1.896208615662275 3.378951878855685 0
4780 -1.856457969233631 3.342140478701507 0
4781 -2.367930517882291 3.381256644769691 0
4782 2.527986717840027 2.337661764740816 0
4783 2.091174605453247 2.609217289326744 0
4784 -1.847955669196413 3.392933810737637 0
4785 -1.801191612342428 3.359247194210056 0
4786 -1.815445057555118 3.304694099897692 0
4787 -2.384266993776724 2.602632907070381 0
4788 2.658167586859954 3.384186312310534 0
4789 -0.03764397736826645 2.333649776586999 0
4790 0.8702562789237107 3.03911022055434 0
4791 -0.6387503131254616 2.431580459189292 0
4792 0.6764531683999286 0.7851973632566891 0
4793 2.548271440490476 3.386249064288311 0
4794 -0.52925960950026 2.218127924327035 0
4795 -1.322946421515651 0.08409367267445078 0
4796 0.9131227118601842 2.337763382897963 0
4797 0.5251723760114715 0.4422930450174718 0
4798 -1.032322450359417 0.4278336688770121 0
4799 -1.073829639100614 0.3989324298075689 0
4800 -1.077058779498309 0.4420805742388807 0
4801 -1.711760761598616 0.7430611227881321 0
4802 0.6617506158638407 3.021853495436047 0
4803 0.0036781776427326 1.064754613875412 0
4804 -1.774975381125322 2.965813959660826 0
4805 2.518165715670276 2.008853371981562 0
4806 -2.576843986139391 2.992058055128588 0
4807 1.14928569932267 0.08334602771141464 0
4808 -0.2365710191912954 2.04064695455715 0
4809 -0.2566682300296181 2.00198601842172 0
4810 -0.2991259065156479 2.000302872251015 0
4811 -0.2762140960472992 1.963769259926222 0
4812 -0.3183540299734734 1.965753142149026 0
4813 -0.3013196173035017 1.931511763762274 0
4814 -0.2169906981157649 2.079982983536626 0
4815 0.8615965449357097 0.7424691366556566 0
4816 -1.044364399634572 2.783553556290155 0
4817 0.2368590270132653 1.116868547036824 0
4818 0.259928638700763 1.161415820239346 0
4819 -2.631302839631697 2.571431704295587 0
4820 2.078244404351757 2.75770025689108 0
4821 -1.730568175861738 3.098974970680063 0
4822 -2.838698895368989 3.345338578431565 0
4823 -0.6410758060366138 2.36258223497786 0
4824 0.349795811814235 3.24752570497457 0
4825 0.3142139680179882 3.296403594342594 0
4826 0.3473052228694313 3.34941404858671 0
4827 -0.127983153004984 1.390923832016687 0
4828 -0.09967195650898442 1.352040835979979 0
4829 2.272272069503603 1.459182211842898 0
4830 2.311951735638275 1.461124281058187 0
4831 2.290069343188612 1.493933162854448 0
4832 2.328806739005798 1.496383681985513 0
4833 2.308445229025286 1.528157359570421 0
4834 2.346681207464837 1.531028026014618 0
4835 2.32739317471423 1.562419340444079 0
4836 2.367697443338297 1.560392864507418 0
4837 2.386955221561706 1.532243469490357 0
4838 -0.8885169797034278 0.4086558690876556 0
4839 0.4893031939035856 2.818183712322591 0
4840 0.1788992361540179 2.946908636258422 0
4841 0.146160670354221 2.892079785338709 0
4842 1.173541380297686 2.816099842445597 0
4843 1.219165411054476 2.815911787690931 0
4844 -1.006559163713065 3.097202857611896 0
4845 -1.947093714738742 2.449412135449678 0
4846 -1.932695771142994 2.483610996083829 0
4847 1.492023845733702 0.2265667743276816 0
4848 -0.08377525608001142 2.243498127730771 0
4849 1.197468916367095 0.6938406170460525 0
4850 1.236542967681356 0.6925280027950753 0
4851 -0.7903571285902139 3.025121523655141 0
4852 0.06717439518781507 2.556619889955964 0
4853 0.9364379327859665 2.731407360964292 0
4854 0.9581082631867122 2.700740756797896 0
4855 -1.37800568450935 3.107739898299546 0
4856 2.262792960248413 1.531199037100553 0
4857 -0.1520721288869104 2.108986987084189 0
4858 -0.09917852713536157 2.116454743363376 0
4859 -0.08571972437397643 1.468919195301004 0
4860 -2.078305413625558 2.89497903942051 0
4861 -0.2065645723526951 0.08271703752068915 0
4862 -0.1738440309432495 3.389489093382649 0
4863 0.2541566168507474 1.925085184537845 0
4864 -1.904040760024055 2.455527129234478 0
4865 -1.894075950607495 2.489924505678973 0
4866 1.064676753139902 0.2245726427460277 0
4867 1.642518252728228 3.440417492959286 0
4868 1.096003111272081 0.7118362574171611 0
4869 1.053593595116682 0.7106539367182325 0
4870 1.031849343889186 0.7454672518178365 0
4871 1.940405244232196 2.788534783415837 0
4872 1.97645749054637 2.790201182747647 0
4873 -2.253003824853757 2.384790490959981 0
4874 -1.41691144633342 2.81459824323849 0
4875 2.738765954467388 2.931001369511187 0
4876 0.2902442457773379 2.063822627134255 0
4877 -0.07582091989405547 2.160751841371227 0
4878 -2.142859688896336 0.7864698654550759 0
4879 -2.119332992856994 0.8180355963423711 0
4880 -2.159066154174008 0.8238382428592446 0
4881 -2.135118175983898 0.8543069511692098 0
4882 -2.175622537878683 0.8651797153411502 0
4883 -2.149825240655493 0.8908979707043005 0
4884 -2.13205840271153 3.004011001325942 0
4885 -0.08689793359097611 1.779804260631502 0
4886 -0.1098961312998715 1.740705321618718 0
4887 2.705505282576198 2.976295052205594 0
4888 -2.590633448318529 2.387767871042603 0
4889 -0.3665786224582058 1.039758794397474 0
4890 0.8463225902992111 1.273047941205631 0
4891 2.178762103128856 2.52117906235808 0
4892 2.198684731494443 2.488771847483421 0
4893 2.215997372378839 2.522976053085437 0
4894 2.223327857030671 2.455239064113708 0
4895 -1.421716921874926 0.0949645167665798 0
4896 -2.042672298465269 3.254842487451914 0
4897 -0.7055895998075417 1.646020177735411 0
4898 -0.9524186126813553 1.142255559468223 0
4899 1.591258193538208 3.294171189983697 0
4900 -2.421607263250394 1.731175764506258 0
4901 -1.13712392831324 3.118511219282643 0
4902 0.7238532777738019 0.1221023547472466 0
4903 0.6949780151508779 0.1704566023562555 0
4904 0.6643301636250123 0.1207757537013947 0
4905 0.6353418555228098 0.1664386909231417 0
4906 0.7250009927484891 0.2125607637760396 0
4907 2.298808265417996 1.290269721021514 0
4908 0.4480749996364319 2.574128702503247 0
4909 -1.065155102651681 0.206671970934849 0
4910 -0.3752576502775382 0.1132559308420933 0
4911 -0.5333700370969926 2.330000608419383 0
4912 -0.2200640083417867 1.307726768008581 0
4913 -2.814183604467591 3.230832881809287 0
4914 1.394624832969751 3.092289403213084 0
4915 1.419535658456226 3.051230266738362 0
4916 -1.534107726573011 0.1010062983851108 0
4917 1.978165076886691 3.267809286780426 0
4918 0.08162439200567043 0.1258255198831908 0
4919 0.05166892842579088 0.1886562088586259 0
4920 1.135253716939853 3.068751921070834 0
4921 1.112158780992484 3.029225203378326 0
4922 1.133437893094938 2.991713768385463 0
4923 1.088247668807758 2.991028221040502 0
4924 1.073672028387195 3.023750459360584 0
4925 -2.514472186160802 2.08644972955718 0
4926 -2.486867340386496 2.059894833880873 0
4927 -2.523217633294913 2.048902121009706 0
4928 -2.49556544448302 2.021877167060817 0
4929 1.879921102512445 0.6303177183291053 0
4930 -1.867416147438783 2.94720556134326 0
4931 -1.960823671035567 0.5198419556259206 0
4932 -2.295540083665549 2.180848339711636 0
4933 -2.30329550671553 1.903068206080133 0
4934 1.934141701438155 0.6379796770411919 0
4935 0.7252687785502943 1.469774461926997 0
4936 -0.5293793434367243 0.6302319479413188 0
4937 2.426652609666435 2.569719396011466 0
4938 2.404303158966594 2.534428704022988 0
4939 2.422554105016456 2.496156134357012 0
4940 2.383845432513986 2.501787291915182 0
4941 -0.15785970095121 1.591637803623317 0
4942 -2.253231339172241 2.892318092993805 0
4943 -0.7313466273117206 0.4005225392961691 0
4944 -0.9139149034844645 2.320752329600566 0
4945 -1.326158749007911 2.826467526448614 0
4946 1.074769702931797 1.055413278521191 0
4947 2.315202967527305 1.627765166467984 0
4948 -0.08794596273958291 1.860349314949767 0
4949 -1.218336066498219 0.06310521197106067 0
4950 -0.5923911525571218 3.406996973735666 0
4951 -0.2438968720149442 0.5291253783087575 0
4952 0.7367513758932116 1.506595117545759 0
4953 0.7449391734919774 1.43446930727003 0
4954 2.086826810203387 2.286513222963327 0
4955 -1.67628264731484 0.9079224445693286 0
4956 -1.654298044699381 0.9413630299973352 0
4957 -1.675377570047776 0.979735234341515 0
4958 0.2195639716140015 2.715016439549974 0
4959 -1.1780749461954 2.828153494466735 0
4960 -1.188137830585877 2.78914678339185 0
4961 0.4431478175668769 2.321161914598352 0
4962 0.4613222388789234 2.28878978115742 0
4963 0.5008372550914422 0.7865222712370314 0
4964 -0.2663464276331233 1.305925252629976 0
4965 2.31230520661803 1.900909672085022 0
4966 1.010501372789673 0.7090899236942558 0
4967 1.012047310278934 0.7796406218943179 0
4968 0.9703509685528355 0.7798354307293631 0
4969 1.0744046207415 0.6743882893613764 0
4970 1.546029470843091 3.391317252425923 0
4971 1.517832379532 3.345602951252449 0
4972 1.491715710661269 3.394629284376652 0
4973 -1.718198664389064 3.146444650975324 0
4974 2.182217076711073 0.8419962965209984 0
4975 1.711801128229418 0.8930318121310681 0
4976 1.689814876612874 0.9234662798226312 0
4977 1.706970217122211 0.957852080629561 0
4978 1.241626067044721 2.851693728323028 0
4979 -0.3297416147357622 1.811340304245997 0
4980 -0.3100563585830021 1.856553818571432 0
4981 -0.1940922547293412 1.186131395573514 0
4982 -0.2160820892138388 1.142763109809384 0
4983 -0.166212217245622 1.143500068536399 0
4984 0.04902627186218779 2.944044862887515 0
4985 -0.004553885676637838 2.977126306538305 0
4986 2.347798867615326 2.729376652778078 0
4987 -2.085948820100281 1.230152021497951 0
4988 -2.123709802337437 1.224267556300671 0
4989 -2.099155327965087 1.186107328324245 0
4990 2.013292379274351 1.158440926248771 0
4991 2.049552448557634 1.148385963139625 0
4992 2.016517638631722 1.114767951350691 0
4993 -2.284227075639272 1.830722370712856 0
4994 2.272784770962677 1.611663706313973 0
4995 -2.027630879922325 2.329281453437136 0
4996 -2.063577004036771 2.340987014521679 0
4997 -2.03366127228086 2.36680788263996 0
4998 -2.000523288058111 2.399070349323901 0
4999 -2.099817025734171 2.314401611150176 0
5000 -2.086755712105126 2.271637406236477 0
5001 -2.11375708851109 2.239260426204452 0
5002 -2.152162458680458 2.247972005503453 0
5003 2.120472817261472 1.278612748123658 0
5004 -1.751234230793667 1.009328024375477 0
5005 2.282629638526355 1.771282466677353 0
5006 1.917676146370585 1.078495803763184 0
5007 -1.552604290453559 0.9674709044124514 0
5008 -1.575866834439603 0.9365857781399634 0
5009 -1.532567308059135 0.9339382112361059 0
5010 1.610823227426485 0.9747040511080667 0
5011 1.595121450883396 0.939581194903121 0
5012 1.555540279411769 0.9342991249020989 0
5013 1.577266421505148 0.9071934630085061 0
5014 1.632258749821762 0.944963892700756 0
5015 -1.509407987735209 2.533374825768971 0
5016 -1.488498923966093 2.566477725697851 0
5017 -1.449558980621135 2.565297481096747 0
5018 -1.525059965194696 2.565850664244226 0
5019 -1.56787901725881 2.570928438974093 0
5020 -1.46986576293801 2.600702580040058 0
5021 -1.590760702511319 2.529641815908439 0
5022 -1.619327631074516 2.560758447227462 0
5023 -1.65897885369963 2.551139827753721 0
5024 -1.6441840408743 2.58680844374004 0
5025 -1.602521686815256 2.606526194636817 0
5026 -1.688396638382751 2.575549072320614 0
5027 -1.635092985529296 2.625650494990437 0
5028 -1.559225387042372 2.616109143319023 0
5029 2.251322693259197 1.971089907060027 0
5030 2.27663135139607 2.001400090554717 0
5031 2.266172578824449 2.037828329059966 0
5032 2.286387235416878 1.967383197776321 0
5033 2.303488364839805 2.029710647895601 0
5034 2.291658211964347 2.06341077952265 0
5035 2.329901634919767 2.05541223027381 0
5036 -0.9843017513096403 2.346762575523297 0
5037 -1.749599262580356 2.492064114020619 0
5038 -1.779713928654984 2.517370614716391 0
5039 -1.817441403249826 2.504384864014877 0
5040 -1.809707210181134 2.541868126169543 0
5041 -1.846315080931696 2.530145451999863 0
5042 -1.833986199457029 2.568656793430145 0
5043 -1.7728060790861 2.554891795448659 0
5044 2.150236999455145 2.189152700149946 0
5045 -2.273401585818392 1.628451895728439 0
5046 -2.303443157384547 1.603127595699248 0
5047 -2.296382599098112 1.56378098568357 0
5048 -2.332105415501484 1.575915221369055 0
5049 -2.327414511467347 1.539529083565091 0
5050 -2.361634293734991 1.550230843874874 0
5051 -2.343289254197484 1.614100769968799 0
5052 -2.290788910655133 1.527420480771669 0
5053 -2.357129236115639 1.514099384680276 0
5054 -1.347542798512409 2.518585893259253 0
5055 -1.362554212781129 2.555802449261331 0
5056 -1.321441860041372 2.547354145650713 0
5057 -1.334549383164985 2.583220884725987 0
5058 -1.372340362584311 2.592496356878593 0
5059 -1.407282837581413 2.567026872590205 0
5060 -1.408964506571644 2.609259643619735 0
5061 1.767070554830696 1.012298593452454 0
5062 1.763635364994249 0.9733891385082771 0
5063 1.805145427936618 1.028625076190221 0
5064 1.841097371134253 1.00476349062833 0
5065 1.490729038089205 2.533444743628358 0
5066 1.511428691391485 2.566850651245376 0
5067 1.551331583054894 2.565847731708713 0
5068 1.532961667913277 2.598590629087504 0
5069 1.572081437555945 2.597232337305743 0
5070 1.494215148370201 2.601910326090754 0
5071 1.470021083460113 2.567104151901225 0
5072 1.43132963920141 2.567892671345168 0
5073 1.453355972313263 2.603918016200802 0
5074 1.412951772382734 2.60594028033002 0
5075 1.391387101092417 2.572881365067686 0
5076 1.433627166572969 2.640730133525117 0
5077 1.590300950206657 2.564303187804264 0
5078 1.611035255688339 2.595100131530351 0
5079 1.51937634160012 2.639161750284826 0
5080 1.374349079782612 2.610376683107912 0
5081 1.350927394289339 2.577337043523036 0
5082 1.630365069060534 2.560137703872522 0
5083 1.648555507180805 2.594001039208884 0
5084 1.668239762657255 2.561214314083319 0
5085 1.689061984804371 2.594190594378617 0
5086 1.707209170214599 2.559669880872067 0
5087 1.629718765444316 2.628551846296665 0
5088 -1.118852118137754 2.434451131295359 0
5089 -0.7612173606699371 2.009676916499544 0
5090 -0.737861341396659 2.042031871839545 0
5091 -0.7156085694738823 2.003721782320486 0
5092 -0.8765398010779992 2.223083222205929 0
5093 -0.838464397403263 2.229112346745382 0
5094 0.9741619800979198 2.330721777716244 0
5095 -2.057776277788099 1.199582729210324 0
5096 -2.065838164585894 1.16073751309225 0
5097 -0.7488221594183013 1.528793652812173 0
5098 -0.7223515777140317 1.499544011245733 0
5099 -0.7298193724369649 1.456958394856625 0
5100 -0.7127443578721891 1.538865056604361 0
5101 -0.6860941579845239 1.508266134585811 0
5102 1.249571310958871 2.491978563359289 0
5103 1.259672966151101 2.530834537451744 0
5104 1.296162945954237 2.540731005722271 0
5105 1.265972634751661 2.567886440782093 0
5106 1.229361587175421 2.555410624951268 0
5107 -1.19391511803024 1.028744087784933 0
5108 -1.199632521188082 0.9922315017443482 0
5109 -1.239627641480254 0.9726230926455093 0
5110 -1.160557493312324 1.006368561508214 0
5111 -1.124897626997103 1.023609066326434 0
5112 1.877161794696781 1.063764913216339 0
5113 -0.8246572407078712 2.156392309885291 0
5114 0.915037254063477 2.272669789632511 0
5115 0.8668603306502574 2.205594505267229 0
5116 0.7850086327776968 2.064589803192839 0
5117 1.175083357792522 2.461297447996899 0
5118 1.404399233291953 2.533442490833817 0
5119 1.175146024054119 1.038696771759237 0
5120 0.7538504842823885 1.989951492477657 0
5121 0.727491318932427 2.014436331249561 0
5122 -0.792185021470577 1.414179599309895 0
5123 -0.7714432616118247 1.380371660742468 0
5124 -0.7910182590719556 1.344536113886179 0
5125 -0.7523620510187103 1.418727028282717 0
5126 -0.7529124628596576 1.344334427779637 0
5127 -1.862017276156444 1.055183139073671 0
5128 -1.862726932507974 1.015252284826822 0
5129 -1.86428557043262 0.9758322608722685 0
5130 0.7173481621083383 1.750007907346308 0
5131 0.7214972129895411 1.669252037282621 0
5132 0.6872142412390563 1.68608372279985 0
5133 0.6907530271569069 1.641545327019805 0
5134 1.1049427137838 2.427710447422439 0
5135 1.035983374853928 2.377870442108484 0
5136 2.210489851944555 1.417460944789823 0
5137 0.7262350403574312 1.871055043841217 0
5138 0.6889065162844197 1.854646344637315 0
5139 0.6849478120335528 1.812910023527017 0
5140 0.696989840856282 1.894705828858477 0
5141 0.6586099106672084 1.879095582816286 0
5142 -1.430586058282101 0.9689276104301912 0
5143 -1.448895282431074 0.934896579144342 0
5144 -1.409157374203614 0.9373029006190605 0
5145 -1.371652785057142 0.9370632905462792 0
5146 -1.489652360310702 0.9330036467373808 0
5147 -1.471246654022378 0.900608175426554 0
5148 -1.392913276455796 0.9033986101399805 0
5149 -1.34793828529726 0.9731220524091189 0
5150 -1.313412561040767 0.9498942362010248 0
5151 -1.278775766591852 0.9647064352038353 0
5152 -1.286429095026602 0.926286448365387 0
5153 -1.319627984750184 0.9052926028570998 0
5154 -1.286762502159665 0.8933244920690393 0
5155 -1.250923012924741 0.905588893893948 0
5156 -0.7242097486694727 1.896743928229022 0
5157 -0.6921448193767579 1.875102888955735 0
5158 -0.6886330888512493 1.831858000540747 0
5159 1.87886984274345 2.431252545523642 0
5160 -1.051931609247786 1.108236108568413 0
5161 -1.014503056160309 1.092351424252972 0
5162 -1.050964306282585 1.071735321198578 0
5163 -1.085157149812438 1.040552492924567 0
5164 -0.7162376292268633 1.727989358521813 0
5165 -0.6827280180461864 1.748596817038931 0
5166 -0.6837980482680219 1.789411049772376 0
5167 -0.6509289683179641 1.769386007086627 0
5168 -0.6513930294991228 1.728851023172342 0
5169 -0.6514431585823413 1.813765239350392 0
5170 -1.195185957528912 2.469555617904589 0
5171 -1.89798124293433 1.075579966650202 0
5172 1.449439723190199 0.9688158183681737 0
5173 1.469577932121816 0.935181371462368 0
5174 1.511056962498025 0.9362809934650933 0
5175 1.432658976931729 0.9368977548700443 0
5176 -0.7925722858764652 2.081147808292971 0
5177 -1.053168388607117 2.392503632654237 0
5178 1.949148349020829 2.391616704304979 0
5179 1.985343582964098 2.407191954113606 0
5180 2.016974464386814 2.383807151811964 0
5181 2.019480632728791 2.420513879896853 0
5182 2.049753904515306 2.39946853380021 0
5183 2.049935413279937 2.35645110209036 0
5184 1.949993471021612 2.428198018185948 0
5185 1.654331036901147 2.523446128376969 0
5186 0.8218697580425044 1.362614993422985 0
5187 0.783267023504068 1.364414588884753 0
5188 0.8237914239682792 2.137208557434994 0
5189 0.9146022422250156 1.229292362591762 0
5190 0.9038652246220784 1.191356117315151 0
5191 0.9348169846185274 1.163899114305307 0
5192 0.8982289033761409 1.147882728874882 0
5193 0.8756730111143024 1.223050790848865 0
5194 -1.269725104044832 2.498243120729846 0
5195 -1.242749735134268 2.524230723395526 0
5196 1.248847691590302 1.007972885209974 0
5197 1.216314808676552 0.9831225851316741 0
5198 1.257355733546849 0.9638743630893548 0
5199 1.222579590995342 0.9436514203844535 0
5200 1.80979239599108 2.476292627693972 0
5201 2.207966603721642 2.084030345073534 0
5202 2.273799932158464 1.850715857157925 0
5203 1.73183564270383 2.497145572957737 0
5204 1.754136485670081 2.52391756039465 0
5205 2.285404923607532 1.692315237985573 0
5206 -2.224087636320834 2.067911933268695 0
5207 -2.231216129624748 2.101779663113699 0
5208 -2.141174220136391 1.288427925373497 0
5209 2.070879893517671 1.214331313041163 0
5210 2.109899521977337 1.212640821610054 0
5211 -2.253081629023234 1.509313820235566 0
5212 1.325210764374684 2.512803617845553 0
5213 0.972202869428642 1.172554120243219 0
5214 0.9640933392264164 1.139135201465141 0
5215 2.260550288847674 1.934866566753621 0
5216 0.7178969480282476 1.790640834274547 0
5217 0.6853343047077246 1.772457111840997 0
5218 0.6478935940590902 1.793701873542013 0
5219 0.6561157754862452 1.837207272214575 0
5220 -0.775057460480053 1.452378226851726 0
5221 -0.7131287131531706 1.415107682192484 0
5222 1.979956571778536 1.133454642891419 0
5223 0.7320273566354247 1.910149440944419 0
5224 0.7002182526718861 1.933859483380417 0
5225 -1.429198484381949 2.530408002452707 0
5226 -0.7479209215519125 1.971836436924485 0
5227 -0.7085880825672988 1.966532214779425 0
5228 1.53098102226242 0.9681913811225589 0
5229 -1.825465660885591 2.462670388081022 0
5230 2.224802162564619 2.047470676882444 0
5231 -2.032611585147265 0.3595160559619348 0
5232 -2.532485059301884 2.006978604531158 0
5233 -0.9698476764374764 0.3694927528846281 0
5234 -2.164645771721259 0.7194548508439693 0
5235 -1.295607796084151 2.575910130711942 0
5236 -0.6373168910398622 1.20875589186558 0
5237 -0.1542860050161846 0.7835886638771763 0
5238 -0.1721937161964904 1.30917719230894 0
5239 -0.1473611612242926 1.269068296389158 0
5240 1.180764555041691 2.498829285940864 0
5241 -0.5725560069839651 2.151498198095836 0
5242 -0.5907717957043304 0.4391434543517276 0
5243 -0.6443888356978024 0.4420724714552831 0
5244 -2.089614368042369 0.5720392748633101 0
5245 1.216667238415255 2.517160935275964 0
5246 0.7635486198121777 1.398878133409154 0
5247 -2.434724060033676 3.381154360247111 0
5248 -2.479638050843183 3.437168156084879 0
5249 -2.541622469769557 3.408744900706942 0
5250 1.7333922510482 0.8600463053313305 0
5251 -0.5020629506498993 0.5772597076925241 0
5252 -0.8193355267310549 3.06792118299018 0
5253 -0.8763038227674419 3.056275120897458 0
5254 2.451356138309777 2.606310673233626 0
5255 -0.6938436257313035 1.24145297688455 0
5256 1.180088947406605 0.2216634804638775 0
5257 -2.39777469292655 1.524704730025972 0
5258 -0.6468855888467315 2.148840823929674 0
5259 -0.6089469051885692 2.130531045996037 0
5260 -0.6379186387856475 3.015816566988093 0
5261 2.157049180346529 2.784536955198743 0
5262 0.7247442849645314 2.738560293610318 0
5263 -1.814907573450829 3.124538438275152 0
5264 -1.864158000379903 3.113686294164961 0
5265 0.9004488510650195 2.805670842124346 0
5266 -0.875859840673413 1.276422086685801 0
5267 -0.06637039880846729 2.073168595065358 0
5268 -1.742155556076857 2.530312614323194 0
5269 -1.734895696863237 2.570968865804966 0
5270 -2.309418550884985 1.641430441036564 0
5271 -2.320137252046063 1.684026983655639 0
5272 -0.6751063441875693 0.3941663051018267 0
5273 -0.8400244103188831 0.4014015596799063 0
5274 -0.9018591833646425 3.106734358580835 0
5275 -2.095651370743663 0.8483828434130163 0
5276 2.005761767717499 0.6057210880509574 0
5277 -0.7281765382944334 1.612384668170415 0
5278 -2.234123027331186 2.027431744919598 0
5279 0.3524108836130024 1.300731595153449 0
5280 2.134568768277874 2.753353638824136 0
5281 -2.462525369070379 1.823005437030098 0
5282 1.924032426886333 3.272238969749313 0
5283 1.896025642170142 3.227215013430389 0
5284 1.057266397751634 3.106060442142426 0
5285 1.023416679597239 3.065463852731474 0
5286 0.1301128453998641 2.257171857753871 0
5287 0.1533091924956345 2.216291568437727 0
5288 0.1378498103032055 2.163195428592067 0
5289 1.260244740717437 0.639595104616709 0
5290 1.279078623277649 0.676429606242831 0
5291 0.3129487780966574 2.158050210773082 0
5292 0.356198406205083 2.161507633615158 0
5293 0.3771993076052762 2.195940878606005 0
5294 0.3967744217838018 2.161796867380602 0
5295 0.4171432752437239 2.195860496767899 0
5296 0.3980191270726814 2.231554121233221 0
5297 0.4362238884065133 2.228276603991718 0
5298 0.4332347722984081 2.161489988333945 0
5299 0.418432574358527 2.266961361151454 0
5300 -2.469003834295897 2.425435913369405 0
5301 -2.429691191718234 2.437076338812186 0
5302 -2.442048932207102 2.397159431609356 0
5303 -2.419196060916857 2.476682902487878 0
5304 -2.391232498960878 2.453294907979925 0
5305 -2.453434776021853 2.356735657059421 0
5306 -2.430777664717773 2.326391559719409 0
5307 0.772171251280994 2.738210174029276 0
5308 2.447672157306631 2.903276568362308 0
5309 0.1778819988329116 2.346815665677575 0
5310 0.2082093050447322 2.30663633286619 0
5311 0.2320169557613721 2.348962071899539 0
5312 0.2531622605064607 2.391245995004629 0
5313 0.2270779798606444 2.436090894072437 0
5314 0.2511874523929375 2.481646000973371 0
5315 0.3011137335129941 2.484185309865818 0
5316 0.2757682724193749 2.436950410805518 0
5317 0.1812502745913093 2.26139268700832 0
5318 0.3471762393250417 2.471349456105847 0
5319 0.3746312506179323 2.508542027116888 0
5320 1.474549260527023 3.127549605244826 0
5321 1.49565697125966 3.085159899726106 0
5322 1.541880372578355 3.080590658483738 0
5323 1.515685271900773 3.044247433612973 0
5324 1.560668732205676 3.039966684804036 0
5325 1.587163276976342 3.075682812618142 0
5326 1.605323769819208 3.035279748432504 0
5327 1.467889416929856 3.048489669959568 0
5328 1.579106204337086 2.997583589541763 0
5329 1.631666412125478 3.070879474641697 0
5330 1.646532884960247 3.030600216507031 0
5331 1.485272082113797 3.008710169648322 0
5332 -1.871964922857801 2.5602104607962 0
5333 1.573406619659762 0.3980764314284269 0
5334 1.596403932985056 0.4385424688609689 0
5335 1.642261336268527 0.4395629496165978 0
5336 1.618872920142847 0.477982099128953 0
5337 1.663410873234042 0.4783679953708257 0
5338 1.572763294968061 0.4772118168702666 0
5339 1.635636908860698 0.5153455283870918 0
5340 1.68891059996667 0.4406571732816436 0
5341 1.714439540596352 0.4853329007784006 0
5342 1.591023695555197 0.5144968335854223 0
5343 1.550154173243908 0.4379689086893261 0
5344 1.504593118544472 0.4390321376200925 0
5345 1.52757856975063 0.476557332365652 0
5346 1.484169474623235 0.4774852473797635 0
5347 1.459320980614758 0.441564402604421 0
5348 1.44138855622966 0.4797904374075594 0
5349 1.414631787155717 0.446121821199253 0
5350 1.396906535746911 0.4930725680986028 0
5351 1.370707136472275 0.449836179548327 0
5352 1.350524056880711 0.4908429000170442 0
5353 1.326782368177751 0.454440935303934 0
5354 1.307255901220726 0.4939419923898338 0
5355 1.283500129641629 0.4598153128122393 0
5356 1.432295549945078 0.4003090972540513 0
5357 -1.610368336853892 0.4119689527097055 0
5358 -1.630521204811143 0.4533519464806739 0
5359 -1.675805153651269 0.4571470021121924 0
5360 -1.650196130238028 0.4928360040343043 0
5361 -1.606153365003574 0.4905149915669502 0
5362 -1.69612067916579 0.4964201309188709 0
5363 -1.625359662005392 0.5304993781381968 0
5364 -1.72305046534773 0.4603444301415591 0
5365 -1.720017456309988 0.5360443063067477 0
5366 -1.584403290528794 0.4496508654758058 0
5367 -1.53833294730718 0.4463667818233636 0
5368 -1.55904865481618 0.4853667856324169 0
5369 -1.514044188721634 0.4827397884887827 0
5370 -1.494203654612199 0.4433558000612554 0
5371 -1.468383838218609 0.4755449237036347 0
5372 0.3313743551181014 2.526342387296728 0
5373 1.158715530625879 2.859715830766904 0
5374 -2.413765409366829 2.635600443707648 0
5375 -2.375091473440844 2.647537885001901 0
5376 -2.665545920897771 2.601285048234872 0
5377 -2.636055763233827 2.523295284321081 0
5378 -1.281216045593141 2.537069907203811 0
5379 1.715759708799113 0.4009230223060811 0
5380 0.2860616406684861 1.113361603786338 0
5381 2.421530823453375 2.862948653793727 0
5382 -0.6189832458750915 2.615689573862703 0
5383 -0.6607442583852003 2.609775073718904 0
5384 -0.6872520077275862 2.642508713675755 0
5385 -0.7021116584022749 2.603613458162069 0
5386 -0.7282483445711025 2.635456720242797 0
5387 -0.676081859649535 2.571616001254414 0
5388 -0.7164550399231577 2.56574347637864 0
5389 -0.6914736916858888 2.53473258953174 0
5390 -0.6500465074107732 2.537691614918334 0
5391 -0.6665873141307828 2.500718434381556 0
5392 -0.6501687751413046 2.466113255724849 0
5393 -0.7305347047759871 2.528695346541466 0
5394 -0.6061825428953372 2.541139199441128 0
5395 -0.713990939935605 2.67391946843471 0
5396 -0.7544500119341964 2.666769805304421 0
5397 -0.7684205529953296 2.62888378002882 0
5398 -0.7943432990010539 2.659899613657838 0
5399 -0.7806110090821761 2.697859360342453 0
5400 -0.8205082771609257 2.690735121354033 0
5401 -0.806826283064585 2.728811062335562 0
5402 -0.807292258087001 2.622290511807717 0
5403 -0.8469396057437991 2.718211578641097 0
5404 -0.8331165691338056 2.757702141959724 0
5405 -0.7667467086700167 2.736995825581336 0
5406 -0.8596662763124958 2.680817988076782 0
5407 -0.781782919877579 2.590684716088927 0
5408 -0.6853123352075464 2.465733088742676 0
5409 -0.756230506348619 2.558492002648218 0
5410 0.420130214519578 1.451286473057927 0
5411 0.5886511451449785 0.7492828006035435 0
5412 2.464075127778598 2.768552906069075 0
5413 2.410438178026371 2.773287310136231 0
5414 -0.4912149759994551 2.999737045568606 0
5415 -0.5825972494419562 3.208735169020045 0
5416 -1.003843342488372 0.1966589175622202 0
5417 -0.9833199229432312 0.1475322108236998 0
5418 -2.399733040671312 1.667220305432126 0
5419 0.7424060158352517 2.057504224421427 0
5420 1.329553148766399 0.3919277901794067 0
5421 -0.2458484712987249 1.895539397515179 0
5422 0.2247046960240429 1.997998073359907 0
5423 -1.511500114931033 0.9662822655201846 0
5424 0.1773943588837634 3.04950521562447 0
5425 -2.448511529436351 2.508187010279735 0
5426 1.465976923863223 2.866068419063724 0
5427 1.482117547234922 2.830045048312796 0
5428 1.52044607384627 2.82523474776896 0
5429 1.498347965640207 2.79461950169048 0
5430 1.540000320582348 2.78331406525925 0
5431 1.560426099178651 2.820524117760259 0
5432 1.458168201161918 2.795192353389986 0
5433 1.512219314654107 2.758164361130685 0
5434 0.3926123569793775 1.225227030114168 0
5435 0.3825389425665938 1.380892695871438 0
5436 2.193332719156242 2.705446991039969 0
5437 1.865309139755467 3.095021789128523 0
5438 1.836547996797969 3.056614687920882 0
5439 1.790465517323164 3.059853037223368 0
5440 1.810590365904383 3.01891988535778 0
5441 1.765313685779608 3.022195379298998 0
5442 1.855636465276011 3.01510064325999 0
5443 1.7448717253532 3.06255742118728 0
5444 1.721972546873582 3.024216248082139 0
5445 1.740111754294386 2.985174390358031 0
5446 1.83270367884495 2.976069023261901 0
5447 1.87645730768998 2.973460036855614 0
5448 1.900354114977051 3.010819106133412 0
5449 1.919603788436065 2.969613332026229 0
5450 1.944695450658185 3.006838083653907 0
5451 1.963205144805345 2.965376356010677 0
5452 1.989413257653614 3.00284584586926 0
5453 1.972571740793978 3.044848767182199 0
5454 2.016273435456254 3.04027204792124 0
5455 2.034245194401271 2.997535674326867 0
5456 1.69999699007803 3.065172730135365 0
5457 1.785725303580755 2.980217692734826 0
5458 1.179296284472495 0.6375070645537353 0
5459 -2.217949798761735 2.630464541507884 0
5460 -2.181545602893 2.641487332102241 0
5461 -2.170819672754891 2.682178022731323 0
5462 -2.192320582361862 2.599560622593041 0
5463 0.6121274261348562 2.702306206546736 0
5464 -1.231844764445688 3.120945601898895 0
5465 -1.280562461199897 3.115958712737065 0
5466 -1.301810979788108 3.066378196731344 0
5467 -0.8778150974658758 2.81038353655558 0
5468 1.234818881688013 0.3907962118658281 0
5469 1.215421446324413 0.4288943901402646 0
5470 2.090148039617457 3.261647227398262 0
5471 2.032945972854981 3.263967894938455 0
5472 -0.1802437472460277 0.7345862841983277 0
5473 -0.2341171640157017 0.7378617106776029 0
5474 -0.7141574706802745 3.080557193657468 0
5475 -0.7332525596823081 3.030051546811229 0
5476 0.06027956911619217 1.37529090133069 0
5477 0.1090496189019244 1.376336654533945 0
5478 1.287436960900162 3.022299802554715 0
5479 0.9185855199393488 2.768142222766488 0
5480 -2.071756625969552 2.384394948410061 0
5481 -0.6336083299045508 0.6172553100229421 0
5482 2.316889241002571 1.793129311853024 0
5483 -1.274256847303384 0.3859921424590071 0
5484 -1.246990191478166 0.4249622576723013 0
5485 -1.200081323778195 0.4215325123291698 0
5486 -1.218469499603214 0.4662755393426563 0
5487 -1.171782735147386 0.4592384283673265 0
5488 -1.269344992272482 0.4658030559588475 0
5489 -1.295534965767849 0.4287106354378667 0
5490 -1.340292654555847 0.4337294171341624 0
5491 -1.314551780445714 0.4686715071002805 0
5492 -1.357903209408573 0.4734872343642924 0
5493 -1.385452834681529 0.4400917920110961 0
5494 -1.398924429469466 0.4790630931831548 0
5495 -1.427365177914415 0.4536823706417983 0
5496 -1.421901049614678 0.4056215511005754 0
5497 -1.152917318585746 0.4188414216381515 0
5498 -1.120165365522018 0.4583792949463676 0
5499 -0.5187500495834261 1.000910890830581 0
5500 -0.2780648601364241 1.673253696843404 0
5501 -0.2965038604031031 1.633921887797058 0
5502 2.787745854091826 3.093090258143138 0
5503 1.32000858988694 2.847486516842562 0
5504 -2.074281677397942 2.745346401870805 0
5505 0.8392841684270748 0.7081952375202856 0
5506 -0.3680578844717793 2.288375952378535 0
5507 -0.6386524468300997 0.5344852172510723 0
5508 2.342106432718079 2.654219582426652 0
5509 2.317223210357165 2.619786049374247 0
5510 -0.5590678314263425 1.14143226084088 0
5511 -0.8728805883280206 3.397411296050538 0
5512 1.033775249726915 1.115328691483705 0
5513 2.552286843231202 3.123506359227988 0
5514 -0.7422081703530103 2.597145692258245 0
5515 2.120023358598175 0.637691163367355 0
5516 -0.2022913672903937 1.975040225698508 0
5517 -0.05042278378928165 0.8766150991281312 0
5518 1.136756917407019 0.7118319987619244 0
5519 1.048046980259564 2.834117716675879 0
5520 2.400518402962839 2.999329679175747 0
5521 2.376851027175115 3.045346317605625 0
5522 2.350568644906299 3.002195572383927 0
5523 0.2099721946345434 1.38106994205411 0
5524 -1.963336402270503 2.379235931492096 0
5525 -0.8307433302235278 1.343800353135419 0
5526 -1.120923819146245 1.063880725686123 0
5527 -0.7195218235477636 1.809658649730422 0
5528 1.699415745105489 3.278190086130058 0
5529 -2.431217003655615 2.714801602402115 0
5530 -2.417864899386501 2.759517766051023 0
5531 -2.386766285534833 2.728113979876716 0
5532 -0.4276704838846557 2.753510508287534 0
5533 0.765958104823761 3.085771438939449 0
5534 0.7129474218811718 3.087632543046151 0
5535 1.446100494151001 3.089353947303498 0
5536 1.441045999963842 3.011565711623341 0
5537 0.01104626620148364 2.640669619015787 0
5538 -0.06596114979454547 2.703307694419621 0
5539 -2.622676526066585 2.417646649245341 0
5540 -2.611629364895922 2.45947475403062 0
5541 -2.273374476783072 1.472552731258472 0
5542 1.746753350404277 2.836008681781076 0
5543 1.76248638846593 2.79822252208697 0
5544 1.800353741187119 2.794262516684125 0
5545 1.77486316523337 2.758183455433241 0
5546 -0.1612956979177112 2.854934471006609 0
5547 -0.1311165130403597 2.804272417169482 0
5548 -0.07065617405704108 2.804781494435251 0
5549 -0.1004470885788337 2.755814216016824 0
5550 -0.03681963419453577 2.754693117095191 0
5551 0.08353710620357312 2.075897658141094 0
5552 -1.055239946138316 2.745339449012842 0
5553 -0.4593484300195501 3.196674717335313 0
5554 -0.4973939563171608 3.155295692072557 0
5555 1.662719477464042 0.2306022461430823 0
5556 2.227142411169386 1.453175415337048 0
5557 -1.661224322399854 0.2484750711063799 0
5558 -0.618172670040143 1.174818692733349 0
5559 -0.4551876165712725 0.8736998465305486 0
5560 -1.421864336911928 2.881927184219716 0
5561 -0.9202130517612815 3.061905672562178 0
5562 -2.259330871095816 1.550764024374652 0
5563 2.011889111867138 2.342747360978565 0
5564 -0.3760299765734488 3.00070405991966 0
5565 -0.3182048550620576 3.002034330903601 0
5566 -0.3415905313516394 2.950950885683266 0
5567 1.382764647190995 2.875743384895646 0
5568 -2.470415806929547 2.277959419834411 0
5569 -0.3167670415387916 2.222858084958702 0
5570 -0.3584118929140062 2.215094099776149 0
5571 1.172636455007602 0.4334996948858116 0
5572 -2.24077352076391 2.552837348349041 0
5573 0.2141767732106309 1.071620750249414 0
5574 0.4385012455177357 1.487486200188814 0
5575 0.9417115894199261 2.667352149185538 0
5576 0.8959272997858077 2.660783578438781 0
5577 0.8675578580288864 2.632369350706333 0
5578 0.8299481178301483 2.632986698755249 0
5579 0.8103189796530859 2.596688236414566 0
5580 0.3724516025859412 0.90231934164942 0
5581 0.4000808158280496 0.9490554763402521 0
5582 0.4005367066489635 0.8594545879411202 0
5583 -0.283824802714942 2.952518679331672 0
5584 -0.3621688622303121 2.896484300267447 0
5585 1.665681731351366 2.846663147314415 0
5586 1.975443808184404 0.2451020570715419 0
5587 1.957701368180459 0.1959724439820203 0
5588 -1.72223456143637 2.839272210766169 0
5589 -1.760659975019043 2.829169736164478 0
5590 -1.771494202968446 2.791251592396453 0
5591 -1.809574918581605 2.781345857714602 0
5592 -1.779996558847494 2.753349410447678 0
5593 -1.745020171537325 2.764199530813417 0
5594 -1.837844753109759 2.808568928271837 0
5595 -1.851118359673959 2.766454440310309 0
5596 -2.286992793518055 2.925735261517171 0
5597 -0.3953437798129438 3.210791629114319 0
5598 -0.3567676561551529 3.162755682235417 0
5599 -0.5265584563784684 2.44123306437223 0
5600 -2.180194668185672 1.361204177189322 0
5601 -1.029264138450781 2.821265769471985 0
5602 0.4337773196440214 2.903325649412515 0
5603 -1.631332291315199 0.9757834712504689 0
5604 1.818616686555476 3.276149747099889 0
5605 -0.4854836114493926 0.9161770188065899 0
5606 -1.073661365441813 0.6248205817753394 0
5607 -1.091034678728209 0.6609498891979873 0
5608 -1.052770300217651 0.6528891792632543 0
5609 0.06379389354285171 1.945590138122681 0
5610 0.08947779881795817 1.904080405135658 0
5611 0.06427013917969139 1.859531976162403 0
5612 0.1157175061118759 1.860420554060626 0
5613 -1.645041531689809 2.859608073368241 0
5614 0.9482784775822187 0.8124400878020945 0
5615 0.3660694966697203 0.9888419259453891 0
5616 0.4098365750421951 0.9990719113792648 0
5617 0.4256227714585167 1.041673245172543 0
5618 -1.995651717056825 2.767726654991669 0
5619 -1.956624035522905 2.777924871242149 0
5620 -1.441307635858349 0.2308498913309773 0
5621 -1.876066745389358 2.79782942610876 0
5622 2.363323441102477 3.394398263060636 0
5623 2.170022593420944 2.155373664814931 0
5624 -0.1607385595411435 2.758492151237836 0
5625 -0.3104971063649317 0.9631842624328049 0
5626 -0.3596709421590721 0.9604666501823069 0
5627 -0.9888612451499471 1.159934744327966 0
5628 0.8307863555569374 0.3891289546837642 0
5629 0.8569660359961921 0.434138835503795 0
5630 2.453855727261109 1.814765697294331 0
5631 0.61718953361678 3.38677487423094 0
5632 1.866067373079923 2.820707993385458 0
5633 1.880257346937487 2.785018725072949 0
5634 1.842038107310109 2.788891490184468 0
5635 1.85358119404623 2.753646607418589 0
5636 0.2239284242430984 0.6737526791079511 0
5637 2.463601912105146 2.490708770235146 0
5638 0.1361017885359153 0.6287096625979107 0
5639 0.390969062134003 0.7594333709925929 0
5640 -0.8685360448738881 0.3595169712988899 0
5641 1.866849607694028 0.3235886671988717 0
5642 1.82550641483846 2.825140577931797 0
5643 -0.9876150321887318 0.6234767506217269 0
5644 1.539231335145516 3.297488500330071 0
5645 -0.8202979771730516 2.583296997569938 0
5646 0.3996832888971603 2.57584989578539 0
5647 0.467885619818359 2.617746819426547 0
5648 0.5144289303294054 2.619037739112543 0
5649 -1.279921029887952 0.6387392105352054 0
5650 -1.319630395522297 0.6420726827831826 0
5651 -1.337795264499307 0.6773507120644904 0
5652 -1.376810791682951 0.6806598823526959 0
5653 -1.354562217872285 0.7113404382785919 0
5654 -1.315757666345367 0.7091898631068911 0
5655 -1.337082945782189 0.741045704686597 0
5656 -1.393387179499618 0.715172481606059 0
5657 -1.416435307356283 0.6835685515395382 0
5658 -1.432403775647684 0.7183863394828343 0
5659 1.701883806346016 0.6571073223967476 0
5660 1.662036870317734 0.6557162263215184 0
5661 1.640735632182219 0.6888058589864756 0
5662 1.601184366233897 0.687346607356019 0
5663 1.621024124356943 0.7212444662584603 0
5664 1.58151053271193 0.7191599322985278 0
5665 1.66052242836681 0.7222482336594593 0
5666 1.561716189157238 0.6857159131507988 0
5667 1.540343505793079 0.7177295955039782 0
5668 1.462316288786802 0.6458268445452193 0
5669 1.501426079472208 0.6497098365219649 0
5670 1.482067600708023 0.6803475358353315 0
5671 1.520577243731536 0.6841139841654902 0
5672 1.50098699716234 0.716397614300095 0
5673 1.522584484446752 0.7484936593885376 0
5674 0.4780171680728796 1.224520697983161 0
5675 1.180020520724064 0.9982867628421133 0
5676 0.5829027390412383 1.124432497769564 0
5677 -1.165261942688328 2.866732333257669 0
5678 0.7239761058861195 0.388782021289326 0
5679 0.6961547929815564 0.4369776043893239 0
5680 0.640405875370141 0.4325693361446332 0
5681 0.5035001973611818 2.428592602239404 0
5682 0.3246288981633987 2.711281694283955 0
5683 1.585008823660676 2.853017085726988 0
5684 1.603361741257944 2.819061768779328 0
5685 -0.1841844938169785 0.5292709501575734 0
5686 -0.2731466052714238 0.5844288727015146 0
5687 0.08239221164888885 2.165119281864135 0
5688 2.164579776760527 3.068165919077948 0
5689 2.113400142859814 3.072108790134215 0
5690 2.135024469759605 3.029578769677269 0
5691 2.088786195576691 3.029927799775888 0
5692 2.114754370855213 2.990498740927667 0
5693 -0.3238755812323459 1.73984962168311 0
5694 -1.854382584987795 2.489861906856162 0
5695 2.023892173415557 0.5640026886236034 0
5696 2.065305580397537 0.5559423436350515 0
5697 2.037189597600353 0.5253531536588969 0
5698 0.1608400996155865 0.4680122240029512 0
5699 0.2213118384708949 0.4739048325785786 0
5700 0.9343756738030198 0.3914417934440015 0
5701 0.9821734291789725 0.3916484842185852 0
5702 -0.2861545074973085 1.261841715581831 0
5703 -0.3120476935123803 1.29975342335356 0
5704 -0.327905546380751 1.345569277005362 0
5705 -0.3532617349300083 1.31265828193958 0
5706 -0.3481287838884431 1.270298255545338 0
5707 1.271470571787962 0.04633201762361372 0
5708 2.579824061077537 2.155050969441537 0
5709 0.1860685340133524 0.06302076332213447 0
5710 0.6039393339364451 0.1194069353340295 0
5711 0.5727314198010707 0.1672073276197841 0
5712 0.5426212238159187 0.1179993308713549 0
5713 0.5099465901220284 0.1712953761963005 0
5714 0.4803136419381224 0.1165460066952384 0
5715 0.4467637575905057 0.170839669486812 0
5716 0.411072426316288 0.225023157367755 0
5717 0.3846372940264903 0.1673862901942047 0
5718 0.3483757207193191 0.2341120986902387 0
5719 0.5420506050949921 0.225636097984391 0
5720 -0.9862474978225588 2.828157049257397 0
5721 0.6784304437186359 2.538022280365297 0
5722 2.043184391529453 0.308558543501066 0
5723 -2.400700869946347 2.407518743948959 0
5724 -0.4465280868778809 1.420091621284008 0
5725 -0.4854865148668134 1.418544395437876 0
5726 -0.5043824694225958 1.383686834266025 0
5727 -1.764848360341151 0.5398367457182052 0
5728 0.2489690009304356 0.5281608946866669 0
5729 2.264344839669814 2.452486002792061 0
5730 2.241483901845307 2.420054292332324 0
5731 0.635299642577782 1.228464988396885 0
5732 -1.692638587754016 2.984343377388861 0
5733 0.2959369122686487 1.726881239299813 0
5734 0.3155103167515179 1.760545897291436 0
5735 0.6138669435001269 0.389643228935671 0
5736 0.5859742273808615 0.4413307176891859 0
5737 0.4983153591290114 0.3920360202458038 0
5738 -2.157196660209327 2.722162703803173 0
5739 -2.579362747376289 2.154969222038034 0
5740 -1.389016639030487 3.187630839744023 0
5741 -0.3465788940026118 2.705089487548937 0
5742 -0.3220376160915782 2.037026689368729 0
5743 -1.015563583513252 2.75277998586604 0
5744 0.3765158769317706 2.270985823302631 0
5745 -1.47943628676851 0.6545685980423497 0
5746 -1.455843318529219 0.6869003170346524 0
5747 -1.495718974268246 0.6901215422723876 0
5748 -1.473359446819036 0.7260857413058019 0
5749 -1.513164234462647 0.7263723779728823 0
5750 -1.534658151172489 0.6951421911440157 0
5751 -1.549224972990508 0.7319314102071588 0
5752 -1.573325410961393 0.6997837893528969 0
5753 -1.596831406918922 0.6678730189308717 0
5754 -1.613431721955448 0.704629366349979 0
5755 -1.526542446090188 0.7635335035277748 0
5756 -1.63789569073883 0.6707453301196964 0
5757 -1.656300090764345 0.7054257812848994 0
5758 -1.634481197065087 0.7408707041982843 0
5759 0.1540039010253034 0.7424896773137082 0
5760 -0.2138731575561557 1.053472421676323 0
5761 0.4197905324134719 1.114584994010799 0
5762 1.721283993226255 3.104794166160816 0
5763 -0.7372556249793036 0.9030977316417839 0
5764 -1.369504743650654 0.3960970212958892 0
5765 2.383913610767715 3.240200492145025 0
5766 -1.766367406592104 3.313115109467323 0
5767 -1.616658743031399 3.453271903158947 0
5768 -1.324637866268822 3.454212511033834 0
5769 1.443482920009511 0.04710194227109921 0
5770 -1.732959878175972 3.452650312191868 0
5771 -1.758115164815973 3.400828113679008 0
5772 1.55573754662717 0.04752882820950477 0
5773 -1.298773886723767 0.6737239390355398 0
5774 -1.205746921190123 3.446636250320541 0
5775 -1.137908537891289 3.386428087848513 0
5776 -0.3969146454561018 3.440861381841713 0
5777 1.148346230912394 3.448823290152083 0
5778 1.119003988873725 3.398737327787435 0
5779 1.061153022034814 3.398017904422423 0
5780 1.09204194924795 3.348518301326875 0
5781 1.146581817532366 3.349908027023998 0
5782 1.124303339977583 3.29385122145033 0
5783 1.178873290628699 3.306728007486793 0
5784 1.066262598103988 3.297723520572654 0
5785 1.175848709894249 3.399403674321718 0
5786 1.233753180942259 3.400886570151957 0
5787 1.264322649287611 3.449826929065516 0
5788 1.322453612091208 3.450543502442446 0
5789 1.029780371831654 3.449532056497202 0
5790 1.090736590670454 3.251399880399571 0
5791 1.61700499250028 3.113101779782109 0
5792 1.976422291834211 3.450853686316205 0
5793 -1.085085385003229 3.451757146748088 0
5794 0.4656755030136336 3.444499807422693 0
5795 0.5293261724953063 3.446040106083761 0
5796 0.2604642280043108 1.507957638833237 0
5797 -1.852839930242159 0.04811782206895421 0
5798 -1.966781452631684 3.453155227112945 0
5799 0.2399353679414388 3.051625685891896 0
5800 2.083126583125424 1.175135486680615 0
5801 -1.091668751222544 0.05459636187028516 0
5802 -1.993984912147936 2.915224475998055 0
5803 -1.606003059817156 2.871358783590248 0
5804 -0.9669863342671519 3.44023287961388 0
5805 -0.5630764311117178 2.547096087780306 0
5806 2.095431065158301 3.450307790178596 0
5807 1.022512343023128 0.04789324907632286 0
5808 0.908032451360522 3.448932487895203 0
5809 0.8820311245003957 3.391912014517881 0
5810 0.8189660872014544 3.399885691917124 0
5811 -0.9777435595049196 0.05256527298880176 0
5812 0.9056897568974721 0.04528380182707226 0
5813 -2.600462374648441 2.231129637286705 0
5814 2.21516414680795 3.44919507470811 0
5815 2.165144138996305 0.7173327741815041 0
5816 -1.51865748929734 0.6585191029064377 0
5817 -2.214394725162366 3.447223215063807 0
5818 -2.183824148650265 3.393370497603563 0
5819 -0.8513538304487605 0.06239059680032666 0
5820 -1.701505110009312 2.541242303458144 0
5821 2.226058195968829 0.916651730086866 0
5822 2.188590150398823 0.9071455855601183 0
5823 1.672871260475447 0.8873796473717044 0
5824 -0.7218799557621384 3.448288241889682 0
5825 0.7834315526787342 0.04592843243985656 0
5826 -2.62455902150698 2.318695542678212 0
5827 0.6562961876739243 3.443339382482187 0
5828 0.7365878744313004 3.371803667927889 0
5829 -0.7208786481864411 0.05463792477144835 0
5830 -0.6890268595437395 0.1080659789261038 0
5831 -0.6271516540928828 0.1088000717778981 0
5832 -0.6566747264499455 0.1611395634587041 0
5833 -0.5971722544021296 0.1626760636388727 0
5834 -0.6311030353217146 0.2088498676236379 0
5835 -0.565766719683897 0.1100164308177429 0
5836 -0.4997860460737666 0.11693263792055 0
5837 -2.226274620739698 0.9161504070876485 0
5838 -2.187504010029158 0.902578736950558 0
5839 -2.19891970019421 0.9418581082718354 0
5840 -2.144843824349098 0.6343901087034705 0
5841 0.6562150199639802 0.06042228809937633 0
5842 0.7888630480952972 3.447974698691528 0
5843 -1.950109196386141 2.925831254763757 0
5844 2.645746016404356 2.405945498626842 0
5845 0.7639884781890498 2.600994427274058 0
5846 0.7472003310125772 2.635454896260384 0
5847 -0.03729370249447306 3.445878128527832 0
5848 2.109290648407083 0.5466807026060836 0
5849 -2.0072925660878 0.7360938696422377 0
5850 0.6179797326775761 1.193722746543884 0
5851 -0.4649362615672828 3.445741768695958 0
5852 -0.4839593332835215 1.349640842862732 0
5853 -0.5227707404578172 1.347972769031361 0
5854 -0.03650571890951381 0.06360618287453446 0
5855 -0.06495143078828203 0.1256177149820203 0
5856 0.008927163569481604 0.1278421286092932 0
5857 -0.01464505330559519 0.1885543238034153 0
5858 -2.373018627243525 1.640456943107047 0
5859 -2.40939846249605 1.629906471366379 0
5860 0.3165986525061016 1.690181801311607 0
5861 0.1887696853406483 1.250388341393489 0
5862 -1.695386124040986 0.8726702896851686 0
5863 -1.73929481588669 0.8713259056392046 0
5864 -2.281758895861808 1.748121058097155 0
5865 2.664354016063057 2.498830098288747 0
5866 -1.47448371637548 2.834452345170592 0
5867 -2.674096213269603 3.441208292738222 0
5868 -2.705239036766068 3.377729786451183 0
5869 -2.816105189713 3.420191292851027 0
5870 0.3336060090973044 3.443980951788783 0
5871 1.00849514593713 2.835872089514873 0
5872 -2.085885385534658 0.4563756747319787 0
5873 -2.038470811592238 0.4445627305003184 0
5874 -2.195943713471472 2.710960640979534 0
5875 2.086102411044589 0.4559219646431478 0
5876 2.038247829509682 0.4453529640539 0
5877 0.3243090009982912 0.05811843436836583 0
5878 0.2902100683201548 0.1196520902967761 0
5879 -1.121126644203466 2.767741619157412 0
5880 2.694851364348435 2.591883428316574 0
5881 2.816753461954669 3.439356542775058 0
5882 2.852916570399479 3.382166941039022 0
5883 1.644032647827451 3.289360350306048 0
5884 1.479394895445682 0.3986964517911809 0
5885 2.060298551295833 0.3592593896184888 0
5886 2.718930761461264 2.691762747501746 0
5887 0.9889668701163057 0.6723578610429339 0
5888 -1.514263380243338 0.9010518452914211 0
5889 0.3271580696484325 0.4898357738573278 0
5890 -2.720830087404063 2.690472893412518 0
5891 -2.68471032578238 2.728983589697507 0
5892 -2.698766711308812 2.780231007099671 0
5893 -2.650045853080367 2.765254822606847 0
5894 -2.635759527649903 2.71656047134843 0
5895 -2.668921686304453 2.680558389696993 0
5896 -2.597586120155064 2.754614982507691 0
5897 -0.8034540965975068 0.6823279449419035 0
5898 -0.7793996194588461 0.7198545656138153 0
5899 -0.8204401594301558 0.7296193296444051 0
5900 -0.890856359900051 0.6927606867880618 0
5901 -0.9153386805480941 0.6573620376307012 0
5902 0.5612088726566489 1.157851086589393 0
5903 -2.3845334734857 1.603150634293002 0
5904 2.56858503498067 2.116238568914003 0
5905 2.532405445715994 2.103709442810814 0
5906 -2.568914521385155 2.117442753039021 0
5907 0.2500704848145789 1.797791088564363 0
5908 -2.010041318001318 0.2087538494747654 0
5909 -1.979042179121785 0.2456881823765429 0
5910 -1.960333318628395 0.1940110995717823 0
5911 -1.944205432091703 0.1426247872547315 0
5912 2.748548768096598 2.796449987845926 0
5913 1.802743598992863 0.6269076957858901 0
5914 -2.185033209734618 1.296804766300758 0
5915 0.6090146231853335 1.02286279069845 0
5916 -0.846834155387684 3.448062676714058 0
5917 -2.779666990325207 2.902609912562444 0
5918 1.975612857398268 0.10266391193327 0
5919 -1.896577323609887 1.036535030686002 0
5920 -0.8325232032566945 2.650829334124894 0
5921 0.1080643066669298 2.119870125324077 0
5922 1.727556431657711 0.04806298501700912 0
5923 1.814201371708879 2.755892241859706 0
5924 -1.716877684169384 0.6752791991100806 0
5925 -1.730627502421489 0.05258894313943951 0
5926 -1.672899602704927 0.05278320343099452 0
5927 2.80670814677479 3.028280870150594 0
5928 2.253005197538173 2.074904678952902 0
5929 -0.02281503611715924 1.017051425426432 0
5930 -0.5359093228361433 2.826651996661309 0
5931 -0.5538962392484619 2.781546408832159 0
5932 2.857485432264888 3.208032753208825 0
5933 2.812118432602525 3.248157840067349 0
5934 -1.150203626680673 0.4947168246461402 0
5935 -1.109503973652061 0.500004160601373 0
5936 -1.5165690025578 0.4043870978235877 0
5937 -0.4643013702245304 0.05864640249398922 0
5938 0.07497832553154493 1.597379465251442 0
5939 0.09802378248113634 1.639550918382634 0
5940 0.1030304101580261 1.554532983125653 0
5941 0.06939313225701943 1.680662497028407 0
5942 0.1207848472742476 1.601016849405029 0
5943 0.1385551409124407 1.645784692502744 0
5944 -1.615353228652632 0.9394316967564011 0
5945 -1.59674334724324 0.9048891528072922 0
5946 -0.2439355946538088 2.710905657894012 0
5947 -0.2654137746157605 2.670864965849291 0
5948 -0.2169150667210115 2.665828291289824 0
5949 -1.162762676766194 0.6330391318785884 0
5950 1.489038210408769 3.299950942866492 0
5951 0.2185571381555017 2.809169112512549 0
5952 1.79156061611339 3.452123668349356 0
5953 -2.283901241156044 1.979197442624315 0
5954 2.219447151093 2.387342133069405 0
5955 1.444303192801648 3.440585355884457 0
5956 -1.441802060995265 3.449600354532447 0
5957 -1.670125468482156 3.157851555905615 0
5958 2.321902069515353 2.69322156820328 0
5959 -1.203422861951949 3.083047781970625 0
5960 1.554152662847212 2.654724198788765 0
5961 -0.5978774045212434 2.982125145466335 0
5962 -0.5686410571447236 2.944441434631628 0
5963 0.2991098389215731 1.581570928016566 0
5964 0.3217951156492514 1.547128613100206 0
5965 1.340832785259316 0.6445463551940582 0
5966 -1.182370647275795 0.2094448316565991 0
5967 -2.118339102909363 0.7047834961418151 0
5968 -0.6837103449764292 1.70581940712958 0
5969 2.35060015315399 1.467374272980437 0
5970 -0.4092456730879058 0.70482817026258 0
5971 -0.257478211645074 0.3157155610648315 0
5972 1.260224440074315 2.816001897957022 0
5973 -2.191150944440473 0.7998723612533296 0
5974 1.319927299706128 0.6766351575019063 0
5975 -2.559319141793306 2.218826084034204 0
5976 -0.6332751643847127 2.57628916825416 0
5977 2.048141246626082 0.8077160875555567 0
5978 0.8235099306090868 2.964570003345456 0
5979 -0.05488789435017753 2.491237245210876 0
5980 -1.273098207448736 2.879516869833067 0
5981 -0.4633217442095615 2.062740255124946 0
5982 0.4306068412971072 0.8221230726380566 0
5983 -1.753294044797402 2.726179016738262 0
5984 1.544843617249368 2.857164226533218 0
5985 0.3166557935937223 0.985746372251432 0
5986 -0.3761394214136285 2.372643875014716 0
5987 -1.010224094236387 0.7692053831484404 0
5988 -2.410645879976255 3.28511410103393 0
5989 -1.873849374129265 3.066187991295237 0
5990 0.3202007884312803 0.2897058628506795 0
5991 -2.237246332636108 0.9535646549676351 0
5992 -2.210359436820442 0.981849432332929 0
5993 -2.221580689598366 1.02102063654455 0
5994 -2.177071614560164 1.01346633705746 0
5995 -2.233668204320658 1.059164463597658 0
5996 -2.209450749488063 1.091248083290697 0
5997 -0.8937266434087643 2.771602478034537 0
5998 -2.374077142092471 1.445105851981887 0
5999 0.03870886835454947 1.24061660306077 0
6000 -1.55934282275714 2.981275616342963 0
6001 -0.4396799425234705 1.213830232946957 0
6002 -1.73466710959344 2.801805237674545 0
6003 -1.707376895732541 2.774457883150508 0
6004 -0.08810793384501026 2.026196033103808 0
6005 1.694824962835588 2.990311843066692 0
6006 1.659235680017848 2.968877526989821 0
6007 0.08720433665305261 1.244062367369208 0
6008 0.06673745696114233 1.197147585849821 0
6009 2.315320768472393 1.753366003317976 0
6010 -1.559447294248466 0.05163144091000937 0
6011 -0.351037354722858 2.143376792084685 0
6012 -0.7722381899047766 2.205419810751647 0
6013 0.7064294240384994 1.434221356372589 0
6014 -1.932651397780728 0.6599929608613817 0
6015 1.327088364610743 3.139042527470697 0
6016 -2.162570945465115 3.042702661138633 0
6017 0.191039225905478 1.02626757056029 0
6018 2.397691732759976 1.623688017866115 0
6019 -1.780228024682771 3.088627356989183 0
6020 3.966620370444432e-05 0.4152515385251259 0
6021 0.5436679445589776 0.584863099280623 0
6022 0.6221536321176049 1.12643442759339 0
6023 0.02941295208932752 1.109882200765688 0
6024 -0.6611797618155997 0.7567726431074735 0
6025 1.680881982892791 0.6899556207401216 0
6026 -1.157194496454725 3.018844524777856 0
6027 -1.399842186389917 0.6481233842144489 0
6028 -1.851746424006094 0.3520836610489237 0
6029 1.971996421560988 0.736633148702567 0
6030 1.932793255904509 0.7353480727267785 0
6031 1.569903473576334 2.530329142371721 0
6032 -0.3412893980381009 1.700820149292155 0
6033 -0.5947962762436395 0.7925480349526333 0
6034 0.2975640652604126 2.663551923873898 0
6035 -1.025030018000146 2.714730896290148 0
6036 0.4361392332957286 1.621737656798575 0
6037 1.582179643854998 0.6524827687424892 0
6038 1.887314420223102 0.3656426814218143 0
6039 0.4193553545523915 2.354187841681642 0
6040 2.238212668423592 0.9545915962426466 0
6041 2.269454385647024 2.809104997368368 0
6042 -0.1384392406766949 3.009721416267186 0
6043 -0.5737507598575274 0.670266602590297 0
6044 -1.509167343196587 3.25697561420411 0
6045 0.07818006125202506 1.507707467931612 0
6046 -0.4911350165783451 2.1607632421628 0
6047 1.72774631395261 3.242639519558019 0
6048 -2.00053712610652 1.141240685300362 0
6049 -1.864756069715176 0.5851708814735126 0
6050 1.772370974224101 0.8626217824436326 0
6051 -0.9313568141864184 0.8366528207451842 0
6052 -2.052465599389312 1.078583988444095 0
6053 -2.068718150664422 1.119401671037869 0
6054 -2.005687316142314 2.675516342829022 0
6055 -1.988308277004477 2.71111630004524 0
6056 2.245302047084104 1.188224562684244 0
6057 2.283019083494184 1.186807580120274 0
6058 2.462096698032028 2.155691359020513 0
6059 -2.453831225533021 1.862515943874644 0
6060 -2.482161125835275 1.893036053804915 0
6061 -2.472083694945828 1.929765213228507 0
6062 -2.434316874779148 1.938388855530567 0
6063 -2.34104433982917 1.893567495154931 0
6064 -2.036566255569875 1.043173077921932 0
6065 2.284092316881051 1.255161587873537 0
6066 -2.020275586527495 1.007706766951776 0
6067 -2.022587682231871 2.432847935749586 0
6068 -2.456456076964045 2.006253326485954 0
6069 -2.239999022583838 2.325046074538884 0
6070 -2.274183032280594 2.323325357848501 0
6071 -2.290173098931332 2.28928959174092 0
6072 1.041531563822411 0.9832854314622437 0
6073 -2.339569852087504 2.034336732464102 0
6074 2.436300161931882 1.954537952448709 0
6075 2.451310073211193 1.918504927743532 0
6076 2.48266849489334 1.95043228455514 0
6077 2.485257797505875 1.913398234554079 0
6078 1.446812348374381 0.7413934088799561 0
6079 2.226937886816891 1.153876120358976 0
6080 2.250334140753909 1.127383069729651 0
6081 2.233984923705529 1.086197431796714 0
6082 2.056896262030589 2.657590122337895 0
6083 2.095138077709701 1.11244454912572 0
6084 -2.042676967884164 0.9759442002225092 0
6085 -1.805698127550011 0.7847170539598278 0
6086 -1.76721785328638 0.78018502779725 0
6087 1.476788173152133 0.8732692592863791 0
6088 -1.966254708358074 2.682353507331268 0
6089 2.430996401367623 1.785743870399045 0
6090 1.923123416490368 2.687785888996792 0
6091 -2.313131320039735 1.865760556674408 0
6092 -1.128733162976857 0.7030355627085982 0
6093 -1.832216249992588 0.9227667533903439 0
6094 -1.756466403254722 0.6784574444776752 0
6095 -1.087906091503256 0.7695277426972482 0
6096 1.400235888590917 0.8698495456900432 0
6097 1.253168371295399 0.7281274433474889 0
6098 -2.075368182229143 1.046708358754807 0
6099 -1.84454508494518 0.7882677406228416 0
6100 1.904467306937008 2.720044485900897 0
6101 1.608262925837876 2.751986313079526 0
6102 1.999818646736931 2.758011147770775 0
6103 1.084670741458558 0.9183645145453678 0
6104 -2.162829465335207 2.442217367422232 0
6105 -1.957758691716662 2.513107368097636 0
6106 1.982003632615309 0.9735864350519584 0
6107 1.787940132548712 2.72052633383609 0
6108 1.730903674247995 2.762857212886253 0
6109 0.9695611135170905 2.507330904133667 0
6110 2.332943280399198 1.428456619591856 0
6111 2.354238947971569 1.363978057028179 0
6112 1.387247452680455 0.7683095595358875 0
6113 -1.107180501207384 0.8032816766246709 0
6114 -0.9392315324091576 2.350661323945785 0
6115 -0.8486186437311393 2.40074820333477 0
6116 -2.273560439530133 2.016934921687918 0
6117 -2.047682480791677 2.462701895328977 0
6118 1.063076831446461 0.9508291133149267 0
6119 1.002610909219859 0.98088385996689 0
6120 1.045776061038605 0.9159264855829516 0
6121 -1.828143096683704 0.7528257688100741 0
6122 1.104282474616845 2.677414031121463 0
6123 -1.740944839006077 2.614572790896626 0
6124 1.279246368984609 2.713477413879608 0
6125 0.7762327351939053 2.369604931630211 0
6126 0.737362665584439 2.369065708634073 0
6127 -0.7600669096831589 2.34778574895753 0
6128 -1.00936401070821 0.9043114819336269 0
6129 -1.9828608087088 2.542904452473776 0
6130 0.8356506076030878 2.271048330772479 0
6131 1.259401022606441 2.747066398441449 0
6132 1.361419126052141 0.8681561011714514 0
6133 -1.883336410157077 0.7917858456380371 0
6134 -0.7984584269317718 2.341004147088074 0
6135 -1.443155232209586 2.740169831354244 0
6136 2.335755285441235 1.932705386053925 0
6137 2.468226141905109 1.878129314585187 0
6138 -0.5227874013772742 1.857034371934794 0
6139 -0.5020376303998251 1.824005785919796 0
6140 -0.5061325427890206 1.891181466311857 0
6141 1.085966647018081 2.57595020100171 0
6142 -1.919417833689999 2.519666627927394 0
6143 0.8533935627249196 2.438164004686802 0
6144 -0.5662045531971127 1.921885922216415 0
6145 -1.576114994743157 0.8705865014002121 0
6146 0.6428729793641873 2.131406416566527 0
6147 1.263585712453128 2.609087151503987 0
6148 -1.942505111673225 2.652789229939827 0
6149 0.7949936548005585 2.202760910502946 0
6150 -0.4849458589496436 1.858134064577735 0
6151 -2.42876808530708 2.081378094084976 0
6152 0.9506051999127357 0.8760881935767979 0
6153 0.6604343264679282 2.300291951544914 0
6154 1.767204014478779 2.618240618075272 0
6155 1.750408017151192 2.587364979797154 0
6156 1.007988984561142 2.574914973935108 0
6157 -1.185229332596822 0.8708035349509204 0
6158 1.209982996953135 0.7908794595640232 0
6159 1.231591424422298 0.7586785105442826 0
6160 1.709046965966121 2.720952178181912 0
6161 -1.406065405366626 2.64522802375759 0
6162 -2.349335341936555 1.996599890995714 0
6163 -2.31168215807777 2.006810474867779 0
6164 2.342558486680375 1.828985709651179 0
6165 0.7554313924286669 2.131714880689288 0
6166 0.7173995268337664 1.165955907914808 0
6167 0.6199649756738478 2.434768125429284 0
6168 1.184141179263652 0.8908172922799942 0
6169 1.182561776027695 2.611434789148827 0
6170 -0.8235353152241771 2.370874936724924 0
6171 -2.019458783906285 2.639138676245643 0
6172 1.122315865356516 2.776457226928361 0
6173 1.62053373394794 0.7848642605206588 0
6174 2.180700548746471 2.454716895576904 0
6175 -0.5198587286809933 1.789547907542014 0
6176 -0.4990236202535105 1.756566190496263 0
6177 -0.7223880645921531 2.250017673012467 0
6178 -0.9881932113911982 2.410864014307113 0
6179 -2.226452847824097 2.360419735284288 0
6180 0.7000644858197941 2.233455386492965 0
6181 0.6810045196539158 2.19943216977793 0
6182 0.6421065676090044 2.198875951706086 0
6183 -1.207337338716159 0.903962101936121 0
6184 -1.23136244496289 0.9354462176616185 0
6185 -0.9507724753515137 0.9379286919401624 0
6186 0.8739753421244717 2.337401669123905 0
6187 -0.6076466977278608 2.270012222713648 0
6188 1.27049654122803 0.7612959952761198 0
6189 -1.852635990391675 2.703076399166487 0
6190 2.10066399979398 2.520724713380094 0
6191 2.121312187228909 2.54863796609671 0
6192 -1.971211149923559 0.9015384311176877 0
6193 -1.954855764897598 0.8661496262094746 0
6194 -0.6723812610593549 2.186364256701291 0
6195 1.046419422161417 2.443444896204732 0
6196 -1.341738362381404 2.724955629415086 0
6197 1.287826755172359 0.795897216102575 0
6198 0.9511835620368128 2.405846946875123 0
6199 -1.558873257696827 2.720682364003512 0
6200 -1.52027773262629 2.726347784369201 0
6201 2.080930800550597 0.944112829069871 0
6202 0.7381705337811604 2.301555763016432 0
6203 -0.8919740826769789 1.039073856152507 0
6204 -0.8529907454390379 1.038976309155874 0
6205 -2.110415522030549 2.589244753479784 0
6206 -1.243607242024456 0.7701152009896501 0
6207 -1.204714744724142 0.7697966773506353 0
6208 1.943910995746908 2.586847604990151 0
6209 1.11055072042585 0.8184448970287213 0
6210 -0.7851456100780312 2.377653782990425 0
6211 -2.269112183559952 2.254480777316914 0
6212 -2.323696884891232 2.210785687983122 0
6213 1.318240225079963 2.713983905607622 0
6214 1.065864599293234 2.676562730255311 0
6215 2.427604004533468 1.886643785813451 0
6216 0.9115820791680569 0.8744390664864068 0
6217 -1.087365242594046 0.9045128800052362 0
6218 1.201249745761844 2.712491293913873 0
6219 -1.819136410857009 2.606737052169316 0
6220 -0.4813053081784135 1.791020492911489 0
6221 1.414318227050085 2.748377541596625 0
6222 2.020370879165664 2.655698063459682 0
6223 -1.039667719608836 2.469589088793048 0
6224 -2.407989801531108 1.770073724918814 0
6225 2.29256051493932 2.211692310972381 0
6226 1.944966877648818 2.519557237256477 0
6227 -2.127101600517525 2.345891782183863 0
6228 2.400507884084747 1.685831025778376 0
6229 1.071625114138798 0.8160367126565444 0
6230 -2.084691280725917 2.559123014492219 0
6231 -1.657653933120561 2.73723218845087 0
6232 2.037149609937663 1.077812563973216 0
6233 -1.433988462675354 0.7715421628101962 0
6234 -1.261646630584312 0.737366644358346 0
6235 1.845987668278636 2.619370467359196 0
6236 1.261986505713957 0.8957269918477189 0
6237 1.239730534702466 2.781098036280425 0
6238 -1.305204105996501 2.730606885374669 0
6239 2.123056281210026 2.352559830435453 0
6240 -2.132285844212838 2.620959916487208 0
6241 1.827041620531412 2.585369509198622 0
6242 2.34549919345664 1.998882288321789 0
6243 1.220390196599761 2.746553727510182 0
6244 1.425970048005819 0.7716878703210215 0
6245 1.052751443107383 0.781079796866845 0
6246 -1.860899239117032 0.8236792720859898 0
6247 1.98377134080449 2.519807866914771 0
6248 2.155858188806378 1.015015123929443 0
6249 2.445009825343901 2.021490466418697 0
6250 -1.948910400951776 0.9333150343707193 0
6251 -1.909893754761955 0.9298523199030138 0
6252 2.42366432726316 2.160522115002326 0
6253 2.192395661445402 1.084252066798135 0
6254 2.056974150021788 1.044493028767504 0
6255 2.183002012734409 1.286662345197304 0
6256 2.062945383775656 0.909631404179692 0
6257 1.788166334289566 2.586387525999544 0
6258 1.924845257218334 2.552833866872346 0
6259 1.945994971816836 0.9044063016047952 0
6260 2.438691282862024 2.124542928802066 0
6261 2.460662153017545 1.986125991172083 0
6262 -2.149564854380775 2.478900600030751 0
6263 0.81098034487533 1.206785875462933 0
6264 -2.347716564056038 2.13672662226387 0
6265 -0.8338584441418214 1.275369426351655 0
6266 1.965743898543981 2.486405916941109 0
6267 2.476014569887155 2.121553721527391 0
6268 -2.35082484340828 1.85585678488823 0
6269 -2.182500761834796 2.19839796601855 0
6270 2.041158202848043 2.759768248874455 0
6271 -2.188041009679717 2.471734170902169 0
6272 2.193392207845585 1.016293490587523 0
6273 2.210673366893631 1.051296395569936 0
6274 -2.101896907922661 2.693658937638447 0
6275 0.6048725295170111 2.063251798433761 0
6276 -0.910577166112156 1.140257928729966 0
6277 0.5249008260893726 2.264458703929874 0
6278 -0.8987755170945384 2.460491126739348 0
6279 0.9247660885885628 0.9759848835979293 0
6280 -1.264934240857805 2.636793533431991 0
6281 0.6260121022483258 1.498824388521945 0
6282 -0.5989940750333695 1.345635509911251 0
6283 2.331346020600762 2.206547216755069 0
6284 -0.5169455354345254 1.722045906340109 0
6285 -2.108166191376974 1.117514358894897 0
6286 0.9420628163955712 1.010894642774778 0
6287 -0.833400802077935 1.072699174798539 0
6288 2.307662752119549 2.175608267250974 0
6289 -0.8352930657665688 2.437437443592326 0
6290 -0.478253859901946 1.723713196474709 0
6291 0.9809278984568366 1.013286005287544 0
6292 -2.427689251145234 2.221553777241658 0
6293 2.323013759393426 2.139957988716047 0
6294 -0.8736972797787639 2.430623098628664 0
6295 1.019946677261883 1.015829953687574 0
6296 -0.8147142909330209 0.9040738930777077 0
6297 -0.7344831385106727 1.241218929198461 0
6298 2.299530787842174 2.110174454235167 0
6299 1.868056667477048 0.9009597919328911 0
6300 1.035028542789848 1.04955364816295 0
6301 0.6658500000575669 1.959516148159421 0
6302 -0.7699046568049105 2.519741230183471 0
6303 0.8296652855066432 0.9361955461077456 0
6304 0.5064136805673074 2.230180790737498 0
6305 1.927990907623683 0.8698214011767971 0
6306 -1.202948630952997 2.714917734740382 0
6307 -0.8854482823122646 2.497132572890846 0
6308 2.417409450909982 2.263476107613778 0
6309 -0.6109805201129934 1.683736514557256 0
6310 2.456086498601083 2.258467706978461 0
6311 0.5668318473900823 1.995162554707094 0
6312 0.5106775611244339 1.825516470127109 0
6313 2.47970281894006 2.289649164812092 0
6314 -0.8136241945535598 1.173970914072706 0
6315 2.325102653768846 2.309527859052793 0
6316 -0.6277313428625687 1.582163262652707 0
6317 -0.5625856072380159 1.415424833323005 0
6318 -0.8528690288436092 1.173935677076371 0
6319 0.6287935655340299 1.628189924078832 0
6320 -1.164399817983085 2.619272037094952 0
6321 -0.6973490821073161 2.042955480868917 0
6322 0.5109333382783079 1.42677736813668 0
6323 0.4933687398893199 1.458331785297821 0
6324 -0.5320187111376489 1.619986311721277 0
6325 -0.6389116468065859 1.481795607186245 0
6326 0.842668793436002 1.038491152592546 0
6327 0.7069581251543935 1.36689057587663 0
6328 -1.139267428055614 2.58945820199685 0
6329 0.5651148181803436 2.13018567217229 0
6330 1.889028902188475 0.8681031376383275 0
6331 2.409905821024271 2.365804263864111 0
6332 0.8600002106387541 1.073423989723034 0
6333 -0.794401984632837 1.072592616401654 0
6334 0.8775734469882674 1.108895523430551 0
6335 -0.9740072175354954 2.550089079775482 0
6336 -0.9990783532748544 2.579948993156493 0
6337 1.90701617226923 0.9027047829066319 0
6338 0.5323958803675446 1.657854832824871 0
6339 1.924997061725073 0.9373264713858249 0
6340 1.943011978866116 0.9719056606588631 0
6341 1.922082151651282 1.004779701097713 0
6342 0.5874051423429997 1.894151990459923 0
6343 -0.9104995031246129 2.527123320492831 0
6344 -0.9489248707932618 2.520242934426917 0
6345 1.81409701197471 0.7971794339187885 0
6346 -2.254598531914416 1.199009388375384 0
6347 -1.10094925223869 2.596183760567407 0
6348 0.7691172200313399 0.9661671150588037 0
6349 2.310168000670151 2.34550292246734 0
6350 0.5088071442393822 1.960591294139862 0
6351 0.6094260568532563 1.397780940486004 0
6352 2.272643031657068 2.350522632875095 0
6353 -0.6067412560230089 1.549293694889891 0
6354 -0.5964582873982699 2.018882181108152 0
6355 0.4907234996466177 1.859025102939222 0
6356 0.5888285500733551 1.430547786564688 0
6357 -0.6438823033848391 1.548762907204863 0
6358 0.593599701330969 1.558548288985323 0
6359 -0.7749958627066709 1.038766578542046 0
6360 -1.101043340092365 2.698980857870035 0
6361 -0.9606793670604079 2.586742563404421 0
6362 2.394638703683024 2.401449723150054 0
6363 0.5269913014422104 2.062112695013291 0
6364 -0.8139941354656615 1.0388730835621 0
6365 0.5702767945739216 1.461712586529521 0
6366 -0.8335876499717692 1.005155081153289 0
6367 -0.8725856752477927 1.005256762468802 0
6368 -0.8921800694397257 0.9715361163021895 0
6369 -0.931155091071654 0.9716323538683627 0
6370 -0.8968619642529286 2.668192448279995 0
6371 -1.067761685622026 0.9381815340601647 0
6372 -0.9701799946619826 0.9717503987115079 0
6373 -1.08717970499273 0.9720722614220439 0
6374 -0.9897592791718393 0.9379880625880972 0
6375 -1.028752816455647 0.9380579925696422 0
6376 -0.6777449402674828 1.004813501745558 0
6377 0.4952537054984583 1.589519578040009 0
6378 0.7389869555327799 1.133475243658789 0
6379 0.6325841954616198 1.297202290545002 0
6380 -0.5261966297034399 1.485032988209217 0
6381 0.4698146115644716 1.960060403817563 0
6382 0.6533611761515511 1.263942532639795 0
6383 -0.5056551327052952 1.452126871645258 0
6384 0.743236252107168 1.066059845713768 0
6385 0.5339222893466014 1.327464611403601 0
6386 -0.5110804039313225 1.587114419800374 0
6387 0.7605725685678191 1.100996837269833 0
6388 0.4949472035115492 1.32604428263507 0
6389 -0.4931235876098335 1.621748262411327 0
6390 -0.4331989299170235 1.590725865900185 0
6391 -0.9857537943048256 2.616601093546807 0
6392 -0.3236217143392856 2.421940896578784 0
6393 0.7000625516839956 1.131044030477157 0
6394 1.79610518405843 0.762577294087887 0
6395 0.6785175340444634 1.163544989780507 0
6396 -2.461606556124456 1.965410620355606 0
6397 -0.4522371917074367 1.927945636058049 0
6398 -1.024177250756045 2.609843789121784 0
6399 0.4538162958541646 1.723430792514312 0
6400 -0.5391177691358668 1.176999445231177 0
6401 -2.332728973141211 1.288982203411442 0
6402 -2.306535930976627 1.315619925911267 0
6403 -2.512073795501827 1.923848842872637 0
6404 -2.451622718678937 1.702419910071369 0
6405 -2.292886174146917 1.140750630249697 0
6406 -2.356120989788601 1.363731623596548 0
6407 -2.312404807260579 1.216195775641462 0
6408 -2.471978464337061 1.782238980929385 0
6409 2.260058268351567 1.028618710847787 0
6410 2.463682058587176 1.736328899289997 0
6411 1.77557545331234 0.7952550282909536 0
6412 -0.3542998224293511 1.900875903505229 0
6413 0.4888469295801486 1.994083679891854 0
6414 0.4517507549410359 1.858478189088494 0
6415 0.3566268512533868 1.689879110640908 0
6416 -1.037482634804646 2.573165237995696 0
6417 -0.6968179806987262 1.106113453782191 0
6418 -1.500410394188998 2.862032455828493 0
6419 1.767130189971807 0.2321084903463444 0
6420 -0.7490110539915975 0.109588573860494 0
6421 -0.5411621405504523 1.313233377086115 0
6422 -0.1894217972824166 2.805415627807293 0
6423 -0.71623732655637 1.139928707068304 0
6424 -1.075866271070462 2.566367544668889 0
6425 -1.672729823402291 2.514442964233568 0
6426 -0.3511261971762407 1.225251030692229 0
6427 0.5278377530534899 1.994602333160562 0
6428 -0.03999250136303379 3.17307959820732 0
6429 2.107891308847156 3.209645323688133 0
6430 -0.3589277090889431 1.966880167568351 0
6431 -1.114189957559107 2.559620937581951 0
6432 0.3727953786907147 1.924955132020388 0
6433 0.4717268124700945 1.825001060583012 0
6434 -1.703033354711307 0.4194754863314769 0
6435 -1.126828019293643 2.523829588926743 0
6436 0.6698030195796518 0.9938560361065101 0
6437 0.6480853314085352 1.026201818325463 0
6438 1.038109901639412 2.943308616189132 0
6439 0.5468848358424843 2.028633490693876 0
6440 1.849506664189756 0.5581188535179047 0
6441 -0.4483526055197103 1.488324505092476 0
6442 -0.5021757873836963 2.059530063789462 0
6443 -0.8922313558350764 0.8366599760876503 0
6444 -0.5211313077135309 1.280103430748165 0
6445 -0.6965037188494937 1.173458238007538 0
6446 1.50340586179866 3.448848187801959 0
6447 0.5271674851084061 0.0561554915831588 0
6448 1.820226163643301 0.6621231818112183 0
6449 -0.6191952963491787 1.038641755572913 0
6450 -2.338318826767345 3.443872527762759 0
6451 0.5659359572525029 2.062669666729445 0
6452 -0.4799057887345215 2.027476190825445 0
6453 0.4527614758597663 1.790946021006573 0
6454 0.7908094789194818 0.9337790707111344 0
6455 1.667766066526028 0.3997805710922853 0
6456 -2.250460108531946 2.516061096211093 0
6457 2.027061135929611 0.8405289298461882 0
6458 0.5849775575723809 2.096711355117971 0
6459 0.3871456021283062 3.098872623077057 0
6460 0.6230411108768592 2.16481440729377 0
6461 -2.401228336131441 2.681390699759408 0
6462 -2.356452713075343 2.693229852918515 0
6463 -0.9210276073373911 2.696801758818713 0
6464 -0.2225472141569887 2.563854282596301 0
6465 -0.2535413157928957 2.597358595923062 0
6466 -2.259454852285675 1.029531649526332 0
6467 -1.763981145371791 0.2564599224044741 0
6468 0.2822961050231043 3.347435125836073 0
6469 -1.312851474787269 2.869846272869713 0
6470 -2.141601208334149 1.188602828510113 0
6471 -0.3780477440837158 3.378175829894396 0
6472 0.6040133648659676 2.13074184274883 0
6473 0.4563749175415658 1.588439423058937 0
6474 0.4727307517830316 1.757488406999451 0
6475 -0.6724121350894606 2.683013182964356 0
6476 0.5964865096209166 1.227817559815394 0
6477 0.603208098058611 2.198286104393191 0
6478 -1.318634747408448 2.978829976688425 0
6479 1.066996579384367 2.542007679532268 0
6480 2.066111394283813 0.8424394843478349 0
6481 -0.436268700942745 1.658509194404972 0
6482 0.4925759983470953 1.724121191664783 0
6483 -1.157094123252722 2.759259818713673 0
6484 1.720430147114485 0.6915612344600235 0
6485 0.8551352390946151 1.144059836560919 0
6486 0.6222817724826235 2.232319373958298 0
6487 2.220362458492768 2.560481781857609 0
6488 0.4768141176064807 1.29183073035851 0
6489 -0.5987436104300394 1.140700322045806 0
6490 -0.2300876231395942 2.433109379864572 0
6491 -0.2470268650745195 2.389219112936411 0
6492 -1.029256750861058 0.8031284657703868 0
6493 1.264201223202762 0.4979576337182161 0
6494 1.086092146992769 2.509021317378026 0
6495 1.105941052023398 2.470422328065557 0
6496 -0.4576815591226612 1.995258371059445 0
6497 -0.5390743020727672 1.03701437623232 0
6498 2.210759178570782 2.666899610132516 0
6499 -0.2678670305096115 1.857610401904344 0
6500 0.6611679397427828 2.2328351594875 0
6501 0.2526903782146422 3.2725389559448 0
6502 0.1763330405194513 1.420590401079456 0
6503 -0.6962294798948263 3.213487667435567 0
6504 0.1130501178344061 2.804355651489472 0
6505 -0.5447655444412817 2.404462967189623 0
6506 -0.5521834199403167 0.2417079057427405 0
6507 0.6396011722400087 1.161208493170547 0
6508 0.6802274757306079 2.26685857585703 0
6509 -0.7185004525686933 2.07564116942641 0
6510 0.7182997601431051 2.334986536595699 0
6511 0.7789635216506567 3.269712641371379 0
6512 -2.223750695122413 1.126940044050427 0
6513 -0.2391294137334176 1.098955548523864 0
6514 -2.750231502873769 2.794989140828118 0
6515 -2.710458117894562 2.830902538024653 0
6516 0.6992813786529979 2.300928765177167 0
6517 -1.631388108327031 3.006049874269935 0
6518 -1.856239457422454 0.6539366783799994 0
6519 -0.7539657469352516 1.275042937837073 0
6520 -0.7734122583041131 1.309187845171697 0
6521 -0.3295774798647174 2.847100948007145 0
6522 -0.8144789900320011 0.5254224031700088 0
6523 0.6985143068027361 2.368456348296188 0
6524 0.3527301846104186 2.85499798712179 0
6525 -0.336631134421444 0.4766571734990237 0
6526 -0.4541954542217143 1.623654969779388 0
6527 -1.178467048385189 0.378567498715658 0
6528 2.54843053667046 2.212422801209576 0
6529 0.1806829928014414 2.177817118746159 0
6530 -0.04756953410502664 1.635183435876823 0
6531 -0.07764213687358003 1.676363407201217 0
6532 -0.05943747953959985 1.725282365467665 0
6533 0.71755911377437 2.402459922401921 0
6534 0.4750160588282155 1.622697327202015 0
6535 -1.980228828101078 0.1015665944733031 0
6536 -0.2967206711052582 3.161972938150729 0
6537 0.7743083680145504 0.8987148508741747 0
6538 0.08457581709550072 1.112340502498298 0
6539 0.756487514310747 2.403061691597749 0
6540 1.206263553572872 3.105863221903903 0
6541 0.3212769672735201 0.1762359330844387 0
6542 0.8156279942755467 0.5161946750535851 0
6543 -2.581017626648208 2.804853087189983 0
6544 0.7756307866116503 2.437049504173889 0
6545 0.7250285509403565 2.66963970963903 0
6546 0.2216619269999911 2.618171781695642 0
6547 1.951536504069601 0.7697324355873296 0
6548 2.54578063152025 2.038448218764136 0
6549 2.59548330179619 3.022476866214289 0
6550 -2.374769528420142 2.77501579362797 0
6551 2.169607890040749 1.343837128089877 0
6552 0.5916731377251829 0.9870886109995602 0
6553 0.7183321668206356 2.538013816851926 0
6554 0.8145325306547602 2.437614068276433 0
6555 0.6921460207443874 1.265744522335953 0
6556 -2.165374424490984 3.178363434379274 0
6557 0.2543902837128835 1.373459330285454 0
6558 0.114289784582305 0.06307082793516816 0
6559 -0.4573008050332058 1.691102179362898 0
6560 -1.958916137638741 3.090132683810537 0
6561 -0.2632911675127496 1.463052346850016 0
6562 -1.049146866883826 0.7693993500500924 0
6563 0.8336932343287939 2.471569151574138 0
6564 -1.749576844284927 0.1057828384800634 0
6565 -1.911119662007051 0.2733845588255746 0
6566 -0.6580724497121505 0.9709961298108369 0
6567 0.9540659984120701 3.118233484783236 0
6568 -0.5541768769589586 0.9388629608039047 0
6569 0.8725804327893554 2.472148767250113 0
6570 -0.9176419585252764 3.289080129711922 0
6571 0.6004540002021741 1.159419902679564 0
6572 0.6975780281184697 2.503693813021904 0
6573 -1.40987730892233 3.144397335224371 0
6574 -1.358203998424208 0.773072739269296 0
6575 0.8917023045674928 2.505999182805274 0
6576 0.5995694814014823 2.467991168238686 0
6577 2.007058239705776 2.960833501841039 0
6578 2.049282855943898 2.953239276594844 0
6579 2.065623490151597 2.911497571851197 0
6580 -0.5361808961784149 0.4366760999850041 0
6581 0.4675254102626216 0.4421205879758709 0
6582 -0.8727748122528465 0.8704324679962179 0
6583 -0.4668351439900065 1.453465257685882 0
6584 -0.4743053401441502 1.960527973078837 0
6585 -0.1012989302510101 3.101382623475741 0
6586 0.1122196888738253 1.949199491030744 0
6587 0.9306403876163852 2.506687386404479 0
6588 0.7349512706472141 0.895916145155969 0
6589 2.311528370880222 1.216276608855762 0
6590 -1.34328710185551 2.62055356864493 0
6591 0.9915541672163783 0.5240309865849122 0
6592 1.881477113909314 3.051820791001743 0
6593 -0.7314147016336957 0.7189152915999304 0
6594 1.363285626359401 3.264383948579758 0
6595 -0.221442430980953 0.369247642078218 0
6596 -2.575837497703223 3.081209707938737 0
6597 -0.3859541563615523 0.661073489540235 0
6598 0.6817151507509088 2.894195578009559 0
6599 0.9499053649427478 2.540738095307509 0
6600 -0.8630544602266291 2.260091138814232 0
6601 2.43207889259391 1.629760605628379 0
6602 0.4937068958589623 1.656882864102953 0
6603 2.438947569801172 2.72654391122608 0
6604 1.959968514773897 0.5281371479836008 0
6605 0.9888823346435558 2.541292500171679 0
6606 -0.7995738910331235 2.235982675184616 0
6607 -1.984251488450523 0.7678093173495211 0
6608 -0.5175589529695804 2.370674267050943 0
6609 1.027843921425303 2.541729888856426 0
6610 -2.375037065203641 3.084243078592996 0
6611 -2.358970000659537 3.134936331946144 0
6612 -2.325798318188204 3.094201857409096 0
6613 -1.991083744181502 0.4927144278558664 0
6614 -0.756182884190377 0.9374409570836573 0
6615 1.140933879338469 0.396267673078972 0
6616 2.084022988197142 0.8769568648880099 0
6617 -0.390786159162822 2.137576970380555 0
6618 -0.3484191982503785 1.457680050563916 0
6619 -0.431037961302472 0.7504170877496543 0
6620 -0.5946622419638262 0.05492922681961088 0
6621 0.2991059123709666 1.447255351037601 0
6622 0.6340782485827678 2.817587958287959 0
6623 -2.008250155342463 0.40512961537351 0
6624 1.375394757689351 3.135408697058949 0
6625 -1.228267824876983 2.782812752673389 0
6626 -0.311394798592546 1.528018331093567 0
6627 0.3550730364159114 1.823968877447238 0
6628 -0.406736808194011 2.349011367147849 0
6629 0.2229086749031901 0.1246943356388712 0
6630 -0.05208945568321352 2.20396088919895 0
6631 -2.301902930920793 3.192490561057321 0
6632 0.5646274860251604 0.6297309776101567 0
6633 0.01826168878333246 1.195004246231665 0
6634 -2.456363198260395 2.624661099018231 0
6635 0.4973546619075903 1.258875286775877 0
6636 1.283757791032701 0.2241851131316639 0
6637 2.280247886992994 2.416749950058428 0
6638 0.6587302262762571 2.641720982856332 0
6639 -0.4161056890915551 2.417201191256321 0
6640 1.336317626996179 0.2247972434150844 0
6641 2.123176010390147 0.8785752680681482 0
6642 -2.06289037459689 3.067644329783232 0
6643 -0.7264082210294185 2.872331930332703 0
6644 0.3910284150360447 2.026938657502803 0
6645 -0.4396429341565412 1.725706173844259 0
6646 -0.9151550956629735 2.916709004468978 0
6647 1.366687281007371 0.5304308241063218 0
6648 -2.493191654250661 3.00627585390734 0
6649 0.6594129461643207 0.6317212369614391 0
6650 2.147665872564894 2.707815175014477 0
6651 0.2465679705366889 2.667240813160436 0
6652 -2.305231649653275 2.717494831600418 0
6653 2.149326370387606 1.215063668330557 0
6654 1.628055390178361 2.998069106496412 0
6655 0.223008810984977 0.894458755269008 0
6656 -0.5065538519887184 3.360326083463594 0
6657 2.20682948758711 3.242282427197344 0
6658 0.1238428788385917 0.7908018040357663 0
6659 -2.553156250191826 2.556821070236965 0
6660 0.8841013623942622 0.7080591829537708 0
6661 -2.023565328057393 0.772234551533977 0
6662 -0.3369775003239747 1.630021516642655 0
6663 -0.2212589173796821 2.153276541717325 0
6664 -0.9287569456954857 2.285317600975581 0
6665 -1.068990771254375 0.735831951654486 0
6666 -0.1979696444075194 1.753619053086972 0
6667 2.068295541034269 2.7963353145217 0
6668 -0.8342134228797422 0.8705186461424568 0
6669 -1.056945558759239 2.852464819669949 0
6670 0.7476567539569623 3.223193809097992 0
6671 0.4140404994813718 3.04839347464931 0
6672 -0.7102531609713305 2.179723305971389 0
6673 -1.098737183544355 2.954645937213273 0
6674 -2.545869765411993 2.769876070056187 0
6675 0.1388001771146985 1.195417641483739 0
6676 0.3061026558479329 0.7272287544634533 0
6677 -2.321900923064018 2.634779960279889 0
6678 -0.3962472552828556 0.4771490335727622 0
6679 -1.268225085200786 1.001272861717837 0
6680 0.5123334873165994 1.690956789673136 0
6681 -2.558515739880535 2.360275740819718 0
6682 0.3365719075112927 1.724710097204919 0
6683 -0.8910182560582018 1.173833627117373 0
6684 -2.398858326744787 3.177194076210657 0
6685 0.5294571384609509 3.340171163994581 0
6686 -0.706659858075561 2.49581451136541 0
6687 -0.06620711221355172 0.307589980654779 0
6688 -2.035367706569 2.905368958005305 0
6689 -0.3020737454506434 0.5282622695076629 0
6690 2.558713662102877 2.55570169270071 0
6691 2.284738019395127 2.768747628170862 0
6692 -1.849875363020844 3.449479657208587 0
6693 -1.209375953553283 2.967045922726081 0
6694 -0.9396436150448175 3.239562515307344 0
6695 0.9048038913559717 0.5977934627290176 0
6696 -0.3629576526627264 2.538954016113425 0
6697 -1.050369710688191 2.432468705509832 0
6698 -2.255576678550122 1.437807052535321 0
6699 0.4010939039675405 1.075549677058594 0
6700 0.8530418366684406 3.214385037540657 0
6701 2.539585411351276 3.030591355539836 0
6702 2.516061141094593 3.080977388797627 0
6703 1.404464249820638 3.399355195050329 0
6704 -2.415936998488475 2.936127330088032 0
6705 -2.565363452331243 2.677233667841977 0
6706 2.704883408168393 3.161155970620449 0
6707 -2.666157457691575 2.869987769401385 0
6708 -2.715512339269156 3.146906874232711 0
6709 1.082096546760278 2.94491112491403 0
6710 -2.256417450731262 1.951017968897487 0
6711 1.012676417199403 0.5630331250215719 0
6712 -0.3517116724842597 1.526155829344868 0
6713 0.986023676659243 3.250776627663169 0
6714 2.564749892800236 2.440406230962992 0
6715 -2.265894434455578 1.911410810173134 0
6716 -0.8887358744444074 2.291552851043548 0
6717 1.980057932539224 2.92327137190081 0
6718 -0.5981490639054204 1.278324016283293 0
6719 -1.041631348879734 3.227926432864245 0
6720 -0.9113292525922798 0.7315585566240339 0
6721 1.912820610407565 0.7683514217570924 0
6722 0.3526001328166375 0.3398841272257345 0
6723 2.183505191453096 3.023548182471418 0
6724 -1.358305298416936 2.968857689273696 0
6725 1.877933110848791 0.4459776121479517 0
6726 -2.449802138881787 3.165072219719445 0
6727 0.458883608173554 0.05645722496173811 0
6728 0.6585298861586145 0.8202345877451305 0
6729 1.230536804344041 2.959958694954953 0
6730 -1.172038791819819 3.256714647827192 0
6731 -0.1512541568386179 1.430926714409694 0
6732 1.096941411032688 0.5660126009555513 0
6733 -2.084638120875288 3.446720070873373 0
6734 -2.571137184853239 2.471648339202833 0
6735 2.412083850583667 3.187741816316116 0
6736 1.894476801827774 0.7334040971271412 0
6737 -2.542857572228634 2.953736517511746 0
6738 0.7363168631825781 1.589879276576974 0
6739 -0.1773962733707322 3.278541222495595 0
6740 0.999663779693251 3.025146867009238 0
6741 -2.177765517102035 2.99529486341339 0
6742 -0.1065752327882984 2.200149769849016 0
6743 0.7308109554137051 1.267762320261479 0
6744 -0.3627536407894417 2.035997702321463 0
6745 2.09626451690441 2.945898692489953 0
6746 2.141906338531345 2.959219239026516 0
6747 1.202247576227995 0.5335967820739891 0
6748 0.08784405359523249 3.331788583755414 0
6749 -0.4606383624194764 1.758128449454266 0
6750 2.594329813434991 3.277656688181319 0
6751 1.311450437995297 2.951273822270989 0
6752 0.1329618189897786 2.073511799875347 0
6753 -1.466859438988564 2.978689534592747 0
6754 0.8942412101414368 2.304641668241073 0
6755 0.8128012258455291 2.736700211062337 0
6756 -0.9031328471914704 0.5341610288506311 0
6757 1.533465578648438 3.004986978437676 0
6758 2.570086567642734 2.845422823098467 0
6759 -0.6163890691699121 1.751039753402563 0
6760 -1.271236519079653 3.244601786532414 0
6761 -0.001218229196263537 2.295817913076283 0
6762 -0.01371004551521513 2.379783700557001 0
6763 0.01227482226938086 2.422067822590412 0
6764 -0.5749662713106386 0.2933733751668797 0
6765 1.236551430569059 3.23076007161829 0
6766 -0.5241111913921952 1.416842262546975 0
6767 0.438044223364106 3.192830651382195 0
6768 0.2352306838409784 1.257660856674468 0
6769 -0.3336805109153702 0.8337350972986119 0
6770 1.284663667525631 0.5349827963590146 0
6771 1.984763705600239 2.449630093530216 0
6772 -0.6997459845404994 1.478194409705763 0
6773 -2.301212023028542 2.879754487232611 0
6774 -0.7991038347190746 2.898710426066858 0
6775 0.6079350238119503 3.182482990026407 0
6776 -0.8333186611666775 0.5678138169595894 0
6777 1.416518195158657 2.976581883000285 0
6778 -2.035973039431399 0.6345090990750146 0
6779 -1.499403144059422 3.010663147529725 0
6780 2.550773767719804 2.676560367112739 0
6781 -2.087170107252698 3.013486644272865 0
6782 -2.115429295377111 3.188800040230989 0
6783 -0.9856730641697014 2.940676230220364 0
6784 -2.08011867614587 0.8128716796628648 0
6785 0.703695033556124 2.853624910593853 0
6786 -2.595040946334085 2.542167671407506 0
6787 -1.549224020825833 3.392747122906064 0
6788 -0.8399194859413046 3.016624703556281 0
6789 0.244075350100366 2.271202274077614 0
6790 -1.998392324755264 3.027329747991048 0
6791 1.445932160348927 0.5453255646639301 0
6792 1.412893547579059 3.259831411516242 0
6793 0.3392682504896157 1.585436227010454 0
6794 0.03130926232353617 0.3590069443535546 0
6795 0.2811469508078888 2.351043813591833 0
6796 0.3023862615672019 2.392510636442233 0
6797 0.7094400399021855 3.015877468974389 0
6798 -0.7165029313970397 0.1601065766101155 0
6799 -2.473236906404679 2.878528530840071 0
6800 0.5510662343337981 1.691924636803622 0
6801 -0.1847698956667564 0.9203927000685499 0
6802 -0.08405916308038566 1.011932144897558 0
6803 1.525996768650287 0.5475154029359077 0
6804 1.497025326519803 2.96711969508909 0
6805 1.510190601691238 3.253247163256111 0
6806 -1.641530127213338 0.1051226678385015 0
6807 -1.911295784622225 0.6926503638507886 0
6808 0.2140541944530483 1.652703490970504 0
6809 0.04845578117113778 2.386706065985835 0
6810 2.328379870337051 3.24342411345743 0
6811 -0.4504469966713779 2.524670778289228 0
6812 -0.7174054492802446 0.5993087488683886 0
6813 -0.4875197384210034 2.635549224545067 0
6814 1.607125917214997 3.243073459973256 0
6815 1.576137050865724 2.954318182932474 0
6816 -1.549759120061539 0.5565962737739838 0
6817 -1.586740375055301 0.1025551127178883 0
6818 -0.505571608323771 0.8705019301015164 0
6819 -0.4220986793507691 1.249072820742874 0
6820 0.506524036465609 1.051224195559052 0
6821 2.305831493477994 2.923503761377238 0
6822 -0.7701766450956327 0.2584696197088285 0
6823 -1.027892539192302 3.050301049496619 0
6824 1.769295721485582 3.102680929222569 0
6825 1.902815376414894 0.1906451586432525 0
6826 0.4619386612900452 1.118302196499181 0
6827 0.5829556597287625 2.365619526270663 0
6828 0.3551923898837135 2.233083569467859 0
6829 -0.9370242982308128 0.4128539728793348 0
6830 0.4950612904567546 3.091593866699167 0
6831 -1.544729771417096 2.754861838603619 0
6832 2.218577825983614 1.354265836875988 0
6833 -0.4297178426663475 0.3307495002794751 0
6834 -1.01722268039996 0.1061781285870753 0
6835 -0.0315989481080074 1.10451272239954 0
6836 1.736014990092284 2.940320184647933 0
6837 -0.2404887168555631 1.348700321408872 0
6838 -1.923196855437814 2.894179424809267 0
6839 -0.6258928814510636 2.808710561976286 0
6840 -2.67110595411291 2.493806345443744 0
6841 -0.3963139316874988 0.0566488989454712 0
6842 0.1949578007649434 1.614495116027906 0
6843 2.164147460722495 0.8780939128094751 0
6844 0.9052973524164363 0.4372066717025982 0
6845 1.763950281144337 0.4812669610601552 0
6846 -1.089663916599976 0.7005997798477632 0
6847 -0.5429003093350216 2.703907438130556 0
6848 0.4095944153349284 3.344948074281571 0
6849 -1.468860167886648 0.5508008911701232 0
6850 -0.457193458217701 1.107323923198189 0
6851 0.2388927923481152 1.893955020258212 0
6852 -2.341059788890534 3.045919895418211 0
6853 -0.8136265718601037 2.196640987532199 0
6854 1.569710032447492 3.118916388921682 0
6855 -2.585087825934224 3.235125200959637 0
6856 1.726964548046772 0.5546861241496759 0
6857 1.816002991100755 2.931718666200819 0
6858 -2.27084073841828 1.066469822687537 0
6859 -0.7212270179623328 2.458439155130562 0
6860 -2.003423645112919 2.874341486033708 0
6861 -1.359022550897524 0.2661189344668575 0
6862 2.075424211701442 0.7054869680834903 0
6863 -1.389372109874672 0.5450567874457195 0
6864 2.695727975587094 2.783569903213236 0
6865 0.9291811301877713 2.915526629469031 0
6866 0.2134521364036363 3.213713552481304 0
6867 -0.2699744881520304 2.552606480485319 0
6868 0.4226839194123185 0.9027952828975963 0
6869 -2.733181243325301 2.945036586785975 0
6870 -0.8047871251300762 3.208203092156174 0
6871 0.05176927305367787 3.160684834300886 0
6872 1.395320473817734 2.645133715259505 0
6873 0.4670797545733674 0.9779769682087892 0
6874 0.2698337094127078 3.001763334480033 0
6875 0.8178951442250582 2.885601136588201 0
6876 1.895718481287864 2.930363741179345 0
6877 0.3713778397813293 2.701241765471315 0
6878 0.7501240517573825 0.6328791325888068 0
6879 -1.840482427486396 0.6179042781525628 0
6880 -0.1110120240961167 1.899523295439409 0
6881 -2.221998477980765 3.311315072036252 0
6882 0.5634598710731084 2.398149187958074 0
6883 -0.7410476725075897 2.705016403482604 0
6884 -0.6170340984601161 2.933266038051479 0
6885 -1.260027601499979 0.2587830658077908 0
6886 -0.2080121150118332 2.272535086197882 0
6887 -1.309214692589297 0.5369705730472962 0
6888 -2.080883901686612 2.852258551493859 0
6889 -1.380786277671724 3.319004220463174 0
6890 -0.7272558454856163 2.750861700525047 0
6891 -0.1411978730939809 0.1914630350210582 0
6892 0.4652560467315916 0.6280288934330234 0
6893 0.4912303555824764 0.583933128264134 0
6894 -0.06350798353974729 0.4172588550044254 0
6895 2.000765403036389 3.217980648864778 0
6896 -1.870859325684832 0.1780575141135259 0
6897 1.742243902317595 0.2753714280234227 0
6898 0.7189932821588857 1.982273517502394 0
6899 -1.859219859439862 0.4724371919228583 0
6900 -0.08695296479683393 2.534676491688185 0
6901 -1.736785143742778 0.2974133214992318 0
6902 -0.6366912302407439 0.8666908949010794 0
6903 -1.227145485605632 0.5300502451230997 0
6904 -0.6792188297969255 0.795713530886516 0
6905 -0.5423180820548211 1.381013333053386 0
6906 0.0897337691840438 0.9311719561883802 0
6907 0.5765914545354489 2.572520919904742 0
6908 -0.2639344573097571 1.145918280646165 0
6909 -0.373772089338202 1.109490534414071 0
6910 0.09209233766440238 0.2447791934491352 0
6911 -0.06196301345515733 1.899877033415861 0
6912 -2.290254374349482 1.272792388141652 0
6913 -2.239754009015287 2.814150428158767 0
6914 -2.173243868182889 0.9739267645655588 0
6915 -0.4432345440173401 1.792926588203949 0
6916 0.970421874169145 0.2588398453927292 0
6917 -0.174688644532772 3.060891543797649 0
6918 2.208685914666422 2.15361233390907 0
6919 2.253556766087608 3.195386296163221 0
6920 -1.823573122188464 0.3900309475754515 0
6921 2.190414865079028 2.894387411720895 0
6922 1.158163051167465 3.10886798566143 0
6923 0.4921225129443261 2.57587449915712 0
6924 0.860364961430916 0.2576905512929486 0
6925 0.9926244339645911 0.8125555340766293 0
6926 -0.1506495714730905 1.680823066784652 0
6927 -0.1215112284490912 1.644072554394805 0
6928 1.83851062077064 0.3636608149208498 0
6929 -0.9085334524453004 0.2230626250438361 0
6930 1.927471979305856 3.048540504488083 0
6931 -0.06258384304675213 2.288118093209645 0
6932 -1.01727761224252 0.5068813705195847 0
6933 0.5698192660665773 1.726045297973749 0
6934 1.138237035713106 3.237638271349916 0
6935 0.1692211677675841 1.725987908720159 0
6936 -2.553499961746638 3.350471298260659 0
6937 0.1487639484214384 1.537921407605594 0
6938 -0.8129774106254618 1.308441212054995 0
6939 0.6809640827437209 1.729305591464777 0
6940 -0.6758499413749119 1.208164857015186 0
6941 2.234518002001951 1.387250330056183 0
6942 0.4105355568228168 2.060909149566283 0
6943 0.6344776228065547 0.9231173555438765 0
6944 -0.4062288086989518 2.277639163880439 0
6945 -0.7762967209878632 0.9036901751016175 0
6946 0.7480406576006617 1.301229262622792 0
6947 -2.639882294861815 3.385816210133867 0
6948 -0.6503221697834474 0.5791338076118764 0
6949 -0.182344194608072 2.705322046154724 0
6950 -0.1879957076079309 2.318214417431677 0
6951 -0.2173994994125087 2.353528838684951 0
6952 -2.347642139678853 1.477616013885436 0
6953 0.5987692908947629 0.5817970190825881 0
6954 0.3333008170709467 1.924995315086708 0
6955 -2.282397396240889 1.706888950149058 0
6956 1.935578565449959 0.1482747370040687 0
6957 1.915253650494742 0.7016083766330496 0
6958 -1.262409088504125 2.773862567325917 0
6959 -2.072163951413624 0.8786576697819368 0
6960 -0.6385107349139119 1.005302852012599 0
6961 -0.3851372655903554 0.9994308720639888 0
6962 -1.461087710194461 3.136922010685053 0
6963 2.534959328598309 3.281356442762008 0
6964 -2.095399075526778 3.243791951598739 0
6965 -1.338693949973074 0.2209976988326661 0
6966 0.5882473989165313 1.759812312810855 0
6967 0.1149152900453944 2.526584568141669 0
6968 2.257545186877177 2.385304390173711 0
6969 1.358994274834483 0.2699350485025835 0
6970 -1.53370881640246 0.5194483354711865 0
6971 0.2509369013365431 0.8520085665142663 0
6972 -0.2411233054386112 2.114969040159554 0
6973 -0.4901452991021935 1.92547057785055 0
6974 -2.806283207362162 3.020628145051973 0
6975 -0.1172721402262353 1.230615960887351 0
6976 -0.6755302002522702 1.412285192897597 0
6977 -0.464198794445955 1.825133967754616 0
6978 0.5818234597699802 2.4333033023876 0
6979 -0.6660623671713343 2.401667338403364 0
6980 0.4678136148728766 3.045924727809404 0
6981 0.1670308714350447 2.710424900985984 0
6982 2.611788445227404 2.433895050285953 0
6983 -2.427434398583323 2.889518686751551 0
6984 -0.3743984038353839 2.175870135292994 0
6985 0.6309319595699105 0.9907896700716043 0
6986 0.3604525680285395 1.551084128340486 0
6987 0.7840045157185057 1.433160588992566 0
6988 2.785650358692174 3.37992039834685 0
6989 -2.291771039800288 3.056753814227279 0
6990 0.2877704671459837 0.2367658273818398 0
6991 -1.695747995029192 0.7073185229644281 0
6992 1.139832080448561 1.018903194823402 0
6993 1.754737731019504 0.8274688454671415 0
6994 -2.101890984799045 0.6246959976310278 0
6995 2.088180599904019 2.352582519785146 0
6996 -0.5607530594742429 1.346202892594641 0
6997 1.581730798957023 2.786555351697113 0
6998 -2.12599036527372 2.88486415495352 0
6999 -0.470653651390316 2.675637731208451 0
7000 0.3983412767735824 1.288445723073828 0
7001 -0.5258506154835733 2.745873685535914 0
7002 1.260772752801705 0.2671567999807123 0
7003 0.9714205796974233 2.371455605353828 0
7004 0.7929412097743113 2.774203572061081 0
7005 -0.7932118284174301 2.766926886289885 0
7006 -0.7142545988623504 1.344388060850451 0
7007 0.9829128799277613 2.671589558432538 0
7008 2.579422350072684 2.715844090924835 0
7009 1.336110943074473 2.613458140915386 0
7010 1.348478517012009 3.402438310409773 0
7011 0.6254424302260829 1.760037370347139 0
7012 2.282046996578372 1.103341165210549 0
7013 2.080543913538838 2.417472537932693 0
7014 -1.139532602760126 2.487489341127418 0
7015 1.541613518962895 0.7810247635591681 0
7016 0.7982170262182642 2.927332243583964 0
7017 -0.4129026008435855 2.883951780032415 0
7018 -2.202581980388612 0.8377180362586214 0
7019 -0.5794127779229139 1.31232832488526 0
7020 -1.490999835986 0.5163808024855361 0
7021 0.6226323799690118 1.891018401811248 0
7022 1.797302757167539 0.9892159824992088 0
7023 0.3920335201842722 2.095716313476596 0
7024 -0.8158925559316097 3.398625376818787 0
7025 -1.202145629561141 2.510930608598188 0
7026 1.299081298632797 2.814727877321461 0
7027 -1.616047589860243 0.8718278571230784 0
7028 0.05925144934324234 0.9748050666385244 0
7029 -1.223132825369803 0.669439620027896 0
7030 -0.04705720270923842 2.119128212658123 0
7031 -2.220929637312961 2.462643691305821 0
7032 1.373701691512435 0.9736797146558523 0
7033 0.996376301922861 3.390341028807676 0
7034 -1.553669820389165 3.105255720407233 0
7035 -2.03983380375473 0.8078164976103273 0
7036 -1.128004171329181 2.987447951199381 0
7037 2.264262578607454 3.058141489022 0
7038 -2.111702678216381 0.8843079219565555 0
7039 1.959332582009882 3.088771482773453 0
7040 -1.503136238814688 3.45401648488413 0
7041 -1.90981089122443 2.93648774115849 0
7042 -0.4470182715572499 1.860058066792468 0
7043 -0.5987092154270841 2.773945884140578 0
7044 -0.7338125116275236 1.382307147619177 0
7045 -0.1723571444096652 1.227414551111305 0
7046 -0.6375148787642173 0.7940402461342597 0
7047 -0.8092474994464445 0.1129394470557905 0
7048 0.7562404575244688 2.536599938678728 0
7049 1.736341567826025 0.7924186582239594 0
7050 1.959407332675262 1.073126710619173 0
7051 -2.217964428822157 2.862483250071838 0
7052 -2.777760516370301 3.128963214353808 0
7053 1.841907082961921 0.6289535111488713 0
7054 2.767896059447651 3.153920581077323 0
7055 0.8919108864671068 3.073398997368298 0
7056 2.321086438125546 2.581689359972513 0
7057 2.603810680392278 2.549541463992647 0
7058 0.2077902424203953 2.99864865406964 0
7059 -0.6361298340091095 1.277776537969827 0
7060 -1.588526225967945 0.7341822871136636 0
7061 0.7296446197853754 0.7466389703872913 0
7062 -1.398754306356266 3.069029641242591 0
7063 0.5817694268157895 3.233047728079023 0
7064 -2.160480669866031 2.82987780445842 0
7065 -2.308258180882882 2.145071296578968 0
7066 1.410270888262002 0.2692975638022812 0
7067 -0.367721716740761 1.351816476980848 0
7068 1.091003126975693 3.068170161143257 0
7069 -0.7959996643502207 0.8702519691713075 0
7070 2.011802818335727 0.2068528208104621 0
7071 -2.40680810504319 2.296401662436531 0
7072 -1.856750537421094 2.599206756220596 0
7073 0.192928880272258 2.760934809205037 0
7074 -1.787790075081 1.022796114605619 0
7075 2.148910187904534 2.251104976982619 0
7076 2.664004497394123 2.629399598590021 0
7077 2.122387508917721 0.7049818195690083 0
7078 0.5207652229308687 2.464719126984456 0
7079 0.03137555739846248 0.5770933839148293 0
7080 1.690779723794641 3.423486955969435 0
7081 1.713728765828493 0.229850148819351 0
7082 2.303917729104206 1.589100854213854 0
7083 0.5353392663352401 2.656378706528683 0
7084 -0.7447452960753131 0.209148927428509 0
7085 0.1889341770872954 2.852195213295909 0
7086 2.144537101076112 0.7806955290991471 0
7087 -1.368437934399737 2.824782734884858 0
7088 -0.06100681138883672 1.817338507926571 0
7089 0.515477471671849 2.779126029624254 0
7090 -0.4348414832341257 1.071617825480667 0
7091 0.2124567317788969 2.901408133734048 0
7092 0.7963689192246749 0.8666582212253333 0
7093 -2.013206748480155 3.213135409183619 0
7094 -1.579748588236741 0.5209854513271837 0
7095 -1.287861499274426 0.2176148249043832 0
7096 1.20161379647338 2.579195580666476 0
7097 0.4575689285336538 1.257807286269246 0
7098 -0.5285521651748935 1.923866763188289 0
7099 -1.476262391950141 0.09594953439879106 0
7100 0.4430291473351733 2.735090738034833 0
7101 -0.468323862724915 1.892705751494311 0
7102 -1.171361316521699 0.9684845999390762 0
7103 0.9098697718084727 2.955113016995204 0
7104 -0.7338211936940567 2.210213954036296 0
7105 -0.3299850668783491 1.493056789885122 0
7106 1.696882392091455 0.7891299802837732 0
7107 -1.894303049573668 0.6575720339811506 0
7108 -0.2629185783825367 2.346751208711003 0
7109 -0.3045482347452495 3.384524702506984 0
7110 -0.9432104009621312 2.94924399641099 0
7111 -1.572455608703708 2.785746763483721 0
7112 -0.7547805507771006 2.907159396543467 0
7113 1.20440548234363 3.353964132977224 0
7114 -0.03269788126983996 0.3611815993221779 0
7115 -1.110229618395186 0.4177888140414354 0
7116 1.441810081036922 0.2248206740071508 0
7117 1.506162931875606 0.5124290376768963 0
7118 -1.711607835345744 0.250843347712735 0
7119 1.292921428976185 3.403295112732518 0
7120 -1.250260469523068 3.292212611429714 0
7121 -1.347876302568868 3.408661040319816 0
7122 -0.4028521864781648 0.2787356013720319 0
7123 2.529701381130546 3.442466966691345 0
7124 -0.2841245336481502 0.8310463893616733 0
7125 0.4203390066367088 0.1130596501967269 0
7126 -1.983555249524818 3.271111034912992 0
7127 2.009836139630243 3.084575908493583 0
7128 -0.6558141465923615 2.328134530729549 0
7129 -0.001433467374390896 0.3043888637572669 0
7130 -0.5736299302823951 0.8296106620629253 0
7131 0.8605640776649011 0.596573676293809 0
7132 2.599168207971841 2.888018355590949 0
7133 0.6582261011172947 2.856062506639166 0
7134 1.076157175269232 0.5281245019438783 0
7135 -0.01738691224061184 0.8316558541576606 0
7136 -0.1581228412901076 0.8752159240537136 0
7137 2.819301169948737 3.315934218527928 0
7138 1.337355522121356 2.814196991117128 0
7139 2.105346374074316 2.252052612272294 0
7140 -1.019970730878179 3.275406873354394 0
7141 -2.626620068488327 3.279338013349602 0
7142 0.1615413323907186 1.872663296736161 0
7143 -1.773920603376966 3.265387812780207 0
7144 -0.6556710285561 1.242749576183181 0
7145 -0.8586394758173184 0.5305566945609894 0
7146 -0.4070334987548191 2.530812705485991 0
7147 0.7254560021107627 1.400303879244927 0
7148 1.105194876534113 1.077591844230289 0
7149 -0.7814549517915733 3.256982155523506 0
7150 2.335232452947185 1.293741805180254 0
7151 -1.636918211339661 0.9064556536336246 0
7152 -0.146894808623637 3.334789517725868 0
7153 0.7265758228714023 0.5939066636326706 0
7154 -0.5059648423560084 0.7121627785139355 0
7155 -0.2594697728656793 0.7862071048220591 0
7156 2.062937827587807 2.590886719789434 0
7157 -0.02696713164514793 0.9227418888351904 0
7158 -0.4587610766306415 0.7085999649605785 0
7159 -0.2447228747137349 1.823456750129832 0
7160 -0.6159140051152913 0.8300377392561102 0
7161 -1.884919428826854 0.4357215091712248 0
7162 2.379340258176892 1.440101370466848 0
7163 1.224312830356526 0.4995174675848313 0
7164 1.679363061168964 0.755803561308829 0
7165 1.686397491025807 0.9885782890101933 0
7166 0.5555835034260582 2.608199384921402 0
7167 -1.872865897271082 3.294398455575593 0
7168 1.902834445832863 1.036800255889309 0
7169 1.846507255906125 3.228535553596113 0
7170 -2.661968873926114 2.813731231166352 0
7171 -0.976930779855063 3.05862878413496 0
7172 1.644919477883646 0.2760200072384351 0
7173 -1.826349473279757 3.255862632070323 0
7174 -1.815047960331305 2.742204122114664 0
7175 1.548949242177009 0.2257873773862815 0
7176 -1.667995636793888 2.637548701697222 0
7177 -1.485233910294176 2.632509585624597 0
7178 -0.7033349760092966 1.580260534046356 0
7179 -1.39078822960367 0.2248317894574925 0
7180 -2.12509939271238 0.9192959506482448 0
7181 0.8683372310070433 1.182240052617439 0
7182 0.1303850377254966 1.418797893988107 0
7183 1.548443780758476 0.5129476500684986 0
7184 1.241961810558757 0.4623363240620424 0
7185 2.676966146586589 3.444326608149181 0
7186 -1.744211998452585 0.5753505092154518 0
7187 0.02772716593793367 0.2471293541621957 0
7188 2.624204983390168 2.321872331971327 0
7189 -1.916944908903269 3.225449232510308 0
7190 2.356862172804776 3.19172139954021 0
7191 1.507695354176083 0.2721937671490151 0
7192 -2.338277496633473 2.553928089649728 0
7193 -1.700315032587416 0.5696577173057584 0
7194 -0.3978325785147339 2.207530922114163 0
7195 1.014930379058768 3.292814960375462 0
7196 2.214418853746892 0.9849622335908612 0
7197 0.4493369239750201 2.127199403375021 0
7198 -2.571302713291142 2.283438177033918 0
7199 -0.3402283715489149 2.001129371152598 0
7200 2.105747321634145 2.901917575689055 0
7201 -0.6876829890143188 0.2083374892354413 0
7202 -0.5506409345519382 1.955569439827385 0
7203 1.600074258071669 0.2826610901848325 0
7204 -2.127262891501002 2.275703908519652 0
7205 1.910951430303806 2.452740109805743 0
7206 -1.513460374696627 3.210716660799423 0
7207 1.526498762801304 0.09390175206710571 0
7208 0.312981922238354 1.959565761894182 0
7209 -1.751821325557049 0.8347060434711149 0
7210 0.6120343859544705 3.281497654739444 0
7211 -1.352306774287993 3.071630027583018 0
7212 2.625578965954408 2.710048237788671 0
7213 0.8375332629398817 0.5572522800658044 0
7214 0.7799592484157107 0.8301715464978514 0
7215 -1.346325670969797 3.00705484636661 0
7216 1.442955262446907 2.835289338701785 0
7217 -0.1204739529738221 1.313478652620433 0
7218 -0.657844759098409 1.886628709390654 0
7219 2.058791745699004 0.4897644996100525 0
7220 -1.841512399270544 2.916426642424881 0
7221 0.355448446039405 0.1152544982081314 0
7222 0.001694865851354803 0.971103951428834 0
7223 1.867607869008982 2.719724457206397 0
7224 1.55735660521928 0.8772820672616253 0
7225 -1.2609108457505 0.6707472654268882 0
7226 -0.9550301966796799 0.6546188913683468 0
7227 -0.2744940383351217 0.0966576574760396 0
7228 -1.377217884908909 0.870186285165143 0
7229 -1.200437376780413 3.297432014114063 0
7230 0.09502720050768128 2.473412620956242 0
7231 -1.640869680164873 0.2922282343939113 0
7232 0.2235242793786412 0.3507165879826379 0
7233 0.1656262209599461 2.804726984243549 0
7234 2.337626882183457 3.44722877001099 0
7235 0.5916420244777503 0.2511912696884926 0
7236 -1.203075520778138 0.6339674363936236 0
7237 0.4136629394740621 0.6277181328399979 0
7238 0.1117681057899186 1.68348705365942 0
7239 0.8749851575733107 2.273105114363727 0
7240 -1.434621660185768 2.84582108542869 0
7241 -0.3172125477465387 0.3211345954404683 0
7242 2.058146520970128 1.111383163624005 0
7243 0.4432425513039226 1.080776498945229 0
7244 0.4660840546088095 1.047366065232149 0
7245 -0.03447759479817716 0.5764477088200786 0
7246 2.243577012237461 3.397823859339581 0
7247 1.95605345179125 0.0518799385674904 0
7248 -2.160902070326558 2.168667701520186 0
7249 0.3563195270944962 1.757733699756344 0
7250 2.595180332185955 2.35753520485445 0
7251 -1.93253417430506 1.060489116534467 0
7252 2.302728225215083 3.395761984289394 0
7253 -0.1969000271441916 2.117358957747402 0
7254 -0.5987042648996594 1.005857682740226 0
7255 -1.551955498065354 0.2307826571972051 0
7256 -0.6159897523461572 2.331628119497844 0
7257 -2.595242602446903 2.345332158933132 0
7258 1.232649695311374 0.2228609483799722 0
7259 -0.362533289102322 0.6160998867513341 0
7260 2.577831767393603 2.934227798300337 0
7261 2.424921165697134 3.391943348726468 0
7262 -0.6786443910294184 0.5142208640690404 0
7263 -1.45647568969356 0.2766893198324274 0
7264 -0.4981315734851515 2.710406274004852 0
7265 0.2902060442921649 0.3425476064715736 0
7266 -0.2344902109994453 0.6344395755690555 0
7267 1.867041673537822 0.5950266290945732 0
7268 1.472262115477353 0.09300171346843555 0
7269 -0.843743436569601 2.613211857643294 0
7270 2.184554618883353 3.400706526859302 0
7271 -1.59574127383823 0.2953402417745576 0
7272 -1.671142928407622 0.5293017102998867 0
7273 2.56985043910817 3.332455615336194 0
7274 -0.3187367214131743 1.668141585370259 0
7275 2.396227301402525 2.822056779580909 0
7276 -0.3793134611111421 1.252365912760666 0
7277 0.2551820380464795 0.7153761456071779 0
7278 0.2093427538099485 0.7410315650108923 0
7279 -0.7763133120750658 0.8357352581047295 0
7280 1.60657126638161 0.5515908731180539 0
7281 -0.3924224161725688 1.074188484771168 0
7282 0.9785513417347175 3.071226559161935 0
7283 0.8299085593921508 3.261771724815347 0
7284 0.1036022425479103 1.461578852595795 0
7285 2.235631670408163 2.353433915298168 0
7286 -2.059087751199172 0.4879064262338204 0
7287 1.033881572619157 0.5271638882373488 0
7288 -1.499620707527003 0.2874650479438887 0
7289 1.047196942049087 2.708287711975982 0
7290 0.5361124605008321 0.8738820843477706 0
7291 -1.624955928759722 0.5714141934703023 0
7292 1.581235061676303 0.09412245655400331 0
7293 -0.06598853824804757 0.6341551257263127 0
7294 1.417924238608014 0.9016288350343482 0
7295 -2.278096522005023 2.440843561809611 0
7296 1.676983329897709 0.5185658453947757 0
7297 1.395947797698462 3.01486767151638 0
7298 -1.821499803002871 2.960791951373386 0
7299 1.64942914828201 0.5519368488496172 0
7300 -0.9687617815623688 3.280996465136395 0
7301 0.4187987119065342 1.257403186860853 0
7302 -0.5272109518225201 0.8306137476717002 0
7303 -2.607318863235002 3.337596926539772 0
7304 2.494819743896108 1.984369083794109 0
7305 0.9390901997291021 3.406378369635386 0
7306 -0.9888464370579644 1.067888580413341 0
7307 -0.6930494880246095 3.398654424751995 0
7308 -2.246274262103591 1.096267309951703 0
7309 0.4127383124448359 2.127851046073404 0
7310 -2.602014548857241 2.499647873159845 0
7311 0.3804523725377465 2.903360598691059 0
7312 -0.6145755392130202 1.819583624179399 0
7313 -0.1978455616180566 2.397979488232361 0
7314 -2.301436612642777 3.395052813452851 0
7315 0.9325839382227767 0.8447308533099371 0
7316 -1.555112057921268 0.9026495252737459 0
7317 -1.593757697432724 2.812102747317261 0
7318 -1.963569788674847 0.04839479251161016 0
7319 -1.452136999366488 0.5159120558802015 0
7320 -0.9447402432285213 0.1843163609237681 0
7321 -0.5891330917027158 1.95425375431066 0
7322 -1.041745752187133 0.4731379424290125 0
7323 -0.06631541271213437 1.322151315797064 0
7324 1.211535017942053 3.270622725320186 0
7325 -0.3343999896405794 3.217712740517222 0
7326 -0.4058792019763074 2.943817363058899 0
7327 2.784287452498967 2.903181458869631 0
7328 -0.1297485562227754 0.8296907688493329 0
7329 2.227798801849453 2.116290465205993 0
7330 1.910789658495097 0.1004000690962674 0
7331 0.7446266028241022 1.366434357665381 0
7332 -0.7288786781759476 3.260098182461444 0
7333 -1.235225108867984 0.213735532338478 0
7334 0.7641361872411903 0.7864417098642598 0
7335 0.6135334625657383 0.9549696186981307 0
7336 -2.270990582300161 2.152542442165033 0
7337 1.640564538202871 0.7539091137558493 0
7338 -2.393310888819968 1.565483324131351 0
7339 2.17169491219676 2.931619398157514 0
7340 -2.278009911441878 3.105163427084104 0
7341 -1.867570810128981 0.3947585850655591 0
7342 -0.3894302974410169 2.571814364776487 0
7343 -1.634564095323959 0.7788113462784259 0
7344 -2.159714306765634 1.223681244655421 0
7345 0.6799584676663553 0.594138823939494 0
7346 -0.31756535724478 0.6168595474812719 0
7347 -0.03735184835363918 0.6841209550270655 0
7348 -1.504782155042483 3.124548930282287 0
7349 1.906727955547019 0.4063365425602061 0
7350 1.637831013884479 0.09325646669399412 0
7351 0.4789066304199233 2.463167345530084 0
7352 -1.33223162811121 0.5049438952096124 0
7353 1.298941918686756 0.9632474042649668 0
7354 2.322571901746613 1.967153031928019 0
7355 -1.432561258189402 0.9020410746953946 0
7356 -1.197392782443373 3.008491991927452 0
7357 0.230288795703786 0.8063229012783668 0
7358 1.789510022602761 2.518688433065943 0
7359 2.330586129712938 2.764503283491813 0
7360 -1.261881540179131 0.8674057995897222 0
7361 0.8600293928337531 0.5184615625927278 0
7362 -1.562887521813068 0.7678253299798614 0
7363 1.848179596080518 0.03862511134492763 0
7364 2.375465175145783 2.95720575507641 0
7365 -1.442280649682877 0.04474352445551633 0
7366 0.3857839473275915 0.5833461825231254 0
7367 -0.7957564162211908 0.7998681393725544 0
7368 1.851450870425381 2.485408254682475 0
7369 0.5647504067274369 2.330907832017916 0
7370 -0.6465283016909683 3.305442460813103 0
7371 1.66992304708686 0.047364851258203 0
7372 2.398729579677013 2.911141294247707 0
7373 -1.279686808526618 0.7054564836070536 0
7374 -0.03826484198202149 2.027671478932875 0
7375 -1.451074635120791 2.806711173660186 0
7376 2.012903298214585 0.3425176162292554 0
7377 -1.879202608134906 0.6215934880813074 0
7378 -2.462159079791343 2.924491858693502 0
7379 1.306156713108358 2.582303573501499 0
7380 -2.039109777984687 3.396735764673028 0
7381 1.600843400573006 0.7515795762987509 0
7382 -0.2445493439642908 1.499709381731611 0
7383 0.68704090047832 0.7474273525017434 0
7384 2.412092181619748 1.556513162542954 0
7385 1.358069623846699 2.845516411653641 0
7386 0.4417333549119163 3.094348707217118 0
7387 1.465174494486693 0.5126542659733118 0
7388 -0.2022182182817372 1.824894107735135 0
7389 -0.6131226255105752 1.986661121012181 0
7390 1.642994226126308 2.817695825183163 0
7391 0.9908020323143769 1.111236029867279 0
7392 -0.2549208578142172 3.449061427930459 0
7393 0.2757140071565956 1.962725716020681 0
7394 2.459540723717515 1.702901766727773 0
7395 -0.7395099089020746 2.950537536305124 0
7396 1.394769739825475 0.9375020145663786 0
7397 0.8662713225420441 2.959777385689461 0
7398 -0.9281547306381089 2.990603289524959 0
7399 1.145565395736314 2.482288317388745 0
7400 -0.3527306977068635 0.2821686918859843 0
7401 0.4993422298586694 3.393496968319574 0
7402 1.417532249891423 0.09249375554936501 0
7403 -0.7881320505213003 0.3939481022304512 0
7404 -1.895067449805585 2.420802063008308 0
7405 -1.765841036540301 2.92876390216593 0
7406 -1.674204907394303 0.7335415849110611 0
7407 1.157530928054262 0.2643280665254546 0
7408 0.5861104141545705 3.336840021522915 0
7409 2.227624042475901 3.017286651572651 0
7410 1.359481387071448 3.011755479298455 0
7411 -1.890401090864892 2.764559842686522 0
7412 0.3418810137822357 1.516139128040339 0
7413 0.334192759129288 1.792358519044018 0
7414 0.5255607622720456 2.328154183929184 0
7415 -1.44205501519429 3.398956741831738 0
7416 2.02540846037936 2.456267785788784 0
7417 -1.091965010680194 2.737298439690627 0
7418 2.12610959451372 3.402409574014173 0
7419 1.794310306450093 0.1058559276330275 0
7420 0.5643697364154501 2.954033579328883 0
7421 -0.01124025696790469 0.7340372475509422 0
7422 1.744617663802605 0.09829532648029682 0
7423 1.263476587059454 3.358109818364714 0
7424 -0.7560550418147074 2.076969944334265 0
7425 2.133519676365266 1.180518233778414 0
7426 -0.1492216105551704 2.405804147358938 0
7427 1.441891740032613 3.301047631363414 0
7428 -0.29239730727679 2.38411310170789 0
7429 -0.8383056962273896 0.4879407951679742 0
7430 -0.7033457395999625 0.7576594372434644 0
7431 -1.73521366455291 2.985722414192519 0
7432 2.894171275580304 3.331926988641442 0
7433 -0.2844876215620891 1.896438070907112 0
7434 2.669530970094842 2.70381765971368 0
7435 2.51777135131331 1.928267428460644 0
7436 1.560996604133305 0.7495126648980526 0
7437 0.7632599459101389 1.333195112833873 0
7438 0.05506093851197695 1.152879260180469 0
7439 -1.910876147024575 2.558257480526636 0
7440 -1.299647480237107 0.7402014186922841 0
7441 -1.467372822480863 2.766558040804072 0
7442 -1.457014655932156 0.8672315639543842 0
7443 2.80462146587408 3.19453152180157 0
7444 -1.710764682602577 0.7791756008346251 0
7445 0.5055162240206497 2.294053018261997 0
7446 0.5423532815085725 2.431065612224958 0
7447 2.495572705657828 2.319653050593794 0
7448 1.533492639140411 0.9073333579981702 0
7449 -2.902078947611551 3.339423522385857 0
7450 -1.373255018111642 0.5098861839014419 0
7451 1.995209381743425 0.2947637434222106 0
7452 0.8039720062584381 0.4271336618536834 0
7453 -0.9245034337578815 1.169860018260244 0
7454 2.603227487300808 3.38146604917524 0
7455 -2.283673772242998 1.342346257140358 0
7456 -0.7549146679003355 3.399753896446708 0
7457 -1.961093244341588 1.117933458280121 0
7458 2.485122238683578 2.35329104040689 0
7459 2.717908646543308 3.383215449091351 0
7460 1.259519353008133 0.4261602083164751 0
7461 0.3328125656458334 0.581798113063662 0
7462 0.6359812898006566 2.897066608503391 0
7463 -1.882070505485395 2.523697083833434 0
7464 -0.04293784184212467 0.7832747396998605 0
7465 0.4760342066393833 1.489601931416327 0
7466 2.198176336763311 0.8007957618181818 0
7467 -1.798011635717383 2.577739224370661 0
7468 1.194386185460802 0.9230080852359159 0
7469 -0.2875550575226782 1.495848276614484 0
7470 0.806609790900727 3.313271206528415 0
7471 0.5926771231228455 2.999303860139249 0
7472 1.121900485170938 0.2179178212542441 0
7473 1.935456418329107 0.3680845733174145 0
7474 2.197131822201118 2.25255352132312 0
7475 1.427427866001829 2.777220212805284 0
7476 -0.1737929067556362 1.545235979901989 0
7477 2.347892536610439 2.510964387842022 0
7478 0.4371367029944312 2.462968565287398 0
7479 -0.6506654500611957 1.983286589337298 0
7480 0.1508060468206323 1.835861774893674 0
7481 0.5325432181111854 1.460581895697644 0
7482 2.402483397025478 2.464748683658749 0
7483 -0.04121479840340634 1.465852252155694 0
7484 0.3085938937130537 1.150553666424117 0
7485 2.306969071212654 1.835030749990307 0
7486 -0.06592987222561175 1.592854872815102 0
7487 -1.05493554655855 3.407439282809655 0
7488 -2.259265962453602 1.132937656504301 0
7489 -0.338161925291372 1.933809627008568 0
7490 -0.06322363228464206 1.51054843521404 0
7491 1.041332522874282 2.769141085849134 0
7492 -0.88498684837536 2.705955907080063 0
7493 -0.07630564830610385 0.8308038224850045 0
7494 -0.9520596287253833 0.09730912327256513 0
7495 -0.5012580828896581 2.304847650025204 0
7496 1.332191467941393 2.548130570480139 0
7497 -1.894753235496948 0.9600174545910886 0
7498 0.1829738549271852 0.7000944542518774 0
7499 -0.780126052908086 0.7590094458869534 0
7500 0.9101797178820685 0.8111759196967137 0
7501 -2.493643643758224 1.954218971356442 0
7502 -2.494359741361048 1.986653912731788 0
7503 -0.5599711911902858 1.005715262393906 0
7504 0.7023448981515976 2.03920048857469 0
7505 1.667110254468618 0.9510405738793819 0
7506 0.5589194238726951 3.391239388035784 0
7507 0.5529754206124594 1.492988445502089 0
7508 -0.5787947874657998 2.116524763340885 0
7509 -2.281247197545742 2.406327633969149 0
7510 -1.194423348908389 2.751185533087599 0
7511 -0.041934494515426 1.552129912074745 0
7512 2.755426177962849 2.997636207020308 0
7513 -0.1082959203848688 1.428288612741676 0
7514 -1.712958072073558 2.597003850112567 0
7515 -1.175358650155234 3.344469204917507 0
7516 -0.6593087948852486 0.2540359763261719 0
7517 0.3454921826412255 0.7678736392688554 0
7518 1.718199550096334 2.531036110900635 0
7519 -1.155771571587692 0.2497343794890814 0
7520 2.259285963328176 1.160153852961867 0
7521 2.641942677688208 2.539203313545825 0
7522 0.1837534038248224 3.450301802362294 0
7523 0.3762319619999732 2.129475893091642 0
7524 2.463989097579916 3.444843590386054 0
7525 2.343625174775814 1.592016815983626 0
7526 -2.312942252148058 3.142700735875652 0
7527 -1.044620189067508 1.036060726431542 0
7528 0.6212062126205333 3.041529207934301 0
7529 2.607992490997161 2.23296354134823 0
7530 1.360814316025914 0.090281821704145 0
7531 0.7521932302490136 0.4277071568037998 0
7532 2.36489051452054 2.470071914283022 0
7533 1.769598755836303 2.556154549950492 0
7534 1.454154121488592 0.9041392259808565 0
7535 -1.495805456895488 0.8676512860331826 0
7536 -0.8154169183366919 0.4421146330413261 0
7537 1.935265272292213 0.6752730905338704 0
7538 0.4905257359965597 2.261381086941932 0
7539 -0.3443326364894984 2.57861769314526 0
7540 2.431031433863446 2.394734842621266 0
7541 -2.075312600415493 0.5309097239884786 0
7542 -0.3189209370888095 0.1991056263138775 0
7543 -0.9261308391497927 3.395919180704214 0
7544 2.506723701499504 1.885398537385283 0
7545 0.6401515033801899 0.5988263290708058 0
7546 1.503172595542042 0.7789456069242704 0
7547 0.7513450327033283 0.2553570943234837 0
7548 0.8857066714372511 3.340732777904215 0
7549 -1.931613436376629 0.5545148621677232 0
7550 -2.037903630465303 2.401832678521052 0
7551 2.720846090175234 2.837399195290017 0
7552 0.8347973698436945 0.4745583443707349 0
7553 0.5900204105954118 2.898604201633759 0
7554 0.4109883245030855 3.146299527793927 0
7555 0.7795836219424219 2.567891617294537 0
7556 -1.32013909498122 0.7725755983973177 0
7557 -1.918517214987364 3.055643039602538 0
7558 -0.7271098187926328 0.446351926265049 0
7559 0.4703640934857802 2.163047410145651 0
7560 0.4526250892878808 2.194325932115625 0
7561 0.5898668457420257 1.494136997626184 0
7562 -1.357226611438762 0.9034713635282108 0
7563 -2.322222043075979 1.505212750489545 0
7564 0.2927666198204297 1.187189309371339 0
7565 -1.605135568740497 2.974351282074883 0
7566 0.08349010798579247 1.821016464103293 0
7567 0.8523776946903776 2.238421384158111 0
7568 2.068878134091467 3.403445831813548 0
7569 -1.716875479276065 3.320617783330719 0
7570 0.9958904114210051 0.4376586226945625 0
7571 -2.498864357715853 2.96127640215116 0
7572 -0.284101611629118 0.7436116973439193 0
7573 0.6084675610303261 1.528537337215588 0
7574 2.216511107564958 2.320978182848301 0
7575 -2.181164458631978 2.131887770726729 0
7576 2.294019064054636 1.558626024446227 0
7577 -0.1789600251084933 1.787992645414834 0
7578 0.4483612969433096 1.008827092150945 0
7579 -0.1956329294977686 1.609483496200494 0
7580 1.064316516441421 0.2732907645932339 0
7581 0.3023996867405103 1.513887443378827 0
7582 -1.290832250767287 0.5014001439956055 0
7583 1.043320963042649 3.343342906002149 0
7584 0.2255330873429967 1.194412467406556 0
7585 -1.930160615807305 2.755940608078511 0
7586 0.6272097845447426 1.562832473054703 0
7587 2.142435398627327 2.575279936547435 0
7588 2.30782630536114 1.66434512249368 0
7589 -0.9457182240723377 3.33116642793365 0
7590 -0.4483985582801276 2.713655294527723 0
7591 -0.678222113723855 1.546931507567202 0
7592 -1.505318734059609 2.759340638236493 0
7593 0.9492453208161369 0.2151226775300401 0
7594 2.366893193155621 1.501626806827241 0
7595 -0.03864264645547746 0.2475018926601091 0
7596 -1.502883113069388 2.597247030173052 0
7597 2.472387727500259 2.386495531563342 0
7598 0.4566281537427475 1.455742580192348 0
7599 0.8359667285909617 0.2143843245208905 0
7600 1.007401257197457 0.2152500041750085 0
7601 2.417332662768117 2.429507170987987 0
7602 -0.3822270708345739 2.247522411615316 0
7603 0.6453017459079124 1.596882685960991 0
7604 -1.373785880575971 0.1004186701840832 0
7605 1.329023083152634 0.04584086569920864 0
7606 0.7805531820132089 0.2137471379891784 0
7607 1.485564523946724 0.7469662771256129 0
7608 -0.5925739381810801 2.303372387225487 0
7609 -0.5353275614709745 3.129815008246552 0
7610 -0.1880036364026755 3.447904467921221 0
7611 -0.04509389198355872 3.005628932316303 0
7612 0.4721008173149805 2.226999913259709 0
7613 2.311953257924724 1.322589977891304 0
7614 1.615439556182547 0.9115181961496268 0
7615 0.8311713437761772 2.205191736582246 0
7616 0.3035786224111081 0.5334800091731413 0
7617 -0.5824300087145682 2.816542109454383 0
7618 -1.124092965728324 0.2024284336884286 0
7619 2.22829975932058 1.020041889157904 0
7620 -2.162158649782079 0.9308210305468276 0
7621 1.013736523016694 0.4844573347461296 0
7622 0.594797478504967 0.9190996939800429 0
7623 -1.687041381577819 2.94810253195402 0
7624 -1.679758462300747 3.284895297977362 0
7625 -0.07751590265830378 0.1860456442424396 0
7626 0.8772185201029119 0.8148270583778952 0
7627 0.4387288398643712 1.421722030892167 0
7628 -0.3458893910024022 1.7721021768212 0
7629 -2.183738538330219 2.566665451316057 0
7630 0.4377048177726487 3.393322405659521 0
7631 2.488772161876982 1.814892647124745 0
7632 -0.3885977347246443 1.31858888254408 0
7633 0.1112452322089379 3.451457199241669 0
7634 1.975850428654861 0.6307650534182729 0
7635 -2.866393534711433 3.203781490082365 0
7636 0.464821081661474 2.775590612851634 0
7637 -2.59411443213123 2.707779353321896 0
7638 -1.274070813739236 2.603505090574085 0
7639 0.8132798743923287 2.562805032226417 0
7640 -0.514834925519236 2.249875879367045 0
7641 -0.3949048002461898 2.712736114193121 0
7642 0.8452013171554489 1.211713575820397 0
7643 2.556385251351323 2.179033560344864 0
7644 -0.5654289760820821 2.860102960024082 0
7645 2.36807721617745 2.539698392664279 0
7646 2.295853531778596 1.931349939349906 0
7647 1.026718250197676 2.411759565926105 0
7648 0.8031981873229073 1.332302857317164 0
7649 1.295668062978339 2.984782834234536 0
7650 0.4151771117159468 2.495512541979853 0
7651 1.468614562477986 3.346659795139283 0
7652 -2.704803317278889 2.588751692229793 0
7653 -2.419954819591046 1.693370966667961 0
7654 -2.440373818402098 1.764951615970043 0
7655 0.8916570626792196 0.2150249445642427 0
7656 0.2923651814676992 1.795050049704402 0
7657 2.027117352307456 0.3913851239642396 0
7658 -0.6899752125059802 1.673664274186227 0
7659 -1.958112578202865 2.416078504257654 0
7660 1.685994807578453 2.813774141387256 0
7661 1.40002407900803 2.842100362102371 0
7662 -2.559235698639352 2.181659717377795 0
7663 -0.5174361588472489 2.957548890366647 0
7664 2.092545797678666 0.5820122088503099 0
7665 -2.241585690524412 3.398604599721706 0
7666 -2.554724484603445 2.038319421848588 0
7667 -0.5116351921464998 2.18948781813604 0
7668 1.062632897054282 2.801313146121497 0
7669 -0.870839144440605 2.744421218050839 0
7670 -2.341639371865995 1.651721487933237 0
7671 -0.1301794009008427 2.44866790952254 0
7672 -1.247575112716147 0.4988536295908914 0
7673 2.409185324395023 1.653342627527129 0
7674 -1.895914606968725 0.3563500538638873 0
7675 2.329816718804697 2.96178793689122 0
7676 -1.006719755700039 3.408112079638717 0
7677 2.836864485725926 3.079956078467838 0
7678 0.06049778131623339 1.772737169881367 0
7679 0.6990157184599897 0.4830315906408693 0
7680 -2.119711360314087 0.5448457697559503 0
7681 -2.039831324106909 1.141180802548353 0
7682 -0.7234650890872637 2.986185319330939 0
7683 0.4913486272013828 0.7459992381349709 0
7684 -0.2987632430007952 2.586378997412512 0
7685 -1.361946094142576 3.362800288934508 0
7686 0.4199199048790317 1.386841218512233 0
7687 2.010569229527539 3.405649207475732 0
7688 1.464091124623359 0.7107131025153757 0
7689 -2.536412521077253 2.111238039100169 0
7690 -1.619189736213158 2.83854831500583 0
7691 -2.09488301652328 2.355039904935865 0
7692 -1.020180716481003 2.405557256679462 0
7693 1.890085250459731 2.752385219960587 0
7694 -1.099297724405014 1.002442815613686 0
7695 -1.743000111550778 0.9751061172208318 0
7696 0.3347319614184015 2.125722224598853 0
7697 0.7134765041997182 1.531650655788837 0
7698 -1.930410132977166 0.09444413931183049 0
7699 -2.257761611823201 2.351956759313857 0
7700 2.526347234186122 2.073610104886593 0
7701 2.160568921288899 3.202868660382546 0
7702 -1.41311211774245 0.5140065510982907 0
7703 1.4450514371623 0.676895199240755 0
7704 2.368822916501015 2.758220874028126 0
7705 2.158275777943111 2.993073723337964 0
7706 -0.5575842058272692 2.306695253090709 0
7707 -1.784718530198321 2.714765226757106 0
7708 -1.373444951391991 0.7411370642699038 0
7709 -0.126845643756277 2.713308680069858 0
7710 -0.6693918244270771 3.257288728937116 0
7711 1.652250672489792 0.917022925212724 0
7712 -1.878566719112959 0.0923709604668066 0
7713 0.8392812761825916 3.351503829211189 0
7714 2.356782575316089 2.072136314952915 0
7715 -1.904789508538421 0.5878337281154704 0
7716 1.598564614662735 0.879360130939191 0
7717 2.00088365517334 0.5283937575844999 0
7718 -1.704023555283559 2.812592535657228 0
7719 1.250615752857785 0.09208694320951083 0
7720 -0.6396695461438655 3.211259272980355 0
7721 -2.141714360955497 1.251143848524035 0
7722 0.8651837592294287 1.298404224266931 0
7723 1.431079881799607 0.5145887756624998 0
7724 -0.5425221388238325 2.906329270496483 0
7725 1.256110372013337 2.989148394517991 0
7726 -1.927376755833584 1.028051071194702 0
7727 0.375826703628841 2.547090578474081 0
7728 0.8472622942896736 2.607373951655839 0
7729 -1.059303219845322 0.2535418256292474 0
7730 -1.753601996718469 3.355776036503514 0
7731 0.6103086282165484 0.5361606836085029 0
7732 0.8471097364720066 3.001687345254465 0
7733 -2.311217777582462 1.768045722243434 0
7734 -2.835251109460661 3.079507442793839 0
7735 0.7846464759893259 3.04680274453253 0
7736 -1.541524528138078 2.952525714624135 0
7737 1.492022971417848 0.9054685598407299 0
7738 -1.84159051544382 0.9532495971393439 0
7739 0.6402277527801598 0.7917313296218242 0
7740 -1.98715964778948 3.406774325035643 0
7741 2.100009326147209 2.580285686483143 0
7742 -1.184079390929682 3.050887298685061 0
7743 0.5547875132033917 0.9143924033586983 0
7744 1.482764557666575 2.767346969654719 0
7745 -0.350916461936054 1.839718653457367 0
7746 -2.656367499455917 2.402405202450598 0
7747 0.5410070540850346 0.7970108946342078 0
7748 1.689892685425004 2.626009945350621 0
7749 0.9274062895979291 2.634710694181185 0
7750 -1.70159000577528 3.412774847239948 0
7751 1.248164285581674 0.9243544626984213 0
7752 -0.5296713254805757 0.6787829066021973 0
7753 1.68159782196664 3.028550571073944 0
7754 -1.325640216371101 0.03616640510495417 0
7755 -1.209505987016395 0.9584949972805887 0
7756 2.387757736946363 1.588235432873977 0
7757 -2.141631486442465 3.377958694776557 0
7758 -2.512637500307632 1.886214493767925 0
7759 1.304049951244636 0.4250254201613761 0
7760 0.7366125177000467 3.050003585445785 0
7761 0.6934829285100585 3.051336320367062 0
7762 -2.594281708493272 3.034660246578738 0
7763 -0.5391490600640894 0.969870161470251 0
7764 -1.382238997226598 2.623842067696689 0
7765 0.8384539094342314 0.7707482450323262 0
7766 1.151690491035317 0.9835204781675337 0
7767 0.7879360155350932 3.359149859014263 0
7768 0.3198387549878401 2.093214450264223 0
7769 -2.35028839934871 3.182970113989755 0
7770 2.629849847350577 2.473964340189716 0
7771 1.239791917390451 2.586047032294515 0
7772 -0.1762090174233737 2.656030629797704 0
7773 1.002303100132844 2.704143573513869 0
7774 -2.272430551903114 1.168854061878087 0
7775 -1.017687288479134 0.2416033882158009 0
7776 -1.9696345608499 2.747108409983982 0
7777 2.233341010230194 2.293657373242733 0
7778 -2.093807842236746 1.145624171162114 0
7779 1.217173769639688 2.993978769683029 0
7780 -1.987563346102207 0.2864189392893433 0
7781 2.613017285491344 2.974533048976852 0
7782 0.03552995157400843 2.463955432783208 0
7783 -0.310322212070221 2.669827340047937 0
7784 -1.630516309644742 3.291878419470033 0
7785 1.446523038839402 3.386063133645317 0
7786 0.2814933438882032 1.477080431065636 0
7787 -0.6053437751546473 0.2516873939123225 0
7788 1.981605531506256 0.3770392187825737 0
7789 -2.320388990159105 1.351458790566769 0
7790 0.6589562036188604 0.474583091014841 0
7791 -0.3412473931511348 1.873558723285879 0
7792 -0.5931286271338712 3.459880808743625 0
7793 0.2764347788646744 0.4843246286772207 0
7794 0.3817719780996303 3.196126527237505 0
7795 0.2097643886700406 2.197217623612856 0
7796 -0.1549542385635192 1.749862522453138 0
7797 0.8252982420984558 1.301269142531478 0
7798 0.6605088748632153 1.627621880122199 0
7799 -2.053242622174568 0.3121454635297201 0
7800 1.202746462732887 0.09835280322111006 0
7801 2.140082721145272 2.667500581759845 0
7802 0.6797948193305701 2.67054431086464 0
7803 1.789996134462429 0.9574051100286654 0
7804 1.950082159164492 2.81972052761184 0
7805 0.6222008536843908 1.826597436481709 0
7806 1.869300233899612 1.03101676454815 0
7807 -2.587842254203998 3.388139653119002 0
7808 1.951964316716233 3.407065041921734 0
7809 1.945518611378855 2.460983297539965 0
7810 -1.296798762055586 2.765211755548028 0
7811 -0.2248351203454646 1.536469058463558 0
7812 -2.215493110429692 2.130759191037654 0
7813 1.078038463386911 2.445121870761158 0
7814 -1.211214161087732 0.502415386808917 0
7815 2.132911012273603 1.246891150396005 0
7816 -2.492513246938453 1.812840998277847 0
7817 -0.2409876739943369 1.969782640796299 0
7818 -0.857318531033487 2.780619083005937 0
7819 -0.05524281531710942 2.961190390122226 0
7820 2.213460112554544 0.8371925181511293 0
7821 1.407121273278469 0.6718609805853828 0
7822 -2.452391886568323 2.252412736957083 0
7823 -0.3212518312460972 1.900563962722229 0
7824 -2.649360143177256 3.021114437574061 0
7825 -2.725439769678687 2.880523664111993 0
7826 0.2703956049790096 1.828232103985546 0
7827 -0.2582115656569521 0.6930812652133731 0
7828 -2.532789821370889 2.993343396463556 0
7829 1.726662607627921 2.806598783153186 0
7830 -2.442284590064346 2.29149522398702 0
7831 -1.765082768942074 2.58608423676892 0
7832 -1.397886094184914 3.405208140398146 0
7833 -1.655039194511679 2.831005057900923 0
7834 0.8099041747767309 2.169521363694558 0
7835 0.222321989127744 1.834929501775286 0
7836 -0.5518344141166156 2.181433808355234 0
7837 1.148346215981022 0.03608730451632547 0
7838 2.310625694470936 1.998623719920163 0
7839 -1.431984512542286 0.4876417989014159 0
7840 0.9438284003042154 2.342938132455428 0
7841 1.383161460769606 0.6369033845120735 0
7842 0.3739595111682505 3.394253707710645 0
7843 1.176113955950569 2.995095254361857 0
7844 -0.4925947818892275 2.227185360145514 0
7845 0.06313601245515939 3.385152844269844 0
7846 -0.7745242272631552 2.110310013833367 0
7847 -0.6717923435822626 3.351925474905386 0
7848 2.297400015920198 1.872695273527807 0
7849 0.2604152702923661 2.08289025852627 0
7850 1.979219668493249 1.1011002896889 0
7851 -0.7064003184321099 1.93418211822554 0
7852 -2.068426560737394 0.6406193476898312 0
7853 1.538932285909178 2.745729877078119 0
7854 -1.130564625134974 3.342110803325628 0
7855 -1.59254382871112 3.254730426014491 0
7856 1.056636924936781 2.97817239346678 0
7857 0.08552192294255234 1.725538420051449 0
7858 2.553232574791695 2.312450946764697 0
7859 -1.925213438696404 0.3183848888201166 0
7860 2.915115463894845 3.387686572095886 0
7861 -0.08454520694510145 1.628507438057464 0
7862 -2.136810438692084 2.691279637060201 0
7863 -1.118312406482984 2.465989107375589 0
7864 -0.4682785934206343 2.958167995316342 0
7865 -0.07863789300215476 2.453593837225468 0
7866 -2.394964194256564 2.332566478437294 0
7867 0.6931397232656855 0.2543807031654528 0
7868 2.071895638569321 2.321668288263084 0
7869 -2.459434292003761 2.210236035060713 0
7870 -1.675293329972495 2.764639974218367 0
7871 -2.707278016490469 3.003011161051865 0
7872 -1.412011959478526 0.7425089877817141 0
7873 0.712212547788149 2.071772820364524 0
7874 -0.261947654453463 1.932184160971567 0
7875 2.657372750019356 2.964877366137933 0
7876 2.310338332923295 2.999007774596798 0
7877 -2.158640611205041 2.278583085550665 0
7878 0.9497201991535205 1.108034743437429 0
7879 -2.655017526455937 2.640960230395414 0
7880 -2.215642041368603 3.357393114576088 0
7881 -2.307457105298107 2.324538049042743 0
7882 -0.6558547914064533 1.517143279628563 0
7883 -1.835370460643171 0.09128660712459746 0
7884 2.613895293259084 2.392407924611787 0
7885 0.6744087176035825 1.917820477880663 0
7886 -2.439835686769368 1.625358986995339 0
7887 -2.467234905384194 2.173178192792195 0
7888 0.7690397594209551 2.096673409346815 0
7889 -0.6794435110614691 3.046058410768121 0
7890 1.200063258573163 0.4649044690450381 0
7891 2.081072847763793 1.141864541298695 0
7892 -2.421686208242721 2.368895885295187 0
7893 0.4031278649882418 1.351716349224835 0
7894 -0.220673602790926 2.009013794290544 0
7895 -0.6108281084531935 3.166631134868603 0
7896 -1.437883361677538 2.595197846688483 0
7897 1.629827111800036 2.660480798292545 0
7898 0.1531076738497489 1.688547331456656 0
7899 1.902291383096796 3.402953740405124 0
7900 0.2492689924410188 3.381882859489005 0
7901 0.2084872506153496 1.876747180859215 0
7902 -1.898753718559737 0.1362834143330929 0
7903 -1.320468877297493 2.79002745983986 0
7904 0.7895877877801459 2.133431577693153 0
7905 2.07216360101977 2.991154500422371 0
7906 2.000992819827792 0.46047311071518 0
7907 1.71967535652901 2.586209628695284 0
7908 1.910712524778443 2.782657541950364 0
7909 2.072731165147518 0.5220242898336993 0
7910 -0.6244873065765914 1.712127387227048 0
7911 1.153889192660505 2.963667107974554 0
7912 2.311802668017054 1.175852495910314 0
7913 -1.845926753935837 2.732039112660122 0
7914 1.665269007110434 3.061288599843148 0
7915 1.092908257656435 0.09825778848945643 0
7916 0.4626649783151845 0.7886254531236259 0
7917 -0.6824583501471555 1.981794236377369 0
7918 0.6378515479264039 2.670487767364357 0
7919 0.1758756789879371 1.651404820589593 0
7920 -2.873583343056034 3.39021039339663 0
7921 0.4557210509911008 2.254481749300447 0
7922 -2.009314456865278 2.737615461129995 0
7923 -2.392548152354351 2.492787370060705 0
7924 2.400484824592463 1.504851886409395 0
7925 1.759074602115688 3.225715096686614 0
7926 2.152322109176944 1.277864128596597 0
7927 -2.621954260315612 2.79643321510182 0
7928 -1.672679660770896 2.605890717460523 0
7929 -1.019027967775493 0.6503089403872062 0
7930 0.3270857665063788 3.199806214746122 0
7931 -0.1184586349179507 3.379632693766956 0
7932 -1.522085772262272 3.04684304854548 0
7933 0.8583153517162287 1.246548458845535 0
7934 -2.539094247535731 3.460639351164653 0
7935 2.160322839231013 2.546264907635524 0
7936 -2.344988254618778 2.660294357898898 0
7937 2.154156629692138 0.6323906018499503 0
7938 -1.309237725602695 0.8664675839669358 0
7939 0.1417215939629599 2.841431038167839 0
7940 -1.934303694760502 3.413959836551687 0
7941 -2.443279208498452 2.147187877153911 0
7942 -1.536621408212902 3.183341762082253 0
7943 0.6567652587107512 1.75714797974969 0
7944 -1.077325810202936 0.3584086229812948 0
7945 2.073434348442517 2.378998182265931 0
7946 1.318925964528879 0.9930994542592023 0
7947 0.2502589951676913 0.4364946334406639 0
7948 0.2600036074053015 2.005159779175462 0
7949 -0.02196010379703972 2.457713875577586 0
7950 0.6580319016598297 1.700984674007864 0
7951 1.04404057296364 0.09147932308892859 0
7952 1.851285911204732 3.466394413325993 0
7953 -1.527421761759641 2.99089715603143 0
7954 2.311305249900778 1.721505711142769 0
7955 -1.268656369606596 0.0908645996969013 0
7956 0.6651753416385322 0.2098541266439544 0
7957 -1.555204989522752 3.267443694459907 0
7958 1.073656414703239 0.384212193106096 0
7959 0.8778523341976747 2.603773345981662 0
7960 2.242012977006836 1.052995093241562 0
7961 -1.916855147566352 0.1855293605746464 0
7962 -1.293377252772308 3.415592869491019 0
7963 0.2606812759796789 1.438631315448371 0
7964 2.713182265034495 3.019676559568034 0
7965 -0.9160881409039073 3.025803278600119 0
7966 -2.148983013921051 0.9907087425558286 0
7967 -2.071918350264625 0.3565453829414564 0
7968 -2.63596015443889 2.48634093122571 0
7969 0.5580281101281215 0.8401853963562265 0
7970 -1.458384109325766 0.4353006068310785 0
7971 -2.151170560459054 2.653462183108322 0
7972 -1.138067443657137 0.5267359861565284 0
7973 -1.935508166496044 0.2341686671274705 0
7974 -0.1342880468747985 1.714907288714627 0
7975 -0.654430033562541 0.4820718317744908 0
7976 0.1689815610705982 0.6613666527714044 0
7977 -0.2031704131065079 2.048562382002876 0
7978 -2.371019002742635 2.423849078978279 0
7979 -2.164162608955235 2.614946065438327 0
7980 1.109188813046746 1.048111385623885 0
7981 0.9877836930098682 0.08997437208328085 0
7982 -0.1143826006981998 1.685684062833154 0
7983 1.309368769739831 0.7042717463374848 0
7984 -0.3539774793206126 0.1625958115753978 0
7985 0.9308408533318616 0.08901950589038243 0
7986 -0.349640267169208 1.077472034400489 0
7987 1.104342031964097 2.801907349466672 0
7988 2.085642128617772 2.661404574596959 0
7989 1.591681739347774 2.618241947449298 0
7990 1.346538467280574 0.425369861285424 0
7991 0.6079264275456291 0.7822139729711703 0
7992 0.5984537870898783 2.670510085616617 0
7993 -1.340719099844259 0.9342574078765622 0
7994 -2.451682862458518 2.110926886704407 0
7995 -1.643887011383324 3.417292675768442 0
7996 2.332212696109145 2.025779750402894 0
7997 -2.022128748296393 0.4782762835754959 0
7998 1.163823793118655 0.468242492899583 0
7999 -1.969493461047197 0.556544452993684 0
8000 -1.724220747998768 2.740001112118563 0
8001 0.8123376824063135 0.08883226030612956 0
8002 2.69533255953619 2.734204693402825 0
8003 2.681441482583632 2.666966367817301 0
8004 1.112168481054754 2.96539098248571 0
8005 0.2392381293084697 1.963291346355327 0
8006 0.3868277802847581 1.320097596248454 0
8007 -1.259383683978532 0.9416972989057362 0
8008 0.8699104497463732 0.09108715355187558 0
8009 1.063585116174468 0.4181003848441271 0
8010 -0.5216046595495958 0.9364291041804886 0
8011 -1.448207180780387 0.7434830688330696 0
8012 -2.26017906526106 2.088211277643667 0
8013 -1.220430073504152 2.546698401587479 0
8014 -0.936347308624114 1.222025632882126 0
8015 0.7093566589590362 1.604275144148403 0
8016 1.695147832047111 3.230130957602206 0
8017 1.662703552113316 2.620977127054148 0
8018 2.342710021411415 1.767162470456374 0
8019 -1.102020571312131 3.411031769999255 0
8020 0.08593186590621291 2.903131631693244 0
8021 -0.39427364679302 2.314066491945723 0
8022 2.352538739109301 2.571025270838277 0
8023 1.368254438538088 2.551637675295888 0
8024 -0.5381393006626551 3.395166206387978 0
8025 -0.9892776072381672 1.128711579677048 0
8026 -2.385827562141282 3.235887995293736 0
8027 0.09503121525476615 0.6446576794105436 0
8028 0.3068932778241653 3.392738310646217 0
8029 -1.533015813883694 2.596476949835965 0
8030 -2.925518559212654 3.407021987345102 0
8031 1.274047276139455 0.705954227956578 0
8032 1.687404575704715 2.537876886495709 0
8033 0.7531286019799366 0.0865788961622922 0
8034 0.6978069775520157 1.963837351435872 0
8035 2.316681921884065 2.083183569890455 0
8036 2.246060382308482 2.530074487570695 0
8037 0.2993365036346488 3.249780708641901 0
8038 1.988867072934792 2.819329767626996 0
8039 -0.5842414658234916 0.2066735059943376 0
8040 -0.2607319448900247 0.04502984734984739 0
8041 0.2191493543410353 1.921027580206957 0
8042 0.1568869121140616 1.609585379555045 0
8043 -2.124758566157372 0.6636722627285672 0
8044 -2.810956779828672 3.181129028501073 0
8045 -0.6673036397893038 1.856854163224041 0
8046 2.566453098872092 2.339040449947165 0
8047 -2.757614819321676 2.990001763705375 0
8048 -2.249415391181466 2.127806633337068 0
8049 -0.6257367008335127 1.788176475019279 0
8050 1.044901448503709 1.079155307384736 0
8051 1.326295978866267 3.022816265440778 0
8052 -2.285540018365923 1.202373104248594 0
8053 2.506432996992104 2.121804759061258 0
8054 0.4181388344004077 0.7862775844909491 0
8055 -0.5569943611780044 3.168115368445904 0
8056 0.03690623055929433 3.003593788827434 0
8057 1.154251250536024 2.515293958301338 0
8058 -1.116575774828122 0.6738205985388193 0
8059 -0.6864615723828507 0.4370061663006133 0
8060 -0.6340579079884737 2.110887077029779 0
8061 -2.594725395262494 2.304707401957147 0
8062 0.8296245370181207 3.044815824752637 0
8063 2.548001908119473 1.999514367033045 0
8064 -2.320503776514603 2.291284305897577 0
8065 -2.049329424004259 2.728118018475095 0
8066 -2.460366345475911 2.07278232574672 0
8067 0.03377914782884268 3.324941930469582 0
8068 1.038029395890389 3.021216308657061 0
8069 2.324445534092531 1.350808863508795 0
8070 -0.820513997875695 2.787373530763825 0
8071 1.712672856182354 0.5250709988149218 0
8072 0.4341939783337373 0.9720192877536009 0
8073 -0.6448980429545211 3.393108281558475 0
8074 -0.6682969275828934 2.439856042312615 0
8075 -0.1514607934347988 3.116418017589126 0
8076 0.9335541504216054 1.133717187710927 0
8077 -0.9934936199028759 2.381733423660891 0
8078 -2.329770468531265 1.380855702079429 0
8079 1.661746831406086 3.00226240596464 0
8080 2.051905079699323 3.027957253333091 0
8081 -1.17006832038628 3.093016754463528 0
8082 -0.1616094802743354 0.05139724134802348 0
8083 -2.213368545451635 2.565105870869197 0
8084 -0.2827469852071211 2.63078139539995 0
8085 -1.082680121175926 0.4769870452278084 0
8086 0.6338418373058197 1.859227631057174 0
8087 1.655126128217293 2.937429192251534 0
8088 1.791943556167864 3.406389122416964 0
8089 -0.3739811927206854 1.287020820266929 0
8090 0.6039942255999079 0.2060051627734845 0
8091 -1.950847277458773 0.2794981901822591 0
8092 -1.102342182636729 0.5288434712219494 0
8093 -2.174836340691582 2.228331252124915 0
8094 0.6375549374531173 0.5071948959824615 0
8095 -2.362012242340314 1.581223525094287 0
8096 -1.710717921841802 0.9667557504372772 0
8097 -2.364802430864454 2.576999190371908 0
8098 -0.002839521153462762 3.272527687082455 0
8099 -2.307281484033439 1.803693111700445 0
8100 2.127945635811984 2.926837404798515 0
8101 -0.6583174117220825 0.6430276726651669 0
8102 -2.469676382673207 2.037856871622833 0
8103 -1.771155372242194 0.8558068445207541 0
8104 1.238721944790597 0.6619970228218648 0
8105 -1.021486305951161 1.062028814942878 0
8106 2.767880980186146 3.275103602459245 0
8107 1.489053954875719 2.740535832587113 0
8108 0.8566074372885051 3.085807996712637 0
8109 -0.6782556128166377 0.6051700662059158 0
8110 2.279066313436314 2.089939486285923 0
8111 0.4284051961807326 2.297486235185639 0
8112 1.557011592814532 2.623418122099471 0
8113 -1.239158381961429 3.418965416953008 0
8114 -0.7916321674366482 2.141382863256211 0
8115 0.003731317746722374 3.151291708374719 0
8116 -1.335583370570307 3.039487598592216 0
8117 2.439216413718034 1.75586505620724 0
8118 1.006941419015544 2.383358766980741 0
8119 -1.16884409153502 2.487760417256664 0
8120 -0.1231567846801011 3.056522398498465 0
8121 -1.737803408405695 0.7711299832557739 0
8122 1.738335307528838 0.9573465819785716 0
8123 -0.09019352201757316 1.390973599824166 0
8124 1.676641254878485 3.468347082476968 0
8125 -0.5802761499314278 2.18171267133704 0
8126 -0.6910700248561683 1.448490128953548 0
8127 -2.290112145537762 1.497877789765349 0
8128 2.099319581226494 0.612288848813987 0
8129 -0.3783254278457971 2.679662030150109 0
8130 2.196159119133593 2.543519857475463 0
8131 -2.340772125754791 2.518149917893583 0
8132 0.1884231568592833 2.225361996242845 0
8133 -0.1317148887502221 0.1184076875775211 0
8134 -0.07041727762787245 3.395991823264417 0
8135 0.2454261504579351 1.404809409982809 0
8136 0.7722379326077374 3.403413109601729 0
8137 0.04652733937550057 2.66619064738079 0
8138 2.048735335169354 2.428576013867054 0
8139 1.167173312920921 3.267112017857009 0
8140 -0.30893624891275 1.079956566346155 0
8141 -0.4951502309304358 3.406662427782407 0
8142 2.003904169176716 0.6406995462682543 0
8143 -1.497923056235515 0.7539877806855741 0
8144 0.2814960408780438 2.026841946384902 0
8145 -0.09046461476930205 3.007011569450769 0
8146 1.871127106223202 2.461259276870146 0
8147 0.1040170729296834 1.20839965836161 0
8148 -0.6306256260427913 3.055828657584001 0
8149 -1.068270943518729 0.6802365325071695 0
8150 -2.354978830869294 2.618958533964508 0
8151 1.602285133831704 3.459049931898604 0
8152 1.73537490216597 2.559677236513817 0
8153 0.3995203911850963 2.730616986763822 0
8154 -0.1844300146864774 2.086568317617041 0
8155 0.1788959190768679 2.142896473700132 0
8156 -2.360236494914894 2.448267076548361 0
8157 -1.614433233078831 2.645691120610147 0
8158 -1.311870775984115 2.601476407428347 0
8159 0.5684420848206133 0.7795173324147973 0
8160 1.141633270383661 2.799634632652278 0
8161 -0.4582187052843059 3.138560715454173 0
8162 -0.7353909860866514 1.650075768579901 0
8163 0.8973984771183687 2.63068770149542 0
8164 -0.6714786299243296 1.479968837354566 0
8165 -1.877380971700251 2.470040857467183 0
8166 2.469014209643792 1.841446094638026 0
8167 -1.172855052862993 3.417136579215686 0
8168 0.7964232614089952 0.7689961180495943 0
8169 -1.923074614126111 2.430061844044054 0
8170 -0.03325304200228858 2.671812994754905 0
8171 1.741791648700471 3.412769836429802 0
8172 0.03034225849598008 2.584486576636937 0
8173 0.2168416270444384 1.227168021241767 0
8174 -2.409290399737897 3.340124568041876 0
8175 -1.031498501416419 0.6779498157892281 0
8176 2.743778475843631 2.88497571489812 0
8177 1.202145210790612 0.6638250267419865 0
8178 -0.2440263271037398 2.636868055273115 0
8179 -2.419887361209682 1.552482242623027 0
8180 -0.09194274111663817 1.710918170575064 0
8181 0.6948063224942397 0.08937566611104386 0
8182 -0.8971773453034082 0.0930117109408255 0
8183 1.057796263868717 3.063160834083256 0
8184 -2.225018365771589 2.52979471792086 0
8185 -1.589320429663303 3.421164178485277 0
8186 -1.648595788265948 3.045762841080044 0
8187 -1.660965773625974 2.995773494375828 0
8188 -0.6205870216123635 2.458099134022275 0
8189 1.758598961562532 2.960793448498354 0
8190 0.6178607452865358 0.4647591382787883 0
8191 -2.577038337396004 2.252831789499135 0
8192 -1.809232099390019 3.410815326965007 0
8193 -0.4030688279448234 2.387971616407174 0
8194 2.067727021802074 2.629230583725732 0
8195 2.02031286716381 0.4913764552965763 0
8196 -1.525933364904802 3.424228815339452 0
8197 -0.3248970276147434 0.1163953302006455 0
8198 -2.086623882314104 2.71968092987765 0
8199 0.1382205058046067 1.570791313488339 0
8200 0.0005169498898410068 3.395910784808809 0
8201 -0.09211699513467055 2.666185064035953 0
8202 -1.996595707112384 0.5250513677851263 0
8203 -1.881906483788186 3.42063351327756 0
8204 -0.3191258977870209 1.252556200499424 0
8205 2.057433039409253 2.291081818984571 0
8206 2.107365097335288 2.75695173451704 0
8207 0.7667916901663562 1.514027930957203 0
8208 0.1041255171121115 2.575847442912647 0
8209 -1.181838715460295 0.49194799169897 0
8210 1.34594932931908 0.6718009524654232 0
$EndNodes
$Elements
16422
1 1 2 2 1 1 7
2 1 2 2 1 7 8
3 1 2 2 1 8 9
4 1 2 2 1 9 10
5 1 2 2 1 10 11
6 1 2 2 1 11 12
7 1 2 2 1 12 13
8 1 2 2 1 13 14
9 1 2 2 1 14 15
10 1 2 2 1 15 16
11 1 2 2 1 16 17
12 1 2 2 1 17 18
13 1 2 2 1 18 19
14 1 2 2 1 19 20
15 1 2 2 1 20 21
16 1 2 2 1 21 22
17 1 2 2 1 22 23
18 1 2 2 1 23 24
19 1 2 2 1 24 25
20 1 2 2 1 25 26
21 1 2 2 1 26 27
22 1 2 2 1 27 28
23 1 2 2 1 28 29
24 1 2 2 1 29 30
25 1 2 2 1 30 31
26 1 2 2 1 31 32
27 1 2 2 1 32 33
28 1 2 2 1 33 34
29 1 2 2 1 34 35
30 1 2 2 1 35 36
31 1 2 2 1 36 37
32 1 2 2 1 37 38
33 1 2 2 1 38 39
34 1 2 2 1 39 40
35 1 2 2 1 40 41
36 1 2 2 1 41 42
37 1 2 2 1 42 43
38 1 2 2 1 43 44
39 1 2 2 1 44 45
40 1 2 2 1 45 46
41 1 2 2 1 46 47
42 1 2 2 1 47 48
43 1 2 2 1 48 49
44 1 2 2 1 49 50
45 1 2 2 1 50 51
46 1 2 2 1 51 52
47 1 2 2 1 52 53
48 1 2 2 1 53 54
49 1 2 2 1 54 55
50 1 2 2 1 55 56
51 1 2 2 1 56 57
52 1 2 2 1 57 58
53 1 2 2 1 58 59
54 1 2 2 1 59 60
55 1 2 2 1 60 61
56 1 2 2 1 61 62
57 1 2 2 1 62 63
58 1 2 2 1 63 64
59 1 2 2 1 64 65
60 1 2 2 1 65 66
61 1 2 2 1 66 67
62 1 2 2 1 67 68
63 1 2 2 1 68 69
64 1 2 2 1 69 2
65 1 2 3 2 3 70
66 1 2 3 2 70 71
67 1 2 3 2 71 72
68 1 2 3 2 72 73
69 1 2 3 2 73 74
70 1 2 3 2 74 75
71 1 2 3 2 75 76
72 1 2 3 2 76 77
73 1 2 3 2 77 78
74 1 2 3 2 78 79
75 1 2 3 2 79 80
76 1 2 3 2 80 81
77 1 2 3 2 81 82
78 1 2 3 2 82 83
79 1 2 3 2 83 84
80 1 2 3 2 84 85
81 1 2 3 2 85 86
82 1 2 3 2 86 87
83 1 2 3 2 87 88
84 1 2 3 2 88 89
85 1 2 3 2 89 90
86 1 2 3 2 90 91
87 1 2 3 2 91 92
88 1 2 3 2 92 93
89 1 2 3 2 93 94
90 1 2 3 2 94 95
91 1 2 3 2 95 96
92 1 2 3 2 96 97
93 1 2 3 2 97 98
94 1 2 3 2 98 99
95 1 2 3 2 99 100
96 1 2 3 2 100 101
97 1 2 3 2 101 102
98 1 2 3 2 102 103
99 1 2 3 2 103 104
100 1 2 3 2 104 105
101 1 2 3 2 105 106
102 1 2 3 2 106 107
103 1 2 3 2 107 108
104 1 2 3 2 108 109
105 1 2 3 2 109 110
106 1 2 3 2 110 111
107 1 2 3 2 111 112
108 1 2 3 2 112 113
109 1 2 3 2 113 114
110 1 2 3 2 114 115
111 1 2 3 2 115 116
112 1 2 3 2 116 117
113 1 2 3 2 117 118
114 1 2 3 2 118 119
115 1 2 3 2 119 120
116 1 2 3 2 120 121
117 1 2 3 2 121 122
118 1 2 3 2 122 123
119 1 2 3 2 123 124
120 1 2 3 2 124 125
121 1 2 3 2 125 126
122 1 2 3 2 126 127
123 1 2 3 2 127 128
124 1 2 3 2 128 129
125 1 2 3 2 129 130
126 1 2 3 2 130 131
127 1 2 3 2 131 132
128 1 2 3 2 132 133
129 1 2 3 2 133 134
130 1 2 3 2 134 135
131 1 2 3 2 135 136
132 1 2 3 2 136 137
133 1 2 3 2 137 138
134 1 2 3 2 138 139
135 1 2 3 2 139 140
136 1 2 3 2 140 141
137 1 2 3 2 141 142
138 1 2 3 2 142 143
139 1 2 3 2 143 144
140 1 2 3 2 144 145
141 1 2 3 2 145 146
142 1 2 3 2 146 1
143 1 2 3 3 2 147
144 1 2 3 3 147 148
145 1 2 3 3 148 149
146 1 2 3 3 149 150
147 1 2 3 3 150 151
148 1 2 3 3 151 152
149 1 2 3 3 152 153
150 1 2 3 3 153 154
151 1 2 3 3 154 155
152 1 2 3 3 155 156
153 1 2 3 3 156 157
154 1 2 3 3 157 158
155 1 2 3 3 158 159
156 1 2 3 3 159 160
157 1 2 3 3 160 161
158 1 2 3 3 161 162
159 1 2 3 3 162 163
160 1 2 3 3 163 164
161 1 2 3 3 164 165
162 1 2 3 3 165 166
163 1 2 3 3 166 167
164 1 2 3 3 167 168
165 1 2 3 3 168 169
166 1 2 3 3 169 170
167 1 2 3 3 170 171
168 1 2 3 3 171 172
169 1 2 3 3 172 173
170 1 2 3 3 173 174
171 1 2 3 3 174 175
172 1 2 3 3 175 176
173 1 2 3 3 176 177
174 1 2 3 3 177 178
175 1 2 3 3 178 179
176 1 2 3 3 179 180
177 1 2 3 3 180 181
178 1 2 3 3 181 182
179 1 2 3 3 182 183
180 1 2 3 3 183 184
181 1 2 3 3 184 185
182 1 2 3 3 185 186
183 1 2 3 3 186 187
184 1 2 3 3 187 188
185 1 2 3 3 188 189
186 1 2 3 3 189 190
187 1 2 3 3 190 191
188 1 2 3 3 191 192
189 1 2 3 3 192 193
190 1 2 3 3 193 194
191 1 2 3 3 194 195
192 1 2 3 3 195 196
193 1 2 3 3 196 197
194 1 2 3 3 197 198
195 1 2 3 3 198 199
196 1 2 3 3 199 200
197 1 2 3 3 200 201
198 1 2 3 3 201 202
199 1 2 3 3 202 203
200 1 2 3 3 203 204
201 1 2 3 3 204 205
202 1 2 3 3 205 206
203 1 2 3 3 206 207
204 1 2 3 3 207 208
205 1 2 3 3 208 209
206 1 2 3 3 209 210
207 1 2 3 3 210 211
208 1 2 3 3 211 212
209 1 2 3 3 212 213
210 1 2 3 3 213 214
211 1 2 3 3 214 215
212 1 2 3 3 215 216
213 1 2 3 3 216 217
214 1 2 3 3 217 218
215 1 2 3 3 218 219
216 1 2 3 3 219 220
217 1 2 3 3 220 221
218 1 2 3 3 221 222
219 1 2 3 3 222 223
220 1 2 3 3 223 4
221 1 2 1 4 4 224
222 1 2 1 4 224 225
223 1 2 1 4 225 226
224 1 2 1 4 226 227
225 1 2 1 4 227 228
226 1 2 1 4 228 229
227 1 2 1 4 229 230
228 1 2 1 4 230 231
229 1 2 1 4 231 232
230 1 2 1 4 232 233
231 1 2 1 4 233 234
232 1 2 1 4 234 235
233 1 2 1 4 235 236
234 1 2 1 4 236 237
235 1 2 1 4 237 238
236 1 2 1 4 238 239
237 1 2 1 4 239 240
238 1 2 1 4 240 241
239 1 2 1 4 241 242
240 1 2 1 4 242 243
241 1 2 1 4 243 244
242 1 2 1 4 244 245
243 1 2 1 4 245 246
244 1 2 1 4 246 247
245 1 2 1 4 247 248
246 1 2 1 4 248 249
247 1 2 1 4 249 250
248 1 2 1 4 250 251
249 1 2 1 4 251 252
250 1 2 1 4 252 253
251 1 2 1 4 253 254
252 1 2 1 4 254 255
253 1 2 1 4 255 256
254 1 2 1 4 256 257
255 1 2 1 4 257 258
256 1 2 1 4 258 259
257 1 2 1 4 259 260
258 1 2 1 4 260 261
259 1 2 1 4 261 262
260 1 2 1 4 262 263
261 1 2 1 4 263 264
262 1 2 1 4 264 265
263 1 2 1 4 265 266
264 1 2 1 4 266 267
265 1 2 1 4 267 268
266 1 2 1 4 268 269
267 1 2 1 4 269 270
268 1 2 1 4 270 271
269 1 2 1 4 271 272
270 1 2 1 4 272 273
271 1 2 1 4 273 274
272 1 2 1 4 274 275
273 1 2 1 4 275 276
274 1 2 1 4 276 277
275 1 2 1 4 277 278
276 1 2 1 4 278 279
277 1 2 1 4 279 280
278 1 2 1 4 280 281
279 1 2 1 4 281 282
280 1 2 1 4 282 283
281 1 2 1 4 283 284
282 1 2 1 4 284 285
283 1 2 1 4 285 286
284 1 2 1 4 286 287
285 1 2 1 4 287 288
286 1 2 1 4 288 289
287 1 2 1 4 289 290
288 1 2 1 4 290 291
289 1 2 1 4 291 292
290 1 2 1 4 292 293
291 1 2 1 4 293 294
292 1 2 1 4 294 295
293 1 2 1 4 295 296
294 1 2 1 4 296 297
295 1 2 1 4 297 298
296 1 2 1 4 298 299
297 1 2 1 4 299 300
298 1 2 1 4 300 301
299 1 2 1 4 301 302
300 1 2 1 4 302 303
301 1 2 1 4 303 304
302 1 2 1 4 304 305
303 1 2 1 4 305 306
304 1 2 1 4 306 307
305 1 2 1 4 307 308
306 1 2 1 4 308 309
307 1 2 1 4 309 310
308 1 2 1 4 310 311
309 1 2 1 4 311 312
310 1 2 1 4 312 313
311 1 2 1 4 313 314
312 1 2 1 4 314 315
313 1 2 1 4 315 316
314 1 2 1 4 316 3
315 1 2 4 5 5 317
316 1 2 4 5 317 318
317 1 2 4 5 318 319
318 1 2 4 5 319 320
319 1 2 4 5 320 321
320 1 2 4 5 321 322
321 1 2 4 5 322 323
322 1 2 4 5 323 324
323 1 2 4 5 324 325
324 1 2 4 5 325 326
325 1 2 4 5 326 327
326 1 2 4 5 327 328
327 1 2 4 5 328 329
328 1 2 4 5 329 330
329 1 2 4 5 330 331
330 1 2 4 5 331 332
331 1 2 4 5 332 333
332 1 2 4 5 333 334
333 1 2 4 5 334 335
334 1 2 4 5 335 336
335 1 2 4 5 336 337
336 1 2 4 5 337 338
337 1 2 4 5 338 339
338 1 2 4 5 339 340
339 1 2 4 5 340 341
340 1 2 4 5 341 342
341 1 2 4 5 342 343
342 1 2 4 5 343 344
343 1 2 4 5 344 345
344 1 2 4 5 345 346
345 1 2 4 5 346 347
346 1 2 4 5 347 348
347 1 2 4 5 348 349
348 1 2 4 5 349 350
349 1 2 4 5 350 351
350 1 2 4 5 351 352
351 1 2 4 5 352 353
352 1 2 4 5 353 354
353 1 2 4 5 354 355
354 1 2 4 5 355 356
355 1 2 4 5 356 357
356 1 2 4 5 357 358
357 1 2 4 5 358 359
358 1 2 4 5 359 360
359 1 2 4 5 360 361
360 1 2 4 5 361 362
361 1 2 4 5 362 363
362 1 2 4 5 363 364
363 1 2 4 5 364 365
364 1 2 4 5 365 366
365 1 2 4 5 366 367
366 1 2 4 5 367 368
367 1 2 4 5 368 369
368 1 2 4 5 369 370
369 1 2 4 5 370 371
370 1 2 4 5 371 372
371 1 2 4 5 372 373
372 1 2 4 5 373 374
373 1 2 4 5 374 375
374 1 2 4 5 375 376
375 1 2 4 5 376 377
376 1 2 4 5 377 378
377 1 2 4 5 378 379
378 1 2 4 5 379 380
379 1 2 4 5 380 381
380 1 2 4 5 381 382
381 1 2 4 5 382 383
382 1 2 4 5 383 384
383 1 2 4 5 384 385
384 1 2 4 5 385 386
385 1 2 4 5 386 387
386 1 2 4 5 387 388
387 1 2 4 5 388 389
388 1 2 4 5 389 390
389 1 2 4 5 390 391
390 1 2 4 5 391 392
391 1 2 4 5 392 393
392 1 2 4 5 393 394
393 1 2 4 5 394 395
394 1 2 4 5 395 396
395 1 2 4 5 396 397
396 1 2 4 5 397 398
397 1 2 4 5 398 399
398 1 2 4 5 399 400
399 1 2 4 5 400 401
400 1 2 4 5 401 402
401 1 2 4 5 402 403
402 1 2 4 5 403 404
403 1 2 4 5 404 405
404 1 2 4 5 405 406
405 1 2 4 5 406 407
406 1 2 4 5 407 408
407 1 2 4 5 408 409
408 1 2 4 5 409 410
409 1 2 4 5 410 411
410 1 2 4 5 411 412
411 1 2 4 5 412 413
412 1 2 4 5 413 414
413 1 2 4 5 414 415
414 1 2 4 5 415 416
415 1 2 4 5 416 417
416 1 2 4 5 417 418
417 1 2 4 5 418 419
418 1 2 4 5 419 420
419 1 2 4 5 420 421
420 1 2 4 5 421 422
421 1 2 4 5 422 423
422 1 2 4 5 423 424
423 1 2 4 5 424 425
424 1 2 4 5 425 426
425 1 2 4 5 426 427
426 1 2 4 5 427 428
427 1 2 4 5 428 429
428 1 2 4 5 429 430
429 1 2 4 5 430 431
430 1 2 4 5 431 432
431 1 2 4 5 432 433
432 1 2 4 5 433 434
433 1 2 4 5 434 435
434 1 2 4 5 435 436
435 1 2 4 5 436 5
436 1 2 4 6 6 437
437 1 2 4 6 437 438
438 1 2 4 6 438 439
439 1 2 4 6 439 440
440 1 2 4 6 440 441
441 1 2 4 6 441 442
442 1 2 4 6 442 443
443 1 2 4 6 443 444
444 1 2 4 6 444 445
445 1 2 4 6 445 446
446 1 2 4 6 446 447
447 1 2 4 6 447 448
448 1 2 4 6 448 449
449 1 2 4 6 449 450
450 1 2 4 6 450 451
451 1 2 4 6 451 452
452 1 2 4 6 452 453
453 1 2 4 6 453 454
454 1 2 4 6 454 455
455 1 2 4 6 455 456
456 1 2 4 6 456 457
457 1 2 4 6 457 458
458 1 2 4 6 458 459
459 1 2 4 6 459 460
460 1 2 4 6 460 461
461 1 2 4 6 461 462
462 1 2 4 6 462 463
463 1 2 4 6 463 464
464 1 2 4 6 464 465
465 1 2 4 6 465 466
466 1 2 4 6 466 467
467 1 2 4 6 467 468
468 1 2 4 6 468 469
469 1 2 4 6 469 470
470 1 2 4 6 470 471
471 1 2 4 6 471 472
472 1 2 4 6 472 473
473 1 2 4 6 473 474
474 1 2 4 6 474 475
475 1 2 4 6 475 476
476 1 2 4 6 476 477
477 1 2 4 6 477 478
478 1 2 4 6 478 479
479 1 2 4 6 479 480
480 1 2 4 6 480 481
481 1 2 4 6 481 482
482 1 2 4 6 482 483
483 1 2 4 6 483 484
484 1 2 4 6 484 485
485 1 2 4 6 485 486
486 1 2 4 6 486 487
487 1 2 4 6 487 488
488 1 2 4 6 488 489
489 1 2 4 6 489 490
490 1 2 4 6 490 491
491 1 2 4 6 491 492
492 1 2 4 6 492 493
493 1 2 4 6 493 494
494 1 2 4 6 494 495
495 1 2 4 6 495 496
496 1 2 4 6 496 497
497 1 2 4 6 497 498
498 1 2 4 6 498 499
499 1 2 4 6 499 500
500 1 2 4 6 500 501
501 1 2 4 6 501 502
502 1 2 4 6 502 503
503 1 2 4 6 503 504
504 1 2 4 6 504 505
505 1 2 4 6 505 506
506 1 2 4 6 506 507
507 1 2 4 6 507 508
508 1 2 4 6 508 509
509 1 2 4 6 509 510
510 1 2 4 6 510 511
511 1 2 4 6 511 512
512 1 2 4 6 512 513
513 1 2 4 6 513 514
514 1 2 4 6 514 515
515 1 2 4 6 515 516
516 1 2 4 6 516 517
517 1 2 4 6 517 518
518 1 2 4 6 518 519
519 1 2 4 6 519 520
520 1 2 4 6 520 521
521 1 2 4 6 521 522
522 1 2 4 6 522 523
523 1 2 4 6 523 524
524 1 2 4 6 524 525
525 1 2 4 6 525 526
526 1 2 4 6 526 527
527 1 2 4 6 527 528
528 1 2 4 6 528 529
529 1 2 4 6 529 530
530 1 2 4 6 530 531
531 1 2 4 6 531 532
532 1 2 4 6 532 533
533 1 2 4 6 533 534
534 1 2 4 6 534 535
535 1 2 4 6 535 536
536 1 2 4 6 536 537
537 1 2 4 6 537 538
538 1 2 4 6 538 539
539 1 2 4 6 539 540
540 1 2 4 6 540 541
541 1 2 4 6 541 542
542 1 2 4 6 542 543
543 1 2 4 6 543 544
544 1 2 4 6 544 545
545 1 2 4 6 545 546
546 1 2 4 6 546 547
547 1 2 4 6 547 548
548 1 2 4 6 548 549
549 1 2 4 6 549 550
550 1 2 4 6 550 551
551 1 2 4 6 551 552
552 1 2 4 6 552 553
553 1 2 4 6 553 554
554 1 2 4 6 554 555
555 1 2 4 6 555 556
556 1 2 4 6 556 6
557 2 2 10 4 4694 6211 1960
558 2 2 10 4 2107 8020 4984
559 2 2 10 4 5006 7168 4297
560 2 2 10 4 622 5880 4684
561 2 2 10 4 4468 7851 5156
562 2 2 10 4 4979 7628 4495
563 2 2 10 4 4580 4798 3239
564 2 2 10 4 6462 6652 3830
565 2 2 10 4 6401 6912 6402
566 2 2 10 4 2250 6790 4521
567 2 2 10 4 4581 6228 779
568 2 2 10 4 5918 7330 7247
569 2 2 10 4 1596 7007 5575
570 2 2 10 4 7009 7379 5081
571 2 2 10 4 3215 6194 5258
572 2 2 10 4 5575 7007 4854
573 2 2 10 4 5009 7316 5888
574 2 2 10 4 4771 5088 716
575 2 2 10 4 2461 6836 5445
576 2 2 10 4 4869 4966 2948
577 2 2 10 4 4435 6676 4434
578 2 2 10 4 3519 5994 824
579 2 2 10 4 5156 5157 4468
580 2 2 10 4 3498 7087 4874
581 2 2 10 4 5349 5351 3019
582 2 2 10 4 5839 7620 6914
583 2 2 10 4 2792 8157 5025
584 2 2 10 4 4677 5899 3792
585 2 2 10 4 824 5994 826
586 2 2 10 4 2107 4984 2110
587 2 2 10 4 5988 8026 3445
588 2 2 10 4 684 6255 4569
589 2 2 10 4 6076 7435 669
590 2 2 10 4 658 6843 4974
591 2 2 10 4 782 7012 6081
592 2 2 10 4 633 5044 4615
593 2 2 10 4 5888 7316 3162
594 2 2 10 4 915 5481 4572
595 2 2 10 4 5315 5316 3367
596 2 2 10 4 4886 6532 4885
597 2 2 10 4 2217 5899 4677
598 2 2 10 4 4521 6560 2250
599 2 2 10 4 786 5257 112
600 2 2 10 4 1362 6647 5350
601 2 2 10 4 5025 5028 2792
602 2 2 10 4 4819 5376 616
603 2 2 10 4 4655 5515 750
604 2 2 10 4 4262 6997 6101
605 2 2 10 4 4709 5949 1137
606 2 2 10 4 4569 6551 684
607 2 2 10 4 5416 7320 2966
608 2 2 10 4 4548 6818 5605
609 2 2 10 4 1703 7628 4979
610 2 2 10 4 805 807 790
611 2 2 10 4 5328 6815 1131
612 2 2 10 4 4872 6102 1142
613 2 2 10 4 4200 6979 4823
614 2 2 10 4 5928 7329 5201
615 2 2 10 4 3898 6589 6065
616 2 2 10 4 3827 6788 5253
617 2 2 10 4 5390 5391 3311
618 2 2 10 4 4572 6043 915
619 2 2 10 4 5327 5535 4915
620 2 2 10 4 2386 6919 6657
621 2 2 10 4 5221 7044 3206
622 2 2 10 4 1899 5723 1929
623 2 2 10 4 641 5247 4781
624 2 2 10 4 5445 6005 2461
625 2 2 10 4 1899 7978 5723
626 2 2 10 4 779 7394 4581
627 2 2 10 4 4885 6532 978
628 2 2 10 4 4515 7701 6657
629 2 2 10 4 4842 5373 3583
630 2 2 10 4 4936 6043 4572
631 2 2 10 4 5341 6845 3986
632 2 2 10 4 4753 7074 639
633 2 2 10 4 7075 7474 3974
634 2 2 10 4 4941 6927 3126
635 2 2 10 4 667 7123 4793
636 2 2 10 4 3492 5863 4622
637 2 2 10 4 3198 6845 5341
638 2 2 10 4 5584 7326 7017
639 2 2 10 4 4574 6650 4096
640 2 2 10 4 2359 6429 2550
641 2 2 10 4 673 7502 5232
642 2 2 10 4 5822 6843 658
643 2 2 10 4 3183 5073 5070
644 2 2 10 4 617 4704 4642
645 2 2 10 4 4211 7033 4210
646 2 2 10 4 5019 5025 5022
647 2 2 10 4 5169 8045 5158
648 2 2 10 4 5457 6857 5446
649 2 2 10 4 229 7123 667
650 2 2 10 4 5025 8157 5027
651 2 2 10 4 1295 7517 6676
652 2 2 10 4 3239 5233 4580
653 2 2 10 4 4096 6650 5280
654 2 2 10 4 1131 6654 5328
655 2 2 10 4 4435 7277 6676
656 2 2 10 4 6081 7012 6080
657 2 2 10 4 5605 6818 5559
658 2 2 10 4 5208 5914 4420
659 2 2 10 4 4999 7204 5000
660 2 2 10 4 4641 7495 4911
661 2 2 10 4 3529 8045 5169
662 2 2 10 4 6657 7701 2386
663 2 2 10 4 4682 5988 3445
664 2 2 10 4 4691 4755 752
665 2 2 10 4 3541 7226 4083
666 2 2 10 4 3367 5318 5315
667 2 2 10 4 1153 5509 1147
668 2 2 10 4 6914 7620 3351
669 2 2 10 4 3673 6086 4588
670 2 2 10 4 3100 7171 5561
671 2 2 10 4 613 6623 5873
672 2 2 10 4 2193 5704 5703
673 2 2 10 4 4611 7925 2387
674 2 2 10 4 4936 7752 6043
675 2 2 10 4 1127 6857 5457
676 2 2 10 4 3967 7997 5873
677 2 2 10 4 4631 5828 603
678 2 2 10 4 3777 5111 5110
679 2 2 10 4 6657 6919 4760
680 2 2 10 4 605 7757 4612
681 2 2 10 4 3019 5356 5349
682 2 2 10 4 5365 7272 7193
683 2 2 10 4 3886 6428 4603
684 2 2 10 4 5925 5926 3947
685 2 2 10 4 4707 4839 2605
686 2 2 10 4 669 7304 6076
687 2 2 10 4 4746 6927 4941
688 2 2 10 4 4520 6994 5244
689 2 2 10 4 5099 5220 5125
690 2 2 10 4 3193 6107 5545
691 2 2 10 4 5899 7499 3794
692 2 2 10 4 4652 4765 2165
693 2 2 10 4 7247 7330 794
694 2 2 10 4 4829 4831 791
695 2 2 10 4 6503 7720 7710
696 2 2 10 4 685 6407 4582
697 2 2 10 4 4831 4856 791
698 2 2 10 4 5017 5225 5059
699 2 2 10 4 4915 5536 5327
700 2 2 10 4 4684 7521 622
701 2 2 10 4 7193 7272 1053
702 2 2 10 4 551 4856 552
703 2 2 10 4 5231 6623 613
704 2 2 10 4 1176 4893 4892
705 2 2 10 4 2537 7191 7175
706 2 2 10 4 2387 5604 4611
707 2 2 10 4 3506 5822 3505
708 2 2 10 4 5105 7379 6147
709 2 2 10 4 7033 7305 4210
710 2 2 10 4 4297 7050 5006
711 2 2 10 4 3949 7425 5800
712 2 2 10 4 4695 4696 4030
713 2 2 10 4 3424 5276 4514
714 2 2 10 4 4642 4949 617
715 2 2 10 4 4870 4966 4869
716 2 2 10 4 5833 5835 3938
717 2 2 10 4 5800 7425 5210
718 2 2 10 4 4875 7512 4887
719 2 2 10 4 4006 6615 5571
720 2 2 10 4 4414 7383 7061
721 2 2 10 4 5319 5372 5318
722 2 2 10 4 5258 6194 3957
723 2 2 10 4 5244 6994 628
724 2 2 10 4 3792 5899 3794
725 2 2 10 4 644 7512 4875
726 2 2 10 4 603 5827 4631
727 2 2 10 4 4588 7209 3673
728 2 2 10 4 3643 7204 4999
729 2 2 10 4 2695 5079 2697
730 2 2 10 4 4792 7383 4414
731 2 2 10 4 6560 7557 2248
732 2 2 10 4 1999 5743 2001
733 2 2 10 4 5317 6789 5310
734 2 2 10 4 6147 7379 3312
735 2 2 10 4 6625 7510 4960
736 2 2 10 4 5755 8143 2584
737 2 2 10 4 2193 5703 4964
738 2 2 10 4 6913 7051 3951
739 2 2 10 4 4535 7346 5686
740 2 2 10 4 5604 7169 4507
741 2 2 10 4 2165 4901 4652
742 2 2 10 4 5417 7320 5416
743 2 2 10 4 4603 8098 3886
744 2 2 10 4 4929 4934 4120
745 2 2 10 4 2532 5719 2528
746 2 2 10 4 1137 5949 888
747 2 2 10 4 4797 5736 4128
748 2 2 10 4 3610 7275 4053
749 2 2 10 4 5253 6788 5252
750 2 2 10 4 607 8182 7494
751 2 2 10 4 1364 7334 7061
752 2 2 10 4 5686 7266 4535
753 2 2 10 4 4892 4894 1176
754 2 2 10 4 5192 6334 3724
755 2 2 10 4 617 5801 4704
756 2 2 10 4 4911 7706 4641
757 2 2 10 4 2605 4708 4707
758 2 2 10 4 2550 6429 5470
759 2 2 10 4 1642 5373 4842
760 2 2 10 4 670 6564 4720
761 2 2 10 4 2792 5028 2752
762 2 2 10 4 953 7438 6633
763 2 2 10 4 5545 6108 3193
764 2 2 10 4 2464 5447 5446
765 2 2 10 4 5776 5851 4113
766 2 2 10 4 5125 5221 5099
767 2 2 10 4 7175 7191 4847
768 2 2 10 4 4663 6456 1895
769 2 2 10 4 2169 4901 2166
770 2 2 10 4 4874 7087 4047
771 2 2 10 4 677 7734 7052
772 2 2 10 4 4823 6979 2033
773 2 2 10 4 5253 7965 3827
774 2 2 10 4 2507 6615 4669
775 2 2 10 4 6102 6270 1142
776 2 2 10 4 4888 5539 637
777 2 2 10 4 310 5248 309
778 2 2 10 4 224 796 223
779 2 2 10 4 3567 4934 4929
780 2 2 10 4 3809 6789 5317
781 2 2 10 4 3592 4966 4870
782 2 2 10 4 4582 6912 685
783 2 2 10 4 4612 6733 605
784 2 2 10 4 1895 7031 4663
785 2 2 10 4 2799 8000 5983
786 2 2 10 4 4589 7288 1241
787 2 2 10 4 3043 5480 3415
788 2 2 10 4 4292 7329 5928
789 2 2 10 4 750 7077 4655
790 2 2 10 4 5269 5820 5026
791 2 2 10 4 4669 6615 4006
792 2 2 10 4 5019 5022 5021
793 2 2 10 4 607 7494 5811
794 2 2 10 4 4338 7533 7358
795 2 2 10 4 7188 7250 4756
796 2 2 10 4 1371 7299 7296
797 2 2 10 4 4570 7086 648
798 2 2 10 4 2691 5076 2693
799 2 2 10 4 4796 6754 692
800 2 2 10 4 5053 5257 786
801 2 2 10 4 3677 6160 6108
802 2 2 10 4 4573 7570 2829
803 2 2 10 4 4673 8151 623
804 2 2 10 4 5276 5695 4514
805 2 2 10 4 3204 6997 5430
806 2 2 10 4 4636 5861 1595
807 2 2 10 4 4028 6034 5682
808 2 2 10 4 4384 6232 4992
809 2 2 10 4 7052 7734 4618
810 2 2 10 4 315 5869 314
811 2 2 10 4 5682 6034 1025
812 2 2 10 4 6676 7517 4434
813 2 2 10 4 5898 7499 5899
814 2 2 10 4 5446 6857 2464
815 2 2 10 4 4661 4878 647
816 2 2 10 4 1147 5509 1146
817 2 2 10 4 5809 7548 4210
818 2 2 10 4 6402 6912 811
819 2 2 10 4 1992 7661 7216
820 2 2 10 4 623 4970 4673
821 2 2 10 4 648 7466 4570
822 2 2 10 4 2276 5602 2274
823 2 2 10 4 6468 6501 4825
824 2 2 10 4 752 4756 4691
825 2 2 10 4 4521 7557 6560
826 2 2 10 4 4882 5838 659
827 2 2 10 4 730 4994 4947
828 2 2 10 4 7109 7392 580
829 2 2 10 4 653 7457 4648
830 2 2 10 4 4564 7392 7109
831 2 2 10 4 4945 7087 3869
832 2 2 10 4 5758 7060 3213
833 2 2 10 4 3527 5311 5310
834 2 2 10 4 2799 5983 2801
835 2 2 10 4 5531 6462 3830
836 2 2 10 4 5710 5841 4904
837 2 2 10 4 4615 7075 633
838 2 2 10 4 6628 8021 3926
839 2 2 10 4 731 6110 4679
840 2 2 10 4 1241 7255 4589
841 2 2 10 4 4972 6446 5955
842 2 2 10 4 3182 6585 4685
843 2 2 10 4 1518 5380 1559
844 2 2 10 4 4679 6111 731
845 2 2 10 4 7296 7299 5339
846 2 2 10 4 5894 5895 4143
847 2 2 10 4 3804 7932 4613
848 2 2 10 4 569 4768 4767
849 2 2 10 4 5873 6623 3967
850 2 2 10 4 7710 7720 4431
851 2 2 10 4 6862 7077 3555
852 2 2 10 4 4613 7348 7034
853 2 2 10 4 6061 6403 6060
854 2 2 10 4 2439 5354 5352
855 2 2 10 4 4210 7305 5809
856 2 2 10 4 4350 5927 5502
857 2 2 10 4 5986 6628 3926
858 2 2 10 4 3021 5719 2532
859 2 2 10 4 4614 7203 2537
860 2 2 10 4 4669 7958 2507
861 2 2 10 4 6949 7772 3602
862 2 2 10 4 2584 8143 3032
863 2 2 10 4 6625 6958 3717
864 2 2 10 4 4729 5271 4725
865 2 2 10 4 3637 4857 2429
866 2 2 10 4 4128 5736 4429
867 2 2 10 4 5528 5883 2391
868 2 2 10 4 791 5556 4829
869 2 2 10 4 5332 7072 2811
870 2 2 10 4 1126 5451 5449
871 2 2 10 4 309 5248 641
872 2 2 10 4 5311 6795 5312
873 2 2 10 4 3717 6958 2754
874 2 2 10 4 5430 7853 3204
875 2 2 10 4 70 8030 316
876 2 2 10 4 7174 7707 5592
877 2 2 10 4 5025 5027 5024
878 2 2 10 4 4601 7031 1895
879 2 2 10 4 7017 7326 4604
880 2 2 10 4 5009 5888 5146
881 2 2 10 4 647 5234 4661
882 2 2 10 4 2422 6004 2427
883 2 2 10 4 979 7088 978
884 2 2 10 4 2538 5736 4797
885 2 2 10 4 5350 7723 1362
886 2 2 10 4 4183 5989 4180
887 2 2 10 4 3629 5259 5241
888 2 2 10 4 2387 7169 5604
889 2 2 10 4 2537 7175 4614
890 2 2 10 4 4312 7626 4579
891 2 2 10 4 5166 5169 5158
892 2 2 10 4 2586 5755 2584
893 2 2 10 4 1343 6647 1345
894 2 2 10 4 5082 5185 5084
895 2 2 10 4 1895 7295 4601
896 2 2 10 4 584 6495 5134
897 2 2 10 4 3509 6564 3942
898 2 2 10 4 5684 6997 4262
899 2 2 10 4 5363 7291 1053
900 2 2 10 4 3215 5258 3629
901 2 2 10 4 5955 7785 4972
902 2 2 10 4 7358 7533 5204
903 2 2 10 4 3588 4849 4710
904 2 2 10 4 5857 7625 5855
905 2 2 10 4 4870 4967 3592
906 2 2 10 4 3311 5394 5390
907 2 2 10 4 7295 7509 4601
908 2 2 10 4 2165 4765 2163
909 2 2 10 4 4601 7509 4873
910 2 2 10 4 4613 7034 3804
911 2 2 10 4 5993 5994 3519
912 2 2 10 4 4030 4821 4695
913 2 2 10 4 5059 7896 5017
914 2 2 10 4 2133 5597 5553
915 2 2 10 4 3021 5715 5713
916 2 2 10 4 5545 6107 5923
917 2 2 10 4 5561 7171 4509
918 2 2 10 4 623 6446 4970
919 2 2 10 4 6551 6832 726
920 2 2 10 4 5070 5079 3183
921 2 2 10 4 3637 4858 4857
922 2 2 10 4 5310 6789 3527
923 2 2 10 4 5012 5228 5174
924 2 2 10 4 4531 7565 6000
925 2 2 10 4 4048 6898 5121
926 2 2 10 4 6606 6853 6012
927 2 2 10 4 760 5841 5710
928 2 2 10 4 7216 7661 4540
929 2 2 10 4 3206 6976 5221
930 2 2 10 4 7061 7334 4414
931 2 2 10 4 4970 6446 4972
932 2 2 10 4 4290 5129 5128
933 2 2 10 4 112 5257 111
934 2 2 10 4 316 8030 797
935 2 2 10 4 1053 7272 5363
936 2 2 10 4 5318 5372 5315
937 2 2 10 4 3947 6564 5925
938 2 2 10 4 178 6111 177
939 2 2 10 4 4685 6428 3182
940 2 2 10 4 978 7088 4885
941 2 2 10 4 5026 7514 5269
942 2 2 10 4 5506 7602 4079
943 2 2 10 4 4641 7640 1731
944 2 2 10 4 3364 6321 5091
945 2 2 10 4 5376 7652 616
946 2 2 10 4 2495 5356 3019
947 2 2 10 4 7278 7357 4474
948 2 2 10 4 20 4949 19
949 2 2 10 4 4569 6832 6551
950 2 2 10 4 1844 6998 4687
951 2 2 10 4 1559 5380 4817
952 2 2 10 4 4992 7850 4384
953 2 2 10 4 3490 5863 3492
954 2 2 10 4 402 4957 403
955 2 2 10 4 1595 6675 4636
956 2 2 10 4 3717 7510 6625
957 2 2 10 4 5835 5836 3938
958 2 2 10 4 6065 6589 732
959 2 2 10 4 4677 5900 2217
960 2 2 10 4 4113 6471 5776
961 2 2 10 4 3602 7709 6949
962 2 2 10 4 1960 6212 4694
963 2 2 10 4 6613 7997 3967
964 2 2 10 4 5553 8161 2133
965 2 2 10 4 4704 5801 4758
966 2 2 10 4 2549 7472 7407
967 2 2 10 4 5713 5719 3021
968 2 2 10 4 4123 6501 6468
969 2 2 10 4 2493 5356 2495
970 2 2 10 4 2861 6183 5155
971 2 2 10 4 3505 5822 4146
972 2 2 10 4 1216 5496 1214
973 2 2 10 4 7034 7348 2604
974 2 2 10 4 5856 5857 5855
975 2 2 10 4 1241 7271 4637
976 2 2 10 4 4215 6067 4998
977 2 2 10 4 3582 5601 4816
978 2 2 10 4 5074 6872 5080
979 2 2 10 4 2693 5076 3183
980 2 2 10 4 5917 7825 6869
981 2 2 10 4 5042 7072 5332
982 2 2 10 4 2760 6578 6577
983 2 2 10 4 1731 7495 4641
984 2 2 10 4 4085 5278 5206
985 2 2 10 4 2391 8016 5528
986 2 2 10 4 7100 7636 4706
987 2 2 10 4 5022 5025 5024
988 2 2 10 4 4136 7827 7266
989 2 2 10 4 1112 6717 1110
990 2 2 10 4 4186 7211 7062
991 2 2 10 4 4579 7765 4312
992 2 2 10 4 1699 6032 5693
993 2 2 10 4 3527 6795 5311
994 2 2 10 4 2250 6642 4644
995 2 2 10 4 6869 7825 4469
996 2 2 10 4 629 6806 5926
997 2 2 10 4 7407 7472 5256
998 2 2 10 4 4868 4969 1372
999 2 2 10 4 4637 7255 1241
1000 2 2 10 4 1214 5496 2984
1001 2 2 10 4 3781 6513 4675
1002 2 2 10 4 4862 7610 4564
1003 2 2 10 4 1848 7298 7220
1004 2 2 10 4 4598 7499 5898
1005 2 2 10 4 4564 7610 7392
1006 2 2 10 4 2790 6652 6462
1007 2 2 10 4 4687 7064 1844
1008 2 2 10 4 6183 6184 5155
1009 2 2 10 4 5299 8111 3001
1010 2 2 10 4 2999 6796 2997
1011 2 2 10 4 7062 7211 4855
1012 2 2 10 4 807 5998 790
1013 2 2 10 4 2451 7126 7093
1014 2 2 10 4 3850 5967 3428
1015 2 2 10 4 3001 5744 5299
1016 2 2 10 4 4878 5973 647
1017 2 2 10 4 5319 7650 4596
1018 2 2 10 4 4860 6998 6888
1019 2 2 10 4 1960 6211 6071
1020 2 2 10 4 5898 6593 4598
1021 2 2 10 4 5926 6806 3947
1022 2 2 10 4 2786 5791 5329
1023 2 2 10 4 6888 6998 1844
1024 2 2 10 4 5879 7417 4214
1025 2 2 10 4 7289 7773 1623
1026 2 2 10 4 4710 5518 3588
1027 2 2 10 4 3497 5518 3496
1028 2 2 10 4 5693 6032 4322
1029 2 2 10 4 5328 6757 2452
1030 2 2 10 4 7220 7298 4930
1031 2 2 10 4 5391 5392 3311
1032 2 2 10 4 4915 5535 4914
1033 2 2 10 4 4765 4844 2163
1034 2 2 10 4 7326 7864 4604
1035 2 2 10 4 7093 7126 4896
1036 2 2 10 4 3752 7021 5141
1037 2 2 10 4 3290 7707 7174
1038 2 2 10 4 6891 8133 7625
1039 2 2 10 4 4303 7074 4753
1040 2 2 10 4 1137 8058 4709
1041 2 2 10 4 6944 7602 5506
1042 2 2 10 4 4122 6937 5940
1043 2 2 10 4 4644 6790 2250
1044 2 2 10 4 7266 7827 4535
1045 2 2 10 4 4639 7765 4579
1046 2 2 10 4 5956 7040 4484
1047 2 2 10 4 635 4957 402
1048 2 2 10 4 1146 5509 5508
1049 2 2 10 4 5927 7677 5502
1050 2 2 10 4 5288 5921 3647
1051 2 2 10 4 7033 7583 5779
1052 2 2 10 4 3183 5076 5073
1053 2 2 10 4 4706 7636 4707
1054 2 2 10 4 4398 5845 4080
1055 2 2 10 4 4993 6091 4727
1056 2 2 10 4 4027 5245 5106
1057 2 2 10 4 4883 5838 4882
1058 2 2 10 4 4484 7415 5956
1059 2 2 10 4 4998 7659 4215
1060 2 2 10 4 5940 6045 4122
1061 2 2 10 4 599 5185 5082
1062 2 2 10 4 4648 7251 653
1063 2 2 10 4 5112 7168 5006
1064 2 2 10 4 673 5232 99
1065 2 2 10 4 5456 5762 2786
1066 2 2 10 4 738 4913 4763
1067 2 2 10 4 5146 5423 5009
1068 2 2 10 4 4842 4843 1642
1069 2 2 10 4 3869 7903 4945
1070 2 2 10 4 792 5869 4764
1071 2 2 10 4 6023 7438 953
1072 2 2 10 4 4964 6837 2193
1073 2 2 10 4 3040 5862 2593
1074 2 2 10 4 2452 6815 5328
1075 2 2 10 4 1767 8070 7005
1076 2 2 10 4 4917 6895 5471
1077 2 2 10 4 410 5149 411
1078 2 2 10 4 2929 7409 7037
1079 2 2 10 4 4337 7358 5200
1080 2 2 10 4 5509 7056 4002
1081 2 2 10 4 5352 6647 2439
1082 2 2 10 4 1993 6545 4692
1083 2 2 10 4 4767 5266 569
1084 2 2 10 4 5141 7885 3752
1085 2 2 10 4 5206 8012 4085
1086 2 2 10 4 4596 7727 5319
1087 2 2 10 4 3582 5720 5601
1088 2 2 10 4 3930 5466 4024
1089 2 2 10 4 2996 5744 3001
1090 2 2 10 4 7290 7743 2973
1091 2 2 10 4 1767 7005 1766
1092 2 2 10 4 4692 5262 1993
1093 2 2 10 4 3198 5341 5340
1094 2 2 10 4 6000 7565 1813
1095 2 2 10 4 2342 5791 2786
1096 2 2 10 4 4224 6956 6825
1097 2 2 10 4 2124 5598 2126
1098 2 2 10 4 2081 5645 2013
1099 2 2 10 4 552 4856 736
1100 2 2 10 4 791 4856 551
1101 2 2 10 4 2318 5790 2316
1102 2 2 10 4 4755 6528 646
1103 2 2 10 4 4802 7528 4359
1104 2 2 10 4 5121 7504 4048
1105 2 2 10 4 5200 7368 4337
1106 2 2 10 4 4732 7773 7289
1107 2 2 10 4 2390 7037 4647
1108 2 2 10 4 1021 6651 6546
1109 2 2 10 4 4359 7528 7471
1110 2 2 10 4 7354 7646 6136
1111 2 2 10 4 4914 5535 2934
1112 2 2 10 4 4725 5271 4726
1113 2 2 10 4 2361 6429 2359
1114 2 2 10 4 5128 5919 4290
1115 2 2 10 4 1108 6876 1106
1116 2 2 10 4 7519 7618 2874
1117 2 2 10 4 7113 7423 5786
1118 2 2 10 4 4717 7126 2451
1119 2 2 10 4 4666 5815 648
1120 2 2 10 4 4989 5096 5095
1121 2 2 10 4 7056 8022 4002
1122 2 2 10 4 5543 7829 6108
1123 2 2 10 4 2752 5028 3386
1124 2 2 10 4 5966 7618 7519
1125 2 2 10 4 5063 7022 5064
1126 2 2 10 4 4919 5856 4918
1127 2 2 10 4 5407 5645 2081
1128 2 2 10 4 4989 7778 5096
1129 2 2 10 4 5453 7127 7039
1130 2 2 10 4 5199 7468 3028
1131 2 2 10 4 5648 7166 7083
1132 2 2 10 4 5331 5536 1136
1133 2 2 10 4 5819 7047 4633
1134 2 2 10 4 4687 7051 2872
1135 2 2 10 4 3183 5079 2695
1136 2 2 10 4 2132 7864 7326
1137 2 2 10 4 4771 7863 5088
1138 2 2 10 4 6048 7457 394
1139 2 2 10 4 5264 5989 4183
1140 2 2 10 4 4083 7226 5901
1141 2 2 10 4 4889 6961 4665
1142 2 2 10 4 3028 7751 5199
1143 2 2 10 4 5845 5846 4080
1144 2 2 10 4 638 7250 7188
1145 2 2 10 4 900 5901 899
1146 2 2 10 4 2268 7206 6044
1147 2 2 10 4 4639 8168 7765
1148 2 2 10 4 4681 5556 5136
1149 2 2 10 4 2786 5762 2344
1150 2 2 10 4 3347 6829 5233
1151 2 2 10 4 3167 4853 3888
1152 2 2 10 4 4880 5973 4878
1153 2 2 10 4 4554 6502 5523
1154 2 2 10 4 3878 5133 5132
1155 2 2 10 4 616 5377 4819
1156 2 2 10 4 4758 5801 770
1157 2 2 10 4 4912 6837 4964
1158 2 2 10 4 4918 5856 571
1159 2 2 10 4 1985 6961 4889
1160 2 2 10 4 736 7082 4994
1161 2 2 10 4 5129 7497 3151
1162 2 2 10 4 5141 5219 5138
1163 2 2 10 4 5259 7508 5241
1164 2 2 10 4 3312 7379 7009
1165 2 2 10 4 4763 4822 738
1166 2 2 10 4 3139 4901 2169
1167 2 2 10 4 794 7330 4616
1168 2 2 10 4 4718 7032 523
1169 2 2 10 4 4880 7018 5973
1170 2 2 10 4 913 7430 6593
1171 2 2 10 4 4662 7743 7290
1172 2 2 10 4 3151 7738 5129
1173 2 2 10 4 6403 7758 6060
1174 2 2 10 4 4654 7400 4192
1175 2 2 10 4 5700 5701 4031
1176 2 2 10 4 2451 7189 4717
1177 2 2 10 4 5739 5906 4593
1178 2 2 10 4 6270 6667 1142
1179 2 2 10 4 4675 8140 3781
1180 2 2 10 4 411 5149 593
1181 2 2 10 4 5262 5307 1045
1182 2 2 10 4 1939 6212 1935
1183 2 2 10 4 4310 7111 6831
1184 2 2 10 4 4570 7466 4974
1185 2 2 10 4 4616 7363 794
1186 2 2 10 4 4117 7139 7075
1187 2 2 10 4 564 8034 5224
1188 2 2 10 4 5751 7362 7060
1189 2 2 10 4 4053 7275 5381
1190 2 2 10 4 7866 7892 5306
1191 2 2 10 4 1736 6608 1735
1192 2 2 10 4 4615 7474 7075
1193 2 2 10 4 2872 7064 4687
1194 2 2 10 4 3724 8076 5192
1195 2 2 10 4 1735 6608 4911
1196 2 2 10 4 4764 5868 792
1197 2 2 10 4 5539 7746 637
1198 2 2 10 4 4647 7876 2390
1199 2 2 10 4 3213 7343 5758
1200 2 2 10 4 678 6091 4993
1201 2 2 10 4 1023 5646 1024
1202 2 2 10 4 2736 7173 7167
1203 2 2 10 4 764 7047 5819
1204 2 2 10 4 4050 6962 6573
1205 2 2 10 4 4719 7474 3208
1206 2 2 10 4 4882 7018 4880
1207 2 2 10 4 7167 7173 4786
1208 2 2 10 4 5168 5968 4386
1209 2 2 10 4 2604 7348 4770
1210 2 2 10 4 6266 6771 3258
1211 2 2 10 4 1461 5380 1518
1212 2 2 10 4 5052 8127 5211
1213 2 2 10 4 3429 7778 4989
1214 2 2 10 4 735 5914 5208
1215 2 2 10 4 7466 7820 4974
1216 2 2 10 4 2166 4901 2165
1217 2 2 10 4 3519 5995 5993
1218 2 2 10 4 2249 6781 6642
1219 2 2 10 4 4696 4697 4030
1220 2 2 10 4 7083 7166 4676
1221 2 2 10 4 3299 7111 4310
1222 2 2 10 4 736 7576 7082
1223 2 2 10 4 4372 7566 4761
1224 2 2 10 4 5064 7022 3656
1225 2 2 10 4 4911 7495 1735
1226 2 2 10 4 4616 7419 671
1227 2 2 10 4 5125 7044 5221
1228 2 2 10 4 1929 7892 7866
1229 2 2 10 4 3832 5378 5195
1230 2 2 10 4 5743 6035 2001
1231 2 2 10 4 5060 6161 3289
1232 2 2 10 4 4851 5475 3035
1233 2 2 10 4 5252 6788 4851
1234 2 2 10 4 3208 7777 4719
1235 2 2 10 4 2760 6579 6578
1236 2 2 10 4 2081 5409 5407
1237 2 2 10 4 6763 6809 1010
1238 2 2 10 4 5036 6114 4567
1239 2 2 10 4 5111 7694 5163
1240 2 2 10 4 5247 8174 4781
1241 2 2 10 4 5612 7566 4372
1242 2 2 10 4 3694 7104 6177
1243 2 2 10 4 4205 7641 7590
1244 2 2 10 4 4631 5827 5631
1245 2 2 10 4 5710 5712 760
1246 2 2 10 4 3951 7051 4942
1247 2 2 10 4 4420 7721 5208
1248 2 2 10 4 3445 8026 3543
1249 2 2 10 4 5331 6804 6757
1250 2 2 10 4 5580 6868 5581
1251 2 2 10 4 5923 6107 3185
1252 2 2 10 4 6123 7831 5269
1253 2 2 10 4 5581 6868 3168
1254 2 2 10 4 7494 8182 4634
1255 2 2 10 4 671 7363 4616
1256 2 2 10 4 7590 7641 5532
1257 2 2 10 4 4735 6567 2309
1258 2 2 10 4 3611 5583 5566
1259 2 2 10 4 4372 7480 5612
1260 2 2 10 4 4703 6967 4852
1261 2 2 10 4 2898 7716 7224
1262 2 2 10 4 6757 6804 2452
1263 2 2 10 4 3425 7406 5758
1264 2 2 10 4 314 5869 792
1265 2 2 10 4 758 5937 5836
1266 2 2 10 4 4829 5556 4681
1267 2 2 10 4 2457 7623 5732
1268 2 2 10 4 6642 6781 4644
1269 2 2 10 4 4886 8180 6532
1270 2 2 10 4 3974 7474 4719
1271 2 2 10 4 5507 6948 4135
1272 2 2 10 4 5470 5471 2550
1273 2 2 10 4 5362 5365 3463
1274 2 2 10 4 4192 7542 4654
1275 2 2 10 4 648 7086 4666
1276 2 2 10 4 5405 6890 1766
1277 2 2 10 4 2872 7051 6913
1278 2 2 10 4 5156 7851 562
1279 2 2 10 4 4703 7230 6967
1280 2 2 10 4 7625 8133 5855
1281 2 2 10 4 2540 5716 2534
1282 2 2 10 4 5260 5961 2138
1283 2 2 10 4 7360 7938 1976
1284 2 2 10 4 4622 5863 5862
1285 2 2 10 4 2274 5602 2605
1286 2 2 10 4 7037 7409 4647
1287 2 2 10 4 5269 7514 6123
1288 2 2 10 4 6044 7957 2268
1289 2 2 10 4 7663 7724 4530
1290 2 2 10 4 3777 7694 5111
1291 2 2 10 4 4519 7543 5804
1292 2 2 10 4 6038 7473 7349
1293 2 2 10 4 1035 7083 4676
1294 2 2 10 4 4720 7883 670
1295 2 2 10 4 6898 8034 564
1296 2 2 10 4 6023 6835 4803
1297 2 2 10 4 5647 6923 5648
1298 2 2 10 4 3834 5986 4736
1299 2 2 10 4 7435 7544 192
1300 2 2 10 4 7570 7621 3618
1301 2 2 10 4 7483 7490 4859
1302 2 2 10 4 5163 5526 5111
1303 2 2 10 4 5158 5527 5166
1304 2 2 10 4 7525 7756 4525
1305 2 2 10 4 4014 7113 5783
1306 2 2 10 4 5192 7181 6485
1307 2 2 10 4 133 5234 132
1308 2 2 10 4 4982 6908 6513
1309 2 2 10 4 4014 7423 7113
1310 2 2 10 4 5804 7676 4519
1311 2 2 10 4 2948 4969 4869
1312 2 2 10 4 4061 5199 5197
1313 2 2 10 4 4080 5846 4693
1314 2 2 10 4 7566 7678 4761
1315 2 2 10 4 4316 7531 7452
1316 2 2 10 4 4612 7380 6733
1317 2 2 10 4 5154 7938 7360
1318 2 2 10 4 7085 7091 4841
1319 2 2 10 4 1621 7323 7217
1320 2 2 10 4 5754 5758 5757
1321 2 2 10 4 6707 7825 6515
1322 2 2 10 4 7165 7505 4977
1323 2 2 10 4 3552 7000 5279
1324 2 2 10 4 864 5756 862
1325 2 2 10 4 2040 5805 5394
1326 2 2 10 4 2736 7167 4717
1327 2 2 10 4 685 6912 6401
1328 2 2 10 4 4692 5307 5262
1329 2 2 10 4 6832 6941 726
1330 2 2 10 4 4781 6450 641
1331 2 2 10 4 5966 7333 4489
1332 2 2 10 4 6057 6589 3898
1333 2 2 10 4 4994 7082 4947
1334 2 2 10 4 716 6697 4771
1335 2 2 10 4 4867 8151 4673
1336 2 2 10 4 5682 6877 4161
1337 2 2 10 4 2558 6810 4760
1338 2 2 10 4 5232 7502 4928
1339 2 2 10 4 5267 7374 992
1340 2 2 10 4 953 6835 6023
1341 2 2 10 4 4841 7091 4840
1342 2 2 10 4 5281 6408 4406
1343 2 2 10 4 726 6941 5136
1344 2 2 10 4 6266 7809 6771
1345 2 2 10 4 692 6754 5114
1346 2 2 10 4 99 5232 98
1347 2 2 10 4 569 4769 4768
1348 2 2 10 4 523 7946 4718
1349 2 2 10 4 3563 5576 3561
1350 2 2 10 4 5523 6502 2938
1351 2 2 10 4 5032 7646 7354
1352 2 2 10 4 5790 6934 5782
1353 2 2 10 4 6108 6160 3193
1354 2 2 10 4 3677 6108 4494
1355 2 2 10 4 796 7860 223
1356 2 2 10 4 2011 7269 2009
1357 2 2 10 4 5211 5562 5052
1358 2 2 10 4 5183 5563 611
1359 2 2 10 4 5419 7504 5121
1360 2 2 10 4 6515 7170 6707
1361 2 2 10 4 4955 5862 3040
1362 2 2 10 4 4211 7583 7033
1363 2 2 10 4 5079 5960 2697
1364 2 2 10 4 5732 7431 2457
1365 2 2 10 4 4999 6227 3643
1366 2 2 10 4 4354 7545 6953
1367 2 2 10 4 797 5869 315
1368 2 2 10 4 5566 5584 3611
1369 2 2 10 4 731 7162 6110
1370 2 2 10 4 5879 6483 3732
1371 2 2 10 4 770 6834 4758
1372 2 2 10 4 4180 5989 4178
1373 2 2 10 4 7349 7473 3961
1374 2 2 10 4 5549 7709 5538
1375 2 2 10 4 6495 7813 5134
1376 2 2 10 4 735 5600 809
1377 2 2 10 4 7128 7256 4823
1378 2 2 10 4 5783 7324 4014
1379 2 2 10 4 5962 6884 3545
1380 2 2 10 4 7000 8006 5279
1381 2 2 10 4 3838 7222 7028
1382 2 2 10 4 7217 7323 4828
1383 2 2 10 4 5126 6520 4188
1384 2 2 10 4 3372 5480 3043
1385 2 2 10 4 4635 4938 4937
1386 2 2 10 4 5712 6447 760
1387 2 2 10 4 4800 8085 5498
1388 2 2 10 4 6567 7282 2932
1389 2 2 10 4 4315 7531 4316
1390 2 2 10 4 2272 4839 2270
1391 2 2 10 4 4615 5044 4189
1392 2 2 10 4 5233 6829 4580
1393 2 2 10 4 4797 5737 2538
1394 2 2 10 4 3299 7317 7111
1395 2 2 10 4 3582 5743 1999
1396 2 2 10 4 4986 5958 4217
1397 2 2 10 4 1571 7728 5579
1398 2 2 10 4 5419 7873 7504
1399 2 2 10 4 3647 8155 5288
1400 2 2 10 4 4942 6773 3951
1401 2 2 10 4 783 5859 5418
1402 2 2 10 4 7294 7396 4423
1403 2 2 10 4 5700 6844 2544
1404 2 2 10 4 2109 8020 2107
1405 2 2 10 4 966 7490 7483
1406 2 2 10 4 7379 7496 5081
1407 2 2 10 4 5631 5827 759
1408 2 2 10 4 19 4949 775
1409 2 2 10 4 4917 5282 2388
1410 2 2 10 4 5716 5718 5717
1411 2 2 10 4 5610 5612 3556
1412 2 2 10 4 7769 8026 6684
1413 2 2 10 4 639 5128 4753
1414 2 2 10 4 4534 7801 4574
1415 2 2 10 4 2138 5961 2594
1416 2 2 10 4 7543 7589 3980
1417 2 2 10 4 2669 7256 7128
1418 2 2 10 4 4620 7471 7420
1419 2 2 10 4 4736 6392 3834
1420 2 2 10 4 4160 6689 5686
1421 2 2 10 4 686 6404 4900
1422 2 2 10 4 4574 7988 4534
1423 2 2 10 4 2829 7570 5701
1424 2 2 10 4 7660 7829 1625
1425 2 2 10 4 5579 7639 1571
1426 2 2 10 4 3732 6483 2868
1427 2 2 10 4 2522 7867 7547
1428 2 2 10 4 1309 7383 4792
1429 2 2 10 4 2273 7553 7420
1430 2 2 10 4 5059 5225 717
1431 2 2 10 4 5260 7889 4577
1432 2 2 10 4 6593 7430 4598
1433 2 2 10 4 5454 7127 5453
1434 2 2 10 4 3844 7858 4782
1435 2 2 10 4 348 5021 349
1436 2 2 10 4 5846 6545 4693
1437 2 2 10 4 1167 7532 7477
1438 2 2 10 4 5480 7550 3415
1439 2 2 10 4 4791 6979 4200
1440 2 2 10 4 7678 7857 4761
1441 2 2 10 4 7476 7811 4740
1442 2 2 10 4 6762 6809 6763
1443 2 2 10 4 7455 7789 6402
1444 2 2 10 4 2289 7311 2284
1445 2 2 10 4 3020 7317 3299
1446 2 2 10 4 4899 6814 5883
1447 2 2 10 4 7355 7442 3308
1448 2 2 10 4 5227 7851 4467
1449 2 2 10 4 5962 7724 7663
1450 2 2 10 4 617 4949 20
1451 2 2 10 4 4322 7274 5500
1452 2 2 10 4 4843 4978 1642
1453 2 2 10 4 5340 5379 3198
1454 2 2 10 4 182 7384 4837
1455 2 2 10 4 2647 7811 7476
1456 2 2 10 4 3567 7267 3030
1457 2 2 10 4 5091 7917 3364
1458 2 2 10 4 2389 7127 5454
1459 2 2 10 4 5758 7343 3425
1460 2 2 10 4 4782 7447 3844
1461 2 2 10 4 6953 7731 4354
1462 2 2 10 4 5239 6975 1621
1463 2 2 10 4 6733 7380 768
1464 2 2 10 4 6101 6997 3204
1465 2 2 10 4 4676 7992 1035
1466 2 2 10 4 4869 4969 4868
1467 2 2 10 4 349 5021 598
1468 2 2 10 4 4359 7471 4620
1469 2 2 10 4 4766 7923 1894
1470 2 2 10 4 6142 7463 7439
1471 2 2 10 4 5595 7411 4464
1472 2 2 10 4 5432 7475 3117
1473 2 2 10 4 5648 6923 3526
1474 2 2 10 4 6877 8153 4161
1475 2 2 10 4 223 4 224
1476 2 2 10 4 3347 5640 4838
1477 2 2 10 4 6934 8139 5782
1478 2 2 10 4 70 316 3
1479 2 2 10 4 4853 4854 3888
1480 2 2 10 4 5375 6462 6461
1481 2 2 10 4 4435 7357 7278
1482 2 2 10 4 6004 7374 5267
1483 2 2 10 4 718 7797 7722
1484 2 2 10 4 5147 7442 7355
1485 2 2 10 4 4833 4856 4831
1486 2 2 10 4 5811 6834 770
1487 2 2 10 4 4920 6922 2759
1488 2 2 10 4 3026 7715 7549
1489 2 2 10 4 4717 7189 2736
1490 2 2 10 4 4804 7298 1848
1491 2 2 10 4 5073 5074 5072
1492 2 2 10 4 5596 6773 4942
1493 2 2 10 4 3830 6550 5531
1494 2 2 10 4 2881 6035 5552
1495 2 2 10 4 5912 6864 589
1496 2 2 10 4 7185 7459 793
1497 2 2 10 4 6816 7094 6970
1498 2 2 10 4 5106 7096 4027
1499 2 2 10 4 5543 6108 5545
1500 2 2 10 4 3035 5252 4851
1501 2 2 10 4 5508 5958 1146
1502 2 2 10 4 5075 8023 5118
1503 2 2 10 4 5342 7183 5338
1504 2 2 10 4 2605 4839 2272
1505 2 2 10 4 3869 7087 3498
1506 2 2 10 4 5612 7142 3556
1507 2 2 10 4 888 5949 886
1508 2 2 10 4 5080 6872 2687
1509 2 2 10 4 4251 6701 6549
1510 2 2 10 4 4929 7267 3567
1511 2 2 10 4 4760 6919 2558
1512 2 2 10 4 4794 7836 7667
1513 2 2 10 4 5836 5937 4088
1514 2 2 10 4 2037 5920 5406
1515 2 2 10 4 7413 7656 5734
1516 2 2 10 4 6810 7190 5765
1517 2 2 10 4 5192 6485 6334
1518 2 2 10 4 6761 6931 1000
1519 2 2 10 4 2427 6004 3637
1520 2 2 10 4 4525 7756 6018
1521 2 2 10 4 661 4927 4925
1522 2 2 10 4 4816 5743 3582
1523 2 2 10 4 3117 7744 5432
1524 2 2 10 4 5191 5214 5213
1525 2 2 10 4 5139 5217 5216
1526 2 2 10 4 5103 5245 5102
1527 2 2 10 4 3140 7584 4818
1528 2 2 10 4 3628 7836 4794
1529 2 2 10 4 6956 7330 5918
1530 2 2 10 4 4838 6829 3347
1531 2 2 10 4 6573 6962 4130
1532 2 2 10 4 4772 7079 1283
1533 2 2 10 4 5449 6876 1126
1534 2 2 10 4 7549 7715 4730
1535 2 2 10 4 4204 7741 7587
1536 2 2 10 4 4799 7115 3034
1537 2 2 10 4 7382 7469 6561
1538 2 2 10 4 3732 7417 5879
1539 2 2 10 4 5555 7172 4614
1540 2 2 10 4 4135 7262 5507
1541 2 2 10 4 731 6111 178
1542 2 2 10 4 177 6111 784
1543 2 2 10 4 2466 6688 4860
1544 2 2 10 4 5284 7068 2759
1545 2 2 10 4 804 7789 7455
1546 2 2 10 4 777 7365 7099
1547 2 2 10 4 6549 6701 2385
1548 2 2 10 4 7722 7797 4890
1549 2 2 10 4 5883 6814 2391
1550 2 2 10 4 4837 7924 182
1551 2 2 10 4 2829 8009 4573
1552 2 2 10 4 4460 5064 3657
1553 2 2 10 4 4957 5603 403
1554 2 2 10 4 4494 7829 7660
1555 2 2 10 4 3543 8026 7769
1556 2 2 10 4 3411 5505 4815
1557 2 2 10 4 4528 7226 3541
1558 2 2 10 4 5776 6471 580
1559 2 2 10 4 4488 4949 4642
1560 2 2 10 4 1216 5764 5496
1561 2 2 10 4 4820 6667 6270
1562 2 2 10 4 3021 5716 5715
1563 2 2 10 4 5110 7102 3777
1564 2 2 10 4 1372 5518 4868
1565 2 2 10 4 5139 5218 5217
1566 2 2 10 4 993 7030 992
1567 2 2 10 4 4655 7077 6862
1568 2 2 10 4 4909 7775 7729
1569 2 2 10 4 4912 5238 3443
1570 2 2 10 4 5718 6541 5717
1571 2 2 10 4 3576 4968 3623
1572 2 2 10 4 5635 5923 3185
1573 2 2 10 4 4770 7942 2604
1574 2 2 10 4 611 7868 5183
1575 2 2 10 4 7433 7874 4813
1576 2 2 10 4 5629 7552 7452
1577 2 2 10 4 3463 5364 5362
1578 2 2 10 4 6851 7901 4518
1579 2 2 10 4 5076 6872 5074
1580 2 2 10 4 2439 6770 5354
1581 2 2 10 4 3289 7896 5060
1582 2 2 10 4 4045 7137 6988
1583 2 2 10 4 976 7857 7678
1584 2 2 10 4 5060 7896 5059
1585 2 2 10 4 4518 7901 7835
1586 2 2 10 4 629 6817 6806
1587 2 2 10 4 2534 5716 3021
1588 2 2 10 4 5714 6727 6447
1589 2 2 10 4 5075 5118 5072
1590 2 2 10 4 676 7054 5502
1591 2 2 10 4 4573 7621 7570
1592 2 2 10 4 5475 7682 4577
1593 2 2 10 4 5174 7448 5012
1594 2 2 10 4 2284 5602 2276
1595 2 2 10 4 2493 5884 5356
1596 2 2 10 4 5375 6461 5374
1597 2 2 10 4 5106 5245 5103
1598 2 2 10 4 6194 6672 3957
1599 2 2 10 4 5413 7275 4405
1600 2 2 10 4 5701 7570 4031
1601 2 2 10 4 5605 8010 4548
1602 2 2 10 4 3536 4936 4572
1603 2 2 10 4 747 6982 5844
1604 2 2 10 4 4806 7828 1952
1605 2 2 10 4 7821 7841 1378
1606 2 2 10 4 809 5914 735
1607 2 2 10 4 5235 5378 3832
1608 2 2 10 4 2295 7528 4802
1609 2 2 10 4 2449 6762 4789
1610 2 2 10 4 7248 7575 366
1611 2 2 10 4 4635 4937 3539
1612 2 2 10 4 4650 7457 6048
1613 2 2 10 4 2105 5550 2103
1614 2 2 10 4 4924 7856 4923
1615 2 2 10 4 3693 6184 6183
1616 2 2 10 4 7367 7499 4597
1617 2 2 10 4 6525 6689 4159
1618 2 2 10 4 5299 7921 4962
1619 2 2 10 4 697 6114 5036
1620 2 2 10 4 4648 7457 4650
1621 2 2 10 4 4818 7564 3140
1622 2 2 10 4 964 7284 6045
1623 2 2 10 4 5260 8148 7889
1624 2 2 10 4 5211 8127 5541
1625 2 2 10 4 790 8078 805
1626 2 2 10 4 566 6738 4738
1627 2 2 10 4 2103 5550 2106
1628 2 2 10 4 4789 6931 6761
1629 2 2 10 4 5136 6941 4681
1630 2 2 10 4 6108 7829 4494
1631 2 2 10 4 4031 6844 5700
1632 2 2 10 4 2647 7476 4941
1633 2 2 10 4 4833 7576 4856
1634 2 2 10 4 4802 7761 2295
1635 2 2 10 4 3942 6564 3947
1636 2 2 10 4 2161 4844 3100
1637 2 2 10 4 4116 5466 3930
1638 2 2 10 4 6057 7520 680
1639 2 2 10 4 5566 7326 5584
1640 2 2 10 4 5929 6802 4348
1641 2 2 10 4 5471 6895 2550
1642 2 2 10 4 4817 5573 1559
1643 2 2 10 4 5242 5243 1255
1644 2 2 10 4 1198 5364 1196
1645 2 2 10 4 3563 5577 5576
1646 2 2 10 4 2420 6004 2422
1647 2 2 10 4 4661 5967 3850
1648 2 2 10 4 4876 7768 3003
1649 2 2 10 4 1345 6647 1362
1650 2 2 10 4 2934 6624 4914
1651 2 2 10 4 7224 7716 5013
1652 2 2 10 4 3506 6843 5822
1653 2 2 10 4 4488 7955 4949
1654 2 2 10 4 4764 5869 4822
1655 2 2 10 4 757 7792 4950
1656 2 2 10 4 6010 6817 629
1657 2 2 10 4 6485 7181 3330
1658 2 2 10 4 7082 7525 4947
1659 2 2 10 4 1491 7559 7197
1660 2 2 10 4 3948 4913 4619
1661 2 2 10 4 3003 7849 4876
1662 2 2 10 4 4868 5518 3497
1663 2 2 10 4 3496 5518 4710
1664 2 2 10 4 6392 7428 2405
1665 2 2 10 4 5406 6370 2037
1666 2 2 10 4 3560 5479 3558
1667 2 2 10 4 4652 4901 4653
1668 2 2 10 4 1145 5958 4986
1669 2 2 10 4 2013 5645 2011
1670 2 2 10 4 3894 4854 4853
1671 2 2 10 4 5552 6035 5743
1672 2 2 10 4 5374 6461 3261
1673 2 2 10 4 6070 7881 6071
1674 2 2 10 4 4577 7889 5475
1675 2 2 10 4 7881 8064 6071
1676 2 2 10 4 4698 7491 4364
1677 2 2 10 4 4789 6761 2449
1678 2 2 10 4 4698 7668 7491
1679 2 2 10 4 7172 7203 4614
1680 2 2 10 4 5753 5756 864
1681 2 2 10 4 5308 7372 5381
1682 2 2 10 4 5754 5757 5756
1683 2 2 10 4 5421 7874 7433
1684 2 2 10 4 2796 7176 5027
1685 2 2 10 4 5327 5536 5331
1686 2 2 10 4 5864 6955 377
1687 2 2 10 4 5559 6818 925
1688 2 2 10 4 7890 7998 5571
1689 2 2 10 4 5561 7965 5253
1690 2 2 10 4 646 7529 4755
1691 2 2 10 4 7099 7365 4895
1692 2 2 10 4 5880 7076 4684
1693 2 2 10 4 7124 7155 3224
1694 2 2 10 4 5350 6647 5352
1695 2 2 10 4 5231 7967 7799
1696 2 2 10 4 741 7070 5587
1697 2 2 10 4 2551 7333 5966
1698 2 2 10 4 4806 7762 3515
1699 2 2 10 4 1283 8027 4772
1700 2 2 10 4 4278 7232 4737
1701 2 2 10 4 649 5975 5813
1702 2 2 10 4 2759 6922 2319
1703 2 2 10 4 4950 8024 757
1704 2 2 10 4 4894 6174 3540
1705 2 2 10 4 2316 5790 2732
1706 2 2 10 4 4792 7739 1309
1707 2 2 10 4 4892 6174 4894
1708 2 2 10 4 7587 7741 6191
1709 2 2 10 4 5714 6447 5712
1710 2 2 10 4 4810 7199 4812
1711 2 2 10 4 2439 6647 1343
1712 2 2 10 4 4720 6564 3509
1713 2 2 10 4 6077 7544 7435
1714 2 2 10 4 5163 7694 4300
1715 2 2 10 4 3551 6667 4820
1716 2 2 10 4 2309 7055 4735
1717 2 2 10 4 4755 7529 752
1718 2 2 10 4 4782 7458 7447
1719 2 2 10 4 5231 7799 4713
1720 2 2 10 4 5895 7879 4143
1721 2 2 10 4 806 5541 808
1722 2 2 10 4 5551 6752 5921
1723 2 2 10 4 5070 5071 5066
1724 2 2 10 4 6746 7339 3994
1725 2 2 10 4 4968 6925 5614
1726 2 2 10 4 3555 7077 4666
1727 2 2 10 4 1848 7405 4804
1728 2 2 10 4 4119 7265 7232
1729 2 2 10 4 3794 7499 7367
1730 2 2 10 4 4380 5828 4379
1731 2 2 10 4 5263 5264 4183
1732 2 2 10 4 2388 6895 4917
1733 2 2 10 4 1952 7762 4806
1734 2 2 10 4 4637 7231 5557
1735 2 2 10 4 4586 7841 7821
1736 2 2 10 4 4989 6470 3429
1737 2 2 10 4 3425 7444 4801
1738 2 2 10 4 4690 6853 5113
1739 2 2 10 4 708 5627 4898
1740 2 2 10 4 2593 5862 2758
1741 2 2 10 4 564 5224 5223
1742 2 2 10 4 562 5227 5226
1743 2 2 10 4 5363 7094 2463
1744 2 2 10 4 680 7912 6057
1745 2 2 10 4 3894 5575 4854
1746 2 2 10 4 722 7505 7165
1747 2 2 10 4 5381 7372 4053
1748 2 2 10 4 5961 6884 5962
1749 2 2 10 4 3637 5267 4858
1750 2 2 10 4 5416 7775 4909
1751 2 2 10 4 813 5914 810
1752 2 2 10 4 4500 5475 4851
1753 2 2 10 4 2464 6876 5447
1754 2 2 10 4 5469 7890 5571
1755 2 2 10 4 5436 6650 4084
1756 2 2 10 4 5229 5694 721
1757 2 2 10 4 6650 7801 4084
1758 2 2 10 4 2040 5394 3311
1759 2 2 10 4 1256 5242 1255
1760 2 2 10 4 4820 8206 3551
1761 2 2 10 4 5071 5073 5072
1762 2 2 10 4 5091 6321 5090
1763 2 2 10 4 903 5901 900
1764 2 2 10 4 4237 6164 5482
1765 2 2 10 4 806 6698 5541
1766 2 2 10 4 1110 6717 1126
1767 2 2 10 4 4798 4799 3239
1768 2 2 10 4 4137 7297 4915
1769 2 2 10 4 7547 7867 4906
1770 2 2 10 4 2869 5929 4803
1771 2 2 10 4 3453 7458 4782
1772 2 2 10 4 1871 7087 4945
1773 2 2 10 4 6110 7162 5969
1774 2 2 10 4 5679 7531 4315
1775 2 2 10 4 7277 7278 5636
1776 2 2 10 4 6513 6908 4675
1777 2 2 10 4 2724 7655 7593
1778 2 2 10 4 5434 7301 3552
1779 2 2 10 4 1927 5704 2189
1780 2 2 10 4 4930 7041 2462
1781 2 2 10 4 4637 7271 7231
1782 2 2 10 4 5900 5901 903
1783 2 2 10 4 132 5234 647
1784 2 2 10 4 4962 8111 5299
1785 2 2 10 4 4924 8068 7856
1786 2 2 10 4 4519 7589 7543
1787 2 2 10 4 4522 7954 5205
1788 2 2 10 4 799 6698 803
1789 2 2 10 4 3034 7944 4799
1790 2 2 10 4 5230 5928 5201
1791 2 2 10 4 1126 6717 5451
1792 2 2 10 4 3205 7938 5153
1793 2 2 10 4 7762 7824 3515
1794 2 2 10 4 4896 6964 2242
1795 2 2 10 4 6825 6956 5587
1796 2 2 10 4 3167 5479 4853
1797 2 2 10 4 5925 6564 670
1798 2 2 10 4 2126 5598 2133
1799 2 2 10 4 4899 5644 2737
1800 2 2 10 4 2249 6016 4884
1801 2 2 10 4 4028 6651 6034
1802 2 2 10 4 4821 4973 2247
1803 2 2 10 4 4803 6835 2869
1804 2 2 10 4 7411 7585 4462
1805 2 2 10 4 7709 8201 5538
1806 2 2 10 4 4788 7459 7185
1807 2 2 10 4 1010 7782 6763
1808 2 2 10 4 2994 5744 2996
1809 2 2 10 4 5207 8012 5206
1810 2 2 10 4 5370 5936 2984
1811 2 2 10 4 5754 7060 5758
1812 2 2 10 4 4919 5857 5856
1813 2 2 10 4 3657 5064 3656
1814 2 2 10 4 7826 7835 5907
1815 2 2 10 4 4732 7289 4364
1816 2 2 10 4 5811 7494 6834
1817 2 2 10 4 1766 7005 5405
1818 2 2 10 4 7391 7878 4099
1819 2 2 10 4 6301 7885 5224
1820 2 2 10 4 5197 5675 4061
1821 2 2 10 4 4982 6513 1996
1822 2 2 10 4 4945 6469 1871
1823 2 2 10 4 5138 5219 5139
1824 2 2 10 4 1025 6877 5682
1825 2 2 10 4 6630 6742 4877
1826 2 2 10 4 676 7443 7054
1827 2 2 10 4 5319 7727 5372
1828 2 2 10 4 1359 7183 5342
1829 2 2 10 4 1196 5364 3463
1830 2 2 10 4 7060 7362 3213
1831 2 2 10 4 4364 7491 4732
1832 2 2 10 4 5282 5283 2388
1833 2 2 10 4 1153 7056 5509
1834 2 2 10 4 5538 5550 5549
1835 2 2 10 4 4793 7454 667
1836 2 2 10 4 996 6630 4877
1837 2 2 10 4 1142 8038 4872
1838 2 2 10 4 641 5248 5247
1839 2 2 10 4 5454 8080 2389
1840 2 2 10 4 7232 7265 4737
1841 2 2 10 4 5799 7058 6874
1842 2 2 10 4 4146 5822 5821
1843 2 2 10 4 3367 6796 2999
1844 2 2 10 4 4650 6048 4651
1845 2 2 10 4 4405 7275 3610
1846 2 2 10 4 4989 5095 4987
1847 2 2 10 4 5125 5220 5122
1848 2 2 10 4 5196 5198 591
1849 2 2 10 4 5142 5144 711
1850 2 2 10 4 4191 7353 5198
1851 2 2 10 4 3578 4959 3638
1852 2 2 10 4 5937 6841 4088
1853 2 2 10 4 3050 8112 7989
1854 2 2 10 4 4844 7171 3100
1855 2 2 10 4 2605 5602 4708
1856 2 2 10 4 6034 6651 1021
1857 2 2 10 4 5960 8112 3050
1858 2 2 10 4 2340 5791 2342
1859 2 2 10 4 4763 4913 3948
1860 2 2 10 4 6032 7274 4322
1861 2 2 10 4 6077 7435 6076
1862 2 2 10 4 7420 7553 4620
1863 2 2 10 4 5614 6925 3069
1864 2 2 10 4 3154 7325 6536
1865 2 2 10 4 4218 6603 5413
1866 2 2 10 4 3173 7058 4840
1867 2 2 10 4 7075 7139 633
1868 2 2 10 4 862 5756 1171
1869 2 2 10 4 4941 7579 2647
1870 2 2 10 4 5205 7954 724
1871 2 2 10 4 2558 7190 6810
1872 2 2 10 4 5165 5968 5168
1873 2 2 10 4 2691 6872 5076
1874 2 2 10 4 2760 6717 1112
1875 2 2 10 4 4511 5237 3036
1876 2 2 10 4 1417 5477 1415
1877 2 2 10 4 1935 6212 1960
1878 2 2 10 4 2631 6212 1939
1879 2 2 10 4 4769 8014 708
1880 2 2 10 4 2106 5550 5538
1881 2 2 10 4 230 7123 229
1882 2 2 10 4 671 7422 5922
1883 2 2 10 4 1727 7844 7667
1884 2 2 10 4 4518 7835 7826
1885 2 2 10 4 4774 7522 4775
1886 2 2 10 4 4848 6630 1000
1887 2 2 10 4 2344 5762 2346
1888 2 2 10 4 2997 6796 6795
1889 2 2 10 4 4257 7656 7413
1890 2 2 10 4 4464 7411 4462
1891 2 2 10 4 5329 7914 2786
1892 2 2 10 4 1009 5313 1012
1893 2 2 10 4 4947 7525 4525
1894 2 2 10 4 5581 5616 5615
1895 2 2 10 4 3886 8098 4561
1896 2 2 10 4 6080 7012 680
1897 2 2 10 4 6471 7109 580
1898 2 2 10 4 2247 4973 2240
1899 2 2 10 4 4137 7410 7297
1900 2 2 10 4 7419 7422 671
1901 2 2 10 4 692 7840 4796
1902 2 2 10 4 4908 5647 1027
1903 2 2 10 4 5820 6425 5023
1904 2 2 10 4 4801 7406 3425
1905 2 2 10 4 6988 7137 5882
1906 2 2 10 4 1621 7217 5239
1907 2 2 10 4 4461 7426 7313
1908 2 2 10 4 4980 7745 4979
1909 2 2 10 4 4379 5828 4631
1910 2 2 10 4 4029 4821 4030
1911 2 2 10 4 5498 8085 5935
1912 2 2 10 4 5012 7448 5013
1913 2 2 10 4 7530 7605 619
1914 2 2 10 4 3650 5238 4912
1915 2 2 10 4 2189 5704 2193
1916 2 2 10 4 3428 5967 4587
1917 2 2 10 4 5221 8126 5099
1918 2 2 10 4 1194 5727 1179
1919 2 2 10 4 866 5753 864
1920 2 2 10 4 4405 7704 5413
1921 2 2 10 4 535 5063 643
1922 2 2 10 4 407 5423 631
1923 2 2 10 4 5496 7970 2984
1924 2 2 10 4 5354 6770 6493
1925 2 2 10 4 5313 5314 1012
1926 2 2 10 4 4634 7320 5417
1927 2 2 10 4 6045 7284 4122
1928 2 2 10 4 4363 7116 7066
1929 2 2 10 4 6546 6651 3825
1930 2 2 10 4 5878 7221 6541
1931 2 2 10 4 2284 7311 5602
1932 2 2 10 4 3583 8160 4842
1933 2 2 10 4 7667 7844 4794
1934 2 2 10 4 4907 6065 732
1935 2 2 10 4 4464 7913 5595
1936 2 2 10 4 4850 8177 8104
1937 2 2 10 4 1252 5272 1250
1938 2 2 10 4 5027 7928 5024
1939 2 2 10 4 5601 5720 1781
1940 2 2 10 4 4116 5959 5464
1941 2 2 10 4 3348 6625 4960
1942 2 2 10 4 4632 8025 5161
1943 2 2 10 4 5175 7534 5173
1944 2 2 10 4 5375 7936 6462
1945 2 2 10 4 5694 8165 721
1946 2 2 10 4 5027 8157 2796
1947 2 2 10 4 5573 6017 1560
1948 2 2 10 4 756 6629 5709
1949 2 2 10 4 5255 6297 3622
1950 2 2 10 4 3354 5823 2915
1951 2 2 10 4 4980 7791 7745
1952 2 2 10 4 2786 7914 5456
1953 2 2 10 4 7481 7507 1647
1954 2 2 10 4 2545 7116 4847
1955 2 2 10 4 932 5626 931
1956 2 2 10 4 5144 5145 711
1957 2 2 10 4 364 5001 642
1958 2 2 10 4 2457 7431 4804
1959 2 2 10 4 4849 8177 4850
1960 2 2 10 4 4183 6019 5263
1961 2 2 10 4 2449 6809 6762
1962 2 2 10 4 5436 6498 1133
1963 2 2 10 4 5312 5316 5313
1964 2 2 10 4 5645 7269 2011
1965 2 2 10 4 6012 7104 3694
1966 2 2 10 4 6365 7507 7481
1967 2 2 10 4 3538 5686 4951
1968 2 2 10 4 3146 8000 2799
1969 2 2 10 4 4590 7887 7869
1970 2 2 10 4 1106 6876 2464
1971 2 2 10 4 4961 6039 3001
1972 2 2 10 4 5044 5623 4189
1973 2 2 10 4 5013 7448 7224
1974 2 2 10 4 6012 6853 4690
1975 2 2 10 4 5906 7689 4593
1976 2 2 10 4 5394 5805 3631
1977 2 2 10 4 5026 5820 5023
1978 2 2 10 4 4416 7258 5256
1979 2 2 10 4 5118 8023 687
1980 2 2 10 4 5149 5150 593
1981 2 2 10 4 5620 7263 4589
1982 2 2 10 4 4910 6841 579
1983 2 2 10 4 2081 6302 5409
1984 2 2 10 4 4386 7910 5168
1985 2 2 10 4 708 7453 4769
1986 2 2 10 4 1073 4978 1075
1987 2 2 10 4 4735 7282 6567
1988 2 2 10 4 5464 5465 4116
1989 2 2 10 4 2163 4844 2161
1990 2 2 10 4 5056 5378 5235
1991 2 2 10 4 5554 8161 5553
1992 2 2 10 4 6577 6717 2760
1993 2 2 10 4 3556 6586 5610
1994 2 2 10 4 5432 7216 4540
1995 2 2 10 4 948 4983 946
1996 2 2 10 4 4932 6212 2631
1997 2 2 10 4 1000 6931 4848
1998 2 2 10 4 2124 6536 5598
1999 2 2 10 4 4967 6245 1995
2000 2 2 10 4 4870 6245 4967
2001 2 2 10 4 5198 7751 4191
2002 2 2 10 4 4774 7900 755
2003 2 2 10 4 4788 7185 667
2004 2 2 10 4 992 7030 5267
2005 2 2 10 4 659 7018 4882
2006 2 2 10 4 5312 6796 5316
2007 2 2 10 4 4076 6597 5970
2008 2 2 10 4 4479 7605 7530
2009 2 2 10 4 4773 7245 7079
2010 2 2 10 4 5056 5057 5055
2011 2 2 10 4 5116 7888 5419
2012 2 2 10 4 749 5234 133
2013 2 2 10 4 6740 8068 5285
2014 2 2 10 4 1538 5985 5615
2015 2 2 10 4 5222 7850 4992
2016 2 2 10 4 599 5082 5077
2017 2 2 10 4 7522 7633 4775
2018 2 2 10 4 786 6952 5053
2019 2 2 10 4 7439 7463 5332
2020 2 2 10 4 5287 5317 5286
2021 2 2 10 4 5409 6302 5393
2022 2 2 10 4 3500 7469 7382
2023 2 2 10 4 711 5149 410
2024 2 2 10 4 4159 6689 4160
2025 2 2 10 4 4866 7472 2549
2026 2 2 10 4 5161 7306 4632
2027 2 2 10 4 7278 7498 5636
2028 2 2 10 4 5175 7396 7294
2029 2 2 10 4 5256 7258 2547
2030 2 2 10 4 5281 7816 6408
2031 2 2 10 4 783 7886 5859
2032 2 2 10 4 5413 6603 5412
2033 2 2 10 4 5284 8183 7068
2034 2 2 10 4 3443 6837 4912
2035 2 2 10 4 4828 7323 960
2036 2 2 10 4 4540 7475 5432
2037 2 2 10 4 620 7754 4795
2038 2 2 10 4 4848 6742 6630
2039 2 2 10 4 4713 7799 652
2040 2 2 10 4 4575 7575 7248
2041 2 2 10 4 4968 5614 3623
2042 2 2 10 4 1250 5272 4943
2043 2 2 10 4 5099 8126 6772
2044 2 2 10 4 5063 5064 643
2045 2 2 10 4 4736 7428 6392
2046 2 2 10 4 5643 7226 4528
2047 2 2 10 4 1024 5646 1027
2048 2 2 10 4 1318 6660 5505
2049 2 2 10 4 4975 5823 3354
2050 2 2 10 4 5818 7757 605
2051 2 2 10 4 7006 7044 5126
2052 2 2 10 4 4712 7969 7747
2053 2 2 10 4 6864 8002 589
2054 2 2 10 4 1126 6876 1108
2055 2 2 10 4 5945 7151 7027
2056 2 2 10 4 4935 4953 714
2057 2 2 10 4 571 6558 4918
2058 2 2 10 4 7869 7887 2762
2059 2 2 10 4 1198 6434 5364
2060 2 2 10 4 3165 6521 5584
2061 2 2 10 4 1014 5314 1019
2062 2 2 10 4 5519 5871 4051
2063 2 2 10 4 4934 7634 3254
2064 2 2 10 4 4965 7646 675
2065 2 2 10 4 4908 6923 5647
2066 2 2 10 4 4368 5637 4939
2067 2 2 10 4 7066 7116 2545
2068 2 2 10 4 714 4952 4935
2069 2 2 10 4 5548 5550 2105
2070 2 2 10 4 5198 7353 591
2071 2 2 10 4 5845 7555 5579
2072 2 2 10 4 4737 7947 4278
2073 2 2 10 4 5525 6938 5124
2074 2 2 10 4 5921 6752 3647
2075 2 2 10 4 630 7371 7350
2076 2 2 10 4 5124 6520 5126
2077 2 2 10 4 2869 6802 5929
2078 2 2 10 4 3801 6597 4076
2079 2 2 10 4 652 7780 4713
2080 2 2 10 4 5124 6938 6520
2081 2 2 10 4 8068 8183 5285
2082 2 2 10 4 4966 5887 2948
2083 2 2 10 4 1876 7718 4754
2084 2 2 10 4 4795 7604 620
2085 2 2 10 4 3536 5251 4936
2086 2 2 10 4 4029 4973 4821
2087 2 2 10 4 114 5998 113
2088 2 2 10 4 3206 7044 7006
2089 2 2 10 4 4997 5480 4996
2090 2 2 10 4 925 7302 922
2091 2 2 10 4 7437 7648 5187
2092 2 2 10 4 2035 6859 6686
2093 2 2 10 4 2144 7720 6503
2094 2 2 10 4 5077 6031 599
2095 2 2 10 4 2733 6672 6194
2096 2 2 10 4 4507 5283 5282
2097 2 2 10 4 5865 7521 4517
2098 2 2 10 4 5366 5368 5361
2099 2 2 10 4 4861 8133 4646
2100 2 2 10 4 3540 5730 4894
2101 2 2 10 4 1538 5615 3479
2102 2 2 10 4 5273 5640 1247
2103 2 2 10 4 1894 8131 4766
2104 2 2 10 4 4088 6841 4910
2105 2 2 10 4 7477 7532 4940
2106 2 2 10 4 5006 7050 662
2107 2 2 10 4 886 7236 884
2108 2 2 10 4 7688 7703 5670
2109 2 2 10 4 4928 7502 6068
2110 2 2 10 4 1993 7802 6545
2111 2 2 10 4 2240 4973 2244
2112 2 2 10 4 5491 5492 5490
2113 2 2 10 4 4726 6955 5864
2114 2 2 10 4 4855 6573 4130
2115 2 2 10 4 4853 5479 3560
2116 2 2 10 4 5599 6505 1739
2117 2 2 10 4 931 5626 1649
2118 2 2 10 4 2217 5900 903
2119 2 2 10 4 2117 5583 2120
2120 2 2 10 4 4085 6116 5278
2121 2 2 10 4 4177 7041 4930
2122 2 2 10 4 2963 7624 7569
2123 2 2 10 4 2332 6624 2934
2124 2 2 10 4 6874 7058 3173
2125 2 2 10 4 3551 5280 5261
2126 2 2 10 4 2540 5718 5716
2127 2 2 10 4 6053 7681 5096
2128 2 2 10 4 4837 7384 4836
2129 2 2 10 4 1213 7118 5557
2130 2 2 10 4 5070 5073 5071
2131 2 2 10 4 3036 5472 2177
2132 2 2 10 4 7065 7336 4932
2133 2 2 10 4 2870 6674 5896
2134 2 2 10 4 680 7520 6080
2135 2 2 10 4 5515 7937 750
2136 2 2 10 4 631 5423 5146
2137 2 2 10 4 5419 7888 4433
2138 2 2 10 4 4571 5425 5303
2139 2 2 10 4 7135 7493 7464
2140 2 2 10 4 5505 6660 4815
2141 2 2 10 4 5001 5002 642
2142 2 2 10 4 4767 6265 5266
2143 2 2 10 4 4864 7404 721
2144 2 2 10 4 7593 7655 4491
2145 2 2 10 4 2477 5379 2479
2146 2 2 10 4 4937 5254 3539
2147 2 2 10 4 5395 6475 1978
2148 2 2 10 4 5393 6302 2035
2149 2 2 10 4 2732 5790 5784
2150 2 2 10 4 5362 7272 5365
2151 2 2 10 4 7668 7987 1148
2152 2 2 10 4 6545 7802 4693
2153 2 2 10 4 7555 7639 5579
2154 2 2 10 4 5584 6521 3611
2155 2 2 10 4 4916 6010 777
2156 2 2 10 4 2992 6828 2994
2157 2 2 10 4 2390 5522 5521
2158 2 2 10 4 4084 6498 5436
2159 2 2 10 4 4134 7443 5933
2160 2 2 10 4 5587 7070 5586
2161 2 2 10 4 6927 7861 6531
2162 2 2 10 4 3254 7537 4934
2163 2 2 10 4 5021 5022 598
2164 2 2 10 4 5184 7205 577
2165 2 2 10 4 7294 7534 5175
2166 2 2 10 4 6549 7781 3776
2167 2 2 10 4 5096 7778 6053
2168 2 2 10 4 6026 7036 3918
2169 2 2 10 4 2938 5477 1417
2170 2 2 10 4 4897 5277 4387
2171 2 2 10 4 7176 7928 5027
2172 2 2 10 4 5498 7115 4800
2173 2 2 10 4 5351 7990 3019
2174 2 2 10 4 5302 5723 5301
2175 2 2 10 4 2033 7128 4823
2176 2 2 10 4 3354 5250 4975
2177 2 2 10 4 946 4983 1996
2178 2 2 10 4 5625 5626 932
2179 2 2 10 4 7350 7371 4369
2180 2 2 10 4 5100 7178 561
2181 2 2 10 4 2338 6854 2340
2182 2 2 10 4 4805 7304 669
2183 2 2 10 4 4217 5958 5508
2184 2 2 10 4 4999 7691 6227
2185 2 2 10 4 6006 6654 1131
2186 2 2 10 4 982 6911 4948
2187 2 2 10 4 7403 7536 5273
2188 2 2 10 4 7747 7969 4449
2189 2 2 10 4 4047 7240 4874
2190 2 2 10 4 4959 4960 3638
2191 2 2 10 4 3561 5576 3894
2192 2 2 10 4 4187 6297 5255
2193 2 2 10 4 5417 7494 4634
2194 2 2 10 4 4738 7697 566
2195 2 2 10 4 714 6987 504
2196 2 2 10 4 4812 7199 6430
2197 2 2 10 4 2737 6814 4899
2198 2 2 10 4 5891 5895 5894
2199 2 2 10 4 6048 7681 4651
2200 2 2 10 4 7593 7600 6916
2201 2 2 10 4 3185 7223 5635
2202 2 2 10 4 5314 5315 1019
2203 2 2 10 4 4438 7757 5818
2204 2 2 10 4 6767 7794 7554
2205 2 2 10 4 5339 7280 5342
2206 2 2 10 4 4469 7825 6707
2207 2 2 10 4 755 7522 4774
2208 2 2 10 4 5706 7276 6426
2209 2 2 10 4 3032 8143 5748
2210 2 2 10 4 7263 7288 4589
2211 2 2 10 4 3811 6600 5093
2212 2 2 10 4 3007 8090 7956
2213 2 2 10 4 5686 7346 4160
2214 2 2 10 4 5214 7878 7391
2215 2 2 10 4 2353 5283 2351
2216 2 2 10 4 6536 7325 5598
2217 2 2 10 4 2346 6824 2348
2218 2 2 10 4 6164 7485 5482
2219 2 2 10 4 7781 7875 3776
2220 2 2 10 4 5113 6853 715
2221 2 2 10 4 5933 8106 4134
2222 2 2 10 4 6897 7081 6419
2223 2 2 10 4 1075 4978 1160
2224 2 2 10 4 4729 7670 5271
2225 2 2 10 4 5748 8011 3032
2226 2 2 10 4 1979 7862 6274
2227 2 2 10 4 5278 6116 665
2228 2 2 10 4 3873 7625 7595
2229 2 2 10 4 1739 6608 1736
2230 2 2 10 4 7541 7680 746
2231 2 2 10 4 4875 7327 644
2232 2 2 10 4 5345 5346 5344
2233 2 2 10 4 3348 4960 4959
2234 2 2 10 4 2177 5472 4136
2235 2 2 10 4 1256 6580 5242
2236 2 2 10 4 8082 8133 4861
2237 2 2 10 4 1559 5573 1560
2238 2 2 10 4 6426 8204 5706
2239 2 2 10 4 1996 4983 4982
2240 2 2 10 4 687 7496 5212
2241 2 2 10 4 310 7934 5248
2242 2 2 10 4 5431 5684 5683
2243 2 2 10 4 3802 5251 3102
2244 2 2 10 4 678 6715 4933
2245 2 2 10 4 1116 6579 1114
2246 2 2 10 4 4511 7328 5237
2247 2 2 10 4 982 7088 979
2248 2 2 10 4 3454 5425 3110
2249 2 2 10 4 6975 7045 1017
2250 2 2 10 4 3059 5637 3446
2251 2 2 10 4 5108 5110 5107
2252 2 2 10 4 5132 5133 5131
2253 2 2 10 4 5164 5968 5165
2254 2 2 10 4 5160 5162 5161
2255 2 2 10 4 5054 5056 5055
2256 2 2 10 4 4995 4997 4996
2257 2 2 10 4 5066 5071 5065
2258 2 2 10 4 5209 5800 5210
2259 2 2 10 4 1871 6469 1799
2260 2 2 10 4 6467 7118 6901
2261 2 2 10 4 4977 8122 627
2262 2 2 10 4 5236 5558 3823
2263 2 2 10 4 4956 5603 4957
2264 2 2 10 4 6038 6928 5641
2265 2 2 10 4 5610 6586 5609
2266 2 2 10 4 4856 7576 736
2267 2 2 10 4 4754 7833 1876
2268 2 2 10 4 2733 7104 6672
2269 2 2 10 4 5148 7355 3308
2270 2 2 10 4 5896 6674 6543
2271 2 2 10 4 5950 6805 5644
2272 2 2 10 4 7384 7756 4836
2273 2 2 10 4 627 7165 4977
2274 2 2 10 4 5738 5874 5461
2275 2 2 10 4 3592 4968 3576
2276 2 2 10 4 4315 7679 5679
2277 2 2 10 4 4804 7405 2457
2278 2 2 10 4 5195 8013 3832
2279 2 2 10 4 1621 6975 952
2280 2 2 10 4 4975 5250 4198
2281 2 2 10 4 751 7610 4862
2282 2 2 10 4 5141 8086 5219
2283 2 2 10 4 6992 7980 4562
2284 2 2 10 4 1879 6550 1866
2285 2 2 10 4 4838 5640 5273
2286 2 2 10 4 579 8197 4910
2287 2 2 10 4 7313 7426 2411
2288 2 2 10 4 5555 7081 2530
2289 2 2 10 4 4130 7062 4855
2290 2 2 10 4 758 5836 5835
2291 2 2 10 4 1759 7001 5931
2292 2 2 10 4 3261 6634 5374
2293 2 2 10 4 675 7646 5215
2294 2 2 10 4 5236 7144 6940
2295 2 2 10 4 7452 7552 4316
2296 2 2 10 4 6415 6682 5860
2297 2 2 10 4 3387 5318 3057
2298 2 2 10 4 4944 6114 697
2299 2 2 10 4 4375 7703 7688
2300 2 2 10 4 5314 5316 5315
2301 2 2 10 4 1114 6579 2760
2302 2 2 10 4 5719 7235 2528
2303 2 2 10 4 5497 6527 3034
2304 2 2 10 4 697 6664 4944
2305 2 2 10 4 1238 5233 1236
2306 2 2 10 4 4933 6091 678
2307 2 2 10 4 6916 7600 2702
2308 2 2 10 4 4646 8133 6891
2309 2 2 10 4 3552 7301 7000
2310 2 2 10 4 5858 5903 5051
2311 2 2 10 4 4850 8104 5290
2312 2 2 10 4 5489 5491 5490
2313 2 2 10 4 5177 6697 716
2314 2 2 10 4 5266 6265 696
2315 2 2 10 4 4840 7091 3173
2316 2 2 10 4 6219 7072 5042
2317 2 2 10 4 5524 7659 4998
2318 2 2 10 4 5994 7966 826
2319 2 2 10 4 3537 5243 5242
2320 2 2 10 4 1642 4978 1073
2321 2 2 10 4 2122 5565 2119
2322 2 2 10 4 4118 7336 7065
2323 2 2 10 4 5818 7880 4438
2324 2 2 10 4 1179 5727 1138
2325 2 2 10 4 4465 7155 7124
2326 2 2 10 4 3212 7259 3801
2327 2 2 10 4 2108 5548 2105
2328 2 2 10 4 2248 5264 2234
2329 2 2 10 4 4587 8043 6994
2330 2 2 10 4 4916 6817 6010
2331 2 2 10 4 5237 5472 3036
2332 2 2 10 4 5380 7484 4818
2333 2 2 10 4 2318 6934 5790
2334 2 2 10 4 1924 5530 1897
2335 2 2 10 4 4953 7147 5246
2336 2 2 10 4 2035 6686 5393
2337 2 2 10 4 5821 6040 4146
2338 2 2 10 4 5488 5489 5484
2339 2 2 10 4 1968 5874 1851
2340 2 2 10 4 1027 5646 4908
2341 2 2 10 4 5639 7517 1295
2342 2 2 10 4 4951 5685 3538
2343 2 2 10 4 593 6679 412
2344 2 2 10 4 4507 7169 5283
2345 2 2 10 4 798 6698 799
2346 2 2 10 4 3823 5558 4141
2347 2 2 10 4 6502 7182 2938
2348 2 2 10 4 5019 5028 5025
2349 2 2 10 4 5038 5268 5043
2350 2 2 10 4 5046 5270 5051
2351 2 2 10 4 4305 5558 5236
2352 2 2 10 4 2388 5283 2353
2353 2 2 10 4 5759 7278 4474
2354 2 2 10 4 4860 6688 4169
2355 2 2 10 4 2463 7094 6816
2356 2 2 10 4 2535 6928 6038
2357 2 2 10 4 3578 5677 4959
2358 2 2 10 4 5339 7299 7280
2359 2 2 10 4 3994 7705 6746
2360 2 2 10 4 3558 5479 5265
2361 2 2 10 4 2915 5823 3432
2362 2 2 10 4 4980 7823 7791
2363 2 2 10 4 3198 5379 2477
2364 2 2 10 4 3870 6595 5971
2365 2 2 10 4 4241 7517 5639
2366 2 2 10 4 1272 5685 1270
2367 2 2 10 4 5830 6798 6420
2368 2 2 10 4 3694 6606 6012
2369 2 2 10 4 4141 6489 5510
2370 2 2 10 4 1017 4983 948
2371 2 2 10 4 1885 7978 1899
2372 2 2 10 4 6795 6796 5312
2373 2 2 10 4 6541 7221 5717
2374 2 2 10 4 5750 5752 1170
2375 2 2 10 4 4467 7917 5227
2376 2 2 10 4 3551 5261 1119
2377 2 2 10 4 4528 7929 5643
2378 2 2 10 4 5510 6400 4141
2379 2 2 10 4 7376 7451 5722
2380 2 2 10 4 3446 5637 4368
2381 2 2 10 4 800 5600 727
2382 2 2 10 4 5093 6853 6606
2383 2 2 10 4 5547 6422 5624
2384 2 2 10 4 1468 6682 6415
2385 2 2 10 4 5371 7970 5495
2386 2 2 10 4 934 5625 932
2387 2 2 10 4 5387 5976 5383
2388 2 2 10 4 810 5914 809
2389 2 2 10 4 4420 5914 813
2390 2 2 10 4 5900 6720 4083
2391 2 2 10 4 2120 5583 3611
2392 2 2 10 4 7028 7222 4480
2393 2 2 10 4 232 7234 640
2394 2 2 10 4 695 5021 348
2395 2 2 10 4 5409 5514 5407
2396 2 2 10 4 5108 7102 5110
2397 2 2 10 4 4677 6720 5900
2398 2 2 10 4 690 5524 4998
2399 2 2 10 4 558 5525 5124
2400 2 2 10 4 705 5526 5163
2401 2 2 10 4 701 5527 5158
2402 2 2 10 4 5901 7226 899
2403 2 2 10 4 362 5000 363
2404 2 2 10 4 4943 8059 7558
2405 2 2 10 4 2938 7182 5477
2406 2 2 10 4 7197 7559 5298
2407 2 2 10 4 5153 7938 5154
2408 2 2 10 4 4860 6888 2466
2409 2 2 10 4 3216 7748 5085
2410 2 2 10 4 5558 6489 4141
2411 2 2 10 4 7238 7857 5941
2412 2 2 10 4 3057 5318 3367
2413 2 2 10 4 1659 6400 5510
2414 2 2 10 4 4815 7765 3411
2415 2 2 10 4 4152 7446 5681
2416 2 2 10 4 2199 7036 6026
2417 2 2 10 4 809 5600 800
2418 2 2 10 4 2390 5521 2370
2419 2 2 10 4 1766 6890 1763
2420 2 2 10 4 6633 7438 6008
2421 2 2 10 4 4936 5251 3802
2422 2 2 10 4 6727 7125 581
2423 2 2 10 4 5343 5345 5344
2424 2 2 10 4 1164 5642 1103
2425 2 2 10 4 5000 5001 363
2426 2 2 10 4 5944 7151 5945
2427 2 2 10 4 8101 8109 5481
2428 2 2 10 4 5931 7001 4355
2429 2 2 10 4 2056 6634 3261
2430 2 2 10 4 4956 5944 5603
2431 2 2 10 4 4154 6992 4562
2432 2 2 10 4 5000 7204 5001
2433 2 2 10 4 5338 5343 5334
2434 2 2 10 4 5462 7629 3700
2435 2 2 10 4 6068 8102 4928
2436 2 2 10 4 5052 5562 5047
2437 2 2 10 4 5180 5563 5183
2438 2 2 10 4 5174 5228 698
2439 2 2 10 4 5015 5018 695
2440 2 2 10 4 5191 5213 707
2441 2 2 10 4 592 5212 5104
2442 2 2 10 4 5097 5100 561
2443 2 2 10 4 5137 5223 5140
2444 2 2 10 4 5010 5014 722
2445 2 2 10 4 5139 5216 632
2446 2 2 10 4 5089 5226 5091
2447 2 2 10 4 5102 5245 710
2448 2 2 10 4 693 5220 5099
2449 2 2 10 4 604 5225 5017
2450 2 2 10 4 5116 5419 700
2451 2 2 10 4 5031 5230 664
2452 2 2 10 4 5039 5229 587
2453 2 2 10 4 600 5228 5012
2454 2 2 10 4 4990 5222 4992
2455 2 2 10 4 5178 5184 577
2456 2 2 10 4 5047 5562 733
2457 2 2 10 4 5029 5215 5032
2458 2 2 10 4 688 5563 5180
2459 2 2 10 4 724 6009 5005
2460 2 2 10 4 1045 7004 1046
2461 2 2 10 4 4182 6019 4183
2462 2 2 10 4 1740 5599 1739
2463 2 2 10 4 5018 5019 695
2464 2 2 10 4 5223 5224 5140
2465 2 2 10 4 5226 5227 5091
2466 2 2 10 4 1236 5233 3239
2467 2 2 10 4 5667 5672 5671
2468 2 2 10 4 7569 7624 4751
2469 2 2 10 4 5307 7004 1045
2470 2 2 10 4 798 799 727
2471 2 2 10 4 5107 5110 585
2472 2 2 10 4 5131 5133 712
2473 2 2 10 4 5164 5165 567
2474 2 2 10 4 5054 5055 717
2475 2 2 10 4 4995 4996 626
2476 2 2 10 4 5160 5161 575
2477 2 2 10 4 5065 5071 601
2478 2 2 10 4 5209 5210 723
2479 2 2 10 4 3317 6013 3730
2480 2 2 10 4 4657 6900 5979
2481 2 2 10 4 6771 7809 5184
2482 2 2 10 4 4953 6987 714
2483 2 2 10 4 598 6425 350
2484 2 2 10 4 4873 7509 1928
2485 2 2 10 4 5824 7456 7307
2486 2 2 10 4 4187 6519 6297
2487 2 2 10 4 5709 6629 4144
2488 2 2 10 4 4987 5095 391
2489 2 2 10 4 385 798 727
2490 2 2 10 4 359 5524 690
2491 2 2 10 4 545 5003 684
2492 2 2 10 4 554 4994 730
2493 2 2 10 4 397 5171 5127
2494 2 2 10 4 415 5107 585
2495 2 2 10 4 499 5131 712
2496 2 2 10 4 333 5036 576
2497 2 2 10 4 427 5525 558
2498 2 2 10 4 325 5176 560
2499 2 2 10 4 409 5142 711
2500 2 2 10 4 457 5159 713
2501 2 2 10 4 5 5164 567
2502 2 2 10 4 361 4995 626
2503 2 2 10 4 479 5135 574
2504 2 2 10 4 459 5200 588
2505 2 2 10 4 320 5156 562
2506 2 2 10 4 5122 5220 429
2507 2 2 10 4 327 5113 715
2508 2 2 10 4 318 5527 701
2509 2 2 10 4 481 5094 692
2510 2 2 10 4 343 5054 717
2511 2 2 10 4 417 5526 705
2512 2 2 10 4 483 5114 563
2513 2 2 10 4 467 5065 601
2514 2 2 10 4 419 5160 575
2515 2 2 10 4 485 5115 709
2516 2 2 10 4 469 5118 687
2517 2 2 10 4 537 5112 5006
2518 2 2 10 4 521 5196 591
2519 2 2 10 4 339 5170 704
2520 2 2 10 4 335 5177 716
2521 2 2 10 4 556 5205 724
2522 2 2 10 4 5136 5556 549
2523 2 2 10 4 439 5202 675
2524 2 2 10 4 5206 5278 369
2525 2 2 10 4 543 5209 723
2526 2 2 10 4 5465 5466 4116
2527 2 2 10 4 3308 7228 5148
2528 2 2 10 4 2549 7580 4866
2529 2 2 10 4 8012 8048 4118
2530 2 2 10 4 5281 6059 683
2531 2 2 10 4 5738 7862 1979
2532 2 2 10 4 1427 5279 1616
2533 2 2 10 4 4884 6781 2249
2534 2 2 10 4 772 7837 4807
2535 2 2 10 4 4946 7148 720
2536 2 2 10 4 5687 5921 5288
2537 2 2 10 4 4083 5901 5900
2538 2 2 10 4 4076 7158 4583
2539 2 2 10 4 5551 5921 994
2540 2 2 10 4 5358 5366 5361
2541 2 2 10 4 5495 7970 5496
2542 2 2 10 4 5268 5820 5269
2543 2 2 10 4 5971 6595 1267
2544 2 2 10 4 4847 7191 2545
2545 2 2 10 4 35 8082 4861
2546 2 2 10 4 6420 6798 3909
2547 2 2 10 4 5309 5311 1414
2548 2 2 10 4 637 7257 4888
2549 2 2 10 4 4475 6882 4152
2550 2 2 10 4 5300 5302 5301
2551 2 2 10 4 5565 5583 2119
2552 2 2 10 4 667 7454 4788
2553 2 2 10 4 5759 6658 3461
2554 2 2 10 4 1983 5677 1791
2555 2 2 10 4 1056 5265 2634
2556 2 2 10 4 5566 5583 5565
2557 2 2 10 4 5735 5736 2538
2558 2 2 10 4 5691 5692 5690
2559 2 2 10 4 4773 7079 4772
2560 2 2 10 4 2150 5274 5253
2561 2 2 10 4 7027 7151 3040
2562 2 2 10 4 6883 6890 5405
2563 2 2 10 4 3986 8071 5341
2564 2 2 10 4 4144 6558 5709
2565 2 2 10 4 4467 7851 4468
2566 2 2 10 4 1170 5753 866
2567 2 2 10 4 5240 5245 4027
2568 2 2 10 4 1012 5314 1014
2569 2 2 10 4 4061 7468 5199
2570 2 2 10 4 5291 5292 3002
2571 2 2 10 4 1831 5619 1875
2572 2 2 10 4 2994 6828 5744
2573 2 2 10 4 5488 5491 5489
2574 2 2 10 4 4762 7857 7238
2575 2 2 10 4 3253 5466 5465
2576 2 2 10 4 5321 5535 5327
2577 2 2 10 4 3910 5305 3569
2578 2 2 10 4 5320 5321 2916
2579 2 2 10 4 5707 7719 655
2580 2 2 10 4 4561 8098 4668
2581 2 2 10 4 3568 5302 5300
2582 2 2 10 4 5704 5705 5703
2583 2 2 10 4 1176 8036 4893
2584 2 2 10 4 1978 6890 6883
2585 2 2 10 4 5068 5079 5070
2586 2 2 10 4 5303 5425 3454
2587 2 2 10 4 5244 7680 7541
2588 2 2 10 4 5039 5694 5229
2589 2 2 10 4 5200 7358 588
2590 2 2 10 4 3289 7177 5020
2591 2 2 10 4 4474 6658 5759
2592 2 2 10 4 1270 5685 4951
2593 2 2 10 4 6070 7699 1928
2594 2 2 10 4 3001 6039 2998
2595 2 2 10 4 5333 5343 2950
2596 2 2 10 4 1170 5816 5750
2597 2 2 10 4 2247 6019 4821
2598 2 2 10 4 669 8063 4805
2599 2 2 10 4 7484 7564 4818
2600 2 2 10 4 5019 8029 5028
2601 2 2 10 4 7956 8090 4905
2602 2 2 10 4 1894 7923 5304
2603 2 2 10 4 3101 5434 1444
2604 2 2 10 4 2530 7081 6897
2605 2 2 10 4 4440 6964 4896
2606 2 2 10 4 5718 6990 6541
2607 2 2 10 4 5258 5259 3629
2608 2 2 10 4 5286 5317 1018
2609 2 2 10 4 7230 7782 1010
2610 2 2 10 4 5018 8029 5019
2611 2 2 10 4 6686 6859 5408
2612 2 2 10 4 2928 5366 5357
2613 2 2 10 4 5391 5408 5392
2614 2 2 10 4 5935 7972 5934
2615 2 2 10 4 820 5996 822
2616 2 2 10 4 5519 7668 1148
2617 2 2 10 4 5224 8034 6301
2618 2 2 10 4 5683 5984 5431
2619 2 2 10 4 5667 5673 5672
2620 2 2 10 4 4843 6237 5972
2621 2 2 10 4 4139 8051 7649
2622 2 2 10 4 5721 6572 6553
2623 2 2 10 4 5272 8059 4943
2624 2 2 10 4 4984 4985 2110
2625 2 2 10 4 2491 5884 2493
2626 2 2 10 4 2772 5254 3051
2627 2 2 10 4 5634 5642 5544
2628 2 2 10 4 5108 7755 7102
2629 2 2 10 4 4898 7453 708
2630 2 2 10 4 4079 5570 5569
2631 2 2 10 4 4894 5729 1176
2632 2 2 10 4 3931 5959 4116
2633 2 2 10 4 5302 7892 5723
2634 2 2 10 4 2340 6854 5791
2635 2 2 10 4 2644 5501 2216
2636 2 2 10 4 3591 5473 5472
2637 2 2 10 4 1415 5477 5476
2638 2 2 10 4 5320 5535 5321
2639 2 2 10 4 5762 6824 2346
2640 2 2 10 4 5781 5785 5778
2641 2 2 10 4 6008 7438 4095
2642 2 2 10 4 6827 6882 4475
2643 2 2 10 4 1928 7699 4873
2644 2 2 10 4 5239 7045 6975
2645 2 2 10 4 2317 5284 2759
2646 2 2 10 4 2382 5308 2395
2647 2 2 10 4 732 7150 4907
2648 2 2 10 4 2702 7600 4866
2649 2 2 10 4 5020 7896 3289
2650 2 2 10 4 2527 5735 2538
2651 2 2 10 4 1875 5621 1829
2652 2 2 10 4 2463 7291 5363
2653 2 2 10 4 3568 5300 3295
2654 2 2 10 4 5271 6955 4726
2655 2 2 10 4 5466 8116 4024
2656 2 2 10 4 5316 6796 3367
2657 2 2 10 4 5500 5501 2648
2658 2 2 10 4 3583 5373 1067
2659 2 2 10 4 363 5001 364
2660 2 2 10 4 5935 8092 7972
2661 2 2 10 4 1978 6475 1758
2662 2 2 10 4 4407 7035 6784
2663 2 2 10 4 4608 5883 5528
2664 2 2 10 4 3693 7755 6184
2665 2 2 10 4 3253 5465 2175
2666 2 2 10 4 4917 5471 4411
2667 2 2 10 4 3463 5727 1194
2668 2 2 10 4 5866 7375 7240
2669 2 2 10 4 5531 6550 5530
2670 2 2 10 4 4551 8146 7205
2671 2 2 10 4 1372 4969 1330
2672 2 2 10 4 1812 5803 1811
2673 2 2 10 4 1373 5289 1340
2674 2 2 10 4 7364 7372 3488
2675 2 2 10 4 7250 8046 4756
2676 2 2 10 4 6607 6661 5849
2677 2 2 10 4 4843 5972 4978
2678 2 2 10 4 5334 5343 5333
2679 2 2 10 4 5639 8054 4241
2680 2 2 10 4 1255 5272 1252
2681 2 2 10 4 7900 8028 755
2682 2 2 10 4 4507 5282 4502
2683 2 2 10 4 1309 5411 1305
2684 2 2 10 4 5127 5919 5128
2685 2 2 10 4 244 8151 4867
2686 2 2 10 4 5544 5923 5634
2687 2 2 10 4 6901 7118 1213
2688 2 2 10 4 2594 5414 2134
2689 2 2 10 4 5192 8076 5191
2690 2 2 10 4 6798 7201 7084
2691 2 2 10 4 4665 6961 5626
2692 2 2 10 4 1928 7881 6070
2693 2 2 10 4 450 7139 4954
2694 2 2 10 4 5666 5671 1379
2695 2 2 10 4 5042 7467 6219
2696 2 2 10 4 2990 5291 3002
2697 2 2 10 4 5667 5671 5666
2698 2 2 10 4 4981 4983 1017
2699 2 2 10 4 5975 8191 5813
2700 2 2 10 4 5357 5366 5358
2701 2 2 10 4 6861 7179 6965
2702 2 2 10 4 1003 5286 1018
2703 2 2 10 4 5979 6900 2875
2704 2 2 10 4 4765 6823 4844
2705 2 2 10 4 3347 5233 1238
2706 2 2 10 4 878 5650 1165
2707 2 2 10 4 2984 5936 1211
2708 2 2 10 4 2529 5737 2533
2709 2 2 10 4 2831 5438 5437
2710 2 2 10 4 5484 5489 5483
2711 2 2 10 4 6269 7248 642
2712 2 2 10 4 3540 5954 5730
2713 2 2 10 4 1444 5434 1436
2714 2 2 10 4 5147 7535 7442
2715 2 2 10 4 5189 5193 5190
2716 2 2 10 4 5195 5378 5194
2717 2 2 10 4 5037 5268 5038
2718 2 2 10 4 5045 5270 5046
2719 2 2 10 4 5172 5175 5173
2720 2 2 10 4 6232 7242 4992
2721 2 2 10 4 1433 5435 1439
2722 2 2 10 4 6177 7104 2733
2723 2 2 10 4 4495 7628 5693
2724 2 2 10 4 4290 7497 5129
2725 2 2 10 4 5055 5059 717
2726 2 2 10 4 4923 7856 6709
2727 2 2 10 4 2336 5320 2916
2728 2 2 10 4 1866 6550 3830
2729 2 2 10 4 1845 5843 5802
2730 2 2 10 4 2266 5957 2958
2731 2 2 10 4 4389 7657 5876
2732 2 2 10 4 4695 6019 4182
2733 2 2 10 4 4504 5604 4507
2734 2 2 10 4 5617 7243 6699
2735 2 2 10 4 4351 8055 5554
2736 2 2 10 4 4034 5868 4033
2737 2 2 10 4 5085 7907 3216
2738 2 2 10 4 4949 7955 775
2739 2 2 10 4 5689 5691 5690
2740 2 2 10 4 4422 7032 4718
2741 2 2 10 4 1117 6667 3551
2742 2 2 10 4 5171 5919 5127
2743 2 2 10 4 5031 5928 5230
2744 2 2 10 4 1007 5309 1414
2745 2 2 10 4 7719 7800 655
2746 2 2 10 4 4668 8098 8067
2747 2 2 10 4 5290 8031 4850
2748 2 2 10 4 1781 6669 5601
2749 2 2 10 4 2538 5737 2529
2750 2 2 10 4 5372 7727 1023
2751 2 2 10 4 615 7952 4757
2752 2 2 10 4 5170 7025 704
2753 2 2 10 4 5459 5462 5460
2754 2 2 10 4 3515 7824 4060
2755 2 2 10 4 3588 5518 1372
2756 2 2 10 4 1258 6580 1256
2757 2 2 10 4 5788 7119 7010
2758 2 2 10 4 747 7770 6982
2759 2 2 10 4 1332 5458 3588
2760 2 2 10 4 2489 5333 2950
2761 2 2 10 4 4575 7812 7575
2762 2 2 10 4 4371 7536 7403
2763 2 2 10 4 1640 5422 3207
2764 2 2 10 4 5472 5473 4136
2765 2 2 10 4 5263 6019 2247
2766 2 2 10 4 4666 7077 5815
2767 2 2 10 4 1330 4969 1328
2768 2 2 10 4 1865 5459 1861
2769 2 2 10 4 2003 6035 2018
2770 2 2 10 4 7433 7823 4980
2771 2 2 10 4 5483 5489 2978
2772 2 2 10 4 5658 5746 5657
2773 2 2 10 4 1782 6669 1781
2774 2 2 10 4 5553 5597 4106
2775 2 2 10 4 5657 5746 1630
2776 2 2 10 4 1218 5764 1216
2777 2 2 10 4 5949 7236 886
2778 2 2 10 4 3034 6527 1230
2779 2 2 10 4 6709 8004 4923
2780 2 2 10 4 5481 8109 6948
2781 2 2 10 4 2928 5357 1207
2782 2 2 10 4 5338 5345 5343
2783 2 2 10 4 1020 5372 1023
2784 2 2 10 4 7585 7776 4463
2785 2 2 10 4 3100 5561 5274
2786 2 2 10 4 917 7046 6024
2787 2 2 10 4 6959 7038 5275
2788 2 2 10 4 5582 6868 5580
2789 2 2 10 4 1023 7727 5646
2790 2 2 10 4 249 5788 657
2791 2 2 10 4 2264 7855 7784
2792 2 2 10 4 5445 5457 5441
2793 2 2 10 4 6636 6640 2536
2794 2 2 10 4 2613 5412 2767
2795 2 2 10 4 4696 5732 4697
2796 2 2 10 4 5311 5312 1414
2797 2 2 10 4 4797 6581 5737
2798 2 2 10 4 4877 7030 996
2799 2 2 10 4 1449 5902 1452
2800 2 2 10 4 5151 6679 593
2801 2 2 10 4 5752 5753 1170
2802 2 2 10 4 962 5476 4185
2803 2 2 10 4 1424 5279 1427
2804 2 2 10 4 4798 4800 4799
2805 2 2 10 4 5581 8072 5616
2806 2 2 10 4 3588 8177 4849
2807 2 2 10 4 1373 5290 5289
2808 2 2 10 4 640 7234 5622
2809 2 2 10 4 657 6703 5955
2810 2 2 10 4 642 8093 6269
2811 2 2 10 4 2309 6567 2310
2812 2 2 10 4 1807 6418 1991
2813 2 2 10 4 5004 7074 4303
2814 2 2 10 4 5513 6702 4251
2815 2 2 10 4 3403 5596 4942
2816 2 2 10 4 616 6840 5377
2817 2 2 10 4 2628 7508 5259
2818 2 2 10 4 3884 6866 6501
2819 2 2 10 4 7824 7871 4060
2820 2 2 10 4 2224 6016 2249
2821 2 2 10 4 5644 6805 2737
2822 2 2 10 4 4752 7750 5771
2823 2 2 10 4 2787 7483 4859
2824 2 2 10 4 7307 7456 4196
2825 2 2 10 4 2479 5379 2483
2826 2 2 10 4 790 5998 114
2827 2 2 10 4 113 5998 786
2828 2 2 10 4 406 5423 407
2829 2 2 10 4 534 5063 535
2830 2 2 10 4 1752 5382 3631
2831 2 2 10 4 4967 4968 3592
2832 2 2 10 4 4857 8154 2429
2833 2 2 10 4 6970 7094 5368
2834 2 2 10 4 4188 6519 4187
2835 2 2 10 4 5888 7535 5147
2836 2 2 10 4 4422 7396 7032
2837 2 2 10 4 803 6698 806
2838 2 2 10 4 3019 5420 2497
2839 2 2 10 4 3231 5569 3880
2840 2 2 10 4 3910 5306 5305
2841 2 2 10 4 5737 6581 2541
2842 2 2 10 4 5546 6422 5547
2843 2 2 10 4 4635 7645 4938
2844 2 2 10 4 5461 5874 1968
2845 2 2 10 4 5495 7839 5371
2846 2 2 10 4 5686 6689 4951
2847 2 2 10 4 4889 7281 1985
2848 2 2 10 4 5313 5316 5314
2849 2 2 10 4 983 6911 982
2850 2 2 10 4 5023 6425 598
2851 2 2 10 4 749 5967 5234
2852 2 2 10 4 5274 5561 5253
2853 2 2 10 4 5760 6513 3781
2854 2 2 10 4 4278 5699 5698
2855 2 2 10 4 4267 6640 6636
2856 2 2 10 4 5169 7312 3529
2857 2 2 10 4 5624 6422 2635
2858 2 2 10 4 3636 5578 3564
2859 2 2 10 4 6553 6572 1550
2860 2 2 10 4 3526 7166 5648
2861 2 2 10 4 5838 7620 5839
2862 2 2 10 4 2375 5513 2384
2863 2 2 10 4 3938 8039 5833
2864 2 2 10 4 5696 7909 5848
2865 2 2 10 4 4033 5868 4764
2866 2 2 10 4 4959 5677 1983
2867 2 2 10 4 2389 5691 5689
2868 2 2 10 4 2831 5437 2350
2869 2 2 10 4 5308 5381 2395
2870 2 2 10 4 5546 5547 2112
2871 2 2 10 4 5714 7125 6727
2872 2 2 10 4 5236 6940 4305
2873 2 2 10 4 4583 7158 7154
2874 2 2 10 4 960 8123 4828
2875 2 2 10 4 2631 7065 4932
2876 2 2 10 4 973 5941 976
2877 2 2 10 4 2425 5516 2788
2878 2 2 10 4 4633 8182 5819
2879 2 2 10 4 3037 5468 2501
2880 2 2 10 4 832 7038 6959
2881 2 2 10 4 6688 6860 5802
2882 2 2 10 4 4188 7006 5126
2883 2 2 10 4 1358 5660 1626
2884 2 2 10 4 5128 5129 4753
2885 2 2 10 4 5544 5642 1164
2886 2 2 10 4 1328 4969 2948
2887 2 2 10 4 2648 5501 2644
2888 2 2 10 4 5665 6025 4396
2889 2 2 10 4 5191 8076 5214
2890 2 2 10 4 5365 7186 5727
2891 2 2 10 4 2242 7093 4896
2892 2 2 10 4 2383 6735 2373
2893 2 2 10 4 1221 5483 2978
2894 2 2 10 4 2966 7320 6929
2895 2 2 10 4 1042 5262 1045
2896 2 2 10 4 1200 6434 1198
2897 2 2 10 4 1087 5426 1166
2898 2 2 10 4 1630 6027 5657
2899 2 2 10 4 1969 5605 1650
2900 2 2 10 4 4145 5905 5904
2901 2 2 10 4 3650 5239 5238
2902 2 2 10 4 5902 6571 3342
2903 2 2 10 4 2119 5583 2117
2904 2 2 10 4 4421 7725 5478
2905 2 2 10 4 2874 7618 4909
2906 2 2 10 4 2828 7556 7440
2907 2 2 10 4 2248 5989 5264
2908 2 2 10 4 1801 5560 4047
2909 2 2 10 4 1837 5504 1870
2910 2 2 10 4 1989 5596 3403
2911 2 2 10 4 3092 7011 5218
2912 2 2 10 4 5093 6600 5092
2913 2 2 10 4 4807 7915 772
2914 2 2 10 4 1414 5313 1009
2915 2 2 10 4 7039 7127 2356
2916 2 2 10 4 4754 7718 6003
2917 2 2 10 4 5453 7039 6930
2918 2 2 10 4 4900 7654 686
2919 2 2 10 4 5650 5651 1165
2920 2 2 10 4 5508 5509 4002
2921 2 2 10 4 5385 5514 5388
2922 2 2 10 4 3110 5425 3108
2923 2 2 10 4 1811 5803 3020
2924 2 2 10 4 3752 7885 6301
2925 2 2 10 4 1865 5462 5459
2926 2 2 10 4 5574 7598 7465
2927 2 2 10 4 6541 6990 3614
2928 2 2 10 4 661 7666 4927
2929 2 2 10 4 5607 8058 1137
2930 2 2 10 4 4224 7330 6956
2931 2 2 10 4 4940 7532 7482
2932 2 2 10 4 2770 5254 2772
2933 2 2 10 4 7359 7704 4405
2934 2 2 10 4 3538 7266 5686
2935 2 2 10 4 5365 5727 3463
2936 2 2 10 4 4795 7754 775
2937 2 2 10 4 6501 6866 2924
2938 2 2 10 4 5775 8019 618
2939 2 2 10 4 5476 5477 4185
2940 2 2 10 4 5606 5607 1137
2941 2 2 10 4 2650 5500 2648
2942 2 2 10 4 1545 5674 1448
2943 2 2 10 4 3342 6571 5850
2944 2 2 10 4 5723 7892 1929
2945 2 2 10 4 1991 6418 5866
2946 2 2 10 4 3519 5996 5995
2947 2 2 10 4 1119 5261 1121
2948 2 2 10 4 5554 8055 7609
2949 2 2 10 4 4551 7205 4552
2950 2 2 10 4 4786 7143 5766
2951 2 2 10 4 4320 7251 4648
2952 2 2 10 4 5897 5899 2217
2953 2 2 10 4 6994 7852 4587
2954 2 2 10 4 4862 7931 751
2955 2 2 10 4 1997 5720 3582
2956 2 2 10 4 2384 5513 2656
2957 2 2 10 4 5876 7906 4389
2958 2 2 10 4 231 7524 230
2959 2 2 10 4 2370 5521 2372
2960 2 2 10 4 2389 5689 2360
2961 2 2 10 4 5171 7251 5919
2962 2 2 10 4 5157 7218 4468
2963 2 2 10 4 980 5611 981
2964 2 2 10 4 5268 5269 5043
2965 2 2 10 4 4703 7782 7230
2966 2 2 10 4 1052 5265 1056
2967 2 2 10 4 5978 7016 4357
2968 2 2 10 4 1851 5874 1847
2969 2 2 10 4 4861 8040 35
2970 2 2 10 4 7375 7441 3666
2971 2 2 10 4 5580 5581 3641
2972 2 2 10 4 5478 7725 7649
2973 2 2 10 4 5185 8032 5084
2974 2 2 10 4 3102 5251 2638
2975 2 2 10 4 5377 6786 4819
2976 2 2 10 4 1136 6804 5331
2977 2 2 10 4 4918 6558 4144
2978 2 2 10 4 2176 5740 2609
2979 2 2 10 4 2759 7068 4920
2980 2 2 10 4 4821 6019 4695
2981 2 2 10 4 5778 5785 5777
2982 2 2 10 4 1562 6017 1602
2983 2 2 10 4 5390 5976 5387
2984 2 2 10 4 984 5610 5609
2985 2 2 10 4 3051 5254 4937
2986 2 2 10 4 2829 5701 2511
2987 2 2 10 4 4145 5904 5708
2988 2 2 10 4 1561 5985 1539
2989 2 2 10 4 5890 5895 5891
2990 2 2 10 4 5093 6606 3811
2991 2 2 10 4 1318 5505 1315
2992 2 2 10 4 2981 7714 5035
2993 2 2 10 4 691 6031 5067
2994 2 2 10 4 6707 7170 3302
2995 2 2 10 4 5650 5773 5651
2996 2 2 10 4 4571 7923 4766
2997 2 2 10 4 5246 6987 4953
2998 2 2 10 4 840 6661 6607
2999 2 2 10 4 994 5687 995
3000 2 2 10 4 5265 5479 2634
3001 2 2 10 4 5651 5773 5654
3002 2 2 10 4 4958 6981 3825
3003 2 2 10 4 3052 5637 3059
3004 2 2 10 4 5437 6592 2776
3005 2 2 10 4 5680 5736 5735
3006 2 2 10 4 5426 5427 1166
3007 2 2 10 4 822 5996 3519
3008 2 2 10 4 4895 7365 620
3009 2 2 10 4 4340 6715 6710
3010 2 2 10 4 6930 7039 2776
3011 2 2 10 4 4394 6588 3338
3012 2 2 10 4 2948 5887 1326
3013 2 2 10 4 3346 7016 5978
3014 2 2 10 4 5908 5910 5909
3015 2 2 10 4 4034 6947 5868
3016 2 2 10 4 6505 6608 1739
3017 2 2 10 4 2295 5534 2296
3018 2 2 10 4 4428 7812 4575
3019 2 2 10 4 4739 8015 5133
3020 2 2 10 4 5496 5764 5493
3021 2 2 10 4 1776 5720 1997
3022 2 2 10 4 1062 5871 5519
3023 2 2 10 4 1743 5599 1740
3024 2 2 10 4 7649 8051 5478
3025 2 2 10 4 3825 6651 4958
3026 2 2 10 4 2143 5474 2142
3027 2 2 10 4 2599 5424 2307
3028 2 2 10 4 1771 5467 1770
3029 2 2 10 4 1791 5677 1788
3030 2 2 10 4 703 7813 6195
3031 2 2 10 4 5250 6050 4198
3032 2 2 10 4 5748 5749 5747
3033 2 2 10 4 1035 5463 1036
3034 2 2 10 4 4251 6702 6701
3035 2 2 10 4 2471 6440 2469
3036 2 2 10 4 1028 5647 1031
3037 2 2 10 4 5493 5764 5490
3038 2 2 10 4 2151 5274 2150
3039 2 2 10 4 3569 5305 3568
3040 2 2 10 4 4462 7585 4463
3041 2 2 10 4 4807 7837 655
3042 2 2 10 4 3098 5532 3097
3043 2 2 10 4 5787 5788 250
3044 2 2 10 4 3233 5569 3231
3045 2 2 10 4 2544 5629 5628
3046 2 2 10 4 1103 5642 1105
3047 2 2 10 4 5869 7920 4822
3048 2 2 10 4 890 5606 1137
3049 2 2 10 4 2113 5546 2112
3050 2 2 10 4 937 5625 934
3051 2 2 10 4 39 6558 571
3052 2 2 10 4 6940 7144 5255
3053 2 2 10 4 5424 5799 2307
3054 2 2 10 4 5109 6679 5151
3055 2 2 10 4 2651 5740 2176
3056 2 2 10 4 1878 5589 1823
3057 2 2 10 4 4371 7403 4943
3058 2 2 10 4 5878 6629 756
3059 2 2 10 4 1017 7045 4981
3060 2 2 10 4 5647 5648 1031
3061 2 2 10 4 1961 6596 1944
3062 2 2 10 4 5660 5661 1626
3063 2 2 10 4 1269 6689 6525
3064 2 2 10 4 2687 7009 5080
3065 2 2 10 4 2544 5628 2517
3066 2 2 10 4 2544 6844 5629
3067 2 2 10 4 5121 6898 5120
3068 2 2 10 4 1379 6037 5666
3069 2 2 10 4 5530 6550 1897
3070 2 2 10 4 1067 5373 1068
3071 2 2 10 4 5942 5943 5939
3072 2 2 10 4 1650 5605 1648
3073 2 2 10 4 2533 5737 2541
3074 2 2 10 4 5569 5570 3880
3075 2 2 10 4 5412 6603 2767
3076 2 2 10 4 7448 7737 3484
3077 2 2 10 4 1431 5435 1433
3078 2 2 10 4 4952 8207 566
3079 2 2 10 4 1448 5674 1446
3080 2 2 10 4 1091 5984 5683
3081 2 2 10 4 5634 5923 5635
3082 2 2 10 4 5661 6025 5665
3083 2 2 10 4 5243 5272 1255
3084 2 2 10 4 4871 7804 1157
3085 2 2 10 4 1333 5458 1332
3086 2 2 10 4 2134 5414 2130
3087 2 2 10 4 5929 7222 3838
3088 2 2 10 4 4694 6212 4932
3089 2 2 10 4 4574 7801 6650
3090 2 2 10 4 1305 5411 1303
3091 2 2 10 4 1240 5640 3347
3092 2 2 10 4 5217 6939 5130
3093 2 2 10 4 6317 6905 6766
3094 2 2 10 4 5955 6446 247
3095 2 2 10 4 894 5643 1629
3096 2 2 10 4 5398 5920 5402
3097 2 2 10 4 6219 7467 2972
3098 2 2 10 4 4757 7899 615
3099 2 2 10 4 1625 5542 1099
3100 2 2 10 4 3801 7259 6597
3101 2 2 10 4 1802 5560 1801
3102 2 2 10 4 6420 7047 764
3103 2 2 10 4 3510 5508 4002
3104 2 2 10 4 4781 8174 4682
3105 2 2 10 4 1275 5685 1272
3106 2 2 10 4 5995 6466 5993
3107 2 2 10 4 5207 8048 8012
3108 2 2 10 4 2171 5464 3139
3109 2 2 10 4 566 7697 4952
3110 2 2 10 4 4245 5470 4515
3111 2 2 10 4 3493 5506 4079
3112 2 2 10 4 4278 5698 1622
3113 2 2 10 4 5758 7406 5757
3114 2 2 10 4 939 5760 3781
3115 2 2 10 4 3700 7979 5462
3116 2 2 10 4 1453 5574 1457
3117 2 2 10 4 2546 5678 2521
3118 2 2 10 4 1861 5459 1856
3119 2 2 10 4 4241 5982 5582
3120 2 2 10 4 622 7521 5865
3121 2 2 10 4 1064 5519 1148
3122 2 2 10 4 5382 5976 3631
3123 2 2 10 4 926 5559 925
3124 2 2 10 4 2621 5421 2876
3125 2 2 10 4 4606 5528 4611
3126 2 2 10 4 1437 5410 1440
3127 2 2 10 4 5658 5748 5746
3128 2 2 10 4 5953 6710 665
3129 2 2 10 4 2378 5520 3488
3130 2 2 10 4 5227 7917 5091
3131 2 2 10 4 687 8023 7496
3132 2 2 10 4 6059 6060 683
3133 2 2 10 4 4226 5555 4614
3134 2 2 10 4 1079 5567 1080
3135 2 2 10 4 5536 6777 1136
3136 2 2 10 4 5620 7179 2256
3137 2 2 10 4 5980 6469 4091
3138 2 2 10 4 2301 5533 2967
3139 2 2 10 4 2469 6440 3883
3140 2 2 10 4 4781 7314 6450
3141 2 2 10 4 5924 6094 858
3142 2 2 10 4 2219 6741 6016
3143 2 2 10 4 1452 5902 3342
3144 2 2 10 4 4393 5568 4019
3145 2 2 10 4 4985 8056 3899
3146 2 2 10 4 2148 5252 3035
3147 2 2 10 4 5074 5075 5072
3148 2 2 10 4 5073 5076 5074
3149 2 2 10 4 5972 6237 4280
3150 2 2 10 4 5062 8122 3574
3151 2 2 10 4 1129 5436 1133
3152 2 2 10 4 579 6841 33
3153 2 2 10 4 1878 5590 5589
3154 2 2 10 4 5234 5967 4661
3155 2 2 10 4 2704 5580 3641
3156 2 2 10 4 959 5476 962
3157 2 2 10 4 3316 6013 3317
3158 2 2 10 4 3730 6013 4935
3159 2 2 10 4 5386 5514 5385
3160 2 2 10 4 6404 7653 4900
3161 2 2 10 4 5397 5514 5386
3162 2 2 10 4 991 5551 994
3163 2 2 10 4 4369 7371 5922
3164 2 2 10 4 721 8165 4864
3165 2 2 10 4 6003 7870 4754
3166 2 2 10 4 2928 5936 5367
3167 2 2 10 4 1027 5647 1028
3168 2 2 10 4 3636 5579 5578
3169 2 2 10 4 5383 5976 5382
3170 2 2 10 4 4110 5415 4351
3171 2 2 10 4 7657 7788 7376
3172 2 2 10 4 5582 5982 3589
3173 2 2 10 4 574 7003 5094
3174 2 2 10 4 4040 5620 4589
3175 2 2 10 4 4051 5871 2980
3176 2 2 10 4 5938 5942 5939
3177 2 2 10 4 4095 8147 6008
3178 2 2 10 4 5119 6992 5675
3179 2 2 10 4 5615 5616 3479
3180 2 2 10 4 940 5760 939
3181 2 2 10 4 5447 6876 5449
3182 2 2 10 4 5785 7113 5786
3183 2 2 10 4 1169 5585 1095
3184 2 2 10 4 2424 5516 2425
3185 2 2 10 4 2505 6615 2507
3186 2 2 10 4 4841 8020 2109
3187 2 2 10 4 4674 5644 4899
3188 2 2 10 4 3938 5836 3937
3189 2 2 10 4 1815 5803 1812
3190 2 2 10 4 2234 5264 2236
3191 2 2 10 4 3528 5682 4161
3192 2 2 10 4 5275 6784 2785
3193 2 2 10 4 2466 6860 6688
3194 2 2 10 4 2294 5799 2292
3195 2 2 10 4 86 6840 616
3196 2 2 10 4 2380 5308 2382
3197 2 2 10 4 5139 5219 5218
3198 2 2 10 4 5777 5785 621
3199 2 2 10 4 4050 6573 5740
3200 2 2 10 4 5830 6420 5829
3201 2 2 10 4 5367 5936 5370
3202 2 2 10 4 2246 5957 2266
3203 2 2 10 4 3160 6041 4404
3204 2 2 10 4 5746 5748 5747
3205 2 2 10 4 5388 5514 5409
3206 2 2 10 4 3568 5305 5302
3207 2 2 10 4 5660 6025 5661
3208 2 2 10 4 7505 7711 4976
3209 2 2 10 4 3575 5887 4966
3210 2 2 10 4 4216 6094 5924
3211 2 2 10 4 5835 6620 758
3212 2 2 10 4 5854 5856 5855
3213 2 2 10 4 6818 7302 925
3214 2 2 10 4 4940 7482 4939
3215 2 2 10 4 3621 5693 4322
3216 2 2 10 4 5410 5574 1440
3217 2 2 10 4 1539 5985 1538
3218 2 2 10 4 5259 8060 2628
3219 2 2 10 4 5964 6793 5963
3220 2 2 10 4 3283 5796 4306
3221 2 2 10 4 5930 5931 4355
3222 2 2 10 4 4679 8069 6111
3223 2 2 10 4 5315 5372 1019
3224 2 2 10 4 1966 5530 1924
3225 2 2 10 4 6703 7785 5955
3226 2 2 10 4 1560 6017 1562
3227 2 2 10 4 5850 6476 3342
3228 2 2 10 4 996 7030 993
3229 2 2 10 4 874 6027 1630
3230 2 2 10 4 1107 5632 1157
3231 2 2 10 4 2315 5284 2317
3232 2 2 10 4 5733 5734 3434
3233 2 2 10 4 6016 6741 4884
3234 2 2 10 4 3017 5254 2770
3235 2 2 10 4 5511 5916 608
3236 2 2 10 4 565 7722 4890
3237 2 2 10 4 5646 7727 4596
3238 2 2 10 4 3563 5578 5577
3239 2 2 10 4 4978 5972 1160
3240 2 2 10 4 7010 7119 4015
3241 2 2 10 4 3295 5300 3112
3242 2 2 10 4 7102 7755 3693
3243 2 2 10 4 4214 7417 5552
3244 2 2 10 4 3131 5980 4091
3245 2 2 10 4 5756 5757 1171
3246 2 2 10 4 4274 7451 7376
3247 2 2 10 4 1944 6596 1952
3248 2 2 10 4 6013 7147 4953
3249 2 2 10 4 1833 5619 1831
3250 2 2 10 4 904 5897 2217
3251 2 2 10 4 5750 5816 5747
3252 2 2 10 4 5347 5884 5344
3253 2 2 10 4 570 6716 6664
3254 2 2 10 4 1639 5422 1640
3255 2 2 10 4 1629 5608 5606
3256 2 2 10 4 1799 6469 1797
3257 2 2 10 4 5817 5818 605
3258 2 2 10 4 4867 8124 244
3259 2 2 10 4 4378 6670 6511
3260 2 2 10 4 4973 5957 2244
3261 2 2 10 4 5007 5423 406
3262 2 2 10 4 5061 5063 534
3263 2 2 10 4 5356 5884 5347
3264 2 2 10 4 1440 5574 1453
3265 2 2 10 4 4492 8008 7985
3266 2 2 10 4 1841 5738 1979
3267 2 2 10 4 6024 7046 6904
3268 2 2 10 4 5292 5293 3002
3269 2 2 10 4 3652 6017 5573
3270 2 2 10 4 5952 8171 8088
3271 2 2 10 4 4990 4991 674
3272 2 2 10 4 5029 5030 664
3273 2 2 10 4 600 5011 5010
3274 2 2 10 4 729 5270 5045
3275 2 2 10 4 710 5240 5117
3276 2 2 10 4 5089 5090 702
3277 2 2 10 4 592 5103 5102
3278 2 2 10 4 719 5268 5037
3279 2 2 10 4 5005 5482 725
3280 2 2 10 4 688 5179 5178
3281 2 2 10 4 588 5204 5203
3282 2 2 10 4 704 5195 5194
3283 2 2 10 4 693 5098 5097
3284 2 2 10 4 634 5175 5172
3285 2 2 10 4 604 5016 5015
3286 2 2 10 4 565 5193 5189
3287 2 2 10 4 557 5187 5186
3288 2 2 10 4 5137 5138 632
3289 2 2 10 4 5119 5675 689
3290 2 2 10 4 700 5121 5120
3291 2 2 10 4 5216 5217 5130
3292 2 2 10 4 715 5093 5092
3293 2 2 10 4 5194 5378 594
3294 2 2 10 4 5172 5173 698
3295 2 2 10 4 5037 5038 587
3296 2 2 10 4 5189 5190 707
3297 2 2 10 4 5213 5214 573
3298 2 2 10 4 5045 5046 733
3299 2 2 10 4 5127 5128 639
3300 2 2 10 4 5095 5096 672
3301 2 2 10 4 5211 5541 734
3302 2 2 10 4 4091 6469 4945
3303 2 2 10 4 5632 5633 1157
3304 2 2 10 4 3513 5478 3616
3305 2 2 10 4 3334 5702 3333
3306 2 2 10 4 3851 6716 6600
3307 2 2 10 4 880 5650 878
3308 2 2 10 4 2980 5871 1058
3309 2 2 10 4 2112 5548 2108
3310 2 2 10 4 5557 7231 1213
3311 2 2 10 4 777 6010 14
3312 2 2 10 4 4866 7580 2702
3313 2 2 10 4 262 5795 759
3314 2 2 10 4 1379 5669 1352
3315 2 2 10 4 1354 6037 1379
3316 2 2 10 4 5616 5617 3479
3317 2 2 10 4 648 5815 161
3318 2 2 10 4 2784 5641 2542
3319 2 2 10 4 649 5813 93
3320 2 2 10 4 251 5787 250
3321 2 2 10 4 758 6620 30
3322 2 2 10 4 5321 5322 2916
3323 2 2 10 4 753 5826 91
3324 2 2 10 4 5361 7094 5363
3325 2 2 10 4 1978 6883 5395
3326 2 2 10 4 984 5609 985
3327 2 2 10 4 134 5840 749
3328 2 2 10 4 5489 5490 2978
3329 2 2 10 4 4411 5471 4247
3330 2 2 10 4 204 5844 638
3331 2 2 10 4 2175 5465 2173
3332 2 2 10 4 5340 6455 5379
3333 2 2 10 4 2530 7172 5555
3334 2 2 10 4 2396 5412 2613
3335 2 2 10 4 636 5848 157
3336 2 2 10 4 2831 5439 5438
3337 2 2 10 4 2417 6805 5950
3338 2 2 10 4 206 5865 747
3339 2 2 10 4 656 8171 5952
3340 2 2 10 4 2364 5688 2929
3341 2 2 10 4 1340 5289 1338
3342 2 2 10 4 2009 7269 2037
3343 2 2 10 4 5292 5294 5293
3344 2 2 10 4 138 5872 746
3345 2 2 10 4 745 5875 155
3346 2 2 10 4 5041 5694 5039
3347 2 2 10 4 1322 5887 3575
3348 2 2 10 4 2373 6735 2371
3349 2 2 10 4 5394 5976 5390
3350 2 2 10 4 208 5880 622
3351 2 2 10 4 2242 6964 6782
3352 2 2 10 4 994 5921 5687
3353 2 2 10 4 2515 5700 2544
3354 2 2 10 4 5441 5457 5440
3355 2 2 10 4 5724 6583 5725
3356 2 2 10 4 2125 5565 2122
3357 2 2 10 4 612 5885 153
3358 2 2 10 4 1897 6550 1879
3359 2 2 10 4 5321 5323 5322
3360 2 2 10 4 5439 5440 5438
3361 2 2 10 4 5649 5650 880
3362 2 2 10 4 6537 6588 4394
3363 2 2 10 4 5365 7193 7186
3364 2 2 10 4 5878 6541 3614
3365 2 2 10 4 5343 5344 2950
3366 2 2 10 4 5726 5853 5852
3367 2 2 10 4 210 5886 744
3368 2 2 10 4 743 5890 83
3369 2 2 10 4 6511 6670 2392
3370 2 2 10 4 250 5788 249
3371 2 2 10 4 3564 5578 3563
3372 2 2 10 4 2597 5741 3096
3373 2 2 10 4 5618 5619 1833
3374 2 2 10 4 3631 5805 1749
3375 2 2 10 4 212 5912 589
3376 2 2 10 4 143 5908 652
3377 2 2 10 4 968 6045 5940
3378 2 2 10 4 2071 5721 2668
3379 2 2 10 4 743 5895 5890
3380 2 2 10 4 1793 5980 3131
3381 2 2 10 4 1133 6498 1141
3382 2 2 10 4 2873 8035 7714
3383 2 2 10 4 2958 5957 4029
3384 2 2 10 4 5114 7239 563
3385 2 2 10 4 5367 5368 5366
3386 2 2 10 4 1019 5372 1020
3387 2 2 10 4 5336 5342 5338
3388 2 2 10 4 2001 6035 2003
3389 2 2 10 4 3387 5319 5318
3390 2 2 10 4 2319 6922 2321
3391 2 2 10 4 4502 5282 4413
3392 2 2 10 4 742 5917 79
3393 2 2 10 4 2928 5367 5366
3394 2 2 10 4 1451 5902 1449
3395 2 2 10 4 1888 6773 5596
3396 2 2 10 4 5938 5939 972
3397 2 2 10 4 5802 5843 4173
3398 2 2 10 4 4117 7075 3974
3399 2 2 10 4 1819 5588 1876
3400 2 2 10 4 7465 7598 6323
3401 2 2 10 4 3614 6629 5878
3402 2 2 10 4 4480 7157 3417
3403 2 2 10 4 2018 6035 2881
3404 2 2 10 4 5908 5909 652
3405 2 2 10 4 4901 8081 4653
3406 2 2 10 4 641 6450 308
3407 2 2 10 4 7554 7794 4383
3408 2 2 10 4 4164 4687 4165
3409 2 2 10 4 4568 7592 7441
3410 2 2 10 4 2307 5799 2294
3411 2 2 10 4 2769 3017 2770
3412 2 2 10 4 1418 1419 1417
3413 2 2 10 4 1424 1427 1423
3414 2 2 10 4 1379 5671 5669
3415 2 2 10 4 1422 1423 1421
3416 2 2 10 4 4572 5481 3651
3417 2 2 10 4 1637 1639 1638
3418 2 2 10 4 807 6952 5998
3419 2 2 10 4 5998 6952 786
3420 2 2 10 4 5615 5985 3641
3421 2 2 10 4 1997 1999 1998
3422 2 2 10 4 5294 5298 5295
3423 2 2 10 4 1676 5724 1987
3424 2 2 10 4 3051 3291 3052
3425 2 2 10 4 1416 1417 1415
3426 2 2 10 4 2424 2425 2423
3427 2 2 10 4 3482 4125 4124
3428 2 2 10 4 1420 1421 1419
3429 2 2 10 4 2936 5413 5412
3430 2 2 10 4 2638 2935 1412
3431 2 2 10 4 4076 4583 3802
3432 2 2 10 4 5815 7077 750
3433 2 2 10 4 2767 2769 2768
3434 2 2 10 4 5731 6382 1573
3435 2 2 10 4 4618 6974 4617
3436 2 2 10 4 3403 4164 3404
3437 2 2 10 4 4938 4940 4939
3438 2 2 10 4 2159 2597 2160
3439 2 2 10 4 1627 1637 1636
3440 2 2 10 4 1286 1288 1287
3441 2 2 10 4 2157 2159 2158
3442 2 2 10 4 1290 1292 1291
3443 2 2 10 4 2988 5291 2990
3444 2 2 10 4 4460 7806 5064
3445 2 2 10 4 4584 4840 4258
3446 2 2 10 4 2177 4136 1634
3447 2 2 10 4 2130 5414 2132
3448 2 2 10 4 3528 4161 3408
3449 2 2 10 4 3275 3803 3132
3450 2 2 10 4 1645 1993 1041
3451 2 2 10 4 2932 5285 5284
3452 2 2 10 4 3045 3513 3116
3453 2 2 10 4 1282 1284 1283
3454 2 2 10 4 5780 5782 5781
3455 2 2 10 4 1651 1652 1650
3456 2 2 10 4 2395 2936 2396
3457 2 2 10 4 1616 5435 1431
3458 2 2 10 4 1294 1296 1295
3459 2 2 10 4 2958 3132 2603
3460 2 2 10 4 3446 3640 3447
3461 2 2 10 4 2422 2423 2421
3462 2 2 10 4 1633 1634 1632
3463 2 2 10 4 1413 5287 5286
3464 2 2 10 4 1303 5411 1410
3465 2 2 10 4 2120 2157 2156
3466 2 2 10 4 5385 5388 5387
3467 2 2 10 4 3510 4002 3539
3468 2 2 10 4 1653 1654 1652
3469 2 2 10 4 3536 3651 3535
3470 2 2 10 4 1649 1650 1648
3471 2 2 10 4 5183 7868 6995
3472 2 2 10 4 5468 5469 3201
3473 2 2 10 4 5300 5301 3454
3474 2 2 10 4 3145 5484 5483
3475 2 2 10 4 3559 3560 3558
3476 2 2 10 4 2186 6893 6021
3477 2 2 10 4 1776 1997 1986
3478 2 2 10 4 6917 8120 8075
3479 2 2 10 4 1657 1658 1656
3480 2 2 10 4 1829 5621 1827
3481 2 2 10 4 3108 3435 3107
3482 2 2 10 4 2934 5535 5320
3483 2 2 10 4 1655 1656 1654
3484 2 2 10 4 3167 3416 2980
3485 2 2 10 4 4817 4818 4399
3486 2 2 10 4 2109 7939 4841
3487 2 2 10 4 2788 5421 2621
3488 2 2 10 4 1367 5660 1358
3489 2 2 10 4 2554 5733 3434
3490 2 2 10 4 1018 5310 5309
3491 2 2 10 4 1314 3411 1364
3492 2 2 10 4 3533 4151 3473
3493 2 2 10 4 4964 5703 5702
3494 2 2 10 4 3440 5930 4355
3495 2 2 10 4 1659 5510 1658
3496 2 2 10 4 5430 6997 5431
3497 2 2 10 4 1780 5383 5382
3498 2 2 10 4 4571 4766 4115
3499 2 2 10 4 5940 5942 5938
3500 2 2 10 4 3575 3576 1361
3501 2 2 10 4 1447 1448 1446
3502 2 2 10 4 1445 1446 1444
3503 2 2 10 4 5009 5423 5007
3504 2 2 10 4 5689 5690 5688
3505 2 2 10 4 1001 5286 1003
3506 2 2 10 4 2236 5264 5263
3507 2 2 10 4 1635 3558 1051
3508 2 2 10 4 1856 5459 1968
3509 2 2 10 4 2087 5763 2198
3510 2 2 10 4 5361 5363 5360
3511 2 2 10 4 2866 5334 5333
3512 2 2 10 4 3575 3592 3576
3513 2 2 10 4 3578 3579 1982
3514 2 2 10 4 1411 5436 1129
3515 2 2 10 4 2932 7282 5285
3516 2 2 10 4 3781 4664 3441
3517 2 2 10 4 2634 2980 1058
3518 2 2 10 4 5965 5974 1373
3519 2 2 10 4 5357 5358 2968
3520 2 2 10 4 2634 3167 2980
3521 2 2 10 4 2150 5253 5252
3522 2 2 10 4 793 5881 226
3523 2 2 10 4 265 5870 582
3524 2 2 10 4 312 5867 668
3525 2 2 10 4 4991 5800 674
3526 2 2 10 4 689 5675 5197
3527 2 2 10 4 594 5378 5056
3528 2 2 10 4 5539 5540 748
3529 2 2 10 4 1787 3578 1982
3530 2 2 10 4 4055 7389 7321
3531 2 2 10 4 757 5851 277
3532 2 2 10 4 5358 5360 5359
3533 2 2 10 4 4056 6624 6015
3534 2 2 10 4 5854 5855 754
3535 2 2 10 4 767 5806 237
3536 2 2 10 4 4664 4889 4665
3537 2 2 10 4 615 5792 239
3538 2 2 10 4 2685 5742 3227
3539 2 2 10 4 606 5814 235
3540 2 2 10 4 3559 3561 3560
3541 2 2 10 4 256 5808 610
3542 2 2 10 4 2040 3310 1988
3543 2 2 10 4 769 5804 285
3544 2 2 10 4 301 5798 614
3545 2 2 10 4 1322 3575 1361
3546 2 2 10 4 305 5817 605
3547 2 2 10 4 5630 6089 682
3548 2 2 10 4 618 5793 287
3549 2 2 10 4 581 5877 43
3550 2 2 10 4 4876 7849 3207
3551 2 2 10 4 5335 5336 5334
3552 2 2 10 4 6047 7925 4611
3553 2 2 10 4 5327 5331 5323
3554 2 2 10 4 1635 3559 3558
3555 2 2 10 4 820 6512 5996
3556 2 2 10 4 252 5777 621
3557 2 2 10 4 763 5824 281
3558 2 2 10 4 260 5827 603
3559 2 2 10 4 1436 5434 1429
3560 2 2 10 4 7079 7245 1278
3561 2 2 10 4 562 7851 5227
3562 2 2 10 4 774 5774 289
3563 2 2 10 4 3782 7026 4280
3564 2 2 10 4 5145 5149 711
3565 2 2 10 4 5144 5148 5145
3566 2 2 10 4 3488 5308 2380
3567 2 2 10 4 1793 3131 1983
3568 2 2 10 4 4151 4475 4152
3569 2 2 10 4 5337 5339 5336
3570 2 2 10 4 297 5770 624
3571 2 2 10 4 4335 8069 4679
3572 2 2 10 4 5678 5679 2531
3573 2 2 10 4 609 5812 52
3574 2 2 10 4 2936 5412 2396
3575 2 2 10 4 5407 5514 5397
3576 2 2 10 4 23 5811 770
3577 2 2 10 4 2422 2424 2423
3578 2 2 10 4 25 5819 607
3579 2 2 10 4 772 5807 54
3580 2 2 10 4 5034 5928 5031
3581 2 2 10 4 3310 3547 3546
3582 2 2 10 4 766 5825 50
3583 2 2 10 4 21 5801 617
3584 2 2 10 4 3005 3108 3107
3585 2 2 10 4 602 5841 48
3586 2 2 10 4 3128 3473 3472
3587 2 2 10 4 1148 3583 1067
3588 2 2 10 4 625 5768 291
3589 2 2 10 4 670 5797 9
3590 2 2 10 4 27 5829 764
3591 2 2 10 4 2334 5320 2336
3592 2 2 10 4 6766 6905 5726
3593 2 2 10 4 5384 5385 5383
3594 2 2 10 4 6784 7035 2785
3595 2 2 10 4 661 5906 96
3596 2 2 10 4 3654 4399 4094
3597 2 2 10 4 5072 5118 601
3598 2 2 10 4 5111 5526 585
3599 2 2 10 4 5166 5527 567
3600 2 2 10 4 1997 1998 1986
3601 2 2 10 4 197 5904 660
3602 2 2 10 4 295 5767 776
3603 2 2 10 4 1658 1661 1660
3604 2 2 10 4 5974 7983 5290
3605 2 2 10 4 5898 5899 5897
3606 2 2 10 4 213 5912 212
3607 2 2 10 4 694 8162 4897
3608 2 2 10 4 79 5917 78
3609 2 2 10 4 83 5890 82
3610 2 2 10 4 1439 5410 1437
3611 2 2 10 4 1151 1152 1147
3612 2 2 10 4 5150 5151 593
3613 2 2 10 4 3652 3654 3653
3614 2 2 10 4 2395 2396 2394
3615 2 2 10 4 4404 7359 4405
3616 2 2 10 4 4002 4635 3539
3617 2 2 10 4 629 5926 12
3618 2 2 10 4 153 5885 152
3619 2 2 10 4 3803 4531 3804
3620 2 2 10 4 2428 5516 2424
3621 2 2 10 4 144 5908 143
3622 2 2 10 4 2932 5284 2315
3623 2 2 10 4 4581 7394 6410
3624 2 2 10 4 209 5880 208
3625 2 2 10 4 3112 5300 3454
3626 2 2 10 4 5294 7309 5298
3627 2 2 10 4 1141 1151 1147
3628 2 2 10 4 2069 5849 2560
3629 2 2 10 4 2598 3097 2597
3630 2 2 10 4 211 5886 210
3631 2 2 10 4 1332 1372 1330
3632 2 2 10 4 1062 5519 1064
3633 2 2 10 4 3536 4572 3651
3634 2 2 10 4 2613 2767 2766
3635 2 2 10 4 4070 4760 4068
3636 2 2 10 4 2382 2395 2394
3637 2 2 10 4 2317 2759 2319
3638 2 2 10 4 5379 6455 2483
3639 2 2 10 4 1077 5503 1079
3640 2 2 10 4 1640 3207 2943
3641 2 2 10 4 1071 1642 1073
3642 2 2 10 4 2970 3482 3481
3643 2 2 10 4 3430 4251 3774
3644 2 2 10 4 1328 2948 1326
3645 2 2 10 4 2769 2770 2768
3646 2 2 10 4 2171 3139 2169
3647 2 2 10 4 2313 2932 2315
3648 2 2 10 4 3005 3107 2718
3649 2 2 10 4 4245 4515 4072
3650 2 2 10 4 1064 1148 1067
3651 2 2 10 4 3112 3454 3110
3652 2 2 10 4 2378 3488 2380
3653 2 2 10 4 4247 5470 4245
3654 2 2 10 4 5726 5852 1987
3655 2 2 10 4 155 5875 154
3656 2 2 10 4 2173 5464 2171
3657 2 2 10 4 1406 1412 1261
3658 2 2 10 4 207 5865 206
3659 2 2 10 4 2376 5520 2378
3660 2 2 10 4 5440 5446 5442
3661 2 2 10 4 1999 2000 1998
3662 2 2 10 4 2161 3100 2154
3663 2 2 10 4 2301 2967 2303
3664 2 2 10 4 1322 1361 1320
3665 2 2 10 4 5581 5615 3641
3666 2 2 10 4 1793 1983 1791
3667 2 2 10 4 2772 3051 3025
3668 2 2 10 4 282 5916 763
3669 2 2 10 4 5747 5816 5745
3670 2 2 10 4 2056 3261 1980
3671 2 2 10 4 139 5872 138
3672 2 2 10 4 3801 3802 3102
3673 2 2 10 4 5057 6590 5058
3674 2 2 10 4 3566 3568 3295
3675 2 2 10 4 4188 6520 6519
3676 2 2 10 4 4805 6548 4249
3677 2 2 10 4 2420 2422 2421
3678 2 2 10 4 2150 5252 2148
3679 2 2 10 4 4167 4860 4169
3680 2 2 10 4 1787 1982 1785
3681 2 2 10 4 5794 5795 263
3682 2 2 10 4 1338 1646 1336
3683 2 2 10 4 2609 3253 2175
3684 2 2 10 4 4125 4430 4124
3685 2 2 10 4 3621 4322 3426
3686 2 2 10 4 4413 4917 4411
3687 2 2 10 4 5785 5786 621
3688 2 2 10 4 2266 2603 2267
3689 2 2 10 4 1989 3403 2218
3690 2 2 10 4 1446 5674 3101
3691 2 2 10 4 2299 5533 2301
3692 2 2 10 4 62 5772 778
3693 2 2 10 4 1143 1415 958
3694 2 2 10 4 4164 4165 3404
3695 2 2 10 4 2117 2120 2116
3696 2 2 10 4 3398 6044 4049
3697 2 2 10 4 778 5769 61
3698 2 2 10 4 2323 3045 2326
3699 2 2 10 4 4786 7173 7143
3700 2 2 10 4 635 8096 4957
3701 2 2 10 4 5057 5058 5055
3702 2 2 10 4 5056 5235 5057
3703 2 2 10 4 1637 1638 1636
3704 2 2 10 4 1639 1640 1638
3705 2 2 10 4 1056 2634 1058
3706 2 2 10 4 3435 4571 4115
3707 2 2 10 4 5560 7240 4047
3708 2 2 10 4 1124 1411 1129
3709 2 2 10 4 3059 3446 3390
3710 2 2 10 4 2148 3035 2146
3711 2 2 10 4 4161 4706 4162
3712 2 2 10 4 3627 4258 3192
3713 2 2 10 4 3407 3408 2954
3714 2 2 10 4 157 5848 156
3715 2 2 10 4 4028 5682 3528
3716 2 2 10 4 2986 3003 2988
3717 2 2 10 4 2767 2768 2766
3718 2 2 10 4 1332 3588 1372
3719 2 2 10 4 1416 6007 1595
3720 2 2 10 4 4431 5415 4110
3721 2 2 10 4 2224 2249 2226
3722 2 2 10 4 1314 1364 1312
3723 2 2 10 4 2425 2788 2621
3724 2 2 10 4 1049 1635 1051
3725 2 2 10 4 205 5844 204
3726 2 2 10 4 5848 7909 745
3727 2 2 10 4 1005 5309 1007
3728 2 2 10 4 1342 1373 1340
3729 2 2 10 4 4504 4507 4502
3730 2 2 10 4 5444 5445 5441
3731 2 2 10 4 4798 7322 4800
3732 2 2 10 4 2133 5598 5597
3733 2 2 10 4 1429 3552 1426
3734 2 2 10 4 4839 7089 2270
3735 2 2 10 4 135 5840 134
3736 2 2 10 4 3493 4079 3238
3737 2 2 10 4 1391 1632 1275
3738 2 2 10 4 968 5940 5938
3739 2 2 10 4 3926 5506 3493
3740 2 2 10 4 1856 1968 1851
3741 2 2 10 4 3566 3569 3568
3742 2 2 10 4 91 5826 90
3743 2 2 10 4 4049 4050 3241
3744 2 2 10 4 1285 1286 1284
3745 2 2 10 4 4697 8187 6517
3746 2 2 10 4 1406 2638 1412
3747 2 2 10 4 4110 4351 4108
3748 2 2 10 4 5203 7518 706
3749 2 2 10 4 5464 5959 3139
3750 2 2 10 4 3482 4124 3481
3751 2 2 10 4 610 5789 255
3752 2 2 10 4 3514 4421 3513
3753 2 2 10 4 263 5795 262
3754 2 2 10 4 1427 1431 1430
3755 2 2 10 4 5784 5790 5782
3756 2 2 10 4 1344 5965 1342
3757 2 2 10 4 3440 4355 3422
3758 2 2 10 4 1776 1986 1774
3759 2 2 10 4 2990 3002 2992
3760 2 2 10 4 4440 4896 4442
3761 2 2 10 4 5698 5699 1285
3762 2 2 10 4 2228 2250 2230
3763 2 2 10 4 998 1413 1001
3764 2 2 10 4 2332 2934 2334
3765 2 2 10 4 2045 5860 2047
3766 2 2 10 4 931 1648 929
3767 2 2 10 4 5547 5624 5549
3768 2 2 10 4 1293 1294 1292
3769 2 2 10 4 1307 1309 1305
3770 2 2 10 4 1289 1290 1288
3771 2 2 10 4 978 6532 975
3772 2 2 10 4 3403 3404 2218
3773 2 2 10 4 1297 1298 1296
3774 2 2 10 4 3510 3539 3017
3775 2 2 10 4 161 5815 160
3776 2 2 10 4 1416 1418 1417
3777 2 2 10 4 3539 5254 3017
3778 2 2 10 4 5724 5725 1987
3779 2 2 10 4 2173 5465 5464
3780 2 2 10 4 1443 5761 1445
3781 2 2 10 4 4606 4611 4506
3782 2 2 10 4 1418 1420 1419
3783 2 2 10 4 5779 5780 5778
3784 2 2 10 4 1431 1433 1432
3785 2 2 10 4 5459 5460 1968
3786 2 2 10 4 2935 3536 3535
3787 2 2 10 4 4065 5765 3222
3788 2 2 10 4 4251 6549 3774
3789 2 2 10 4 626 5000 362
3790 2 2 10 4 2138 2594 2134
3791 2 2 10 4 1003 1018 1005
3792 2 2 10 4 4247 5471 5470
3793 2 2 10 4 2523 5678 2531
3794 2 2 10 4 1085 5426 1087
3795 2 2 10 4 1443 1444 1436
3796 2 2 10 4 899 5643 896
3797 2 2 10 4 3622 6940 5255
3798 2 2 10 4 1247 5640 1244
3799 2 2 10 4 1420 1422 1421
3800 2 2 10 4 4223 5555 4226
3801 2 2 10 4 5100 7591 7178
3802 2 2 10 4 1422 1424 1423
3803 2 2 10 4 1418 5861 1420
3804 2 2 10 4 3513 3616 3116
3805 2 2 10 4 6979 8074 2920
3806 2 2 10 4 93 5813 92
3807 2 2 10 4 1995 6925 4967
3808 2 2 10 4 5782 5783 5781
3809 2 2 10 4 4608 5528 4606
3810 2 2 10 4 2519 5628 2546
3811 2 2 10 4 2462 7220 4930
3812 2 2 10 4 3637 6004 5267
3813 2 2 10 4 1807 1991 1805
3814 2 2 10 4 1176 5729 1163
3815 2 2 10 4 4444 4717 4527
3816 2 2 10 4 1629 5606 892
3817 2 2 10 4 5891 5894 5893
3818 2 2 10 4 4530 7724 4529
3819 2 2 10 4 2487 5333 2489
3820 2 2 10 4 1303 1410 1301
3821 2 2 10 4 2485 2866 2487
3822 2 2 10 4 1338 5289 1646
3823 2 2 10 4 1039 1645 1041
3824 2 2 10 4 2232 2248 2234
3825 2 2 10 4 5324 5328 5326
3826 2 2 10 4 1163 5729 1168
3827 2 2 10 4 5485 5486 5484
3828 2 2 10 4 1627 1636 990
3829 2 2 10 4 4177 4930 4179
3830 2 2 10 4 4106 5597 4104
3831 2 2 10 4 1801 1871 1799
3832 2 2 10 4 4226 4614 4228
3833 2 2 10 4 4937 4938 3291
3834 2 2 10 4 1075 1160 1077
3835 2 2 10 4 2336 2916 2338
3836 2 2 10 4 1643 5422 1639
3837 2 2 10 4 1652 5499 1969
3838 2 2 10 4 3561 3894 3560
3839 2 2 10 4 4019 5568 3571
3840 2 2 10 4 2130 2132 2128
3841 2 2 10 4 1433 1439 1437
3842 2 2 10 4 603 5842 259
3843 2 2 10 4 6632 6953 1360
3844 2 2 10 4 1007 1414 1009
3845 2 2 10 4 1083 1992 1085
3846 2 2 10 4 5486 5488 5484
3847 2 2 10 4 2420 2421 986
3848 2 2 10 4 4938 4939 3291
3849 2 2 10 4 939 3441 937
3850 2 2 10 4 2996 3001 2998
3851 2 2 10 4 1281 1282 1280
3852 2 2 10 4 5613 5803 1815
3853 2 2 10 4 3051 3052 3025
3854 2 2 10 4 5067 6031 5077
3855 2 2 10 4 1648 5605 5559
3856 2 2 10 4 3801 4076 3802
3857 2 2 10 4 3837 6538 6023
3858 2 2 10 4 1641 1643 1639
3859 2 2 10 4 1143 1416 1415
3860 2 2 10 4 1205 2968 1203
3861 2 2 10 4 1300 1301 1298
3862 2 2 10 4 777 7099 4916
3863 2 2 10 4 1437 1440 1438
3864 2 2 10 4 2250 6560 2230
3865 2 2 10 4 4716 7515 5775
3866 2 2 10 4 988 1627 990
3867 2 2 10 4 3325 5641 2784
3868 2 2 10 4 1298 1299 1296
3869 2 2 10 4 2198 5763 3143
3870 2 2 10 4 2126 2128 2125
3871 2 2 10 4 3639 5702 3334
3872 2 2 10 4 1433 1437 1434
3873 2 2 10 4 4674 4899 4610
3874 2 2 10 4 1294 1295 1292
3875 2 2 10 4 3045 3116 2326
3876 2 2 10 4 1839 5504 1837
3877 2 2 10 4 3002 6828 2992
3878 2 2 10 4 3227 5742 3633
3879 2 2 10 4 1223 5483 1221
3880 2 2 10 4 1413 5687 5288
3881 2 2 10 4 1835 5618 1833
3882 2 2 10 4 2668 5721 3114
3883 2 2 10 4 2513 5701 5700
3884 2 2 10 4 3031 3567 3030
3885 2 2 10 4 4421 5478 3513
3886 2 2 10 4 969 5938 972
3887 2 2 10 4 4181 4804 4184
3888 2 2 10 4 4584 4841 4840
3889 2 2 10 4 4056 6015 3116
3890 2 2 10 4 2501 5468 2503
3891 2 2 10 4 892 5606 890
3892 2 2 10 4 5611 5612 5610
3893 2 2 10 4 2362 5689 5688
3894 2 2 10 4 1290 1291 1288
3895 2 2 10 4 1745 1988 1743
3896 2 2 10 4 4780 4786 4785
3897 2 2 10 4 2129 2130 2128
3898 2 2 10 4 4230 4847 4232
3899 2 2 10 4 3633 5742 4810
3900 2 2 10 4 5745 5816 870
3901 2 2 10 4 5294 5295 5293
3902 2 2 10 4 2489 2950 2491
3903 2 2 10 4 5439 5441 5440
3904 2 2 10 4 1302 1303 1301
3905 2 2 10 4 1427 1616 1431
3906 2 2 10 4 4036 4637 3945
3907 2 2 10 4 2609 4855 3253
3908 2 2 10 4 5780 5781 5778
3909 2 2 10 4 4276 4934 3567
3910 2 2 10 4 3168 8072 5581
3911 2 2 10 4 2360 5689 2362
3912 2 2 10 4 96 5906 95
3913 2 2 10 4 4413 5282 4917
3914 2 2 10 4 655 7800 4807
3915 2 2 10 4 2497 5420 2499
3916 2 2 10 4 1286 1287 1284
3917 2 2 10 4 773 5771 5770
3918 2 2 10 4 896 5643 894
3919 2 2 10 4 2348 6824 2831
3920 2 2 10 4 2517 5628 2519
3921 2 2 10 4 946 1996 943
3922 2 2 10 4 2704 3641 2059
3923 2 2 10 4 5087 7897 3050
3924 2 2 10 4 198 5904 197
3925 2 2 10 4 2935 3535 3534
3926 2 2 10 4 1244 5640 1240
3927 2 2 10 4 4355 4356 3422
3928 2 2 10 4 3000 3128 3127
3929 2 2 10 4 3143 5763 3840
3930 2 2 10 4 1207 5357 1205
3931 2 2 10 4 2238 2247 2240
3932 2 2 10 4 2157 2158 2156
3933 2 2 10 4 4126 4127 4125
3934 2 2 10 4 5590 6002 5589
3935 2 2 10 4 1209 2928 1207
3936 2 2 10 4 5594 5621 5595
3937 2 2 10 4 3627 4584 4258
3938 2 2 10 4 2350 5437 2352
3939 2 2 10 4 2342 2786 2344
3940 2 2 10 4 1304 1305 1303
3941 2 2 10 4 771 5778 5777
3942 2 2 10 4 5132 7950 3878
3943 2 2 10 4 2232 6560 2248
3944 2 2 10 4 3446 3447 3390
3945 2 2 10 4 2159 2160 2158
3946 2 2 10 4 2330 6624 2332
3947 2 2 10 4 5731 6476 5850
3948 2 2 10 4 2521 5678 2523
3949 2 2 10 4 882 5649 880
3950 2 2 10 4 2560 5849 3054
3951 2 2 10 4 1039 1041 1040
3952 2 2 10 4 2511 5701 2513
3953 2 2 10 4 3298 5580 2704
3954 2 2 10 4 1156 5649 882
3955 2 2 10 4 1143 6007 1416
3956 2 2 10 4 2131 2134 2130
3957 2 2 10 4 5545 5923 5544
3958 2 2 10 4 1754 5382 1752
3959 2 2 10 4 7381 7436 5664
3960 2 2 10 4 3003 5291 2988
3961 2 2 10 4 1752 3631 1749
3962 2 2 10 4 4859 7513 2787
3963 2 2 10 4 3345 3510 3017
3964 2 2 10 4 5440 5457 5446
3965 2 2 10 4 1282 1283 1280
3966 2 2 10 4 1979 5504 1839
3967 2 2 10 4 7983 8031 5290
3968 2 2 10 4 1633 2177 1634
3969 2 2 10 4 2135 2138 2134
3970 2 2 10 4 3407 3528 3408
3971 2 2 10 4 995 5687 998
3972 2 2 10 4 4128 4129 4127
3973 2 2 10 4 3145 5483 1223
3974 2 2 10 4 4234 4363 4265
3975 2 2 10 4 6531 7982 6927
3976 2 2 10 4 2236 5263 2238
3977 2 2 10 4 2597 3096 2160
3978 2 2 10 4 5721 6553 3833
3979 2 2 10 4 1014 1019 1016
3980 2 2 10 4 4217 5508 3510
3981 2 2 10 4 2958 3275 3132
3982 2 2 10 4 2419 3652 3288
3983 2 2 10 4 4040 4589 4038
3984 2 2 10 4 950 1017 948
3985 2 2 10 4 2120 2156 2116
3986 2 2 10 4 1093 5683 1169
3987 2 2 10 4 3945 5557 3943
3988 2 2 10 4 1649 1651 1650
3989 2 2 10 4 5388 5389 5387
3990 2 2 10 4 5301 5304 5303
3991 2 2 10 4 1890 5596 1989
3992 2 2 10 4 4105 4106 4104
3993 2 2 10 4 3222 5765 3210
3994 2 2 10 4 5134 7813 703
3995 2 2 10 4 719 6425 5820
3996 2 2 10 4 4914 6624 4056
3997 2 2 10 4 1214 2984 1211
3998 2 2 10 4 2495 3019 2497
3999 2 2 10 4 5789 7033 5779
4000 2 2 10 4 2266 2958 2603
4001 2 2 10 4 4052 5620 4040
4002 2 2 10 4 3114 5721 3833
4003 2 2 10 4 1987 5852 1674
4004 2 2 10 4 2503 5468 3201
4005 2 2 10 4 1391 1633 1632
4006 2 2 10 4 1020 1023 1022
4007 2 2 10 4 1413 5286 1001
4008 2 2 10 4 5323 5324 5322
4009 2 2 10 4 5022 5023 598
4010 2 2 10 4 2916 6854 2338
4011 2 2 10 4 1306 1307 1305
4012 2 2 10 4 1308 1310 1307
4013 2 2 10 4 4273 5641 3325
4014 2 2 10 4 384 798 385
4015 2 2 10 4 390 4987 391
4016 2 2 10 4 358 5524 359
4017 2 2 10 4 393 6048 394
4018 2 2 10 4 360 4995 361
4019 2 2 10 4 426 5525 427
4020 2 2 10 4 414 5107 415
4021 2 2 10 4 405 5007 406
4022 2 2 10 4 498 5131 499
4023 2 2 10 4 480 5094 481
4024 2 2 10 4 553 4994 554
4025 2 2 10 4 403 5603 404
4026 2 2 10 4 548 5136 549
4027 2 2 10 4 478 5135 479
4028 2 2 10 4 533 5061 534
4029 2 2 10 4 396 5171 397
4030 2 2 10 4 319 5156 320
4031 2 2 10 4 544 5003 545
4032 2 2 10 4 436 5164 5
4033 2 2 10 4 416 5526 417
4034 2 2 10 4 342 5054 343
4035 2 2 10 4 408 5142 409
4036 2 2 10 4 326 5113 327
4037 2 2 10 4 324 5176 325
4038 2 2 10 4 332 5036 333
4039 2 2 10 4 482 5114 483
4040 2 2 10 4 458 5200 459
4041 2 2 10 4 536 5112 537
4042 2 2 10 4 428 5122 429
4043 2 2 10 4 317 5527 318
4044 2 2 10 4 418 5160 419
4045 2 2 10 4 484 5115 485
4046 2 2 10 4 466 5065 467
4047 2 2 10 4 468 5118 469
4048 2 2 10 4 456 5159 457
4049 2 2 10 4 338 5170 339
4050 2 2 10 4 520 5196 521
4051 2 2 10 4 334 5177 335
4052 2 2 10 4 368 5206 369
4053 2 2 10 4 555 5205 556
4054 2 2 10 4 438 5202 439
4055 2 2 10 4 376 5864 377
4056 2 2 10 4 542 5209 543
4057 2 2 10 4 4049 4770 4050
4058 2 2 10 4 4817 5380 4818
4059 2 2 10 4 1449 1452 1448
4060 2 2 10 4 4933 6715 4340
4061 2 2 10 4 1870 5618 1835
4062 2 2 10 4 4070 6657 4760
4063 2 2 10 4 1756 1780 1754
4064 2 2 10 4 2249 6642 2226
4065 2 2 10 4 5385 5387 5383
4066 2 2 10 4 1651 1653 1652
4067 2 2 10 4 5532 7641 3097
4068 2 2 10 4 3116 6015 2326
4069 2 2 10 4 2246 2266 2265
4070 2 2 10 4 962 4185 964
4071 2 2 10 4 1653 1655 1654
4072 2 2 10 4 765 5809 5808
4073 2 2 10 4 4107 4108 4106
4074 2 2 10 4 1745 5805 2040
4075 2 2 10 4 350 6425 351
4076 2 2 10 4 3654 4817 4399
4077 2 2 10 4 5400 5920 5398
4078 2 2 10 4 1429 5434 3552
4079 2 2 10 4 2348 2831 2350
4080 2 2 10 4 3571 3910 3569
4081 2 2 10 4 931 1649 1648
4082 2 2 10 4 2048 5963 2046
4083 2 2 10 4 2352 5437 2776
4084 2 2 10 4 929 5559 926
4085 2 2 10 4 1024 1027 1026
4086 2 2 10 4 2115 2116 2113
4087 2 2 10 4 4109 4110 4108
4088 2 2 10 4 4925 7689 661
4089 2 2 10 4 4912 4964 3639
4090 2 2 10 4 2425 2621 2426
4091 2 2 10 4 5396 5397 5386
4092 2 2 10 4 1655 1657 1656
4093 2 2 10 4 1080 5567 1083
4094 2 2 10 4 1282 5698 1285
4095 2 2 10 4 1775 1776 1774
4096 2 2 10 4 3167 3888 3416
4097 2 2 10 4 3593 8093 5002
4098 2 2 10 4 2934 5320 2334
4099 2 2 10 4 943 5760 940
4100 2 2 10 4 226 5881 225
4101 2 2 10 4 955 1621 952
4102 2 2 10 4 3833 4398 4080
4103 2 2 10 4 5301 5723 5304
4104 2 2 10 4 4810 4812 4811
4105 2 2 10 4 3054 5849 3849
4106 2 2 10 4 627 8122 5062
4107 2 2 10 4 4506 5604 4504
4108 2 2 10 4 1657 1659 1658
4109 2 2 10 4 3241 5740 2651
4110 2 2 10 4 5310 5311 5309
4111 2 2 10 4 2499 5420 3037
4112 2 2 10 4 1445 1447 1446
4113 2 2 10 4 3179 6426 4445
4114 2 2 10 4 3238 5569 3233
4115 2 2 10 4 2499 3037 2501
4116 2 2 10 4 5094 7840 692
4117 2 2 10 4 5376 7879 743
4118 2 2 10 4 4159 6678 6525
4119 2 2 10 4 1857 1861 1856
4120 2 2 10 4 1311 1312 1310
4121 2 2 10 4 1028 1031 1030
4122 2 2 10 4 3192 5424 2599
4123 2 2 10 4 4769 6683 4768
4124 2 2 10 4 2952 7436 7381
4125 2 2 10 4 5336 5338 5334
4126 2 2 10 4 5339 5342 5336
4127 2 2 10 4 1447 1449 1448
4128 2 2 10 4 1286 5728 1289
4129 2 2 10 4 4021 4495 3621
4130 2 2 10 4 1348 5668 1378
4131 2 2 10 4 264 5794 263
4132 2 2 10 4 1313 1314 1312
4133 2 2 10 4 1761 1978 1758
4134 2 2 10 4 3166 3422 3098
4135 2 2 10 4 3435 4115 3553
4136 2 2 10 4 382 5562 5211
4137 2 2 10 4 735 5208 388
4138 2 2 10 4 541 4990 674
4139 2 2 10 4 442 5029 664
4140 2 2 10 4 370 5278 665
4141 2 2 10 4 611 5563 452
4142 2 2 10 4 448 5044 633
4143 2 2 10 4 675 5215 440
4144 2 2 10 4 401 5004 635
4145 2 2 10 4 550 5556 791
4146 2 2 10 4 664 5230 443
4147 2 2 10 4 600 5010 529
4148 2 2 10 4 706 5185 462
4149 2 2 10 4 729 5045 379
4150 2 2 10 4 584 5134 476
4151 2 2 10 4 355 5229 721
4152 2 2 10 4 437 5005 725
4153 2 2 10 4 678 4993 374
4154 2 2 10 4 515 5512 720
4155 2 2 10 4 719 5037 352
4156 2 2 10 4 688 5178 454
4157 2 2 10 4 538 5006 662
4158 2 2 10 4 693 5097 431
4159 2 2 10 4 592 5102 472
4160 2 2 10 4 634 5172 525
4161 2 2 10 4 323 5089 702
4162 2 2 10 4 421 5627 708
4163 2 2 10 4 604 5015 346
4164 2 2 10 4 710 5117 474
4165 2 2 10 4 698 5228 527
4166 2 2 10 4 347 5015 695
4167 2 2 10 4 494 5137 632
4168 2 2 10 4 709 5188 486
4169 2 2 10 4 497 5130 568
4170 2 2 10 4 565 5189 510
4171 2 2 10 4 557 5186 506
4172 2 2 10 4 687 5212 470
4173 2 2 10 4 707 5213 512
4174 2 2 10 4 425 5266 696
4175 2 2 10 4 559 5116 488
4176 2 2 10 4 337 5088 586
4177 2 2 10 4 471 5212 592
4178 2 2 10 4 519 5119 689
4179 2 2 10 4 575 5627 420
4180 2 2 10 4 599 6031 464
4181 2 2 10 4 662 5222 539
4182 2 2 10 4 650 5623 446
4183 2 2 10 4 461 5203 706
4184 2 2 10 4 583 5119 518
4185 2 2 10 4 493 5223 5137
4186 2 2 10 4 329 5092 570
4187 2 2 10 4 569 5266 424
4188 2 2 10 4 700 5120 490
4189 2 2 10 4 562 5226 321
4190 2 2 10 4 496 5216 5130
4191 2 2 10 4 487 5188 559
4192 2 2 10 4 341 5194 594
4193 2 2 10 4 715 5092 328
4194 2 2 10 4 727 5600 386
4195 2 2 10 4 704 5194 340
4196 2 2 10 4 588 5203 460
4197 2 2 10 4 489 5116 700
4198 2 2 10 4 491 5120 564
4199 2 2 10 4 717 5225 344
4200 2 2 10 4 716 5088 336
4201 2 2 10 4 322 5226 5089
4202 2 2 10 4 573 5512 514
4203 2 2 10 4 465 6031 691
4204 2 2 10 4 345 5225 604
4205 2 2 10 4 475 5117 584
4206 2 2 10 4 561 5277 433
4207 2 2 10 4 526 5172 698
4208 2 2 10 4 564 5223 492
4209 2 2 10 4 463 5185 599
4210 2 2 10 4 632 5216 495
4211 2 2 10 4 724 5005 6
4212 2 2 10 4 511 5189 707
4213 2 2 10 4 455 5178 577
4214 2 2 10 4 432 5097 561
4215 2 2 10 4 430 5220 693
4216 2 2 10 4 507 5186 718
4217 2 2 10 4 445 5201 650
4218 2 2 10 4 375 4993 728
4219 2 2 10 4 477 5134 703
4220 2 2 10 4 513 5213 573
4221 2 2 10 4 528 5228 600
4222 2 2 10 4 353 5037 587
4223 2 2 10 4 473 5102 710
4224 2 2 10 4 530 5010 722
4225 2 2 10 4 380 5045 733
4226 2 2 10 4 587 5229 354
4227 2 2 10 4 444 5230 5201
4228 2 2 10 4 398 5127 639
4229 2 2 10 4 387 5600 735
4230 2 2 10 4 447 5623 5044
4231 2 2 10 4 392 5095 672
4232 2 2 10 4 540 5222 4990
4233 2 2 10 4 453 5563 688
4234 2 2 10 4 383 5211 734
4235 2 2 10 4 733 5562 381
4236 2 2 10 4 389 5208 681
4237 2 2 10 4 441 5215 5029
4238 2 2 10 4 3849 4407 3850
4239 2 2 10 4 1018 5309 1005
4240 2 2 10 4 2228 6642 2250
4241 2 2 10 4 4111 4431 4110
4242 2 2 10 4 5557 7118 3943
4243 2 2 10 4 1852 1856 1851
4244 2 2 10 4 292 5956 625
4245 2 2 10 4 1426 5279 1424
4246 2 2 10 4 1780 5382 1754
4247 2 2 10 4 3128 3533 3473
4248 2 2 10 4 6041 6691 4404
4249 2 2 10 4 6782 6964 4436
4250 2 2 10 4 4515 6657 4072
4251 2 2 10 4 266 5870 265
4252 2 2 10 4 313 5867 312
4253 2 2 10 4 2352 2776 2354
4254 2 2 10 4 4964 5702 3639
4255 2 2 10 4 3097 5741 2597
4256 2 2 10 4 5961 5962 2594
4257 2 2 10 4 2475 6845 3198
4258 2 2 10 4 2586 7362 5755
4259 2 2 10 4 3533 4153 4151
4260 2 2 10 4 4872 7804 4871
4261 2 2 10 4 596 5830 5829
4262 2 2 10 4 1221 2978 1218
4263 2 2 10 4 1863 5572 1865
4264 2 2 10 4 4045 8106 7137
4265 2 2 10 4 2621 2876 2622
4266 2 2 10 4 3050 7989 5087
4267 2 2 10 4 1817 5613 1815
4268 2 2 10 4 43 5877 42
4269 2 2 10 4 1049 1051 1050
4270 2 2 10 4 4416 5256 4418
4271 2 2 10 4 2047 5860 2552
4272 2 2 10 4 1443 1445 1444
4273 2 2 10 4 5529 5531 5530
4274 2 2 10 4 1666 1667 1664
4275 2 2 10 4 1805 5560 1802
4276 2 2 10 4 5358 5361 5360
4277 2 2 10 4 3128 6039 3533
4278 2 2 10 4 1032 1035 1034
4279 2 2 10 4 745 7219 5875
4280 2 2 10 4 5866 7240 1991
4281 2 2 10 4 3937 5836 4088
4282 2 2 10 4 5831 5832 5830
4283 2 2 10 4 2785 6959 5275
4284 2 2 10 4 4252 4273 3325
4285 2 2 10 4 1105 5632 1107
4286 2 2 10 4 1107 1157 1109
4287 2 2 10 4 2866 5333 2487
4288 2 2 10 4 3131 3348 1983
4289 2 2 10 4 3533 6039 4961
4290 2 2 10 4 5894 5896 5893
4291 2 2 10 4 1878 5594 5591
4292 2 2 10 4 4495 5693 3621
4293 2 2 10 4 4496 4979 4495
4294 2 2 10 4 5594 5595 5591
4295 2 2 10 4 1837 1870 1835
4296 2 2 10 4 1819 1876 1817
4297 2 2 10 4 1336 5458 1333
4298 2 2 10 4 277 5851 276
4299 2 2 10 4 1863 1865 1861
4300 2 2 10 4 5367 5369 5368
4301 2 2 10 4 5406 5920 5400
4302 2 2 10 4 2503 3201 2505
4303 2 2 10 4 968 5938 969
4304 2 2 10 4 6981 7073 2214
4305 2 2 10 4 5725 6583 6383
4306 2 2 10 4 5659 5660 1367
4307 2 2 10 4 5428 5984 1166
4308 2 2 10 4 5398 5402 5397
4309 2 2 10 4 909 6593 5898
4310 2 2 10 4 3310 3546 1988
4311 2 2 10 4 2111 2112 2108
4312 2 2 10 4 3576 3623 3577
4313 2 2 10 4 5492 5493 5490
4314 2 2 10 4 1765 1766 1763
4315 2 2 10 4 2147 2148 2146
4316 2 2 10 4 751 5847 271
4317 2 2 10 4 939 3781 3441
4318 2 2 10 4 5328 6654 5326
4319 2 2 10 4 1862 1863 1861
4320 2 2 10 4 1419 5523 2938
4321 2 2 10 4 1089 5984 1091
4322 2 2 10 4 2124 2125 2122
4323 2 2 10 4 5403 5406 5400
4324 2 2 10 4 1036 1039 1038
4325 2 2 10 4 10 5925 670
4326 2 2 10 4 5671 5672 5670
4327 2 2 10 4 3114 3833 3573
4328 2 2 10 4 5849 6661 3849
4329 2 2 10 4 2051 4278 1622
4330 2 2 10 4 5868 6947 5867
4331 2 2 10 4 2620 3030 2480
4332 2 2 10 4 2040 3311 3310
4333 2 2 10 4 5881 6988 5882
4334 2 2 10 4 1205 5357 2968
4335 2 2 10 4 3578 3638 3579
4336 2 2 10 4 2149 2150 2148
4337 2 2 10 4 5358 5359 2968
4338 2 2 10 4 4958 7073 6981
4339 2 2 10 4 1124 1129 1128
4340 2 2 10 4 5833 5834 5832
4341 2 2 10 4 5521 5522 5520
4342 2 2 10 4 1225 3145 1223
4343 2 2 10 4 4971 5644 4674
4344 2 2 10 4 5199 7751 5198
4345 2 2 10 4 755 8028 5870
4346 2 2 10 4 4022 4394 3338
4347 2 2 10 4 2573 6726 4578
4348 2 2 10 4 4457 4866 4459
4349 2 2 10 4 1769 1770 1767
4350 2 2 10 4 37 5854 754
4351 2 2 10 4 2238 5263 2247
4352 2 2 10 4 884 1156 882
4353 2 2 10 4 1823 5589 1821
4354 2 2 10 4 4241 5582 3298
4355 2 2 10 4 1056 1058 1057
4356 2 2 10 4 5113 8114 4690
4357 2 2 10 4 5676 5902 1451
4358 2 2 10 4 961 2787 960
4359 2 2 10 4 4664 4665 3441
4360 2 2 10 4 1831 1875 1829
4361 2 2 10 4 1509 7023 6942
4362 2 2 10 4 5541 6698 734
4363 2 2 10 4 7084 7201 2791
4364 2 2 10 4 5683 5684 1169
4365 2 2 10 4 2299 2301 2300
4366 2 2 10 4 2561 6014 2074
4367 2 2 10 4 981 5611 984
4368 2 2 10 4 5331 6757 5323
4369 2 2 10 4 1658 5510 1661
4370 2 2 10 4 5321 5327 5323
4371 2 2 10 4 5360 5362 5359
4372 2 2 10 4 4532 7932 3804
4373 2 2 10 4 1786 1787 1785
4374 2 2 10 4 1841 1979 1839
4375 2 2 10 4 4065 6810 5765
4376 2 2 10 4 1967 1980 1966
4377 2 2 10 4 1099 5542 1101
4378 2 2 10 4 2540 5990 5718
4379 2 2 10 4 2686 6011 2053
4380 2 2 10 4 1745 2040 1988
4381 2 2 10 4 4401 7648 7437
4382 2 2 10 4 3872 4654 3875
4383 2 2 10 4 3462 3621 3426
4384 2 2 10 4 4637 5557 3945
4385 2 2 10 4 3547 3548 3546
4386 2 2 10 4 1843 5738 1841
4387 2 2 10 4 1068 5373 1071
4388 2 2 10 4 4151 4152 3473
4389 2 2 10 4 2866 5335 5334
4390 2 2 10 4 1827 5621 5594
4391 2 2 10 4 1087 1166 1089
4392 2 2 10 4 2552 5860 5733
4393 2 2 10 4 2358 2389 2360
4394 2 2 10 4 1319 1320 1318
4395 2 2 10 4 4935 6013 4953
4396 2 2 10 4 2055 2056 1980
4397 2 2 10 4 261 5827 260
4398 2 2 10 4 3143 3840 3357
4399 2 2 10 4 4553 5796 3366
4400 2 2 10 4 1129 1133 1132
4401 2 2 10 4 2301 2303 2302
4402 2 2 10 4 1146 5958 1140
4403 2 2 10 4 2509 2829 2511
4404 2 2 10 4 1658 1660 1656
4405 2 2 10 4 909 5898 5897
4406 2 2 10 4 2405 6491 6490
4407 2 2 10 4 4921 4922 4544
4408 2 2 10 4 4103 4104 3260
4409 2 2 10 4 48 5841 47
4410 2 2 10 4 1773 1774 1771
4411 2 2 10 4 1133 1141 1140
4412 2 2 10 4 1821 5588 1819
4413 2 2 10 4 5261 5280 1411
4414 2 2 10 4 4262 7390 5684
4415 2 2 10 4 1321 1322 1320
4416 2 2 10 4 1041 5262 1042
4417 2 2 10 4 1446 3101 1444
4418 2 2 10 4 1781 5720 1777
4419 2 2 10 4 5669 5671 5670
4420 2 2 10 4 3211 4119 3129
4421 2 2 10 4 1992 5426 1085
4422 2 2 10 4 1375 1376 1370
4423 2 2 10 4 1101 1164 1103
4424 2 2 10 4 5335 5337 5336
4425 2 2 10 4 4746 4941 4744
4426 2 2 10 4 5338 7183 5345
4427 2 2 10 4 1232 3034 1230
4428 2 2 10 4 1018 5317 5310
4429 2 2 10 4 3366 5796 3283
4430 2 2 10 4 1370 5659 1367
4431 2 2 10 4 1389 6736 6721
4432 2 2 10 4 4759 4909 4705
4433 2 2 10 4 1042 1045 1044
4434 2 2 10 4 1511 5676 1451
4435 2 2 10 4 5431 5984 5428
4436 2 2 10 4 1113 1142 1115
4437 2 2 10 4 3900 7106 7049
4438 2 2 10 4 2950 5884 2491
4439 2 2 10 4 752 7188 4756
4440 2 2 10 4 5904 5905 660
4441 2 2 10 4 2303 2309 2304
4442 2 2 10 4 281 5824 280
4443 2 2 10 4 4610 5883 4608
4444 2 2 10 4 2717 2718 2056
4445 2 2 10 4 7784 7855 4747
4446 2 2 10 4 1654 5499 1652
4447 2 2 10 4 4310 7592 4568
4448 2 2 10 4 5004 7695 635
4449 2 2 10 4 6973 7101 6397
4450 2 2 10 4 1342 5965 1373
4451 2 2 10 4 1151 1162 1152
4452 2 2 10 4 1777 5720 1776
4453 2 2 10 4 28 5829 27
4454 2 2 10 4 974 6531 6530
4455 2 2 10 4 3633 4810 4809
4456 2 2 10 4 2376 2378 2377
4457 2 2 10 4 2378 2380 2379
4458 2 2 10 4 223 7860 222
4459 2 2 10 4 5492 5494 5493
4460 2 2 10 4 2405 6490 2404
4461 2 2 10 4 3035 5475 5474
4462 2 2 10 4 1160 5503 1077
4463 2 2 10 4 1661 1662 1660
4464 2 2 10 4 3535 5507 3537
4465 2 2 10 4 5133 8015 712
4466 2 2 10 4 2656 5513 3430
4467 2 2 10 4 2155 2161 2154
4468 2 2 10 4 3128 3472 3127
4469 2 2 10 4 5421 6499 2876
4470 2 2 10 4 1792 1793 1791
4471 2 2 10 4 2362 5688 2364
4472 2 2 10 4 2141 2142 2139
4473 2 2 10 4 1850 1851 1847
4474 2 2 10 4 5359 6434 2968
4475 2 2 10 4 1095 5585 1097
4476 2 2 10 4 1780 5384 5383
4477 2 2 10 4 2077 6029 2728
4478 2 2 10 4 1652 1969 1650
4479 2 2 10 4 5593 6002 5590
4480 2 2 10 4 94 5739 649
4481 2 2 10 4 6880 6911 2421
4482 2 2 10 4 5862 5863 2758
4483 2 2 10 4 3298 5582 5580
4484 2 2 10 4 646 5708 199
4485 2 2 10 4 5424 7058 5799
4486 2 2 10 4 2513 5700 2515
4487 2 2 10 4 5280 6650 1411
4488 2 2 10 4 1801 4047 1871
4489 2 2 10 4 547 6551 726
4490 2 2 10 4 684 6551 546
4491 2 2 10 4 2154 5274 2151
4492 2 2 10 4 1827 5594 1825
4493 2 2 10 4 3654 4094 3653
4494 2 2 10 4 788 5903 5859
4495 2 2 10 4 1105 5642 5632
4496 2 2 10 4 1046 1049 1048
4497 2 2 10 4 3803 3804 3132
4498 2 2 10 4 3004 3005 2718
4499 2 2 10 4 1141 1147 1146
4500 2 2 10 4 1521 1522 1511
4501 2 2 10 4 3054 3849 3428
4502 2 2 10 4 1064 1067 1065
4503 2 2 10 4 2159 2598 2597
4504 2 2 10 4 306 5817 305
4505 2 2 10 4 5440 5442 5438
4506 2 2 10 4 2364 2929 2366
4507 2 2 10 4 3109 3110 3108
4508 2 2 10 4 572 7845 7633
4509 2 2 10 4 904 2217 903
4510 2 2 10 4 5708 5904 198
4511 2 2 10 4 2525 5735 2527
4512 2 2 10 4 5649 5773 5650
4513 2 2 10 4 235 5814 234
4514 2 2 10 4 5470 6429 4515
4515 2 2 10 4 5458 8177 3588
4516 2 2 10 4 5368 7094 5361
4517 2 2 10 4 50 5825 49
4518 2 2 10 4 1019 1020 1016
4519 2 2 10 4 1664 6400 1659
4520 2 2 10 4 1236 3239 1234
4521 2 2 10 4 906 5897 904
4522 2 2 10 4 2059 5985 1561
4523 2 2 10 4 1825 1878 1823
4524 2 2 10 4 95 5906 5739
4525 2 2 10 4 1999 2001 2000
4526 2 2 10 4 2214 6504 2102
4527 2 2 10 4 5528 6047 4611
4528 2 2 10 4 1062 1064 1063
4529 2 2 10 4 4399 4636 4094
4530 2 2 10 4 2162 2163 2161
4531 2 2 10 4 1117 3551 1119
4532 2 2 10 4 1413 5288 5287
4533 2 2 10 4 4611 5604 4506
4534 2 2 10 4 3789 6443 6051
4535 2 2 10 4 917 6024 914
4536 2 2 10 4 4962 7445 4153
4537 2 2 10 4 2372 5521 2376
4538 2 2 10 4 1352 5669 1350
4539 2 2 10 4 5528 8016 6047
4540 2 2 10 4 1779 1781 1777
4541 2 2 10 4 1634 3538 1632
4542 2 2 10 4 890 1137 888
4543 2 2 10 4 4306 5964 5963
4544 2 2 10 4 3430 3774 3431
4545 2 2 10 4 5641 6928 2542
4546 2 2 10 4 3652 3653 3288
4547 2 2 10 4 2380 2382 2381
4548 2 2 10 4 2120 3611 2157
4549 2 2 10 4 4812 7489 4813
4550 2 2 10 4 972 5941 973
4551 2 2 10 4 3191 4545 2652
4552 2 2 10 4 3631 5976 5394
4553 2 2 10 4 1059 5871 1062
4554 2 2 10 4 1521 5915 1523
4555 2 2 10 4 3774 3776 3775
4556 2 2 10 4 2145 2146 2143
4557 2 2 10 4 2978 5764 1218
4558 2 2 10 4 4067 4068 4065
4559 2 2 10 4 5688 6723 2929
4560 2 2 10 4 899 7226 5643
4561 2 2 10 4 5384 5386 5385
4562 2 2 10 4 2164 2165 2163
4563 2 2 10 4 2427 2428 2424
4564 2 2 10 4 5860 6682 5733
4565 2 2 10 4 4516 5759 3461
4566 2 2 10 4 915 6043 916
4567 2 2 10 4 4351 5554 5553
4568 2 2 10 4 2382 2394 2393
4569 2 2 10 4 1327 1328 1326
4570 2 2 10 4 5364 6434 5359
4571 2 2 10 4 984 5611 5610
4572 2 2 10 4 2515 2544 2517
4573 2 2 10 4 2283 2295 2287
4574 2 2 10 4 5019 5021 695
4575 2 2 10 4 2866 6455 5335
4576 2 2 10 4 3272 5963 2048
4577 2 2 10 4 5971 7241 4654
4578 2 2 10 4 799 800 727
4579 2 2 10 4 4996 4999 626
4580 2 2 10 4 5110 5111 585
4581 2 2 10 4 5071 5072 601
4582 2 2 10 4 5165 5166 567
4583 2 2 10 4 3080 3426 2650
4584 2 2 10 4 5681 7446 7078
4585 2 2 10 4 1348 1378 1346
4586 2 2 10 4 1996 5760 943
4587 2 2 10 4 6493 6770 1368
4588 2 2 10 4 2296 5534 2299
4589 2 2 10 4 1648 5559 929
4590 2 2 10 4 4531 4532 3804
4591 2 2 10 4 26 5819 25
4592 2 2 10 4 4760 6810 4068
4593 2 2 10 4 1980 5529 1966
4594 2 2 10 4 2598 3098 3097
4595 2 2 10 4 4786 5766 4785
4596 2 2 10 4 4161 4162 3408
4597 2 2 10 4 1023 1024 1022
4598 2 2 10 4 3268 6556 4436
4599 2 2 10 4 4069 4070 4068
4600 2 2 10 4 2313 2315 2314
4601 2 2 10 4 3446 4368 3640
4602 2 2 10 4 1121 5261 1124
4603 2 2 10 4 1091 5683 1093
4604 2 2 10 4 3111 3112 3110
4605 2 2 10 4 2603 2604 2267
4606 2 2 10 4 4822 7449 738
4607 2 2 10 4 1211 5936 1209
4608 2 2 10 4 878 1165 876
4609 2 2 10 4 1678 5724 1676
4610 2 2 10 4 2396 2613 2612
4611 2 2 10 4 2368 2390 2370
4612 2 2 10 4 7408 7506 6685
4613 2 2 10 4 1784 1785 1782
4614 2 2 10 4 4271 6382 5731
4615 2 2 10 4 3870 5971 3872
4616 2 2 10 4 4791 8074 6979
4617 2 2 10 4 1544 6552 5915
4618 2 2 10 4 1811 1877 1809
4619 2 2 10 4 3552 5279 1426
4620 2 2 10 4 5877 5878 756
4621 2 2 10 4 4956 7151 5944
4622 2 2 10 4 1329 1330 1328
4623 2 2 10 4 4702 4906 4903
4624 2 2 10 4 5606 5608 5607
4625 2 2 10 4 1240 3347 1238
4626 2 2 10 4 2296 2299 2298
4627 2 2 10 4 998 5687 1413
4628 2 2 10 4 1317 1318 1315
4629 2 2 10 4 3426 5500 2650
4630 2 2 10 4 1602 6017 2419
4631 2 2 10 4 1953 1966 1924
4632 2 2 10 4 2111 2113 2112
4633 2 2 10 4 1121 1124 1123
4634 2 2 10 4 5446 5447 5442
4635 2 2 10 4 4050 5740 3241
4636 2 2 10 4 3562 3563 3561
4637 2 2 10 4 1427 1430 1423
4638 2 2 10 4 1282 1285 1284
4639 2 2 10 4 1097 1625 1099
4640 2 2 10 4 1809 6418 1807
4641 2 2 10 4 1052 1056 1055
4642 2 2 10 4 4948 7088 982
4643 2 2 10 4 5431 6997 5684
4644 2 2 10 4 921 6033 918
4645 2 2 10 4 894 1629 892
4646 2 2 10 4 582 5794 264
4647 2 2 10 4 2543 6419 2941
4648 2 2 10 4 2266 2267 2265
4649 2 2 10 4 6005 6006 2461
4650 2 2 10 4 3894 5576 5575
4651 2 2 10 4 2146 5474 2143
4652 2 2 10 4 909 5897 906
4653 2 2 10 4 257 5808 256
4654 2 2 10 4 4977 7505 4976
4655 2 2 10 4 280 5824 597
4656 2 2 10 4 1326 5887 1323
4657 2 2 10 4 2315 2317 2316
4658 2 2 10 4 4071 4072 4070
4659 2 2 10 4 1666 1668 1667
4660 2 2 10 4 5388 5393 5389
4661 2 2 10 4 762 5817 306
4662 2 2 10 4 771 5789 5779
4663 2 2 10 4 1800 1801 1799
4664 2 2 10 4 5621 7411 5595
4665 2 2 10 4 1286 1289 1288
4666 2 2 10 4 237 5806 236
4667 2 2 10 4 1083 5567 1992
4668 2 2 10 4 52 5812 51
4669 2 2 10 4 4664 7986 4889
4670 2 2 10 4 5757 6991 1171
4671 2 2 10 4 3045 3514 3513
4672 2 2 10 4 1680 1681 1678
4673 2 2 10 4 876 6027 874
4674 2 2 10 4 1798 1799 1797
4675 2 2 10 4 5905 8053 4248
4676 2 2 10 4 5529 6461 5531
4677 2 2 10 4 2115 2117 2116
4678 2 2 10 4 759 5827 261
4679 2 2 10 4 1421 5523 1419
4680 2 2 10 4 1093 1169 1095
4681 2 2 10 4 234 5814 761
4682 2 2 10 4 5469 5571 3201
4683 2 2 10 4 1290 1293 1292
4684 2 2 10 4 596 5829 28
4685 2 2 10 4 2552 5733 2554
4686 2 2 10 4 1780 6475 5384
4687 2 2 10 4 5780 5784 5782
4688 2 2 10 4 4079 5569 3238
4689 2 2 10 4 2519 2546 2521
4690 2 2 10 4 3899 7611 4985
4691 2 2 10 4 4171 5802 4173
4692 2 2 10 4 1654 6497 5499
4693 2 2 10 4 765 5808 257
4694 2 2 10 4 49 5825 602
4695 2 2 10 4 1331 1332 1330
4696 2 2 10 4 4103 6471 4105
4697 2 2 10 4 92 5813 753
4698 2 2 10 4 1419 2938 1417
4699 2 2 10 4 3294 3295 3112
4700 2 2 10 4 764 5819 26
4701 2 2 10 4 1027 1028 1026
4702 2 2 10 4 236 5806 606
4703 2 2 10 4 2613 2766 2765
4704 2 2 10 4 284 5804 608
4705 2 2 10 4 4706 4707 4162
4706 2 2 10 4 5705 5706 5703
4707 2 2 10 4 3652 5573 3654
4708 2 2 10 4 1294 1297 1296
4709 2 2 10 4 51 5812 766
4710 2 2 10 4 47 5841 760
4711 2 2 10 4 914 6024 913
4712 2 2 10 4 4258 5424 3192
4713 2 2 10 4 1101 5542 1164
4714 2 2 10 4 5564 5566 5565
4715 2 2 10 4 4529 5930 3440
4716 2 2 10 4 4173 5843 4175
4717 2 2 10 4 2317 2319 2318
4718 2 2 10 4 768 5798 302
4719 2 2 10 4 1376 5659 1370
4720 2 2 10 4 3571 5568 3910
4721 2 2 10 4 2541 2970 2653
4722 2 2 10 4 1350 5668 1348
4723 2 2 10 4 2372 2376 2374
4724 2 2 10 4 607 5811 24
4725 2 2 10 4 5520 7364 3488
4726 2 2 10 4 5652 6027 1165
4727 2 2 10 4 775 7955 4795
4728 2 2 10 4 1695 6489 1954
4729 2 2 10 4 4583 4936 3802
4730 2 2 10 4 6517 8186 4697
4731 2 2 10 4 160 5815 750
4732 2 2 10 4 5335 6455 5340
4733 2 2 10 4 3781 8140 4664
4734 2 2 10 4 238 5792 767
4735 2 2 10 4 4314 7202 7098
4736 2 2 10 4 5396 5398 5397
4737 2 2 10 4 286 5793 769
4738 2 2 10 4 4703 4852 4658
4739 2 2 10 4 1246 1247 1244
4740 2 2 10 4 2770 2772 2771
4741 2 2 10 4 3051 4937 3291
4742 2 2 10 4 53 5807 609
4743 2 2 10 4 4244 4245 4072
4744 2 2 10 4 412 6679 413
4745 2 2 10 4 1440 1453 1441
4746 2 2 10 4 285 5804 284
4747 2 2 10 4 3145 5485 5484
4748 2 2 10 4 1356 6037 1354
4749 2 2 10 4 1373 5974 5290
4750 2 2 10 4 1375 5913 1377
4751 2 2 10 4 1059 1062 1061
4752 2 2 10 4 3160 4404 3610
4753 2 2 10 4 872 5745 870
4754 2 2 10 4 1051 5265 1052
4755 2 2 10 4 1073 1075 1074
4756 2 2 10 4 2554 3434 2865
4757 2 2 10 4 24 5811 23
4758 2 2 10 4 5881 5882 796
4759 2 2 10 4 2970 3481 3292
4760 2 2 10 4 3565 3566 3295
4761 2 2 10 4 771 5777 253
4762 2 2 10 4 770 5801 22
4763 2 2 10 4 898 899 896
4764 2 2 10 4 1071 1073 1072
4765 2 2 10 4 1285 5728 1286
4766 2 2 10 4 2153 2154 2151
4767 2 2 10 4 1431 1432 1430
4768 2 2 10 4 2998 6039 3000
4769 2 2 10 4 2728 6029 3249
4770 2 2 10 4 1262 1406 1261
4771 2 2 10 4 331 6664 697
4772 2 2 10 4 570 6664 330
4773 2 2 10 4 3029 3102 2638
4774 2 2 10 4 860 5924 858
4775 2 2 10 4 1281 5698 1282
4776 2 2 10 4 8 5797 795
4777 2 2 10 4 771 5779 5778
4778 2 2 10 4 288 5774 618
4779 2 2 10 4 3166 3440 3422
4780 2 2 10 4 4997 7550 5480
4781 2 2 10 4 1790 1791 1788
4782 2 2 10 4 3040 7151 4955
4783 2 2 10 4 2170 2171 2169
4784 2 2 10 4 4408 4879 4878
4785 2 2 10 4 275 5776 580
4786 2 2 10 4 2523 2531 2525
4787 2 2 10 4 90 5826 637
4788 2 2 10 4 3108 5425 3435
4789 2 2 10 4 918 6033 917
4790 2 2 10 4 3368 6996 6905
4791 2 2 10 4 1637 1641 1639
4792 2 2 10 4 1203 6434 1200
4793 2 2 10 4 1250 4943 1248
4794 2 2 10 4 3403 4942 4164
4795 2 2 10 4 1375 1377 1376
4796 2 2 10 4 773 5770 298
4797 2 2 10 4 1031 1032 1030
4798 2 2 10 4 3514 4542 4421
4799 2 2 10 4 2172 2173 2171
4800 2 2 10 4 4685 4686 3899
4801 2 2 10 4 4108 5553 4106
4802 2 2 10 4 2319 2321 2320
4803 2 2 10 4 2408 6464 2406
4804 2 2 10 4 5408 6859 2920
4805 2 2 10 4 4246 4247 4245
4806 2 2 10 4 3654 5573 4817
4807 2 2 10 4 1797 5980 1794
4808 2 2 10 4 5711 5719 5713
4809 2 2 10 4 3570 3571 3569
4810 2 2 10 4 5239 7217 5238
4811 2 2 10 4 1864 1868 1863
4812 2 2 10 4 1660 6497 1656
4813 2 2 10 4 1774 5467 1771
4814 2 2 10 4 2656 3430 2983
4815 2 2 10 4 1876 5613 1817
4816 2 2 10 4 5403 7492 5406
4817 2 2 10 4 1315 5505 1314
4818 2 2 10 4 1989 2218 1990
4819 2 2 10 4 2722 6467 2448
4820 2 2 10 4 902 903 900
4821 2 2 10 4 57 5707 655
4822 2 2 10 4 1415 5476 958
4823 2 2 10 4 276 5851 5776
4824 2 2 10 4 302 5798 301
4825 2 2 10 4 5402 5407 5397
4826 2 2 10 4 290 5768 774
4827 2 2 10 4 737 5933 5932
4828 2 2 10 4 31 5937 758
4829 2 2 10 4 1646 5458 1336
4830 2 2 10 4 671 5922 66
4831 2 2 10 4 1297 1300 1298
4832 2 2 10 4 54 5807 53
4833 2 2 10 4 239 5792 238
4834 2 2 10 4 4954 8205 450
4835 2 2 10 4 1079 7385 5567
4836 2 2 10 4 5692 7705 5690
4837 2 2 10 4 4165 4167 4166
4838 2 2 10 4 1433 1434 1432
4839 2 2 10 4 1993 5262 1041
4840 2 2 10 4 4013 6594 4450
4841 2 2 10 4 4361 7904 7834
4842 2 2 10 4 628 5840 135
4843 2 2 10 4 7049 7106 4395
4844 2 2 10 4 2480 6440 2471
4845 2 2 10 4 1640 2943 2942
4846 2 2 10 4 3579 5879 4214
4847 2 2 10 4 2935 3534 1412
4848 2 2 10 4 1358 1626 1356
4849 2 2 10 4 3482 4126 4125
4850 2 2 10 4 5699 5728 1285
4851 2 2 10 4 624 5767 296
4852 2 2 10 4 1325 1326 1323
4853 2 2 10 4 4064 4065 3222
4854 2 2 10 4 11 5926 5925
4855 2 2 10 4 5529 5530 1966
4856 2 2 10 4 1991 5560 1805
4857 2 2 10 4 4252 4274 4273
4858 2 2 10 4 2321 2323 2322
4859 2 2 10 4 2244 5957 2246
4860 2 2 10 4 4306 5963 3272
4861 2 2 10 4 2769 3345 3017
4862 2 2 10 4 5485 5487 5486
4863 2 2 10 4 3052 3059 3058
4864 2 2 10 4 1075 1077 1076
4865 2 2 10 4 3651 5507 3535
4866 2 2 10 4 4018 4019 3571
4867 2 2 10 4 2483 6455 2485
4868 2 2 10 4 1437 1438 1434
4869 2 2 10 4 615 7808 5792
4870 2 2 10 4 1354 1379 1352
4871 2 2 10 4 4410 4411 4247
4872 2 2 10 4 5384 6475 5395
4873 2 2 10 4 2772 3025 3024
4874 2 2 10 4 1387 6484 1380
4875 2 2 10 4 2126 2129 2128
4876 2 2 10 4 1796 1797 1794
4877 2 2 10 4 2310 2313 2312
4878 2 2 10 4 657 5955 248
4879 2 2 10 4 5716 5717 5715
4880 2 2 10 4 2190 6561 4150
4881 2 2 10 4 2527 2538 2529
4882 2 2 10 4 3212 3801 3102
4883 2 2 10 4 1452 1545 1448
4884 2 2 10 4 3611 6521 2157
4885 2 2 10 4 4872 8038 7804
4886 2 2 10 4 1300 1302 1301
4887 2 2 10 4 1077 1079 1078
4888 2 2 10 4 3229 6011 2686
4889 2 2 10 4 1337 1338 1336
4890 2 2 10 4 747 5844 205
4891 2 2 10 4 5657 6027 5652
4892 2 2 10 4 5324 6757 5328
4893 2 2 10 4 4133 4393 4019
4894 2 2 10 4 7467 7831 2972
4895 2 2 10 4 665 6710 371
4896 2 2 10 4 958 5476 959
4897 2 2 10 4 3031 4276 3567
4898 2 2 10 4 1035 1036 1034
4899 2 2 10 4 5267 7030 4858
4900 2 2 10 4 2174 2175 2173
4901 2 2 10 4 287 5793 286
4902 2 2 10 4 630 5772 63
4903 2 2 10 4 4659 4703 4658
4904 2 2 10 4 60 5769 619
4905 2 2 10 4 373 6715 678
4906 2 2 10 4 5755 7362 5751
4907 2 2 10 4 3205 7562 7228
4908 2 2 10 4 22 5801 21
4909 2 2 10 4 792 5867 313
4910 2 2 10 4 755 5870 266
4911 2 2 10 4 1545 6635 5674
4912 2 2 10 4 1806 1807 1805
4913 2 2 10 4 7714 8035 5035
4914 2 2 10 4 165 5821 658
4915 2 2 10 4 1254 1255 1252
4916 2 2 10 4 647 5973 131
4917 2 2 10 4 3522 6014 2561
4918 2 2 10 4 5346 5347 5344
4919 2 2 10 4 1808 1809 1807
4920 2 2 10 4 2124 2126 2125
4921 2 2 10 4 1821 5589 5588
4922 2 2 10 4 1036 5463 1039
4923 2 2 10 4 2620 3031 3030
4924 2 2 10 4 5752 5754 5753
4925 2 2 10 4 1339 1340 1338
4926 2 2 10 4 1440 1441 1438
4927 2 2 10 4 156 5848 745
4928 2 2 10 4 3283 4306 3272
4929 2 2 10 4 1661 1695 1662
4930 2 2 10 4 988 5609 1627
4931 2 2 10 4 271 5847 270
4932 2 2 10 4 4167 4169 4168
4933 2 2 10 4 5249 7934 668
4934 2 2 10 4 962 964 963
4935 2 2 10 4 5977 6480 6457
4936 2 2 10 4 2129 2131 2130
4937 2 2 10 4 2323 2326 2324
4938 2 2 10 4 42 5877 756
4939 2 2 10 4 2176 2609 2175
4940 2 2 10 4 2943 2986 2985
4941 2 2 10 4 1302 1304 1303
4942 2 2 10 4 956 1143 958
4943 2 2 10 4 38 5854 37
4944 2 2 10 4 4412 4413 4411
4945 2 2 10 4 1765 1767 1766
4946 2 2 10 4 7948 8005 7393
4947 2 2 10 4 5547 5549 5548
4948 2 2 10 4 7595 7625 5857
4949 2 2 10 4 3249 6029 3895
4950 2 2 10 4 1068 1071 1070
4951 2 2 10 4 3833 4080 3573
4952 2 2 10 4 5632 5634 5633
4953 2 2 10 4 3199 6497 1660
4954 2 2 10 4 1641 1644 1643
4955 2 2 10 4 908 909 906
4956 2 2 10 4 3547 4200 3548
4957 2 2 10 4 1788 5677 1787
4958 2 2 10 4 1997 3582 1999
4959 2 2 10 4 5240 7399 5117
4960 2 2 10 4 1041 1042 1040
4961 2 2 10 4 7380 7740 768
4962 2 2 10 4 4963 7683 1410
4963 2 2 10 4 1522 5676 1511
4964 2 2 10 4 1573 6476 5731
4965 2 2 10 4 595 5944 5008
4966 2 2 10 4 5301 5303 3454
4967 2 2 10 4 5092 6600 570
4968 2 2 10 4 5346 5348 5347
4969 2 2 10 4 1071 5373 1642
4970 2 2 10 4 712 6738 500
4971 2 2 10 4 501 6738 566
4972 2 2 10 4 2128 5564 2125
4973 2 2 10 4 4129 6021 4127
4974 2 2 10 4 6525 6678 1264
4975 2 2 10 4 2533 2541 2539
4976 2 2 10 4 985 5609 988
4977 2 2 10 4 2638 5251 2935
4978 2 2 10 4 1270 4951 1269
4979 2 2 10 4 1039 1040 1038
4980 2 2 10 4 253 5777 252
4981 2 2 10 4 165 658 164
4982 2 2 10 4 3616 4137 4056
4983 2 2 10 4 622 5865 207
4984 2 2 10 4 1681 5724 1678
4985 2 2 10 4 1166 5984 1089
4986 2 2 10 4 3888 4732 3416
4987 2 2 10 4 1521 1523 1522
4988 2 2 10 4 2953 2954 2611
4989 2 2 10 4 3249 3895 3254
4990 2 2 10 4 2131 2135 2134
4991 2 2 10 4 5870 7842 582
4992 2 2 10 4 3256 5987 3839
4993 2 2 10 4 1425 1426 1424
4994 2 2 10 4 2395 5381 2936
4995 2 2 10 4 9 5797 8
4996 2 2 10 4 3535 3537 3534
4997 2 2 10 4 4126 4128 4127
4998 2 2 10 4 5603 5944 595
4999 2 2 10 4 4855 7211 3253
5000 2 2 10 4 2168 2169 2166
5001 2 2 10 4 4132 4133 4019
5002 2 2 10 4 2221 6016 2224
5003 2 2 10 4 2425 2426 2423
5004 2 2 10 4 3579 4214 3981
5005 2 2 10 4 874 1630 872
5006 2 2 10 4 665 6116 5953
5007 2 2 10 4 225 5881 796
5008 2 2 10 4 199 5708 198
5009 2 2 10 4 1304 1306 1305
5010 2 2 10 4 3881 6779 6753
5011 2 2 10 4 1341 1342 1340
5012 2 2 10 4 916 6043 919
5013 2 2 10 4 2159 6521 2598
5014 2 2 10 4 1674 5852 1672
5015 2 2 10 4 3394 3627 3192
5016 2 2 10 4 4501 4502 4413
5017 2 2 10 4 3345 4217 3510
5018 2 2 10 4 95 5739 94
5019 2 2 10 4 1279 1281 1280
5020 2 2 10 4 2954 6524 2611
5021 2 2 10 4 132 647 131
5022 2 2 10 4 1888 5596 1890
5023 2 2 10 4 5617 6699 3479
5024 2 2 10 4 2071 6572 5721
5025 2 2 10 4 200 646 199
5026 2 2 10 4 613 5872 139
5027 2 2 10 4 4105 6471 4113
5028 2 2 10 4 129 659 128
5029 2 2 10 4 1825 5594 1878
5030 2 2 10 4 3819 4553 3366
5031 2 2 10 4 3261 6461 5529
5032 2 2 10 4 3406 3407 2954
5033 2 2 10 4 3145 6527 5485
5034 2 2 10 4 154 5875 612
5035 2 2 10 4 1810 1811 1809
5036 2 2 10 4 1769 1771 1770
5037 2 2 10 4 94 649 93
5038 2 2 10 4 3447 3453 3452
5039 2 2 10 4 3059 3390 3389
5040 2 2 10 4 3793 4349 3791
5041 2 2 10 4 613 5873 5872
5042 2 2 10 4 788 7338 5903
5043 2 2 10 4 912 913 910
5044 2 2 10 4 4169 4171 4170
5045 2 2 10 4 202 752 201
5046 2 2 10 4 964 6045 965
5047 2 2 10 4 7735 7760 3906
5048 2 2 10 4 6676 7277 1291
5049 2 2 10 4 3975 4028 3528
5050 2 2 10 4 1171 6991 5924
5051 2 2 10 4 1247 7403 5273
5052 2 2 10 4 765 5810 5809
5053 2 2 10 4 5875 5876 612
5054 2 2 10 4 2224 2226 2225
5055 2 2 10 4 3635 3636 3564
5056 2 2 10 4 4162 6524 3408
5057 2 2 10 4 151 5722 651
5058 2 2 10 4 2135 2139 2138
5059 2 2 10 4 162 648 161
5060 2 2 10 4 4105 4107 4106
5061 2 2 10 4 5512 7391 4638
5062 2 2 10 4 2986 2988 2987
5063 2 2 10 4 3382 3493 3238
5064 2 2 10 4 3256 3839 3542
5065 2 2 10 4 1680 1682 1681
5066 2 2 10 4 4645 7597 7540
5067 2 2 10 4 4894 5730 5729
5068 2 2 10 4 1260 1261 1258
5069 2 2 10 4 2723 5987 3256
5070 2 2 10 4 862 1171 860
5071 2 2 10 4 4128 4429 4129
5072 2 2 10 4 128 5837 127
5073 2 2 10 4 6447 6727 45
5074 2 2 10 4 5651 5652 1165
5075 2 2 10 4 160 750 159
5076 2 2 10 4 1306 1308 1307
5077 2 2 10 4 4921 4923 4922
5078 2 2 10 4 1963 5987 2723
5079 2 2 10 4 204 638 203
5080 2 2 10 4 5892 6515 6514
5081 2 2 10 4 289 5774 288
5082 2 2 10 4 2321 6540 2323
5083 2 2 10 4 134 749 133
5084 2 2 10 4 6021 6893 4127
5085 2 2 10 4 6465 6867 6464
5086 2 2 10 4 3422 5532 3098
5087 2 2 10 4 744 5880 209
5088 2 2 10 4 4103 4105 4104
5089 2 2 10 4 3558 5265 1051
5090 2 2 10 4 3291 5637 3052
5091 2 2 10 4 720 8050 4946
5092 2 2 10 4 158 636 157
5093 2 2 10 4 1986 5997 5467
5094 2 2 10 4 92 753 91
5095 2 2 10 4 3315 6400 1667
5096 2 2 10 4 5839 5992 5991
5097 2 2 10 4 1152 1154 1153
5098 2 2 10 4 4960 6483 3638
5099 2 2 10 4 2573 4578 3023
5100 2 2 10 4 2226 2228 2227
5101 2 2 10 4 2727 5977 2076
5102 2 2 10 4 1097 5585 1625
5103 2 2 10 4 3435 3553 3107
5104 2 2 10 4 4137 4915 4914
5105 2 2 10 4 659 5837 128
5106 2 2 10 4 5788 7010 657
5107 2 2 10 4 1296 5639 1295
5108 2 2 10 4 1343 1344 1342
5109 2 2 10 4 2988 2990 2989
5110 2 2 10 4 90 637 89
5111 2 2 10 4 1890 1989 1892
5112 2 2 10 4 5155 7360 2861
5113 2 2 10 4 3465 5954 3171
5114 2 2 10 4 3171 5954 3540
5115 2 2 10 4 4503 4504 4502
5116 2 2 10 4 1804 1805 1802
5117 2 2 10 4 4171 4173 4172
5118 2 2 10 4 1314 5505 3411
5119 2 2 10 4 3251 5977 2727
5120 2 2 10 4 4107 4109 4108
5121 2 2 10 4 5002 8093 642
5122 2 2 10 4 4759 5416 4909
5123 2 2 10 4 88 748 87
5124 2 2 10 4 1676 1987 1674
5125 2 2 10 4 4789 6762 4078
5126 2 2 10 4 5443 5444 5441
5127 2 2 10 4 4974 7820 658
5128 2 2 10 4 1428 1429 1426
5129 2 2 10 4 5939 5941 972
5130 2 2 10 4 6851 8041 7901
5131 2 2 10 4 713 7368 5200
5132 2 2 10 4 4899 5883 4610
5133 2 2 10 4 5837 5991 127
5134 2 2 10 4 1335 1336 1333
5135 2 2 10 4 152 5885 5722
5136 2 2 10 4 136 628 135
5137 2 2 10 4 1377 1380 1376
5138 2 2 10 4 2256 7179 6861
5139 2 2 10 4 1421 6557 5523
5140 2 2 10 4 772 7951 5807
5141 2 2 10 4 2330 2332 2331
5142 2 2 10 4 1261 6580 1258
5143 2 2 10 4 4141 6400 3315
5144 2 2 10 4 3131 3824 3348
5145 2 2 10 4 1276 1391 1275
5146 2 2 10 4 1775 1777 1776
5147 2 2 10 4 156 745 155
5148 2 2 10 4 206 747 205
5149 2 2 10 4 1668 2092 1667
5150 2 2 10 4 2944 6906 4480
5151 2 2 10 4 86 616 85
5152 2 2 10 4 138 746 137
5153 2 2 10 4 1308 1311 1310
5154 2 2 10 4 5662 6037 1626
5155 2 2 10 4 240 615 239
5156 2 2 10 4 238 767 237
5157 2 2 10 4 1718 5981 1717
5158 2 2 10 4 1773 1775 1774
5159 2 2 10 4 3925 3926 3493
5160 2 2 10 4 256 610 255
5161 2 2 10 4 303 768 302
5162 2 2 10 4 236 606 235
5163 2 2 10 4 916 917 914
5164 2 2 10 4 286 769 285
5165 2 2 10 4 811 7455 6402
5166 2 2 10 4 5295 5297 5296
5167 2 2 10 4 1083 1085 1084
5168 2 2 10 4 3894 4853 3560
5169 2 2 10 4 284 608 283
5170 2 2 10 4 301 614 300
5171 2 2 10 4 254 771 253
5172 2 2 10 4 288 618 287
5173 2 2 10 4 2697 5960 2699
5174 2 2 10 4 2699 5960 3050
5175 2 2 10 4 3398 4049 3241
5176 2 2 10 4 3574 7803 5062
5177 2 2 10 4 1288 5636 1287
5178 2 2 10 4 258 765 257
5179 2 2 10 4 305 605 304
5180 2 2 10 4 2178 3036 2177
5181 2 2 10 4 5821 5822 658
5182 2 2 10 4 140 613 139
5183 2 2 10 4 299 773 298
5184 2 2 10 4 252 621 251
5185 2 2 10 4 282 763 281
5186 2 2 10 4 243 656 242
5187 2 2 10 4 290 774 289
5188 2 2 10 4 234 761 233
5189 2 2 10 4 7845 8200 8067
5190 2 2 10 4 6600 6716 570
5191 2 2 10 4 4029 4030 3275
5192 2 2 10 4 69 794 68
5193 2 2 10 4 3430 5513 4251
5194 2 2 10 4 1045 1046 1044
5195 2 2 10 4 4167 6998 4860
5196 2 2 10 4 297 624 296
5197 2 2 10 4 260 603 259
5198 2 2 10 4 307 762 306
5199 2 2 10 4 1284 5638 1283
5200 2 2 10 4 3636 5846 5845
5201 2 2 10 4 4812 4813 4811
5202 2 2 10 4 53 609 52
5203 2 2 10 4 1085 1087 1086
5204 2 2 10 4 23 770 22
5205 2 2 10 4 67 671 66
5206 2 2 10 4 3544 7973 7961
5207 2 2 10 4 25 607 24
5208 2 2 10 4 8 795 7
5209 2 2 10 4 55 772 54
5210 2 2 10 4 21 617 20
5211 2 2 10 4 6051 6443 1940
5212 2 2 10 4 208 622 207
5213 2 2 10 4 249 657 248
5214 2 2 10 4 51 766 50
5215 2 2 10 4 292 625 291
5216 2 2 10 4 298 5770 297
5217 2 2 10 4 232 640 231
5218 2 2 10 4 10 670 9
5219 2 2 10 4 57 655 56
5220 2 2 10 4 11 5925 10
5221 2 2 10 4 280 597 279
5222 2 2 10 4 5427 5428 1166
5223 2 2 10 4 1868 5572 1863
5224 2 2 10 4 27 764 26
5225 2 2 10 4 19 775 18
5226 2 2 10 4 1345 1346 1344
5227 2 2 10 4 210 744 209
5228 2 2 10 4 1686 6390 2057
5229 2 2 10 4 998 1001 999
5230 2 2 10 4 293 5956 292
5231 2 2 10 4 246 623 245
5232 2 2 10 4 4109 4111 4110
5233 2 2 10 4 295 776 294
5234 2 2 10 4 6610 6612 6611
5235 2 2 10 4 58 5707 57
5236 2 2 10 4 49 602 48
5237 2 2 10 4 82 5890 590
5238 2 2 10 4 2116 5546 2113
5239 2 2 10 4 309 641 308
5240 2 2 10 4 262 759 261
5241 2 2 10 4 3045 6540 3514
5242 2 2 10 4 4810 4811 4809
5243 2 2 10 4 4505 4506 4504
5244 2 2 10 4 60 619 59
5245 2 2 10 4 13 629 12
5246 2 2 10 4 154 612 153
5247 2 2 10 4 3453 4782 3987
5248 2 2 10 4 17 620 16
5249 2 2 10 4 64 630 63
5250 2 2 10 4 2541 6581 2970
5251 2 2 10 4 1279 1280 1278
5252 2 2 10 4 29 596 28
5253 2 2 10 4 868 5816 1170
5254 2 2 10 4 278 757 277
5255 2 2 10 4 5749 5750 5747
5256 2 2 10 4 2228 2230 2229
5257 2 2 10 4 930 931 929
5258 2 2 10 4 66 5922 65
5259 2 2 10 4 3096 5947 5946
5260 2 2 10 4 589 5886 211
5261 2 2 10 4 312 668 311
5262 2 2 10 4 265 582 264
5263 2 2 10 4 152 5722 151
5264 2 2 10 4 47 760 46
5265 2 2 10 4 1622 5698 1281
5266 2 2 10 4 1852 1857 1856
5267 2 2 10 4 6321 6509 5090
5268 2 2 10 4 62 778 61
5269 2 2 10 4 15 777 14
5270 2 2 10 4 4736 5986 3926
5271 2 2 10 4 2310 6567 2313
5272 2 2 10 4 4730 4731 3522
5273 2 2 10 4 2611 7311 2289
5274 2 2 10 4 143 652 142
5275 2 2 10 4 4173 4175 4174
5276 2 2 10 4 4300 7527 5163
5277 2 2 10 4 3962 6604 3095
5278 2 2 10 4 275 580 274
5279 2 2 10 4 4338 7358 4337
5280 2 2 10 4 31 758 30
5281 2 2 10 4 3636 5845 5579
5282 2 2 10 4 1311 1313 1312
5283 2 2 10 4 84 743 83
5284 2 2 10 4 229 667 228
5285 2 2 10 4 276 5776 275
5286 2 2 10 4 1816 1817 1815
5287 2 2 10 4 965 968 967
5288 2 2 10 4 3576 3577 1361
5289 2 2 10 4 44 581 43
5290 2 2 10 4 1001 1003 1002
5291 2 2 10 4 3100 5274 2154
5292 2 2 10 4 2332 2334 2333
5293 2 2 10 4 987 2420 986
5294 2 2 10 4 956 5999 1143
5295 2 2 10 4 2621 2622 2426
5296 2 2 10 4 3849 3850 3428
5297 2 2 10 4 267 755 266
5298 2 2 10 4 314 792 313
5299 2 2 10 4 4407 4408 3850
5300 2 2 10 4 4440 4442 4441
5301 2 2 10 4 212 589 211
5302 2 2 10 4 2990 2992 2991
5303 2 2 10 4 3638 5879 3579
5304 2 2 10 4 82 590 81
5305 2 2 10 4 5661 5662 1626
5306 2 2 10 4 34 579 33
5307 2 2 10 4 1435 1436 1429
5308 2 2 10 4 4750 7995 7750
5309 2 2 10 4 5643 7929 1629
5310 2 2 10 4 1850 1852 1851
5311 2 2 10 4 3901 3902 3251
5312 2 2 10 4 870 5816 868
5313 2 2 10 4 227 793 226
5314 2 2 10 4 2598 6521 3165
5315 2 2 10 4 4879 4881 4880
5316 2 2 10 4 151 651 150
5317 2 2 10 4 571 5856 5854
5318 2 2 10 4 42 756 41
5319 2 2 10 4 149 741 148
5320 2 2 10 4 80 742 79
5321 2 2 10 4 4392 4559 4558
5322 2 2 10 4 4021 4496 4495
5323 2 2 10 4 868 1170 866
5324 2 2 10 4 1787 5677 3578
5325 2 2 10 4 225 796 224
5326 2 2 10 4 272 751 271
5327 2 2 10 4 2610 2611 2289
5328 2 2 10 4 316 797 315
5329 2 2 10 4 1269 6525 1266
5330 2 2 10 4 765 5842 5810
5331 2 2 10 4 4221 4223 4222
5332 2 2 10 4 3231 3880 3229
5333 2 2 10 4 6753 6779 2434
5334 2 2 10 4 920 921 918
5335 2 2 10 4 2141 2143 2142
5336 2 2 10 4 1209 5936 2928
5337 2 2 10 4 1051 1052 1050
5338 2 2 10 4 1268 1269 1266
5339 2 2 10 4 5542 5543 1164
5340 2 2 10 4 656 5952 242
5341 2 2 10 4 270 572 269
5342 2 2 10 4 214 739 213
5343 2 2 10 4 5890 5891 590
5344 2 2 10 4 3416 4051 2980
5345 2 2 10 4 2376 5521 5520
5346 2 2 10 4 1595 5861 1418
5347 2 2 10 4 291 5768 290
5348 2 2 10 4 145 740 144
5349 2 2 10 4 37 754 36
5350 2 2 10 4 2230 2232 2231
5351 2 2 10 4 1430 6557 1423
5352 2 2 10 4 1058 5871 1059
5353 2 2 10 4 3224 7155 3591
5354 2 2 10 4 216 644 215
5355 2 2 10 4 596 5831 5830
5356 2 2 10 4 2941 6419 3327
5357 2 2 10 4 5609 6586 1627
5358 2 2 10 4 7195 7583 4211
5359 2 2 10 4 2992 2994 2993
5360 2 2 10 4 1857 1862 1861
5361 2 2 10 4 1313 1315 1314
5362 2 2 10 4 39 571 38
5363 2 2 10 4 1003 1005 1004
5364 2 2 10 4 1049 1050 1048
5365 2 2 10 4 739 5912 213
5366 2 2 10 4 2334 2336 2335
5367 2 2 10 4 4605 4606 4506
5368 2 2 10 4 2483 2485 2484
5369 2 2 10 4 1165 6027 876
5370 2 2 10 4 1152 6487 1154
5371 2 2 10 4 12 5926 11
5372 2 2 10 4 7245 7293 1391
5373 2 2 10 4 740 5908 144
5374 2 2 10 4 5389 5391 5390
5375 2 2 10 4 1661 6489 1695
5376 2 2 10 4 1087 1089 1088
5377 2 2 10 4 4175 4177 4176
5378 2 2 10 4 964 965 963
5379 2 2 10 4 3400 6044 3398
5380 2 2 10 4 3261 5529 1980
5381 2 2 10 4 1347 1348 1346
5382 2 2 10 4 78 645 77
5383 2 2 10 4 859 860 858
5384 2 2 10 4 3462 4021 3621
5385 2 2 10 4 5666 6037 5662
5386 2 2 10 4 4031 7570 3618
5387 2 2 10 4 2221 2224 2223
5388 2 2 10 4 5467 7818 1770
5389 2 2 10 4 4442 4444 4443
5390 2 2 10 4 1442 1443 1436
5391 2 2 10 4 4567 8077 5036
5392 2 2 10 4 4687 6998 4165
5393 2 2 10 4 959 960 957
5394 2 2 10 4 4478 4747 4477
5395 2 2 10 4 5074 5080 5075
5396 2 2 10 4 2634 5479 3167
5397 2 2 10 4 959 961 960
5398 2 2 10 4 4079 7602 5570
5399 2 2 10 4 4757 7952 5952
5400 2 2 10 4 4840 7058 4258
5401 2 2 10 4 4708 6524 4162
5402 2 2 10 4 1878 5591 5590
5403 2 2 10 4 2781 3192 2599
5404 2 2 10 4 1818 1819 1817
5405 2 2 10 4 5784 7195 2732
5406 2 2 10 4 3348 4959 1983
5407 2 2 10 4 5498 5934 5487
5408 2 2 10 4 858 6094 855
5409 2 2 10 4 5061 7022 5063
5410 2 2 10 4 2087 6614 5763
5411 2 2 10 4 6029 6030 3895
5412 2 2 10 4 1672 1883 1670
5413 2 2 10 4 3579 3981 1982
5414 2 2 10 4 4531 6000 4532
5415 2 2 10 4 4510 4511 3036
5416 2 2 10 4 4223 4226 4225
5417 2 2 10 4 568 6939 5132
5418 2 2 10 4 3872 5971 4654
5419 2 2 10 4 1811 3020 1877
5420 2 2 10 4 4115 4787 3553
5421 2 2 10 4 861 862 860
5422 2 2 10 4 974 6532 6531
5423 2 2 10 4 5500 7274 5501
5424 2 2 10 4 1684 1685 1682
5425 2 2 10 4 219 676 218
5426 2 2 10 4 75 677 74
5427 2 2 10 4 1779 1782 1781
5428 2 2 10 4 1452 1546 1545
5429 2 2 10 4 1862 1864 1863
5430 2 2 10 4 3191 4546 4545
5431 2 2 10 4 3902 5977 3251
5432 2 2 10 4 1349 1350 1348
5433 2 2 10 4 1089 1091 1090
5434 2 2 10 4 1758 6475 1756
5435 2 2 10 4 1080 1083 1082
5436 2 2 10 4 2652 6596 1961
5437 2 2 10 4 3237 3238 3233
5438 2 2 10 4 4480 7222 7157
5439 2 2 10 4 5831 5833 5832
5440 2 2 10 4 3575 4966 3592
5441 2 2 10 4 2295 2296 2287
5442 2 2 10 4 5679 5680 2531
5443 2 2 10 4 1350 5669 5668
5444 2 2 10 4 4607 4608 4606
5445 2 2 10 4 1721 5981 1718
5446 2 2 10 4 3880 6011 3229
5447 2 2 10 4 5623 6918 4189
5448 2 2 10 4 924 925 922
5449 2 2 10 4 1631 6622 4147
5450 2 2 10 4 2232 2234 2233
5451 2 2 10 4 3486 4073 2933
5452 2 2 10 4 2569 8172 4852
5453 2 2 10 4 792 5868 5867
5454 2 2 10 4 2718 6634 2056
5455 2 2 10 4 5891 5893 5892
5456 2 2 10 4 5324 5326 5325
5457 2 2 10 4 5485 6527 5497
5458 2 2 10 4 2147 2149 2148
5459 2 2 10 4 5507 7975 3537
5460 2 2 10 4 2299 5534 5533
5461 2 2 10 4 1667 6400 1664
5462 2 2 10 4 73 738 72
5463 2 2 10 4 296 5767 295
5464 2 2 10 4 221 737 220
5465 2 2 10 4 5584 7017 3165
5466 2 2 10 4 6457 6480 1628
5467 2 2 10 4 1820 1821 1819
5468 2 2 10 4 4988 6470 4989
5469 2 2 10 4 4444 4527 4526
5470 2 2 10 4 2145 2147 2146
5471 2 2 10 4 2485 2487 2486
5472 2 2 10 4 1523 1524 1522
5473 2 2 10 4 4177 4179 4178
5474 2 2 10 4 1663 1664 1659
5475 2 2 10 4 4125 6893 4430
5476 2 2 10 4 78 5917 645
5477 2 2 10 4 2336 2338 2337
5478 2 2 10 4 3479 6699 1517
5479 2 2 10 4 32 5937 31
5480 2 2 10 4 8075 8120 6585
5481 2 2 10 4 2069 6607 5849
5482 2 2 10 4 4731 6014 3522
5483 2 2 10 4 3791 6443 3789
5484 2 2 10 4 1005 1007 1006
5485 2 2 10 4 740 5910 5908
5486 2 2 10 4 1124 5261 1411
5487 2 2 10 4 2994 2996 2995
5488 2 2 10 4 1460 5761 1443
5489 2 2 10 4 4322 5500 3426
5490 2 2 10 4 4077 4461 3913
5491 2 2 10 4 4277 5695 5276
5492 2 2 10 4 6450 7314 762
5493 2 2 10 4 1323 5887 1322
5494 2 2 10 4 5589 6002 5588
5495 2 2 10 4 969 972 971
5496 2 2 10 4 3268 4436 3270
5497 2 2 10 4 3047 3241 2651
5498 2 2 10 4 4226 4228 4227
5499 2 2 10 4 2327 2330 2329
5500 2 2 10 4 729 6955 5271
5501 2 2 10 4 6421 6444 1883
5502 2 2 10 4 2096 6546 3825
5503 2 2 10 4 5501 6662 2216
5504 2 2 10 4 3942 3943 3941
5505 2 2 10 4 4392 6644 4559
5506 2 2 10 4 4163 7372 7364
5507 2 2 10 4 1453 1454 1441
5508 2 2 10 4 5659 6025 5660
5509 2 2 10 4 5402 5645 5407
5510 2 2 10 4 4961 4962 4153
5511 2 2 10 4 621 5787 251
5512 2 2 10 4 3210 6735 2383
5513 2 2 10 4 1274 1275 1272
5514 2 2 10 4 5288 8155 6529
5515 2 2 10 4 1450 1451 1449
5516 2 2 10 4 8067 8200 4668
5517 2 2 10 4 4496 4980 4979
5518 2 2 10 4 5029 5032 5030
5519 2 2 10 4 729 5271 5270
5520 2 2 10 4 4990 4992 4991
5521 2 2 10 4 5030 5031 664
5522 2 2 10 4 5011 5014 5010
5523 2 2 10 4 719 5820 5268
5524 2 2 10 4 5046 5047 733
5525 2 2 10 4 5173 5174 698
5526 2 2 10 4 688 5180 5179
5527 2 2 10 4 5098 5100 5097
5528 2 2 10 4 700 5419 5121
5529 2 2 10 4 710 5245 5240
5530 2 2 10 4 5179 5184 5178
5531 2 2 10 4 693 5099 5098
5532 2 2 10 4 592 5104 5103
5533 2 2 10 4 600 5012 5011
5534 2 2 10 4 5138 5139 632
5535 2 2 10 4 5190 5191 707
5536 2 2 10 4 5016 5018 5015
5537 2 2 10 4 5137 5140 5138
5538 2 2 10 4 604 5017 5016
5539 2 2 10 4 5038 5039 587
5540 2 2 10 4 557 5246 5187
5541 2 2 10 4 5089 5091 5090
5542 2 2 10 4 5005 6009 5482
5543 2 2 10 4 2149 2151 2150
5544 2 2 10 4 216 5927 644
5545 2 2 10 4 1320 6660 1318
5546 2 2 10 4 1129 1132 1128
5547 2 2 10 4 1380 6484 1376
5548 2 2 10 4 1847 5874 1843
5549 2 2 10 4 2487 2489 2488
5550 2 2 10 4 3080 3462 3426
5551 2 2 10 4 1124 1128 1123
5552 2 2 10 4 4169 6688 4171
5553 2 2 10 4 928 929 926
5554 2 2 10 4 1786 1788 1787
5555 2 2 10 4 6481 6526 1691
5556 2 2 10 4 5348 5350 5349
5557 2 2 10 4 1843 5874 5738
5558 2 2 10 4 1546 6476 1548
5559 2 2 10 4 2475 3198 2477
5560 2 2 10 4 5648 7083 1031
5561 2 2 10 4 938 939 937
5562 2 2 10 4 2301 2302 2300
5563 2 2 10 4 4971 5950 5644
5564 2 2 10 4 3035 5474 2146
5565 2 2 10 4 1730 1731 1728
5566 2 2 10 4 4897 8162 5277
5567 2 2 10 4 1007 1009 1008
5568 2 2 10 4 2234 2236 2235
5569 2 2 10 4 3926 8021 5506
5570 2 2 10 4 2918 3915 2671
5571 2 2 10 4 1903 6648 4576
5572 2 2 10 4 377 6955 378
5573 2 2 10 4 1152 1153 1147
5574 2 2 10 4 988 990 989
5575 2 2 10 4 1967 2055 1980
5576 2 2 10 4 1688 6390 1686
5577 2 2 10 4 2996 2998 2997
5578 2 2 10 4 4609 4610 4608
5579 2 2 10 4 3435 5425 4571
5580 2 2 10 4 1784 1786 1785
5581 2 2 10 4 2299 2300 2298
5582 2 2 10 4 1091 1093 1092
5583 2 2 10 4 1869 1873 1868
5584 2 2 10 4 1785 6669 1782
5585 2 2 10 4 3623 4312 3577
5586 2 2 10 4 1056 1057 1055
5587 2 2 10 4 2338 2340 2339
5588 2 2 10 4 1953 1967 1966
5589 2 2 10 4 1058 1059 1057
5590 2 2 10 4 3641 5985 2059
5591 2 2 10 4 4013 4450 4016
5592 2 2 10 4 863 864 862
5593 2 2 10 4 1351 1352 1350
5594 2 2 10 4 2571 6464 2408
5595 2 2 10 4 4330 6494 6479
5596 2 2 10 4 248 5955 247
5597 2 2 10 4 1522 6022 5676
5598 2 2 10 4 4879 4880 4878
5599 2 2 10 4 4527 4780 4779
5600 2 2 10 4 5391 6686 5408
5601 2 2 10 4 4029 5957 4973
5602 2 2 10 4 3944 3945 3943
5603 2 2 10 4 3005 3109 3108
5604 2 2 10 4 1524 6022 1522
5605 2 2 10 4 1204 1205 1203
5606 2 2 10 4 63 5772 62
5607 2 2 10 4 4179 4181 4180
5608 2 2 10 4 4164 7051 4687
5609 2 2 10 4 968 969 967
5610 2 2 10 4 61 5769 60
5611 2 2 10 4 2001 2002 2000
5612 2 2 10 4 1682 6441 1681
5613 2 2 10 4 6531 7861 6530
5614 2 2 10 4 4437 4440 4439
5615 2 2 10 4 1690 1691 1688
5616 2 2 10 4 1319 1321 1320
5617 2 2 10 4 1822 1823 1821
5618 2 2 10 4 857 858 855
5619 2 2 10 4 126 5991 663
5620 2 2 10 4 5161 8025 575
5621 2 2 10 4 1317 1319 1318
5622 2 2 10 4 4331 6494 4330
5623 2 2 10 4 1814 1815 1812
5624 2 2 10 4 1133 1140 1132
5625 2 2 10 4 5326 5330 5329
5626 2 2 10 4 3106 6467 2722
5627 2 2 10 4 3559 3562 3561
5628 2 2 10 4 4228 4230 4229
5629 2 2 10 4 3514 6540 4543
5630 2 2 10 4 3534 6580 1412
5631 2 2 10 4 3327 4221 4220
5632 2 2 10 4 1927 7067 5704
5633 2 2 10 4 1988 5599 1743
5634 2 2 10 4 7985 8008 5812
5635 2 2 10 4 4643 5966 4489
5636 2 2 10 4 1630 5745 872
5637 2 2 10 4 127 5991 126
5638 2 2 10 4 254 5789 771
5639 2 2 10 4 1353 1354 1352
5640 2 2 10 4 2055 2717 2056
5641 2 2 10 4 5547 5548 2112
5642 2 2 10 4 3482 6581 4126
5643 2 2 10 4 1206 1207 1205
5644 2 2 10 4 4673 4674 4610
5645 2 2 10 4 5564 5565 2125
5646 2 2 10 4 2303 2304 2302
5647 2 2 10 4 1093 1095 1094
5648 2 2 10 4 6617 6984 1725
5649 2 2 10 4 5829 6420 764
5650 2 2 10 4 3903 3904 3902
5651 2 2 10 4 2236 2238 2237
5652 2 2 10 4 1665 1666 1664
5653 2 2 10 4 4078 6762 4671
5654 2 2 10 4 1151 2975 1162
5655 2 2 10 4 1727 6046 1724
5656 2 2 10 4 1734 1735 1732
5657 2 2 10 4 1726 1727 1724
5658 2 2 10 4 5312 5313 1414
5659 2 2 10 4 3549 4477 3400
5660 2 2 10 4 1637 6586 1641
5661 2 2 10 4 6592 6930 2776
5662 2 2 10 4 2327 6015 2330
5663 2 2 10 4 2489 2491 2490
5664 2 2 10 4 4181 4184 4182
5665 2 2 10 4 1453 1455 1454
5666 2 2 10 4 1744 1745 1743
5667 2 2 10 4 1196 3463 1194
5668 2 2 10 4 4780 4785 4784
5669 2 2 10 4 865 866 864
5670 2 2 10 4 2340 2342 2341
5671 2 2 10 4 990 5551 991
5672 2 2 10 4 583 7980 6992
5673 2 2 10 4 1321 1323 1322
5674 2 2 10 4 1824 1825 1823
5675 2 2 10 4 2422 2427 2424
5676 2 2 10 4 1510 1511 1451
5677 2 2 10 4 219 5932 676
5678 2 2 10 4 4273 6038 5641
5679 2 2 10 4 1009 1012 1011
5680 2 2 10 4 5915 6437 1523
5681 2 2 10 4 4265 6640 4267
5682 2 2 10 4 2181 6557 1430
5683 2 2 10 4 2479 2483 2482
5684 2 2 10 4 1864 1869 1868
5685 2 2 10 4 4214 5552 4816
5686 2 2 10 4 2998 3000 2999
5687 2 2 10 4 2378 2379 2377
5688 2 2 10 4 1246 1248 1247
5689 2 2 10 4 3946 4036 3945
5690 2 2 10 4 737 5932 220
5691 2 2 10 4 4230 4232 4231
5692 2 2 10 4 1794 5980 1793
5693 2 2 10 4 4404 4405 3610
5694 2 2 10 4 5150 5152 5151
5695 2 2 10 4 4349 6443 3791
5696 2 2 10 4 898 900 899
5697 2 2 10 4 956 958 957
5698 2 2 10 4 1141 1146 1140
5699 2 2 10 4 5350 5352 5351
5700 2 2 10 4 5285 7282 6740
5701 2 2 10 4 2447 6920 6028
5702 2 2 10 4 2376 2377 2374
5703 2 2 10 4 4351 5553 4108
5704 2 2 10 4 3434 5907 2865
5705 2 2 10 4 4073 6566 2933
5706 2 2 10 4 557 6987 5246
5707 2 2 10 4 5058 5059 5055
5708 2 2 10 4 973 976 975
5709 2 2 10 4 2309 2310 2304
5710 2 2 10 4 217 5927 216
5711 2 2 10 4 2396 2612 2394
5712 2 2 10 4 6838 7041 5843
5713 2 2 10 4 1746 5805 1745
5714 2 2 10 4 768 7740 5798
5715 2 2 10 4 5370 5371 5369
5716 2 2 10 4 1883 6444 1670
5717 2 2 10 4 1140 5958 1145
5718 2 2 10 4 2717 3004 2718
5719 2 2 10 4 3441 5625 937
5720 2 2 10 4 913 6593 910
5721 2 2 10 4 2789 6022 1524
5722 2 2 10 4 5460 5461 1968
5723 2 2 10 4 1720 1721 1718
5724 2 2 10 4 867 868 866
5725 2 2 10 4 5725 5726 1987
5726 2 2 10 4 5944 5945 5008
5727 2 2 10 4 2465 2704 2059
5728 2 2 10 4 2491 2493 2492
5729 2 2 10 4 1669 1670 1668
5730 2 2 10 4 1154 1158 1155
5731 2 2 10 4 959 962 961
5732 2 2 10 4 945 946 943
5733 2 2 10 4 1626 6037 1356
5734 2 2 10 4 5903 8095 5051
5735 2 2 10 4 5964 6986 6793
5736 2 2 10 4 1797 6469 5980
5737 2 2 10 4 1012 1014 1013
5738 2 2 10 4 1738 1739 1736
5739 2 2 10 4 1749 5805 1746
5740 2 2 10 4 3181 6426 3179
5741 2 2 10 4 1208 1209 1207
5742 2 2 10 4 4970 4971 4674
5743 2 2 10 4 5638 8027 1283
5744 2 2 10 4 4685 6585 4686
5745 2 2 10 4 573 7391 5512
5746 2 2 10 4 1095 1097 1096
5747 2 2 10 4 4593 7662 5739
5748 2 2 10 4 958 959 957
5749 2 2 10 4 2238 2240 2239
5750 2 2 10 4 2153 2155 2154
5751 2 2 10 4 5802 6860 1845
5752 2 2 10 4 3000 3127 3057
5753 2 2 10 4 2155 2162 2161
5754 2 2 10 4 2721 6028 3104
5755 2 2 10 4 3286 3371 2571
5756 2 2 10 4 4657 4659 4658
5757 2 2 10 4 4665 5626 5625
5758 2 2 10 4 1355 1356 1354
5759 2 2 10 4 5444 6005 5445
5760 2 2 10 4 1459 1464 1463
5761 2 2 10 4 220 5932 219
5762 2 2 10 4 4037 4038 4036
5763 2 2 10 4 2375 6702 5513
5764 2 2 10 4 2380 2381 2379
5765 2 2 10 4 6029 6547 6030
5766 2 2 10 4 504 6987 505
5767 2 2 10 4 2000 3144 1998
5768 2 2 10 4 1790 1792 1791
5769 2 2 10 4 3146 7870 6003
5770 2 2 10 4 2342 2344 2343
5771 2 2 10 4 6512 7308 5996
5772 2 2 10 4 5352 5354 5353
5773 2 2 10 4 4879 5275 4881
5774 2 2 10 4 5153 7562 3205
5775 2 2 10 4 1064 1065 1063
5776 2 2 10 4 1826 1827 1825
5777 2 2 10 4 2975 3006 1162
5778 2 2 10 4 1792 1794 1793
5779 2 2 10 4 3509 3941 3106
5780 2 2 10 4 1986 5467 1774
5781 2 2 10 4 3601 6900 4657
5782 2 2 10 4 4184 4696 4695
5783 2 2 10 4 6514 6515 742
5784 2 2 10 4 4962 7538 7445
5785 2 2 10 4 936 937 934
5786 2 2 10 4 5022 5024 5023
5787 2 2 10 4 4223 7081 5555
5788 2 2 10 4 3967 6623 3968
5789 2 2 10 4 1062 1063 1061
5790 2 2 10 4 6710 6715 372
5791 2 2 10 4 1723 6046 2184
5792 2 2 10 4 1722 1723 1721
5793 2 2 10 4 1364 7061 1312
5794 2 2 10 4 3826 6646 1984
5795 2 2 10 4 1520 1521 1511
5796 2 2 10 4 4232 4234 4233
5797 2 2 10 4 2057 6390 3741
5798 2 2 10 4 3901 3903 3902
5799 2 2 10 4 869 870 868
5800 2 2 10 4 2769 6603 3345
5801 2 2 10 4 972 973 971
5802 2 2 10 4 5803 7690 3020
5803 2 2 10 4 4133 4590 4393
5804 2 2 10 4 3170 3298 2704
5805 2 2 10 4 659 5838 5837
5806 2 2 10 4 2419 6017 3652
5807 2 2 10 4 5388 5409 5393
5808 2 2 10 4 1202 1203 1200
5809 2 2 10 4 3368 6905 6317
5810 2 2 10 4 4750 7750 4752
5811 2 2 10 4 7501 7502 673
5812 2 2 10 4 197 660 196
5813 2 2 10 4 5873 7286 5872
5814 2 2 10 4 3473 5681 3472
5815 2 2 10 4 1671 1672 1670
5816 2 2 10 4 5839 5991 5837
5817 2 2 10 4 242 5952 241
5818 2 2 10 4 3774 3775 3431
5819 2 2 10 4 902 904 903
5820 2 2 10 4 1210 1211 1209
5821 2 2 10 4 2240 2244 2243
5822 2 2 10 4 1357 1358 1356
5823 2 2 10 4 2162 2164 2163
5824 2 2 10 4 4086 4516 3461
5825 2 2 10 4 947 948 946
5826 2 2 10 4 1868 6456 5572
5827 2 2 10 4 3430 3431 2983
5828 2 2 10 4 4473 6655 1604
5829 2 2 10 4 2493 2495 2494
5830 2 2 10 4 5080 7009 5081
5831 2 2 10 4 1751 1752 1749
5832 2 2 10 4 4750 4751 4748
5833 2 2 10 4 1954 6489 5558
5834 2 2 10 4 97 661 96
5835 2 2 10 4 2382 2393 2381
5836 2 2 10 4 5634 5635 5633
5837 2 2 10 4 2344 2346 2345
5838 2 2 10 4 1097 1099 1098
5839 2 2 10 4 4489 7333 4487
5840 2 2 10 4 2462 7041 6838
5841 2 2 10 4 1742 1743 1740
5842 2 2 10 4 1694 1697 1692
5843 2 2 10 4 3267 6631 3266
5844 2 2 10 4 7440 7556 5655
5845 2 2 10 4 1014 1016 1015
5846 2 2 10 4 5510 6489 1661
5847 2 2 10 4 1067 1068 1065
5848 2 2 10 4 5340 5341 5337
5849 2 2 10 4 5511 7543 3980
5850 2 2 10 4 2770 2771 2768
5851 2 2 10 4 4067 4069 4068
5852 2 2 10 4 4064 4067 4065
5853 2 2 10 4 3109 3111 3110
5854 2 2 10 4 5669 5670 5668
5855 2 2 10 4 1283 7079 1280
5856 2 2 10 4 6664 6716 4944
5857 2 2 10 4 4234 4265 4264
5858 2 2 10 4 977 980 979
5859 2 2 10 4 5999 6007 1143
5860 2 2 10 4 4214 4816 3981
5861 2 2 10 4 4039 4040 4038
5862 2 2 10 4 4477 6044 3400
5863 2 2 10 4 2935 5251 3536
5864 2 2 10 4 1828 1829 1827
5865 2 2 10 4 614 6692 300
5866 2 2 10 4 3902 6480 5977
5867 2 2 10 4 2419 3288 3287
5868 2 2 10 4 4133 5975 4591
5869 2 2 10 4 1325 1327 1326
5870 2 2 10 4 1724 6046 1723
5871 2 2 10 4 1020 1022 1021
5872 2 2 10 4 1327 1329 1328
5873 2 2 10 4 949 950 948
5874 2 2 10 4 1681 6583 5724
5875 2 2 10 4 1723 2054 1721
5876 2 2 10 4 3830 6652 1858
5877 2 2 10 4 4331 6495 6494
5878 2 2 10 4 1673 1674 1672
5879 2 2 10 4 6021 6953 6632
5880 2 2 10 4 4881 4882 4880
5881 2 2 10 4 3828 4241 3298
5882 2 2 10 4 4124 4549 3481
5883 2 2 10 4 3566 3570 3569
5884 2 2 10 4 1406 3029 2638
5885 2 2 10 4 1716 1717 1714
5886 2 2 10 4 299 6692 773
5887 2 2 10 4 3461 6658 2946
5888 2 2 10 4 3851 6600 3811
5889 2 2 10 4 3230 6663 3232
5890 2 2 10 4 3016 6050 1624
5891 2 2 10 4 4881 4883 4882
5892 2 2 10 4 4396 6484 1387
5893 2 2 10 4 5632 5642 5634
5894 2 2 10 4 255 5789 254
5895 2 2 10 4 799 801 800
5896 2 2 10 4 4999 5000 626
5897 2 2 10 4 5165 5167 5166
5898 2 2 10 4 5775 7854 4097
5899 2 2 10 4 2495 2497 2496
5900 2 2 10 4 2164 2166 2165
5901 2 2 10 4 6929 7320 3932
5902 2 2 10 4 1670 6444 1668
5903 2 2 10 4 1459 6036 1464
5904 2 2 10 4 1753 1754 1752
5905 2 2 10 4 1212 1214 1211
5906 2 2 10 4 5498 5935 5934
5907 2 2 10 4 3020 3299 1877
5908 2 2 10 4 871 872 870
5909 2 2 10 4 2313 2314 2312
5910 2 2 10 4 1099 1101 1100
5911 2 2 10 4 3562 3564 3563
5912 2 2 10 4 6512 7488 7308
5913 2 2 10 4 5787 7119 5788
5914 2 2 10 4 2244 2246 2245
5915 2 2 10 4 40 6558 39
5916 2 2 10 4 991 994 993
5917 2 2 10 4 5490 5764 2978
5918 2 2 10 4 2315 2316 2314
5919 2 2 10 4 4069 4071 4070
5920 2 2 10 4 974 6530 971
5921 2 2 10 4 166 5821 165
5922 2 2 10 4 3635 5846 3636
5923 2 2 10 4 1636 5551 990
5924 2 2 10 4 1544 5915 1521
5925 2 2 10 4 1538 3479 1517
5926 2 2 10 4 1366 1367 1358
5927 2 2 10 4 1039 5463 1645
5928 2 2 10 4 3839 3847 3542
5929 2 2 10 4 4041 4052 4040
5930 2 2 10 4 6461 6462 5531
5931 2 2 10 4 4554 7963 4553
5932 2 2 10 4 962 963 961
5933 2 2 10 4 1640 2942 1638
5934 2 2 10 4 2077 6547 6029
5935 2 2 10 4 5389 6686 5391
5936 2 2 10 4 5991 5992 663
5937 2 2 10 4 4896 7126 4442
5938 2 2 10 4 1830 1831 1829
5939 2 2 10 4 2132 5564 2128
5940 2 2 10 4 2346 2348 2347
5941 2 2 10 4 4368 7601 3640
5942 2 2 10 4 3111 3294 3112
5943 2 2 10 4 1254 1256 1255
5944 2 2 10 4 3793 4471 4349
5945 2 2 10 4 1230 6527 1225
5946 2 2 10 4 4165 4166 3404
5947 2 2 10 4 3915 6576 2671
5948 2 2 10 4 1329 1331 1330
5949 2 2 10 4 942 943 940
5950 2 2 10 4 1185 6049 3026
5951 2 2 10 4 5035 7996 2981
5952 2 2 10 4 1798 1800 1799
5953 2 2 10 4 3327 6419 4221
5954 2 2 10 4 1576 2059 1561
5955 2 2 10 4 1695 1696 1662
5956 2 2 10 4 4265 4267 4266
5957 2 2 10 4 2184 6046 4476
5958 2 2 10 4 975 6532 974
5959 2 2 10 4 270 5847 572
5960 2 2 10 4 1171 5924 860
5961 2 2 10 4 2427 2429 2428
5962 2 2 10 4 2114 2115 2113
5963 2 2 10 4 5676 6571 5902
5964 2 2 10 4 1024 1026 1025
5965 2 2 10 4 3371 6465 6464
5966 2 2 10 4 2613 2765 2612
5967 2 2 10 4 1796 1798 1797
5968 2 2 10 4 258 5842 765
5969 2 2 10 4 5977 6457 2076
5970 2 2 10 4 1154 1155 1153
5971 2 2 10 4 1712 1713 1710
5972 2 2 10 4 3342 6476 1546
5973 2 2 10 4 1630 5746 5745
5974 2 2 10 4 1755 1756 1754
5975 2 2 10 4 1464 6036 3369
5976 2 2 10 4 584 7399 6495
5977 2 2 10 4 571 5854 38
5978 2 2 10 4 5981 6452 1717
5979 2 2 10 4 1700 1701 1698
5980 2 2 10 4 873 874 872
5981 2 2 10 4 2658 4473 1604
5982 2 2 10 4 4852 8208 2569
5983 2 2 10 4 5593 6003 6002
5984 2 2 10 4 951 952 950
5985 2 2 10 4 2317 2318 2316
5986 2 2 10 4 2246 2265 2264
5987 2 2 10 4 5190 7181 5192
5988 2 2 10 4 3131 4091 3824
5989 2 2 10 4 5754 5756 5753
5990 2 2 10 4 1632 5685 1275
5991 2 2 10 4 1215 1216 1214
5992 2 2 10 4 6543 6674 1981
5993 2 2 10 4 1369 1370 1367
5994 2 2 10 4 2497 2499 2498
5995 2 2 10 4 1684 1686 1685
5996 2 2 10 4 4200 4201 3548
5997 2 2 10 4 3547 4791 4200
5998 2 2 10 4 3650 4912 3639
5999 2 2 10 4 908 910 909
6000 2 2 10 4 2278 6671 2285
6001 2 2 10 4 5277 7178 4387
6002 2 2 10 4 523 7032 524
6003 2 2 10 4 5242 6580 3534
6004 2 2 10 4 4939 5637 3291
6005 2 2 10 4 3000 6039 3128
6006 2 2 10 4 2348 2350 2349
6007 2 2 10 4 4071 4244 4072
6008 2 2 10 4 3833 6553 4398
6009 2 2 10 4 1668 6444 2092
6010 2 2 10 4 956 957 955
6011 2 2 10 4 5395 5396 5386
6012 2 2 10 4 4126 6581 4797
6013 2 2 10 4 4909 7729 2874
6014 2 2 10 4 976 977 975
6015 2 2 10 4 2404 6490 2407
6016 2 2 10 4 4444 7126 4717
6017 2 2 10 4 3052 3058 3025
6018 2 2 10 4 1376 6484 5659
6019 2 2 10 4 1292 6676 1291
6020 2 2 10 4 4060 7871 6869
6021 2 2 10 4 3642 6060 6059
6022 2 2 10 4 3179 4445 3177
6023 2 2 10 4 131 5973 130
6024 2 2 10 4 1748 1749 1746
6025 2 2 10 4 1675 1676 1674
6026 2 2 10 4 5298 7309 7197
6027 2 2 10 4 1641 6586 3556
6028 2 2 10 4 5651 5653 5652
6029 2 2 10 4 1299 5639 1296
6030 2 2 10 4 1101 1103 1102
6031 2 2 10 4 80 6514 742
6032 2 2 10 4 4253 4254 4052
6033 2 2 10 4 259 5842 258
6034 2 2 10 4 4847 7116 4232
6035 2 2 10 4 2970 3292 2653
6036 2 2 10 4 3460 3461 2946
6037 2 2 10 4 4267 4269 4268
6038 2 2 10 4 605 6733 304
6039 2 2 10 4 1416 1595 1418
6040 2 2 10 4 1377 1381 1380
6041 2 2 10 4 3294 3565 3295
6042 2 2 10 4 965 6045 968
6043 2 2 10 4 3301 6707 3302
6044 2 2 10 4 4976 7711 5823
6045 2 2 10 4 2092 3315 1667
6046 2 2 10 4 1331 1333 1332
6047 2 2 10 4 1869 1874 1873
6048 2 2 10 4 1071 1072 1070
6049 2 2 10 4 2541 2653 2539
6050 2 2 10 4 1690 1692 1691
6051 2 2 10 4 166 6040 5821
6052 2 2 10 4 3346 5978 4483
6053 2 2 10 4 1800 1802 1801
6054 2 2 10 4 4948 6911 6880
6055 2 2 10 4 5427 5429 5428
6056 2 2 10 4 1832 1833 1831
6057 2 2 10 4 1073 1074 1072
6058 2 2 10 4 5749 5751 5750
6059 2 2 10 4 954 955 952
6060 2 2 10 4 2944 4480 3417
6061 2 2 10 4 5661 5663 5662
6062 2 2 10 4 4234 7116 4363
6063 2 2 10 4 2118 2119 2117
6064 2 2 10 4 3553 6634 3107
6065 2 2 10 4 5861 6768 1420
6066 2 2 10 4 1158 1159 1155
6067 2 2 10 4 1686 2057 1685
6068 2 2 10 4 5543 5544 1164
6069 2 2 10 4 1708 1709 1706
6070 2 2 10 4 1722 1724 1723
6071 2 2 10 4 3165 3166 3098
6072 2 2 10 4 2833 7897 5087
6073 2 2 10 4 2102 6504 2104
6074 2 2 10 4 1716 1718 1717
6075 2 2 10 4 2368 7037 2390
6076 2 2 10 4 3903 3905 3904
6077 2 2 10 4 6282 6996 3368
6078 2 2 10 4 1028 1030 1029
6079 2 2 10 4 2319 2320 2318
6080 2 2 10 4 1217 1218 1216
6081 2 2 10 4 4244 4246 4245
6082 2 2 10 4 5552 5743 4816
6083 2 2 10 4 5451 6717 6577
6084 2 2 10 4 5080 5081 5075
6085 2 2 10 4 1103 1105 1104
6086 2 2 10 4 650 6918 5623
6087 2 2 10 4 875 876 874
6088 2 2 10 4 4657 5979 4659
6089 2 2 10 4 5591 5592 5590
6090 2 2 10 4 2499 2501 2500
6091 2 2 10 4 1672 5852 1883
6092 2 2 10 4 1704 1705 1702
6093 2 2 10 4 1757 1758 1756
6094 2 2 10 4 303 6733 768
6095 2 2 10 4 1452 3342 1546
6096 2 2 10 4 1546 1547 1545
6097 2 2 10 4 1602 2419 2418
6098 2 2 10 4 4280 7026 5972
6099 2 2 10 4 3642 6061 6060
6100 2 2 10 4 981 984 983
6101 2 2 10 4 1291 5636 1288
6102 2 2 10 4 1158 1163 1159
6103 2 2 10 4 6819 7276 1915
6104 2 2 10 4 1374 1375 1370
6105 2 2 10 4 3651 6948 5507
6106 2 2 10 4 2170 2172 2171
6107 2 2 10 4 1624 6050 3079
6108 2 2 10 4 4198 6050 3016
6109 2 2 10 4 1523 1525 1524
6110 2 2 10 4 283 5916 282
6111 2 2 10 4 4255 4256 4254
6112 2 2 10 4 5838 5839 5837
6113 2 2 10 4 3616 4056 3116
6114 2 2 10 4 3992 7195 4211
6115 2 2 10 4 1691 6390 1688
6116 2 2 10 4 1162 6487 1152
6117 2 2 10 4 2168 2170 2169
6118 2 2 10 4 5809 7305 5808
6119 2 2 10 4 4317 6348 2083
6120 2 2 10 4 608 5916 283
6121 2 2 10 4 1874 1881 1873
6122 2 2 10 4 167 6040 166
6123 2 2 10 4 2350 2352 2351
6124 2 2 10 4 1834 1835 1833
6125 2 2 10 4 3332 3333 3181
6126 2 2 10 4 3933 6444 6421
6127 2 2 10 4 1963 6492 5987
6128 2 2 10 4 1677 1678 1676
6129 2 2 10 4 5030 5033 5031
6130 2 2 10 4 5180 5181 5179
6131 2 2 10 4 5012 5013 5011
6132 2 2 10 4 5038 5040 5039
6133 2 2 10 4 5140 5141 5138
6134 2 2 10 4 5098 5101 5100
6135 2 2 10 4 5104 5105 5103
6136 2 2 10 4 5017 5020 5016
6137 2 2 10 4 5046 5048 5047
6138 2 2 10 4 5190 5192 5191
6139 2 2 10 4 912 914 913
6140 2 2 10 4 590 6514 81
6141 2 2 10 4 5187 7648 5186
6142 2 2 10 4 4426 7796 4886
6143 2 2 10 4 1287 5638 1284
6144 2 2 10 4 1260 1262 1261
6145 2 2 10 4 1422 1425 1424
6146 2 2 10 4 1456 6036 1459
6147 2 2 10 4 3819 4554 4553
6148 2 2 10 4 2000 6463 3144
6149 2 2 10 4 995 998 997
6150 2 2 10 4 2001 2003 2002
6151 2 2 10 4 1075 1076 1074
6152 2 2 10 4 2865 5907 3396
6153 2 2 10 4 4269 4416 4415
6154 2 2 10 4 5576 7749 5575
6155 2 2 10 4 4356 5532 3422
6156 2 2 10 4 3292 5889 3550
6157 2 2 10 4 3030 6440 2480
6158 2 2 10 4 5447 5449 5448
6159 2 2 10 4 1464 1465 1463
6160 2 2 10 4 5587 6956 741
6161 2 2 10 4 4091 4660 3824
6162 2 2 10 4 5399 5400 5398
6163 2 2 10 4 1453 1457 1455
6164 2 2 10 4 1455 1456 1454
6165 2 2 10 4 1685 6441 1682
6166 2 2 10 4 2772 3024 2771
6167 2 2 10 4 1548 6476 1573
6168 2 2 10 4 1683 1684 1682
6169 2 2 10 4 5913 6448 1377
6170 2 2 10 4 5786 5787 621
6171 2 2 10 4 666 6040 167
6172 2 2 10 4 5150 5153 5152
6173 2 2 10 4 6721 6736 6030
6174 2 2 10 4 5892 6514 590
6175 2 2 10 4 2321 2322 2320
6176 2 2 10 4 1760 1761 1758
6177 2 2 10 4 5058 5060 5059
6178 2 2 10 4 1695 1901 1696
6179 2 2 10 4 1583 6552 1544
6180 2 2 10 4 5494 5495 5493
6181 2 2 10 4 4578 5988 3023
6182 2 2 10 4 14 6010 13
6183 2 2 10 4 877 878 876
6184 2 2 10 4 2218 2219 1990
6185 2 2 10 4 4879 6784 5275
6186 2 2 10 4 4271 6555 6382
6187 2 2 10 4 3587 3639 3334
6188 2 2 10 4 2501 2503 2502
6189 2 2 10 4 3789 6051 2064
6190 2 2 10 4 5586 7070 651
6191 2 2 10 4 3627 4984 4584
6192 2 2 10 4 3447 3452 3390
6193 2 2 10 4 3006 3349 1162
6194 2 2 10 4 2975 3033 3006
6195 2 2 10 4 5024 5026 5023
6196 2 2 10 4 1475 1478 1477
6197 2 2 10 4 6510 6516 6202
6198 2 2 10 4 3029 3212 3102
6199 2 2 10 4 2603 7034 2604
6200 2 2 10 4 4246 4410 4247
6201 2 2 10 4 1989 1990 1892
6202 2 2 10 4 6460 6472 6146
6203 2 2 10 4 1219 1221 1218
6204 2 2 10 4 3126 7579 4941
6205 2 2 10 4 2096 3825 2098
6206 2 2 10 4 4133 4591 4590
6207 2 2 10 4 3345 6603 4218
6208 2 2 10 4 4318 6526 6481
6209 2 2 10 4 2398 3834 2400
6210 2 2 10 4 2092 6444 3933
6211 2 2 10 4 2352 2354 2353
6212 2 2 10 4 973 974 971
6213 2 2 10 4 3512 4529 3440
6214 2 2 10 4 3570 4018 3571
6215 2 2 10 4 3591 7155 5473
6216 2 2 10 4 1694 1698 1697
6217 2 2 10 4 3371 6464 2571
6218 2 2 10 4 2172 2174 2173
6219 2 2 10 4 1032 1034 1033
6220 2 2 10 4 13 6010 629
6221 2 2 10 4 3785 6452 6442
6222 2 2 10 4 1105 1107 1106
6223 2 2 10 4 6025 6484 4396
6224 2 2 10 4 5659 6484 6025
6225 2 2 10 4 3407 3975 3528
6226 2 2 10 4 2054 5981 1721
6227 2 2 10 4 1723 2184 2054
6228 2 2 10 4 4486 4487 4256
6229 2 2 10 4 2968 6434 1203
6230 2 2 10 4 7834 7904 5188
6231 2 2 10 4 1889 6704 1887
6232 2 2 10 4 5736 8190 4429
6233 2 2 10 4 1679 1680 1678
6234 2 2 10 4 799 803 801
6235 2 2 10 4 801 802 800
6236 2 2 10 4 5165 5168 5167
6237 2 2 10 4 5167 5169 5166
6238 2 2 10 4 4416 4418 4417
6239 2 2 10 4 3299 3626 1877
6240 2 2 10 4 969 970 967
6241 2 2 10 4 2929 7037 2366
6242 2 2 10 4 1464 1466 1465
6243 2 2 10 4 4303 7695 5004
6244 2 2 10 4 981 982 979
6245 2 2 10 4 5433 7853 5430
6246 2 2 10 4 5992 5993 663
6247 2 2 10 4 1405 1622 1281
6248 2 2 10 4 7321 7389 4466
6249 2 2 10 4 1077 1078 1076
6250 2 2 10 4 4717 7167 4527
6251 2 2 10 4 3941 6467 3106
6252 2 2 10 4 2121 2122 2119
6253 2 2 10 4 1836 1837 1835
6254 2 2 10 4 145 6535 740
6255 2 2 10 4 2260 4309 1583
6256 2 2 10 4 1712 1714 1713
6257 2 2 10 4 5746 5747 5745
6258 2 2 10 4 1700 1702 1701
6259 2 2 10 4 2402 2405 2404
6260 2 2 10 4 3837 6023 4803
6261 2 2 10 4 1877 6418 1809
6262 2 2 10 4 1381 1383 1380
6263 2 2 10 4 4340 6710 5953
6264 2 2 10 4 3333 6426 3181
6265 2 2 10 4 4200 4823 4201
6266 2 2 10 4 985 986 983
6267 2 2 10 4 1481 1484 1483
6268 2 2 10 4 916 918 917
6269 2 2 10 4 6195 7647 703
6270 2 2 10 4 6417 6423 2093
6271 2 2 10 4 5651 5654 5653
6272 2 2 10 4 5653 5656 5652
6273 2 2 10 4 977 978 975
6274 2 2 10 4 1337 1339 1338
6275 2 2 10 4 2092 3822 3315
6276 2 2 10 4 7915 7951 772
6277 2 2 10 4 5427 5432 5429
6278 2 2 10 4 5429 5430 5428
6279 2 2 10 4 5930 7617 5931
6280 2 2 10 4 2156 5546 2116
6281 2 2 10 4 3407 5951 3975
6282 2 2 10 4 5749 5755 5751
6283 2 2 10 4 5751 5752 5750
6284 2 2 10 4 4167 4168 4166
6285 2 2 10 4 1804 1806 1805
6286 2 2 10 4 5663 5664 5662
6287 2 2 10 4 5661 5665 5663
6288 2 2 10 4 1806 1808 1807
6289 2 2 10 4 4201 4202 3548
6290 2 2 10 4 4657 4658 4656
6291 2 2 10 4 2057 2202 1685
6292 2 2 10 4 5543 5545 5544
6293 2 2 10 4 1708 1710 1709
6294 2 2 10 4 6410 8117 4581
6295 2 2 10 4 1335 1337 1336
6296 2 2 10 4 4780 7167 4786
6297 2 2 10 4 5592 5593 5590
6298 2 2 10 4 5852 5853 1883
6299 2 2 10 4 2323 2324 2322
6300 2 2 10 4 1704 1706 1705
6301 2 2 10 4 4410 4412 4411
6302 2 2 10 4 1635 7004 6755
6303 2 2 10 4 1546 1548 1547
6304 2 2 10 4 1222 1223 1221
6305 2 2 10 4 5439 5443 5441
6306 2 2 10 4 1158 1176 1163
6307 2 2 10 4 1163 1167 1159
6308 2 2 10 4 5168 6759 5167
6309 2 2 10 4 3577 6660 1361
6310 2 2 10 4 1525 1528 1524
6311 2 2 10 4 980 981 979
6312 2 2 10 4 1881 1895 1873
6313 2 2 10 4 1874 1882 1881
6314 2 2 10 4 879 880 878
6315 2 2 10 4 2943 2985 2942
6316 2 2 10 4 5048 5049 5047
6317 2 2 10 4 5046 5051 5048
6318 2 2 10 4 5038 5043 5040
6319 2 2 10 4 5105 5106 5103
6320 2 2 10 4 5180 5182 5181
6321 2 2 10 4 5040 5041 5039
6322 2 2 10 4 5033 5034 5031
6323 2 2 10 4 1762 1763 1761
6324 2 2 10 4 2100 2214 2102
6325 2 2 10 4 2003 2004 2002
6326 2 2 10 4 2174 2176 2175
6327 2 2 10 4 3788 4252 3325
6328 2 2 10 4 4091 4945 4660
6329 2 2 10 4 1107 1109 1108
6330 2 2 10 4 1457 1526 1455
6331 2 2 10 4 3601 4657 4656
6332 2 2 10 4 6166 6395 6393
6333 2 2 10 4 5761 6826 1445
6334 2 2 10 4 2503 2505 2504
6335 2 2 10 4 5153 5154 5152
6336 2 2 10 4 6587 6599 1574
6337 2 2 10 4 1695 1954 1901
6338 2 2 10 4 1901 1902 1696
6339 2 2 10 4 2447 6028 2721
6340 2 2 10 4 3642 6062 6061
6341 2 2 10 4 6569 6575 1569
6342 2 2 10 4 5295 5296 5293
6343 2 2 10 4 965 966 963
6344 2 2 10 4 3033 4204 3006
6345 2 2 10 4 1692 6481 1691
6346 2 2 10 4 1478 1479 1477
6347 2 2 10 4 6554 6563 1552
6348 2 2 10 4 4591 4592 4590
6349 2 2 10 4 4488 4489 4487
6350 2 2 10 4 2045 6415 5860
6351 2 2 10 4 6539 6544 1540
6352 2 2 10 4 1687 1688 1686
6353 2 2 10 4 6523 6533 1514
6354 2 2 10 4 2184 2185 2054
6355 2 2 10 4 803 804 801
6356 2 2 10 4 802 809 800
6357 2 2 10 4 971 6530 970
6358 2 2 10 4 4148 7615 7567
6359 2 2 10 4 3299 4310 3626
6360 2 2 10 4 2354 2356 2355
6361 2 2 10 4 6477 6486 1498
6362 2 2 10 4 1464 3369 1466
6363 2 2 10 4 1466 1467 1465
6364 2 2 10 4 2485 6455 2866
6365 2 2 10 4 5992 5994 5993
6366 2 2 10 4 4565 7783 5741
6367 2 2 10 4 4018 4132 4019
6368 2 2 10 4 4614 7175 4228
6369 2 2 10 4 4287 6245 4870
6370 2 2 10 4 1383 1387 1380
6371 2 2 10 4 1381 1384 1383
6372 2 2 10 4 1471 1474 1473
6373 2 2 10 4 1484 1485 1483
6374 2 2 10 4 44 6727 581
6375 2 2 10 4 5654 5655 5653
6376 2 2 10 4 5656 5657 5652
6377 2 2 10 4 1713 6397 1710
6378 2 2 10 4 4628 6388 3740
6379 2 2 10 4 1633 2178 2177
6380 2 2 10 4 3485 6737 3300
6381 2 2 10 4 5449 5451 5450
6382 2 2 10 4 985 988 987
6383 2 2 10 4 2092 3933 3822
6384 2 2 10 4 3822 3823 3315
6385 2 2 10 4 5430 5431 5428
6386 2 2 10 4 5429 5433 5430
6387 2 2 10 4 1838 1839 1837
6388 2 2 10 4 5664 5666 5662
6389 2 2 10 4 4201 4203 4202
6390 2 2 10 4 2057 2203 2202
6391 2 2 10 4 740 6535 5911
6392 2 2 10 4 5592 5983 5593
6393 2 2 10 4 1548 1549 1547
6394 2 2 10 4 1163 1168 1167
6395 2 2 10 4 1525 1529 1528
6396 2 2 10 4 1528 2789 1524
6397 2 2 10 4 2721 3104 3103
6398 2 2 10 4 1882 1884 1881
6399 2 2 10 4 5049 5052 5047
6400 2 2 10 4 5180 5183 5182
6401 2 2 10 4 5040 5042 5041
6402 2 2 10 4 5033 5035 5034
6403 2 2 10 4 5048 5050 5049
6404 2 2 10 4 3602 8201 7709
6405 2 2 10 4 2003 2017 2004
6406 2 2 10 4 2004 2005 2002
6407 2 2 10 4 1457 1527 1526
6408 2 2 10 4 1873 6456 1868
6409 2 2 10 4 5154 5155 5152
6410 2 2 10 4 1902 1905 1696
6411 2 2 10 4 1954 4304 1901
6412 2 2 10 4 1481 6381 1484
6413 2 2 10 4 3033 4534 4204
6414 2 2 10 4 1478 1480 1479
6415 2 2 10 4 4591 4593 4592
6416 2 2 10 4 3834 6392 2400
6417 2 2 10 4 2184 2623 2185
6418 2 2 10 4 802 810 809
6419 2 2 10 4 803 805 804
6420 2 2 10 4 2160 2635 2158
6421 2 2 10 4 4310 4568 3626
6422 2 2 10 4 4418 4457 4456
6423 2 2 10 4 6886 6950 3383
6424 2 2 10 4 3369 3370 1466
6425 2 2 10 4 1467 1468 1465
6426 2 2 10 4 6386 6389 6324
6427 2 2 10 4 2089 6387 6384
6428 2 2 10 4 1383 3743 1387
6429 2 2 10 4 1381 1385 1384
6430 2 2 10 4 4407 6784 4408
6431 2 2 10 4 1474 1475 1473
6432 2 2 10 4 1484 1486 1485
6433 2 2 10 4 6393 6395 2789
6434 2 2 10 4 5656 5658 5657
6435 2 2 10 4 5401 5403 5400
6436 2 2 10 4 3822 4419 3823
6437 2 2 10 4 3823 4141 3315
6438 2 2 10 4 5664 5667 5666
6439 2 2 10 4 2203 2204 2202
6440 2 2 10 4 2057 3741 2203
6441 2 2 10 4 1549 2661 1547
6442 2 2 10 4 1548 1556 1549
6443 2 2 10 4 1168 1172 1167
6444 2 2 10 4 1525 1530 1529
6445 2 2 10 4 1529 4302 1528
6446 2 2 10 4 1882 1885 1884
6447 2 2 10 4 5050 5053 5049
6448 2 2 10 4 5042 5332 5041
6449 2 2 10 4 2004 2006 2005
6450 2 2 10 4 2003 2018 2017
6451 2 2 10 4 1527 1563 1526
6452 2 2 10 4 2958 4029 3275
6453 2 2 10 4 1954 4305 4304
6454 2 2 10 4 1902 1906 1905
6455 2 2 10 4 4534 4783 4204
6456 2 2 10 4 1480 1481 1479
6457 2 2 10 4 1478 2180 1480
6458 2 2 10 4 4593 4594 4592
6459 2 2 10 4 2623 2624 2185
6460 2 2 10 4 2184 4476 2623
6461 2 2 10 4 802 811 810
6462 2 2 10 4 803 806 805
6463 2 2 10 4 4568 5866 3626
6464 2 2 10 4 1467 1469 1468
6465 2 2 10 4 3743 4395 1387
6466 2 2 10 4 1385 1386 1384
6467 2 2 10 4 1486 1487 1485
6468 2 2 10 4 4419 5236 3823
6469 2 2 10 4 2204 3821 2202
6470 2 2 10 4 2203 2205 2204
6471 2 2 10 4 1535 6348 1543
6472 2 2 10 4 1548 1573 1556
6473 2 2 10 4 1556 1585 1549
6474 2 2 10 4 1168 1173 1172
6475 2 2 10 4 1530 1531 1529
6476 2 2 10 4 1885 1898 1884
6477 2 2 10 4 5050 5257 5053
6478 2 2 10 4 2006 2007 2005
6479 2 2 10 4 2018 2021 2017
6480 2 2 10 4 1527 1564 1563
6481 2 2 10 4 1954 5558 4305
6482 2 2 10 4 1902 1910 1906
6483 2 2 10 4 1945 6051 1941
6484 2 2 10 4 2180 3081 1480
6485 2 2 10 4 4594 4733 4592
6486 2 2 10 4 3243 6062 3343
6487 2 2 10 4 2083 6348 1535
6488 2 2 10 4 4476 5241 2623
6489 2 2 10 4 2624 2625 2185
6490 2 2 10 4 1543 6348 1567
6491 2 2 10 4 811 812 810
6492 2 2 10 4 806 807 805
6493 2 2 10 4 1467 1470 1469
6494 2 2 10 4 2065 6375 6371
6495 2 2 10 4 1386 1388 1384
6496 2 2 10 4 1385 1390 1386
6497 2 2 10 4 4395 4396 1387
6498 2 2 10 4 1486 1488 1487
6499 2 2 10 4 2064 6051 1945
6500 2 2 10 4 1941 6051 1940
6501 2 2 10 4 3242 6062 3243
6502 2 2 10 4 3343 6062 3642
6503 2 2 10 4 2205 2206 2204
6504 2 2 10 4 1556 1586 1585
6505 2 2 10 4 1173 1174 1172
6506 2 2 10 4 1530 1534 1531
6507 2 2 10 4 1885 1899 1898
6508 2 2 10 4 4299 6373 6371
6509 2 2 10 4 2018 2022 2021
6510 2 2 10 4 2006 2008 2007
6511 2 2 10 4 1527 1647 1564
6512 2 2 10 4 1564 1606 1563
6513 2 2 10 4 4300 6373 4299
6514 2 2 10 4 1910 1911 1906
6515 2 2 10 4 2180 3082 3081
6516 2 2 10 4 4594 4734 4733
6517 2 2 10 4 2624 2626 2625
6518 2 2 10 4 812 813 810
6519 2 2 10 4 806 808 807
6520 2 2 10 4 1470 1471 1469
6521 2 2 10 4 1386 1389 1388
6522 2 2 10 4 1488 1489 1487
6523 2 2 10 4 1486 1536 1488
6524 2 2 10 4 4304 6423 6417
6525 2 2 10 4 2205 2207 2206
6526 2 2 10 4 1586 2639 1585
6527 2 2 10 4 1173 1175 1174
6528 2 2 10 4 1174 1177 1172
6529 2 2 10 4 1534 1535 1531
6530 2 2 10 4 1899 1900 1898
6531 2 2 10 4 2008 2009 2007
6532 2 2 10 4 2022 2030 2021
6533 2 2 10 4 2018 2881 2022
6534 2 2 10 4 1606 2196 1563
6535 2 2 10 4 1564 1607 1606
6536 2 2 10 4 1911 1912 1906
6537 2 2 10 4 1910 2084 1911
6538 2 2 10 4 3733 6372 6369
6539 2 2 10 4 3082 3083 3081
6540 2 2 10 4 4594 4925 4734
6541 2 2 10 4 2624 2628 2626
6542 2 2 10 4 2626 2627 2625
6543 2 2 10 4 812 814 813
6544 2 2 10 4 1389 1392 1388
6545 2 2 10 4 1488 1490 1489
6546 2 2 10 4 2207 2209 2206
6547 2 2 10 4 2205 2208 2207
6548 2 2 10 4 1586 2640 2639
6549 2 2 10 4 2639 2642 1585
6550 2 2 10 4 1175 1180 1174
6551 2 2 10 4 1173 1182 1175
6552 2 2 10 4 1534 2083 1535
6553 2 2 10 4 1535 1542 1531
6554 2 2 10 4 1900 1928 1898
6555 2 2 10 4 1899 1904 1900
6556 2 2 10 4 6229 6245 4286
6557 2 2 10 4 2030 2032 2021
6558 2 2 10 4 2009 2037 2007
6559 2 2 10 4 2022 2031 2030
6560 2 2 10 4 2008 2010 2009
6561 2 2 10 4 1606 2575 2196
6562 2 2 10 4 1911 1913 1912
6563 2 2 10 4 1910 2093 2084
6564 2 2 10 4 3082 3084 3083
6565 2 2 10 4 4925 4926 4734
6566 2 2 10 4 2628 2629 2626
6567 2 2 10 4 2627 3785 2625
6568 2 2 10 4 814 815 813
6569 2 2 10 4 812 4582 814
6570 2 2 10 4 1995 6245 6229
6571 2 2 10 4 4286 6245 4287
6572 2 2 10 4 1389 1393 1392
6573 2 2 10 4 1490 1491 1489
6574 2 2 10 4 6343 6344 4295
6575 2 2 10 4 2208 2258 2207
6576 2 2 10 4 2209 2210 2206
6577 2 2 10 4 1586 2641 2640
6578 2 2 10 4 2639 3277 2642
6579 2 2 10 4 1175 1181 1180
6580 2 2 10 4 1535 1543 1542
6581 2 2 10 4 1899 1929 1904
6582 2 2 10 4 1904 1908 1900
6583 2 2 10 4 2008 2029 2010
6584 2 2 10 4 2031 2038 2030
6585 2 2 10 4 2010 2011 2009
6586 2 2 10 4 2575 2576 2196
6587 2 2 10 4 1913 1917 1912
6588 2 2 10 4 2093 2094 2084
6589 2 2 10 4 3082 3086 3084
6590 2 2 10 4 3084 3085 3083
6591 2 2 10 4 4925 4927 4926
6592 2 2 10 4 2627 3786 3785
6593 2 2 10 4 2628 2630 2629
6594 2 2 10 4 815 4420 813
6595 2 2 10 4 814 816 815
6596 2 2 10 4 1393 1394 1392
6597 2 2 10 4 1490 1492 1491
6598 2 2 10 4 2209 2211 2210
6599 2 2 10 4 2208 2259 2258
6600 2 2 10 4 3277 3278 2642
6601 2 2 10 4 2641 2911 2640
6602 2 2 10 4 1181 1183 1180
6603 2 2 10 4 1543 1565 1542
6604 2 2 10 4 6340 6341 3727
6605 2 2 10 4 1904 1916 1908
6606 2 2 10 4 2010 2012 2011
6607 2 2 10 4 2031 2039 2038
6608 2 2 10 4 2575 2779 2576
6609 2 2 10 4 2576 4339 2196
6610 2 2 10 4 1913 1918 1917
6611 2 2 10 4 1917 2086 1912
6612 2 2 10 4 2093 2095 2094
6613 2 2 10 4 3085 3745 3083
6614 2 2 10 4 3086 3087 3084
6615 2 2 10 4 4927 4928 4926
6616 2 2 10 4 2630 3014 2629
6617 2 2 10 4 3786 4313 3785
6618 2 2 10 4 2627 4055 3786
6619 2 2 10 4 816 817 815
6620 2 2 10 4 1393 1395 1394
6621 2 2 10 4 1394 1398 1392
6622 2 2 10 4 1490 2085 1492
6623 2 2 10 4 1492 1493 1491
6624 2 2 10 4 2211 2212 2210
6625 2 2 10 4 2209 3124 2211
6626 2 2 10 4 2259 3010 2258
6627 2 2 10 4 2641 2912 2911
6628 2 2 10 4 3278 3738 2642
6629 2 2 10 4 2911 2913 2640
6630 2 2 10 4 3277 4206 3278
6631 2 2 10 4 1181 1184 1183
6632 2 2 10 4 1565 2089 1542
6633 2 2 10 4 1543 1566 1565
6634 2 2 10 4 1916 1923 1908
6635 2 2 10 4 2012 2013 2011
6636 2 2 10 4 2031 2443 2039
6637 2 2 10 4 2575 2919 2779
6638 2 2 10 4 2779 2780 2576
6639 2 2 10 4 1913 1919 1918
6640 2 2 10 4 2095 2714 2094
6641 2 2 10 4 1566 6326 1565
6642 2 2 10 4 3085 3746 3745
6643 2 2 10 4 3086 3088 3087
6644 2 2 10 4 4927 5232 4928
6645 2 2 10 4 3014 3015 2629
6646 2 2 10 4 3786 4314 4313
6647 2 2 10 4 2630 3246 3014
6648 2 2 10 4 816 818 817
6649 2 2 10 4 1394 1409 1398
6650 2 2 10 4 1393 1396 1395
6651 2 2 10 4 1492 1494 1493
6652 2 2 10 4 2211 2213 2212
6653 2 2 10 4 2259 3011 3010
6654 2 2 10 4 2212 3361 2210
6655 2 2 10 4 3278 3739 3738
6656 2 2 10 4 2911 3316 2913
6657 2 2 10 4 2641 3800 2912
6658 2 2 10 4 1184 1187 1183
6659 2 2 10 4 1565 2090 2089
6660 2 2 10 4 1543 1567 1566
6661 2 2 10 4 1916 1934 1923
6662 2 2 10 4 2443 2444 2039
6663 2 2 10 4 2012 2014 2013
6664 2 2 10 4 2779 3214 2780
6665 2 2 10 4 2714 2716 2094
6666 2 2 10 4 2095 2715 2714
6667 2 2 10 4 1919 1920 1918
6668 2 2 10 4 1184 6315 1189
6669 2 2 10 4 1181 6315 1184
6670 2 2 10 4 3088 3089 3087
6671 2 2 10 4 3085 3747 3746
6672 2 2 10 4 2630 3494 3246
6673 2 2 10 4 3014 3364 3015
6674 2 2 10 4 818 819 817
6675 2 2 10 4 816 4342 818
6676 2 2 10 4 1409 1624 1398
6677 2 2 10 4 1396 1397 1395
6678 2 2 10 4 1494 1495 1493
6679 2 2 10 4 3011 3456 3010
6680 2 2 10 4 2259 3012 3011
6681 2 2 10 4 2213 2252 2212
6682 2 2 10 4 3739 3740 3738
6683 2 2 10 4 3316 3317 2913
6684 2 2 10 4 3800 4352 2912
6685 2 2 10 4 1184 1188 1187
6686 2 2 10 4 1187 1193 1183
6687 2 2 10 4 2090 2091 2089
6688 2 2 10 4 1567 1568 1566
6689 2 2 10 4 1934 1935 1923
6690 2 2 10 4 2014 2015 2013
6691 2 2 10 4 2443 2868 2444
6692 2 2 10 4 2444 2445 2039
6693 2 2 10 4 3214 3876 2780
6694 2 2 10 4 1920 1921 1918
6695 2 2 10 4 2714 2976 2716
6696 2 2 10 4 2095 3093 2715
6697 2 2 10 4 1188 6308 1187
6698 2 2 10 4 3747 3748 3746
6699 2 2 10 4 3088 3091 3089
6700 2 2 10 4 3089 3090 3087
6701 2 2 10 4 2014 6307 2036
6702 2 2 10 4 2444 6306 2446
6703 2 2 10 4 3494 3495 3246
6704 2 2 10 4 818 820 819
6705 2 2 10 4 2012 6307 2014
6706 2 2 10 4 1396 1399 1397
6707 2 2 10 4 1624 3079 1398
6708 2 2 10 4 1409 2761 1624
6709 2 2 10 4 1494 1496 1495
6710 2 2 10 4 1495 1508 1493
6711 2 2 10 4 3456 3457 3010
6712 2 2 10 4 2213 2253 2252
6713 2 2 10 4 3012 3013 3011
6714 2 2 10 4 2082 6310 6308
6715 2 2 10 4 3317 3728 2913
6716 2 2 10 4 3739 4625 3740
6717 2 2 10 4 4352 4353 2912
6718 2 2 10 4 1184 1189 1188
6719 2 2 10 4 1187 4293 1193
6720 2 2 10 4 1568 1587 1566
6721 2 2 10 4 2090 2879 2091
6722 2 2 10 4 1934 1938 1935
6723 2 2 10 4 1935 1960 1923
6724 2 2 10 4 2444 2446 2445
6725 2 2 10 4 2443 3732 2868
6726 2 2 10 4 2014 2016 2015
6727 2 2 10 4 2015 2081 2013
6728 2 2 10 4 3214 3877 3876
6729 2 2 10 4 2976 2977 2716
6730 2 2 10 4 1920 1922 1921
6731 2 2 10 4 3093 3094 2715
6732 2 2 10 4 3088 3362 3091
6733 2 2 10 4 3748 3749 3746
6734 2 2 10 4 3747 3752 3748
6735 2 2 10 4 3091 3092 3089
6736 2 2 10 4 3494 3957 3495
6737 2 2 10 4 820 821 819
6738 2 2 10 4 1399 1400 1397
6739 2 2 10 4 2761 3016 1624
6740 2 2 10 4 1494 1558 1496
6741 2 2 10 4 1496 1497 1495
6742 2 2 10 4 2868 6306 2444
6743 2 2 10 4 3456 4385 3457
6744 2 2 10 4 2213 3307 2253
6745 2 2 10 4 2253 2254 2252
6746 2 2 10 4 3012 3120 3013
6747 2 2 10 4 3739 4626 4625
6748 2 2 10 4 3317 3729 3728
6749 2 2 10 4 4293 4294 1193
6750 2 2 10 4 1189 1190 1188
6751 2 2 10 4 1568 1588 1587
6752 2 2 10 4 2879 2880 2091
6753 2 2 10 4 1938 1939 1935
6754 2 2 10 4 1934 1962 1938
6755 2 2 10 4 2446 2607 2445
6756 2 2 10 4 2016 2019 2015
6757 2 2 10 4 2014 2036 2016
6758 2 2 10 4 3877 4366 3876
6759 2 2 10 4 3214 3878 3877
6760 2 2 10 4 3094 3262 2715
6761 2 2 10 4 1920 1930 1922
6762 2 2 10 4 2976 3468 2977
6763 2 2 10 4 3093 3622 3094
6764 2 2 10 4 3362 3391 3091
6765 2 2 10 4 3748 3750 3749
6766 2 2 10 4 3858 6294 6278
6767 2 2 10 4 3957 3958 3495
6768 2 2 10 4 3494 5258 3957
6769 2 2 10 4 821 3429 819
6770 2 2 10 4 820 822 821
6771 2 2 10 4 823 6285 821
6772 2 2 10 4 2761 3148 3016
6773 2 2 10 4 1400 1401 1397
6774 2 2 10 4 1399 2076 1400
6775 2 2 10 4 1496 1498 1497
6776 2 2 10 4 4385 4387 3457
6777 2 2 10 4 2254 3368 2252
6778 2 2 10 4 3120 3121 3013
6779 2 2 10 4 3456 4386 4385
6780 2 2 10 4 3012 3365 3120
6781 2 2 10 4 2253 2255 2254
6782 2 2 10 4 3317 3730 3729
6783 2 2 10 4 3729 4156 3728
6784 2 2 10 4 6295 6300 4100
6785 2 2 10 4 1189 1242 1190
6786 2 2 10 4 1190 1191 1188
6787 2 2 10 4 1568 1589 1588
6788 2 2 10 4 2880 3074 2091
6789 2 2 10 4 1588 3715 1587
6790 2 2 10 4 1938 1958 1939
6791 2 2 10 4 2446 2608 2607
6792 2 2 10 4 2016 2020 2019
6793 2 2 10 4 2607 2947 2445
6794 2 2 10 4 3877 4367 4366
6795 2 2 10 4 3120 6284 3121
6796 2 2 10 4 1930 1931 1922
6797 2 2 10 4 3094 3263 3262
6798 2 2 10 4 3468 3469 2977
6799 2 2 10 4 1590 6279 1588
6800 2 2 10 4 3750 3751 3749
6801 2 2 10 4 3362 3787 3391
6802 2 2 10 4 3958 4158 3495
6803 2 2 10 4 6052 6053 3220
6804 2 2 10 4 822 823 821
6805 2 2 10 4 821 6285 3429
6806 2 2 10 4 2761 3149 3148
6807 2 2 10 4 1400 1402 1401
6808 2 2 10 4 1399 2077 2076
6809 2 2 10 4 3148 3574 3016
6810 2 2 10 4 1498 1499 1497
6811 2 2 10 4 3220 6098 6052
6812 2 2 10 4 3121 3122 3013
6813 2 2 10 4 2255 2435 2254
6814 2 2 10 4 4387 4388 3457
6815 2 2 10 4 4385 4897 4387
6816 2 2 10 4 3365 3816 3120
6817 2 2 10 4 1189 3071 1242
6818 2 2 10 4 6055 6088 4463
6819 2 2 10 4 3730 3731 3729
6820 2 2 10 4 2880 3075 3074
6821 2 2 10 4 1589 1590 1588
6822 2 2 10 4 3715 3720 1587
6823 2 2 10 4 6064 6098 2684
6824 2 2 10 4 1958 1959 1939
6825 2 2 10 4 1190 1192 1191
6826 2 2 10 4 2607 3713 2947
6827 2 2 10 4 2020 2023 2019
6828 2 2 10 4 3642 6059 3604
6829 2 2 10 4 3150 6088 6054
6830 2 2 10 4 2446 2615 2608
6831 2 2 10 4 3709 6254 6232
6832 2 2 10 4 6052 6098 6064
6833 2 2 10 4 2684 6066 6064
6834 2 2 10 4 2906 6174 2904
6835 2 2 10 4 1931 1932 1922
6836 2 2 10 4 3469 3470 2977
6837 2 2 10 4 3263 3655 3262
6838 2 2 10 4 3282 6136 3805
6839 2 2 10 4 6078 6244 4374
6840 2 2 10 4 6054 6088 6055
6841 2 2 10 4 3644 6268 3605
6842 2 2 10 4 3362 4308 3787
6843 2 2 10 4 2824 6230 3697
6844 2 2 10 4 3787 3835 3391
6845 2 2 10 4 3751 3780 3749
6846 2 2 10 4 3712 6163 6116
6847 2 2 10 4 1608 6119 2075
6848 2 2 10 4 3750 3753 3751
6849 2 2 10 4 6054 6171 3150
6850 2 2 10 4 2664 6254 3709
6851 2 2 10 4 2910 6244 6078
6852 2 2 10 4 3375 6179 3377
6853 2 2 10 4 2666 6201 3175
6854 2 2 10 4 3604 6059 3606
6855 2 2 10 4 6073 6163 3712
6856 2 2 10 4 3805 6136 4965
6857 2 2 10 4 2684 6098 827
6858 2 2 10 4 3532 6063 4933
6859 2 2 10 4 822 824 823
6860 2 2 10 4 2815 6171 2817
6861 2 2 10 4 4285 6250 6192
6862 2 2 10 4 3958 4688 4158
6863 2 2 10 4 3323 6079 6056
6864 2 2 10 4 3374 6104 3848
6865 2 2 10 4 1229 6252 1228
6866 2 2 10 4 3484 6087 2894
6867 2 2 10 4 4239 6089 4236
6868 2 2 10 4 2637 6118 6072
6869 2 2 10 4 827 6098 825
6870 2 2 10 4 2822 6117 3675
6871 2 2 10 4 2904 6174 3511
6872 2 2 10 4 2637 6119 1608
6873 2 2 10 4 6056 6057 3898
6874 2 2 10 4 2857 6190 3464
6875 2 2 10 4 3044 6104 3374
6876 2 2 10 4 6116 6163 5953
6877 2 2 10 4 3949 6083 2949
6878 2 2 10 4 3898 6065 3584
6879 2 2 10 4 3265 6079 3323
6880 2 2 10 4 2734 6151 3169
6881 2 2 10 4 6066 6084 3659
6882 2 2 10 4 3149 3656 3148
6883 2 2 10 4 3661 6066 3659
6884 2 2 10 4 4236 6089 4235
6885 2 2 10 4 1402 1403 1401
6886 2 2 10 4 2684 6084 6066
6887 2 2 10 4 2709 6151 2734
6888 2 2 10 4 6072 6119 2637
6889 2 2 10 4 3480 6179 3375
6890 2 2 10 4 3039 6086 6085
6891 2 2 10 4 6063 6091 4933
6892 2 2 10 4 1498 1500 1499
6893 2 2 10 4 2077 2727 2076
6894 2 2 10 4 2823 6117 2822
6895 2 2 10 4 6085 6086 3673
6896 2 2 10 4 3648 6162 3244
6897 2 2 10 4 3410 6056 3898
6898 2 2 10 4 2949 6083 2925
6899 2 2 10 4 2814 6129 2864
6900 2 2 10 4 2894 6087 2892
6901 2 2 10 4 3175 6201 4282
6902 2 2 10 4 2820 6230 2824
6903 2 2 10 4 4679 6110 4680
6904 2 2 10 4 3540 6174 2906
6905 2 2 10 4 3574 4198 3016
6906 2 2 10 4 1192 1228 1191
6907 2 2 10 4 2864 6129 6105
6908 2 2 10 4 3314 6215 3313
6909 2 2 10 4 1959 2631 1939
6910 2 2 10 4 3365 4318 3816
6911 2 2 10 4 1588 6279 3715
6912 2 2 10 4 2817 6171 3225
6913 2 2 10 4 3807 6215 3314
6914 2 2 10 4 3376 6227 3373
6915 2 2 10 4 6190 6191 3464
6916 2 2 10 4 3071 3072 1242
6917 2 2 10 4 3121 3123 3122
6918 2 2 10 4 3645 6224 4724
6919 2 2 10 4 848 6121 6099
6920 2 2 10 4 2255 2436 2435
6921 2 2 10 4 2850 6222 2849
6922 2 2 10 4 2880 3330 3075
6923 2 2 10 4 6085 6121 3039
6924 2 2 10 4 3172 6239 3467
6925 2 2 10 4 2860 6190 2857
6926 2 2 10 4 2962 6249 2961
6927 2 2 10 4 1589 1591 1590
6928 2 2 10 4 4680 6110 4830
6929 2 2 10 4 3730 4452 3731
6930 2 2 10 4 3048 6068 3242
6931 2 2 10 4 3150 6148 6088
6932 2 2 10 4 3067 6093 3065
6933 2 2 10 4 6088 6148 3678
6934 2 2 10 4 2807 6189 3477
6935 2 2 10 4 3075 3076 3074
6936 2 2 10 4 3643 6227 3376
6937 2 2 10 4 2023 2035 2019
6938 2 2 10 4 2795 6231 2797
6939 2 2 10 4 3668 6092 3670
6940 2 2 10 4 2073 6113 6095
6941 2 2 10 4 2615 2616 2608
6942 2 2 10 4 3715 3721 3720
6943 2 2 10 4 6069 6070 3599
6944 2 2 10 4 3245 6063 3532
6945 2 2 10 4 4382 6191 6190
6946 2 2 10 4 831 6084 829
6947 2 2 10 4 2846 6208 2848
6948 2 2 10 4 2596 6213 6124
6949 2 2 10 4 3695 6258 6208
6950 2 2 10 4 2849 6222 2939
6951 2 2 10 4 4374 6244 6112
6952 2 2 10 4 2839 6107 2837
6953 2 2 10 4 3680 6197 6188
6954 2 2 10 4 2837 6107 3193
6955 2 2 10 4 3455 6102 3664
6956 2 2 10 4 6064 6066 4321
6957 2 2 10 4 3713 3714 2947
6958 2 2 10 4 1611 6120 1609
6959 2 2 10 4 6082 6222 2855
6960 2 2 10 4 3379 6069 3599
6961 2 2 10 4 4279 6131 6124
6962 2 2 10 4 3584 6065 3586
6963 2 2 10 4 3263 3778 3655
6964 2 2 10 4 2020 2024 2023
6965 2 2 10 4 4406 6224 3607
6966 2 2 10 4 3655 3718 3262
6967 2 2 10 4 4423 6132 6096
6968 2 2 10 4 822 3519 824
6969 2 2 10 4 3753 3754 3751
6970 2 2 10 4 3682 6188 6097
6971 2 2 10 4 1931 1933 1932
6972 2 2 10 4 1949 6217 1956
6973 2 2 10 4 6072 6118 4155
6974 2 2 10 4 829 6084 2684
6975 2 2 10 4 2637 6120 6118
6976 2 2 10 4 3377 6179 6069
6977 2 2 10 4 3678 6148 2809
6978 2 2 10 4 3702 6222 6082
6979 2 2 10 4 2601 6106 1407
6980 2 2 10 4 3645 4723 4722
6981 2 2 10 4 1958 2194 1959
6982 2 2 10 4 3675 6117 6067
6983 2 2 10 4 2602 6201 2666
6984 2 2 10 4 3750 4048 3753
6985 2 2 10 4 4280 6131 4279
6986 2 2 10 4 4262 6101 3412
6987 2 2 10 4 6096 6132 2888
6988 2 2 10 4 3985 6171 6054
6989 2 2 10 4 6105 6142 2864
6990 2 2 10 4 3469 3471 3470
6991 2 2 10 4 4155 6118 3687
6992 2 2 10 4 3225 6171 3985
6993 2 2 10 4 3663 6090 2883
6994 2 2 10 4 3491 6093 3067
6995 2 2 10 4 1407 6106 2458
6996 2 2 10 4 6208 6258 2858
6997 2 2 10 4 2890 6096 2888
6998 2 2 10 4 6099 6121 6085
6999 2 2 10 4 3985 4678 4555
7000 2 2 10 4 3679 6158 2931
7001 2 2 10 4 834 6084 831
7002 2 2 10 4 3958 4689 4688
7003 2 2 10 4 1228 6252 2614
7004 2 2 10 4 3687 6103 2937
7005 2 2 10 4 3697 6230 6205
7006 2 2 10 4 1609 6120 2637
7007 2 2 10 4 3437 6132 4423
7008 2 2 10 4 4321 6066 3661
7009 2 2 10 4 3038 6094 4216
7010 2 2 10 4 6095 6113 3667
7011 2 2 10 4 3150 6171 2815
7012 2 2 10 4 6188 6197 2683
7013 2 2 10 4 3606 6059 5281
7014 2 2 10 4 2887 6112 2889
7015 2 2 10 4 1620 6122 1601
7016 2 2 10 4 6097 6159 4711
7017 2 2 10 4 2735 6073 2711
7018 2 2 10 4 6232 6254 3008
7019 2 2 10 4 3039 6121 852
7020 2 2 10 4 2884 6132 3437
7021 2 2 10 4 3687 6118 6103
7022 2 2 10 4 1592 6216 6152
7023 2 2 10 4 3218 4093 4092
7024 2 2 10 4 852 6121 849
7025 2 2 10 4 6115 6170 2078
7026 2 2 10 4 6071 6211 3599
7027 2 2 10 4 2455 6252 1229
7028 2 2 10 4 2563 6122 1620
7029 2 2 10 4 4567 6114 3857
7030 2 2 10 4 4649 6064 4321
7031 2 2 10 4 3505 4146 4054
7032 2 2 10 4 3680 6188 3682
7033 2 2 10 4 1614 6120 1611
7034 2 2 10 4 1615 6209 1618
7035 2 2 10 4 6157 6183 2861
7036 2 2 10 4 3056 6073 3712
7037 2 2 10 4 1942 6128 1943
7038 2 2 10 4 3477 6189 4464
7039 2 2 10 4 2740 6160 3677
7040 2 2 10 4 4374 6112 3683
7041 2 2 10 4 1402 1404 1403
7042 2 2 10 4 6067 6117 3415
7043 2 2 10 4 3574 4199 4198
7044 2 2 10 4 4830 6110 5969
7045 2 2 10 4 3532 4933 4340
7046 2 2 10 4 2816 6129 2814
7047 2 2 10 4 6099 6133 848
7048 2 2 10 4 4846 6142 6105
7049 2 2 10 4 2700 6101 3204
7050 2 2 10 4 3857 6114 3855
7051 2 2 10 4 2961 6249 3321
7052 2 2 10 4 4600 6243 6237
7053 2 2 10 4 4235 4683 3807
7054 2 2 10 4 2595 6147 3312
7055 2 2 10 4 2965 6200 2749
7056 2 2 10 4 4235 6089 5630
7057 2 2 10 4 6124 6213 4279
7058 2 2 10 4 2674 6207 3669
7059 2 2 10 4 3065 6093 3151
7060 2 2 10 4 3071 3073 3072
7061 2 2 10 4 4281 6214 6122
7062 2 2 10 4 3771 6186 3773
7063 2 2 10 4 4728 4729 4725
7064 2 2 10 4 2848 6208 2851
7065 2 2 10 4 3225 3985 3983
7066 2 2 10 4 6237 6243 6131
7067 2 2 10 4 3056 3711 3710
7068 2 2 10 4 1192 1229 1228
7069 2 2 10 4 3071 4298 3073
7070 2 2 10 4 3691 6183 6157
7071 2 2 10 4 1971 6207 2674
7072 2 2 10 4 2024 6210 2026
7073 2 2 10 4 3808 4235 3807
7074 2 2 10 4 4523 4525 4524
7075 2 2 10 4 3149 3657 3656
7076 2 2 10 4 4711 6159 3679
7077 2 2 10 4 3702 6082 3704
7078 2 2 10 4 5418 5859 5858
7079 2 2 10 4 6192 6250 1227
7080 2 2 10 4 3607 3645 3644
7081 2 2 10 4 2921 6112 2887
7082 2 2 10 4 6097 6188 6159
7083 2 2 10 4 6226 6266 6247
7084 2 2 10 4 2749 6200 2751
7085 2 2 10 4 1500 1501 1499
7086 2 2 10 4 3769 6130 4023
7087 2 2 10 4 2824 3697 3152
7088 2 2 10 4 3321 4249 4248
7089 2 2 10 4 2883 6090 2847
7090 2 2 10 4 2905 2906 2904
7091 2 2 10 4 1228 2082 1191
7092 2 2 10 4 2616 2617 2608
7093 2 2 10 4 3044 3374 3373
7094 2 2 10 4 3379 3599 3594
7095 2 2 10 4 3586 4907 4259
7096 2 2 10 4 826 827 825
7097 2 2 10 4 1589 2079 1591
7098 2 2 10 4 3721 3722 3720
7099 2 2 10 4 4424 4954 4117
7100 2 2 10 4 4724 6224 4900
7101 2 2 10 4 2602 2666 2665
7102 2 2 10 4 3075 6263 3077
7103 2 2 10 4 2020 2078 2024
7104 2 2 10 4 3586 6065 4907
7105 2 2 10 4 3663 6100 6090
7106 2 2 10 4 2194 2195 1959
7107 2 2 10 4 4326 6109 4324
7108 2 2 10 4 3667 6113 1970
7109 2 2 10 4 6226 6247 2858
7110 2 2 10 4 2436 2437 2435
7111 2 2 10 4 4651 6052 4649
7112 2 2 10 4 2567 6147 2595
7113 2 2 10 4 2677 6168 2578
7114 2 2 10 4 3200 6231 2795
7115 2 2 10 4 3695 6208 2846
7116 2 2 10 4 3321 4250 4249
7117 2 2 10 4 3218 6058 4093
7118 2 2 10 4 2937 6103 1617
7119 2 2 10 4 3133 6106 2601
7120 2 2 10 4 4320 4321 3661
7121 2 2 10 4 4334 6125 3772
7122 2 2 10 4 4327 4328 4326
7123 2 2 10 4 4725 4726 4723
7124 2 2 10 4 4834 4835 4833
7125 2 2 10 4 3121 3134 3123
7126 2 2 10 4 3245 3532 3244
7127 2 2 10 4 3891 4138 3892
7128 2 2 10 4 3604 3605 3344
7129 2 2 10 4 2925 6083 3008
7130 2 2 10 4 3044 3373 3372
7131 2 2 10 4 6070 6071 3599
7132 2 2 10 4 3730 4935 4452
7133 2 2 10 4 3410 3584 3531
7134 2 2 10 4 2255 3206 2436
7135 2 2 10 4 3891 3892 3209
7136 2 2 10 4 3586 4259 3795
7137 2 2 10 4 2931 6158 2676
7138 2 2 10 4 3863 3956 3861
7139 2 2 10 4 4240 4581 4239
7140 2 2 10 4 3760 6181 3783
7141 2 2 10 4 3773 6186 3814
7142 2 2 10 4 6090 6100 2843
7143 2 2 10 4 2709 2711 2710
7144 2 2 10 4 3605 6268 3344
7145 2 2 10 4 3645 4724 4723
7146 2 2 10 4 2747 6135 2965
7147 2 2 10 4 1950 6113 2073
7148 2 2 10 4 4199 4975 4198
7149 2 2 10 4 1591 1592 1590
7150 2 2 10 4 1943 6128 1947
7151 2 2 10 4 2614 6058 3218
7152 2 2 10 4 3282 3313 3280
7153 2 2 10 4 3675 3676 3674
7154 2 2 10 4 3075 3077 3076
7155 2 2 10 4 3048 3242 3049
7156 2 2 10 4 3282 3314 3313
7157 2 2 10 4 4344 4345 4240
7158 2 2 10 4 2801 2802 2800
7159 2 2 10 4 3313 6215 6075
7160 2 2 10 4 3471 6203 3470
7161 2 2 10 4 3985 6054 4678
7162 2 2 10 4 3836 6079 3265
7163 2 2 10 4 825 6098 3220
7164 2 2 10 4 4235 5630 4683
7165 2 2 10 4 4522 4523 4345
7166 2 2 10 4 2907 3171 2906
7167 2 2 10 4 3709 3879 3133
7168 2 2 10 4 3172 3465 3171
7169 2 2 10 4 3698 4409 3699
7170 2 2 10 4 3861 6178 3859
7171 2 2 10 4 3714 3719 2947
7172 2 2 10 4 3068 3320 3319
7173 2 2 10 4 4250 4805 4249
7174 2 2 10 4 1958 2762 2194
7175 2 2 10 4 2078 6210 2024
7176 2 2 10 4 1227 3659 834
7177 2 2 10 4 1580 6156 1581
7178 2 2 10 4 2749 2750 2748
7179 2 2 10 4 2838 2840 2839
7180 2 2 10 4 3038 4216 3779
7181 2 2 10 4 3172 3466 3465
7182 2 2 10 4 3281 3282 3280
7183 2 2 10 4 2692 6221 2690
7184 2 2 10 4 3511 4892 4891
7185 2 2 10 4 3655 4767 3718
7186 2 2 10 4 1402 1628 1404
7187 2 2 10 4 2807 3477 2809
7188 2 2 10 4 2856 2857 2854
7189 2 2 10 4 3709 4384 3879
7190 2 2 10 4 1575 1579 1578
7191 2 2 10 4 2024 2025 2023
7192 2 2 10 4 2840 2841 2839
7193 2 2 10 4 4452 4453 3731
7194 2 2 10 4 4600 4843 4842
7195 2 2 10 4 1500 1502 1501
7196 2 2 10 4 1514 1516 1515
7197 2 2 10 4 3818 6198 4325
7198 2 2 10 4 1502 1504 1503
7199 2 2 10 4 3028 6168 2677
7200 2 2 10 4 3679 6159 6158
7201 2 2 10 4 4689 4690 4688
7202 2 2 10 4 3532 4340 3648
7203 2 2 10 4 4680 4829 4681
7204 2 2 10 4 1956 6217 2783
7205 2 2 10 4 3061 6122 2563
7206 2 2 10 4 2745 2746 2743
7207 2 2 10 4 3385 6172 4698
7208 2 2 10 4 2693 2695 2694
7209 2 2 10 4 3511 4382 2903
7210 2 2 10 4 2673 6213 2596
7211 2 2 10 4 2845 3706 3695
7212 2 2 10 4 3344 6063 3245
7213 2 2 10 4 3756 6146 3784
7214 2 2 10 4 4976 5823 4975
7215 2 2 10 4 2795 2797 2796
7216 2 2 10 4 2807 2809 2808
7217 2 2 10 4 3410 3898 3584
7218 2 2 10 4 4335 4679 4336
7219 2 2 10 4 4622 5862 4955
7220 2 2 10 4 6075 6137 6077
7221 2 2 10 4 1931 1936 1933
7222 2 2 10 4 2824 2825 2823
7223 2 2 10 4 2939 3507 3455
7224 2 2 10 4 3125 3869 3498
7225 2 2 10 4 3313 6075 6074
7226 2 2 10 4 3377 3379 3378
7227 2 2 10 4 4263 6100 3663
7228 2 2 10 4 3854 6170 6115
7229 2 2 10 4 3867 4307 3868
7230 2 2 10 4 4650 4651 4649
7231 2 2 10 4 2897 2952 2899
7232 2 2 10 4 3767 6130 3769
7233 2 2 10 4 3772 6125 3770
7234 2 2 10 4 2633 2981 2962
7235 2 2 10 4 2615 2754 2616
7236 2 2 10 4 3726 3727 3657
7237 2 2 10 4 2683 6197 2680
7238 2 2 10 4 3375 3376 3373
7239 2 2 10 4 3596 3597 3595
7240 2 2 10 4 2939 3702 3507
7241 2 2 10 4 1581 6156 1598
7242 2 2 10 4 2840 6235 2842
7243 2 2 10 4 2893 2894 2892
7244 2 2 10 4 3323 6056 3410
7245 2 2 10 4 4319 6164 3806
7246 2 2 10 4 2820 2824 2823
7247 2 2 10 4 3683 6112 2921
7248 2 2 10 4 3606 4406 3607
7249 2 2 10 4 3607 6224 3645
7250 2 2 10 4 4622 4955 4623
7251 2 2 10 4 2567 2595 2568
7252 2 2 10 4 2667 2703 2665
7253 2 2 10 4 2797 2798 2796
7254 2 2 10 4 2857 3464 2854
7255 2 2 10 4 3666 6135 2930
7256 2 2 10 4 3068 6134 3320
7257 2 2 10 4 4462 4463 3678
7258 2 2 10 4 4453 4454 3731
7259 2 2 10 4 4275 4754 4059
7260 2 2 10 4 4329 6109 4326
7261 2 2 10 4 1592 6152 1594
7262 2 2 10 4 2700 3204 2698
7263 2 2 10 4 3216 6155 6154
7264 2 2 10 4 2589 2591 2590
7265 2 2 10 4 2664 3133 2601
7266 2 2 10 4 3341 6187 2729
7267 2 2 10 4 3043 3415 2826
7268 2 2 10 4 3374 3848 3480
7269 2 2 10 4 3603 3665 3491
7270 2 2 10 4 4422 4718 4190
7271 2 2 10 4 2028 6127 2041
7272 2 2 10 4 2060 3205 2062
7273 2 2 10 4 2436 2438 2437
7274 2 2 10 4 3156 3184 3158
7275 2 2 10 4 3671 6092 3668
7276 2 2 10 4 2892 6087 3359
7277 2 2 10 4 3469 3501 3471
7278 2 2 10 4 3492 3603 3491
7279 2 2 10 4 3765 4148 3767
7280 2 2 10 4 2456 2633 2632
7281 2 2 10 4 2845 2846 2844
7282 2 2 10 4 4283 4284 3890
7283 2 2 10 4 2902 2903 2860
7284 2 2 10 4 4154 4155 3687
7285 2 2 10 4 1600 1619 1601
7286 2 2 10 4 2964 6147 2567
7287 2 2 10 4 2663 6196 2744
7288 2 2 10 4 2691 2693 2692
7289 2 2 10 4 3264 3949 2949
7290 2 2 10 4 3151 6251 3064
7291 2 2 10 4 3218 4092 3520
7292 2 2 10 4 3599 6211 3594
7293 2 2 10 4 3762 6181 3760
7294 2 2 10 4 826 828 827
7295 2 2 10 4 1192 2453 1229
7296 2 2 10 4 2633 2962 2961
7297 2 2 10 4 2822 3674 2819
7298 2 2 10 4 3714 3845 3719
7299 2 2 10 4 4845 4864 4846
7300 2 2 10 4 3511 4891 4382
7301 2 2 10 4 836 837 835
7302 2 2 10 4 1950 2073 1948
7303 2 2 10 4 3265 3322 3264
7304 2 2 10 4 2939 6222 3702
7305 2 2 10 4 3806 3808 3807
7306 2 2 10 4 830 832 831
7307 2 2 10 4 2577 2937 1617
7308 2 2 10 4 2803 2805 2804
7309 2 2 10 4 2904 3511 2903
7310 2 2 10 4 3680 3681 2921
7311 2 2 10 4 4373 4374 3683
7312 2 2 10 4 3868 6223 3865
7313 2 2 10 4 2753 2794 2793
7314 2 2 10 4 3606 3607 3605
7315 2 2 10 4 3692 3693 3691
7316 2 2 10 4 4261 4262 3412
7317 2 2 10 4 2841 3185 2839
7318 2 2 10 4 2951 3451 3060
7319 2 2 10 4 3042 6253 3836
7320 2 2 10 4 3385 4698 4364
7321 2 2 10 4 3503 6203 3471
7322 2 2 10 4 6181 6182 3783
7323 2 2 10 4 1501 1505 1499
7324 2 2 10 4 2939 3455 2883
7325 2 2 10 4 3698 3699 3152
7326 2 2 10 4 4054 6248 3174
7327 2 2 10 4 3225 3983 3226
7328 2 2 10 4 2832 2940 2925
7329 2 2 10 4 3169 6068 3048
7330 2 2 10 4 2905 3474 2907
7331 2 2 10 4 2079 2080 1591
7332 2 2 10 4 3496 3679 2931
7333 2 2 10 4 3476 3891 3209
7334 2 2 10 4 3684 4373 3683
7335 2 2 10 4 4320 4648 4321
7336 2 2 10 4 4689 6012 4690
7337 2 2 10 4 824 825 823
7338 2 2 10 4 1592 1594 1593
7339 2 2 10 4 1615 6229 6209
7340 2 2 10 4 1965 1972 1971
7341 2 2 10 4 2026 6210 6127
7342 2 2 10 4 6133 6246 2066
7343 2 2 10 4 2183 2729 2182
7344 2 2 10 4 2433 6169 2565
7345 2 2 10 4 2437 3388 2435
7346 2 2 10 4 2851 2852 2850
7347 2 2 10 4 2884 3437 3436
7348 2 2 10 4 2907 3172 3171
7349 2 2 10 4 3505 4054 3174
7350 2 2 10 4 3665 6093 3491
7351 2 2 10 4 3858 3859 3857
7352 2 2 10 4 3860 3861 3859
7353 2 2 10 4 2024 2026 2025
7354 2 2 10 4 3320 3811 3319
7355 2 2 10 4 3956 6178 3861
7356 2 2 10 4 2602 2665 2664
7357 2 2 10 4 2744 2745 2743
7358 2 2 10 4 3384 3385 3061
7359 2 2 10 4 3532 3648 3244
7360 2 2 10 4 3467 6239 4424
7361 2 2 10 4 4093 4145 4092
7362 2 2 10 4 4335 4336 4260
7363 2 2 10 4 2708 2709 2195
7364 2 2 10 4 2826 6117 2823
7365 2 2 10 4 2901 2902 2860
7366 2 2 10 4 3374 3375 3373
7367 2 2 10 4 4303 4753 3665
7368 2 2 10 4 2581 2583 2582
7369 2 2 10 4 5731 5850 4272
7370 2 2 10 4 1600 6141 1619
7371 2 2 10 4 2065 6217 1949
7372 2 2 10 4 2596 6124 2568
7373 2 2 10 4 2688 2689 2673
7374 2 2 10 4 2805 6189 2807
7375 2 2 10 4 2825 2826 2823
7376 2 2 10 4 3125 3498 2930
7377 2 2 10 4 3379 3593 3378
7378 2 2 10 4 3677 4261 3412
7379 2 2 10 4 4358 4641 4640
7380 2 2 10 4 3672 3673 3489
7381 2 2 10 4 835 1227 834
7382 2 2 10 4 1575 1580 1579
7383 2 2 10 4 2711 6073 3056
7384 2 2 10 4 3078 6166 3076
7385 2 2 10 4 3584 3586 3585
7386 2 2 10 4 3721 3723 3722
7387 2 2 10 4 841 844 843
7388 2 2 10 4 1594 6152 1610
7389 2 2 10 4 3662 4320 3661
7390 2 2 10 4 1964 1965 1957
7391 2 2 10 4 1972 1973 1971
7392 2 2 10 4 1972 6157 2861
7393 2 2 10 4 3693 6183 3691
7394 2 2 10 4 1613 1614 1611
7395 2 2 10 4 1936 1937 1933
7396 2 2 10 4 1956 1957 1950
7397 2 2 10 4 2066 3063 3062
7398 2 2 10 4 2758 4588 2757
7399 2 2 10 4 3064 4285 3062
7400 2 2 10 4 3702 3704 3703
7401 2 2 10 4 1598 2067 1600
7402 2 2 10 4 1619 2979 2432
7403 2 2 10 4 1947 6128 2065
7404 2 2 10 4 2587 2588 2586
7405 2 2 10 4 2699 3050 2701
7406 2 2 10 4 2740 3412 2705
7407 2 2 10 4 3208 3476 3209
7408 2 2 10 4 3814 6186 4796
7409 2 2 10 4 6052 6064 4649
7410 2 2 10 4 2744 3125 2930
7411 2 2 10 4 2783 3692 3691
7412 2 2 10 4 2799 2800 2798
7413 2 2 10 4 3681 3683 2921
7414 2 2 10 4 3343 3344 3245
7415 2 2 10 4 3796 6202 3768
7416 2 2 10 4 5418 5858 4729
7417 2 2 10 4 1612 1613 1611
7418 2 2 10 4 2675 2931 2676
7419 2 2 10 4 2745 2747 2746
7420 2 2 10 4 2751 2753 2752
7421 2 2 10 4 3477 3678 2809
7422 2 2 10 4 4190 4191 3436
7423 2 2 10 4 3753 3755 3754
7424 2 2 10 4 3769 3771 3770
7425 2 2 10 4 3771 3773 3772
7426 2 2 10 4 1227 3660 3659
7427 2 2 10 4 2026 2028 2027
7428 2 2 10 4 2042 2044 2043
7429 2 2 10 4 2662 3194 2617
7430 2 2 10 4 2666 3174 2667
7431 2 2 10 4 3323 3410 3409
7432 2 2 10 4 3380 4400 3381
7433 2 2 10 4 3767 3769 3768
7434 2 2 10 4 4023 6186 3771
7435 2 2 10 4 3814 3815 3813
7436 2 2 10 4 3815 3818 3817
7437 2 2 10 4 4651 6053 6052
7438 2 2 10 4 828 830 829
7439 2 2 10 4 1500 2070 1502
7440 2 2 10 4 2930 6135 2745
7441 2 2 10 4 3156 6138 3184
7442 2 2 10 4 3699 6271 6262
7443 2 2 10 4 4208 4209 3707
7444 2 2 10 4 3755 3757 3756
7445 2 2 10 4 3757 3759 3758
7446 2 2 10 4 3783 6146 3758
7447 2 2 10 4 3759 3761 3760
7448 2 2 10 4 4433 6165 3759
7449 2 2 10 4 3761 3763 3762
7450 2 2 10 4 3763 3765 3764
7451 2 2 10 4 3765 3767 3766
7452 2 2 10 4 4148 6130 3767
7453 2 2 10 4 3818 4324 4323
7454 2 2 10 4 4325 4326 4324
7455 2 2 10 4 2583 2585 2584
7456 2 2 10 4 3974 4719 3466
7457 2 2 10 4 4286 4287 3497
7458 2 2 10 4 1228 2614 2082
7459 2 2 10 4 1504 1506 1503
7460 2 2 10 4 1504 6153 1557
7461 2 2 10 4 1507 1513 1506
7462 2 2 10 4 1514 1515 1513
7463 2 2 10 4 1516 1532 1515
7464 2 2 10 4 2456 2632 2455
7465 2 2 10 4 4361 6149 3763
7466 2 2 10 4 4935 4952 4452
7467 2 2 10 4 4830 4831 4829
7468 2 2 10 4 848 6133 845
7469 2 2 10 4 2666 2667 2665
7470 2 2 10 4 2803 3290 2805
7471 2 2 10 4 3185 6107 2839
7472 2 2 10 4 2842 2845 2844
7473 2 2 10 4 2848 2851 2850
7474 2 2 10 4 3068 3319 2927
7475 2 2 10 4 3320 6134 3852
7476 2 2 10 4 3713 3832 3714
7477 2 2 10 4 4058 4275 4059
7478 2 2 10 4 4328 4330 4329
7479 2 2 10 4 4453 4455 4454
7480 2 2 10 4 1957 6113 1950
7481 2 2 10 4 2028 2033 2027
7482 2 2 10 4 2044 2182 2043
7483 2 2 10 4 2940 2949 2925
7484 2 2 10 4 3042 3265 3264
7485 2 2 10 4 3265 3323 3322
7486 2 2 10 4 3501 3502 3471
7487 2 2 10 4 3502 3504 3503
7488 2 2 10 4 3504 3734 3733
7489 2 2 10 4 6180 6181 3762
7490 2 2 10 4 3859 6178 4567
7491 2 2 10 4 3864 3865 3863
7492 2 2 10 4 3866 3867 3865
7493 2 2 10 4 3659 6084 834
7494 2 2 10 4 850 851 849
7495 2 2 10 4 1610 1611 1609
7496 2 2 10 4 3077 3078 3076
7497 2 2 10 4 3782 4280 4279
7498 2 2 10 4 3845 4425 3846
7499 2 2 10 4 3379 3594 3593
7500 2 2 10 4 3736 4299 3737
7501 2 2 10 4 1553 1554 1551
7502 2 2 10 4 836 2785 838
7503 2 2 10 4 853 3038 852
7504 2 2 10 4 1408 2601 1407
7505 2 2 10 4 1504 1557 1507
7506 2 2 10 4 1594 1610 1609
7507 2 2 10 4 1956 1964 1957
7508 2 2 10 4 1972 2861 1974
7509 2 2 10 4 2729 6187 2182
7510 2 2 10 4 2751 6200 6199
7511 2 2 10 4 2810 2812 2811
7512 2 2 10 4 2815 2816 2814
7513 2 2 10 4 2914 2915 2900
7514 2 2 10 4 3038 3779 3039
7515 2 2 10 4 3044 3372 3043
7516 2 2 10 4 838 839 837
7517 2 2 10 4 841 843 842
7518 2 2 10 4 1974 1976 1975
7519 2 2 10 4 3135 3137 3136
7520 2 2 10 4 3155 3156 3137
7521 2 2 10 4 3156 3158 3157
7522 2 2 10 4 3184 6144 3158
7523 2 2 10 4 3420 4466 3433
7524 2 2 10 4 4562 4946 4563
7525 2 2 10 4 1946 1963 1945
7526 2 2 10 4 1963 2723 2064
7527 2 2 10 4 2892 3359 2890
7528 2 2 10 4 3066 3672 3489
7529 2 2 10 4 3769 4023 3771
7530 2 2 10 4 3855 6114 4944
7531 2 2 10 4 1618 2577 1617
7532 2 2 10 4 2711 3056 2710
7533 2 2 10 4 2734 3169 3048
7534 2 2 10 4 2815 2817 2816
7535 2 2 10 4 2887 2888 2885
7536 2 2 10 4 2893 2895 2894
7537 2 2 10 4 2896 3484 2894
7538 2 2 10 4 3134 3135 3123
7539 2 2 10 4 1947 2065 1949
7540 2 2 10 4 2027 2920 2025
7541 2 2 10 4 6170 6210 2078
7542 2 2 10 4 2709 2710 2195
7543 2 2 10 4 2757 3425 2592
7544 2 2 10 4 2680 2682 2681
7545 2 2 10 4 2744 2930 2745
7546 2 2 10 4 2748 3289 2746
7547 2 2 10 4 2747 2965 2749
7548 2 2 10 4 3498 3666 2930
7549 2 2 10 4 3125 4288 3869
7550 2 2 10 4 3134 6175 3135
7551 2 2 10 4 3380 4402 4400
7552 2 2 10 4 4289 4290 3662
7553 2 2 10 4 3860 4295 3862
7554 2 2 10 4 3867 3868 3865
7555 2 2 10 4 4562 4563 4155
7556 2 2 10 4 849 6121 848
7557 2 2 10 4 1570 1574 1572
7558 2 2 10 4 2067 6141 1600
7559 2 2 10 4 1619 2432 1620
7560 2 2 10 4 1943 1945 1941
7561 2 2 10 4 2432 6169 2433
7562 2 2 10 4 2979 3688 2432
7563 2 2 10 4 2782 3061 2563
7564 2 2 10 4 3412 6101 2705
7565 2 2 10 4 3689 4027 3688
7566 2 2 10 4 3721 3725 3723
7567 2 2 10 4 2744 6196 3125
7568 2 2 10 4 2801 2803 2802
7569 2 2 10 4 2889 2890 2888
7570 2 2 10 4 6138 6140 3184
7571 2 2 10 4 1949 1956 1950
7572 2 2 10 4 2674 3667 1970
7573 2 2 10 4 1976 2060 1977
7574 2 2 10 4 2602 2664 2601
7575 2 2 10 4 2800 3119 2798
7576 2 2 10 4 2827 6104 3044
7577 2 2 10 4 3159 3529 3157
7578 2 2 10 4 3158 6144 3420
7579 2 2 10 4 3282 3805 3314
7580 2 2 10 4 3736 4300 4299
7581 2 2 10 4 3859 4567 3857
7582 2 2 10 4 4524 6228 4345
7583 2 2 10 4 6054 6055 4678
7584 2 2 10 4 1937 1940 1933
7585 2 2 10 4 2438 4187 2867
7586 2 2 10 4 2693 3183 2695
7587 2 2 10 4 2813 2814 2812
7588 2 2 10 4 2895 2896 2894
7589 2 2 10 4 3900 5250 3354
7590 2 2 10 4 3501 4632 3502
7591 2 2 10 4 3504 3735 3734
7592 2 2 10 4 3755 3756 3754
7593 2 2 10 4 3818 4323 3817
7594 2 2 10 4 4259 4335 4260
7595 2 2 10 4 6201 6256 4282
7596 2 2 10 4 4328 4329 4326
7597 2 2 10 4 4523 4947 4525
7598 2 2 10 4 6075 6077 6076
7599 2 2 10 4 1963 2064 1945
7600 2 2 10 4 1974 1975 1973
7601 2 2 10 4 1976 1977 1975
7602 2 2 10 4 3135 3155 3137
7603 2 2 10 4 3384 6172 3385
7604 2 2 10 4 3812 4334 3772
7605 2 2 10 4 4600 4842 4599
7606 2 2 10 4 4728 5418 4729
7607 2 2 10 4 825 3220 823
7608 2 2 10 4 828 3351 830
7609 2 2 10 4 838 840 839
7610 2 2 10 4 844 846 845
7611 2 2 10 4 851 853 852
7612 2 2 10 4 1612 1995 1613
7613 2 2 10 4 1617 6103 1614
7614 2 2 10 4 1618 2675 2578
7615 2 2 10 4 1937 1941 1940
7616 2 2 10 4 1942 1943 1941
7617 2 2 10 4 1949 1950 1948
7618 2 2 10 4 1971 2674 1970
7619 2 2 10 4 2028 2041 2034
7620 2 2 10 4 2041 6127 3068
7621 2 2 10 4 2079 3716 2877
7622 2 2 10 4 2593 2757 2592
7623 2 2 10 4 2615 3717 2754
7624 2 2 10 4 2678 2683 2680
7625 2 2 10 4 3340 3341 2729
7626 2 2 10 4 2783 3696 3692
7627 2 2 10 4 2813 3150 2815
7628 2 2 10 4 2842 2844 2843
7629 2 2 10 4 3209 6225 3072
7630 2 2 10 4 3141 3363 3078
7631 2 2 10 4 3628 4358 3341
7632 2 2 10 4 3363 4271 3742
7633 2 2 10 4 3496 4710 3679
7634 2 2 10 4 3511 6174 4892
7635 2 2 10 4 3606 5281 4406
7636 2 2 10 4 3670 6095 3667
7637 2 2 10 4 3675 4215 3676
7638 2 2 10 4 3854 3856 3855
7639 2 2 10 4 4865 6142 4846
7640 2 2 10 4 2585 2586 2584
7641 2 2 10 4 4154 4562 4155
7642 2 2 10 4 1553 1569 1555
7643 2 2 10 4 1592 1593 1590
7644 2 2 10 4 1972 1974 1973
7645 2 2 10 4 2706 2741 2740
7646 2 2 10 4 2833 2834 2741
7647 2 2 10 4 2836 2838 2837
7648 2 2 10 4 3216 6154 2836
7649 2 2 10 4 2979 6141 3690
7650 2 2 10 4 3607 3644 3605
7651 2 2 10 4 3668 3670 3667
7652 2 2 10 4 4238 4239 4236
7653 2 2 10 4 2579 3308 2581
7654 2 2 10 4 2859 2860 2857
7655 2 2 10 4 2905 2907 2906
7656 2 2 10 4 4296 6106 3133
7657 2 2 10 4 3215 3629 3340
7658 2 2 10 4 4466 4467 3433
7659 2 2 10 4 3856 3858 3857
7660 2 2 10 4 3864 3866 3865
7661 2 2 10 4 1404 1408 1407
7662 2 2 10 4 2026 2027 2025
7663 2 2 10 4 2044 6177 2733
7664 2 2 10 4 2664 3709 3133
7665 2 2 10 4 2666 3175 3174
7666 2 2 10 4 3225 3226 2821
7667 2 2 10 4 2897 2898 2896
7668 2 2 10 4 4281 6122 3061
7669 2 2 10 4 4640 6187 3341
7670 2 2 10 4 3705 4599 3384
7671 2 2 10 4 4215 4845 3676
7672 2 2 10 4 2709 2734 2711
7673 2 2 10 4 2897 2899 2898
7674 2 2 10 4 2899 2914 2900
7675 2 2 10 4 2952 6173 2899
7676 2 2 10 4 3594 3595 3593
7677 2 2 10 4 4849 4850 4711
7678 2 2 10 4 2618 2662 2617
7679 2 2 10 4 2753 2792 2752
7680 2 2 10 4 3686 3687 2937
7681 2 2 10 4 3727 4460 3657
7682 2 2 10 4 4845 4846 3676
7683 2 2 10 4 4830 5969 4832
7684 2 2 10 4 2676 2677 2578
7685 2 2 10 4 3066 6246 3672
7686 2 2 10 4 3758 6146 3756
7687 2 2 10 4 3760 3783 3758
7688 2 2 10 4 3759 6165 3761
7689 2 2 10 4 4327 6195 4328
7690 2 2 10 4 4738 4739 4455
7691 2 2 10 4 3156 3157 3137
7692 2 2 10 4 3155 6139 6138
7693 2 2 10 4 3770 6125 3796
7694 2 2 10 4 4453 4738 4455
7695 2 2 10 4 6138 6150 6140
7696 2 2 10 4 833 834 831
7697 2 2 10 4 4187 5255 2867
7698 2 2 10 4 3038 3039 852
7699 2 2 10 4 1502 1503 1501
7700 2 2 10 4 1502 6153 1504
7701 2 2 10 4 1532 2068 1515
7702 2 2 10 4 1541 1550 1533
7703 2 2 10 4 1610 1612 1611
7704 2 2 10 4 1615 1617 1614
7705 2 2 10 4 1618 6209 2675
7706 2 2 10 4 2026 6127 2028
7707 2 2 10 4 2438 2867 2437
7708 2 2 10 4 2675 3070 2931
7709 2 2 10 4 2688 2691 2690
7710 2 2 10 4 2690 2951 2689
7711 2 2 10 4 2706 2833 2741
7712 2 2 10 4 2797 6231 3146
7713 2 2 10 4 2834 3216 2836
7714 2 2 10 4 3063 3066 3065
7715 2 2 10 4 3701 4140 3451
7716 2 2 10 4 3805 4319 3806
7717 2 2 10 4 4724 4725 4723
7718 2 2 10 4 1608 2075 1593
7719 2 2 10 4 2849 2883 2847
7720 2 2 10 4 3340 3628 3341
7721 2 2 10 4 3507 6102 3455
7722 2 2 10 4 3455 3664 3663
7723 2 2 10 4 3862 3863 3861
7724 2 2 10 4 1404 1407 1403
7725 2 2 10 4 2679 3028 2677
7726 2 2 10 4 3779 6086 3039
7727 2 2 10 4 3770 3796 3768
7728 2 2 10 4 851 852 849
7729 2 2 10 4 2041 2042 2034
7730 2 2 10 4 2044 2183 2182
7731 2 2 10 4 2814 2864 2812
7732 2 2 10 4 2822 3675 3674
7733 2 2 10 4 2915 3432 2900
7734 2 2 10 4 4358 4640 3341
7735 2 2 10 4 4287 4868 3497
7736 2 2 10 4 3498 4874 3666
7737 2 2 10 4 3862 3864 3863
7738 2 2 10 4 4271 5731 4272
7739 2 2 10 4 1956 2783 1964
7740 2 2 10 4 2062 2579 2063
7741 2 2 10 4 824 826 825
7742 2 2 10 4 2066 3062 842
7743 2 2 10 4 1570 1571 1555
7744 2 2 10 4 1581 1598 1597
7745 2 2 10 4 1599 1623 1597
7746 2 2 10 4 2663 2742 2662
7747 2 2 10 4 2699 2700 2698
7748 2 2 10 4 2820 2823 2822
7749 2 2 10 4 2837 3193 2835
7750 2 2 10 4 2979 3689 3688
7751 2 2 10 4 3149 3726 3657
7752 2 2 10 4 2079 2877 2080
7753 2 2 10 4 2578 6168 2577
7754 2 2 10 4 2734 3048 2735
7755 2 2 10 4 2886 3680 2921
7756 2 2 10 4 3063 3065 3064
7757 2 2 10 4 3066 3067 3065
7758 2 2 10 4 3077 3141 3078
7759 2 2 10 4 3380 3381 3141
7760 2 2 10 4 4400 4401 3381
7761 2 2 10 4 3845 3846 3719
7762 2 2 10 4 4208 4551 4209
7763 2 2 10 4 2616 2618 2617
7764 2 2 10 4 2667 2832 2703
7765 2 2 10 4 2701 2705 2700
7766 2 2 10 4 2810 2813 2812
7767 2 2 10 4 2813 2815 2814
7768 2 2 10 4 2817 2821 2818
7769 2 2 10 4 3806 3807 3314
7770 2 2 10 4 3502 3503 3471
7771 2 2 10 4 3504 3733 3503
7772 2 2 10 4 4375 6078 4374
7773 2 2 10 4 2695 2696 2694
7774 2 2 10 4 2856 2859 2857
7775 2 2 10 4 2859 2901 2860
7776 2 2 10 4 841 842 839
7777 2 2 10 4 844 2069 846
7778 2 2 10 4 847 848 845
7779 2 2 10 4 1609 2637 1608
7780 2 2 10 4 2595 2596 2568
7781 2 2 10 4 2568 6124 2777
7782 2 2 10 4 4599 6172 3384
7783 2 2 10 4 3385 4364 4281
7784 2 2 10 4 1407 2458 1403
7785 2 2 10 4 1570 1572 1571
7786 2 2 10 4 1574 1575 1572
7787 2 2 10 4 1580 1581 1579
7788 2 2 10 4 1581 1597 1596
7789 2 2 10 4 1594 1608 1593
7790 2 2 10 4 1594 1609 1608
7791 2 2 10 4 1598 6156 2067
7792 2 2 10 4 1619 1620 1601
7793 2 2 10 4 1610 6152 3069
7794 2 2 10 4 1619 6141 2979
7795 2 2 10 4 2432 2433 1620
7796 2 2 10 4 2433 2563 1620
7797 2 2 10 4 1943 1947 1946
7798 2 2 10 4 1947 1949 1948
7799 2 2 10 4 2433 2564 2563
7800 2 2 10 4 2564 2782 2563
7801 2 2 10 4 2565 2964 2567
7802 2 2 10 4 2568 2777 2566
7803 2 2 10 4 2675 2676 2578
7804 2 2 10 4 2672 2673 2596
7805 2 2 10 4 2676 2678 2677
7806 2 2 10 4 2678 2680 2679
7807 2 2 10 4 2682 2885 2884
7808 2 2 10 4 2695 2697 2696
7809 2 2 10 4 2706 2740 2705
7810 2 2 10 4 2741 6160 2740
7811 2 2 10 4 6124 6131 2777
7812 2 2 10 4 2886 2887 2885
7813 2 2 10 4 2887 2889 2888
7814 2 2 10 4 3176 3354 2915
7815 2 2 10 4 2979 3690 3689
7816 2 2 10 4 3065 3151 3064
7817 2 2 10 4 3603 4303 3665
7818 2 2 10 4 3604 3606 3605
7819 2 2 10 4 4710 4711 3679
7820 2 2 10 4 3690 4362 3689
7821 2 2 10 4 3757 3758 3756
7822 2 2 10 4 3759 3760 3758
7823 2 2 10 4 3761 3762 3760
7824 2 2 10 4 3761 6165 4361
7825 2 2 10 4 3763 3764 3762
7826 2 2 10 4 3765 6149 4148
7827 2 2 10 4 3767 3768 3766
7828 2 2 10 4 3815 3817 3813
7829 2 2 10 4 3817 6143 3813
7830 2 2 10 4 853 6094 3038
7831 2 2 10 4 1598 1599 1597
7832 2 2 10 4 2565 2566 2564
7833 2 2 10 4 2565 6169 2964
7834 2 2 10 4 2567 2568 2566
7835 2 2 10 4 2687 2688 2673
7836 2 2 10 4 2693 2694 2692
7837 2 2 10 4 2740 3677 3412
7838 2 2 10 4 2803 2804 2802
7839 2 2 10 4 3669 4283 3890
7840 2 2 10 4 3808 6164 4237
7841 2 2 10 4 1553 1555 1554
7842 2 2 10 4 1569 1570 1555
7843 2 2 10 4 1600 1601 1599
7844 2 2 10 4 2691 2692 2690
7845 2 2 10 4 2834 2835 2741
7846 2 2 10 4 2951 3701 3451
7847 2 2 10 4 843 2066 842
7848 2 2 10 4 2070 6153 1502
7849 2 2 10 4 1516 1533 1532
7850 2 2 10 4 1540 1541 1533
7851 2 2 10 4 1541 1551 1550
7852 2 2 10 4 2577 3685 2937
7853 2 2 10 4 2688 2690 2689
7854 2 2 10 4 2827 3043 2826
7855 2 2 10 4 2836 2837 2835
7856 2 2 10 4 2838 2839 2837
7857 2 2 10 4 3243 3244 3049
7858 2 2 10 4 3056 3712 3711
7859 2 2 10 4 3677 4494 4261
7860 2 2 10 4 3723 3724 3722
7861 2 2 10 4 4850 6097 4711
7862 2 2 10 4 836 838 837
7863 2 2 10 4 844 845 843
7864 2 2 10 4 847 850 849
7865 2 2 10 4 1504 1507 1506
7866 2 2 10 4 1507 1514 1513
7867 2 2 10 4 2068 6167 1515
7868 2 2 10 4 1937 1942 1941
7869 2 2 10 4 2042 2043 2034
7870 2 2 10 4 2041 3068 2927
7871 2 2 10 4 2587 6145 2589
7872 2 2 10 4 2674 3669 3668
7873 2 2 10 4 2848 2850 2849
7874 2 2 10 4 2853 2854 2852
7875 2 2 10 4 2899 6173 2914
7876 2 2 10 4 3685 3686 2937
7877 2 2 10 4 3042 3264 2949
7878 2 2 10 4 3385 4281 3061
7879 2 2 10 4 6127 6134 3068
7880 2 2 10 4 3134 6176 6175
7881 2 2 10 4 3501 4898 4632
7882 2 2 10 4 3660 3661 3659
7883 2 2 10 4 3705 4600 4599
7884 2 2 10 4 3725 4099 3723
7885 2 2 10 4 3852 3854 3853
7886 2 2 10 4 3854 3855 3853
7887 2 2 10 4 4100 4638 4099
7888 2 2 10 4 4328 4331 4330
7889 2 2 10 4 829 2684 827
7890 2 2 10 4 1965 1971 1970
7891 2 2 10 4 3363 3742 3078
7892 2 2 10 4 3684 4586 4373
7893 2 2 10 4 3771 3772 3770
7894 2 2 10 4 3773 3812 3772
7895 2 2 10 4 3813 6143 3812
7896 2 2 10 4 3814 4796 4098
7897 2 2 10 4 1610 3069 1612
7898 2 2 10 4 1943 1946 1945
7899 2 2 10 4 1947 1948 1946
7900 2 2 10 4 2581 2582 2580
7901 2 2 10 4 2585 2587 2586
7902 2 2 10 4 2589 2590 2588
7903 2 2 10 4 2678 2679 2677
7904 2 2 10 4 2680 2681 2679
7905 2 2 10 4 2694 3117 2692
7906 2 2 10 4 2705 6101 2700
7907 2 2 10 4 2782 3705 3384
7908 2 2 10 4 2842 2843 2841
7909 2 2 10 4 2891 2892 2890
7910 2 2 10 4 1965 1970 1957
7911 2 2 10 4 1970 6113 1957
7912 2 2 10 4 2783 3691 1964
7913 2 2 10 4 2591 2592 2590
7914 2 2 10 4 2663 2744 2743
7915 2 2 10 4 2745 6135 2747
7916 2 2 10 4 3125 6196 4288
7917 2 2 10 4 3708 4208 3707
7918 2 2 10 4 832 833 831
7919 2 2 10 4 842 6193 839
7920 2 2 10 4 2580 3022 2063
7921 2 2 10 4 2844 6090 2843
7922 2 2 10 4 4767 4768 3718
7923 2 2 10 4 3725 4100 4099
7924 2 2 10 4 3756 3784 3754
7925 2 2 10 4 3757 4433 3759
7926 2 2 10 4 3761 4361 3763
7927 2 2 10 4 3763 6149 3765
7928 2 2 10 4 3766 3797 3764
7929 2 2 10 4 3818 4325 4324
7930 2 2 10 4 2699 2701 2700
7931 2 2 10 4 3070 3497 3496
7932 2 2 10 4 3437 4422 4190
7933 2 2 10 4 4563 6072 4155
7934 2 2 10 4 2846 2847 2844
7935 2 2 10 4 3135 3136 3123
7936 2 2 10 4 3135 6175 3155
7937 2 2 10 4 3158 3159 3157
7938 2 2 10 4 3420 3433 3159
7939 2 2 10 4 3706 3708 3707
7940 2 2 10 4 4298 4541 3073
7941 2 2 10 4 847 849 848
7942 2 2 10 4 1513 6167 1519
7943 2 2 10 4 1516 1540 1533
7944 2 2 10 4 2194 2708 2195
7945 2 2 10 4 2618 2663 2662
7946 2 2 10 4 3056 3710 2710
7947 2 2 10 4 2809 2810 2808
7948 2 2 10 4 2842 6235 2845
7949 2 2 10 4 3243 3245 3244
7950 2 2 10 4 3680 3682 3681
7951 2 2 10 4 3706 3707 3695
7952 2 2 10 4 4648 4649 4321
7953 2 2 10 4 4402 4890 4400
7954 2 2 10 4 2799 2801 2800
7955 2 2 10 4 2848 2849 2847
7956 2 2 10 4 2852 2855 2850
7957 2 2 10 4 2851 2858 2853
7958 2 2 10 4 3455 3663 2883
7959 2 2 10 4 2895 2897 2896
7960 2 2 10 4 3708 4337 4208
7961 2 2 10 4 4285 6251 6250
7962 2 2 10 4 1618 2578 2577
7963 2 2 10 4 3174 6248 2667
7964 2 2 10 4 2889 2891 2890
7965 2 2 10 4 2891 2893 2892
7966 2 2 10 4 3490 3491 3067
7967 2 2 10 4 3468 6276 3469
7968 2 2 10 4 4259 4260 3795
7969 2 2 10 4 6125 6126 3796
7970 2 2 10 4 840 841 839
7971 2 2 10 4 846 847 845
7972 2 2 10 4 1613 1615 1614
7973 2 2 10 4 6103 6120 1614
7974 2 2 10 4 1615 1618 1617
7975 2 2 10 4 2682 2886 2885
7976 2 2 10 4 2903 6190 2860
7977 2 2 10 4 2886 2921 2887
7978 2 2 10 4 3319 3694 2927
7979 2 2 10 4 3070 3496 2931
7980 2 2 10 4 2982 3281 3280
7981 2 2 10 4 3320 3852 3851
7982 2 2 10 4 3686 4154 3687
7983 2 2 10 4 2849 2939 2883
7984 2 2 10 4 2914 3187 3176
7985 2 2 10 4 3158 3420 3159
7986 2 2 10 4 3735 3736 3734
7987 2 2 10 4 1598 1600 1599
7988 2 2 10 4 2028 2034 2033
7989 2 2 10 4 2183 3215 2729
7990 2 2 10 4 2595 2672 2596
7991 2 2 10 4 2633 2961 2632
7992 2 2 10 4 2672 2687 2673
7993 2 2 10 4 3490 3492 3491
7994 2 2 10 4 4216 4801 3779
7995 2 2 10 4 3858 3860 3859
7996 2 2 10 4 3860 3862 3861
7997 2 2 10 4 2674 3668 3667
7998 2 2 10 4 2982 3280 3279
7999 2 2 10 4 3669 3671 3668
8000 2 2 10 4 3066 3489 3067
8001 2 2 10 4 3073 3208 3072
8002 2 2 10 4 3742 6166 3078
8003 2 2 10 4 4601 4873 3480
8004 2 2 10 4 4138 4291 3892
8005 2 2 10 4 6122 6214 1601
8006 2 2 10 4 2579 2581 2580
8007 2 2 10 4 2593 2758 2757
8008 2 2 10 4 2794 3200 2795
8009 2 2 10 4 2751 2752 2750
8010 2 2 10 4 2795 2796 2793
8011 2 2 10 4 3489 3490 3067
8012 2 2 10 4 1575 1578 1572
8013 2 2 10 4 1581 1596 1579
8014 2 2 10 4 3474 6239 2907
8015 2 2 10 4 3983 3984 3226
8016 2 2 10 4 3765 3766 3764
8017 2 2 10 4 3814 4098 3815
8018 2 2 10 4 3815 6198 3818
8019 2 2 10 4 3836 6253 6081
8020 2 2 10 4 4328 6195 4331
8021 2 2 10 4 1408 2602 2601
8022 2 2 10 4 2878 4121 2080
8023 2 2 10 4 3320 3851 3811
8024 2 2 10 4 3628 4794 4358
8025 2 2 10 4 3852 3853 3851
8026 2 2 10 4 3856 3857 3855
8027 2 2 10 4 2877 2878 2080
8028 2 2 10 4 2438 4188 4187
8029 2 2 10 4 2747 2749 2748
8030 2 2 10 4 2782 6218 3705
8031 2 2 10 4 2804 2972 2802
8032 2 2 10 4 2940 3042 2949
8033 2 2 10 4 3208 3209 3072
8034 2 2 10 4 3313 6074 3280
8035 2 2 10 4 3281 6136 3282
8036 2 2 10 4 3321 4248 3293
8037 2 2 10 4 6134 6210 6170
8038 2 2 10 4 1965 6157 1972
8039 2 2 10 4 6203 6204 3470
8040 2 2 10 4 3805 4965 4319
8041 2 2 10 4 4525 6018 4524
8042 2 2 10 4 2433 2565 2564
8043 2 2 10 4 4467 4468 3433
8044 2 2 10 4 3848 4601 3480
8045 2 2 10 4 4343 4771 3868
8046 2 2 10 4 4622 4623 4621
8047 2 2 10 4 3063 3064 3062
8048 2 2 10 4 2682 2884 2681
8049 2 2 10 4 2818 2819 2816
8050 2 2 10 4 2820 2822 2819
8051 2 2 10 4 2856 3258 2859
8052 2 2 10 4 2899 2900 2898
8053 2 2 10 4 3070 4286 3497
8054 2 2 10 4 3176 3900 3354
8055 2 2 10 4 3733 4301 3503
8056 2 2 10 4 3769 3770 3768
8057 2 2 10 4 4373 4375 4374
8058 2 2 10 4 6139 6150 6138
8059 2 2 10 4 2614 2957 2082
8060 2 2 10 4 3711 4118 3710
8061 2 2 10 4 2590 3213 2588
8062 2 2 10 4 3215 3340 2729
8063 2 2 10 4 2794 4057 3200
8064 2 2 10 4 3155 6138 3156
8065 2 2 10 4 3467 4424 4117
8066 2 2 10 4 4238 4240 4239
8067 2 2 10 4 2060 2061 1977
8068 2 2 10 4 2062 2063 2061
8069 2 2 10 4 3773 3814 3813
8070 2 2 10 4 4325 4327 4326
8071 2 2 10 4 2579 2580 2063
8072 2 2 10 4 2583 2584 2582
8073 2 2 10 4 2587 2589 2588
8074 2 2 10 4 839 6193 837
8075 2 2 10 4 2902 2905 2904
8076 2 2 10 4 4057 4058 3200
8077 2 2 10 4 3736 3737 3734
8078 2 2 10 4 3836 6081 6080
8079 2 2 10 4 1515 6167 1513
8080 2 2 10 4 2591 3040 2593
8081 2 2 10 4 2951 3060 2689
8082 2 2 10 4 2782 3384 3061
8083 2 2 10 4 2834 2836 2835
8084 2 2 10 4 2838 2871 2840
8085 2 2 10 4 3451 3782 3060
8086 2 2 10 4 3696 3777 3692
8087 2 2 10 4 3492 4621 3603
8088 2 2 10 4 3685 4061 3686
8089 2 2 10 4 4600 6237 4843
8090 2 2 10 4 833 835 834
8091 2 2 10 4 2584 3032 2582
8092 2 2 10 4 2827 3044 3043
8093 2 2 10 4 3377 3378 3376
8094 2 2 10 4 4873 6179 3480
8095 2 2 10 4 3492 4622 4621
8096 2 2 10 4 4727 6268 3644
8097 2 2 10 4 4344 4522 4345
8098 2 2 10 4 4834 4836 4835
8099 2 2 10 4 2914 6173 3187
8100 2 2 10 4 2824 3152 2825
8101 2 2 10 4 3155 6175 6139
8102 2 2 10 4 4058 4059 3200
8103 2 2 10 4 3377 6069 3379
8104 2 2 10 4 3596 4694 3598
8105 2 2 10 4 4428 4575 3597
8106 2 2 10 4 4710 4849 4711
8107 2 2 10 4 3172 3467 3466
8108 2 2 10 4 3280 6074 3279
8109 2 2 10 4 4551 4552 4209
8110 2 2 10 4 1513 1519 1506
8111 2 2 10 4 2618 6196 2663
8112 2 2 10 4 2914 3176 2915
8113 2 2 10 4 3218 3520 2957
8114 2 2 10 4 3675 6067 4215
8115 2 2 10 4 4846 6105 3676
8116 2 2 10 4 3806 6164 3808
8117 2 2 10 4 4955 4956 4623
8118 2 2 10 4 2577 6168 3685
8119 2 2 10 4 3171 3540 2906
8120 2 2 10 4 2907 6239 3172
8121 2 2 10 4 3467 4117 3974
8122 2 2 10 4 1936 6185 1937
8123 2 2 10 4 3117 6221 2692
8124 2 2 10 4 2697 2699 2698
8125 2 2 10 4 3768 6202 3766
8126 2 2 10 4 6075 6215 6137
8127 2 2 10 4 1964 6157 1965
8128 2 2 10 4 2828 6206 1975
8129 2 2 10 4 2595 3312 2672
8130 2 2 10 4 2851 2853 2852
8131 2 2 10 4 3477 4462 3678
8132 2 2 10 4 3672 6085 3673
8133 2 2 10 4 4648 4650 4649
8134 2 2 10 4 3437 4190 3436
8135 2 2 10 4 3660 4289 3662
8136 2 2 10 4 4830 4832 4831
8137 2 2 10 4 4271 4272 3742
8138 2 2 10 4 3808 4236 4235
8139 2 2 10 4 4237 4238 4236
8140 2 2 10 4 3242 3243 3049
8141 2 2 10 4 3766 6202 3797
8142 2 2 10 4 2663 2743 2742
8143 2 2 10 4 2753 2793 2792
8144 2 2 10 4 2794 2795 2793
8145 2 2 10 4 2840 2842 2841
8146 2 2 10 4 3586 3795 3585
8147 2 2 10 4 3681 3684 3683
8148 2 2 10 4 3855 4944 3853
8149 2 2 10 4 830 831 829
8150 2 2 10 4 2060 2062 2061
8151 2 2 10 4 2805 2807 2806
8152 2 2 10 4 3290 6189 2805
8153 2 2 10 4 3175 3506 3505
8154 2 2 10 4 4409 4663 3699
8155 2 2 10 4 4680 4681 4336
8156 2 2 10 4 2585 3162 2587
8157 2 2 10 4 3985 4555 3983
8158 2 2 10 4 2042 6177 2044
8159 2 2 10 4 2746 6161 2743
8160 2 2 10 4 2752 3386 2750
8161 2 2 10 4 2810 2811 2808
8162 2 2 10 4 3330 6263 3075
8163 2 2 10 4 3669 3890 3671
8164 2 2 10 4 3709 6232 4384
8165 2 2 10 4 4307 4343 3868
8166 2 2 10 4 1541 1552 1551
8167 2 2 10 4 2614 3218 2957
8168 2 2 10 4 3359 6096 2890
8169 2 2 10 4 3410 3531 3409
8170 2 2 10 4 6099 6246 6133
8171 2 2 10 4 1977 2828 1975
8172 2 2 10 4 2845 3695 2846
8173 2 2 10 4 4463 6088 3678
8174 2 2 10 4 3077 3380 3141
8175 2 2 10 4 2454 2873 2456
8176 2 2 10 4 2925 3008 2703
8177 2 2 10 4 3707 6258 3695
8178 2 2 10 4 3797 6180 3764
8179 2 2 10 4 4098 6198 3815
8180 2 2 10 4 1937 6185 1942
8181 2 2 10 4 2676 6158 2678
8182 2 2 10 4 2680 6197 2682
8183 2 2 10 4 2884 3436 2681
8184 2 2 10 4 2817 2818 2816
8185 2 2 10 4 2982 3279 2962
8186 2 2 10 4 3854 6115 3856
8187 2 2 10 4 3773 3813 3812
8188 2 2 10 4 6134 6170 3852
8189 2 2 10 4 2182 6187 2669
8190 2 2 10 4 2891 2910 2893
8191 2 2 10 4 4138 4292 4291
8192 2 2 10 4 2183 6194 3215
8193 2 2 10 4 2749 2751 2750
8194 2 2 10 4 2797 2799 2798
8195 2 2 10 4 4325 4672 4327
8196 2 2 10 4 4325 6198 4672
8197 2 2 10 4 3321 6249 4250
8198 2 2 10 4 4301 6203 3503
8199 2 2 10 4 3863 6223 3956
8200 2 2 10 4 4724 4728 4725
8201 2 2 10 4 2743 6161 2742
8202 2 2 10 4 2783 6217 3696
8203 2 2 10 4 2853 2856 2854
8204 2 2 10 4 3879 4296 3133
8205 2 2 10 4 4864 4865 4846
8206 2 2 10 4 2701 2706 2705
8207 2 2 10 4 1973 6207 1971
8208 2 2 10 4 3437 4423 4422
8209 2 2 10 4 3879 4297 4296
8210 2 2 10 4 2681 6236 2679
8211 2 2 10 4 828 829 827
8212 2 2 10 4 833 836 835
8213 2 2 10 4 2041 2927 2042
8214 2 2 10 4 2182 2669 2043
8215 2 2 10 4 2734 2735 2711
8216 2 2 10 4 3865 6223 3863
8217 2 2 10 4 4832 4833 4831
8218 2 2 10 4 2805 2806 2804
8219 2 2 10 4 2807 2808 2806
8220 2 2 10 4 3660 3662 3661
8221 2 2 10 4 3697 3698 3152
8222 2 2 10 4 2044 2733 2183
8223 2 2 10 4 2591 2593 2592
8224 2 2 10 4 3676 6105 3674
8225 2 2 10 4 2565 2567 2566
8226 2 2 10 4 3374 3480 3375
8227 2 2 10 4 2817 3225 2821
8228 2 2 10 4 3476 4189 3891
8229 2 2 10 4 4771 6223 3868
8230 2 2 10 4 3072 6225 1242
8231 2 2 10 4 3795 4569 3585
8232 2 2 10 4 4834 4837 4836
8233 2 2 10 4 3467 3974 3466
8234 2 2 10 4 2886 6197 3680
8235 2 2 10 4 3520 3521 2957
8236 2 2 10 4 3697 6205 3700
8237 2 2 10 4 2797 3146 2799
8238 2 2 10 4 2885 6132 2884
8239 2 2 10 4 6192 6193 4285
8240 2 2 10 4 3669 6207 4283
8241 2 2 10 4 2733 6194 2183
8242 2 2 10 4 4345 6228 4240
8243 2 2 10 4 1975 6206 1973
8244 2 2 10 4 2682 6197 2886
8245 2 2 10 4 3697 3700 3698
8246 2 2 10 4 3764 6180 3762
8247 2 2 10 4 3808 4237 4236
8248 2 2 10 4 3375 3377 3376
8249 2 2 10 4 3378 3643 3376
8250 2 2 10 4 2846 2848 2847
8251 2 2 10 4 3477 4464 4462
8252 2 2 10 4 4199 4976 4975
8253 2 2 10 4 4956 4957 4623
8254 2 2 10 4 4680 4830 4829
8255 2 2 10 4 2708 6151 2709
8256 2 2 10 4 3042 3836 3265
8257 2 2 10 4 3244 6162 3049
8258 2 2 10 4 2747 2748 2746
8259 2 2 10 4 2818 2820 2819
8260 2 2 10 4 2961 3321 3293
8261 2 2 10 4 3323 3409 3322
8262 2 2 10 4 3048 3049 2735
8263 2 2 10 4 2697 2698 2696
8264 2 2 10 4 6159 6188 2683
8265 2 2 10 4 3688 6169 2432
8266 2 2 10 4 2836 6154 2838
8267 2 2 10 4 2838 6154 2871
8268 2 2 10 4 3243 3343 3245
8269 2 2 10 4 6218 6243 3705
8270 2 2 10 4 2800 6123 3119
8271 2 2 10 4 2847 6090 2844
8272 2 2 10 4 2902 2904 2903
8273 2 2 10 4 3782 4279 3060
8274 2 2 10 4 3594 3596 3595
8275 2 2 10 4 3596 3598 3597
8276 2 2 10 4 2832 2925 2703
8277 2 2 10 4 2851 6208 2858
8278 2 2 10 4 3836 6080 6079
8279 2 2 10 4 3060 6213 2689
8280 2 2 10 4 3062 6193 842
8281 2 2 10 4 1552 1553 1551
8282 2 2 10 4 1591 6216 1592
8283 2 2 10 4 2564 6218 2782
8284 2 2 10 4 2690 6221 2951
8285 2 2 10 4 4279 6213 3060
8286 2 2 10 4 3892 6225 3209
8287 2 2 10 4 3175 3505 3174
8288 2 2 10 4 3598 4428 3597
8289 2 2 10 4 3701 4540 4140
8290 2 2 10 4 2453 2454 1229
8291 2 2 10 4 3691 6157 1964
8292 2 2 10 4 3708 4338 4337
8293 2 2 10 4 6091 6268 4727
8294 2 2 10 4 3712 4085 3711
8295 2 2 10 4 2927 6177 2042
8296 2 2 10 4 2751 6199 2753
8297 2 2 10 4 6154 6257 2871
8298 2 2 10 4 2871 6235 2840
8299 2 2 10 4 3702 3703 3507
8300 2 2 10 4 3289 6161 2746
8301 2 2 10 4 3343 3604 3344
8302 2 2 10 4 4340 5953 3648
8303 2 2 10 4 2981 2982 2962
8304 2 2 10 4 6158 6159 2683
8305 2 2 10 4 3706 6241 3708
8306 2 2 10 4 6235 6241 3706
8307 2 2 10 4 6127 6210 6134
8308 2 2 10 4 4523 4524 4345
8309 2 2 10 4 2832 3475 2940
8310 2 2 10 4 2888 6132 2885
8311 2 2 10 4 6112 6244 2889
8312 2 2 10 4 3852 6170 3854
8313 2 2 10 4 4892 4893 4891
8314 2 2 10 4 4832 4834 4833
8315 2 2 10 4 2679 6236 3028
8316 2 2 10 4 3594 6211 3596
8317 2 2 10 4 3694 6177 2927
8318 2 2 10 4 3063 6246 3066
8319 2 2 10 4 2825 6262 2827
8320 2 2 10 4 3531 4370 3409
8321 2 2 10 4 3672 6246 6099
8322 2 2 10 4 4694 4932 3598
8323 2 2 10 4 1601 6214 1599
8324 2 2 10 4 2566 6218 2564
8325 2 2 10 4 2961 3293 2632
8326 2 2 10 4 2855 6222 2850
8327 2 2 10 4 2454 2456 2455
8328 2 2 10 4 3664 4263 3663
8329 2 2 10 4 6118 6120 6103
8330 2 2 10 4 2794 6199 4057
8331 2 2 10 4 2825 2827 2826
8332 2 2 10 4 3436 6236 2681
8333 2 2 10 4 4382 6190 2903
8334 2 2 10 4 3584 3585 3531
8335 2 2 10 4 2689 6213 2673
8336 2 2 10 4 2951 6221 3701
8337 2 2 10 4 3645 4722 3644
8338 2 2 10 4 6205 6240 3700
8339 2 2 10 4 3226 6205 2821
8340 2 2 10 4 3805 3806 3314
8341 2 2 10 4 4199 4977 4976
8342 2 2 10 4 4679 4680 4336
8343 2 2 10 4 6075 6076 6074
8344 2 2 10 4 2678 6158 2683
8345 2 2 10 4 2813 6148 3150
8346 2 2 10 4 4054 6272 6248
8347 2 2 10 4 3175 4282 3506
8348 2 2 10 4 3193 6160 2835
8349 2 2 10 4 2753 6199 2794
8350 2 2 10 4 4059 6231 3200
8351 2 2 10 4 1613 6229 1615
8352 2 2 10 4 2777 6243 6218
8353 2 2 10 4 1995 6229 1613
8354 2 2 10 4 2454 2455 1229
8355 2 2 10 4 2066 6246 3063
8356 2 2 10 4 4283 6234 4284
8357 2 2 10 4 3279 6249 2962
8358 2 2 10 4 6137 6215 4683
8359 2 2 10 4 4724 4900 4728
8360 2 2 10 4 6175 6220 6139
8361 2 2 10 4 3672 6099 6085
8362 2 2 10 4 2835 6160 2741
8363 2 2 10 4 6249 6261 4250
8364 2 2 10 4 4238 4344 4240
8365 2 2 10 4 1599 6214 1623
8366 2 2 10 4 3343 3642 3604
8367 2 2 10 4 2777 6218 2566
8368 2 2 10 4 2809 6148 2810
8369 2 2 10 4 2735 6162 6073
8370 2 2 10 4 6196 6238 4288
8371 2 2 10 4 2972 6123 2802
8372 2 2 10 4 2889 6244 2891
8373 2 2 10 4 4552 6226 4209
8374 2 2 10 4 4280 6237 6131
8375 2 2 10 4 5859 5903 5858
8376 2 2 10 4 6176 6220 6175
8377 2 2 10 4 4683 6215 3807
8378 2 2 10 4 6131 6243 2777
8379 2 2 10 4 4285 6193 3062
8380 2 2 10 4 2845 6235 3706
8381 2 2 10 4 2754 6238 2616
8382 2 2 10 4 3064 6251 4285
8383 2 2 10 4 843 6133 2066
8384 2 2 10 4 2632 6260 2455
8385 2 2 10 4 3162 6145 2587
8386 2 2 10 4 6209 6229 4286
8387 2 2 10 4 6105 6129 3674
8388 2 2 10 4 3648 6163 6162
8389 2 2 10 4 6206 6207 1973
8390 2 2 10 4 3705 6243 4600
8391 2 2 10 4 2818 6230 2820
8392 2 2 10 4 4191 6236 3436
8393 2 2 10 4 4569 6255 3585
8394 2 2 10 4 2616 6238 2618
8395 2 2 10 4 845 6133 843
8396 2 2 10 4 2940 6253 3042
8397 2 2 10 4 2871 6241 6235
8398 2 2 10 4 2802 6123 2800
8399 2 2 10 4 2819 6129 2816
8400 2 2 10 4 3373 6227 3372
8401 2 2 10 4 2828 6234 6206
8402 2 2 10 4 3032 6233 2582
8403 2 2 10 4 2675 6209 3070
8404 2 2 10 4 837 6193 6192
8405 2 2 10 4 2891 6244 2910
8406 2 2 10 4 4722 4727 3644
8407 2 2 10 4 2665 6254 2664
8408 2 2 10 4 2618 6238 6196
8409 2 2 10 4 3596 6211 4694
8410 2 2 10 4 3476 4615 4189
8411 2 2 10 4 2981 6242 2982
8412 2 2 10 4 4283 6207 6206
8413 2 2 10 4 2871 6257 6241
8414 2 2 10 4 2080 6216 1591
8415 2 2 10 4 2810 6148 2813
8416 2 2 10 4 6206 6234 4283
8417 2 2 10 4 3708 6241 4338
8418 2 2 10 4 6058 6267 4093
8419 2 2 10 4 3415 6117 2826
8420 2 2 10 4 2858 6258 6226
8421 2 2 10 4 3070 6209 4286
8422 2 2 10 4 2455 6260 6252
8423 2 2 10 4 6247 6266 3258
8424 2 2 10 4 6162 6163 6073
8425 2 2 10 4 835 6192 1227
8426 2 2 10 4 6262 6271 6104
8427 2 2 10 4 2580 6233 3022
8428 2 2 10 4 2614 6252 6058
8429 2 2 10 4 2195 6264 1959
8430 2 2 10 4 4121 6216 2080
8431 2 2 10 4 3984 6240 3226
8432 2 2 10 4 1408 6201 2602
8433 2 2 10 4 3049 6162 2735
8434 2 2 10 4 4240 6228 4581
8435 2 2 10 4 3077 6263 3380
8436 2 2 10 4 2582 6233 2580
8437 2 2 10 4 3712 6116 4085
8438 2 2 10 4 6063 6268 6091
8439 2 2 10 4 1959 6264 2631
8440 2 2 10 4 1628 6256 1404
8441 2 2 10 4 3674 6129 2819
8442 2 2 10 4 4663 6271 3699
8443 2 2 10 4 2827 6262 6104
8444 2 2 10 4 6155 6257 6154
8445 2 2 10 4 2804 6219 2972
8446 2 2 10 4 2806 6219 2804
8447 2 2 10 4 3226 6240 6205
8448 2 2 10 4 2982 6242 3281
8449 2 2 10 4 2667 6248 2832
8450 2 2 10 4 837 6192 835
8451 2 2 10 4 3585 6255 3531
8452 2 2 10 4 1403 6259 1401
8453 2 2 10 4 3710 6264 2710
8454 2 2 10 4 3152 6262 2825
8455 2 2 10 4 5953 6163 3648
8456 2 2 10 4 1404 6256 1408
8457 2 2 10 4 3751 6275 3780
8458 2 2 10 4 3380 6263 4402
8459 2 2 10 4 2458 6259 1403
8460 2 2 10 4 6104 6271 3848
8461 2 2 10 4 3475 6253 2940
8462 2 2 10 4 2832 6248 3475
8463 2 2 10 4 1227 6250 3660
8464 2 2 10 4 3293 6260 2632
8465 2 2 10 4 6241 6257 4338
8466 2 2 10 4 2710 6264 2195
8467 2 2 10 4 3655 6265 4767
8468 2 2 10 4 3778 6265 3655
8469 2 2 10 4 2977 6287 2716
8470 2 2 10 4 3469 6276 3501
8471 2 2 10 4 4209 6258 3707
8472 2 2 10 4 3531 6255 4370
8473 2 2 10 4 3699 6262 3152
8474 2 2 10 4 6074 6261 3279
8475 2 2 10 4 6248 6272 3475
8476 2 2 10 4 6076 6261 6074
8477 2 2 10 4 3660 6250 4289
8478 2 2 10 4 6260 6267 6058
8479 2 2 10 4 2858 6247 2853
8480 2 2 10 4 6252 6260 6058
8481 2 2 10 4 6226 6258 4209
8482 2 2 10 4 3754 6275 3751
8483 2 2 10 4 6250 6251 4289
8484 2 2 10 4 6205 6230 2821
8485 2 2 10 4 3279 6261 6249
8486 2 2 10 4 2821 6230 2818
8487 2 2 10 4 4552 6266 6226
8488 2 2 10 4 3344 6268 6063
8489 2 2 10 4 2856 6247 3258
8490 2 2 10 4 4248 6267 3293
8491 2 2 10 4 1408 6256 6201
8492 2 2 10 4 3293 6267 6260
8493 2 2 10 4 1499 6277 1497
8494 2 2 10 4 6253 6273 6081
8495 2 2 10 4 2853 6247 2856
8496 2 2 10 4 3597 6269 3595
8497 2 2 10 4 1409 6299 2761
8498 2 2 10 4 2703 6254 2665
8499 2 2 10 4 3008 6254 2703
8500 2 2 10 4 3784 6275 3754
8501 2 2 10 4 6272 6273 3475
8502 2 2 10 4 3501 6276 4898
8503 2 2 10 4 4575 6269 3597
8504 2 2 10 4 1505 6277 1499
8505 2 2 10 4 3475 6273 6253
8506 2 2 10 4 3983 6274 3984
8507 2 2 10 4 4555 6274 3983
8508 2 2 10 4 3816 6284 3120
8509 2 2 10 4 1567 6303 1568
8510 2 2 10 4 3860 6278 4295
8511 2 2 10 4 6278 6294 2036
8512 2 2 10 4 6289 6294 6115
8513 2 2 10 4 3729 6281 4156
8514 2 2 10 4 2254 6282 3368
8515 2 2 10 4 1593 6279 1590
8516 2 2 10 4 3194 6280 2617
8517 2 2 10 4 1397 6305 1395
8518 2 2 10 4 3731 6281 3729
8519 2 2 10 4 2608 6280 2607
8520 2 2 10 4 2435 6282 2254
8521 2 2 10 4 3121 6284 3134
8522 2 2 10 4 2607 6280 3713
8523 2 2 10 4 2075 6291 6286
8524 2 2 10 4 4563 6300 6295
8525 2 2 10 4 6286 6291 3725
8526 2 2 10 4 3858 6278 3860
8527 2 2 10 4 1242 6283 1190
8528 2 2 10 4 3220 6285 823
8529 2 2 10 4 1190 6283 1192
8530 2 2 10 4 1192 6283 2453
8531 2 2 10 4 2617 6280 2608
8532 2 2 10 4 2075 6279 1593
8533 2 2 10 4 4454 6281 3731
8534 2 2 10 4 3388 6282 2435
8535 2 2 10 4 3721 6286 3725
8536 2 2 10 4 6225 6283 1242
8537 2 2 10 4 3134 6284 6176
8538 2 2 10 4 4291 6288 3892
8539 2 2 10 4 3470 6287 2977
8540 2 2 10 4 2036 6289 2016
8541 2 2 10 4 2078 6289 6115
8542 2 2 10 4 1962 6292 1938
8543 2 2 10 4 6283 6288 2453
8544 2 2 10 4 6053 6285 3220
8545 2 2 10 4 2016 6289 2020
8546 2 2 10 4 6225 6288 6283
8547 2 2 10 4 2036 6294 6289
8548 2 2 10 4 3856 6294 3858
8549 2 2 10 4 1938 6292 1958
8550 2 2 10 4 2454 6293 2873
8551 2 2 10 4 3715 6286 3721
8552 2 2 10 4 6293 6298 2873
8553 2 2 10 4 4100 6300 4638
8554 2 2 10 4 6119 6291 2075
8555 2 2 10 4 4563 6295 6072
8556 2 2 10 4 6204 6287 3470
8557 2 2 10 4 3892 6288 6225
8558 2 2 10 4 6279 6286 3715
8559 2 2 10 4 2075 6286 6279
8560 2 2 10 4 2761 6299 3149
8561 2 2 10 4 4291 6293 6288
8562 2 2 10 4 2020 6289 2078
8563 2 2 10 4 3086 6312 3088
8564 2 2 10 4 3746 6311 3745
8565 2 2 10 4 3725 6291 4100
8566 2 2 10 4 1958 6292 2762
8567 2 2 10 4 1922 6296 1921
8568 2 2 10 4 2453 6293 2454
8569 2 2 10 4 6115 6294 3856
8570 2 2 10 4 3816 6290 6284
8571 2 2 10 4 6284 6290 6176
8572 2 2 10 4 4291 6298 6293
8573 2 2 10 4 6288 6293 2453
8574 2 2 10 4 3752 6301 3748
8575 2 2 10 4 3622 6297 3094
8576 2 2 10 4 6072 6295 6119
8577 2 2 10 4 3094 6297 3263
8578 2 2 10 4 1932 6296 1922
8579 2 2 10 4 3748 6301 3750
8580 2 2 10 4 6119 6295 6291
8581 2 2 10 4 6291 6295 4100
8582 2 2 10 4 4292 6298 4291
8583 2 2 10 4 3149 6299 3726
8584 2 2 10 4 2015 6302 2081
8585 2 2 10 4 3010 6316 2258
8586 2 2 10 4 4946 6300 4563
8587 2 2 10 4 2019 6302 2015
8588 2 2 10 4 2079 6303 3716
8589 2 2 10 4 1568 6303 1589
8590 2 2 10 4 1495 6304 1508
8591 2 2 10 4 3750 6301 4048
8592 2 2 10 4 1401 6305 1397
8593 2 2 10 4 1497 6304 1495
8594 2 2 10 4 1187 6308 4293
8595 2 2 10 4 2035 6302 2019
8596 2 2 10 4 1589 6303 2079
8597 2 2 10 4 2039 6320 2038
8598 2 2 10 4 6277 6304 1497
8599 2 2 10 4 6259 6305 1401
8600 2 2 10 4 3011 6309 3456
8601 2 2 10 4 2208 6324 2259
8602 2 2 10 4 2036 6307 6278
8603 2 2 10 4 2446 6306 2615
8604 2 2 10 4 1191 6308 1188
8605 2 2 10 4 6308 6310 4293
8606 2 2 10 4 3013 6309 3011
8607 2 2 10 4 2957 6310 2082
8608 2 2 10 4 2615 6306 3717
8609 2 2 10 4 6278 6307 4295
8610 2 2 10 4 2094 6333 2084
8611 2 2 10 4 3456 6309 4386
8612 2 2 10 4 2082 6308 1191
8613 2 2 10 4 3088 6312 3362
8614 2 2 10 4 3749 6311 3746
8615 2 2 10 4 3122 6309 3013
8616 2 2 10 4 2029 6344 6343
8617 2 2 10 4 3521 6310 2957
8618 2 2 10 4 3718 6314 3262
8619 2 2 10 4 4293 6313 4294
8620 2 2 10 4 1189 6315 3071
8621 2 2 10 4 2715 6314 2714
8622 2 2 10 4 2212 6317 3361
8623 2 2 10 4 3457 6316 3010
8624 2 2 10 4 2714 6314 2976
8625 2 2 10 4 2252 6317 2212
8626 2 2 10 4 3362 6312 4308
8627 2 2 10 4 3780 6311 3749
8628 2 2 10 4 6310 6313 4293
8629 2 2 10 4 3262 6314 2715
8630 2 2 10 4 1565 6326 2090
8631 2 2 10 4 3719 6328 6320
8632 2 2 10 4 5084 5086 5085
8633 2 2 10 4 3521 6313 6310
8634 2 2 10 4 3071 6315 4298
8635 2 2 10 4 4388 6316 3457
8636 2 2 10 4 4768 6318 3718
8637 2 2 10 4 3368 6317 2252
8638 2 2 10 4 3718 6318 6314
8639 2 2 10 4 2919 6319 2779
8640 2 2 10 4 6314 6318 2976
8641 2 2 10 4 3719 6320 2947
8642 2 2 10 4 2779 6319 3214
8643 2 2 10 4 2445 6320 2039
8644 2 2 10 4 2976 6318 3468
8645 2 2 10 4 4206 6322 3278
8646 2 2 10 4 3124 6325 2211
8647 2 2 10 4 1392 6345 1388
8648 2 2 10 4 3278 6322 3739
8649 2 2 10 4 2259 6324 3012
8650 2 2 10 4 1587 6326 1566
8651 2 2 10 4 2211 6325 2213
8652 2 2 10 4 6320 6328 2038
8653 2 2 10 4 2085 6329 1492
8654 2 2 10 4 2912 6327 2911
8655 2 2 10 4 3722 6334 6332
8656 2 2 10 4 1492 6329 1494
8657 2 2 10 4 6322 6323 4626
8658 2 2 10 4 3214 6319 3878
8659 2 2 10 4 2911 6327 3316
8660 2 2 10 4 2947 6320 2445
8661 2 2 10 4 5084 5085 5083
8662 2 2 10 4 3246 6321 3014
8663 2 2 10 4 3014 6321 3364
8664 2 2 10 4 3739 6322 4626
8665 2 2 10 4 4296 6341 6340
8666 2 2 10 4 3012 6324 3365
8667 2 2 10 4 1395 6330 1394
8668 2 2 10 4 2213 6325 3307
8669 2 2 10 4 3720 6326 1587
8670 2 2 10 4 4353 6327 2912
8671 2 2 10 4 1394 6330 1409
8672 2 2 10 4 3846 6328 3719
8673 2 2 10 4 2716 6333 2094
8674 2 2 10 4 1183 6331 1180
8675 2 2 10 4 1494 6329 1558
8676 2 2 10 4 1409 6330 6299
8677 2 2 10 4 3722 6332 3720
8678 2 2 10 4 6332 6334 2879
8679 2 2 10 4 6305 6330 1395
8680 2 2 10 4 1193 6331 1183
8681 2 2 10 4 6335 6336 3866
8682 2 2 10 4 6305 6337 6330
8683 2 2 10 4 6330 6337 6299
8684 2 2 10 4 3727 6341 4460
8685 2 2 10 4 2090 6332 2879
8686 2 2 10 4 6287 6333 2716
8687 2 2 10 4 3720 6332 6326
8688 2 2 10 4 6326 6332 2090
8689 2 2 10 4 3724 6334 3722
8690 2 2 10 4 3864 6335 3866
8691 2 2 10 4 5082 5084 5083
8692 2 2 10 4 5083 5087 5078
8693 2 2 10 4 6259 6337 6305
8694 2 2 10 4 2180 6355 3082
8695 2 2 10 4 6299 6337 3726
8696 2 2 10 4 4296 6340 6106
8697 2 2 10 4 6259 6339 6337
8698 2 2 10 4 6337 6339 3726
8699 2 2 10 4 2576 6338 4339
8700 2 2 10 4 2458 6339 6259
8701 2 2 10 4 2780 6338 2576
8702 2 2 10 4 3726 6339 3727
8703 2 2 10 4 2029 6343 2010
8704 2 2 10 4 6307 6343 4295
8705 2 2 10 4 3084 6342 3085
8706 2 2 10 4 2010 6343 2012
8707 2 2 10 4 2458 6340 6339
8708 2 2 10 4 6339 6340 3727
8709 2 2 10 4 6349 6352 4298
8710 2 2 10 4 3087 6342 3084
8711 2 2 10 4 6106 6340 2458
8712 2 2 10 4 4295 6344 3862
8713 2 2 10 4 6335 6344 2029
8714 2 2 10 4 3864 6344 6335
8715 2 2 10 4 3090 6342 3087
8716 2 2 10 4 4297 6341 4296
8717 2 2 10 4 6384 6387 4302
8718 2 2 10 4 1398 6345 1392
8719 2 2 10 4 3085 6342 3747
8720 2 2 10 4 4582 6346 814
8721 2 2 10 4 3741 6389 6386
8722 2 2 10 4 2012 6343 6307
8723 2 2 10 4 5082 5083 5078
8724 2 2 10 4 814 6346 816
8725 2 2 10 4 3862 6344 3864
8726 2 2 10 4 3079 6345 1398
8727 2 2 10 4 2030 6347 2032
8728 2 2 10 4 1182 6349 1175
8729 2 2 10 4 816 6346 4342
8730 2 2 10 4 2038 6347 2030
8731 2 2 10 4 6315 6349 4298
8732 2 2 10 4 1175 6349 1181
8733 2 2 10 4 3728 6351 2913
8734 2 2 10 4 1182 6352 6349
8735 2 2 10 4 2640 6351 2639
8736 2 2 10 4 2207 6353 2209
8737 2 2 10 4 2006 6361 2008
8738 2 2 10 4 2639 6351 3277
8739 2 2 10 4 6328 6347 2038
8740 2 2 10 4 2258 6353 2207
8741 2 2 10 4 5077 5082 5078
8742 2 2 10 4 3083 6350 3081
8743 2 2 10 4 1906 6376 1905
8744 2 2 10 4 1181 6349 6315
8745 2 2 10 4 1563 6377 1526
8746 2 2 10 4 6316 6353 2258
8747 2 2 10 4 3745 6350 3083
8748 2 2 10 4 2913 6351 2640
8749 2 2 10 4 4298 6352 4541
8750 2 2 10 4 3082 6355 3086
8751 2 2 10 4 2209 6353 3124
8752 2 2 10 4 1607 6358 1606
8753 2 2 10 4 2626 6354 2627
8754 2 2 10 4 2881 6360 2022
8755 2 2 10 4 4156 6356 3728
8756 2 2 10 4 2629 6354 2626
8757 2 2 10 4 6316 6357 6353
8758 2 2 10 4 1606 6358 2575
8759 2 2 10 4 6335 6361 6336
8760 2 2 10 4 2443 6360 3732
8761 2 2 10 4 3728 6356 6351
8762 2 2 10 4 1174 6362 1177
8763 2 2 10 4 2022 6360 2031
8764 2 2 10 4 6353 6357 3124
8765 2 2 10 4 2084 6359 1911
8766 2 2 10 4 3015 6354 2629
8767 2 2 10 4 1180 6362 1174
8768 2 2 10 4 1911 6359 1913
8769 2 2 10 4 6351 6356 3277
8770 2 2 10 4 2627 6354 4055
8771 2 2 10 4 2008 6361 2029
8772 2 2 10 4 3086 6355 6312
8773 2 2 10 4 1536 6363 1488
8774 2 2 10 4 3277 6356 4206
8775 2 2 10 4 4388 6357 6316
8776 2 2 10 4 1913 6359 1919
8777 2 2 10 4 6369 6372 6185
8778 2 2 10 4 1488 6363 1490
8779 2 2 10 4 2575 6358 2919
8780 2 2 10 4 6333 6359 2084
8781 2 2 10 4 2031 6360 2443
8782 2 2 10 4 5077 5078 5069
8783 2 2 10 4 6204 6364 6287
8784 2 2 10 4 2029 6361 6335
8785 2 2 10 4 6331 6362 1180
8786 2 2 10 4 6359 6364 1919
8787 2 2 10 4 6371 6375 4299
8788 2 2 10 4 6333 6364 6359
8789 2 2 10 4 1530 6436 1534
8790 2 2 10 4 1920 6366 1930
8791 2 2 10 4 1490 6363 2085
8792 2 2 10 4 6366 6367 1930
8793 2 2 10 4 6287 6364 6333
8794 2 2 10 4 4301 6367 6203
8795 2 2 10 4 4156 6365 6356
8796 2 2 10 4 6204 6366 6364
8797 2 2 10 4 6356 6365 4206
8798 2 2 10 4 1931 6368 1936
8799 2 2 10 4 6368 6369 1936
8800 2 2 10 4 1919 6366 1920
8801 2 2 10 4 6204 6367 6366
8802 2 2 10 4 6364 6366 1919
8803 2 2 10 4 4301 6368 6367
8804 2 2 10 4 2065 6371 6217
8805 2 2 10 4 3734 6372 3733
8806 2 2 10 4 5067 5077 5069
8807 2 2 10 4 1936 6369 6185
8808 2 2 10 4 6203 6367 6204
8809 2 2 10 4 1942 6374 6128
8810 2 2 10 4 1930 6368 1931
8811 2 2 10 4 2007 6370 2005
8812 2 2 10 4 4301 6369 6368
8813 2 2 10 4 6367 6368 1930
8814 2 2 10 4 6374 6375 6128
8815 2 2 10 4 1912 6376 1906
8816 2 2 10 4 6128 6375 2065
8817 2 2 10 4 3733 6369 4301
8818 2 2 10 4 2196 6377 1563
8819 2 2 10 4 2037 6370 2007
8820 2 2 10 4 3076 6378 3074
8821 2 2 10 4 6217 6371 3696
8822 2 2 10 4 3737 6372 3734
8823 2 2 10 4 3738 6388 6385
8824 2 2 10 4 6185 6374 1942
8825 2 2 10 4 6371 6373 3696
8826 2 2 10 4 1573 6379 1556
8827 2 2 10 4 3696 6373 3777
8828 2 2 10 4 2204 6380 3821
8829 2 2 10 4 2641 6379 3800
8830 2 2 10 4 3737 6375 6374
8831 2 2 10 4 2407 2411 2409
8832 2 2 10 4 1556 6379 1586
8833 2 2 10 4 4299 6375 3737
8834 2 2 10 4 3361 6380 2210
8835 2 2 10 4 2206 6380 2204
8836 2 2 10 4 6372 6374 6185
8837 2 2 10 4 2086 6376 1912
8838 2 2 10 4 3737 6374 6372
8839 2 2 10 4 4339 6377 2196
8840 2 2 10 4 6166 6378 3076
8841 2 2 10 4 5068 5070 5066
8842 2 2 10 4 5067 5069 5068
8843 2 2 10 4 5146 5888 5147
8844 2 2 10 4 1720 1722 1721
8845 2 2 10 4 1586 6379 2641
8846 2 2 10 4 2210 6380 2206
8847 2 2 10 4 1523 6437 1525
8848 2 2 10 4 1529 6384 4302
8849 2 2 10 4 1480 6381 1481
8850 2 2 10 4 1549 6385 2661
8851 2 2 10 4 1475 6414 1478
8852 2 2 10 4 6378 6387 3074
8853 2 2 10 4 2089 6384 1542
8854 2 2 10 4 3741 6386 2203
8855 2 2 10 4 3081 6381 1480
8856 2 2 10 4 3738 6385 2642
8857 2 2 10 4 1531 6384 1529
8858 2 2 10 4 1585 6385 1549
8859 2 2 10 4 2208 6386 6324
8860 2 2 10 4 3803 6517 4531
8861 2 2 10 4 2203 6386 2205
8862 2 2 10 4 2091 6387 2089
8863 2 2 10 4 4302 6387 6378
8864 2 2 10 4 6385 6388 2661
8865 2 2 10 4 6350 6381 3081
8866 2 2 10 4 6540 6922 4543
8867 2 2 10 4 6324 6389 3365
8868 2 2 10 4 2002 6463 2000
8869 2 2 10 4 6379 6382 3800
8870 2 2 10 4 5146 5147 5143
8871 2 2 10 4 5197 5199 5198
8872 2 2 10 4 5124 5126 5123
8873 2 2 10 4 5067 5068 5066
8874 2 2 10 4 1036 1038 1037
8875 2 2 10 4 4471 6668 4349
8876 2 2 10 4 3361 6383 6380
8877 2 2 10 4 1542 6384 1531
8878 2 2 10 4 1573 6382 6379
8879 2 2 10 4 2642 6385 1585
8880 2 2 10 4 6380 6383 3821
8881 2 2 10 4 2205 6386 2208
8882 2 2 10 4 3074 6387 2091
8883 2 2 10 4 4578 6726 6684
8884 2 2 10 4 6345 6411 6394
8885 2 2 10 4 3740 6388 3738
8886 2 2 10 4 3365 6389 4318
8887 2 2 10 4 2017 6391 2004
8888 2 2 10 4 1689 1690 1688
8889 2 2 10 4 4448 4449 3360
8890 2 2 10 4 6361 6391 6336
8891 2 2 10 4 1471 1473 1472
8892 2 2 10 4 2004 6391 2006
8893 2 2 10 4 1079 1080 1078
8894 2 2 10 4 4175 7041 4177
8895 2 2 10 4 6166 6393 6378
8896 2 2 10 4 2442 4317 2083
8897 2 2 10 4 4543 4544 4542
8898 2 2 10 4 2123 2124 2122
8899 2 2 10 4 1693 1694 1692
8900 2 2 10 4 990 991 989
8901 2 2 10 4 4287 4870 4869
8902 2 2 10 4 2358 7127 2389
8903 2 2 10 4 965 967 966
8904 2 2 10 4 2006 6391 6361
8905 2 2 10 4 4967 6925 4968
8906 2 2 10 4 691 5067 5066
8907 2 2 10 4 5008 5009 5007
8908 2 2 10 4 5197 5198 5196
8909 2 2 10 4 5143 5144 5142
8910 2 2 10 4 690 4998 4997
8911 2 2 10 4 5123 5125 5122
8912 2 2 10 4 631 5146 5143
8913 2 2 10 4 558 5124 5123
8914 2 2 10 4 701 5158 5157
8915 2 2 10 4 705 5163 5162
8916 2 2 10 4 699 5109 5108
8917 2 2 10 4 4988 4989 4987
8918 2 2 10 4 6345 6394 1388
8919 2 2 10 4 3742 6395 6166
8920 2 2 10 4 3059 3389 3058
8921 2 2 10 4 41 5709 40
8922 2 2 10 4 3242 6396 6062
8923 2 2 10 4 6062 6396 6061
8924 2 2 10 4 2032 6398 2021
8925 2 2 10 4 2326 2327 2324
8926 2 2 10 4 1384 6394 1383
8927 2 2 10 4 3096 5946 2160
8928 2 2 10 4 969 971 970
8929 2 2 10 4 6394 6411 3743
8930 2 2 10 4 1383 6394 3743
8931 2 2 10 4 1466 6399 1467
8932 2 2 10 4 1478 6414 2180
8933 2 2 10 4 1528 6393 2789
8934 2 2 10 4 1764 1765 1763
8935 2 2 10 4 4302 6393 1528
8936 2 2 10 4 6442 6452 5981
8937 2 2 10 4 3005 6659 3109
8938 2 2 10 4 1486 6413 1536
8939 2 2 10 4 3370 6399 1466
8940 2 2 10 4 4559 4560 4558
8941 2 2 10 4 1710 6397 1709
8942 2 2 10 4 1489 1509 1487
8943 2 2 10 4 6378 6393 4302
8944 2 2 10 4 6391 6398 6336
8945 2 2 10 4 3866 6416 3867
8946 2 2 10 4 1910 6417 2093
8947 2 2 10 4 2032 6416 6398
8948 2 2 10 4 1388 6394 1384
8949 2 2 10 4 1481 1483 1482
8950 2 2 10 4 4272 6395 3742
8951 2 2 10 4 1471 1472 1469
8952 2 2 10 4 5344 5884 2950
8953 2 2 10 4 2505 2507 2506
8954 2 2 10 4 5389 5390 5387
8955 2 2 10 4 1339 1341 1340
8956 2 2 10 4 1525 6437 1530
8957 2 2 10 4 6068 6396 3242
8958 2 2 10 4 1901 6417 1902
8959 2 2 10 4 2017 6398 6391
8960 2 2 10 4 2021 6398 2017
8961 2 2 10 4 2619 2620 2480
8962 2 2 10 4 1467 6399 1470
8963 2 2 10 4 5877 7221 5878
8964 2 2 10 4 2093 6423 2095
8965 2 2 10 4 4412 4501 4413
8966 2 2 10 4 4304 6417 1901
8967 2 2 10 4 3867 6424 4307
8968 2 2 10 4 1484 6413 1486
8969 2 2 10 4 1808 1810 1809
8970 2 2 10 4 2986 2987 2985
8971 2 2 10 4 2050 2051 1622
8972 2 2 10 4 3079 6411 6345
8973 2 2 10 4 6381 6413 1484
8974 2 2 10 4 6311 6427 3745
8975 2 2 10 4 3114 3573 3572
8976 2 2 10 4 1474 6414 1475
8977 2 2 10 4 2180 6414 6355
8978 2 2 10 4 6350 6413 6381
8979 2 2 10 4 920 922 921
8980 2 2 10 4 4230 7175 4847
8981 2 2 10 4 1224 1225 1223
8982 2 2 10 4 6413 6427 1536
8983 2 2 10 4 881 882 880
8984 2 2 10 4 3626 6418 1877
8985 2 2 10 4 6398 6416 6336
8986 2 2 10 4 3201 6615 2505
8987 2 2 10 4 2356 2358 2357
8988 2 2 10 4 6416 6424 3867
8989 2 2 10 4 3846 6431 6328
8990 2 2 10 4 6424 6431 4307
8991 2 2 10 4 2953 3406 2954
8992 2 2 10 4 4287 4869 4868
8993 2 2 10 4 6452 6496 1717
8994 2 2 10 4 4313 6496 6452
8995 2 2 10 4 4169 4170 4168
8996 2 2 10 4 3413 4022 3338
8997 2 2 10 4 6312 6433 4308
8998 2 2 10 4 1475 1477 1476
8999 2 2 10 4 977 979 978
9000 2 2 10 4 1558 6472 6460
9001 2 2 10 4 1768 1769 1767
9002 2 2 10 4 6336 6416 3866
9003 2 2 10 4 1902 6417 1910
9004 2 2 10 4 1268 1270 1269
9005 2 2 10 4 3780 6439 6311
9006 2 2 10 4 973 975 974
9007 2 2 10 4 2610 2953 2611
9008 2 2 10 4 107 6404 106
9009 2 2 10 4 110 788 109
9010 2 2 10 4 119 685 118
9011 2 2 10 4 108 783 107
9012 2 2 10 4 126 663 125
9013 2 2 10 4 101 6403 100
9014 2 2 10 4 100 673 99
9015 2 2 10 4 106 686 105
9016 2 2 10 4 117 785 116
9017 2 2 10 4 113 786 112
9018 2 2 10 4 115 790 114
9019 2 2 10 4 123 679 122
9020 2 2 10 4 121 780 120
9021 2 2 10 4 103 683 102
9022 2 2 10 4 118 6401 117
9023 2 2 10 4 105 6408 104
9024 2 2 10 4 122 6405 121
9025 2 2 10 4 120 6407 119
9026 2 2 10 4 116 6406 115
9027 2 2 10 4 168 666 167
9028 2 2 10 4 172 680 171
9029 2 2 10 4 177 784 176
9030 2 2 10 4 184 789 183
9031 2 2 10 4 170 782 169
9032 2 2 10 4 175 732 174
9033 2 2 10 4 181 787 180
9034 2 2 10 4 191 781 190
9035 2 2 10 4 194 669 193
9036 2 2 10 4 186 779 185
9037 2 2 10 4 179 731 178
9038 2 2 10 4 189 682 188
9039 2 2 10 4 169 6409 168
9040 2 2 10 4 188 6410 187
9041 2 2 10 4 639 7074 399
9042 2 2 10 4 400 7074 5004
9043 2 2 10 4 4425 6435 3846
9044 2 2 10 4 1109 1111 1110
9045 2 2 10 4 4642 4643 4489
9046 2 2 10 4 1992 7216 5426
9047 2 2 10 4 5866 6418 3626
9048 2 2 10 4 2054 6442 5981
9049 2 2 10 4 674 5800 5209
9050 2 2 10 4 691 5066 5065
9051 2 2 10 4 595 5008 5007
9052 2 2 10 4 689 5197 5196
9053 2 2 10 4 654 5207 5206
9054 2 2 10 4 694 5968 5164
9055 2 2 10 4 594 5056 5054
9056 2 2 10 4 701 5157 5156
9057 2 2 10 4 558 5123 5122
9058 2 2 10 4 631 5143 5142
9059 2 2 10 4 705 5162 5160
9060 2 2 10 4 690 4997 4995
9061 2 2 10 4 568 5132 5131
9062 2 2 10 4 627 5062 5061
9063 2 2 10 4 699 5108 5107
9064 2 2 10 4 681 4988 4987
9065 2 2 10 4 6350 6427 6413
9066 2 2 10 4 3890 4149 3671
9067 2 2 10 4 5853 6421 1883
9068 2 2 10 4 1530 6437 6436
9069 2 2 10 4 1456 1459 1458
9070 2 2 10 4 2156 6422 5546
9071 2 2 10 4 323 702 324
9072 2 2 10 4 327 715 328
9073 2 2 10 4 329 570 330
9074 2 2 10 4 448 633 449
9075 2 2 10 4 525 5172 526
9076 2 2 10 4 420 5627 421
9077 2 2 10 4 514 5512 515
9078 2 2 10 4 357 578 358
9079 2 2 10 4 477 703 478
9080 2 2 10 4 494 632 495
9081 2 2 10 4 379 5045 380
9082 2 2 10 4 401 635 402
9083 2 2 10 4 431 5097 432
9084 2 2 10 4 521 591 522
9085 2 2 10 4 429 5220 430
9086 2 2 10 4 395 653 396
9087 2 2 10 4 515 720 516
9088 2 2 10 4 369 5278 370
9089 2 2 10 4 370 665 371
9090 2 2 10 4 381 5562 382
9091 2 2 10 4 505 557 506
9092 2 2 10 4 398 639 399
9093 2 2 10 4 518 5119 519
9094 2 2 10 4 529 5010 530
9095 2 2 10 4 415 585 416
9096 2 2 10 4 535 643 536
9097 2 2 10 4 389 681 390
9098 2 2 10 4 439 675 440
9099 2 2 10 4 440 5215 441
9100 2 2 10 4 452 5563 453
9101 2 2 10 4 530 722 531
9102 2 2 10 4 345 604 346
9103 2 2 10 4 465 691 466
9104 2 2 10 4 340 5194 341
9105 2 2 10 4 460 5203 461
9106 2 2 10 4 532 627 533
9107 2 2 10 4 549 5556 550
9108 2 2 10 4 556 724 6
9109 2 2 10 4 409 711 410
9110 2 2 10 4 433 5277 434
9111 2 2 10 4 485 709 486
9112 2 2 10 4 353 587 354
9113 2 2 10 4 385 727 386
9114 2 2 10 4 473 710 474
9115 2 2 10 4 506 5186 507
9116 2 2 10 4 386 5600 387
9117 2 2 10 4 432 561 433
9118 2 2 10 4 489 700 490
9119 2 2 10 4 545 684 546
9120 2 2 10 4 552 736 553
9121 2 2 10 4 318 701 319
9122 2 2 10 4 322 5089 323
9123 2 2 10 4 351 719 352
9124 2 2 10 4 373 678 374
9125 2 2 10 4 471 592 472
9126 2 2 10 4 538 662 539
9127 2 2 10 4 321 5226 322
9128 2 2 10 4 441 5029 442
9129 2 2 10 4 487 559 488
9130 2 2 10 4 497 568 498
9131 2 2 10 4 510 5189 511
9132 2 2 10 4 527 5228 528
9133 2 2 10 4 503 714 504
9134 2 2 10 4 347 695 348
9135 2 2 10 4 467 601 468
9136 2 2 10 4 320 562 321
9137 2 2 10 4 341 594 342
9138 2 2 10 4 461 706 462
9139 2 2 10 4 543 723 544
9140 2 2 10 4 491 564 492
9141 2 2 10 4 437 725 438
9142 2 2 10 4 539 5222 540
9143 2 2 10 4 382 5211 383
9144 2 2 10 4 374 4993 375
9145 2 2 10 4 380 733 381
9146 2 2 10 4 413 699 414
9147 2 2 10 4 424 5266 425
9148 2 2 10 4 511 707 512
9149 2 2 10 4 419 575 420
9150 2 2 10 4 499 712 500
9151 2 2 10 4 474 5117 475
9152 2 2 10 4 554 730 555
9153 2 2 10 4 339 704 340
9154 2 2 10 4 361 626 362
9155 2 2 10 4 454 5178 455
9156 2 2 10 4 459 588 460
9157 2 2 10 4 404 595 405
9158 2 2 10 4 524 634 525
9159 2 2 10 4 397 5127 398
9160 2 2 10 4 493 5137 494
9161 2 2 10 4 517 583 518
9162 2 2 10 4 352 5037 353
9163 2 2 10 4 391 5095 392
9164 2 2 10 4 472 5102 473
9165 2 2 10 4 355 721 356
9166 2 2 10 4 430 693 431
9167 2 2 10 4 475 584 476
9168 2 2 10 4 476 5134 477
9169 2 2 10 4 496 5130 497
9170 2 2 10 4 335 716 336
9171 2 2 10 4 455 577 456
9172 2 2 10 4 425 696 426
9173 2 2 10 4 501 566 502
9174 2 2 10 4 540 4990 541
9175 2 2 10 4 547 726 548
9176 2 2 10 4 337 586 338
9177 2 2 10 4 457 713 458
9178 2 2 10 4 507 718 508
9179 2 2 10 4 443 5230 444
9180 2 2 10 4 423 569 424
9181 2 2 10 4 427 558 428
9182 2 2 10 4 481 692 482
9183 2 2 10 4 483 563 484
9184 2 2 10 4 411 593 412
9185 2 2 10 4 421 708 422
9186 2 2 10 4 388 5208 389
9187 2 2 10 4 462 5185 463
9188 2 2 10 4 346 5015 347
9189 2 2 10 4 512 5213 513
9190 2 2 10 4 325 560 326
9191 2 2 10 4 331 697 332
9192 2 2 10 4 328 5092 329
9193 2 2 10 4 378 729 379
9194 2 2 10 4 509 565 510
9195 2 2 10 4 392 672 393
9196 2 2 10 4 333 576 334
9197 2 2 10 4 486 5188 487
9198 2 2 10 4 541 674 542
9199 2 2 10 4 470 5212 471
9200 2 2 10 4 349 598 350
9201 2 2 10 4 464 6031 465
9202 2 2 10 4 469 687 470
9203 2 2 10 4 519 689 520
9204 2 2 10 4 445 650 446
9205 2 2 10 4 453 688 454
9206 2 2 10 4 367 654 368
9207 2 2 10 4 435 694 436
9208 2 2 10 4 526 698 527
9209 2 2 10 4 417 705 418
9210 2 2 10 4 495 5216 496
9211 2 2 10 4 537 5006 538
9212 2 2 10 4 400 5004 401
9213 2 2 10 4 488 5116 489
9214 2 2 10 4 387 735 388
9215 2 2 10 4 528 600 529
9216 2 2 10 4 5 567 317
9217 2 2 10 4 6 5005 437
9218 2 2 10 4 407 631 408
9219 2 2 10 4 451 611 452
9220 2 2 10 4 359 690 360
9221 2 2 10 4 479 574 480
9222 2 2 10 4 492 5223 493
9223 2 2 10 4 354 5229 355
9224 2 2 10 4 550 791 551
9225 2 2 10 4 513 573 514
9226 2 2 10 4 336 5088 337
9227 2 2 10 4 383 734 384
9228 2 2 10 4 490 5120 491
9229 2 2 10 4 343 717 344
9230 2 2 10 4 463 599 464
9231 2 2 10 4 446 5623 447
9232 2 2 10 4 375 728 376
9233 2 2 10 4 444 5201 445
9234 2 2 10 4 344 5225 345
9235 2 2 10 4 442 664 443
9236 2 2 10 4 447 5044 448
9237 2 2 10 4 364 642 365
9238 2 2 10 4 4457 4459 4458
9239 2 2 10 4 1651 1985 1653
9240 2 2 10 4 3785 6442 2625
9241 2 2 10 4 3846 6435 6431
9242 2 2 10 4 3093 6445 3622
9243 2 2 10 4 3638 6483 5879
9244 2 2 10 4 4090 4740 4089
9245 2 2 10 4 2202 6441 1685
9246 2 2 10 4 6414 6433 6355
9247 2 2 10 4 2185 6442 2054
9248 2 2 10 4 2192 6561 2190
9249 2 2 10 4 1474 6433 6414
9250 2 2 10 4 2095 6423 3093
9251 2 2 10 4 3870 3872 3871
9252 2 2 10 4 2032 6424 6416
9253 2 2 10 4 6347 6424 2032
9254 2 2 10 4 3780 6451 6439
9255 2 2 10 4 1459 1463 1462
9256 2 2 10 4 1656 6497 1654
9257 2 2 10 4 3916 6673 2052
9258 2 2 10 4 1840 1841 1839
9259 2 2 10 4 681 4987 390
9260 2 2 10 4 560 5113 326
9261 2 2 10 4 574 5094 480
9262 2 2 10 4 627 5061 533
9263 2 2 10 4 654 5206 368
9264 2 2 10 4 643 5112 536
9265 2 2 10 4 601 5118 468
9266 2 2 10 4 653 5171 396
9267 2 2 10 4 586 5170 338
9268 2 2 10 4 699 5107 414
9269 2 2 10 4 734 798 384
9270 2 2 10 4 694 5164 436
9271 2 2 10 4 703 5135 478
9272 2 2 10 4 697 5036 332
9273 2 2 10 4 595 5007 405
9274 2 2 10 4 696 5525 426
9275 2 2 10 4 563 5115 484
9276 2 2 10 4 585 5526 416
9277 2 2 10 4 404 5603 595
9278 2 2 10 4 726 5136 548
9279 2 2 10 4 576 5177 334
9280 2 2 10 4 558 5122 428
9281 2 2 10 4 701 5156 319
9282 2 2 10 4 713 5200 458
9283 2 2 10 4 691 5065 466
9284 2 2 10 4 568 5131 498
9285 2 2 10 4 736 4994 553
9286 2 2 10 4 723 5003 544
9287 2 2 10 4 690 4995 360
9288 2 2 10 4 567 5527 317
9289 2 2 10 4 730 5205 555
9290 2 2 10 4 631 5142 408
9291 2 2 10 4 689 5196 520
9292 2 2 10 4 594 5054 342
9293 2 2 10 4 705 5160 418
9294 2 2 10 4 577 5159 456
9295 2 2 10 4 725 5202 438
9296 2 2 10 4 674 5209 542
9297 2 2 10 4 702 5176 324
9298 2 2 10 4 578 5524 358
9299 2 2 10 4 672 6048 393
9300 2 2 10 4 692 5114 482
9301 2 2 10 4 728 5864 376
9302 2 2 10 4 3745 6427 6350
9303 2 2 10 4 3240 3789 2064
9304 2 2 10 4 1703 1704 1702
9305 2 2 10 4 4132 5975 4133
9306 2 2 10 4 5451 6577 5452
9307 2 2 10 4 6311 6439 6427
9308 2 2 10 4 6401 6402 785
9309 2 2 10 4 5497 5498 5487
9310 2 2 10 4 6347 6431 6424
9311 2 2 10 4 1382 5913 1375
9312 2 2 10 4 5956 7832 625
9313 2 2 10 4 1470 6453 1471
9314 2 2 10 4 4305 6445 4304
9315 2 2 10 4 1178 6049 1185
9316 2 2 10 4 6303 6454 3716
9317 2 2 10 4 1707 1708 1706
9318 2 2 10 4 6348 6454 1567
9319 2 2 10 4 4317 6454 6348
9320 2 2 10 4 2293 6459 4383
9321 2 2 10 4 2756 6670 4378
9322 2 2 10 4 1341 1343 1342
9323 2 2 10 4 6328 6431 6347
9324 2 2 10 4 1756 6475 1780
9325 2 2 10 4 6275 6451 3780
9326 2 2 10 4 1810 1812 1811
9327 2 2 10 4 1402 6457 1628
9328 2 2 10 4 2076 6457 1400
9329 2 2 10 4 4770 6962 4050
9330 2 2 10 4 2781 3394 3192
9331 2 2 10 4 1470 6474 6453
9332 2 2 10 4 2398 6639 3834
9333 2 2 10 4 1156 7225 5649
9334 2 2 10 4 6355 6433 6312
9335 2 2 10 4 1226 1230 1225
9336 2 2 10 4 4501 4503 4502
9337 2 2 10 4 4313 6452 3785
9338 2 2 10 4 4137 4914 4056
9339 2 2 10 4 2789 6507 6022
9340 2 2 10 4 3783 6460 6146
9341 2 2 10 4 1185 3026 2562
9342 2 2 10 4 4277 5276 4276
9343 2 2 10 4 2226 2227 2225
9344 2 2 10 4 1178 6879 6049
9345 2 2 10 4 883 884 882
9346 2 2 10 4 2005 6463 2002
9347 2 2 10 4 2104 2109 2107
9348 2 2 10 4 6746 7705 5692
9349 2 2 10 4 3259 3260 3154
9350 2 2 10 4 5763 6945 3840
9351 2 2 10 4 6579 6745 6578
9352 2 2 10 4 106 6404 686
9353 2 2 10 4 780 6407 120
9354 2 2 10 4 685 6401 118
9355 2 2 10 4 100 6403 673
9356 2 2 10 4 115 6406 790
9357 2 2 10 4 686 6408 105
9358 2 2 10 4 679 6405 122
9359 2 2 10 4 117 6401 785
9360 2 2 10 4 783 6404 107
9361 2 2 10 4 121 6405 780
9362 2 2 10 4 785 6406 116
9363 2 2 10 4 119 6407 685
9364 2 2 10 4 782 6409 169
9365 2 2 10 4 168 6409 666
9366 2 2 10 4 682 6410 188
9367 2 2 10 4 6182 6486 6477
9368 2 2 10 4 196 6548 195
9369 2 2 10 4 4307 6435 4343
9370 2 2 10 4 6431 6435 4307
9371 2 2 10 4 6275 6458 6451
9372 2 2 10 4 4171 4172 4170
9373 2 2 10 4 1425 1428 1426
9374 2 2 10 4 819 6470 817
9375 2 2 10 4 4445 6001 3177
9376 2 2 10 4 2224 2225 2223
9377 2 2 10 4 981 983 982
9378 2 2 10 4 351 6425 719
9379 2 2 10 4 1691 6526 6390
9380 2 2 10 4 2507 2509 2508
9381 2 2 10 4 1481 1482 1479
9382 2 2 10 4 1536 6439 6363
9383 2 2 10 4 5324 5325 5322
9384 2 2 10 4 1699 1700 1698
9385 2 2 10 4 3981 6669 1982
9386 2 2 10 4 1111 1113 1112
9387 2 2 10 4 3821 6441 2202
9388 2 2 10 4 4304 6445 6423
9389 2 2 10 4 2738 3129 2051
9390 2 2 10 4 6570 6694 2882
9391 2 2 10 4 3324 3325 2784
9392 2 2 10 4 6427 6439 1536
9393 2 2 10 4 3486 4131 4073
9394 2 2 10 4 4704 4705 4643
9395 2 2 10 4 1711 1712 1710
9396 2 2 10 4 2269 5970 2923
9397 2 2 10 4 2988 2989 2987
9398 2 2 10 4 3872 3875 3874
9399 2 2 10 4 5392 8188 3311
9400 2 2 10 4 2402 6392 2405
9401 2 2 10 4 3904 6480 3902
9402 2 2 10 4 3406 5951 3407
9403 2 2 10 4 2358 2360 2359
9404 2 2 10 4 2326 6015 2327
9405 2 2 10 4 3382 3925 3493
9406 2 2 10 4 2625 6442 2185
9407 2 2 10 4 3784 6458 6275
9408 2 2 10 4 5678 7531 5679
9409 2 2 10 4 4203 4911 4202
9410 2 2 10 4 247 6446 246
9411 2 2 10 4 1558 6477 1496
9412 2 2 10 4 3237 3382 3238
9413 2 2 10 4 5839 6914 5992
9414 2 2 10 4 6439 6451 6363
9415 2 2 10 4 1717 6496 1714
9416 2 2 10 4 1917 2087 2086
9417 2 2 10 4 2469 3883 1382
9418 2 2 10 4 3883 5913 1382
9419 2 2 10 4 1842 1843 1841
9420 2 2 10 4 6433 6453 4308
9421 2 2 10 4 3896 4857 3897
9422 2 2 10 4 1455 6473 1456
9423 2 2 10 4 2067 6479 6141
9424 2 2 10 4 4943 7558 4371
9425 2 2 10 4 4459 4482 4481
9426 2 2 10 4 1557 6516 6510
9427 2 2 10 4 924 926 925
9428 2 2 10 4 6780 7008 2766
9429 2 2 10 4 4920 4921 4544
9430 2 2 10 4 4294 4645 1193
9431 2 2 10 4 4645 6331 1193
9432 2 2 10 4 3784 6472 6458
9433 2 2 10 4 1532 2071 2068
9434 2 2 10 4 2880 6485 3330
9435 2 2 10 4 6334 6485 2879
9436 2 2 10 4 1498 6486 1500
9437 2 2 10 4 5120 6898 564
9438 2 2 10 4 6363 6451 2085
9439 2 2 10 4 2073 6562 6492
9440 2 2 10 4 4819 6786 3810
9441 2 2 10 4 1526 6473 1455
9442 2 2 10 4 5629 7452 5628
9443 2 2 10 4 5987 6562 3839
9444 2 2 10 4 2073 6492 1948
9445 2 2 10 4 1946 6492 1963
9446 2 2 10 4 1772 1773 1771
9447 2 2 10 4 1032 7083 1035
9448 2 2 10 4 1042 1044 1043
9449 2 2 10 4 985 987 986
9450 2 2 10 4 1471 6453 1474
9451 2 2 10 4 3027 4931 3965
9452 2 2 10 4 5729 6637 1168
9453 2 2 10 4 3664 4871 4263
9454 2 2 10 4 1083 1084 1082
9455 2 2 10 4 4568 7441 7375
9456 2 2 10 4 3884 4123 3885
9457 2 2 10 4 1534 2441 2083
9458 2 2 10 4 1534 6436 2441
9459 2 2 10 4 984 985 983
9460 2 2 10 4 6423 6445 3093
9461 2 2 10 4 6146 6472 3784
9462 2 2 10 4 1895 6456 1873
9463 2 2 10 4 1714 6496 1713
9464 2 2 10 4 4102 4103 3260
9465 2 2 10 4 2190 4150 2188
9466 2 2 10 4 1657 1663 1659
9467 2 2 10 4 308 6450 307
9468 2 2 10 4 1115 6667 1117
9469 2 2 10 4 1567 6454 6303
9470 2 2 10 4 3143 3357 3356
9471 2 2 10 4 6451 6458 2085
9472 2 2 10 4 1996 6513 5760
9473 2 2 10 4 3849 6661 4407
9474 2 2 10 4 2509 2511 2510
9475 2 2 10 4 2657 6750 2655
9476 2 2 10 4 6453 6474 4308
9477 2 2 10 4 4436 4437 3270
9478 2 2 10 4 3975 4958 4028
9479 2 2 10 4 5725 6766 5726
9480 2 2 10 4 2473 2480 2471
9481 2 2 10 4 1046 7004 1049
9482 2 2 10 4 1447 1450 1449
9483 2 2 10 4 4627 4628 3740
9484 2 2 10 4 4653 6026 3918
9485 2 2 10 4 618 8019 5793
9486 2 2 10 4 3453 3987 3452
9487 2 2 10 4 3704 4574 4096
9488 2 2 10 4 4461 6950 3913
9489 2 2 10 4 1726 1728 1727
9490 2 2 10 4 994 995 993
9491 2 2 10 4 6109 6605 6599
9492 2 2 10 4 1085 1086 1084
9493 2 2 10 4 1343 1345 1344
9494 2 2 10 4 5993 6466 663
9495 2 2 10 4 4052 7179 5620
9496 2 2 10 4 3130 3211 3129
9497 2 2 10 4 1231 1232 1230
9498 2 2 10 4 4150 6618 2188
9499 2 2 10 4 4503 4505 4504
9500 2 2 10 4 1400 6457 1402
9501 2 2 10 4 2138 8148 5260
9502 2 2 10 4 2330 2331 2329
9503 2 2 10 4 3047 3398 3241
9504 2 2 10 4 2228 2229 2227
9505 2 2 10 4 5850 6507 4272
9506 2 2 10 4 1474 6453 6433
9507 2 2 10 4 3338 6588 2725
9508 2 2 10 4 3337 3338 2725
9509 2 2 10 4 2360 2362 2361
9510 2 2 10 4 6109 6599 6587
9511 2 2 10 4 6441 6583 1681
9512 2 2 10 4 6399 6474 1470
9513 2 2 10 4 2085 6458 6329
9514 2 2 10 4 2990 2991 2989
9515 2 2 10 4 4158 6509 3495
9516 2 2 10 4 3246 6509 6321
9517 2 2 10 4 3247 3251 2727
9518 2 2 10 4 5945 7027 6145
9519 2 2 10 4 4323 6575 6569
9520 2 2 10 4 5288 6529 5287
9521 2 2 10 4 1274 1276 1275
9522 2 2 10 4 6517 7565 4531
9523 2 2 10 4 5363 7272 5360
9524 2 2 10 4 2668 3114 3113
9525 2 2 10 4 885 886 884
9526 2 2 10 4 6143 6563 6554
9527 2 2 10 4 4538 5231 4713
9528 2 2 10 4 3796 6510 6202
9529 2 2 10 4 4334 6544 6539
9530 2 2 10 4 663 6466 125
9531 2 2 10 4 6377 6473 1526
9532 2 2 10 4 3875 4624 3893
9533 2 2 10 4 4758 4759 4705
9534 2 2 10 4 855 6094 853
9535 2 2 10 4 1001 1002 999
9536 2 2 10 4 6126 6533 6523
9537 2 2 10 4 2123 6536 2124
9538 2 2 10 4 3831 7057 4684
9539 2 2 10 4 1113 1115 1114
9540 2 2 10 4 4173 4174 4172
9541 2 2 10 4 4329 6605 6109
9542 2 2 10 4 818 6512 820
9543 2 2 10 4 3968 6623 4538
9544 2 2 10 4 1475 1476 1473
9545 2 2 10 4 2960 6543 1981
9546 2 2 10 4 5612 7480 7142
9547 2 2 10 4 6399 6482 6474
9548 2 2 10 4 6182 6460 3783
9549 2 2 10 4 1456 6473 6036
9550 2 2 10 4 4482 4491 4490
9551 2 2 10 4 5570 6984 3880
9552 2 2 10 4 5995 6858 6466
9553 2 2 10 4 1550 6572 1533
9554 2 2 10 4 6395 6507 2789
9555 2 2 10 4 6370 6463 2005
9556 2 2 10 4 3533 4961 4153
9557 2 2 10 4 2332 2333 2331
9558 2 2 10 4 4745 4746 4744
9559 2 2 10 4 3363 6555 4271
9560 2 2 10 4 3925 4736 3926
9561 2 2 10 4 2262 3870 3393
9562 2 2 10 4 6458 6472 6329
9563 2 2 10 4 4939 7482 4368
9564 2 2 10 4 3972 6542 3970
9565 2 2 10 4 1697 6481 1692
9566 2 2 10 4 1428 1435 1429
9567 2 2 10 4 4461 6951 6950
9568 2 2 10 4 1763 6890 1761
9569 2 2 10 4 5549 5550 5548
9570 2 2 10 4 4329 6609 6605
9571 2 2 10 4 2157 6521 2159
9572 2 2 10 4 1846 1847 1843
9573 2 2 10 4 3445 3543 3271
9574 2 2 10 4 148 5918 147
9575 2 2 10 4 4349 6582 6443
9576 2 2 10 4 6297 6519 3263
9577 2 2 10 4 5742 7199 4810
9578 2 2 10 4 3429 6470 819
9579 2 2 10 4 3357 4597 3889
9580 2 2 10 4 3223 4089 2192
9581 2 2 10 4 1557 6523 1507
9582 2 2 10 4 6329 6472 1558
9583 2 2 10 4 4136 7266 1634
9584 2 2 10 4 4010 4715 4714
9585 2 2 10 4 6181 6500 6182
9586 2 2 10 4 5374 6634 3553
9587 2 2 10 4 4308 6474 3787
9588 2 2 10 4 125 6466 124
9589 2 2 10 4 3741 6526 6389
9590 2 2 10 4 6460 6477 1558
9591 2 2 10 4 4119 6990 5990
9592 2 2 10 4 6390 6526 3741
9593 2 2 10 4 4218 4986 4217
9594 2 2 10 4 6494 6495 4362
9595 2 2 10 4 3918 7036 3916
9596 2 2 10 4 4330 6609 4329
9597 2 2 10 4 952 6975 950
9598 2 2 10 4 930 932 931
9599 2 2 10 4 1666 1669 1668
9600 2 2 10 4 1345 1347 1346
9601 2 2 10 4 1456 1458 1454
9602 2 2 10 4 6388 6488 2661
9603 2 2 10 4 1514 6533 1516
9604 2 2 10 4 1233 1234 1232
9605 2 2 10 4 928 930 929
9606 2 2 10 4 2407 6490 2411
9607 2 2 10 4 2230 2231 2229
9608 2 2 10 4 887 888 886
9609 2 2 10 4 4505 4605 4506
9610 2 2 10 4 2140 2141 2139
9611 2 2 10 4 1730 1732 1731
9612 2 2 10 4 2774 3154 2136
9613 2 2 10 4 1874 1894 1882
9614 2 2 10 4 3774 6549 3776
9615 2 2 10 4 5443 5456 5444
9616 2 2 10 4 1087 1088 1086
9617 2 2 10 4 2511 2513 2512
9618 2 2 10 4 3613 3614 3211
9619 2 2 10 4 789 6601 6018
9620 2 2 10 4 620 7604 4895
9621 2 2 10 4 4175 4176 4174
9622 2 2 10 4 1115 1117 1116
9623 2 2 10 4 6474 6482 3787
9624 2 2 10 4 46 6447 45
9625 2 2 10 4 5523 8135 4554
9626 2 2 10 4 2334 2335 2333
9627 2 2 10 4 1547 6635 1545
9628 2 2 10 4 5932 7443 676
9629 2 2 10 4 1046 1048 1047
9630 2 2 10 4 1496 6477 1498
9631 2 2 10 4 2362 2364 2363
9632 2 2 10 4 3546 5599 1988
9633 2 2 10 4 4440 4441 4439
9634 2 2 10 4 4450 4451 4016
9635 2 2 10 4 3304 3841 2187
9636 2 2 10 4 3633 4809 4808
9637 2 2 10 4 1814 1816 1815
9638 2 2 10 4 449 7139 450
9639 2 2 10 4 5452 6577 5455
9640 2 2 10 4 2992 2993 2991
9641 2 2 10 4 3235 3896 3297
9642 2 2 10 4 1003 1004 1002
9643 2 2 10 4 3271 6631 3267
9644 2 2 10 4 596 6620 5831
9645 2 2 10 4 2178 4510 3036
9646 2 2 10 4 3839 6665 3847
9647 2 2 10 4 1435 1442 1436
9648 2 2 10 4 2279 2281 2280
9649 2 2 10 4 7901 8041 1644
9650 2 2 10 4 6141 6479 3690
9651 2 2 10 4 5920 7269 5402
9652 2 2 10 4 4491 4493 4492
9653 2 2 10 4 986 6911 983
9654 2 2 10 4 6180 6500 6181
9655 2 2 10 4 1540 6544 1541
9656 2 2 10 4 7106 7164 4395
9657 2 2 10 4 1849 1850 1847
9658 2 2 10 4 5452 5455 5454
9659 2 2 10 4 3787 6482 3835
9660 2 2 10 4 1816 1818 1817
9661 2 2 10 4 4442 4443 4441
9662 2 2 10 4 3349 6487 1162
9663 2 2 10 4 1921 6614 1918
9664 2 2 10 4 1399 6547 2077
9665 2 2 10 4 2067 6609 6479
9666 2 2 10 4 3960 3962 3095
9667 2 2 10 4 3804 7034 3132
9668 2 2 10 4 6547 6721 6030
9669 2 2 10 4 2712 6866 3884
9670 2 2 10 4 2110 2111 2108
9671 2 2 10 4 4223 4225 4222
9672 2 2 10 4 2712 3884 3328
9673 2 2 10 4 2198 3143 3142
9674 2 2 10 4 1141 6498 1151
9675 2 2 10 4 857 859 858
9676 2 2 10 4 3408 6524 2954
9677 2 2 10 4 6377 6534 6473
9678 2 2 10 4 7518 8032 706
9679 2 2 10 4 6479 6494 3690
9680 2 2 10 4 2104 6504 2109
9681 2 2 10 4 6443 6582 1940
9682 2 2 10 4 4221 4222 4220
9683 2 2 10 4 6180 6508 6500
9684 2 2 10 4 3800 6555 4352
9685 2 2 10 4 3054 3428 3427
9686 2 2 10 4 2879 6485 2880
9687 2 2 10 4 2077 2728 2727
9688 2 2 10 4 1500 6486 2070
9689 2 2 10 4 4318 6559 3816
9690 2 2 10 4 3370 6482 6399
9691 2 2 10 4 4570 4974 3905
9692 2 2 10 4 5297 5299 5296
9693 2 2 10 4 5947 5948 5946
9694 2 2 10 4 5626 6961 1649
9695 2 2 10 4 2649 2650 2648
9696 2 2 10 4 1778 1779 1777
9697 2 2 10 4 2219 6016 2221
9698 2 2 10 4 2723 3240 2064
9699 2 2 10 4 6492 6562 5987
9700 2 2 10 4 1700 1703 1702
9701 2 2 10 4 4625 4627 3740
9702 2 2 10 4 5367 5370 5369
9703 2 2 10 4 1948 6492 1946
9704 2 2 10 4 2513 2515 2514
9705 2 2 10 4 3690 6494 4362
9706 2 2 10 4 1552 6563 1553
9707 2 2 10 4 3797 6508 6180
9708 2 2 10 4 4143 7637 5894
9709 2 2 10 4 998 999 997
9710 2 2 10 4 1235 1236 1234
9711 2 2 10 4 6125 6539 6126
9712 2 2 10 4 1089 1090 1088
9713 2 2 10 4 3935 6506 3938
9714 2 2 10 4 2248 7557 5989
9715 2 2 10 4 2483 2484 2482
9716 2 2 10 4 859 861 860
9717 2 2 10 4 2364 2366 2365
9718 2 2 10 4 2281 2283 2282
9719 2 2 10 4 6473 6534 6036
9720 2 2 10 4 3388 7019 6282
9721 2 2 10 4 3549 4478 4477
9722 2 2 10 4 4605 4607 4606
9723 2 2 10 4 4478 4748 4747
9724 2 2 10 4 2485 2486 2484
9725 2 2 10 4 6591 6711 1365
9726 2 2 10 4 1005 1006 1004
9727 2 2 10 4 889 890 888
9728 2 2 10 4 4743 4744 4741
9729 2 2 10 4 4664 8140 7986
9730 2 2 10 4 246 6446 623
9731 2 2 10 4 1347 1349 1348
9732 2 2 10 4 2232 2233 2231
9733 2 2 10 4 6519 6520 3778
9734 2 2 10 4 3797 6516 6508
9735 2 2 10 4 844 6607 2069
9736 2 2 10 4 840 6607 841
9737 2 2 10 4 1406 6678 3029
9738 2 2 10 4 5891 5892 590
9739 2 2 10 4 1713 6584 6397
9740 2 2 10 4 2291 6459 2293
9741 2 2 10 4 4628 6488 6388
9742 2 2 10 4 1696 6449 1662
9743 2 2 10 4 7765 8168 3411
9744 2 2 10 4 1704 1707 1706
9745 2 2 10 4 1117 1119 1118
9746 2 2 10 4 4493 4700 4699
9747 2 2 10 4 1905 6449 1696
9748 2 2 10 4 4665 5625 3441
9749 2 2 10 4 4444 4526 4443
9750 2 2 10 4 6182 6477 6460
9751 2 2 10 4 1818 1820 1819
9752 2 2 10 4 3566 6681 3570
9753 2 2 10 4 6577 6578 5455
9754 2 2 10 4 6036 6534 3369
9755 2 2 10 4 743 7879 5895
9756 2 2 10 4 4950 7792 597
9757 2 2 10 4 1734 1736 1735
9758 2 2 10 4 756 5709 41
9759 2 2 10 4 5348 5349 5347
9760 2 2 10 4 2994 2995 2993
9761 2 2 10 4 4177 4178 4176
9762 2 2 10 4 1532 6572 2071
9763 2 2 10 4 2336 2337 2335
9764 2 2 10 4 1631 4147 2271
9765 2 2 10 4 2144 2145 2143
9766 2 2 10 4 2063 6574 2061
9767 2 2 10 4 1569 6575 1570
9768 2 2 10 4 988 989 987
9769 2 2 10 4 6202 6516 3797
9770 2 2 10 4 4512 4536 4111
9771 2 2 10 4 7240 7375 4874
9772 2 2 10 4 4408 4878 4661
9773 2 2 10 4 6500 6508 2070
9774 2 2 10 4 2293 4383 2305
9775 2 2 10 4 6488 6635 2661
9776 2 2 10 4 3232 6663 3235
9777 2 2 10 4 1940 6582 1933
9778 2 2 10 4 6419 7081 4221
9779 2 2 10 4 5130 6939 568
9780 2 2 10 4 660 6548 196
9781 2 2 10 4 1442 1460 1443
9782 2 2 10 4 2531 5735 2525
9783 2 2 10 4 5362 5364 5359
9784 2 2 10 4 4226 4227 4225
9785 2 2 10 4 2662 6590 3194
9786 2 2 10 4 2323 6540 3045
9787 2 2 10 4 2984 7970 5370
9788 2 2 10 4 2070 6508 6153
9789 2 2 10 4 861 863 862
9790 2 2 10 4 954 956 955
9791 2 2 10 4 3147 6706 4134
9792 2 2 10 4 1237 1238 1236
9793 2 2 10 4 3495 6509 3246
9794 2 2 10 4 3977 6570 2882
9795 2 2 10 4 6182 6500 6486
9796 2 2 10 4 4319 7848 7485
9797 2 2 10 4 5704 7067 5705
9798 2 2 10 4 4152 5681 3473
9799 2 2 10 4 1423 6557 1421
9800 2 2 10 4 2160 5946 2635
9801 2 2 10 4 4005 4498 4497
9802 2 2 10 4 6771 7416 3258
9803 2 2 10 4 891 892 890
9804 2 2 10 4 720 7148 516
9805 2 2 10 4 517 7148 583
9806 2 2 10 4 4272 6507 6395
9807 2 2 10 4 2218 6741 2219
9808 2 2 10 4 1574 6599 1575
9809 2 2 10 4 3227 3633 3632
9810 2 2 10 4 1225 6527 3145
9811 2 2 10 4 1349 1351 1350
9812 2 2 10 4 6126 6510 3796
9813 2 2 10 4 2622 3581 3580
9814 2 2 10 4 174 6589 173
9815 2 2 10 4 2515 2517 2516
9816 2 2 10 4 1377 6448 1381
9817 2 2 10 4 1914 6799 1951
9818 2 2 10 4 2560 3054 3053
9819 2 2 10 4 2275 2279 2277
9820 2 2 10 4 2720 3080 2650
9821 2 2 10 4 5438 6592 5437
9822 2 2 10 4 3790 3791 3789
9823 2 2 10 4 3524 4520 4242
9824 2 2 10 4 2234 2235 2233
9825 2 2 10 4 4607 4609 4608
9826 2 2 10 4 2975 4084 3033
9827 2 2 10 4 2283 2287 2286
9828 2 2 10 4 6508 6516 6153
9829 2 2 10 4 3812 6554 4334
9830 2 2 10 4 4543 6922 4920
9831 2 2 10 4 3189 3191 2652
9832 2 2 10 4 2487 2488 2486
9833 2 2 10 4 4389 7788 7657
9834 2 2 10 4 6282 7019 6996
9835 2 2 10 4 2230 6560 2232
9836 2 2 10 4 1119 1121 1120
9837 2 2 10 4 4709 6092 3671
9838 2 2 10 4 2366 2368 2367
9839 2 2 10 4 4342 6512 818
9840 2 2 10 4 3884 6501 4123
9841 2 2 10 4 3900 6993 5250
9842 2 2 10 4 2723 3256 3255
9843 2 2 10 4 4179 4180 4178
9844 2 2 10 4 3811 6606 3319
9845 2 2 10 4 2338 2339 2337
9846 2 2 10 4 1533 6572 1532
9847 2 2 10 4 4589 7255 4038
9848 2 2 10 4 7988 8194 4534
9849 2 2 10 4 5850 6571 6507
9850 2 2 10 4 4700 4702 4701
9851 2 2 10 4 1783 1784 1782
9852 2 2 10 4 2996 2997 2995
9853 2 2 10 4 740 5911 5910
9854 2 2 10 4 6153 6516 1557
9855 2 2 10 4 4547 4617 4546
9856 2 2 10 4 3509 3942 3941
9857 2 2 10 4 3023 5988 3612
9858 2 2 10 4 1007 1008 1006
9859 2 2 10 4 1917 6614 2087
9860 2 2 10 4 6510 6523 1557
9861 2 2 10 4 2296 2298 2297
9862 2 2 10 4 4312 7765 4815
9863 2 2 10 4 1091 1092 1090
9864 2 2 10 4 1381 6448 1385
9865 2 2 10 4 3821 6583 6441
9866 2 2 10 4 5922 7422 4369
9867 2 2 10 4 6479 6609 4330
9868 2 2 10 4 4815 6660 3577
9869 2 2 10 4 3302 6543 2960
9870 2 2 10 4 1052 1055 1054
9871 2 2 10 4 4777 4778 4333
9872 2 2 10 4 4527 4779 4526
9873 2 2 10 4 1628 6616 6256
9874 2 2 10 4 5726 6905 5853
9875 2 2 10 4 4036 7255 4637
9876 2 2 10 4 4228 4229 4227
9877 2 2 10 4 6942 7023 4559
9878 2 2 10 4 4149 4709 3671
9879 2 2 10 4 3942 3944 3943
9880 2 2 10 4 4316 6542 3972
9881 2 2 10 4 1738 1740 1739
9882 2 2 10 4 1914 1924 1897
9883 2 2 10 4 5667 7436 5673
9884 2 2 10 4 30 6620 29
9885 2 2 10 4 6429 7701 4515
9886 2 2 10 4 1684 1687 1686
9887 2 2 10 4 936 938 937
9888 2 2 10 4 2646 2648 2644
9889 2 2 10 4 6481 6559 4318
9890 2 2 10 4 1820 1822 1821
9891 2 2 10 4 3555 3901 3251
9892 2 2 10 4 1316 1317 1315
9893 2 2 10 4 3263 6519 3778
9894 2 2 10 4 5326 5329 5325
9895 2 2 10 4 1125 6041 3160
9896 2 2 10 4 2285 6671 2291
9897 2 2 10 4 2517 2519 2518
9898 2 2 10 4 2441 2442 2083
9899 2 2 10 4 1663 1665 1664
9900 2 2 10 4 938 940 939
9901 2 2 10 4 4630 6488 4628
9902 2 2 10 4 5335 5340 5337
9903 2 2 10 4 3058 6690 3025
9904 2 2 10 4 1507 6523 1514
9905 2 2 10 4 1239 1240 1238
9906 2 2 10 4 1662 3199 1660
9907 2 2 10 4 3904 6641 6616
9908 2 2 10 4 1020 1021 1016
9909 2 2 10 4 3841 6643 2187
9910 2 2 10 4 615 7899 7808
9911 2 2 10 4 2368 2370 2369
9912 2 2 10 4 1666 6001 1669
9913 2 2 10 4 6389 6526 4318
9914 2 2 10 4 1694 1699 1698
9915 2 2 10 4 1715 1716 1714
9916 2 2 10 4 4334 6539 6125
9917 2 2 10 4 2661 6635 1547
9918 2 2 10 4 1093 1094 1092
9919 2 2 10 4 3524 6778 4520
9920 2 2 10 4 893 894 892
9921 2 2 10 4 2971 6522 3450
9922 2 2 10 4 722 7165 531
9923 2 2 10 4 532 7165 627
9924 2 2 10 4 863 865 864
9925 2 2 10 4 1903 4576 1893
9926 2 2 10 4 3817 6569 6143
9927 2 2 10 4 4702 4903 4902
9928 2 2 10 4 3346 4483 3906
9929 2 2 10 4 1204 1206 1205
9930 2 2 10 4 1202 1204 1203
9931 2 2 10 4 1121 1123 1122
9932 2 2 10 4 954 5999 956
9933 2 2 10 4 4609 4673 4610
9934 2 2 10 4 1009 1011 1008
9935 2 2 10 4 184 6601 789
9936 2 2 10 4 779 6601 185
9937 2 2 10 4 1351 1353 1352
9938 2 2 10 4 4309 6552 1583
9939 2 2 10 4 4787 5375 5374
9940 2 2 10 4 2236 2237 2235
9941 2 2 10 4 4000 4447 4446
9942 2 2 10 4 3217 3826 1984
9943 2 2 10 4 1708 1711 1710
9944 2 2 10 4 1909 6648 1903
9945 2 2 10 4 2489 2490 2488
9946 2 2 10 4 1701 6645 1698
9947 2 2 10 4 6011 6984 6617
9948 2 2 10 4 4780 4784 4779
9949 2 2 10 4 1822 1824 1823
9950 2 2 10 4 1516 6533 1540
9951 2 2 10 4 4349 6668 6582
9952 2 2 10 4 4750 4752 4751
9953 2 2 10 4 1450 1510 1451
9954 2 2 10 4 6486 6500 2070
9955 2 2 10 4 5350 5351 5349
9956 2 2 10 4 3944 3946 3945
9957 2 2 10 4 4339 6534 6377
9958 2 2 10 4 4094 4095 3653
9959 2 2 10 4 1944 1952 1909
9960 2 2 10 4 1951 1953 1924
9961 2 2 10 4 3030 7267 6440
9962 2 2 10 4 1892 6852 1891
9963 2 2 10 4 2340 2341 2339
9964 2 2 10 4 4181 4182 4180
9965 2 2 10 4 6454 6537 3716
9966 2 2 10 4 6143 6554 3812
9967 2 2 10 4 3196 6591 1365
9968 2 2 10 4 4545 6596 2652
9969 2 2 10 4 1742 1744 1743
9970 2 2 10 4 2773 6506 3935
9971 2 2 10 4 2998 2999 2997
9972 2 2 10 4 5162 8105 5161
9973 2 2 10 4 5674 7097 3101
9974 2 2 10 4 1243 1244 1240
9975 2 2 10 4 4996 7691 4999
9976 2 2 10 4 1411 6650 5436
9977 2 2 10 4 1690 1693 1692
9978 2 2 10 4 1479 6432 1477
9979 2 2 10 4 3935 3938 3937
9980 2 2 10 4 2519 2521 2520
9981 2 2 10 4 613 7967 5231
9982 2 2 10 4 4230 4231 4229
9983 2 2 10 4 3409 6653 3322
9984 2 2 10 4 7782 7949 6763
9985 2 2 10 4 6140 7101 6973
9986 2 2 10 4 3905 6641 3904
9987 2 2 10 4 895 896 894
9988 2 2 10 4 2574 2652 1961
9989 2 2 10 4 5706 8204 5703
9990 2 2 10 4 293 7040 5956
9991 2 2 10 4 776 7040 294
9992 2 2 10 4 1866 3830 1858
9993 2 2 10 4 5611 7566 5612
9994 2 2 10 4 2370 2372 2371
9995 2 2 10 4 7205 8146 5159
9996 2 2 10 4 4930 7298 4179
9997 2 2 10 4 1744 1746 1745
9998 2 2 10 4 3904 6616 6480
9999 2 2 10 4 1627 6586 1637
10000 2 2 10 4 1669 1671 1670
10001 2 2 10 4 1024 1025 1022
10002 2 2 10 4 2238 2239 2237
10003 2 2 10 4 865 867 866
10004 2 2 10 4 4323 6569 3817
10005 2 2 10 4 3620 4685 3899
10006 2 2 10 4 4673 4970 4674
10007 2 2 10 4 2111 2114 2113
10008 2 2 10 4 2552 2554 2553
10009 2 2 10 4 4903 4905 4904
10010 2 2 10 4 2491 2492 2490
10011 2 2 10 4 5304 7923 5303
10012 2 2 10 4 4324 6587 4323
10013 2 2 10 4 1886 1897 1879
10014 2 2 10 4 3507 6270 6102
10015 2 2 10 4 3703 6270 3507
10016 2 2 10 4 1353 1355 1354
10017 2 2 10 4 3109 6659 3350
10018 2 2 10 4 5041 7463 5694
10019 2 2 10 4 4184 4695 4182
10020 2 2 10 4 3844 6313 3521
10021 2 2 10 4 2342 2343 2341
10022 2 2 10 4 3336 4257 2731
10023 2 2 10 4 3000 3057 2999
10024 2 2 10 4 4119 7232 3129
10025 2 2 10 4 1206 1208 1207
10026 2 2 10 4 1012 1013 1011
10027 2 2 10 4 3581 4426 3927
10028 2 2 10 4 2969 6598 2413
10029 2 2 10 4 5601 6669 3981
10030 2 2 10 4 1541 6544 1552
10031 2 2 10 4 4529 7644 5930
10032 2 2 10 4 6126 6539 6533
10033 2 2 10 4 3948 4619 3352
10034 2 2 10 4 2152 2153 2151
10035 2 2 10 4 1000 6630 997
10036 2 2 10 4 2282 6830 2280
10037 2 2 10 4 2423 6880 2421
10038 2 2 10 4 1095 1096 1094
10039 2 2 10 4 6480 6616 1628
10040 2 2 10 4 1412 6580 1261
10041 2 2 10 4 3704 4096 3703
10042 2 2 10 4 4513 4655 3423
10043 2 2 10 4 5144 7355 5148
10044 2 2 10 4 1680 1683 1682
10045 2 2 10 4 2970 6581 3482
10046 2 2 10 4 1845 6838 5843
10047 2 2 10 4 1918 6614 1917
10048 2 2 10 4 1396 6547 1399
10049 2 2 10 4 3581 7577 4426
10050 2 2 10 4 5775 8167 4716
10051 2 2 10 4 4232 4233 4231
10052 2 2 10 4 1245 1246 1244
10053 2 2 10 4 6109 6587 4324
10054 2 2 10 4 2521 2523 2522
10055 2 2 10 4 2877 3439 2878
10056 2 2 10 4 3946 4037 4036
10057 2 2 10 4 1059 1061 1060
10058 2 2 10 4 3957 6672 3958
10059 2 2 10 4 1789 1790 1788
10060 2 2 10 4 2636 3346 3252
10061 2 2 10 4 867 869 868
10062 2 2 10 4 6003 8000 3146
10063 2 2 10 4 5352 5353 5351
10064 2 2 10 4 3538 5685 1632
10065 2 2 10 4 1485 6644 1483
10066 2 2 10 4 1576 2465 2059
10067 2 2 10 4 2862 3186 3163
10068 2 2 10 4 5384 5395 5386
10069 2 2 10 4 4317 6537 6454
10070 2 2 10 4 2372 2374 2373
10071 2 2 10 4 1636 6752 5551
10072 2 2 10 4 897 898 896
10073 2 2 10 4 1824 1826 1825
10074 2 2 10 4 1510 1520 1511
10075 2 2 10 4 854 855 853
10076 2 2 10 4 1665 6001 1666
10077 2 2 10 4 3664 6102 4872
10078 2 2 10 4 3640 7601 7540
10079 2 2 10 4 2598 3165 3098
10080 2 2 10 4 7262 7975 5507
10081 2 2 10 4 4905 5711 5710
10082 2 2 10 4 6383 6766 5725
10083 2 2 10 4 2415 6522 2971
10084 2 2 10 4 6022 6571 5676
10085 2 2 10 4 6507 6571 6022
10086 2 2 10 4 945 947 946
10087 2 2 10 4 3160 3610 3161
10088 2 2 10 4 5783 7113 5781
10089 2 2 10 4 1249 1250 1248
10090 2 2 10 4 3468 6683 6276
10091 2 2 10 4 4768 6683 6318
10092 2 2 10 4 2267 2268 2265
10093 2 2 10 4 2554 2865 2707
10094 2 2 10 4 942 945 943
10095 2 2 10 4 1796 6478 1798
10096 2 2 10 4 2971 3450 3449
10097 2 2 10 4 6382 6555 3800
10098 2 2 10 4 2936 7275 5413
10099 2 2 10 4 546 6551 547
10100 2 2 10 4 3452 6714 3390
10101 2 2 10 4 6699 7243 5761
10102 2 2 10 4 4181 7298 4804
10103 2 2 10 4 3917 3918 3916
10104 2 2 10 4 1671 1673 1672
10105 2 2 10 4 129 7018 659
10106 2 2 10 4 3816 6559 6290
10107 2 2 10 4 1385 3355 1390
10108 2 2 10 4 2115 2118 2117
10109 2 2 10 4 4378 4380 4379
10110 2 2 10 4 1208 1210 1209
10111 2 2 10 4 1097 1098 1096
10112 2 2 10 4 307 6450 762
10113 2 2 10 4 2465 3170 2704
10114 2 2 10 4 901 902 900
10115 2 2 10 4 3911 6950 6886
10116 2 2 10 4 2926 6713 3992
10117 2 2 10 4 4970 4972 4971
10118 2 2 10 4 81 6514 80
10119 2 2 10 4 1355 1357 1356
10120 2 2 10 4 3980 6570 3977
10121 2 2 10 4 2767 6603 2769
10122 2 2 10 4 5931 7043 1759
10123 2 2 10 4 4791 8188 5392
10124 2 2 10 4 6126 6523 6510
10125 2 2 10 4 2240 2243 2239
10126 2 2 10 4 6095 6562 2073
10127 2 2 10 4 4771 6697 6223
10128 2 2 10 4 1014 1015 1013
10129 2 2 10 4 2658 4474 4473
10130 2 2 10 4 5733 6682 5734
10131 2 2 10 4 1028 1029 1026
10132 2 2 10 4 1482 6432 1479
10133 2 2 10 4 3195 4470 3197
10134 2 2 10 4 1826 1828 1827
10135 2 2 10 4 4195 4207 4196
10136 2 2 10 4 4037 4039 4038
10137 2 2 10 4 5447 5448 5442
10138 2 2 10 4 2493 2494 2492
10139 2 2 10 4 997 6630 996
10140 2 2 10 4 851 854 853
10141 2 2 10 4 1553 6563 1569
10142 2 2 10 4 2523 2525 2524
10143 2 2 10 4 6534 6602 3369
10144 2 2 10 4 5765 6735 3210
10145 2 2 10 4 1893 6704 1889
10146 2 2 10 4 999 1000 997
10147 2 2 10 4 1468 6415 1465
10148 2 2 10 4 2344 2345 2343
10149 2 2 10 4 2047 2552 2049
10150 2 2 10 4 1520 1544 1521
10151 2 2 10 4 2441 6436 3421
10152 2 2 10 4 1173 6637 1182
10153 2 2 10 4 2313 6567 2932
10154 2 2 10 4 5804 7543 608
10155 2 2 10 4 3903 4570 3905
10156 2 2 10 4 5354 5355 5353
10157 2 2 10 4 4426 4886 4885
10158 2 2 10 4 3127 3387 3057
10159 2 2 10 4 5193 7181 5190
10160 2 2 10 4 5828 8136 603
10161 2 2 10 4 2865 3396 3009
10162 2 2 10 4 4234 4264 4233
10163 2 2 10 4 3256 3542 3541
10164 2 2 10 4 3941 7118 6467
10165 2 2 10 4 743 7652 5376
10166 2 2 10 4 3170 3828 3298
10167 2 2 10 4 1465 6415 1463
10168 2 2 10 4 4089 6561 2192
10169 2 2 10 4 5711 5713 5712
10170 2 2 10 4 3853 6716 3851
10171 2 2 10 4 4652 4653 3918
10172 2 2 10 4 4044 4066 3306
10173 2 2 10 4 1324 1325 1323
10174 2 2 10 4 3221 3222 3210
10175 2 2 10 4 146 6535 145
10176 2 2 10 4 4378 6511 4380
10177 2 2 10 4 3460 4086 3461
10178 2 2 10 4 2069 2074 846
10179 2 2 10 4 1751 1753 1752
10180 2 2 10 4 699 6679 5109
10181 2 2 10 4 6014 6807 2074
10182 2 2 10 4 1125 3160 2557
10183 2 2 10 4 841 6607 844
10184 2 2 10 4 3792 3793 3791
10185 2 2 10 4 4334 6554 6544
10186 2 2 10 4 2244 2245 2243
10187 2 2 10 4 4072 6657 4070
10188 2 2 10 4 3414 7212 4585
10189 2 2 10 4 2495 2496 2494
10190 2 2 10 4 947 949 948
10191 2 2 10 4 951 6633 954
10192 2 2 10 4 1748 1751 1749
10193 2 2 10 4 1389 6721 1393
10194 2 2 10 4 6024 7430 913
10195 2 2 10 4 5831 6620 5835
10196 2 2 10 4 4092 6528 3520
10197 2 2 10 4 1459 1462 1458
10198 2 2 10 4 5602 7311 4708
10199 2 2 10 4 5741 7783 3096
10200 2 2 10 4 4707 4708 4162
10201 2 2 10 4 847 6807 850
10202 2 2 10 4 2051 7232 4278
10203 2 2 10 4 3664 4872 4871
10204 2 2 10 4 6610 6852 6612
10205 2 2 10 4 3166 3512 3440
10206 2 2 10 4 2346 2347 2345
10207 2 2 10 4 2756 4378 4377
10208 2 2 10 4 5851 8141 4113
10209 2 2 10 4 3933 6718 3822
10210 2 2 10 4 3276 3916 2052
10211 2 2 10 4 869 871 870
10212 2 2 10 4 5396 5399 5398
10213 2 2 10 4 2525 2527 2526
10214 2 2 10 4 4761 4762 3557
10215 2 2 10 4 3318 3810 3004
10216 2 2 10 4 2656 2983 2657
10217 2 2 10 4 3924 3996 3922
10218 2 2 10 4 2310 2312 2311
10219 2 2 10 4 995 996 993
10220 2 2 10 4 1210 1212 1211
10221 2 2 10 4 5629 6844 3619
10222 2 2 10 4 2086 6566 6376
10223 2 2 10 4 2419 3287 2418
10224 2 2 10 4 4314 6584 4313
10225 2 2 10 4 3301 3302 2960
10226 2 2 10 4 3481 5889 3292
10227 2 2 10 4 3520 3843 3521
10228 2 2 10 4 905 906 904
10229 2 2 10 4 3022 6574 2063
10230 2 2 10 4 1570 6575 1574
10231 2 2 10 4 1357 1366 1358
10232 2 2 10 4 4060 4469 3419
10233 2 2 10 4 3824 6625 3348
10234 2 2 10 4 1099 1100 1098
10235 2 2 10 4 5695 5696 4514
10236 2 2 10 4 4339 6602 6534
10237 2 2 10 4 3994 7339 3940
10238 2 2 10 4 6562 6665 3839
10239 2 2 10 4 5713 5715 5714
10240 2 2 10 4 4039 4041 4040
10241 2 2 10 4 3978 4195 4194
10242 2 2 10 4 2269 6619 5970
10243 2 2 10 4 4265 4266 4264
10244 2 2 10 4 2226 6642 2228
10245 2 2 10 4 1032 1033 1030
10246 2 2 10 4 1386 6736 1389
10247 2 2 10 4 4062 4064 3222
10248 2 2 10 4 1697 6559 6481
10249 2 2 10 4 5101 7591 5100
10250 2 2 10 4 1921 6945 6614
10251 2 2 10 4 3396 4397 3397
10252 2 2 10 4 1251 1252 1250
10253 2 2 10 4 4315 4316 3972
10254 2 2 10 4 3928 4798 4580
10255 2 2 10 4 884 7236 1156
10256 2 2 10 4 1933 6582 1932
10257 2 2 10 4 1795 1796 1794
10258 2 2 10 4 3900 7049 6993
10259 2 2 10 4 4437 6964 4440
10260 2 2 10 4 6383 6583 3821
10261 2 2 10 4 3381 6743 3141
10262 2 2 10 4 5287 8132 5317
10263 2 2 10 4 1712 1715 1714
10264 2 2 10 4 5208 7721 681
10265 2 2 10 4 1828 1830 1829
10266 2 2 10 4 3288 3837 3287
10267 2 2 10 4 5863 7209 2758
10268 2 2 10 4 949 951 950
10269 2 2 10 4 1998 5997 1986
10270 2 2 10 4 3932 4634 4633
10271 2 2 10 4 1687 1689 1688
10272 2 2 10 4 3625 4114 2764
10273 2 2 10 4 6228 7673 779
10274 2 2 10 4 3332 3334 3333
10275 2 2 10 4 4363 6640 4265
10276 2 2 10 4 1473 6627 1472
10277 2 2 10 4 6176 6749 6220
10278 2 2 10 4 2390 7876 5522
10279 2 2 10 4 5598 7325 5597
10280 2 2 10 4 1432 2181 1430
10281 2 2 10 4 4682 8174 5988
10282 2 2 10 4 4025 4354 4026
10283 2 2 10 4 871 873 872
10284 2 2 10 4 6338 6602 4339
10285 2 2 10 4 6186 6754 4796
10286 2 2 10 4 1212 1215 1214
10287 2 2 10 4 2742 6590 2662
10288 2 2 10 4 1101 1102 1100
10289 2 2 10 4 2527 2529 2528
10290 2 2 10 4 6496 6584 1713
10291 2 2 10 4 1366 1369 1367
10292 2 2 10 4 3447 7597 3453
10293 2 2 10 4 2654 3210 2383
10294 2 2 10 4 4517 7770 5865
10295 2 2 10 4 4974 6843 3905
10296 2 2 10 4 3618 6591 3196
10297 2 2 10 4 2246 2264 2245
10298 2 2 10 4 1279 1405 1281
10299 2 2 10 4 2685 6744 5742
10300 2 2 10 4 3819 6502 4554
10301 2 2 10 4 1662 6449 3199
10302 2 2 10 4 3136 6759 3123
10303 2 2 10 4 1753 1755 1754
10304 2 2 10 4 3832 7638 5235
10305 2 2 10 4 3620 3899 3394
10306 2 2 10 4 3775 4350 4074
10307 2 2 10 4 1719 1720 1718
10308 2 2 10 4 6553 7048 4398
10309 2 2 10 4 4248 7700 5905
10310 2 2 10 4 4041 4253 4052
10311 2 2 10 4 7961 7973 5910
10312 2 2 10 4 6533 6539 1540
10313 2 2 10 4 1830 1832 1831
10314 2 2 10 4 2497 2498 2496
10315 2 2 10 4 991 992 989
10316 2 2 10 4 3361 6766 6383
10317 2 2 10 4 1673 1675 1674
10318 2 2 10 4 2348 2349 2347
10319 2 2 10 4 1575 6599 1580
10320 2 2 10 4 1253 1254 1252
10321 2 2 10 4 3993 3994 3940
10322 2 2 10 4 732 6589 174
10323 2 2 10 4 4166 6741 3404
10324 2 2 10 4 6143 6569 6563
10325 2 2 10 4 2384 2656 2655
10326 2 2 10 4 2354 7039 2356
10327 2 2 10 4 4267 4268 4266
10328 2 2 10 4 2728 3249 3248
10329 2 2 10 4 1068 1070 1069
10330 2 2 10 4 2442 6588 4317
10331 2 2 10 4 3419 6707 3301
10332 2 2 10 4 6599 6605 1580
10333 2 2 10 4 3514 4543 4542
10334 2 2 10 4 2763 3928 3624
10335 2 2 10 4 2942 6752 1638
10336 2 2 10 4 185 6601 184
10337 2 2 10 4 1506 6827 1503
10338 2 2 10 4 1307 7383 1309
10339 2 2 10 4 1257 1258 1256
10340 2 2 10 4 1755 1757 1756
10341 2 2 10 4 3587 3650 3639
10342 2 2 10 4 4958 6651 4028
10343 2 2 10 4 3369 6602 3370
10344 2 2 10 4 4697 8186 4030
10345 2 2 10 4 3971 4025 3973
10346 2 2 10 4 7003 7840 5094
10347 2 2 10 4 2529 2533 2532
10348 2 2 10 4 3188 3932 3908
10349 2 2 10 4 1036 1037 1034
10350 2 2 10 4 1159 1161 1155
10351 2 2 10 4 5730 6637 5729
10352 2 2 10 4 951 954 952
10353 2 2 10 4 3240 3790 3789
10354 2 2 10 4 2499 2500 2498
10355 2 2 10 4 3979 3980 3977
10356 2 2 10 4 6644 6942 4559
10357 2 2 10 4 3107 6634 2718
10358 2 2 10 4 6882 7446 4152
10359 2 2 10 4 1580 6605 6156
10360 2 2 10 4 1168 6637 1173
10361 2 2 10 4 3319 6606 3694
10362 2 2 10 4 4267 6636 4269
10363 2 2 10 4 1438 1537 1434
10364 2 2 10 4 3273 3283 3272
10365 2 2 10 4 3418 4806 3515
10366 2 2 10 4 2959 3485 3300
10367 2 2 10 4 87 6840 86
10368 2 2 10 4 3876 6800 2780
10369 2 2 10 4 3211 6990 4119
10370 2 2 10 4 4142 4819 3810
10371 2 2 10 4 2350 2351 2349
10372 2 2 10 4 1135 3921 3920
10373 2 2 10 4 1675 1677 1676
10374 2 2 10 4 907 908 906
10375 2 2 10 4 5485 5497 5487
10376 2 2 10 4 4659 7949 7782
10377 2 2 10 4 3634 3635 3564
10378 2 2 10 4 1135 6438 3921
10379 2 2 10 4 6605 6609 6156
10380 2 2 10 4 1215 1217 1216
10381 2 2 10 4 2167 2168 2166
10382 2 2 10 4 5354 6493 5355
10383 2 2 10 4 760 6447 46
10384 2 2 10 4 5930 7644 7617
10385 2 2 10 4 2414 4508 3630
10386 2 2 10 4 2068 6576 6167
10387 2 2 10 4 1300 2186 1302
10388 2 2 10 4 910 6593 909
10389 2 2 10 4 3274 3940 2556
10390 2 2 10 4 3928 7322 4798
10391 2 2 10 4 3776 7875 4887
10392 2 2 10 4 2126 2133 2129
10393 2 2 10 4 991 993 992
10394 2 2 10 4 873 875 874
10395 2 2 10 4 1344 7841 5965
10396 2 2 10 4 4253 4255 4254
10397 2 2 10 4 1103 1104 1102
10398 2 2 10 4 4080 4693 3573
10399 2 2 10 4 5999 6008 6007
10400 2 2 10 4 3249 3254 3250
10401 2 2 10 4 5326 6654 5330
10402 2 2 10 4 1765 1768 1767
10403 2 2 10 4 6156 6609 2067
10404 2 2 10 4 1369 1374 1370
10405 2 2 10 4 4269 4415 4268
10406 2 2 10 4 3147 4134 3448
10407 2 2 10 4 2533 2539 2534
10408 2 2 10 4 6095 6665 6562
10409 2 2 10 4 3031 4277 4276
10410 2 2 10 4 911 912 910
10411 2 2 10 4 4313 6584 6496
10412 2 2 10 4 5973 7018 130
10413 2 2 10 4 4001 6730 2955
10414 2 2 10 4 6256 6616 4282
10415 2 2 10 4 3992 4211 4210
10416 2 2 10 4 1832 1834 1833
10417 2 2 10 4 5939 7238 5941
10418 2 2 10 4 3499 6598 2969
10419 2 2 10 4 875 877 876
10420 2 2 10 4 3104 6565 3103
10421 2 2 10 4 1694 6032 1699
10422 2 2 10 4 642 7248 365
10423 2 2 10 4 2728 3247 2727
10424 2 2 10 4 1483 1512 1482
10425 2 2 10 4 6544 6554 1552
10426 2 2 10 4 1217 1219 1218
10427 2 2 10 4 3609 4824 3608
10428 2 2 10 4 3288 6538 3837
10429 2 2 10 4 4359 4620 3499
10430 2 2 10 4 3284 3366 3283
10431 2 2 10 4 1374 1382 1375
10432 2 2 10 4 1105 1106 1104
10433 2 2 10 4 1707 6412 1708
10434 2 2 10 4 6200 6831 6199
10435 2 2 10 4 3795 6832 4569
10436 2 2 10 4 1697 6645 6559
10437 2 2 10 4 850 6518 851
10438 2 2 10 4 1693 6032 1694
10439 2 2 10 4 3617 3618 3196
10440 2 2 10 4 1757 1760 1758
10441 2 2 10 4 1042 1043 1040
10442 2 2 10 4 4858 7030 4877
10443 2 2 10 4 2114 6042 2115
10444 2 2 10 4 4323 6587 6575
10445 2 2 10 4 2200 3272 2048
10446 2 2 10 4 1477 2730 1476
10447 2 2 10 4 4255 4486 4256
10448 2 2 10 4 3306 6750 2657
10449 2 2 10 4 2765 3414 2956
10450 2 2 10 4 1834 1836 1835
10451 2 2 10 4 2501 2502 2500
10452 2 2 10 4 3589 6868 5582
10453 2 2 10 4 1476 6627 1473
10454 2 2 10 4 4655 6862 3423
10455 2 2 10 4 4538 6623 5231
10456 2 2 10 4 995 997 996
10457 2 2 10 4 33 6841 32
10458 2 2 10 4 2352 2353 2351
10459 2 2 10 4 6559 6645 6290
10460 2 2 10 4 4408 6784 4879
10461 2 2 10 4 4448 4963 4449
10462 2 2 10 4 1888 1890 1889
10463 2 2 10 4 1641 3556 1644
10464 2 2 10 4 5832 6798 5830
10465 2 2 10 4 3029 6678 4159
10466 2 2 10 4 1361 6660 1320
10467 2 2 10 4 741 5918 148
10468 2 2 10 4 2926 3992 3990
10469 2 2 10 4 4416 4417 4415
10470 2 2 10 4 3402 3819 3366
10471 2 2 10 4 6616 6641 4282
10472 2 2 10 4 5393 6686 5389
10473 2 2 10 4 1259 1260 1258
10474 2 2 10 4 3570 6681 4270
10475 2 2 10 4 4126 4797 4128
10476 2 2 10 4 6582 6668 1932
10477 2 2 10 4 2118 2121 2119
10478 2 2 10 4 955 7323 1621
10479 2 2 10 4 3537 5242 3534
10480 2 2 10 4 4921 4924 4923
10481 2 2 10 4 5703 8204 5702
10482 2 2 10 4 1266 6525 1264
10483 2 2 10 4 4212 4888 3565
10484 2 2 10 4 2920 6859 2025
10485 2 2 10 4 2023 6859 2035
10486 2 2 10 4 3345 4218 4217
10487 2 2 10 4 1760 1762 1761
10488 2 2 10 4 5597 7325 4104
10489 2 2 10 4 3099 4135 2416
10490 2 2 10 4 1769 1772 1771
10491 2 2 10 4 1677 1679 1678
10492 2 2 10 4 1803 1804 1802
10493 2 2 10 4 1334 1335 1333
10494 2 2 10 4 3292 3550 3405
10495 2 2 10 4 1263 1264 1262
10496 2 2 10 4 2262 6595 3870
10497 2 2 10 4 4790 8108 8062
10498 2 2 10 4 2503 2504 2502
10499 2 2 10 4 1716 1719 1718
10500 2 2 10 4 3309 3608 2863
10501 2 2 10 4 1304 1360 1306
10502 2 2 10 4 3930 4024 1854
10503 2 2 10 4 3546 6505 5599
10504 2 2 10 4 2115 6042 2118
10505 2 2 10 4 915 916 914
10506 2 2 10 4 5201 7329 650
10507 2 2 10 4 3353 4034 4033
10508 2 2 10 4 2573 3023 3018
10509 2 2 10 4 3543 6631 3271
10510 2 2 10 4 1385 6448 3355
10511 2 2 10 4 4951 6689 1269
10512 2 2 10 4 2719 3483 2288
10513 2 2 10 4 1509 6942 1487
10514 2 2 10 4 3034 7115 5497
10515 2 2 10 4 6338 6680 6602
10516 2 2 10 4 1890 1892 1891
10517 2 2 10 4 5399 5401 5400
10518 2 2 10 4 3458 3499 2969
10519 2 2 10 4 4759 5417 5416
10520 2 2 10 4 2688 6872 2691
10521 2 2 10 4 1725 1726 1724
10522 2 2 10 4 2354 2355 2353
10523 2 2 10 4 1151 6498 2975
10524 2 2 10 4 1219 1222 1221
10525 2 2 10 4 2107 2108 2105
10526 2 2 10 4 4363 6969 6640
10527 2 2 10 4 3257 3799 3798
10528 2 2 10 4 583 6992 5119
10529 2 2 10 4 4784 8192 6692
10530 2 2 10 4 2723 3255 3240
10531 2 2 10 4 1396 6721 6547
10532 2 2 10 4 6556 6782 4436
10533 2 2 10 4 2758 7209 4588
10534 2 2 10 4 1107 1108 1106
10535 2 2 10 4 1277 1279 1278
10536 2 2 10 4 4486 4488 4487
10537 2 2 10 4 3026 3027 2562
10538 2 2 10 4 877 879 878
10539 2 2 10 4 4105 4113 4107
10540 2 2 10 4 1880 1888 1887
10541 2 2 10 4 4282 6641 3506
10542 2 2 10 4 3843 3844 3521
10543 2 2 10 4 3101 7301 5434
10544 2 2 10 4 3300 6737 3418
10545 2 2 10 4 5449 5450 5448
10546 2 2 10 4 1698 6645 1697
10547 2 2 10 4 2121 2123 2122
10548 2 2 10 4 4418 4456 4417
10549 2 2 10 4 6563 6569 1569
10550 2 2 10 4 4261 7390 4262
10551 2 2 10 4 2135 2140 2139
10552 2 2 10 4 1836 1838 1837
10553 2 2 10 4 1859 3951 1867
10554 2 2 10 4 3939 4192 3936
10555 2 2 10 4 3154 6536 2136
10556 2 2 10 4 1046 1047 1044
10557 2 2 10 4 879 881 880
10558 2 2 10 4 3023 3612 3358
10559 2 2 10 4 4395 7164 4396
10560 2 2 10 4 5970 6597 2923
10561 2 2 10 4 3788 5586 4252
10562 2 2 10 4 2100 6981 2214
10563 2 2 10 4 1222 1224 1223
10564 2 2 10 4 6692 8192 773
10565 2 2 10 4 1955 2573 2572
10566 2 2 10 4 1422 6768 1425
10567 2 2 10 4 1982 6669 1785
10568 2 2 10 4 812 6912 4582
10569 2 2 10 4 1705 6915 1702
10570 2 2 10 4 4816 5601 3981
10571 2 2 10 4 6265 6938 696
10572 2 2 10 4 6749 6915 6220
10573 2 2 10 4 4691 7858 3844
10574 2 2 10 4 3414 4585 3438
10575 2 2 10 4 1405 2050 1622
10576 2 2 10 4 1775 1778 1777
10577 2 2 10 4 6602 6680 3370
10578 2 2 10 4 3324 3788 3325
10579 2 2 10 4 4762 6935 3557
10580 2 2 10 4 1762 1764 1763
10581 2 2 10 4 2087 2088 2086
10582 2 2 10 4 3003 7696 5291
10583 2 2 10 4 3512 4530 4529
10584 2 2 10 4 1109 1110 1108
10585 2 2 10 4 123 6858 679
10586 2 2 10 4 1463 2045 1462
10587 2 2 10 4 704 7025 5195
10588 2 2 10 4 1907 1926 1925
10589 2 2 10 4 4727 8099 4993
10590 2 2 10 4 2412 4499 3530
10591 2 2 10 4 4189 6918 3891
10592 2 2 10 4 1711 6430 1712
10593 2 2 10 4 2394 6758 2393
10594 2 2 10 4 919 920 918
10595 2 2 10 4 5451 5452 5450
10596 2 2 10 4 5337 7296 5339
10597 2 2 10 4 4488 4642 4489
10598 2 2 10 4 954 6633 5999
10599 2 2 10 4 2505 2506 2504
10600 2 2 10 4 1896 6610 1907
10601 2 2 10 4 2356 2357 2355
10602 2 2 10 4 2219 2221 2220
10603 2 2 10 4 3999 4001 2955
10604 2 2 10 4 3024 3831 3219
10605 2 2 10 4 1838 1840 1839
10606 2 2 10 4 5403 7669 7492
10607 2 2 10 4 4370 6653 3409
10608 2 2 10 4 3612 5247 3649
10609 2 2 10 4 4457 4458 4456
10610 2 2 10 4 2473 2619 2480
10611 2 2 10 4 1722 1725 1724
10612 2 2 10 4 1612 6925 1995
10613 2 2 10 4 7389 7479 4466
10614 2 2 10 4 3004 6659 3005
10615 2 2 10 4 4202 6505 3548
10616 2 2 10 4 1265 1266 1264
10617 2 2 10 4 5468 7460 5469
10618 2 2 10 4 3881 6753 1855
10619 2 2 10 4 3421 6943 2606
10620 2 2 10 4 3523 4730 3522
10621 2 2 10 4 3337 3413 3338
10622 2 2 10 4 1852 2790 1857
10623 2 2 10 4 1708 6412 1711
10624 2 2 10 4 1308 2430 1311
10625 2 2 10 4 5771 7730 4752
10626 2 2 10 4 4934 7537 4120
10627 2 2 10 4 3462 4472 4021
10628 2 2 10 4 5517 7135 3417
10629 2 2 10 4 4317 6588 6537
10630 2 2 10 4 4159 4160 3212
10631 2 2 10 4 77 6974 76
10632 2 2 10 4 3478 6690 3058
10633 2 2 10 4 2285 2289 2284
10634 2 2 10 4 4931 6613 3965
10635 2 2 10 4 846 6807 847
10636 2 2 10 4 3615 4919 4918
10637 2 2 10 4 2507 2508 2506
10638 2 2 10 4 6552 6985 5915
10639 2 2 10 4 3114 3572 3113
10640 2 2 10 4 5205 7588 4522
10641 2 2 10 4 4109 4512 4111
10642 2 2 10 4 7098 7202 6144
10643 2 2 10 4 4595 7351 4081
10644 2 2 10 4 5965 7841 4586
10645 2 2 10 4 4408 4661 3850
10646 2 2 10 4 1635 6755 3559
10647 2 2 10 4 5401 5404 5403
10648 2 2 10 4 6015 6624 2330
10649 2 2 10 4 2643 3500 2645
10650 2 2 10 4 2141 2144 2143
10651 2 2 10 4 6011 6617 2053
10652 2 2 10 4 2215 6626 2643
10653 2 2 10 4 3055 3522 2561
10654 2 2 10 4 4629 4630 4628
10655 2 2 10 4 7464 7493 4511
10656 2 2 10 4 6665 6846 3847
10657 2 2 10 4 3230 3231 3229
10658 2 2 10 4 1463 6415 2045
10659 2 2 10 4 3635 6545 5846
10660 2 2 10 4 1038 1631 1037
10661 2 2 10 4 5323 6757 5324
10662 2 2 10 4 2158 6422 2156
10663 2 2 10 4 3870 3871 3393
10664 2 2 10 4 2622 3580 2426
10665 2 2 10 4 2050 2738 2051
10666 2 2 10 4 4543 4920 4544
10667 2 2 10 4 2619 3095 2620
10668 2 2 10 4 4392 4558 4556
10669 2 2 10 4 2358 2359 2357
10670 2 2 10 4 4007 6747 2058
10671 2 2 10 4 1224 1226 1225
10672 2 2 10 4 1512 4392 4391
10673 2 2 10 4 1684 6712 1687
10674 2 2 10 4 1267 1268 1266
10675 2 2 10 4 4090 4741 4740
10676 2 2 10 4 2290 2610 2289
10677 2 2 10 4 2308 2599 2307
10678 2 2 10 4 3670 6665 6095
10679 2 2 10 4 3355 4120 1390
10680 2 2 10 4 3882 4042 3881
10681 2 2 10 4 1111 1112 1110
10682 2 2 10 4 4642 4704 4643
10683 2 2 10 4 4715 4716 4714
10684 2 2 10 4 2278 2284 2276
10685 2 2 10 4 6575 6587 1574
10686 2 2 10 4 1052 1054 1050
10687 2 2 10 4 2440 2651 2176
10688 2 2 10 4 3223 4090 4089
10689 2 2 10 4 3872 3874 3871
10690 2 2 10 4 3810 6659 3004
10691 2 2 10 4 881 883 882
10692 2 2 10 4 923 924 922
10693 2 2 10 4 3413 4414 4022
10694 2 2 10 4 330 6664 331
10695 2 2 10 4 2071 2072 2068
10696 2 2 10 4 1271 1272 1270
10697 2 2 10 4 4459 4481 4458
10698 2 2 10 4 4681 6941 4336
10699 2 2 10 4 3235 6663 3896
10700 2 2 10 4 2441 3421 2606
10701 2 2 10 4 6482 6680 3835
10702 2 2 10 4 1142 6667 1115
10703 2 2 10 4 1840 1842 1841
10704 2 2 10 4 3232 3233 3231
10705 2 2 10 4 3228 3229 2686
10706 2 2 10 4 6466 6858 124
10707 2 2 10 4 2296 2297 2287
10708 2 2 10 4 738 7635 4913
10709 2 2 10 4 1779 1783 1782
10710 2 2 10 4 3247 3555 3251
10711 2 2 10 4 883 885 884
10712 2 2 10 4 3203 3881 1855
10713 2 2 10 4 5303 7923 4571
10714 2 2 10 4 6555 6743 4352
10715 2 2 10 4 2774 3259 3154
10716 2 2 10 4 4004 4007 2058
10717 2 2 10 4 1226 1231 1230
10718 2 2 10 4 1951 6799 2959
10719 2 2 10 4 149 7070 741
10720 2 2 10 4 1080 1082 1081
10721 2 2 10 4 5002 7877 3593
10722 2 2 10 4 6755 7004 5307
10723 2 2 10 4 4698 7987 7668
10724 2 2 10 4 4043 4613 4042
10725 2 2 10 4 6061 7501 6403
10726 2 2 10 4 6520 6938 3778
10727 2 2 10 4 1932 6668 6296
10728 2 2 10 4 3191 4547 4546
10729 2 2 10 4 1862 1872 1864
10730 2 2 10 4 2274 2605 2272
10731 2 2 10 4 4954 7139 4117
10732 2 2 10 4 5740 6573 2609
10733 2 2 10 4 7862 7971 3984
10734 2 2 10 4 4707 7636 4839
10735 2 2 10 4 1313 1316 1315
10736 2 2 10 4 3259 4102 3260
10737 2 2 10 4 2306 2307 2294
10738 2 2 10 4 4430 6893 6892
10739 2 2 10 4 2221 2223 2222
10740 2 2 10 4 3831 4684 4020
10741 2 2 10 4 2600 2781 2599
10742 2 2 10 4 1907 6610 1926
10743 2 2 10 4 4857 4858 3897
10744 2 2 10 4 4355 7001 4356
10745 2 2 10 4 1969 8010 5605
10746 2 2 10 4 2738 3130 3129
10747 2 2 10 4 2609 6573 4855
10748 2 2 10 4 2145 2201 2147
10749 2 2 10 4 3389 4485 3478
10750 2 2 10 4 4046 5961 5260
10751 2 2 10 4 1113 1114 1112
10752 2 2 10 4 4704 4758 4705
10753 2 2 10 4 3439 4579 2878
10754 2 2 10 4 3875 3893 3874
10755 2 2 10 4 2509 2510 2508
10756 2 2 10 4 2360 2361 2359
10757 2 2 10 4 3876 6933 6800
10758 2 2 10 4 3234 3237 3233
10759 2 2 10 4 2327 2329 2328
10760 2 2 10 4 3884 3885 3328
10761 2 2 10 4 3304 3842 3841
10762 2 2 10 4 3896 3897 3297
10763 2 2 10 4 1952 6648 1909
10764 2 2 10 4 1729 1730 1728
10765 2 2 10 4 4482 4490 4481
10766 2 2 10 4 7633 7845 4775
10767 2 2 10 4 3912 3913 3911
10768 2 2 10 4 4348 7222 5929
10769 2 2 10 4 1277 1278 1276
10770 2 2 10 4 2635 6949 5624
10771 2 2 10 4 2830 2933 2088
10772 2 2 10 4 2037 7269 5920
10773 2 2 10 4 1842 1846 1843
10774 2 2 10 4 3357 3889 3356
10775 2 2 10 4 7361 7552 3619
10776 2 2 10 4 3958 6672 4689
10777 2 2 10 4 3138 3486 2933
10778 2 2 10 4 4787 5374 3553
10779 2 2 10 4 1701 6749 6645
10780 2 2 10 4 1128 6041 1123
10781 2 2 10 4 4627 4629 4628
10782 2 2 10 4 5831 5835 5833
10783 2 2 10 4 2400 6392 2402
10784 2 2 10 4 3329 4603 2713
10785 2 2 10 4 2975 6498 4084
10786 2 2 10 4 5943 7919 7898
10787 2 2 10 4 5709 6558 40
10788 2 2 10 4 4073 6960 6566
10789 2 2 10 4 4123 4774 3885
10790 2 2 10 4 2511 2512 2510
10791 2 2 10 4 927 928 926
10792 2 2 10 4 3143 3356 3142
10793 2 2 10 4 561 7178 5277
10794 2 2 10 4 856 857 855
10795 2 2 10 4 1689 6662 1690
10796 2 2 10 4 3548 6505 3546
10797 2 2 10 4 3518 3911 3236
10798 2 2 10 4 7228 7562 5148
10799 2 2 10 4 4257 6627 2731
10800 2 2 10 4 1813 1814 1812
10801 2 2 10 4 4743 4745 4744
10802 2 2 10 4 1772 1984 1773
10803 2 2 10 4 3130 3613 3211
10804 2 2 10 4 4153 7414 4151
10805 2 2 10 4 2362 2363 2361
10806 2 2 10 4 5707 7605 4479
10807 2 2 10 4 29 6620 596
10808 2 2 10 4 3914 4077 3913
10809 2 2 10 4 1625 7829 5542
10810 2 2 10 4 1273 1274 1272
10811 2 2 10 4 1231 1233 1232
10812 2 2 10 4 3046 3047 2651
10813 2 2 10 4 1860 3305 3303
10814 2 2 10 4 3268 3270 3269
10815 2 2 10 4 6318 6683 3468
10816 2 2 10 4 1115 1116 1114
10817 2 2 10 4 1786 1789 1788
10818 2 2 10 4 2149 2152 2151
10819 2 2 10 4 5571 6615 3201
10820 2 2 10 4 6762 6763 4671
10821 2 2 10 4 3443 5238 4075
10822 2 2 10 4 1477 6432 2730
10823 2 2 10 4 4366 6933 3876
10824 2 2 10 4 2291 6671 6459
10825 2 2 10 4 4437 4439 4438
10826 2 2 10 4 4195 7332 4207
10827 2 2 10 4 2137 3182 2775
10828 2 2 10 4 3381 6946 6743
10829 2 2 10 4 885 887 886
10830 2 2 10 4 1967 2870 2055
10831 2 2 10 4 4491 4492 4490
10832 2 2 10 4 5680 5735 2531
10833 2 2 10 4 2302 2392 2300
10834 2 2 10 4 2241 3268 3267
10835 2 2 10 4 836 6959 2785
10836 2 2 10 4 832 6959 833
10837 2 2 10 4 5304 8156 1894
10838 2 2 10 4 1846 1849 1847
10839 2 2 10 4 2763 6932 3928
10840 2 2 10 4 3399 3400 3398
10841 2 2 10 4 2643 6626 3500
10842 2 2 10 4 3444 4197 4035
10843 2 2 10 4 413 6679 699
10844 2 2 10 4 887 889 888
10845 2 2 10 4 696 6938 5525
10846 2 2 10 4 4804 7431 4184
10847 2 2 10 4 6100 7693 7223
10848 2 2 10 4 1016 6546 1015
10849 2 2 10 4 4520 5244 4242
10850 2 2 10 4 1140 1145 1132
10851 2 2 10 4 2724 7593 6916
10852 2 2 10 4 1233 1235 1234
10853 2 2 10 4 4496 6499 4980
10854 2 2 10 4 5369 6970 5368
10855 2 2 10 4 3825 6981 2098
10856 2 2 10 4 2069 2560 2074
10857 2 2 10 4 3516 4662 3517
10858 2 2 10 4 714 8207 4952
10859 2 2 10 4 3486 6568 4131
10860 2 2 10 4 2279 2280 2277
10861 2 2 10 4 6445 6940 3622
10862 2 2 10 4 3954 6999 6813
10863 2 2 10 4 4078 4670 4077
10864 2 2 10 4 5177 7692 6697
10865 2 2 10 4 3565 6681 3566
10866 2 2 10 4 1262 6678 1406
10867 2 2 10 4 4193 4548 3487
10868 2 2 10 4 2768 6780 2766
10869 2 2 10 4 2909 3443 3442
10870 2 2 10 4 4498 4573 4497
10871 2 2 10 4 5502 7677 676
10872 2 2 10 4 4157 6714 3452
10873 2 2 10 4 1246 1249 1248
10874 2 2 10 4 898 901 900
10875 2 2 10 4 2475 2477 2476
10876 2 2 10 4 4312 4815 3577
10877 2 2 10 4 1059 1060 1057
10878 2 2 10 4 2917 2918 2671
10879 2 2 10 4 4597 4598 3889
10880 2 2 10 4 2726 3516 3339
10881 2 2 10 4 4360 7008 6780
10882 2 2 10 4 3054 3427 3053
10883 2 2 10 4 2670 2671 2072
10884 2 2 10 4 3188 6929 3932
10885 2 2 10 4 5867 6947 668
10886 2 2 10 4 1733 1734 1732
10887 2 2 10 4 2364 2365 2363
10888 2 2 10 4 6223 6697 3956
10889 2 2 10 4 1117 1118 1116
10890 2 2 10 4 2513 2514 2512
10891 2 2 10 4 2472 2475 2474
10892 2 2 10 4 3633 4808 3632
10893 2 2 10 4 2189 2193 2191
10894 2 2 10 4 3968 4032 3966
10895 2 2 10 4 4013 4016 4015
10896 2 2 10 4 4534 8194 4783
10897 2 2 10 4 4511 7493 7328
10898 2 2 10 4 4493 4699 4492
10899 2 2 10 4 3091 6966 3092
10900 2 2 10 4 781 7544 6137
10901 2 2 10 4 6610 6611 1926
10902 2 2 10 4 2281 2282 2280
10903 2 2 10 4 2477 2479 2478
10904 2 2 10 4 1849 1858 1850
10905 2 2 10 4 2649 2720 2650
10906 2 2 10 4 5690 6723 5688
10907 2 2 10 4 1321 1324 1323
10908 2 2 10 4 2778 4013 4012
10909 2 2 10 4 5306 7892 5305
10910 2 2 10 4 5218 7805 3092
10911 2 2 10 4 2972 7831 6123
10912 2 2 10 4 3428 4587 3427
10913 2 2 10 4 2288 6830 2282
10914 2 2 10 4 3327 4220 4219
10915 2 2 10 4 4911 6608 4202
10916 2 2 10 4 2515 2516 2514
10917 2 2 10 4 3296 4081 2918
10918 2 2 10 4 6813 6999 2559
10919 2 2 10 4 2646 2649 2648
10920 2 2 10 4 2468 3986 2470
10921 2 2 10 4 2283 2286 2282
10922 2 2 10 4 4803 5929 3838
10923 2 2 10 4 2107 2110 2108
10924 2 2 10 4 1022 6034 1021
10925 2 2 10 4 2941 3327 3326
10926 2 2 10 4 1048 1994 1047
10927 2 2 10 4 2310 2311 2304
10928 2 2 10 4 4096 4820 3703
10929 2 2 10 4 6594 6792 4450
10930 2 2 10 4 2255 6976 3206
10931 2 2 10 4 3307 6976 2253
10932 2 2 10 4 2479 2482 2481
10933 2 2 10 4 2922 4465 2251
10934 2 2 10 4 2811 7439 5332
10935 2 2 10 4 3025 6690 3024
10936 2 2 10 4 2366 2367 2365
10937 2 2 10 4 3401 3549 3400
10938 2 2 10 4 6139 6977 6150
10939 2 2 10 4 1712 6430 1715
10940 2 2 10 4 734 6698 798
10941 2 2 10 4 4149 5949 4709
10942 2 2 10 4 2717 3318 3004
10943 2 2 10 4 1235 1237 1236
10944 2 2 10 4 933 934 932
10945 2 2 10 4 1119 1120 1118
10946 2 2 10 4 1679 6618 1680
10947 2 2 10 4 3256 3541 3255
10948 2 2 10 4 902 905 904
10949 2 2 10 4 4082 4595 4081
10950 2 2 10 4 3670 6846 6665
10951 2 2 10 4 4700 4701 4699
10952 2 2 10 4 4447 4519 4446
10953 2 2 10 4 1195 1196 1194
10954 2 2 10 4 2027 6979 2920
10955 2 2 10 4 4554 8135 7963
10956 2 2 10 4 2136 6536 2123
10957 2 2 10 4 889 891 890
10958 2 2 10 4 4068 6810 4065
10959 2 2 10 4 1737 1738 1736
10960 2 2 10 4 638 7188 203
10961 2 2 10 4 1063 6438 1061
10962 2 2 10 4 7241 7400 4654
10963 2 2 10 4 6021 6632 2186
10964 2 2 10 4 891 893 892
10965 2 2 10 4 3790 3792 3791
10966 2 2 10 4 2155 2660 2162
10967 2 2 10 4 371 6710 372
10968 2 2 10 4 1237 1239 1238
10969 2 2 10 4 4944 6716 3853
10970 2 2 10 4 3217 3827 3826
10971 2 2 10 4 2074 6807 846
10972 2 2 10 4 1483 6644 1512
10973 2 2 10 4 4619 6708 3352
10974 2 2 10 4 1186 1194 1179
10975 2 2 10 4 3370 6680 6482
10976 2 2 10 4 2441 2606 2442
10977 2 2 10 4 2381 2385 2379
10978 2 2 10 4 1015 6546 2096
10979 2 2 10 4 3775 4074 3431
10980 2 2 10 4 1197 1198 1196
10981 2 2 10 4 4261 7660 7390
10982 2 2 10 4 4064 5622 4067
10983 2 2 10 4 3562 3634 3564
10984 2 2 10 4 3940 6921 2556
10985 2 2 10 4 1792 1795 1794
10986 2 2 10 4 372 6715 373
10987 2 2 10 4 5782 8139 5783
10988 2 2 10 4 1891 6852 1896
10989 2 2 10 4 1295 6676 1292
10990 2 2 10 4 2574 3189 2652
10991 2 2 10 4 4512 4950 4536
10992 2 2 10 4 3257 6954 3799
10993 2 2 10 4 1121 1122 1120
10994 2 2 10 4 1886 1914 1897
10995 2 2 10 4 3822 6718 4419
10996 2 2 10 4 2368 2369 2367
10997 2 2 10 4 2517 2518 2516
10998 2 2 10 4 4884 6741 4166
10999 2 2 10 4 4749 4750 4748
11000 2 2 10 4 3520 6528 3843
11001 2 2 10 4 3182 6428 3886
11002 2 2 10 4 3144 5997 1998
11003 2 2 10 4 2401 6696 2399
11004 2 2 10 4 4702 4902 4701
11005 2 2 10 4 3404 6741 2218
11006 2 2 10 4 3933 7019 6718
11007 2 2 10 4 2103 2106 2101
11008 2 2 10 4 3843 4755 4691
11009 2 2 10 4 1393 6721 1396
11010 2 2 10 4 2720 3118 3080
11011 2 2 10 4 2725 6588 2442
11012 2 2 10 4 3164 3286 2571
11013 2 2 10 4 2519 2520 2518
11014 2 2 10 4 3474 6995 6239
11015 2 2 10 4 2570 2571 2408
11016 2 2 10 4 6528 7643 646
11017 2 2 10 4 3105 3106 2722
11018 2 2 10 4 1461 1517 1460
11019 2 2 10 4 1638 6752 1636
11020 2 2 10 4 3109 3350 3111
11021 2 2 10 4 5174 7737 7448
11022 2 2 10 4 3647 6752 2942
11023 2 2 10 4 1764 6643 1765
11024 2 2 10 4 5870 8028 7842
11025 2 2 10 4 3581 3927 3580
11026 2 2 10 4 3346 3906 3252
11027 2 2 10 4 3508 3509 3106
11028 2 2 10 4 4553 7786 5796
11029 2 2 10 4 935 936 934
11030 2 2 10 4 5176 7846 560
11031 2 2 10 4 1199 1200 1198
11032 2 2 10 4 1068 1069 1065
11033 2 2 10 4 1741 1742 1740
11034 2 2 10 4 1914 1951 1924
11035 2 2 10 4 4547 4618 4617
11036 2 2 10 4 4513 5515 4655
11037 2 2 10 4 5552 7417 2881
11038 2 2 10 4 1254 1257 1256
11039 2 2 10 4 2144 6503 2145
11040 2 2 10 4 2370 2371 2369
11041 2 2 10 4 1327 2450 1329
11042 2 2 10 4 4979 7745 1703
11043 2 2 10 4 3390 6714 3389
11044 2 2 10 4 3573 6638 3572
11045 2 2 10 4 1783 2052 1784
11046 2 2 10 4 3600 3602 3286
11047 2 2 10 4 4576 6704 1893
11048 2 2 10 4 2261 3168 2974
11049 2 2 10 4 1239 1243 1240
11050 2 2 10 4 6637 6968 1182
11051 2 2 10 4 4903 4904 4902
11052 2 2 10 4 3555 4666 3901
11053 2 2 10 4 3450 4371 3449
11054 2 2 10 4 1201 1202 1200
11055 2 2 10 4 3363 6743 6555
11056 2 2 10 4 1363 7213 7131
11057 2 2 10 4 6030 6957 3895
11058 2 2 10 4 1264 6678 1262
11059 2 2 10 4 1123 1125 1122
11060 2 2 10 4 2298 2756 2297
11061 2 2 10 4 1316 1363 1317
11062 2 2 10 4 1116 7200 6579
11063 2 2 10 4 1447 6826 1450
11064 2 2 10 4 1951 1981 1953
11065 2 2 10 4 2164 2167 2166
11066 2 2 10 4 3186 6685 3163
11067 2 2 10 4 3653 6538 3288
11068 2 2 10 4 2316 2732 2314
11069 2 2 10 4 2256 7263 5620
11070 2 2 10 4 1055 2197 1054
11071 2 2 10 4 908 911 910
11072 2 2 10 4 895 897 896
11073 2 2 10 4 5290 8104 5289
11074 2 2 10 4 1243 1245 1244
11075 2 2 10 4 651 7070 150
11076 2 2 10 4 893 895 894
11077 2 2 10 4 7029 7236 4149
11078 2 2 10 4 6198 7003 4672
11079 2 2 10 4 715 6853 5093
11080 2 2 10 4 7683 7916 1299
11081 2 2 10 4 5817 7665 5818
11082 2 2 10 4 4888 6681 3565
11083 2 2 10 4 2765 2956 2612
11084 2 2 10 4 6614 6945 5763
11085 2 2 10 4 3890 7029 4149
11086 2 2 10 4 1690 6662 1693
11087 2 2 10 4 2403 2410 2401
11088 2 2 10 4 3554 4982 4981
11089 2 2 10 4 4396 7164 5665
11090 2 2 10 4 4366 6966 6933
11091 2 2 10 4 2438 7006 4188
11092 2 2 10 4 3206 7006 2436
11093 2 2 10 4 2099 2569 2097
11094 2 2 10 4 941 942 940
11095 2 2 10 4 5217 7943 6939
11096 2 2 10 4 7796 7974 4886
11097 2 2 10 4 854 856 855
11098 2 2 10 4 1512 4390 1482
11099 2 2 10 4 2552 2553 2049
11100 2 2 10 4 1597 7007 1596
11101 2 2 10 4 1390 6736 1386
11102 2 2 10 4 5283 7169 2351
11103 2 2 10 4 1683 6712 1684
11104 2 2 10 4 1582 3115 1584
11105 2 2 10 4 1460 6699 5761
11106 2 2 10 4 5151 8007 5109
11107 2 2 10 4 2554 2707 2553
11108 2 2 10 4 2427 3637 2429
11109 2 2 10 4 5064 7806 643
11110 2 2 10 4 2521 2522 2520
11111 2 2 10 4 6823 7171 4844
11112 2 2 10 4 2372 2373 2371
11113 2 2 10 4 5963 6793 2046
11114 2 2 10 4 1072 1139 1070
11115 2 2 10 4 3292 3405 2653
11116 2 2 10 4 4044 4788 4066
11117 2 2 10 4 4905 5710 4904
11118 2 2 10 4 1905 6960 6449
11119 2 2 10 4 3153 3177 1665
11120 2 2 10 4 1518 1538 1517
11121 2 2 10 4 4549 5889 3481
11122 2 2 10 4 2672 7009 2687
11123 2 2 10 4 5487 8209 5486
11124 2 2 10 4 569 8014 4769
11125 2 2 10 4 3141 6743 3363
11126 2 2 10 4 5179 6771 5184
11127 2 2 10 4 5099 6772 5098
11128 2 2 10 4 3294 4212 3565
11129 2 2 10 4 2773 6764 6506
11130 2 2 10 4 500 6738 501
11131 2 2 10 4 2523 2524 2522
11132 2 2 10 4 4171 6688 5802
11133 2 2 10 4 1260 1263 1262
11134 2 2 10 4 4185 7284 964
11135 2 2 10 4 912 915 914
11136 2 2 10 4 3160 3161 2557
11137 2 2 10 4 3924 4790 3996
11138 2 2 10 4 2321 6922 6540
11139 2 2 10 4 4820 6270 3703
11140 2 2 10 4 1420 6768 1422
11141 2 2 10 4 1026 6877 1025
11142 2 2 10 4 227 7185 793
11143 2 2 10 4 2901 7013 2902
11144 2 2 10 4 2905 7013 3474
11145 2 2 10 4 2087 2198 2088
11146 2 2 10 4 4046 6884 5961
11147 2 2 10 4 1331 1334 1333
11148 2 2 10 4 2374 2375 2373
11149 2 2 10 4 1560 1561 1539
11150 2 2 10 4 2170 2755 2172
11151 2 2 10 4 3189 6708 3191
11152 2 2 10 4 6290 6749 6176
11153 2 2 10 4 4390 6432 1482
11154 2 2 10 4 851 6518 854
11155 2 2 10 4 5342 7280 1359
11156 2 2 10 4 4378 4379 4377
11157 2 2 10 4 5781 7113 5785
11158 2 2 10 4 1485 6942 6644
11159 2 2 10 4 4426 4885 3927
11160 2 2 10 4 1800 1803 1802
11161 2 2 10 4 2895 7015 2897
11162 2 2 10 4 3276 3917 3916
11163 2 2 10 4 5711 5712 5710
11164 2 2 10 4 657 7010 6703
11165 2 2 10 4 1747 1748 1746
11166 2 2 10 4 3917 4652 3918
11167 2 2 10 4 1061 1135 1060
11168 2 2 10 4 3180 3335 3331
11169 2 2 10 4 4023 6754 6186
11170 2 2 10 4 5275 7038 4881
11171 2 2 10 4 744 7076 5880
11172 2 2 10 4 1715 6744 1716
11173 2 2 10 4 3610 4053 3161
11174 2 2 10 4 1926 6726 1925
11175 2 2 10 4 2071 2668 2072
11176 2 2 10 4 4887 7964 3776
11177 2 2 10 4 2865 3009 2707
11178 2 2 10 4 1747 3952 1750
11179 2 2 10 4 4346 4348 944
11180 2 2 10 4 3747 7021 3752
11181 2 2 10 4 3090 7021 6342
11182 2 2 10 4 4195 4196 4194
11183 2 2 10 4 1562 1576 1561
11184 2 2 10 4 5916 7024 763
11185 2 2 10 4 3953 4213 3955
11186 2 2 10 4 2152 2882 2153
11187 2 2 10 4 2322 2431 2320
11188 2 2 10 4 5068 8112 5079
11189 2 2 10 4 1277 6020 1279
11190 2 2 10 4 1603 1604 1577
11191 2 2 10 4 4127 6893 4125
11192 2 2 10 4 4024 6478 1854
11193 2 2 10 4 1076 2460 1074
11194 2 2 10 4 3024 3219 2771
11195 2 2 10 4 3570 4270 4018
11196 2 2 10 4 5482 7485 725
11197 2 2 10 4 6875 7016 1994
11198 2 2 10 4 916 919 918
11199 2 2 10 4 4401 6946 3381
11200 2 2 10 4 1605 2658 1604
11201 2 2 10 4 6092 6846 3670
11202 2 2 10 4 2219 2220 1990
11203 2 2 10 4 2945 2946 2659
11204 2 2 10 4 3396 3397 3009
11205 2 2 10 4 2730 2731 1476
11206 2 2 10 4 2654 3221 3210
11207 2 2 10 4 3029 4159 3212
11208 2 2 10 4 3123 6759 3122
11209 2 2 10 4 5442 6592 5438
11210 2 2 10 4 1789 2199 1790
11211 2 2 10 4 4213 4566 4565
11212 2 2 10 4 1726 1729 1728
11213 2 2 10 4 4469 6707 3419
11214 2 2 10 4 2525 2526 2524
11215 2 2 10 4 3625 4365 4114
11216 2 2 10 4 1605 2944 2659
11217 2 2 10 4 1249 1251 1250
11218 2 2 10 4 6145 7027 2589
11219 2 2 10 4 2591 7027 3040
11220 2 2 10 4 5495 5496 5493
11221 2 2 10 4 1512 6644 4392
11222 2 2 10 4 5250 6993 6050
11223 2 2 10 4 6050 6993 3079
11224 2 2 10 4 4758 6834 4759
11225 2 2 10 4 4445 7276 6819
11226 2 2 10 4 1806 2434 1808
11227 2 2 10 4 3221 4062 3222
11228 2 2 10 4 5695 5697 5696
11229 2 2 10 4 5181 6771 5179
11230 2 2 10 4 5098 6772 5101
11231 2 2 10 4 3153 4403 3178
11232 2 2 10 4 3260 7325 3154
11233 2 2 10 4 3459 3460 2946
11234 2 2 10 4 4087 4772 4086
11235 2 2 10 4 1337 1368 1339
11236 2 2 10 4 5713 5714 5712
11237 2 2 10 4 3953 3954 1750
11238 2 2 10 4 3542 4528 3541
11239 2 2 10 4 3178 3179 3177
11240 2 2 10 4 1854 6478 1796
11241 2 2 10 4 2983 3147 2657
11242 2 2 10 4 3848 7031 4601
11243 2 2 10 4 4663 7031 6271
11244 2 2 10 4 6317 6766 3361
11245 2 2 10 4 7137 8106 5933
11246 2 2 10 4 1562 1602 1577
11247 2 2 10 4 4168 4884 4166
11248 2 2 10 4 2944 3417 2945
11249 2 2 10 4 3095 6604 2620
11250 2 2 10 4 170 7012 782
11251 2 2 10 4 680 7012 171
11252 2 2 10 4 5554 7609 2131
11253 2 2 10 4 941 3950 944
11254 2 2 10 4 3928 4580 3624
11255 2 2 10 4 3792 3794 3793
11256 2 2 10 4 2174 2440 2176
11257 2 2 10 4 2527 2528 2526
11258 2 2 10 4 3195 6695 4470
11259 2 2 10 4 2985 3647 2942
11260 2 2 10 4 1649 6961 1651
11261 2 2 10 4 4025 4026 3973
11262 2 2 10 4 3180 3181 3179
11263 2 2 10 4 2656 2657 2655
11264 2 2 10 4 3932 4633 3908
11265 2 2 10 4 5734 7656 3434
11266 2 2 10 4 838 7035 840
11267 2 2 10 4 1582 1583 1544
11268 2 2 10 4 1015 2096 1150
11269 2 2 10 4 3955 4205 3954
11270 2 2 10 4 3979 5511 3980
11271 2 2 10 4 1720 6617 1722
11272 2 2 10 4 920 923 922
11273 2 2 10 4 3024 6690 3831
11274 2 2 10 4 4466 7479 4467
11275 2 2 10 4 2728 3248 3247
11276 2 2 10 4 3950 4347 4346
11277 2 2 10 4 4799 7944 3239
11278 2 2 10 4 4457 7472 4866
11279 2 2 10 4 5404 7669 5403
11280 2 2 10 4 7795 8132 6529
11281 2 2 10 4 2831 6824 5439
11282 2 2 10 4 1251 1253 1252
11283 2 2 10 4 1324 1365 1325
11284 2 2 10 4 4269 7258 4416
11285 2 2 10 4 147 7247 2
11286 2 2 10 4 3331 3332 3181
11287 2 2 10 4 3554 3587 3334
11288 2 2 10 4 1741 2398 2397
11289 2 2 10 4 1518 1559 1539
11290 2 2 10 4 3829 4434 3828
11291 2 2 10 4 1709 7042 1706
11292 2 2 10 4 4465 6769 2251
11293 2 2 10 4 2327 2328 2324
11294 2 2 10 4 3318 4142 3810
11295 2 2 10 4 4094 6675 4095
11296 2 2 10 4 1602 2418 1603
11297 2 2 10 4 1795 1854 1796
11298 2 2 10 4 1268 1271 1270
11299 2 2 10 4 1080 1081 1078
11300 2 2 10 4 5922 7371 65
11301 2 2 10 4 2610 3173 2953
11302 2 2 10 4 5684 7390 1169
11303 2 2 10 4 960 7323 957
11304 2 2 10 4 2088 6566 2086
11305 2 2 10 4 4941 7476 4744
11306 2 2 10 4 3274 3993 3940
11307 2 2 10 4 2529 2532 2528
11308 2 2 10 4 3389 3478 3058
11309 2 2 10 4 2312 2926 2311
11310 2 2 10 4 2781 3620 3394
11311 2 2 10 4 905 907 906
11312 2 2 10 4 2620 6604 3031
11313 2 2 10 4 3905 6843 6641
11314 2 2 10 4 4508 4509 3630
11315 2 2 10 4 1425 6768 3140
11316 2 2 10 4 5279 8006 1616
11317 2 2 10 4 4708 7311 6524
11318 2 2 10 4 4425 7014 6435
11319 2 2 10 4 1519 6827 1506
11320 2 2 10 4 2415 6776 6522
11321 2 2 10 4 1655 6850 1657
11322 2 2 10 4 1810 1813 1812
11323 2 2 10 4 1487 6942 1485
11324 2 2 10 4 1157 7908 4871
11325 2 2 10 4 5694 7463 4865
11326 2 2 10 4 2398 2400 2399
11327 2 2 10 4 3837 4803 3838
11328 2 2 10 4 3623 7500 4312
11329 2 2 10 4 2606 2725 2442
11330 2 2 10 4 5126 7044 5123
11331 2 2 10 4 603 8136 5842
11332 2 2 10 4 1341 2439 1343
11333 2 2 10 4 4818 7584 4399
11334 2 2 10 4 3249 3250 3248
11335 2 2 10 4 6661 7035 4407
11336 2 2 10 4 2145 6503 2201
11337 2 2 10 4 953 6633 951
11338 2 2 10 4 748 7746 5539
11339 2 2 10 4 1038 6622 1631
11340 2 2 10 4 935 3224 2257
11341 2 2 10 4 2225 6556 2223
11342 2 2 10 4 3617 4031 3618
11343 2 2 10 4 1454 6986 1441
11344 2 2 10 4 4172 4644 4170
11345 2 2 10 4 924 927 926
11346 2 2 10 4 6645 6749 6290
11347 2 2 10 4 3915 6978 6576
11348 2 2 10 4 5481 6948 3651
11349 2 2 10 4 1425 3140 1428
11350 2 2 10 4 5293 6828 3002
11351 2 2 10 4 3273 3284 3283
11352 2 2 10 4 1199 2447 1201
11353 2 2 10 4 2096 2098 2097
11354 2 2 10 4 4636 6675 4094
11355 2 2 10 4 3237 3383 3382
11356 2 2 10 4 3508 4721 4720
11357 2 2 10 4 2635 6422 2158
11358 2 2 10 4 202 7188 752
11359 2 2 10 4 1719 2053 1720
11360 2 2 10 4 4656 5537 4602
11361 2 2 10 4 300 6692 299
11362 2 2 10 4 3164 3601 3600
11363 2 2 10 4 2533 2534 2532
11364 2 2 10 4 4350 5502 4074
11365 2 2 10 4 1123 6041 1125
11366 2 2 10 4 4437 4438 3270
11367 2 2 10 4 1551 7048 1550
11368 2 2 10 4 2331 6594 2329
11369 2 2 10 4 1769 6774 1772
11370 2 2 10 4 1859 6913 3951
11371 2 2 10 4 3992 4210 3990
11372 2 2 10 4 2200 3273 3272
11373 2 2 10 4 1705 6977 6915
11374 2 2 10 4 1274 1277 1276
11375 2 2 10 4 3047 3399 3398
11376 2 2 10 4 2098 2100 2099
11377 2 2 10 4 1086 1136 1084
11378 2 2 10 4 4384 7050 3879
11379 2 2 10 4 1257 1259 1258
11380 2 2 10 4 2400 2402 2401
11381 2 2 10 4 1584 2260 1583
11382 2 2 10 4 2780 6800 6338
11383 2 2 10 4 5036 8077 576
11384 2 2 10 4 5486 7672 5488
11385 2 2 10 4 4854 7773 3888
11386 2 2 10 4 3224 3591 3590
11387 2 2 10 4 2402 2404 2403
11388 2 2 10 4 2539 2540 2534
11389 2 2 10 4 4142 5376 4819
11390 2 2 10 4 7092 7214 3439
11391 2 2 10 4 808 6952 807
11392 2 2 10 4 2100 2102 2101
11393 2 2 10 4 2104 2107 2105
11394 2 2 10 4 1195 1220 1197
11395 2 2 10 4 2167 2955 2168
11396 2 2 10 4 4082 4908 4596
11397 2 2 10 4 2991 3809 2989
11398 2 2 10 4 2229 2242 2227
11399 2 2 10 4 4503 4757 4505
11400 2 2 10 4 2261 2973 2260
11401 2 2 10 4 3309 3609 3608
11402 2 2 10 4 4087 4773 4772
11403 2 2 10 4 3609 4825 4824
11404 2 2 10 4 3820 6502 3819
11405 2 2 10 4 2404 2407 2406
11406 2 2 10 4 2447 2721 2448
11407 2 2 10 4 856 1178 1138
11408 2 2 10 4 3601 4656 4602
11409 2 2 10 4 897 6756 898
11410 2 2 10 4 1814 1853 1816
11411 2 2 10 4 3987 4157 3452
11412 2 2 10 4 4066 6750 3306
11413 2 2 10 4 4441 4612 4439
11414 2 2 10 4 2437 7059 3388
11415 2 2 10 4 2974 3360 2973
11416 2 2 10 4 3591 5472 5237
11417 2 2 10 4 930 933 932
11418 2 2 10 4 1345 1362 1347
11419 2 2 10 4 3743 7049 4395
11420 2 2 10 4 5799 6874 2292
11421 2 2 10 4 3551 8206 5280
11422 2 2 10 4 1730 1733 1732
11423 2 2 10 4 3458 4359 3499
11424 2 2 10 4 3799 4863 3798
11425 2 2 10 4 3399 4311 3401
11426 2 2 10 4 4451 6703 4016
11427 2 2 10 4 2407 2409 2408
11428 2 2 10 4 3402 3820 3819
11429 2 2 10 4 3634 4692 3635
11430 2 2 10 4 1890 1891 1889
11431 2 2 10 4 5395 6883 5396
11432 2 2 10 4 2335 2417 2333
11433 2 2 10 4 4176 4521 4174
11434 2 2 10 4 45 6727 44
11435 2 2 10 4 2102 2104 2103
11436 2 2 10 4 3284 3402 3366
11437 2 2 10 4 721 7404 356
11438 2 2 10 4 357 7404 578
11439 2 2 10 4 2481 2542 2478
11440 2 2 10 4 1434 6621 1432
11441 2 2 10 4 3589 4448 3360
11442 2 2 10 4 1445 6826 1447
11443 2 2 10 4 5443 5762 5456
11444 2 2 10 4 1687 2215 1689
11445 2 2 10 4 1550 7048 6553
11446 2 2 10 4 2721 3103 2722
11447 2 2 10 4 1888 1889 1887
11448 2 2 10 4 2241 6556 3268
11449 2 2 10 4 2484 2530 2482
11450 2 2 10 4 4638 8050 5512
11451 2 2 10 4 4225 4369 4222
11452 2 2 10 4 1004 2449 1002
11453 2 2 10 4 628 7680 5244
11454 2 2 10 4 3103 3544 3105
11455 2 2 10 4 1279 6020 1405
11456 2 2 10 4 4585 8002 6864
11457 2 2 10 4 2409 2875 2570
11458 2 2 10 4 2573 3018 2572
11459 2 2 10 4 4219 4224 3326
11460 2 2 10 4 5322 6854 2916
11461 2 2 10 4 4770 7348 6962
11462 2 2 10 4 4114 6756 2764
11463 2 2 10 4 1090 2452 1088
11464 2 2 10 4 2917 3526 3296
11465 2 2 10 4 2468 2469 1382
11466 2 2 10 4 3418 6737 4806
11467 2 2 10 4 7369 7414 1505
11468 2 2 10 4 7013 7945 3474
11469 2 2 10 4 6680 6800 3835
11470 2 2 10 4 6977 7042 6150
11471 2 2 10 4 3177 6001 1665
11472 2 2 10 4 4478 4749 4748
11473 2 2 10 4 927 2269 2251
11474 2 2 10 4 304 6733 303
11475 2 2 10 4 2778 4011 2328
11476 2 2 10 4 1818 2457 1820
11477 2 2 10 4 5299 5744 5296
11478 2 2 10 4 667 7185 228
11479 2 2 10 4 1040 6622 1038
11480 2 2 10 4 4118 7065 3710
11481 2 2 10 4 6264 7065 2631
11482 2 2 10 4 3023 3358 3018
11483 2 2 10 4 1803 1855 1804
11484 2 2 10 4 4499 4500 3530
11485 2 2 10 4 1178 1185 1179
11486 2 2 10 4 6044 7206 4049
11487 2 2 10 4 2179 4139 1081
11488 2 2 10 4 1734 1737 1736
11489 2 2 10 4 3414 3438 2956
11490 2 2 10 4 3103 6565 3544
11491 2 2 10 4 5730 6968 6637
11492 2 2 10 4 1334 2058 1335
11493 2 2 10 4 7695 8096 635
11494 2 2 10 4 2233 2451 2231
11495 2 2 10 4 3914 4789 4078
11496 2 2 10 4 3162 7316 6145
11497 2 2 10 4 4897 7658 694
11498 2 2 10 4 4212 5539 4888
11499 2 2 10 4 2995 3527 2993
11500 2 2 10 4 4025 7345 4354
11501 2 2 10 4 1927 2188 1679
11502 2 2 10 4 3389 6714 4485
11503 2 2 10 4 5832 7201 6798
11504 2 2 10 4 3843 4691 3844
11505 2 2 10 4 3968 4538 4537
11506 2 2 10 4 5751 7060 5752
11507 2 2 10 4 3027 3965 3964
11508 2 2 10 4 2606 6943 2726
11509 2 2 10 4 1680 6618 1683
11510 2 2 10 4 2476 2535 2474
11511 2 2 10 4 861 1053 863
11512 2 2 10 4 6945 7069 3840
11513 2 2 10 4 5256 7472 4418
11514 2 2 10 4 1442 1461 1460
11515 2 2 10 4 3517 4550 3339
11516 2 2 10 4 2440 4008 3046
11517 2 2 10 4 1271 2262 1273
11518 2 2 10 4 5349 5356 5347
11519 2 2 10 4 1349 2459 1351
11520 2 2 10 4 1263 1265 1264
11521 2 2 10 4 3138 3997 3487
11522 2 2 10 4 3550 4737 3405
11523 2 2 10 4 2543 2784 2542
11524 2 2 10 4 4075 4827 3442
11525 2 2 10 4 2339 2737 2337
11526 2 2 10 4 1302 6632 1304
11527 2 2 10 4 1701 6915 6749
11528 2 2 10 4 5617 7244 7243
11529 2 2 10 4 1297 6892 1300
11530 2 2 10 4 1738 1741 1740
11531 2 2 10 4 1008 1010 1006
11532 2 2 10 4 3612 3649 3358
11533 2 2 10 4 1716 6744 1719
11534 2 2 10 4 3896 7253 4857
11535 2 2 10 4 3055 3523 3522
11536 2 2 10 4 2241 3266 2222
11537 2 2 10 4 1185 2562 1186
11538 2 2 10 4 3269 3271 3267
11539 2 2 10 4 3886 3887 2775
11540 2 2 10 4 1663 3153 1665
11541 2 2 10 4 2941 3324 2784
11542 2 2 10 4 1047 6785 1044
11543 2 2 10 4 1094 1131 1092
11544 2 2 10 4 1916 7071 1934
11545 2 2 10 4 2806 7072 6219
11546 2 2 10 4 2811 7072 2808
11547 2 2 10 4 3942 3947 3944
11548 2 2 10 4 938 941 940
11549 2 2 10 4 3386 7596 7177
11550 2 2 10 4 3232 3235 3234
11551 2 2 10 4 1202 1213 1204
11552 2 2 10 4 1984 6646 1773
11553 2 2 10 4 5329 5791 5325
11554 2 2 10 4 4020 4360 3219
11555 2 2 10 4 2269 2923 2922
11556 2 2 10 4 3518 4848 3912
11557 2 2 10 4 1822 1848 1824
11558 2 2 10 4 5247 5248 3649
11559 2 2 10 4 865 2463 867
11560 2 2 10 4 6199 6831 4057
11561 2 2 10 4 4260 6832 3795
11562 2 2 10 4 3228 3230 3229
11563 2 2 10 4 5999 6633 6008
11564 2 2 10 4 6765 7324 2431
11565 2 2 10 4 2127 2136 2123
11566 2 2 10 4 4609 4867 4673
11567 2 2 10 4 3882 4130 4043
11568 2 2 10 4 2490 2537 2488
11569 2 2 10 4 1719 2685 2053
11570 2 2 10 4 2278 2285 2284
11571 2 2 10 4 1450 4017 1510
11572 2 2 10 4 1265 1267 1266
11573 2 2 10 4 2237 2736 2235
11574 2 2 10 4 2923 3658 3395
11575 2 2 10 4 4392 4556 4391
11576 2 2 10 4 2188 6618 1679
11577 2 2 10 4 5591 7174 5592
11578 2 2 10 4 1021 6546 1016
11579 2 2 10 4 1860 2187 1764
11580 2 2 10 4 2308 2712 2600
11581 2 2 10 4 3355 4929 4120
11582 2 2 10 4 2668 3113 2670
11583 2 2 10 4 4182 4183 4180
11584 2 2 10 4 2189 2190 2188
11585 2 2 10 4 3203 3882 3881
11586 2 2 10 4 3572 4427 3982
11587 2 2 10 4 2285 2290 2289
11588 2 2 10 4 2470 2471 2469
11589 2 2 10 4 1768 6774 1769
11590 2 2 10 4 3439 4639 4579
11591 2 2 10 4 2285 2291 2290
11592 2 2 10 4 4012 4014 4011
11593 2 2 10 4 4538 4713 4539
11594 2 2 10 4 3965 3967 3966
11595 2 2 10 4 6905 6996 5853
11596 2 2 10 4 4095 6538 3653
11597 2 2 10 4 3057 3367 2999
11598 2 2 10 4 3615 6910 4919
11599 2 2 10 4 1744 1747 1746
11600 2 2 10 4 6611 6684 1926
11601 2 2 10 4 2343 2391 2341
11602 2 2 10 4 1353 1359 1355
11603 2 2 10 4 6529 8132 5287
11604 2 2 10 4 1061 6438 1135
11605 2 2 10 4 2191 2192 2190
11606 2 2 10 4 5248 5249 3649
11607 2 2 10 4 1671 1915 1673
11608 2 2 10 4 1803 3202 1855
11609 2 2 10 4 5969 7162 787
11610 2 2 10 4 2308 2600 2599
11611 2 2 10 4 2072 6576 2068
11612 2 2 10 4 2215 2216 1689
11613 2 2 10 4 2306 2308 2307
11614 2 2 10 4 2410 6696 2401
11615 2 2 10 4 5452 5454 5453
11616 2 2 10 4 1263 2263 1265
11617 2 2 10 4 1655 7090 6850
11618 2 2 10 4 1025 6034 1022
11619 2 2 10 4 2731 6627 1476
11620 2 2 10 4 3230 3232 3231
11621 2 2 10 4 2221 2222 2220
11622 2 2 10 4 1306 6649 1308
11623 2 2 10 4 2547 7407 5256
11624 2 2 10 4 2909 3223 2192
11625 2 2 10 4 3782 7138 7026
11626 2 2 10 4 2472 2473 2471
11627 2 2 10 4 2726 3337 2725
11628 2 2 10 4 3232 3234 3233
11629 2 2 10 4 3831 4020 3219
11630 2 2 10 4 3616 8051 4137
11631 2 2 10 4 2262 3393 3392
11632 2 2 10 4 3438 3963 2956
11633 2 2 10 4 4556 4557 4391
11634 2 2 10 4 945 2869 947
11635 2 2 10 4 1098 2461 1096
11636 2 2 10 4 1208 1241 1210
11637 2 2 10 4 1267 6595 1268
11638 2 2 10 4 1334 4003 2058
11639 2 2 10 4 2830 3138 2933
11640 2 2 10 4 4212 5540 5539
11641 2 2 10 4 3959 3960 3095
11642 2 2 10 4 3790 4677 3792
11643 2 2 10 4 1826 2462 1828
11644 2 2 10 4 3882 4043 4042
11645 2 2 10 4 1015 1150 1013
11646 2 2 10 4 4558 4876 4556
11647 2 2 10 4 4008 4010 4009
11648 2 2 10 4 4037 4916 4039
11649 2 2 10 4 2494 2545 2492
11650 2 2 10 4 2223 2241 2222
11651 2 2 10 4 1253 6764 1254
11652 2 2 10 4 5448 6592 5442
11653 2 2 10 4 3444 3445 3271
11654 2 2 10 4 1520 1582 1544
11655 2 2 10 4 3541 4083 3255
11656 2 2 10 4 6497 7503 5499
11657 2 2 10 4 3518 3912 3911
11658 2 2 10 4 1293 7237 1294
11659 2 2 10 4 4120 6957 1390
11660 2 2 10 4 3170 3829 3828
11661 2 2 10 4 3358 3988 3018
11662 2 2 10 4 582 7630 5794
11663 2 2 10 4 1271 1273 1272
11664 2 2 10 4 3055 3524 3523
11665 2 2 10 4 4561 4667 3887
11666 2 2 10 4 3634 5307 4692
11667 2 2 10 4 4035 4682 3445
11668 2 2 10 4 3460 4087 4086
11669 2 2 10 4 1751 2559 1753
11670 2 2 10 4 4010 4714 4432
11671 2 2 10 4 5538 8170 2106
11672 2 2 10 4 2198 3142 2830
11673 2 2 10 4 1858 6652 1850
11674 2 2 10 4 2297 6775 2287
11675 2 2 10 4 3402 4122 3820
11676 2 2 10 4 4046 4577 3842
11677 2 2 10 4 907 6812 908
11678 2 2 10 4 2245 2963 2243
11679 2 2 10 4 2440 3046 2651
11680 2 2 10 4 2137 2774 2136
11681 2 2 10 4 6566 6960 6376
11682 2 2 10 4 3305 3545 3303
11683 2 2 10 4 2167 3998 2955
11684 2 2 10 4 4742 4743 4741
11685 2 2 10 4 3303 3304 2187
11686 2 2 10 4 1631 2271 2270
11687 2 2 10 4 2045 2046 1462
11688 2 2 10 4 3235 3297 3236
11689 2 2 10 4 1891 1893 1889
11690 2 2 10 4 869 1066 871
11691 2 2 10 4 4500 4851 3530
11692 2 2 10 4 5184 7809 7205
11693 2 2 10 4 1082 2179 1081
11694 2 2 10 4 1773 6646 1775
11695 2 2 10 4 3912 3914 3913
11696 2 2 10 4 4536 7847 7370
11697 2 2 10 4 3837 3838 3287
11698 2 2 10 4 3332 3554 3334
11699 2 2 10 4 949 953 951
11700 2 2 10 4 1765 6643 1768
11701 2 2 10 4 4107 6656 4109
11702 2 2 10 4 1432 6621 2181
11703 2 2 10 4 1257 2773 1259
11704 2 2 10 4 1102 1127 1100
11705 2 2 10 4 5952 8088 4757
11706 2 2 10 4 3609 4826 4825
11707 2 2 10 4 3608 6767 2863
11708 2 2 10 4 5210 7815 723
11709 2 2 10 4 3138 3487 3486
11710 2 2 10 4 6745 7905 6578
11711 2 2 10 4 1044 6785 1043
11712 2 2 10 4 3182 3886 2775
11713 2 2 10 4 1366 1371 1369
11714 2 2 10 4 2434 7953 7736
11715 2 2 10 4 1779 6783 1783
11716 2 2 10 4 4112 4564 4102
11717 2 2 10 4 2712 3328 2713
11718 2 2 10 4 6906 7028 4480
11719 2 2 10 4 3191 6708 4547
11720 2 2 10 4 1830 1845 1832
11721 2 2 10 4 2560 3053 2561
11722 2 2 10 4 3268 3269 3267
11723 2 2 10 4 4041 4895 4253
11724 2 2 10 4 840 7035 6661
11725 2 2 10 4 4693 6638 3573
11726 2 2 10 4 2933 6566 2088
11727 2 2 10 4 4485 4517 3478
11728 2 2 10 4 2560 2561 2074
11729 2 2 10 4 3458 4802 4359
11730 2 2 10 4 1778 6783 1779
11731 2 2 10 4 3921 6740 3920
11732 2 2 10 4 1761 6890 1978
11733 2 2 10 4 2287 6775 2286
11734 2 2 10 4 2349 2387 2347
11735 2 2 10 4 2534 3021 2532
11736 2 2 10 4 4692 6545 3635
11737 2 2 10 4 3893 4861 4646
11738 2 2 10 4 3250 3423 3248
11739 2 2 10 4 2329 2778 2328
11740 2 2 10 4 1755 1759 1757
11741 2 2 10 4 3961 4389 3960
11742 2 2 10 4 905 2415 907
11743 2 2 10 4 2926 3989 2311
11744 2 2 10 4 2500 2536 2498
11745 2 2 10 4 901 6776 902
11746 2 2 10 4 2291 2293 2292
11747 2 2 10 4 3613 6629 3614
11748 2 2 10 4 4268 4479 4266
11749 2 2 10 4 1795 3929 1854
11750 2 2 10 4 927 2251 928
11751 2 2 10 4 6966 7011 3092
11752 2 2 10 4 1215 2256 1217
11753 2 2 10 4 3273 3285 3284
11754 2 2 10 4 1324 3195 1365
11755 2 2 10 4 873 2467 875
11756 2 2 10 4 3318 4143 4142
11757 2 2 10 4 1850 6652 1852
11758 2 2 10 4 630 7292 5772
11759 2 2 10 4 3516 3517 3339
11760 2 2 10 4 6145 7316 5945
11761 2 2 10 4 4078 4671 4670
11762 2 2 10 4 6723 7409 2929
11763 2 2 10 4 3914 4078 4077
11764 2 2 10 4 2293 2305 2294
11765 2 2 10 4 3443 4075 3442
11766 2 2 10 4 3554 6908 4982
11767 2 2 10 4 2025 6859 2023
11768 2 2 10 4 2917 3296 2918
11769 2 2 10 4 1106 2464 1104
11770 2 2 10 4 4193 6818 4548
11771 2 2 10 4 1374 2468 1382
11772 2 2 10 4 2475 2476 2474
11773 2 2 10 4 2923 6597 3658
11774 2 2 10 4 1576 6655 2465
11775 2 2 10 4 1834 2466 1836
11776 2 2 10 4 3824 6958 6625
11777 2 2 10 4 1249 2791 1251
11778 2 2 10 4 2685 3227 2686
11779 2 2 10 4 4255 4795 4486
11780 2 2 10 4 3615 4144 3613
11781 2 2 10 4 1677 1927 1679
11782 2 2 10 4 3202 4186 3203
11783 2 2 10 4 2412 3217 1984
11784 2 2 10 4 2305 2924 2306
11785 2 2 10 4 2152 3976 2882
11786 2 2 10 4 3968 4537 4032
11787 2 2 10 4 3147 3306 2657
11788 2 2 10 4 2636 7016 3346
11789 2 2 10 4 6169 7096 2964
11790 2 2 10 4 4027 7096 3688
11791 2 2 10 4 394 7457 395
11792 2 2 10 4 3221 4063 4062
11793 2 2 10 4 2421 6911 986
11794 2 2 10 4 2670 2917 2671
11795 2 2 10 4 2526 3007 2524
11796 2 2 10 4 3274 3995 3993
11797 2 2 10 4 2504 2547 2502
11798 2 2 10 4 877 1134 879
11799 2 2 10 4 4003 4005 4004
11800 2 2 10 4 1219 2548 1222
11801 2 2 10 4 2271 2273 2272
11802 2 2 10 4 5399 5405 5401
11803 2 2 10 4 124 6858 123
11804 2 2 10 4 2355 2388 2353
11805 2 2 10 4 2479 2481 2478
11806 2 2 10 4 3227 3632 3228
11807 2 2 10 4 2643 2644 2216
11808 2 2 10 4 3397 3557 3009
11809 2 2 10 4 1135 3919 1060
11810 2 2 10 4 4456 4807 4417
11811 2 2 10 4 2121 2127 2123
11812 2 2 10 4 6007 8147 1595
11813 2 2 10 4 4005 4497 4006
11814 2 2 10 4 3512 4604 4530
11815 2 2 10 4 4053 4163 3161
11816 2 2 10 4 2477 2478 2476
11817 2 2 10 4 3327 4219 3326
11818 2 2 10 4 3843 6528 4755
11819 2 2 10 4 3399 3401 3400
11820 2 2 10 4 1110 1126 1108
11821 2 2 10 4 3917 4765 4652
11822 2 2 10 4 4013 4015 4012
11823 2 2 10 4 3788 5587 5586
11824 2 2 10 4 5499 7763 1969
11825 2 2 10 4 1838 1844 1840
11826 2 2 10 4 2197 4357 1054
11827 2 2 10 4 2375 2383 2373
11828 2 2 10 4 5452 5453 5450
11829 2 2 10 4 230 7524 7123
11830 2 2 10 4 2104 2105 2103
11831 2 2 10 4 3625 4838 4365
11832 2 2 10 4 881 2555 883
11833 2 2 10 4 2756 4376 2297
11834 2 2 10 4 1762 1860 1764
11835 2 2 10 4 4332 4333 3963
11836 2 2 10 4 856 1138 857
11837 2 2 10 4 923 6619 924
11838 2 2 10 4 1298 7683 1299
11839 2 2 10 4 2273 2275 2274
11840 2 2 10 4 2619 3959 3095
11841 2 2 10 4 1224 2551 1226
11842 2 2 10 4 1783 2414 2052
11843 2 2 10 4 3413 4792 4414
11844 2 2 10 4 2707 3041 2553
11845 2 2 10 4 4010 7120 4715
11846 2 2 10 4 1631 2270 1037
11847 2 2 10 4 2508 2549 2506
11848 2 2 10 4 3027 3964 2562
11849 2 2 10 4 3927 4948 3580
11850 2 2 10 4 2645 2646 2644
11851 2 2 10 4 3031 6604 4277
11852 2 2 10 4 2275 2277 2276
11853 2 2 10 4 1316 3969 1363
11854 2 2 10 4 2359 2550 2357
11855 2 2 10 4 4090 4742 4741
11856 2 2 10 4 2050 2739 2738
11857 2 2 10 4 2778 6594 4013
11858 2 2 10 4 885 1144 887
11859 2 2 10 4 3524 4242 3525
11860 2 2 10 4 2131 8161 5554
11861 2 2 10 4 2658 6658 4474
11862 2 2 10 4 1125 2556 1122
11863 2 2 10 4 1243 3188 1245
11864 2 2 10 4 895 2763 897
11865 2 2 10 4 1114 2760 1112
11866 2 2 10 4 1994 2413 1047
11867 2 2 10 4 3296 4082 4081
11868 2 2 10 4 5771 7750 5770
11869 2 2 10 4 1842 2872 1846
11870 2 2 10 4 3259 4112 4102
11871 2 2 10 4 1231 2874 1233
11872 2 2 10 4 1951 2959 1981
11873 2 2 10 4 3893 4646 3874
11874 2 2 10 4 3777 7102 3692
11875 2 2 10 4 2283 7528 2295
11876 2 2 10 4 3871 3873 3393
11877 2 2 10 4 2520 2908 2518
11878 2 2 10 4 4774 4775 3885
11879 2 2 10 4 4379 4381 4377
11880 2 2 10 4 3401 4484 3549
11881 2 2 10 4 2369 2558 2367
11882 2 2 10 4 1772 2412 1984
11883 2 2 10 4 2512 2702 2510
11884 2 2 10 4 2959 6799 3485
11885 2 2 10 4 1849 1859 1858
11886 2 2 10 4 1195 1197 1196
11887 2 2 10 4 3130 3615 3613
11888 2 2 10 4 1259 6833 1260
11889 2 2 10 4 891 1149 893
11890 2 2 10 4 1237 2966 1239
11891 2 2 10 4 3572 6638 4427
11892 2 2 10 4 4776 4777 4333
11893 2 2 10 4 2649 3126 2720
11894 2 2 10 4 2516 2724 2514
11895 2 2 10 4 6537 7092 3716
11896 2 2 10 4 1880 6773 1888
11897 2 2 10 4 3304 4046 3842
11898 2 2 10 4 2286 2288 2282
11899 2 2 10 4 1120 1130 1118
11900 2 2 10 4 4858 4877 3897
11901 2 2 10 4 3356 3744 3142
11902 2 2 10 4 7514 7928 3119
11903 2 2 10 4 2365 2386 2363
11904 2 2 10 4 1859 1866 1858
11905 2 2 10 4 3176 7106 3900
11906 2 2 10 4 2187 6643 1764
11907 2 2 10 4 2574 3190 3189
11908 2 2 10 4 4808 4814 3632
11909 2 2 10 4 3572 3982 3113
11910 2 2 10 4 2286 2325 2288
11911 2 2 10 4 4875 4887 4777
11912 2 2 10 4 1896 1903 1893
11913 2 2 10 4 3257 3336 2731
11914 2 2 10 4 3998 4000 3999
11915 2 2 10 4 2687 6872 2688
11916 2 2 10 4 6598 6785 2413
11917 2 2 10 4 4082 4596 4595
11918 2 2 10 4 6033 7046 917
11919 2 2 10 4 1186 1195 1194
11920 2 2 10 4 2696 7853 5433
11921 2 2 10 4 6949 7709 5624
11922 2 2 10 4 6376 6960 1905
11923 2 2 10 4 3190 3352 3189
11924 2 2 10 4 1907 1909 1903
11925 2 2 10 4 2045 2047 2046
11926 2 2 10 4 4000 4446 4097
11927 2 2 10 4 6338 6800 6680
11928 2 2 10 4 1925 1944 1909
11929 2 2 10 4 1994 2636 2413
11930 2 2 10 4 1197 1199 1198
11931 2 2 10 4 1733 6628 1734
11932 2 2 10 4 1955 1961 1944
11933 2 2 10 4 6743 6946 4352
11934 2 2 10 4 933 935 934
11935 2 2 10 4 6974 8047 4617
11936 2 2 10 4 3965 6613 3967
11937 2 2 10 4 2572 2574 1961
11938 2 2 10 4 3105 3508 3106
11939 2 2 10 4 3164 3600 3286
11940 2 2 10 4 5796 7581 4306
11941 2 2 10 4 999 6761 1000
11942 2 2 10 4 2773 3935 3934
11943 2 2 10 4 6736 6957 6030
11944 2 2 10 4 4548 6568 3487
11945 2 2 10 4 2570 3164 2571
11946 2 2 10 4 3935 3937 3936
11947 2 2 10 4 5792 7687 767
11948 2 2 10 4 3937 4088 3939
11949 2 2 10 4 4423 7396 4422
11950 2 2 10 4 935 2257 936
11951 2 2 10 4 1048 6875 1994
11952 2 2 10 4 3798 4518 3336
11953 2 2 10 4 3508 4720 3509
11954 2 2 10 4 3424 4513 3423
11955 2 2 10 4 1461 1518 1517
11956 2 2 10 4 1199 1201 1200
11957 2 2 10 4 4060 6869 4469
11958 2 2 10 4 6641 6843 3506
11959 2 2 10 4 1867 1879 1866
11960 2 2 10 4 2325 2862 2719
11961 2 2 10 4 4943 7403 1248
11962 2 2 10 4 3464 7741 7156
11963 2 2 10 4 3357 7279 4597
11964 2 2 10 4 1737 6639 1738
11965 2 2 10 4 4982 4983 4981
11966 2 2 10 4 3353 3948 3352
11967 2 2 10 4 2186 6632 1302
11968 2 2 10 4 3929 3931 3930
11969 2 2 10 4 5592 7707 5983
11970 2 2 10 4 2862 3163 2863
11971 2 2 10 4 3990 3991 3989
11972 2 2 10 4 1880 1886 1879
11973 2 2 10 4 4033 4763 3948
11974 2 2 10 4 6800 6933 3835
11975 2 2 10 4 2414 6783 4508
11976 2 2 10 4 4764 4822 4763
11977 2 2 10 4 2415 2971 2416
11978 2 2 10 4 922 7302 921
11979 2 2 10 4 1125 2557 2556
11980 2 2 10 4 3163 3646 3309
11981 2 2 10 4 2959 2960 1981
11982 2 2 10 4 1512 4391 4390
11983 2 2 10 4 2763 2764 897
11984 2 2 10 4 2414 3276 2052
11985 2 2 10 4 2636 3252 2969
11986 2 2 10 4 3188 3907 1245
11987 2 2 10 4 1741 2397 1742
11988 2 2 10 4 3195 3197 3196
11989 2 2 10 4 2730 3257 2731
11990 2 2 10 4 3969 3970 1363
11991 2 2 10 4 2756 4377 4376
11992 2 2 10 4 6596 7762 1952
11993 2 2 10 4 2971 3449 3099
11994 2 2 10 4 1057 6865 1055
11995 2 2 10 4 3197 3619 3617
11996 2 2 10 4 1518 1539 1538
11997 2 2 10 4 1955 6726 2573
11998 2 2 10 4 941 944 942
11999 2 2 10 4 2047 2049 2048
12000 2 2 10 4 1517 6699 1460
12001 2 2 10 4 4379 4631 4381
12002 2 2 10 4 2300 6670 2298
12003 2 2 10 4 1311 6878 1313
12004 2 2 10 4 1560 1562 1561
12005 2 2 10 4 1537 6621 1434
12006 2 2 10 4 3153 3178 3177
12007 2 2 10 4 2540 6722 5990
12008 2 2 10 4 3335 4675 3331
12009 2 2 10 4 4260 6941 6832
12010 2 2 10 4 3448 4044 3306
12011 2 2 10 4 2375 2384 2383
12012 2 2 10 4 3069 7315 5614
12013 2 2 10 4 4063 4793 4341
12014 2 2 10 4 1747 1750 1748
12015 2 2 10 4 2669 7128 2043
12016 2 2 10 4 2034 7128 2033
12017 2 2 10 4 3118 6666 3080
12018 2 2 10 4 1462 6793 1458
12019 2 2 10 4 3976 3978 3977
12020 2 2 10 4 3300 3301 2960
12021 2 2 10 4 1135 3920 3919
12022 2 2 10 4 6965 7179 4254
12023 2 2 10 4 618 8167 5775
12024 2 2 10 4 1562 1577 1576
12025 2 2 10 4 6779 7932 4532
12026 2 2 10 4 3418 3419 3301
12027 2 2 10 4 3515 4060 3419
12028 2 2 10 4 4372 4761 3557
12029 2 2 10 4 4838 5273 4365
12030 2 2 10 4 3624 3625 2764
12031 2 2 10 4 2198 2830 2088
12032 2 2 10 4 1603 1605 1604
12033 2 2 10 4 3908 3909 3907
12034 2 2 10 4 4135 6812 2416
12035 2 2 10 4 3971 3972 3970
12036 2 2 10 4 3952 3953 1750
12037 2 2 10 4 4213 4565 3955
12038 2 2 10 4 1784 6673 1786
12039 2 2 10 4 3978 4194 3979
12040 2 2 10 4 3973 4315 3972
12041 2 2 10 4 3397 4372 3557
12042 2 2 10 4 2944 2945 2659
12043 2 2 10 4 1981 6674 1953
12044 2 2 10 4 3080 6666 3462
12045 2 2 10 4 1605 2659 2658
12046 2 2 10 4 2945 3459 2946
12047 2 2 10 4 3920 3922 3919
12048 2 2 10 4 2668 2670 2072
12049 2 2 10 4 1953 6674 1967
12050 2 2 10 4 3976 3977 2882
12051 2 2 10 4 3953 3955 3954
12052 2 2 10 4 6718 7019 3388
12053 2 2 10 4 1050 6875 1048
12054 2 2 10 4 4947 7588 730
12055 2 2 10 4 3147 3448 3306
12056 2 2 10 4 3923 3924 3922
12057 2 2 10 4 4063 4341 4062
12058 2 2 10 4 1246 6822 1249
12059 2 2 10 4 1602 1603 1577
12060 2 2 10 4 4042 6779 3881
12061 2 2 10 4 2384 2654 2383
12062 2 2 10 4 1254 6764 1257
12063 2 2 10 4 3178 3180 3179
12064 2 2 10 4 6296 6945 1921
12065 2 2 10 4 2147 6870 2149
12066 2 2 10 4 811 6912 812
12067 2 2 10 4 4924 8183 8068
12068 2 2 10 4 3950 4346 944
12069 2 2 10 4 4759 6834 5417
12070 2 2 10 4 902 6776 905
12071 2 2 10 4 2719 6767 3483
12072 2 2 10 4 793 6988 5881
12073 2 2 10 4 2384 2655 2654
12074 2 2 10 4 3995 4647 3993
12075 2 2 10 4 3180 3331 3181
12076 2 2 10 4 1857 6677 1862
12077 2 2 10 4 2426 6880 2423
12078 2 2 10 4 1582 1584 1583
12079 2 2 10 4 2398 2399 2397
12080 2 2 10 4 1245 6822 1246
12081 2 2 10 4 610 7033 5789
12082 2 2 10 4 4631 5631 4381
12083 2 2 10 4 3929 3930 1854
12084 2 2 10 4 4347 5517 4346
12085 2 2 10 4 7052 8044 677
12086 2 2 10 4 2096 2097 1150
12087 2 2 10 4 1043 6622 1040
12088 2 2 10 4 3920 3923 3922
12089 2 2 10 4 1702 6915 1701
12090 2 2 10 4 1559 1560 1539
12091 2 2 10 4 3923 4735 3924
12092 2 2 10 4 2414 3630 3276
12093 2 2 10 4 3829 4435 4434
12094 2 2 10 4 3969 3971 3970
12095 2 2 10 4 2606 2726 2725
12096 2 2 10 4 3188 3908 3907
12097 2 2 10 4 2763 3624 2764
12098 2 2 10 4 3195 3196 1365
12099 2 2 10 4 2415 2416 907
12100 2 2 10 4 5992 6914 5994
12101 2 2 10 4 2557 3274 2556
12102 2 2 10 4 3554 4981 3587
12103 2 2 10 4 2400 2401 2399
12104 2 2 10 4 2959 3300 2960
12105 2 2 10 4 4140 7138 3451
12106 2 2 10 4 3250 3424 3423
12107 2 2 10 4 3978 3979 3977
12108 2 2 10 4 2052 6673 1784
12109 2 2 10 4 2047 2048 2046
12110 2 2 10 4 2926 3990 3989
12111 2 2 10 4 3971 3973 3972
12112 2 2 10 4 2600 6871 2781
12113 2 2 10 4 3448 4045 4044
12114 2 2 10 4 620 7365 16
12115 2 2 10 4 2447 2448 1201
12116 2 2 10 4 3234 6886 3237
12117 2 2 10 4 3224 3590 2257
12118 2 2 10 4 3300 3418 3301
12119 2 2 10 4 2773 3934 1259
12120 2 2 10 4 3418 3515 3419
12121 2 2 10 4 3998 3999 2955
12122 2 2 10 4 3601 4602 3600
12123 2 2 10 4 2298 6670 2756
12124 2 2 10 4 898 6756 901
12125 2 2 10 4 2100 2101 2099
12126 2 2 10 4 4826 6468 4825
12127 2 2 10 4 2098 2099 2097
12128 2 2 10 4 1584 2261 2260
12129 2 2 10 4 2402 2403 2401
12130 2 2 10 4 1687 6712 2215
12131 2 2 10 4 2049 2200 2048
12132 2 2 10 4 3591 5237 3590
12133 2 2 10 4 2636 2969 2413
12134 2 2 10 4 2404 2406 2403
12135 2 2 10 4 1055 6865 2197
12136 2 2 10 4 2102 2103 2101
12137 2 2 10 4 3891 6918 4138
12138 2 2 10 4 3931 4116 3930
12139 2 2 10 4 1891 1896 1893
12140 2 2 10 4 2261 2974 2973
12141 2 2 10 4 3190 3353 3352
12142 2 2 10 4 1178 1179 1138
12143 2 2 10 4 1450 6826 4017
12144 2 2 10 4 15 7365 777
12145 2 2 10 4 2721 2722 2448
12146 2 2 10 4 2685 2686 2053
12147 2 2 10 4 1985 7090 1653
12148 2 2 10 4 4003 4004 2058
12149 2 2 10 4 4908 5646 4596
12150 2 2 10 4 6892 6893 2186
12151 2 2 10 4 683 7816 5281
12152 2 2 10 4 5924 6991 4216
12153 2 2 10 4 2481 2543 2542
12154 2 2 10 4 3487 6568 3486
12155 2 2 10 4 3449 4101 3099
12156 2 2 10 4 1859 1867 1866
12157 2 2 10 4 3202 3203 1855
12158 2 2 10 4 2971 3099 2416
12159 2 2 10 4 2325 2719 2288
12160 2 2 10 4 2409 2570 2408
12161 2 2 10 4 3252 3458 2969
12162 2 2 10 4 3524 3525 3523
12163 2 2 10 4 2407 2408 2406
12164 2 2 10 4 3438 4332 3963
12165 2 2 10 4 3589 5982 4448
12166 2 2 10 4 2468 2470 2469
12167 2 2 10 4 3103 3105 2722
12168 2 2 10 4 3197 3617 3196
12169 2 2 10 4 794 7363 68
12170 2 2 10 4 2269 2922 2251
12171 2 2 10 4 2778 4012 4011
12172 2 2 10 4 2241 3267 3266
12173 2 2 10 4 1880 1887 1886
12174 2 2 10 4 3353 4033 3948
12175 2 2 10 4 3257 3798 3336
12176 2 2 10 4 2262 3392 1273
12177 2 2 10 4 3163 3309 2863
12178 2 2 10 4 3997 4193 3487
12179 2 2 10 4 1867 1880 1879
12180 2 2 10 4 4033 4764 4763
12181 2 2 10 4 4008 4009 3046
12182 2 2 10 4 2974 3589 3360
12183 2 2 10 4 2862 2863 2719
12184 2 2 10 4 2215 2643 2216
12185 2 2 10 4 3517 4712 4550
12186 2 2 10 4 5794 7401 5795
12187 2 2 10 4 2712 2713 2600
12188 2 2 10 4 1185 1186 1179
12189 2 2 10 4 2412 3530 3217
12190 2 2 10 4 1927 2189 2188
12191 2 2 10 4 3053 3055 2561
12192 2 2 10 4 4538 4539 4537
12193 2 2 10 4 3965 3966 3964
12194 2 2 10 4 3937 3939 3936
12195 2 2 10 4 3424 4514 4513
12196 2 2 10 4 3269 3444 3271
12197 2 2 10 4 4020 4533 4360
12198 2 2 10 4 3935 3936 3934
12199 2 2 10 4 3615 4918 4144
12200 2 2 10 4 3886 4561 3887
12201 2 2 10 4 4088 4910 3939
12202 2 2 10 4 4046 5260 4577
12203 2 2 10 4 2216 6662 1689
12204 2 2 10 4 6684 6726 1926
12205 2 2 10 4 4075 4828 4827
12206 2 2 10 4 4219 4616 4224
12207 2 2 10 4 2127 2137 2136
12208 2 2 10 4 3959 3961 3960
12209 2 2 10 4 1790 6693 1792
12210 2 2 10 4 2271 2272 2270
12211 2 2 10 4 4742 4859 4743
12212 2 2 10 4 4112 4862 4564
12213 2 2 10 4 7888 7904 6165
12214 2 2 10 4 2291 2292 2290
12215 2 2 10 4 4000 4097 3999
12216 2 2 10 4 2923 3395 2922
12217 2 2 10 4 3235 3236 3234
12218 2 2 10 4 4242 4243 3525
12219 2 2 10 4 4005 4006 4004
12220 2 2 10 4 2941 3326 3324
12221 2 2 10 4 1955 2572 1961
12222 2 2 10 4 2726 3339 3337
12223 2 2 10 4 2470 2472 2471
12224 2 2 10 4 2277 2278 2276
12225 2 2 10 4 4427 4676 3982
12226 2 2 10 4 3967 3968 3966
12227 2 2 10 4 2472 2474 2473
12228 2 2 10 4 4776 4875 4777
12229 2 2 10 4 4332 4776 4333
12230 2 2 10 4 1896 1907 1903
12231 2 2 10 4 2645 2647 2646
12232 2 2 10 4 6659 6786 3350
12233 2 2 10 4 2909 3442 3223
12234 2 2 10 4 1925 1955 1944
12235 2 2 10 4 2643 2645 2644
12236 2 2 10 4 2275 2276 2274
12237 2 2 10 4 3444 4035 3445
12238 2 2 10 4 2543 2941 2784
12239 2 2 10 4 2191 2909 2192
12240 2 2 10 4 2273 2274 2272
12241 2 2 10 4 3328 3329 2713
12242 2 2 10 4 4010 4432 4009
12243 2 2 10 4 3165 7017 3166
12244 2 2 10 4 4561 4668 4667
12245 2 2 10 4 2137 2775 2774
12246 2 2 10 4 2153 6694 2155
12247 2 2 10 4 1907 1925 1909
12248 2 2 10 4 4035 4781 4682
12249 2 2 10 4 2305 2306 2294
12250 2 2 10 4 2862 7063 3186
12251 2 2 10 4 3393 6687 3392
12252 2 2 10 4 1860 3303 2187
12253 2 2 10 4 4497 4669 4006
12254 2 2 10 4 1319 6695 1321
12255 2 2 10 4 2293 2294 2292
12256 2 2 10 4 3483 6830 2288
12257 2 2 10 4 2377 6702 2374
12258 2 2 10 4 3658 4535 3395
12259 2 2 10 4 1304 6632 1360
12260 2 2 10 4 3297 3518 3236
12261 2 2 10 4 2189 2191 2190
12262 2 2 10 4 1132 6691 1128
12263 2 2 10 4 3227 3228 2686
12264 2 2 10 4 3069 6925 1612
12265 2 2 10 4 1360 6649 1306
12266 2 2 10 4 2 7247 69
12267 2 2 10 4 644 7327 215
12268 2 2 10 4 3951 6773 1867
12269 2 2 10 4 1002 6761 999
12270 2 2 10 4 64 7371 630
12271 2 2 10 4 4800 7115 4799
12272 2 2 10 4 7818 8070 1770
12273 2 2 10 4 2671 6576 2072
12274 2 2 10 4 3835 6933 3391
12275 2 2 10 4 2379 6701 2377
12276 2 2 10 4 2374 6702 2375
12277 2 2 10 4 5917 6869 645
12278 2 2 10 4 4394 7092 6537
12279 2 2 10 4 4005 7134 4498
12280 2 2 10 4 1029 6877 1026
12281 2 2 10 4 2304 6700 2302
12282 2 2 10 4 6397 7101 1709
12283 2 2 10 4 2055 6705 2717
12284 2 2 10 4 1065 6709 1063
12285 2 2 10 4 1300 6892 2186
12286 2 2 10 4 4027 8057 5240
12287 2 2 10 4 4202 6608 6505
12288 2 2 10 4 4348 6802 944
12289 2 2 10 4 6758 7132 2393
12290 2 2 10 4 3464 7156 2854
12291 2 2 10 4 2852 7156 2855
12292 2 2 10 4 4113 6656 4107
12293 2 2 10 4 5512 8050 720
12294 2 2 10 4 2430 6878 1311
12295 2 2 10 4 2405 7428 6491
12296 2 2 10 4 3778 6938 6265
12297 2 2 10 4 2765 7008 3414
12298 2 2 10 4 4909 7618 4705
12299 2 2 10 4 6140 7098 3184
12300 2 2 10 4 3431 6706 2983
12301 2 2 10 4 1325 6711 1327
12302 2 2 10 4 5588 7718 1876
12303 2 2 10 4 4273 7473 6038
12304 2 2 10 4 4160 7259 3212
12305 2 2 10 4 5101 7882 7591
12306 2 2 10 4 4778 7132 4333
12307 2 2 10 4 2314 6713 2312
12308 2 2 10 4 67 7363 671
12309 2 2 10 4 628 6994 5840
12310 2 2 10 4 2215 6712 6626
12311 2 2 10 4 6341 7168 4460
12312 2 2 10 4 5533 7760 7735
12313 2 2 10 4 2053 6617 1720
12314 2 2 10 4 175 7150 732
12315 2 2 10 4 784 7150 176
12316 2 2 10 4 748 6840 87
12317 2 2 10 4 2882 6694 2153
12318 2 2 10 4 1268 6595 1271
12319 2 2 10 4 7156 8194 2855
12320 2 2 10 4 4654 7542 3875
12321 2 2 10 4 1722 6617 1725
12322 2 2 10 4 1308 6649 2430
12323 2 2 10 4 1775 6646 1778
12324 2 2 10 4 7385 7661 5567
12325 2 2 10 4 2983 6706 3147
12326 2 2 10 4 2162 6719 2164
12327 2 2 10 4 2543 6897 6419
12328 2 2 10 4 2223 6556 2241
12329 2 2 10 4 2199 6693 1790
12330 2 2 10 4 3878 7798 5133
12331 2 2 10 4 1896 6852 6610
12332 2 2 10 4 1709 7101 7042
12333 2 2 10 4 6576 6978 6167
12334 2 2 10 4 5722 7451 651
12335 2 2 10 4 3954 6813 1750
12336 2 2 10 4 4960 7510 6483
12337 2 2 10 4 1798 6724 1800
12338 2 2 10 4 6167 6978 1519
12339 2 2 10 4 5631 7506 7408
12340 2 2 10 4 5665 7337 5663
12341 2 2 10 4 4109 6656 4512
12342 2 2 10 4 1852 6652 2790
12343 2 2 10 4 4336 6941 4260
12344 2 2 10 4 3399 6889 4311
12345 2 2 10 4 6745 6746 5692
12346 2 2 10 4 2412 6774 4499
12347 2 2 10 4 1491 7197 1489
12348 2 2 10 4 787 7162 180
12349 2 2 10 4 179 7162 731
12350 2 2 10 4 2798 7176 2796
12351 2 2 10 4 1155 7056 1153
12352 2 2 10 4 4000 7140 4447
12353 2 2 10 4 2748 7177 3289
12354 2 2 10 4 3386 7177 2750
12355 2 2 10 4 2895 7546 7015
12356 2 2 10 4 1074 6729 1072
12357 2 2 10 4 2653 6722 2539
12358 2 2 10 4 830 7180 832
12359 2 2 10 4 1329 6732 1331
12360 2 2 10 4 4305 6940 6445
12361 2 2 10 4 2877 7092 3439
12362 2 2 10 4 5954 6968 5730
12363 2 2 10 4 6827 7369 1503
12364 2 2 10 4 2790 6677 1857
12365 2 2 10 4 1365 6711 1325
12366 2 2 10 4 6478 6724 1798
12367 2 2 10 4 3111 6734 3294
12368 2 2 10 4 6067 7550 4998
12369 2 2 10 4 6754 7239 5114
12370 2 2 10 4 5517 7493 7135
12371 2 2 10 4 4352 6946 4353
12372 2 2 10 4 2329 6594 2778
12373 2 2 10 4 924 6619 927
12374 2 2 10 4 6807 7107 850
12375 2 2 10 4 2168 6730 2170
12376 2 2 10 4 3207 7849 2943
12377 2 2 10 4 233 7234 232
12378 2 2 10 4 32 6841 5937
12379 2 2 10 4 1182 6968 6352
12380 2 2 10 4 2312 6713 2926
12381 2 2 10 4 908 6812 911
12382 2 2 10 4 1925 6726 1955
12383 2 2 10 4 2468 6856 3986
12384 2 2 10 4 2303 8108 2309
12385 2 2 10 4 5461 7862 5738
12386 2 2 10 4 4363 7066 6969
12387 2 2 10 4 6464 6867 2406
12388 2 2 10 4 1770 8070 1767
12389 2 2 10 4 6274 7862 3984
12390 2 2 10 4 1772 6774 2412
12391 2 2 10 4 1078 6751 1076
12392 2 2 10 4 4054 7196 6272
12393 2 2 10 4 3559 6755 3562
12394 2 2 10 4 1054 6875 1050
12395 2 2 10 4 2909 6837 3443
12396 2 2 10 4 2201 6870 2147
12397 2 2 10 4 6933 6966 3391
12398 2 2 10 4 6950 6951 3383
12399 2 2 10 4 4773 7293 7245
12400 2 2 10 4 4357 7016 6875
12401 2 2 10 4 7871 8047 6869
12402 2 2 10 4 3388 7059 6718
12403 2 2 10 4 4129 6953 6021
12404 2 2 10 4 4450 7427 4451
12405 2 2 10 4 7665 7880 5818
12406 2 2 10 4 4603 6871 2713
12407 2 2 10 4 3163 6685 3646
12408 2 2 10 4 3462 6666 4472
12409 2 2 10 4 1519 6882 6827
12410 2 2 10 4 366 7575 367
12411 2 2 10 4 2539 6722 2540
12412 2 2 10 4 1860 6839 3305
12413 2 2 10 4 2612 6758 2394
12414 2 2 10 4 1335 6747 1337
12415 2 2 10 4 1734 6628 1737
12416 2 2 10 4 3352 6708 3189
12417 2 2 10 4 6467 6901 2448
12418 2 2 10 4 1804 6753 1806
12419 2 2 10 4 3786 7202 4314
12420 2 2 10 4 4866 7600 4459
12421 2 2 10 4 3996 7103 3922
12422 2 2 10 4 6584 6973 6397
12423 2 2 10 4 5170 8119 7025
12424 2 2 10 4 1128 6691 6041
12425 2 2 10 4 4473 6971 6655
12426 2 2 10 4 2320 6934 2318
12427 2 2 10 4 3911 6886 3236
12428 2 2 10 4 6684 8026 4578
12429 2 2 10 4 2472 6845 2475
12430 2 2 10 4 2172 6760 2174
12431 2 2 10 4 3444 6881 4197
12432 2 2 10 4 1738 6639 1741
12433 2 2 10 4 4165 6998 4167
12434 2 2 10 4 4919 7187 5857
12435 2 2 10 4 2955 6730 2168
12436 2 2 10 4 1060 6865 1057
12437 2 2 10 4 2997 6795 2995
12438 2 2 10 4 1604 6655 1577
12439 2 2 10 4 2324 6765 2322
12440 2 2 10 4 2392 6670 2300
12441 2 2 10 4 5574 7465 1457
12442 2 2 10 4 2771 6780 2768
12443 2 2 10 4 1260 6833 1263
12444 2 2 10 4 6548 7700 4249
12445 2 2 10 4 1034 7089 1033
12446 2 2 10 4 3159 7218 3529
12447 2 2 10 4 4468 7218 3433
12448 2 2 10 4 5567 7661 1992
12449 2 2 10 4 950 6975 1017
12450 2 2 10 4 1864 7192 1869
12451 2 2 10 4 2227 6782 2225
12452 2 2 10 4 749 8043 5967
12453 2 2 10 4 1786 6673 1789
12454 2 2 10 4 2413 6785 1047
12455 2 2 10 4 3207 8144 4876
12456 2 2 10 4 3311 8188 3310
12457 2 2 10 4 2946 6658 2659
12458 2 2 10 4 1729 6944 1730
12459 2 2 10 4 1862 6677 1872
12460 2 2 10 4 1519 6978 6882
12461 2 2 10 4 928 6769 930
12462 2 2 10 4 1967 6674 2870
12463 2 2 10 4 3360 7290 2973
12464 2 2 10 4 1084 6777 1082
12465 2 2 10 4 1339 6770 1341
12466 2 2 10 4 4660 6958 3824
12467 2 2 10 4 4170 6781 4168
12468 2 2 10 4 1458 6986 1454
12469 2 2 10 4 162 7466 648
12470 2 2 10 4 2149 6870 2152
12471 2 2 10 4 6100 7223 2843
12472 2 2 10 4 2841 7223 3185
12473 2 2 10 4 636 7937 5515
12474 2 2 10 4 2993 6789 2991
12475 2 2 10 4 378 6955 729
12476 2 2 10 4 2898 7224 2896
12477 2 2 10 4 4920 7068 4921
12478 2 2 10 4 2420 7374 6004
12479 2 2 10 4 3549 6787 4478
12480 2 2 10 4 833 6959 836
12481 2 2 10 4 3240 6720 3790
12482 2 2 10 4 4433 7873 5419
12483 2 2 10 4 961 7483 2787
12484 2 2 10 4 1030 7100 1029
12485 2 2 10 4 3944 6806 3946
12486 2 2 10 4 1347 6791 1349
12487 2 2 10 4 2870 6705 2055
12488 2 2 10 4 3205 7228 2062
12489 2 2 10 4 2579 7228 3308
12490 2 2 10 4 1855 6753 1804
12491 2 2 10 4 4081 7078 2918
12492 2 2 10 4 4174 6790 4172
12493 2 2 10 4 2302 6700 2392
12494 2 2 10 4 4376 6775 2297
12495 2 2 10 4 4001 7515 7229
12496 2 2 10 4 1719 6744 2685
12497 2 2 10 4 3255 6720 3240
12498 2 2 10 4 2333 6792 2331
12499 2 2 10 4 1249 6822 2791
12500 2 2 10 4 2473 6725 2619
12501 2 2 10 4 936 6801 938
12502 2 2 10 4 5488 7582 5491
12503 2 2 10 4 2058 6747 1335
12504 2 2 10 4 3324 6825 3788
12505 2 2 10 4 942 6802 945
12506 2 2 10 4 1313 6878 1316
12507 2 2 10 4 1351 6803 1353
12508 2 2 10 4 6682 7249 5734
12509 2 2 10 4 3417 7157 5517
12510 2 2 10 4 767 7568 5806
12511 2 2 10 4 4585 6864 3438
12512 2 2 10 4 1742 6811 1744
12513 2 2 10 4 1006 6809 1004
12514 2 2 10 4 1577 6655 1576
12515 2 2 10 4 4557 7948 7393
12516 2 2 10 4 6001 6819 1669
12517 2 2 10 4 1783 6783 2414
12518 2 2 10 4 1748 6813 1751
12519 2 2 10 4 1669 6819 1671
12520 2 2 10 4 1088 6804 1086
12521 2 2 10 4 2337 6805 2335
12522 2 2 10 4 3337 6728 3413
12523 2 2 10 4 2659 6658 2658
12524 2 2 10 4 3580 6880 2426
12525 2 2 10 4 1145 6691 1132
12526 2 2 10 4 3650 7045 5239
12527 2 2 10 4 3008 7242 6232
12528 2 2 10 4 2341 6814 2339
12529 2 2 10 4 2193 6837 2191
12530 2 2 10 4 6672 7104 4689
12531 2 2 10 4 1760 6839 1762
12532 2 2 10 4 1321 6695 1324
12533 2 2 10 4 1160 7026 5503
12534 2 2 10 4 3223 6731 4090
12535 2 2 10 4 1792 6693 1795
12536 2 2 10 4 1741 6639 2398
12537 2 2 10 4 2155 6694 2660
12538 2 2 10 4 6130 7239 4023
12539 2 2 10 4 5439 6824 5443
12540 2 2 10 4 4487 7095 4256
12541 2 2 10 4 1092 6815 1090
12542 2 2 10 4 2132 7326 5564
12543 2 2 10 4 1 7318 146
12544 2 2 10 4 2986 7849 3003
12545 2 2 10 4 2610 6874 3173
12546 2 2 10 4 1651 6961 1985
12547 2 2 10 4 5296 6828 5293
12548 2 2 10 4 2764 6756 897
12549 2 2 10 4 4216 6991 4801
12550 2 2 10 4 1063 6709 6438
12551 2 2 10 4 3978 7149 4195
12552 2 2 10 4 3391 6966 3091
12553 2 2 10 4 1510 6820 1520
12554 2 2 10 4 2290 6874 2610
12555 2 2 10 4 2311 6700 2304
12556 2 2 10 4 4445 6819 6001
12557 2 2 10 4 3946 6817 4037
12558 2 2 10 4 7337 7381 5663
12559 2 2 10 4 2385 6701 2379
12560 2 2 10 4 6542 7213 3970
12561 2 2 10 4 8170 8201 4602
12562 2 2 10 4 2774 6739 3259
12563 2 2 10 4 2717 6705 3318
12564 2 2 10 4 4161 8153 4706
12565 2 2 10 4 867 6816 869
12566 2 2 10 4 214 7327 739
12567 2 2 10 4 3897 6742 3297
12568 2 2 10 4 5943 7898 7238
12569 2 2 10 4 4702 7606 4906
12570 2 2 10 4 5622 7261 640
12571 2 2 10 4 3986 6845 2470
12572 2 2 10 4 3873 6687 3393
12573 2 2 10 4 1410 7683 1301
12574 2 2 10 4 58 7605 5707
12575 2 2 10 4 1730 6944 1733
12576 2 2 10 4 4516 8027 5638
12577 2 2 10 4 1069 6709 1065
12578 2 2 10 4 5486 8209 7814
12579 2 2 10 4 4089 7382 6561
12580 2 2 10 4 4074 6706 3431
12581 2 2 10 4 5579 7728 5578
12582 2 2 10 4 1277 6894 6020
12583 2 2 10 4 7533 8152 5204
12584 2 2 10 4 2781 6871 3620
12585 2 2 10 4 3885 6748 3328
12586 2 2 10 4 7251 7726 5919
12587 2 2 10 4 2660 6719 2162
12588 2 2 10 4 1082 6777 2179
12589 2 2 10 4 6296 7069 6945
12590 2 2 10 4 2261 6873 3168
12591 2 2 10 4 610 7305 7033
12592 2 2 10 4 1327 6711 2450
12593 2 2 10 4 5325 6854 5322
12594 2 2 10 4 6488 7097 6635
12595 2 2 10 4 7097 7301 3101
12596 2 2 10 4 3132 7034 2603
12597 2 2 10 4 3237 6886 3383
12598 2 2 10 4 921 7130 6033
12599 2 2 10 4 2253 6976 2255
12600 2 2 10 4 1657 6850 1663
12601 2 2 10 4 5396 6883 5399
12602 2 2 10 4 4124 7366 4549
12603 2 2 10 4 6220 6977 6139
12604 2 2 10 4 1257 6764 2773
12605 2 2 10 4 2732 6713 2314
12606 2 2 10 4 2416 6812 907
12607 2 2 10 4 905 6776 2415
12608 2 2 10 4 4438 6881 3270
12609 2 2 10 4 5673 7436 7015
12610 2 2 10 4 4121 7500 7315
12611 2 2 10 4 3810 6786 6659
12612 2 2 10 4 3909 7047 6420
12613 2 2 10 4 3903 7086 4570
12614 2 2 10 4 6915 6977 6220
12615 2 2 10 4 4732 7491 3416
12616 2 2 10 4 2755 7120 6760
12617 2 2 10 4 3047 6889 3399
12618 2 2 10 4 3882 7062 4130
12619 2 2 10 4 2251 6769 928
12620 2 2 10 4 682 7631 5630
12621 2 2 10 4 7096 7771 2964
12622 2 2 10 4 1274 6894 1277
12623 2 2 10 4 4823 7256 4201
12624 2 2 10 4 3270 6881 3269
12625 2 2 10 4 752 7529 201
12626 2 2 10 4 3971 7153 4025
12627 2 2 10 4 4463 7776 6055
12628 2 2 10 4 1582 6820 3115
12629 2 2 10 4 2449 6761 1002
12630 2 2 10 4 2033 6979 2027
12631 2 2 10 4 4224 6825 3326
12632 2 2 10 4 7776 7922 6055
12633 2 2 10 4 4484 6787 3549
12634 2 2 10 4 2164 6719 2167
12635 2 2 10 4 6850 7090 4403
12636 2 2 10 4 3371 7772 5948
12637 2 2 10 4 3920 6740 3923
12638 2 2 10 4 947 6835 949
12639 2 2 10 4 3934 6833 1259
12640 2 2 10 4 1271 6595 2262
12641 2 2 10 4 1595 8147 6675
12642 2 2 10 4 1273 6894 1274
12643 2 2 10 4 3350 6734 3111
12644 2 2 10 4 3046 6889 3047
12645 2 2 10 4 927 6619 2269
12646 2 2 10 4 1100 6836 1098
12647 2 2 10 4 2450 6732 1329
12648 2 2 10 4 3001 8111 4961
12649 2 2 10 4 5469 7460 7184
12650 2 2 10 4 7338 8095 5903
12651 2 2 10 4 2726 6943 3516
12652 2 2 10 4 4077 7426 4461
12653 2 2 10 4 1013 6967 1011
12654 2 2 10 4 1828 6838 1830
12655 2 2 10 4 7478 7650 3387
12656 2 2 10 4 4144 6629 3613
12657 2 2 10 4 1800 6724 1803
12658 2 2 10 4 1072 6729 1139
12659 2 2 10 4 6590 7764 5058
12660 2 2 10 4 1405 6794 2050
12661 2 2 10 4 2257 6801 936
12662 2 2 10 4 2713 6871 2600
12663 2 2 10 4 625 7121 5768
12664 2 2 10 4 7370 7710 4431
12665 2 2 10 4 3405 6722 2653
12666 2 2 10 4 672 7681 6048
12667 2 2 10 4 1990 6989 1892
12668 2 2 10 4 5990 6990 5718
12669 2 2 10 4 3236 6886 3234
12670 2 2 10 4 1747 6811 3952
12671 2 2 10 4 5477 7182 4185
12672 2 2 10 4 7059 7144 4419
12673 2 2 10 4 580 7392 274
12674 2 2 10 4 6448 7053 3355
12675 2 2 10 4 2530 6897 2482
12676 2 2 10 4 4364 7289 4281
12677 2 2 10 4 6214 7289 1623
12678 2 2 10 4 5727 7186 1138
12679 2 2 10 4 1753 6847 1755
12680 2 2 10 4 645 6974 77
12681 2 2 10 4 3168 6868 2974
12682 2 2 10 4 3427 6778 3053
12683 2 2 10 4 2460 6729 1074
12684 2 2 10 4 2286 6775 2325
12685 2 2 10 4 1049 7004 1635
12686 2 2 10 4 1331 6732 1334
12687 2 2 10 4 2482 6897 2481
12688 2 2 10 4 3180 6909 3335
12689 2 2 10 4 1469 7249 1468
12690 2 2 10 4 2535 6725 2474
12691 2 2 10 4 3913 6950 3911
12692 2 2 10 4 3294 6734 4212
12693 2 2 10 4 1289 7461 1290
12694 2 2 10 4 871 6849 873
12695 2 2 10 4 6096 7294 4423
12696 2 2 10 4 5088 7863 586
12697 2 2 10 4 4550 6728 3339
12698 2 2 10 4 2403 6867 2410
12699 2 2 10 4 4192 7122 3936
12700 2 2 10 4 2170 6730 2755
12701 2 2 10 4 4827 6731 3442
12702 2 2 10 4 2397 6811 1742
12703 2 2 10 4 505 6987 557
12704 2 2 10 4 6974 7734 76
12705 2 2 10 4 2498 6969 2496
12706 2 2 10 4 4284 7029 3890
12707 2 2 10 4 941 6801 3950
12708 2 2 10 4 4666 7086 3901
12709 2 2 10 4 944 6802 942
12710 2 2 10 4 6239 6995 4424
12711 2 2 10 4 5972 7026 1160
12712 2 2 10 4 2755 6760 2172
12713 2 2 10 4 3079 6993 6411
12714 2 2 10 4 1750 6813 1748
12715 2 2 10 4 4250 7304 4805
12716 2 2 10 4 6076 7304 6261
12717 2 2 10 4 1605 6906 2944
12718 2 2 10 4 1202 6901 1213
12719 2 2 10 4 1312 7061 1310
12720 2 2 10 4 4986 7359 1145
12721 2 2 10 4 2465 6971 3170
12722 2 2 10 4 3353 7141 4034
12723 2 2 10 4 3887 6739 2775
12724 2 2 10 4 3518 6742 4848
12725 2 2 10 4 3504 7306 3735
12726 2 2 10 4 4632 7306 3502
12727 2 2 10 4 3562 6755 3634
12728 2 2 10 4 742 7825 5917
12729 2 2 10 4 3115 6873 1584
12730 2 2 10 4 1881 7295 1895
12731 2 2 10 4 3217 6788 3827
12732 2 2 10 4 2863 6767 2719
12733 2 2 10 4 5951 7073 3975
12734 2 2 10 4 4276 7634 4934
12735 2 2 10 4 1369 6856 1374
12736 2 2 10 4 1865 8083 5462
12737 2 2 10 4 1916 7866 7071
12738 2 2 10 4 5853 6996 6421
12739 2 2 10 4 4436 6964 4437
12740 2 2 10 4 7936 8150 6677
12741 2 2 10 4 1076 6751 2460
12742 2 2 10 4 5182 7945 7013
12743 2 2 10 4 5345 7117 5346
12744 2 2 10 4 4986 7704 7359
12745 2 2 10 4 2322 6765 2431
12746 2 2 10 4 3326 6825 3324
12747 2 2 10 4 7029 7225 1156
12748 2 2 10 4 1104 6857 1102
12749 2 2 10 4 7234 7252 5622
12750 2 2 10 4 1081 6751 1078
12751 2 2 10 4 3153 6850 4403
12752 2 2 10 4 1201 6901 1202
12753 2 2 10 4 1337 6747 1368
12754 2 2 10 4 651 7451 5586
12755 2 2 10 4 2046 6793 1462
12756 2 2 10 4 2956 6758 2612
12757 2 2 10 4 3137 7312 3136
12758 2 2 10 4 3529 7312 3157
12759 2 2 10 4 6831 7111 4057
12760 2 2 10 4 1867 6773 1880
12761 2 2 10 4 2431 6934 2320
12762 2 2 10 4 1806 6753 2434
12763 2 2 10 4 6152 7315 3069
12764 2 2 10 4 4121 7315 6216
12765 2 2 10 4 2474 6725 2473
12766 2 2 10 4 1832 6860 1834
12767 2 2 10 4 4256 6965 4254
12768 2 2 10 4 6470 7344 817
12769 2 2 10 4 4922 7843 4544
12770 2 2 10 4 987 7374 2420
12771 2 2 10 4 1263 6833 2263
12772 2 2 10 4 6653 7425 3322
12773 2 2 10 4 5511 7024 5916
12774 2 2 10 4 1368 6770 1339
12775 2 2 10 4 3587 7045 3650
12776 2 2 10 4 3339 6728 3337
12777 2 2 10 4 6020 6794 1405
12778 2 2 10 4 4168 6781 4884
12779 2 2 10 4 3442 6731 3223
12780 2 2 10 4 1217 6861 1219
12781 2 2 10 4 4098 7003 6198
12782 2 2 10 4 4536 7370 4111
12783 2 2 10 4 3907 6822 1245
12784 2 2 10 4 3906 6797 3252
12785 2 2 10 4 4097 8019 5775
12786 2 2 10 4 6701 6702 2377
12787 2 2 10 4 2174 6760 2440
12788 2 2 10 4 875 6863 877
12789 2 2 10 4 3297 6742 3518
12790 2 2 10 4 1461 7484 5380
12791 2 2 10 4 1157 7804 1109
12792 2 2 10 4 4471 7069 6668
12793 2 2 10 4 5475 7889 5474
12794 2 2 10 4 2225 6782 6556
12795 2 2 10 4 2775 6739 2774
12796 2 2 10 4 3020 7690 7317
12797 2 2 10 4 2436 7006 2438
12798 2 2 10 4 1113 8038 1142
12799 2 2 10 4 2280 6980 2277
12800 2 2 10 4 2328 6765 2324
12801 2 2 10 4 4890 7933 565
12802 2 2 10 4 3328 6748 3329
12803 2 2 10 4 1390 6957 6736
12804 2 2 10 4 3055 6778 3524
12805 2 2 10 4 4932 7336 3598
12806 2 2 10 4 4766 8097 4115
12807 2 2 10 4 2331 6792 6594
12808 2 2 10 4 5892 7170 6515
12809 2 2 10 4 1623 7007 1597
12810 2 2 10 4 2547 7258 7002
12811 2 2 10 4 6703 7010 4016
12812 2 2 10 4 3219 6780 2771
12813 2 2 10 4 3239 7944 1234
12814 2 2 10 4 4851 6788 3530
12815 2 2 10 4 509 7722 565
12816 2 2 10 4 718 7722 508
12817 2 2 10 4 3508 6896 4721
12818 2 2 10 4 4139 6751 1081
12819 2 2 10 4 2553 6808 2049
12820 2 2 10 4 3332 6908 3554
12821 2 2 10 4 4357 6875 1054
12822 2 2 10 4 6542 7552 7361
12823 2 2 10 4 3164 6900 3601
12824 2 2 10 4 7567 7615 5115
12825 2 2 10 4 4172 6790 4644
12826 2 2 10 4 4030 8186 3275
12827 2 2 10 4 2242 6782 2227
12828 2 2 10 4 4130 6962 4043
12829 2 2 10 4 1341 6770 2439
12830 2 2 10 4 4403 6909 3178
12831 2 2 10 4 1136 6777 1084
12832 2 2 10 4 930 6769 933
12833 2 2 10 4 2766 7008 2765
12834 2 2 10 4 5769 7402 619
12835 2 2 10 4 3312 7009 2672
12836 2 2 10 4 1892 6989 6852
12837 2 2 10 4 4644 6781 4170
12838 2 2 10 4 3458 6797 4802
12839 2 2 10 4 2590 7343 3213
12840 2 2 10 4 3425 7343 2592
12841 2 2 10 4 6276 7453 4898
12842 2 2 10 4 1086 6804 1136
12843 2 2 10 4 815 7344 4420
12844 2 2 10 4 5537 8137 2106
12845 2 2 10 4 4314 6973 6584
12846 2 2 10 4 4988 7344 6470
12847 2 2 10 4 4367 7011 4366
12848 2 2 10 4 4011 6765 2328
12849 2 2 10 4 6718 7059 4419
12850 2 2 10 4 4542 7779 4421
12851 2 2 10 4 1199 6920 2447
12852 2 2 10 4 1195 6899 1220
12853 2 2 10 4 2418 6906 1603
12854 2 2 10 4 5948 6949 5946
12855 2 2 10 4 3880 6984 6011
12856 2 2 10 4 4083 6720 3255
12857 2 2 10 4 2220 6989 1990
12858 2 2 10 4 3331 6908 3332
12859 2 2 10 4 3161 6821 2557
12860 2 2 10 4 171 7012 170
12861 2 2 10 4 2440 6760 4008
12862 2 2 10 4 2991 6789 3809
12863 2 2 10 4 1222 6885 1224
12864 2 2 10 4 1836 6888 1838
12865 2 2 10 4 5766 7143 2963
12866 2 2 10 4 2902 7013 2905
12867 2 2 10 4 4595 7478 7351
12868 2 2 10 4 2450 7134 6732
12869 2 2 10 4 4478 6787 4749
12870 2 2 10 4 3527 6789 2993
12871 2 2 10 4 4583 7752 4936
12872 2 2 10 4 879 6887 881
12873 2 2 10 4 3162 7535 5888
12874 2 2 10 4 1803 6724 3202
12875 2 2 10 4 2335 6805 2417
12876 2 2 10 4 6622 7133 4147
12877 2 2 10 4 2995 6795 3527
12878 2 2 10 4 1362 6791 1347
12879 2 2 10 4 3053 6778 3055
12880 2 2 10 4 3276 6823 3917
12881 2 2 10 4 6042 6917 2118
12882 2 2 10 4 130 7018 129
12883 2 2 10 4 4521 6790 4174
12884 2 2 10 4 3307 8164 8126
12885 2 2 10 4 2417 6792 2333
12886 2 2 10 4 1090 6815 2452
12887 2 2 10 4 1004 6809 2449
12888 2 2 10 4 3274 6821 3995
12889 2 2 10 4 3919 6865 1060
12890 2 2 10 4 2897 7015 2952
12891 2 2 10 4 5371 7020 5369
12892 2 2 10 4 1732 7495 1731
12893 2 2 10 4 1391 7293 1633
12894 2 2 10 4 4643 7618 5966
12895 2 2 10 4 4082 6923 4908
12896 2 2 10 4 1349 6791 2459
12897 2 2 10 4 5663 7381 5664
12898 2 2 10 4 5784 7583 7195
12899 2 2 10 4 6793 6986 1458
12900 2 2 10 4 1886 6983 1914
12901 2 2 10 4 2357 6895 2355
12902 2 2 10 4 3625 6829 4838
12903 2 2 10 4 3530 6788 3217
12904 2 2 10 4 1795 6693 3929
12905 2 2 10 4 938 6801 941
12906 2 2 10 4 3790 6720 4677
12907 2 2 10 4 5370 7970 5371
12908 2 2 10 4 6760 7120 4008
12909 2 2 10 4 1705 7042 6977
12910 2 2 10 4 1363 7131 1317
12911 2 2 10 4 5140 7885 5141
12912 2 2 10 4 1334 6732 4003
12913 2 2 10 4 4942 7051 4164
12914 2 2 10 4 1324 6695 3195
12915 2 2 10 4 5913 7053 6448
12916 2 2 10 4 2167 6719 3998
12917 2 2 10 4 3947 6806 3944
12918 2 2 10 4 2152 6870 3976
12919 2 2 10 4 2278 6980 6671
12920 2 2 10 4 4360 6780 3219
12921 2 2 10 4 3989 6700 2311
12922 2 2 10 4 4212 6734 5540
12923 2 2 10 4 3964 6899 2562
12924 2 2 10 4 945 6802 2869
12925 2 2 10 4 2619 6725 3959
12926 2 2 10 4 6437 6985 6436
12927 2 2 10 4 4718 7353 4190
12928 2 2 10 4 2118 6917 2121
12929 2 2 10 4 2339 6814 2737
12930 2 2 10 4 3874 6891 3871
12931 2 2 10 4 1353 6803 1359
12932 2 2 10 4 2452 6804 1088
12933 2 2 10 4 1468 7249 6682
12934 2 2 10 4 5147 7355 5143
12935 2 2 10 4 3304 6884 4046
12936 2 2 10 4 3413 6728 4792
12937 2 2 10 4 2875 6900 2570
12938 2 2 10 4 3544 6896 3105
12939 2 2 10 4 2917 6907 3526
12940 2 2 10 4 6342 7021 3747
12941 2 2 10 4 7485 7848 5202
12942 2 2 10 4 2737 6805 2337
12943 2 2 10 4 2459 6803 1351
12944 2 2 10 4 3318 6705 4143
12945 2 2 10 4 1010 6809 1006
12946 2 2 10 4 3022 7708 6574
12947 2 2 10 4 1744 6811 1747
12948 2 2 10 4 3252 6797 3458
12949 2 2 10 4 4258 7058 5424
12950 2 2 10 4 7427 7651 4451
12951 2 2 10 4 3281 7354 6136
12952 2 2 10 4 2574 6855 3190
12953 2 2 10 4 6435 7014 4343
12954 2 2 10 4 2622 7388 3581
12955 2 2 10 4 6865 7103 2197
12956 2 2 10 4 1751 6813 2559
12957 2 2 10 4 3788 6825 5587
12958 2 2 10 4 1501 7369 1505
12959 2 2 10 4 3230 6972 6663
12960 2 2 10 4 4814 6972 3632
12961 2 2 10 4 6491 7313 6490
12962 2 2 10 4 4103 7109 6471
12963 2 2 10 4 4090 6731 4742
12964 2 2 10 4 1378 7841 1346
12965 2 2 10 4 3247 6862 3555
12966 2 2 10 4 2542 6928 2478
12967 2 2 10 4 6518 6879 854
12968 2 2 10 4 2049 6808 2200
12969 2 2 10 4 4017 6820 1510
12970 2 2 10 4 4580 6829 3624
12971 2 2 10 4 4380 7767 5828
12972 2 2 10 4 5062 7022 5061
12973 2 2 10 4 2776 7039 2354
12974 2 2 10 4 2391 6814 2341
12975 2 2 10 4 2562 6899 1186
12976 2 2 10 4 6421 7019 3933
12977 2 2 10 4 3963 6758 2956
12978 2 2 10 4 1671 6819 1915
12979 2 2 10 4 3845 7025 4425
12980 2 2 10 4 6653 7815 5210
12981 2 2 10 4 6993 7049 6411
12982 2 2 10 4 4629 7000 4630
12983 2 2 10 4 1131 6815 1092
12984 2 2 10 4 6750 6963 2655
12985 2 2 10 4 3982 6907 3113
12986 2 2 10 4 3259 6739 4112
12987 2 2 10 4 3744 6902 3142
12988 2 2 10 4 2654 6963 3221
12989 2 2 10 4 883 6903 885
12990 2 2 10 4 2588 7362 2586
12991 2 2 10 4 5692 7905 6745
12992 2 2 10 4 5945 7316 5008
12993 2 2 10 4 2463 6816 867
12994 2 2 10 4 4775 6748 3885
12995 2 2 10 4 4877 6742 3897
12996 2 2 10 4 1316 6878 3969
12997 2 2 10 4 2557 6821 3274
12998 2 2 10 4 3138 6902 3997
12999 2 2 10 4 5443 6824 5762
13000 2 2 10 4 1762 6839 1860
13001 2 2 10 4 6137 7544 6077
13002 2 2 10 4 4624 7227 3893
13003 2 2 10 4 619 7605 59
13004 2 2 10 4 4037 6817 4916
13005 2 2 10 4 2308 6866 2712
13006 2 2 10 4 3630 6823 3276
13007 2 2 10 4 3634 6755 5307
13008 2 2 10 4 2589 7027 2591
13009 2 2 10 4 4208 7368 4551
13010 2 2 10 4 869 6816 1066
13011 2 2 10 4 5744 6828 5296
13012 2 2 10 4 222 7432 221
13013 2 2 10 4 741 6956 5918
13014 2 2 10 4 6830 6980 2280
13015 2 2 10 4 5907 7835 3396
13016 2 2 10 4 3914 6931 4789
13017 2 2 10 4 4948 6880 3580
13018 2 2 10 4 2738 6910 3130
13019 2 2 10 4 6996 7019 6421
13020 2 2 10 4 856 6879 1178
13021 2 2 10 4 6619 7158 5970
13022 2 2 10 4 6704 6983 1887
13023 2 2 10 4 3624 6829 3625
13024 2 2 10 4 1520 6820 1582
13025 2 2 10 4 5450 6930 5448
13026 2 2 10 4 4087 7347 4773
13027 2 2 10 4 3889 6904 3356
13028 2 2 10 4 3614 6990 3211
13029 2 2 10 4 2924 6866 2306
13030 2 2 10 4 2200 6842 3273
13031 2 2 10 4 919 7154 920
13032 2 2 10 4 3991 7470 7283
13033 2 2 10 4 3646 6848 3309
13034 2 2 10 4 3303 6884 3304
13035 2 2 10 4 3883 7053 5913
13036 2 2 10 4 2572 6855 2574
13037 2 2 10 4 3798 6851 4518
13038 2 2 10 4 3113 6907 2670
13039 2 2 10 4 2655 6963 2654
13040 2 2 10 4 200 7529 646
13041 2 2 10 4 3619 6844 3617
13042 2 2 10 4 5711 8090 5719
13043 2 2 10 4 6271 7031 3848
13044 2 2 10 4 1220 6920 1197
13045 2 2 10 4 3617 6844 4031
13046 2 2 10 4 3988 6855 3018
13047 2 2 10 4 3126 6927 6926
13048 2 2 10 4 2191 6837 2909
13049 2 2 10 4 4366 7011 6966
13050 2 2 10 4 7 7318 1
13051 2 2 10 4 2366 7037 2368
13052 2 2 10 4 1914 6983 6799
13053 2 2 10 4 784 7613 7150
13054 2 2 10 4 3632 6972 3228
13055 2 2 10 4 1098 6836 2461
13056 2 2 10 4 4881 7038 4883
13057 2 2 10 4 2536 7002 6636
13058 2 2 10 4 5779 7583 5780
13059 2 2 10 4 949 6835 953
13060 2 2 10 4 2869 6835 947
13061 2 2 10 4 3609 6848 4826
13062 2 2 10 4 3309 6848 3609
13063 2 2 10 4 1150 6967 1013
13064 2 2 10 4 5946 6949 2635
13065 2 2 10 4 5401 7005 5404
13066 2 2 10 4 2462 6838 1828
13067 2 2 10 4 4357 7397 5978
13068 2 2 10 4 4419 7144 5236
13069 2 2 10 4 1127 6836 1100
13070 2 2 10 4 2470 6845 2472
13071 2 2 10 4 4381 7408 7210
13072 2 2 10 4 2660 7140 6719
13073 2 2 10 4 2785 7035 838
13074 2 2 10 4 3041 6808 2553
13075 2 2 10 4 3273 6842 3285
13076 2 2 10 4 1830 6838 1845
13077 2 2 10 4 4163 6821 3161
13078 2 2 10 4 2050 6794 2739
13079 2 2 10 4 4863 6851 3798
13080 2 2 10 4 3248 6862 3247
13081 2 2 10 4 3526 6923 3296
13082 2 2 10 4 524 7032 634
13083 2 2 10 4 1846 6913 1849
13084 2 2 10 4 1962 7830 7822
13085 2 2 10 4 6200 7592 6831
13086 2 2 10 4 3917 6823 4765
13087 2 2 10 4 84 7652 743
13088 2 2 10 4 3142 6902 2830
13089 2 2 10 4 272 7610 751
13090 2 2 10 4 5295 7560 5297
13091 2 2 10 4 873 6849 2467
13092 2 2 10 4 450 8205 451
13093 2 2 10 4 2559 6847 1753
13094 2 2 10 4 3438 6864 4332
13095 2 2 10 4 2514 6916 2512
13096 2 2 10 4 1755 6847 1759
13097 2 2 10 4 3018 6855 2572
13098 2 2 10 4 5772 7207 778
13099 2 2 10 4 4047 7087 1871
13100 2 2 10 4 3221 6963 4063
13101 2 2 10 4 2502 7002 2500
13102 2 2 10 4 1663 6850 3153
13103 2 2 10 4 661 7689 5906
13104 2 2 10 4 5791 6854 5325
13105 2 2 10 4 2476 6928 2535
13106 2 2 10 4 3423 6862 3248
13107 2 2 10 4 6655 6971 2465
13108 2 2 10 4 1371 6856 1369
13109 2 2 10 4 183 7384 182
13110 2 2 10 4 5404 7818 7669
13111 2 2 10 4 2536 6969 2498
13112 2 2 10 4 3170 6971 3829
13113 2 2 10 4 5249 6936 3649
13114 2 2 10 4 2098 6981 2100
13115 2 2 10 4 3910 7830 5306
13116 2 2 10 4 4032 7161 3966
13117 2 2 10 4 1066 6849 871
13118 2 2 10 4 3826 7110 6646
13119 2 2 10 4 6354 7389 4055
13120 2 2 10 4 1156 7236 7029
13121 2 2 10 4 6040 7196 4146
13122 2 2 10 4 2367 6919 2365
13123 2 2 10 4 2464 6857 1104
13124 2 2 10 4 566 8207 502
13125 2 2 10 4 503 8207 714
13126 2 2 10 4 2292 6874 2290
13127 2 2 10 4 4471 7279 7069
13128 2 2 10 4 746 7680 137
13129 2 2 10 4 4016 7010 4015
13130 2 2 10 4 5399 6883 5405
13131 2 2 10 4 5752 7060 5754
13132 2 2 10 4 1374 6856 2468
13133 2 2 10 4 1834 6860 2466
13134 2 2 10 4 7229 7515 4715
13135 2 2 10 4 877 6863 1134
13136 2 2 10 4 1706 7042 1705
13137 2 2 10 4 4559 7023 4560
13138 2 2 10 4 854 6879 856
13139 2 2 10 4 1102 6857 1127
13140 2 2 10 4 4475 7369 6827
13141 2 2 10 4 1219 6861 2548
13142 2 2 10 4 5843 7041 4175
13143 2 2 10 4 4848 6931 3912
13144 2 2 10 4 3545 7724 5962
13145 2 2 10 4 1845 6860 1832
13146 2 2 10 4 4051 7668 5519
13147 2 2 10 4 3402 6937 4122
13148 2 2 10 4 3269 6881 3444
13149 2 2 10 4 1122 6921 1120
13150 2 2 10 4 4731 7107 6014
13151 2 2 10 4 4472 7159 4021
13152 2 2 10 4 7131 7213 4470
13153 2 2 10 4 572 7633 269
13154 2 2 10 4 2306 6866 2308
13155 2 2 10 4 2518 6924 2516
13156 2 2 10 4 2256 6861 1217
13157 2 2 10 4 2406 6867 2403
13158 2 2 10 4 2720 6926 3118
13159 2 2 10 4 3228 6972 3230
13160 2 2 10 4 2974 6868 3589
13161 2 2 10 4 4145 8053 5905
13162 2 2 10 4 3392 6894 1273
13163 2 2 10 4 5421 7433 6499
13164 2 2 10 4 4009 6889 3046
13165 2 2 10 4 2467 6863 875
13166 2 2 10 4 881 6887 2555
13167 2 2 10 4 1838 6888 1844
13168 2 2 10 4 1224 6885 2551
13169 2 2 10 4 1584 6873 2261
13170 2 2 10 4 1239 6929 1243
13171 2 2 10 4 893 6932 895
13172 2 2 10 4 1031 7083 1032
13173 2 2 10 4 4597 7499 4598
13174 2 2 10 4 2481 6897 2543
13175 2 2 10 4 4376 7063 6775
13176 2 2 10 4 2550 6895 2357
13177 2 2 10 4 3916 7036 6673
13178 2 2 10 4 4646 6891 3874
13179 2 2 10 4 267 7522 755
13180 2 2 10 4 5413 7704 4218
13181 2 2 10 4 5123 7044 5125
13182 2 2 10 4 763 7456 5824
13183 2 2 10 4 3545 6884 3303
13184 2 2 10 4 885 6903 1144
13185 2 2 10 4 4221 7081 4223
13186 2 2 10 4 2548 6885 1222
13187 2 2 10 4 5219 7805 5218
13188 2 2 10 4 3166 7017 3512
13189 2 2 10 4 522 7946 523
13190 2 2 10 4 1554 7048 1551
13191 2 2 10 4 5277 8162 434
13192 2 2 10 4 435 8162 694
13193 2 2 10 4 5427 7216 5432
13194 2 2 10 4 7219 8195 5876
13195 2 2 10 4 1134 6887 879
13196 2 2 10 4 2466 6888 1836
13197 2 2 10 4 2859 7416 2901
13198 2 2 10 4 2881 7417 6360
13199 2 2 10 4 73 7635 738
13200 2 2 10 4 1131 8087 6006
13201 2 2 10 4 2121 6917 2127
13202 2 2 10 4 3871 6891 3873
13203 2 2 10 4 3130 6910 3615
13204 2 2 10 4 2273 7420 2275
13205 2 2 10 4 7805 8086 3090
13206 2 2 10 4 3358 6936 3988
13207 2 2 10 4 6137 8166 781
13208 2 2 10 4 3557 6935 3009
13209 2 2 10 4 6696 7146 2399
13210 2 2 10 4 5876 8195 7906
13211 2 2 10 4 1232 7944 3034
13212 2 2 10 4 1186 6899 1195
13213 2 2 10 4 2355 6895 2388
13214 2 2 10 4 5210 7425 6653
13215 2 2 10 4 6410 7394 187
13216 2 2 10 4 186 7394 779
13217 2 2 10 4 2448 6901 1201
13218 2 2 10 4 3264 7425 3949
13219 2 2 10 4 1849 6913 1859
13220 2 2 10 4 3879 7050 4297
13221 2 2 10 4 2556 6921 1122
13222 2 2 10 4 6411 7049 3743
13223 2 2 10 4 1280 7079 1278
13224 2 2 10 4 2724 6916 2514
13225 2 2 10 4 2558 6919 2367
13226 2 2 10 4 2507 7958 2509
13227 2 2 10 4 3979 7024 5511
13228 2 2 10 4 3287 7028 2418
13229 2 2 10 4 3105 6896 3508
13230 2 2 10 4 7032 7396 634
13231 2 2 10 4 1243 6929 3188
13232 2 2 10 4 2908 6924 2518
13233 2 2 10 4 895 6932 2763
13234 2 2 10 4 2570 6900 3164
13235 2 2 10 4 1278 7245 1276
13236 2 2 10 4 3009 6935 2707
13237 2 2 10 4 2830 6902 3138
13238 2 2 10 4 2555 6903 883
13239 2 2 10 4 3178 6909 3180
13240 2 2 10 4 5453 6930 5450
13241 2 2 10 4 2670 6907 2917
13242 2 2 10 4 1603 6906 1605
13243 2 2 10 4 5765 7190 6735
13244 2 2 10 4 2277 6980 2278
13245 2 2 10 4 1887 6983 1886
13246 2 2 10 4 3356 6904 3744
13247 2 2 10 4 4131 7254 4073
13248 2 2 10 4 4675 6908 3331
13249 2 2 10 4 3285 6937 3284
13250 2 2 10 4 2739 6910 2738
13251 2 2 10 4 88 7746 748
13252 2 2 10 4 6184 8007 5155
13253 2 2 10 4 5405 7005 5401
13254 2 2 10 4 3716 7092 2877
13255 2 2 10 4 7540 7597 3640
13256 2 2 10 4 6732 7134 4003
13257 2 2 10 4 2512 6916 2702
13258 2 2 10 4 6806 6817 3946
13259 2 2 10 4 2547 7002 2502
13260 2 2 10 4 2872 6913 1846
13261 2 2 10 4 2867 7059 2437
13262 2 2 10 4 5728 7616 1289
13263 2 2 10 4 3963 7132 6758
13264 2 2 10 4 708 8014 422
13265 2 2 10 4 423 8014 569
13266 2 2 10 4 2365 6919 2386
13267 2 2 10 4 778 7268 5769
13268 2 2 10 4 576 7692 5177
13269 2 2 10 4 2500 7002 2536
13270 2 2 10 4 6973 7098 6140
13271 2 2 10 4 1120 6921 1130
13272 2 2 10 4 3126 6926 2720
13273 2 2 10 4 2516 6924 2724
13274 2 2 10 4 1149 6932 893
13275 2 2 10 4 2966 6929 1239
13276 2 2 10 4 2707 6935 3041
13277 2 2 10 4 676 7677 218
13278 2 2 10 4 5148 7562 5145
13279 2 2 10 4 6436 6985 3421
13280 2 2 10 4 6775 7063 2325
13281 2 2 10 4 6432 6954 2730
13282 2 2 10 4 7577 7796 4426
13283 2 2 10 4 4205 6999 3954
13284 2 2 10 4 3284 6937 3402
13285 2 2 10 4 3838 7028 3287
13286 2 2 10 4 6855 7141 3190
13287 2 2 10 4 2139 8148 2138
13288 2 2 10 4 5448 6930 6592
13289 2 2 10 4 1197 6920 1199
13290 2 2 10 4 4370 7926 7815
13291 2 2 10 4 738 7449 72
13292 2 2 10 4 3296 6923 4082
13293 2 2 10 4 6142 7439 2864
13294 2 2 10 4 2812 7439 2811
13295 2 2 10 4 5693 7628 1699
13296 2 2 10 4 7223 7693 5635
13297 2 2 10 4 2478 6928 2476
13298 2 2 10 4 6960 7254 6449
13299 2 2 10 4 3912 6931 3914
13300 2 2 10 4 5627 8025 4898
13301 2 2 10 4 193 7435 192
13302 2 2 10 4 3649 6936 3358
13303 2 2 10 4 3666 7441 6135
13304 2 2 10 4 3608 7794 6767
13305 2 2 10 4 7911 8004 1069
13306 2 2 10 4 7085 7233 5951
13307 2 2 10 4 5708 7643 4145
13308 2 2 10 4 6852 6989 6612
13309 2 2 10 4 6640 6969 2536
13310 2 2 10 4 976 7678 977
13311 2 2 10 4 668 7807 5249
13312 2 2 10 4 3308 7442 2581
13313 2 2 10 4 6635 7097 5674
13314 2 2 10 4 4735 7055 3924
13315 2 2 10 4 5109 8007 6184
13316 2 2 10 4 4620 7462 3499
13317 2 2 10 4 1725 7194 1726
13318 2 2 10 4 7489 7823 4813
13319 2 2 10 4 3901 7086 3903
13320 2 2 10 4 6557 8135 5523
13321 2 2 10 4 3710 7065 6264
13322 2 2 10 4 4783 8194 7156
13323 2 2 10 4 6071 8064 1960
13324 2 2 10 4 3253 7211 5466
13325 2 2 10 4 2757 7444 3425
13326 2 2 10 4 1647 7465 6323
13327 2 2 10 4 2309 8108 7055
13328 2 2 10 4 6706 7054 4134
13329 2 2 10 4 6136 7646 4965
13330 2 2 10 4 2730 6954 3257
13331 2 2 10 4 5576 8163 7749
13332 2 2 10 4 4101 8059 7975
13333 2 2 10 4 775 7754 18
13334 2 2 10 4 3908 7047 3909
13335 2 2 10 4 935 7124 3224
13336 2 2 10 4 7192 8131 1869
13337 2 2 10 4 6994 8043 5840
13338 2 2 10 4 3488 7372 5308
13339 2 2 10 4 1293 7366 7237
13340 2 2 10 4 3173 7091 2953
13341 2 2 10 4 1364 8168 7334
13342 2 2 10 4 3022 7872 7708
13343 2 2 10 4 3512 7017 4604
13344 2 2 10 4 4472 7388 7159
13345 2 2 10 4 4394 7214 7092
13346 2 2 10 4 5079 8112 5960
13347 2 2 10 4 5679 7790 5680
13348 2 2 10 4 6822 7084 2791
13349 2 2 10 4 802 7455 811
13350 2 2 10 4 2201 7149 6870
13351 2 2 10 4 6323 7481 1647
13352 2 2 10 4 1527 7465 1647
13353 2 2 10 4 2430 7153 6878
13354 2 2 10 4 650 7329 6918
13355 2 2 10 4 3028 7468 6168
13356 2 2 10 4 3685 7468 4061
13357 2 2 10 4 1934 7071 1962
13358 2 2 10 4 2808 7072 2806
13359 2 2 10 4 294 7040 293
13360 2 2 10 4 5915 6985 6437
13361 2 2 10 4 1757 7043 1760
13362 2 2 10 4 150 7070 149
13363 2 2 10 4 4564 7109 4102
13364 2 2 10 4 3208 7474 3476
13365 2 2 10 4 17 7754 620
13366 2 2 10 4 5675 7766 4061
13367 2 2 10 4 3117 7475 6221
13368 2 2 10 4 3701 7475 4540
13369 2 2 10 4 5212 7496 5104
13370 2 2 10 4 6574 7556 2061
13371 2 2 10 4 6719 7140 3998
13372 2 2 10 4 1759 7043 1757
13373 2 2 10 4 278 7792 757
13374 2 2 10 4 652 7799 142
13375 2 2 10 4 6808 6842 2200
13376 2 2 10 4 4153 7445 7414
13377 2 2 10 4 4496 7159 6499
13378 2 2 10 4 1267 7241 5971
13379 2 2 10 4 7919 8042 6842
13380 2 2 10 4 5040 7467 5042
13381 2 2 10 4 3099 7262 4135
13382 2 2 10 4 6081 7960 782
13383 2 2 10 4 703 7647 5135
13384 2 2 10 4 4157 6982 6714
13385 2 2 10 4 6147 7771 5105
13386 2 2 10 4 5864 7733 4726
13387 2 2 10 4 399 7074 400
13388 2 2 10 4 3184 7098 6144
13389 2 2 10 4 804 7455 801
13390 2 2 10 4 5014 7505 722
13391 2 2 10 4 5271 7670 5270
13392 2 2 10 4 6322 7481 6323
13393 2 2 10 4 6365 7481 4206
13394 2 2 10 4 5912 7551 6864
13395 2 2 10 4 3333 8204 6426
13396 2 2 10 4 5240 8057 7399
13397 2 2 10 4 75 7734 677
13398 2 2 10 4 4011 7324 6765
13399 2 2 10 4 6861 6965 2548
13400 2 2 10 4 1161 7056 1155
13401 2 2 10 4 787 7594 5969
13402 2 2 10 4 1842 7064 2872
13403 2 2 10 4 3417 7135 2945
13404 2 2 10 4 1677 7067 1927
13405 2 2 10 4 5001 7204 5002
13406 2 2 10 4 2229 7093 2242
13407 2 2 10 4 966 7483 963
13408 2 2 10 4 7015 7546 5673
13409 2 2 10 4 3943 7118 3941
13410 2 2 10 4 3744 7160 6902
13411 2 2 10 4 4002 8022 4635
13412 2 2 10 4 55 7837 772
13413 2 2 10 4 3127 7478 3387
13414 2 2 10 4 2494 7066 2545
13415 2 2 10 4 2418 7028 6906
13416 2 2 10 4 3950 7136 4347
13417 2 2 10 4 3203 7062 3882
13418 2 2 10 4 4289 7497 4290
13419 2 2 10 4 3151 7497 6251
13420 2 2 10 4 3988 7141 6855
13421 2 2 10 4 1167 7477 1159
13422 2 2 10 4 2257 7136 6801
13423 2 2 10 4 158 7937 636
13424 2 2 10 4 6951 7313 6491
13425 2 2 10 4 5952 7952 241
13426 2 2 10 4 6487 8036 1154
13427 2 2 10 4 6816 6970 1066
13428 2 2 10 4 5792 7808 7687
13429 2 2 10 4 4048 7504 3753
13430 2 2 10 4 4814 7253 6972
13431 2 2 10 4 1172 7532 1167
13432 2 2 10 4 7069 7279 3840
13433 2 2 10 4 2451 7093 2231
13434 2 2 10 4 6668 7069 6296
13435 2 2 10 4 3883 7267 7053
13436 2 2 10 4 4741 7476 4740
13437 2 2 10 4 4194 7024 3979
13438 2 2 10 4 706 8032 5185
13439 2 2 10 4 3907 7084 6822
13440 2 2 10 4 1118 7200 1116
13441 2 2 10 4 1647 7507 1564
13442 2 2 10 4 5970 7158 4076
13443 2 2 10 4 737 7137 5933
13444 2 2 10 4 6951 7108 3383
13445 2 2 10 4 3383 7108 3382
13446 2 2 10 4 2624 7508 2628
13447 2 2 10 4 5241 7508 2623
13448 2 2 10 4 1844 7064 1840
13449 2 2 10 4 2966 7775 5416
13450 2 2 10 4 6499 7159 2876
13451 2 2 10 4 4442 7126 4444
13452 2 2 10 4 7249 7413 5734
13453 2 2 10 4 1928 7509 1898
13454 2 2 10 4 2868 7510 6306
13455 2 2 10 4 1653 7090 1655
13456 2 2 10 4 4232 7116 4234
13457 2 2 10 4 4529 7724 7644
13458 2 2 10 4 3982 7166 6907
13459 2 2 10 4 1789 7036 2199
13460 2 2 10 4 6579 7200 6745
13461 2 2 10 4 6552 7335 6985
13462 2 2 10 4 5087 8017 2833
13463 2 2 10 4 2351 7169 2349
13464 2 2 10 4 3187 7164 7106
13465 2 2 10 4 36 8082 35
13466 2 2 10 4 5248 7934 5249
13467 2 2 10 4 5575 7749 1596
13468 2 2 10 4 6056 7520 6057
13469 2 2 10 4 6080 7520 6079
13470 2 2 10 4 2496 7066 2494
13471 2 2 10 4 3964 7161 6899
13472 2 2 10 4 4150 7105 6618
13473 2 2 10 4 5814 7246 761
13474 2 2 10 4 1675 7067 1677
13475 2 2 10 4 6003 7718 6002
13476 2 2 10 4 7370 7847 4207
13477 2 2 10 4 1994 7016 2636
13478 2 2 10 4 6708 7052 4547
13479 2 2 10 4 3003 7768 7696
13480 2 2 10 4 3735 7527 3736
13481 2 2 10 4 5670 7703 5668
13482 2 2 10 4 6352 7285 4541
13483 2 2 10 4 1840 7064 1842
13484 2 2 10 4 3406 7085 5951
13485 2 2 10 4 4616 7330 4224
13486 2 2 10 4 3924 7055 4790
13487 2 2 10 4 2918 7078 3915
13488 2 2 10 4 1138 7186 857
13489 2 2 10 4 3026 7549 3027
13490 2 2 10 4 832 7180 7038
13491 2 2 10 4 992 7374 989
13492 2 2 10 4 616 7652 85
13493 2 2 10 4 4609 7080 4867
13494 2 2 10 4 4041 7099 4895
13495 2 2 10 4 6257 7533 4338
13496 2 2 10 4 2867 7144 7059
13497 2 2 10 4 5771 8192 4785
13498 2 2 10 4 7002 7258 6636
13499 2 2 10 4 7061 7383 1310
13500 2 2 10 4 2270 7089 1037
13501 2 2 10 4 7042 7101 6150
13502 2 2 10 4 4916 7099 4039
13503 2 2 10 4 2585 7535 3162
13504 2 2 10 4 4773 7347 7293
13505 2 2 10 4 240 7952 615
13506 2 2 10 4 655 7837 56
13507 2 2 10 4 3975 7073 4958
13508 2 2 10 4 3688 7096 6169
13509 2 2 10 4 4390 6954 6432
13510 2 2 10 4 6483 7510 2868
13511 2 2 10 4 2397 7146 6811
13512 2 2 10 4 3927 7088 4948
13513 2 2 10 4 668 7934 311
13514 2 2 10 4 4064 7261 5622
13515 2 2 10 4 2910 7546 2893
13516 2 2 10 4 7156 7741 4783
13517 2 2 10 4 5586 7451 4252
13518 2 2 10 4 1493 7559 1491
13519 2 2 10 4 2953 7091 3406
13520 2 2 10 4 136 7680 628
13521 2 2 10 4 3919 7103 6865
13522 2 2 10 4 6695 7131 4470
13523 2 2 10 4 243 8124 656
13524 2 2 10 4 1760 7043 6839
13525 2 2 10 4 6986 7412 1441
13526 2 2 10 4 6150 7101 6140
13527 2 2 10 4 4341 7524 7261
13528 2 2 10 4 192 7544 191
13529 2 2 10 4 4921 7068 4924
13530 2 2 10 4 2356 7127 2358
13531 2 2 10 4 4547 7052 4618
13532 2 2 10 4 4633 7047 3908
13533 2 2 10 4 5026 7928 7514
13534 2 2 10 4 3692 7102 3693
13535 2 2 10 4 6014 7107 6807
13536 2 2 10 4 4865 7463 6142
13537 2 2 10 4 1319 7131 6695
13538 2 2 10 4 7177 7596 5020
13539 2 2 10 4 4689 7104 6012
13540 2 2 10 4 3187 7106 3176
13541 2 2 10 4 1977 7556 2828
13542 2 2 10 4 8126 8164 6772
13543 2 2 10 4 5435 7686 1439
13544 2 2 10 4 5655 7556 6574
13545 2 2 10 4 6902 7160 3997
13546 2 2 10 4 5129 7738 4753
13547 2 2 10 4 6673 7036 1789
13548 2 2 10 4 2231 7093 2229
13549 2 2 10 4 4584 8020 4841
13550 2 2 10 4 5049 7563 5052
13551 2 2 10 4 97 7666 661
13552 2 2 10 4 4893 8036 6487
13553 2 2 10 4 6798 7084 3909
13554 2 2 10 4 4474 7357 4473
13555 2 2 10 4 4057 7111 4058
13556 2 2 10 4 4186 7062 3203
13557 2 2 10 4 1683 7105 6712
13558 2 2 10 4 4491 7655 4493
13559 2 2 10 4 5876 7657 612
13560 2 2 10 4 7415 7832 5956
13561 2 2 10 4 5859 7886 788
13562 2 2 10 4 5502 7054 4074
13563 2 2 10 4 2963 7143 2243
13564 2 2 10 4 4719 7574 3466
13565 2 2 10 4 6068 7502 6396
13566 2 2 10 4 4137 8051 7410
13567 2 2 10 4 630 7350 7292
13568 2 2 10 4 6918 7329 4138
13569 2 2 10 4 2484 7172 2530
13570 2 2 10 4 1037 7089 1034
13571 2 2 10 4 4270 7198 4018
13572 2 2 10 4 6894 7114 6020
13573 2 2 10 4 4645 7540 6331
13574 2 2 10 4 3841 7112 6643
13575 2 2 10 4 5204 8152 7518
13576 2 2 10 4 4102 7109 4103
13577 2 2 10 4 6907 7166 3526
13578 2 2 10 4 658 7820 164
13579 2 2 10 4 6831 7592 4310
13580 2 2 10 4 5819 8182 607
13581 2 2 10 4 5636 7976 1287
13582 2 2 10 4 5538 8201 8170
13583 2 2 10 4 4961 8111 4962
13584 2 2 10 4 6078 7688 7607
13585 2 2 10 4 3547 8188 4791
13586 2 2 10 4 5622 7252 4067
13587 2 2 10 4 5983 7707 2801
13588 2 2 10 4 1297 7237 6892
13589 2 2 10 4 1875 7411 5621
13590 2 2 10 4 4618 7734 6974
13591 2 2 10 4 4566 7783 4565
13592 2 2 10 4 4020 7076 4533
13593 2 2 10 4 4981 7045 3587
13594 2 2 10 4 6899 7161 1220
13595 2 2 10 4 597 7792 279
13596 2 2 10 4 637 7746 89
13597 2 2 10 4 7366 7461 4549
13598 2 2 10 4 6714 6982 4485
13599 2 2 10 4 5537 8172 2569
13600 2 2 10 4 7026 7138 5503
13601 2 2 10 4 4557 7208 4391
13602 2 2 10 4 4834 7594 4837
13603 2 2 10 4 5969 7594 4832
13604 2 2 10 4 677 7635 74
13605 2 2 10 4 7922 8065 4678
13606 2 2 10 4 4319 7485 6164
13607 2 2 10 4 6970 7020 1066
13608 2 2 10 4 3828 7517 4241
13609 2 2 10 4 2381 7260 2385
13610 2 2 10 4 5896 7637 2870
13611 2 2 10 4 3355 7053 4929
13612 2 2 10 4 5988 8174 3612
13613 2 2 10 4 666 7196 6040
13614 2 2 10 4 4575 7248 6269
13615 2 2 10 4 6870 7149 3976
13616 2 2 10 4 4074 7054 6706
13617 2 2 10 4 2043 7128 2034
13618 2 2 10 4 6847 7001 1759
13619 2 2 10 4 6969 7066 2496
13620 2 2 10 4 4527 7167 4780
13621 2 2 10 4 6187 7608 2669
13622 2 2 10 4 5786 7119 5787
13623 2 2 10 4 4667 7152 3887
13624 2 2 10 4 1768 7112 6774
13625 2 2 10 4 5989 7557 4178
13626 2 2 10 4 2237 7173 2736
13627 2 2 10 4 4259 7613 4335
13628 2 2 10 4 4381 7210 4377
13629 2 2 10 4 6954 7208 3799
13630 2 2 10 4 4039 7099 4041
13631 2 2 10 4 5232 7666 98
13632 2 2 10 4 2233 7189 2451
13633 2 2 10 4 4619 7052 6708
13634 2 2 10 4 4358 7640 4641
13635 2 2 10 4 4607 7080 4609
13636 2 2 10 4 4696 7431 5732
13637 2 2 10 4 1033 7100 1030
13638 2 2 10 4 3316 7147 6013
13639 2 2 10 4 967 7511 966
13640 2 2 10 4 3700 7629 3698
13641 2 2 10 4 2861 7360 1974
13642 2 2 10 4 861 7193 1053
13643 2 2 10 4 1035 7992 5463
13644 2 2 10 4 3934 7122 6833
13645 2 2 10 4 1778 7110 6783
13646 2 2 10 4 4204 7587 3006
13647 2 2 10 4 2736 7189 2235
13648 2 2 10 4 6735 7190 2371
13649 2 2 10 4 6776 7145 6522
13650 2 2 10 4 7971 7979 6240
13651 2 2 10 4 3451 7138 3782
13652 2 2 10 4 1438 7412 1537
13653 2 2 10 4 6801 7136 3950
13654 2 2 10 4 4465 7124 6769
13655 2 2 10 4 2545 7191 2492
13656 2 2 10 4 6878 7153 3969
13657 2 2 10 4 3713 7638 3832
13658 2 2 10 4 3194 7638 6280
13659 2 2 10 4 1571 7639 1555
13660 2 2 10 4 3794 7367 3793
13661 2 2 10 4 2490 7191 2537
13662 2 2 10 4 4972 7651 4971
13663 2 2 10 4 4672 7647 4327
13664 2 2 10 4 633 7139 449
13665 2 2 10 4 2537 7203 2488
13666 2 2 10 4 4885 7088 3927
13667 2 2 10 4 4095 7438 6538
13668 2 2 10 4 3382 7108 3925
13669 2 2 10 4 5456 7753 5444
13670 2 2 10 4 5948 7772 6949
13671 2 2 10 4 4900 7653 4728
13672 2 2 10 4 2325 7063 2862
13673 2 2 10 4 6224 7654 4900
13674 2 2 10 4 6785 7133 1043
13675 2 2 10 4 2371 7190 2369
13676 2 2 10 4 6426 7276 4445
13677 2 2 10 4 1066 7020 6849
13678 2 2 10 4 5255 7144 2867
13679 2 2 10 4 1317 7131 1319
13680 2 2 10 4 189 7631 682
13681 2 2 10 4 781 7631 190
13682 2 2 10 4 5773 7373 5654
13683 2 2 10 4 3953 7342 4213
13684 2 2 10 4 6984 7194 1725
13685 2 2 10 4 6690 7057 3831
13686 2 2 10 4 4228 7175 4230
13687 2 2 10 4 4630 7097 6488
13688 2 2 10 4 6965 7095 2548
13689 2 2 10 4 6327 7147 3316
13690 2 2 10 4 5517 7157 4346
13691 2 2 10 4 5090 7424 702
13692 2 2 10 4 5258 8060 5259
13693 2 2 10 4 5807 7981 609
13694 2 2 10 4 5968 7658 4386
13695 2 2 10 4 5473 7827 4136
13696 2 2 10 4 3887 7152 6739
13697 2 2 10 4 7078 7446 3915
13698 2 2 10 4 3392 7114 6894
13699 2 2 10 4 516 7148 517
13700 2 2 10 4 7053 7267 4929
13701 2 2 10 4 6811 7146 3952
13702 2 2 10 4 1848 7220 1824
13703 2 2 10 4 5732 7623 1853
13704 2 2 10 4 217 7677 5927
13705 2 2 10 4 4955 7151 4956
13706 2 2 10 4 5595 7174 5591
13707 2 2 10 4 176 7150 175
13708 2 2 10 4 606 7270 5814
13709 2 2 10 4 6739 7152 4112
13710 2 2 10 4 4922 7911 7843
13711 2 2 10 4 7192 8097 4766
13712 2 2 10 4 4331 7813 6495
13713 2 2 10 4 901 7145 6776
13714 2 2 10 4 6846 8058 5607
13715 2 2 10 4 7071 7866 5306
13716 2 2 10 4 4553 7963 7786
13717 2 2 10 4 923 7158 6619
13718 2 2 10 4 1008 7230 1010
13719 2 2 10 4 1213 7231 1204
13720 2 2 10 4 5106 7771 7096
13721 2 2 10 4 5834 7201 5832
13722 2 2 10 4 6478 7215 6724
13723 2 2 10 4 7560 7612 5297
13724 2 2 10 4 1826 7220 2462
13725 2 2 10 4 4684 7076 4020
13726 2 2 10 4 1715 7199 6744
13727 2 2 10 4 4043 7348 4613
13728 2 2 10 4 4593 7689 4594
13729 2 2 10 4 3619 7552 5629
13730 2 2 10 4 850 7107 6518
13731 2 2 10 4 6833 7122 2263
13732 2 2 10 4 6078 7607 2910
13733 2 2 10 4 3537 7975 5243
13734 2 2 10 4 2854 7156 2852
13735 2 2 10 4 6373 7694 3777
13736 2 2 10 4 3603 7695 4303
13737 2 2 10 4 245 8151 244
13738 2 2 10 4 4254 7179 4052
13739 2 2 10 4 3330 7642 6263
13740 2 2 10 4 3286 7772 3371
13741 2 2 10 4 4779 8203 7940
13742 2 2 10 4 4938 7645 4940
13743 2 2 10 4 7147 7331 5246
13744 2 2 10 4 4453 7697 4738
13745 2 2 10 4 4952 7697 4452
13746 2 2 10 4 6910 7187 4919
13747 2 2 10 4 4873 7699 6179
13748 2 2 10 4 6069 7699 6070
13749 2 2 10 4 5426 7216 5427
13750 2 2 10 4 1727 7667 6046
13751 2 2 10 4 6020 7114 6794
13752 2 2 10 4 5919 7726 4290
13753 2 2 10 4 4651 7681 6053
13754 2 2 10 4 2801 7707 2803
13755 2 2 10 4 7283 7470 6511
13756 2 2 10 4 4309 7335 6552
13757 2 2 10 4 5943 7238 5939
13758 2 2 10 4 5168 7910 6759
13759 2 2 10 4 750 7937 159
13760 2 2 10 4 581 7221 5877
13761 2 2 10 4 180 7162 179
13762 2 2 10 4 3019 7990 5420
13763 2 2 10 4 2633 7714 2981
13764 2 2 10 4 2873 7714 2456
13765 2 2 10 4 3909 7084 3907
13766 2 2 10 4 4021 7159 4496
13767 2 2 10 4 6548 8063 195
13768 2 2 10 4 531 7165 532
13769 2 2 10 4 4297 7168 6341
13770 2 2 10 4 2528 7235 2526
13771 2 2 10 4 4075 7217 4828
13772 2 2 10 4 2900 7716 2898
13773 2 2 10 4 4145 7643 4092
13774 2 2 10 4 5375 8150 7936
13775 2 2 10 4 5806 7418 606
13776 2 2 10 4 5297 7921 5299
13777 2 2 10 4 2910 7607 7546
13778 2 2 10 4 6769 7124 933
13779 2 2 10 4 4660 7903 7810
13780 2 2 10 4 6144 7321 3420
13781 2 2 10 4 1699 7628 1700
13782 2 2 10 4 4992 7242 4991
13783 2 2 10 4 2243 7143 2239
13784 2 2 10 4 5655 7708 5653
13785 2 2 10 4 3478 7057 6690
13786 2 2 10 4 1289 7616 7461
13787 2 2 10 4 3803 8186 6517
13788 2 2 10 4 4915 7297 5536
13789 2 2 10 4 4557 7393 7208
13790 2 2 10 4 6972 7253 6663
13791 2 2 10 4 1215 7263 2256
13792 2 2 10 4 4022 7214 4394
13793 2 2 10 4 4726 7733 4723
13794 2 2 10 4 5966 7519 2551
13795 2 2 10 4 4341 7261 4062
13796 2 2 10 4 915 8101 5481
13797 2 2 10 4 3516 7622 4662
13798 2 2 10 4 5406 7492 6370
13799 2 2 10 4 5570 7194 6984
13800 2 2 10 4 4753 7738 3665
13801 2 2 10 4 6093 7738 3151
13802 2 2 10 4 5649 7225 5773
13803 2 2 10 4 3895 7537 3254
13804 2 2 10 4 6370 7492 6463
13805 2 2 10 4 4049 7206 4770
13806 2 2 10 4 7011 7943 5218
13807 2 2 10 4 6662 7274 1693
13808 2 2 10 4 4836 7756 7525
13809 2 2 10 4 1208 7271 1241
13810 2 2 10 4 6060 7758 683
13811 2 2 10 4 2834 7748 3216
13812 2 2 10 4 6982 7884 5844
13813 2 2 10 4 5875 7219 5876
13814 2 2 10 4 3993 7409 3994
13815 2 2 10 4 6740 7282 3923
13816 2 2 10 4 1596 7749 1579
13817 2 2 10 4 6920 7341 6028
13818 2 2 10 4 6408 7654 4406
13819 2 2 10 4 5115 7615 709
13820 2 2 10 4 4022 7334 7214
13821 2 2 10 4 1991 7240 5560
13822 2 2 10 4 6236 7751 3028
13823 2 2 10 4 4852 8172 4658
13824 2 2 10 4 4785 7730 5771
13825 2 2 10 4 2411 7671 2409
13826 2 2 10 4 7214 7334 4639
13827 2 2 10 4 3266 7340 2222
13828 2 2 10 4 6904 7046 3744
13829 2 2 10 4 4140 7385 7138
13830 2 2 10 4 3929 7356 3931
13831 2 2 10 4 3119 7176 2798
13832 2 2 10 4 1265 7241 1267
13833 2 2 10 4 5432 7744 5429
13834 2 2 10 4 6618 7105 1683
13835 2 2 10 4 3630 7171 6823
13836 2 2 10 4 865 7291 2463
13837 2 2 10 4 34 8040 579
13838 2 2 10 4 4061 7766 3686
13839 2 2 10 4 3420 7321 4466
13840 2 2 10 4 1053 7291 863
13841 2 2 10 4 2750 7177 2748
13842 2 2 10 4 1489 7197 1509
13843 2 2 10 4 5681 7351 3472
13844 2 2 10 4 4432 7962 7121
13845 2 2 10 4 5270 7670 5051
13846 2 2 10 4 1359 7280 1355
13847 2 2 10 4 5497 7115 5498
13848 2 2 10 4 6570 7589 7300
13849 2 2 10 4 4387 7178 4388
13850 2 2 10 4 3073 7777 3208
13851 2 2 10 4 3658 7346 4535
13852 2 2 10 4 6053 7778 6285
13853 2 2 10 4 3406 7091 7085
13854 2 2 10 4 3351 7180 830
13855 2 2 10 4 3922 7103 3919
13856 2 2 10 4 6468 8028 7900
13857 2 2 10 4 6643 7112 1768
13858 2 2 10 4 1241 7288 1210
13859 2 2 10 4 5016 7596 5018
13860 2 2 10 4 4533 7212 4360
13861 2 2 10 4 140 7967 613
13862 2 2 10 4 4008 7120 4010
13863 2 2 10 4 683 7758 102
13864 2 2 10 4 101 7758 6403
13865 2 2 10 4 6589 7912 173
13866 2 2 10 4 3033 7801 4534
13867 2 2 10 4 4517 7057 3478
13868 2 2 10 4 3656 7803 3148
13869 2 2 10 4 6783 7110 4508
13870 2 2 10 4 3089 7805 3090
13871 2 2 10 4 7815 7926 5003
13872 2 2 10 4 3139 8081 4901
13873 2 2 10 4 2754 7810 6238
13874 2 2 10 4 7736 7953 6000
13875 2 2 10 4 3994 7409 6723
13876 2 2 10 4 5246 7331 5187
13877 2 2 10 4 5826 7257 637
13878 2 2 10 4 1368 7163 6493
13879 2 2 10 4 4579 7626 2878
13880 2 2 10 4 203 7188 202
13881 2 2 10 4 5872 7286 746
13882 2 2 10 4 1616 7893 5435
13883 2 2 10 4 4129 7731 6953
13884 2 2 10 4 6724 7215 3202
13885 2 2 10 4 3556 7142 1644
13886 2 2 10 4 1366 7299 1371
13887 2 2 10 4 6402 7789 785
13888 2 2 10 4 7685 7832 4311
13889 2 2 10 4 4778 7260 7132
13890 2 2 10 4 920 7154 923
13891 2 2 10 4 5865 7770 747
13892 2 2 10 4 2486 7172 2484
13893 2 2 10 4 6646 7110 1778
13894 2 2 10 4 3844 7447 6313
13895 2 2 10 4 5215 7646 5032
13896 2 2 10 4 3684 7983 5974
13897 2 2 10 4 6687 7114 3392
13898 2 2 10 4 3704 7988 4574
13899 2 2 10 4 4290 7726 3662
13900 2 2 10 4 6233 7872 3022
13901 2 2 10 4 228 7185 227
13902 2 2 10 4 2698 7853 2696
13903 2 2 10 4 933 7124 935
13904 2 2 10 4 5893 7170 5892
13905 2 2 10 4 3484 7737 6087
13906 2 2 10 4 3991 7283 3989
13907 2 2 10 4 2214 7233 6504
13908 2 2 10 4 5013 7614 5011
13909 2 2 10 4 7114 7129 6794
13910 2 2 10 4 103 7816 683
13911 2 2 10 4 6408 7816 104
13912 2 2 10 4 6774 7112 4499
13913 2 2 10 4 4146 7196 4054
13914 2 2 10 4 6712 7105 6626
13915 2 2 10 4 702 7424 5176
13916 2 2 10 4 6561 7469 4150
13917 2 2 10 4 4888 7257 6681
13918 2 2 10 4 4333 7132 3963
13919 2 2 10 4 5392 8074 4791
13920 2 2 10 4 1929 7866 1904
13921 2 2 10 4 3936 7122 3934
13922 2 2 10 4 6963 7273 4063
13923 2 2 10 4 6231 7870 3146
13924 2 2 10 4 4754 7870 4059
13925 2 2 10 4 6574 7708 5655
13926 2 2 10 4 2239 7173 2237
13927 2 2 10 4 728 7733 5864
13928 2 2 10 4 4003 7134 4005
13929 2 2 10 4 3757 7873 4433
13930 2 2 10 4 4386 7658 4385
13931 2 2 10 4 6967 7230 1011
13932 2 2 10 4 7500 7626 4312
13933 2 2 10 4 7210 7408 3186
13934 2 2 10 4 3378 7877 3643
13935 2 2 10 4 4099 7878 3723
13936 2 2 10 4 2361 7701 6429
13937 2 2 10 4 5717 7125 5715
13938 2 2 10 4 5808 7305 610
13939 2 2 10 4 1900 7881 1928
13940 2 2 10 4 6598 7133 6785
13941 2 2 10 4 8005 8041 4863
13942 2 2 10 4 6985 7335 3421
13943 2 2 10 4 3124 7882 6325
13944 2 2 10 4 4035 7314 4781
13945 2 2 10 4 7089 7636 1033
13946 2 2 10 4 4805 8063 6548
13947 2 2 10 4 4592 7887 4590
13948 2 2 10 4 4225 7350 4369
13949 2 2 10 4 3197 7361 3619
13950 2 2 10 4 4344 8018 6009
13951 2 2 10 4 5967 8043 4587
13952 2 2 10 4 1703 7745 1704
13953 2 2 10 4 3997 7130 4193
13954 2 2 10 4 857 7186 859
13955 2 2 10 4 4055 7202 3786
13956 2 2 10 4 2706 7897 2833
13957 2 2 10 4 3050 7897 2701
13958 2 2 10 4 2739 7187 6910
13959 2 2 10 4 6509 7424 5090
13960 2 2 10 4 3998 7140 4000
13961 2 2 10 4 4984 8056 4985
13962 2 2 10 4 4793 7123 4341
13963 2 2 10 4 3962 7717 6604
13964 2 2 10 4 7659 8169 4845
13965 2 2 10 4 1043 7133 6622
13966 2 2 10 4 6309 7910 4386
13967 2 2 10 4 3290 7913 6189
13968 2 2 10 4 6713 7195 3992
13969 2 2 10 4 4346 7157 4348
13970 2 2 10 4 6086 8121 4588
13971 2 2 10 4 4213 7539 4566
13972 2 2 10 4 6939 7950 5132
13973 2 2 10 4 5715 7125 5714
13974 2 2 10 4 1634 7266 3538
13975 2 2 10 4 577 7205 5159
13976 2 2 10 4 788 7886 109
13977 2 2 10 4 108 7886 783
13978 2 2 10 4 2235 7189 2233
13979 2 2 10 4 7007 7773 4854
13980 2 2 10 4 4433 7888 6165
13981 2 2 10 4 4382 7935 6191
13982 2 2 10 4 3590 7136 2257
13983 2 2 10 4 4441 7380 4612
13984 2 2 10 4 5571 7998 4006
13985 2 2 10 4 761 7252 7234
13986 2 2 10 4 1976 7938 2060
13987 2 2 10 4 7111 7317 4058
13988 2 2 10 4 660 7700 6548
13989 2 2 10 4 5360 7272 5362
13990 2 2 10 4 1148 7987 3583
13991 2 2 10 4 859 7193 861
13992 2 2 10 4 3878 7950 3877
13993 2 2 10 4 4683 8166 6137
13994 2 2 10 4 4898 8025 4632
13995 2 2 10 4 182 7924 181
13996 2 2 10 4 2389 8080 5691
13997 2 2 10 4 5699 7793 5728
13998 2 2 10 4 2796 8157 2793
13999 2 2 10 4 828 7966 3351
14000 2 2 10 4 3129 7232 2051
14001 2 2 10 4 4842 8160 4599
14002 2 2 10 4 3433 7218 3159
14003 2 2 10 4 1158 8036 1176
14004 2 2 10 4 172 7912 680
14005 2 2 10 4 3681 7983 3684
14006 2 2 10 4 5087 7989 5078
14007 2 2 10 4 6756 7145 901
14008 2 2 10 4 759 7506 5631
14009 2 2 10 4 2492 7191 2490
14010 2 2 10 4 3574 8122 4199
14011 2 2 10 4 4801 8121 3779
14012 2 2 10 4 3826 7398 7110
14013 2 2 10 4 4581 8117 4239
14014 2 2 10 4 3711 8012 4118
14015 2 2 10 4 3832 8013 3714
14016 2 2 10 4 4238 8018 4344
14017 2 2 10 4 3190 7141 3353
14018 2 2 10 4 3976 7149 3978
14019 2 2 10 4 3735 8105 7527
14020 2 2 10 4 3673 8103 3489
14021 2 2 10 4 5794 7630 7401
14022 2 2 10 4 4850 8031 6097
14023 2 2 10 4 6057 7912 6589
14024 2 2 10 4 4957 8096 4623
14025 2 2 10 4 4946 8050 6300
14026 2 2 10 4 3595 8093 3593
14027 2 2 10 4 4093 8053 4145
14028 2 2 10 4 4248 8053 6267
14029 2 2 10 4 3689 8057 4027
14030 2 2 10 4 3494 8060 5258
14031 2 2 10 4 2628 8060 2630
14032 2 2 10 4 1960 8064 1923
14033 2 2 10 4 4038 7255 4036
14034 2 2 10 4 576 8077 7692
14035 2 2 10 4 3202 7215 4186
14036 2 2 10 4 4148 7567 6130
14037 2 2 10 4 5719 8090 7235
14038 2 2 10 4 3959 7349 3961
14039 2 2 10 4 4479 7719 5707
14040 2 2 10 4 2399 7146 2397
14041 2 2 10 4 1169 7390 5585
14042 2 2 10 4 6570 7300 6694
14043 2 2 10 4 3899 8056 3394
14044 2 2 10 4 110 8179 788
14045 2 2 10 4 2131 7609 2135
14046 2 2 10 4 5810 7713 5809
14047 2 2 10 4 2742 7764 6590
14048 2 2 10 4 4660 7810 6958
14049 2 2 10 4 4424 7868 4954
14050 2 2 10 4 4343 7863 4771
14051 2 2 10 4 4018 7198 4132
14052 2 2 10 4 6440 7267 3883
14053 2 2 10 4 4421 7779 7725
14054 2 2 10 4 5051 8095 5048
14055 2 2 10 4 5536 7297 6777
14056 2 2 10 4 2843 7223 2841
14057 2 2 10 4 3969 7153 3971
14058 2 2 10 4 2896 7224 3484
14059 2 2 10 4 7345 7545 4354
14060 2 2 10 4 3460 7421 4087
14061 2 2 10 4 767 7687 7568
14062 2 2 10 4 3037 7460 5468
14063 2 2 10 4 6744 7199 5742
14064 2 2 10 4 6697 7692 3956
14065 2 2 10 4 6524 7311 2611
14066 2 2 10 4 2488 7203 2486
14067 2 2 10 4 5491 7352 5492
14068 2 2 10 4 194 8063 669
14069 2 2 10 4 5285 8183 5284
14070 2 2 10 4 4509 7171 3630
14071 2 2 10 4 4112 7152 4862
14072 2 2 10 4 2062 7228 2579
14073 2 2 10 4 3490 8103 5863
14074 2 2 10 4 1872 7192 1864
14075 2 2 10 4 4390 7208 6954
14076 2 2 10 4 4945 7903 4660
14077 2 2 10 4 2548 7095 6885
14078 2 2 10 4 5346 7387 5348
14079 2 2 10 4 4591 7662 4593
14080 2 2 10 4 6495 7399 4362
14081 2 2 10 4 2349 7169 2387
14082 2 2 10 4 3453 7597 7458
14083 2 2 10 4 4314 7098 6973
14084 2 2 10 4 6465 7684 6867
14085 2 2 10 4 5155 8007 5152
14086 2 2 10 4 2457 7405 1820
14087 2 2 10 4 1853 7565 6517
14088 2 2 10 4 1472 7249 1469
14089 2 2 10 4 4630 7301 7097
14090 2 2 10 4 5117 7399 584
14091 2 2 10 4 6491 7108 6951
14092 2 2 10 4 3405 7265 6722
14093 2 2 10 4 5691 7905 5692
14094 2 2 10 4 5163 7527 5162
14095 2 2 10 4 6327 7331 7147
14096 2 2 10 4 6992 7766 5675
14097 2 2 10 4 7150 7613 4907
14098 2 2 10 4 6591 7287 6711
14099 2 2 10 4 2459 7117 6803
14100 2 2 10 4 3966 7161 3964
14101 2 2 10 4 6750 7273 6963
14102 2 2 10 4 921 7302 7130
14103 2 2 10 4 1294 7237 1297
14104 2 2 10 4 5996 7308 5995
14105 2 2 10 4 4369 7422 4222
14106 2 2 10 4 5149 7993 5150
14107 2 2 10 4 2392 7283 6511
14108 2 2 10 4 5748 8143 5749
14109 2 2 10 4 6083 7242 3008
14110 2 2 10 4 4475 7414 7369
14111 2 2 10 4 1822 7405 1848
14112 2 2 10 4 7196 7619 6272
14113 2 2 10 4 4676 7166 3982
14114 2 2 10 4 5381 7275 2936
14115 2 2 10 4 3961 7788 4389
14116 2 2 10 4 5214 7391 573
14117 2 2 10 4 5159 8146 713
14118 2 2 10 4 4073 7254 6960
14119 2 2 10 4 5348 7723 5350
14120 2 2 10 4 4231 7207 4229
14121 2 2 10 4 1410 7747 4963
14122 2 2 10 4 2129 8161 2131
14123 2 2 10 4 2549 7407 2506
14124 2 2 10 4 4360 7212 7008
14125 2 2 10 4 2271 7553 2273
14126 2 2 10 4 6089 8117 682
14127 2 2 10 4 6407 8052 4582
14128 2 2 10 4 4007 7163 6747
14129 2 2 10 4 5377 7310 6786
14130 2 2 10 4 5085 8017 5083
14131 2 2 10 4 4178 7557 4176
14132 2 2 10 4 7159 7388 2876
14133 2 2 10 4 365 7248 366
14134 2 2 10 4 4749 8185 7995
14135 2 2 10 4 1824 7220 1826
14136 2 2 10 4 2220 7340 6989
14137 2 2 10 4 3627 8056 4984
14138 2 2 10 4 6892 7237 4430
14139 2 2 10 4 7822 7869 6292
14140 2 2 10 4 7145 7429 6522
14141 2 2 10 4 2267 7942 2268
14142 2 2 10 4 1813 7736 6000
14143 2 2 10 4 7015 7436 2952
14144 2 2 10 4 6430 7199 1715
14145 2 2 10 4 656 8124 7080
14146 2 2 10 4 6591 7621 7287
14147 2 2 10 4 5032 7838 5030
14148 2 2 10 4 1985 7281 7090
14149 2 2 10 4 640 7524 231
14150 2 2 10 4 2945 7135 3459
14151 2 2 10 4 761 7234 233
14152 2 2 10 4 2265 7855 2264
14153 2 2 10 4 4001 7229 6730
14154 2 2 10 4 3840 7279 3357
14155 2 2 10 4 5238 7217 4075
14156 2 2 10 4 653 7251 5171
14157 2 2 10 4 4278 7947 5699
14158 2 2 10 4 6055 7922 4678
14159 2 2 10 4 1711 7489 6430
14160 2 2 10 4 4114 7145 6756
14161 2 2 10 4 1276 7245 1391
14162 2 2 10 4 1011 7230 1008
14163 2 2 10 4 5104 7496 7379
14164 2 2 10 4 2504 7407 2547
14165 2 2 10 4 4201 7256 4203
14166 2 2 10 4 5813 8191 753
14167 2 2 10 4 1204 7231 1206
14168 2 2 10 4 3465 7285 5954
14169 2 2 10 4 5402 7269 5645
14170 2 2 10 4 2369 7190 2558
14171 2 2 10 4 7975 8059 5243
14172 2 2 10 4 4219 7419 4616
14173 2 2 10 4 5503 7385 1079
14174 2 2 10 4 7402 7530 619
14175 2 2 10 4 4179 7298 4181
14176 2 2 10 4 3820 7182 6502
14177 2 2 10 4 1726 7194 1729
14178 2 2 10 4 4494 7660 4261
14179 2 2 10 4 7397 7732 5978
14180 2 2 10 4 5306 7830 7071
14181 2 2 10 4 5619 7585 1875
14182 2 2 10 4 4015 7423 4012
14183 2 2 10 4 4913 8044 4619
14184 2 2 10 4 2973 7743 2260
14185 2 2 10 4 6879 7377 6049
14186 2 2 10 4 4086 8027 4516
14187 2 2 10 4 6026 7356 2199
14188 2 2 10 4 4342 7488 6512
14189 2 2 10 4 5341 7296 5337
14190 2 2 10 4 7025 8119 4425
14191 2 2 10 4 4017 7244 6820
14192 2 2 10 4 3401 7415 4484
14193 2 2 10 4 7143 7173 2239
14194 2 2 10 4 5218 7943 5217
14195 2 2 10 4 7951 7981 5807
14196 2 2 10 4 5135 8118 574
14197 2 2 10 4 4449 7290 3360
14198 2 2 10 4 7025 8013 5195
14199 2 2 10 4 4993 8099 728
14200 2 2 10 4 5486 7814 7672
14201 2 2 10 4 7110 7398 4508
14202 2 2 10 4 5564 7326 5566
14203 2 2 10 4 5885 7657 7376
14204 2 2 10 4 3397 7480 4372
14205 2 2 10 4 6971 7357 3829
14206 2 2 10 4 6786 7310 3350
14207 2 2 10 4 1291 7277 5636
14208 2 2 10 4 1874 8131 1894
14209 2 2 10 4 1962 7822 6292
14210 2 2 10 4 4069 7246 4071
14211 2 2 10 4 1130 7200 1118
14212 2 2 10 4 3893 7227 4861
14213 2 2 10 4 3987 7250 4157
14214 2 2 10 4 6428 8115 4603
14215 2 2 10 4 7356 7742 3931
14216 2 2 10 4 6696 7342 7146
14217 2 2 10 4 6820 7244 3115
14218 2 2 10 4 4104 7325 3260
14219 2 2 10 4 7136 7328 4347
14220 2 2 10 4 4045 7459 4044
14221 2 2 10 4 1442 7484 1461
14222 2 2 10 4 6233 8011 7872
14223 2 2 10 4 7285 7574 4541
14224 2 2 10 4 6631 7526 3266
14225 2 2 10 4 7331 7437 5187
14226 2 2 10 4 4067 7252 4069
14227 2 2 10 4 6430 7489 4812
14228 2 2 10 4 7246 7252 761
14229 2 2 10 4 3932 7320 4634
14230 2 2 10 4 7008 7212 3414
14231 2 2 10 4 5501 7274 6662
14232 2 2 10 4 1814 7565 1853
14233 2 2 10 4 5824 7307 597
14234 2 2 10 4 4859 7490 4743
14235 2 2 10 4 4277 7717 5695
14236 2 2 10 4 1875 7585 7411
14237 2 2 10 4 7067 7632 5705
14238 2 2 10 4 7503 7763 5499
14239 2 2 10 4 4377 7210 4376
14240 2 2 10 4 4883 7620 5838
14241 2 2 10 4 670 7883 5797
14242 2 2 10 4 2922 7572 4465
14243 2 2 10 4 2987 7795 6529
14244 2 2 10 4 2393 7260 2381
14245 2 2 10 4 4071 7270 4244
14246 2 2 10 4 737 7432 7137
14247 2 2 10 4 4483 7735 3906
14248 2 2 10 4 5488 7672 7582
14249 2 2 10 4 3842 7395 3841
14250 2 2 10 4 6968 7285 6352
14251 2 2 10 4 2345 7925 6047
14252 2 2 10 4 6018 7673 4524
14253 2 2 10 4 7063 7210 3186
14254 2 2 10 4 7373 7440 5654
14255 2 2 10 4 4087 7421 7347
14256 2 2 10 4 7300 7589 4447
14257 2 2 10 4 1974 7360 1976
14258 2 2 10 4 7261 7524 640
14259 2 2 10 4 6038 7349 2535
14260 2 2 10 4 4835 7525 7082
14261 2 2 10 4 7100 8153 1029
14262 2 2 10 4 582 7842 7630
14263 2 2 10 4 4391 7208 4390
14264 2 2 10 4 1623 7773 7007
14265 2 2 10 4 7315 7500 5614
14266 2 2 10 4 69 7247 794
14267 2 2 10 4 5280 8206 4096
14268 2 2 10 4 5795 7506 759
14269 2 2 10 4 1231 7519 2874
14270 2 2 10 4 7212 7434 4585
14271 2 2 10 4 795 7318 7
14272 2 2 10 4 578 8169 7659
14273 2 2 10 4 3140 7564 1428
14274 2 2 10 4 7186 7193 859
14275 2 2 10 4 4656 8172 5537
14276 2 2 10 4 4114 7429 7145
14277 2 2 10 4 5369 7020 6970
14278 2 2 10 4 2197 7397 4357
14279 2 2 10 4 2526 7235 3007
14280 2 2 10 4 3439 7214 4639
14281 2 2 10 4 3970 7213 1363
14282 2 2 10 4 597 8073 4950
14283 2 2 10 4 586 7863 7014
14284 2 2 10 4 2486 7203 7172
14285 2 2 10 4 2137 8075 3182
14286 2 2 10 4 6130 7567 7239
14287 2 2 10 4 4742 7513 4859
14288 2 2 10 4 4766 8131 7192
14289 2 2 10 4 4281 7289 6214
14290 2 2 10 4 6406 8078 790
14291 2 2 10 4 7038 7180 4883
14292 2 2 10 4 7763 8010 1969
14293 2 2 10 4 675 7848 4965
14294 2 2 10 4 4062 7261 4064
14295 2 2 10 4 4371 7558 3449
14296 2 2 10 4 7279 7367 4597
14297 2 2 10 4 4350 7512 5927
14298 2 2 10 4 6700 7283 2392
14299 2 2 10 4 1212 7263 1215
14300 2 2 10 4 682 8117 6410
14301 2 2 10 4 4479 7530 4266
14302 2 2 10 4 5257 8179 111
14303 2 2 10 4 2263 7241 1265
14304 2 2 10 4 215 7327 214
14305 2 2 10 4 3359 7294 6096
14306 2 2 10 4 4242 7541 4243
14307 2 2 10 4 4063 7273 4793
14308 2 2 10 4 1884 7295 1881
14309 2 2 10 4 6958 7810 2754
14310 2 2 10 4 3841 7395 7112
14311 2 2 10 4 4149 7236 5949
14312 2 2 10 4 1206 7271 1208
14313 2 2 10 4 1149 8092 5935
14314 2 2 10 4 6759 7910 3122
14315 2 2 10 4 5964 7412 6986
14316 2 2 10 4 6529 8155 2987
14317 2 2 10 4 4032 7341 7161
14318 2 2 10 4 4233 7268 4231
14319 2 2 10 4 4620 7553 7462
14320 2 2 10 4 4256 7095 6965
14321 2 2 10 4 797 7920 5869
14322 2 2 10 4 4210 7548 3990
14323 2 2 10 4 5943 8042 7919
14324 2 2 10 4 6047 8016 2345
14325 2 2 10 4 7412 7581 1537
14326 2 2 10 4 5202 7848 675
14327 2 2 10 4 3351 7966 6914
14328 2 2 10 4 2551 7519 1226
14329 2 2 10 4 7130 7160 6033
14330 2 2 10 4 2569 8137 5537
14331 2 2 10 4 5761 7243 6826
14332 2 2 10 4 6261 7304 4250
14333 2 2 10 4 5934 7972 1144
14334 2 2 10 4 7121 7962 5768
14335 2 2 10 4 7132 7260 2393
14336 2 2 10 4 5593 8000 6003
14337 2 2 10 4 5918 7247 147
14338 2 2 10 4 5954 7285 6968
14339 2 2 10 4 7153 7345 4025
14340 2 2 10 4 2791 7516 1251
14341 2 2 10 4 7182 7284 4185
14342 2 2 10 4 7482 7532 1177
14343 2 2 10 4 7225 7373 5773
14344 2 2 10 4 4284 7373 7225
14345 2 2 10 4 2522 7547 2520
14346 2 2 10 4 7120 7229 4715
14347 2 2 10 4 2649 7579 3126
14348 2 2 10 4 3502 7306 3504
14349 2 2 10 4 1731 7844 1728
14350 2 2 10 4 7149 7332 4195
14351 2 2 10 4 6449 7254 3199
14352 2 2 10 4 4241 8054 5982
14353 2 2 10 4 6891 7625 3873
14354 2 2 10 4 4756 7858 4691
14355 2 2 10 4 1853 7623 1816
14356 2 2 10 4 4023 7239 6754
14357 2 2 10 4 5522 7364 5520
14358 2 2 10 4 2702 7580 2510
14359 2 2 10 4 7125 7221 581
14360 2 2 10 4 7208 7393 3799
14361 2 2 10 4 6493 7184 5355
14362 2 2 10 4 6858 7308 679
14363 2 2 10 4 2569 8208 2097
14364 2 2 10 4 6538 7438 6023
14365 2 2 10 4 4156 7561 6365
14366 2 2 10 4 2106 8137 2101
14367 2 2 10 4 1355 7280 1357
14368 2 2 10 4 957 7323 955
14369 2 2 10 4 7112 7395 4499
14370 2 2 10 4 4014 7324 4011
14371 2 2 10 4 2647 7579 2646
14372 2 2 10 4 4101 7262 3099
14373 2 2 10 4 3157 7312 3137
14374 2 2 10 4 3827 7398 3826
14375 2 2 10 4 1439 7627 5410
14376 2 2 10 4 3542 8175 4528
14377 2 2 10 4 3182 8075 6585
14378 2 2 10 4 5699 7947 7793
14379 2 2 10 4 4439 7757 4438
14380 2 2 10 4 4024 7215 6478
14381 2 2 10 4 6216 7315 6152
14382 2 2 10 4 5456 7914 7753
14383 2 2 10 4 2363 7701 2361
14384 2 2 10 4 6006 8079 6654
14385 2 2 10 4 4042 7932 6779
14386 2 2 10 4 4500 7682 5475
14387 2 2 10 4 6601 7673 6018
14388 2 2 10 4 4558 7768 4876
14389 2 2 10 4 5008 7316 5009
14390 2 2 10 4 4058 7317 4275
14391 2 2 10 4 5990 7265 4119
14392 2 2 10 4 980 7566 5611
14393 2 2 10 4 7141 7303 4034
14394 2 2 10 4 724 7954 6009
14395 2 2 10 4 6747 7163 1368
14396 2 2 10 4 863 7291 865
14397 2 2 10 4 5241 8125 3629
14398 2 2 10 4 7211 8116 5466
14399 2 2 10 4 1633 7293 2178
14400 2 2 10 4 1693 7274 6032
14401 2 2 10 4 5796 7786 7581
14402 2 2 10 4 7140 7300 4447
14403 2 2 10 4 6597 7259 3658
14404 2 2 10 4 4255 7604 4795
14405 2 2 10 4 7134 7287 4498
14406 2 2 10 4 5003 7926 684
14407 2 2 10 4 588 7358 5204
14408 2 2 10 4 1210 7288 1212
14409 2 2 10 4 7308 7488 679
14410 2 2 10 4 1818 7623 2457
14411 2 2 10 4 4461 7313 6951
14412 2 2 10 4 1310 7383 1307
14413 2 2 10 4 7022 7803 3656
14414 2 2 10 4 6904 7430 6024
14415 2 2 10 4 6939 7943 4367
14416 2 2 10 4 5133 7798 4739
14417 2 2 10 4 3997 7160 7130
14418 2 2 10 4 4375 7688 6078
14419 2 2 10 4 7046 7160 3744
14420 2 2 10 4 4229 7292 4227
14421 2 2 10 4 808 7563 6952
14422 2 2 10 4 4138 7329 4292
14423 2 2 10 4 8062 8108 2967
14424 2 2 10 4 6988 7459 4045
14425 2 2 10 4 4353 7331 6327
14426 2 2 10 4 4577 7682 3842
14427 2 2 10 4 3889 7430 6904
14428 2 2 10 4 4389 7906 3960
14429 2 2 10 4 793 7459 6988
14430 2 2 10 4 7133 7462 4147
14431 2 2 10 4 2141 7895 2144
14432 2 2 10 4 7882 8164 6325
14433 2 2 10 4 6530 7486 970
14434 2 2 10 4 7622 7743 4662
14435 2 2 10 4 2508 7580 2549
14436 2 2 10 4 7071 7830 1962
14437 2 2 10 4 3598 7336 4428
14438 2 2 10 4 608 7543 5511
14439 2 2 10 4 7057 7521 4684
14440 2 2 10 4 4737 7265 3405
14441 2 2 10 4 6173 7337 3187
14442 2 2 10 4 6687 7129 7114
14443 2 2 10 4 4895 7604 4253
14444 2 2 10 4 1070 7911 1069
14445 2 2 10 4 5050 7338 5257
14446 2 2 10 4 4887 7875 4777
14447 2 2 10 4 6639 8193 3834
14448 2 2 10 4 7130 7302 4193
14449 2 2 10 4 2989 7795 2987
14450 2 2 10 4 4111 7370 4431
14451 2 2 10 4 2245 7624 2963
14452 2 2 10 4 4751 7784 4748
14453 2 2 10 4 1915 7632 1673
14454 2 2 10 4 2434 7736 1808
14455 2 2 10 4 3500 7811 2645
14456 2 2 10 4 1357 7299 1366
14457 2 2 10 4 6504 7939 2109
14458 2 2 10 4 4731 7377 7107
14459 2 2 10 4 3776 7964 3775
14460 2 2 10 4 6681 7257 4270
14461 2 2 10 4 7287 7621 4498
14462 2 2 10 4 4069 7252 7246
14463 2 2 10 4 6033 7160 7046
14464 2 2 10 4 6490 7313 2411
14465 2 2 10 4 4595 7650 7478
14466 2 2 10 4 6983 7378 6799
14467 2 2 10 4 2732 7195 6713
14468 2 2 10 4 7819 8145 2114
14469 2 2 10 4 2592 7343 2590
14470 2 2 10 4 5414 7864 2132
14471 2 2 10 4 5145 7993 5149
14472 2 2 10 4 7048 7555 4398
14473 2 2 10 4 817 7344 815
14474 2 2 10 4 7246 7270 4071
14475 2 2 10 4 3989 7283 6700
14476 2 2 10 4 3590 7328 7136
14477 2 2 10 4 8065 8198 4555
14478 2 2 10 4 6794 7129 2739
14479 2 2 10 4 4151 7414 4475
14480 2 2 10 4 3923 7282 4735
14481 2 2 10 4 5418 7653 783
14482 2 2 10 4 5951 7233 7073
14483 2 2 10 4 4257 7413 6627
14484 2 2 10 4 4231 7268 7207
14485 2 2 10 4 4398 7555 5845
14486 2 2 10 4 6722 7265 5990
14487 2 2 10 4 7154 7158 923
14488 2 2 10 4 5772 7292 7207
14489 2 2 10 4 6704 7378 6983
14490 2 2 10 4 728 8099 7733
14491 2 2 10 4 4874 7375 3666
14492 2 2 10 4 4716 8167 5774
14493 2 2 10 4 1309 7991 5411
14494 2 2 10 4 4430 7366 4124
14495 2 2 10 4 3834 8193 5986
14496 2 2 10 4 579 8040 7227
14497 2 2 10 4 5885 7376 5722
14498 2 2 10 4 7237 7366 4430
14499 2 2 10 4 7231 7271 1206
14500 2 2 10 4 4122 7284 3820
14501 2 2 10 4 6803 7183 1359
14502 2 2 10 4 3996 7732 7397
14503 2 2 10 4 5051 7670 5858
14504 2 2 10 4 5013 7716 7614
14505 2 2 10 4 4376 7210 7063
14506 2 2 10 4 919 7752 7154
14507 2 2 10 4 4473 7357 6971
14508 2 2 10 4 3973 7679 4315
14509 2 2 10 4 6092 8058 6846
14510 2 2 10 4 5462 8083 7629
14511 2 2 10 4 7987 8160 3583
14512 2 2 10 4 5894 7637 5896
14513 2 2 10 4 4194 7456 7024
14514 2 2 10 4 5950 7427 2417
14515 2 2 10 4 4566 8084 7783
14516 2 2 10 4 6636 7258 4269
14517 2 2 10 4 6006 8087 2461
14518 2 2 10 4 2987 8155 2985
14519 2 2 10 4 2524 7867 2522
14520 2 2 10 4 7024 7456 763
14521 2 2 10 4 7207 7292 4229
14522 2 2 10 4 3266 7526 7340
14523 2 2 10 4 5492 7450 5494
14524 2 2 10 4 7078 7351 5681
14525 2 2 10 4 4432 7685 4009
14526 2 2 10 4 745 7909 7219
14527 2 2 10 4 7539 7684 4566
14528 2 2 10 4 6830 7386 6980
14529 2 2 10 4 4190 7353 4191
14530 2 2 10 4 6663 7253 3896
14531 2 2 10 4 4134 8106 3448
14532 2 2 10 4 1810 7736 1813
14533 2 2 10 4 7846 8114 560
14534 2 2 10 4 4522 7588 4523
14535 2 2 10 4 7137 7432 5882
14536 2 2 10 4 6173 7381 7337
14537 2 2 10 4 4131 7503 7254
14538 2 2 10 4 4098 7840 7003
14539 2 2 10 4 6932 7322 3928
14540 2 2 10 4 2594 7663 5414
14541 2 2 10 4 6242 7354 3281
14542 2 2 10 4 7146 7342 3952
14543 2 2 10 4 3424 8142 5276
14544 2 2 10 4 4740 7382 4089
14545 2 2 10 4 4284 7225 7029
14546 2 2 10 4 1503 7369 1501
14547 2 2 10 4 7420 7471 2279
14548 2 2 10 4 5143 7355 5144
14549 2 2 10 4 5457 8189 1127
14550 2 2 10 4 6292 7869 2762
14551 2 2 10 4 3984 7971 6240
14552 2 2 10 4 3820 7284 7182
14553 2 2 10 4 4197 7314 4035
14554 2 2 10 4 3939 7984 4192
14555 2 2 10 4 1237 7775 2966
14556 2 2 10 4 5154 7360 5155
14557 2 2 10 4 5728 7793 7616
14558 2 2 10 4 7108 7428 3925
14559 2 2 10 4 1643 8041 8005
14560 2 2 10 4 2106 8170 5537
14561 2 2 10 4 5848 7664 5696
14562 2 2 10 4 5482 8018 4237
14563 2 2 10 4 3032 8011 6233
14564 2 2 10 4 6272 7619 6273
14565 2 2 10 4 634 7396 5175
14566 2 2 10 4 6826 7243 4017
14567 2 2 10 4 3213 7362 2588
14568 2 2 10 4 4906 7606 7547
14569 2 2 10 4 5793 7487 769
14570 2 2 10 4 2546 7531 5678
14571 2 2 10 4 6675 8147 4095
14572 2 2 10 4 5695 7717 5697
14573 2 2 10 4 4268 7719 4479
14574 2 2 10 4 2876 7388 2622
14575 2 2 10 4 6982 7770 4485
14576 2 2 10 4 7181 7642 3330
14577 2 2 10 4 4668 8134 4667
14578 2 2 10 4 4337 7368 4208
14579 2 2 10 4 4193 7302 6818
14580 2 2 10 4 4401 7437 6946
14581 2 2 10 4 2199 7356 6693
14582 2 2 10 4 5927 7512 644
14583 2 2 10 4 7424 7846 5176
14584 2 2 10 4 6980 7386 6671
14585 2 2 10 4 6234 7373 4284
14586 2 2 10 4 4097 7854 3999
14587 2 2 10 4 4414 7334 4022
14588 2 2 10 4 2669 7608 7256
14589 2 2 10 4 744 8003 7076
14590 2 2 10 4 4568 7375 5866
14591 2 2 10 4 4972 7785 7651
14592 2 2 10 4 4807 7800 4417
14593 2 2 10 4 1212 7288 7263
14594 2 2 10 4 4671 7949 7865
14595 2 2 10 4 7452 7531 2546
14596 2 2 10 4 2347 7925 2345
14597 2 2 10 4 6989 7340 6612
14598 2 2 10 4 5060 7764 6161
14599 2 2 10 4 3136 8049 6759
14600 2 2 10 4 7178 7591 4388
14601 2 2 10 4 912 8101 915
14602 2 2 10 4 4963 7916 7683
14603 2 2 10 4 1472 7413 7249
14604 2 2 10 4 3254 8142 3250
14605 2 2 10 4 5933 7443 5932
14606 2 2 10 4 4749 7995 4750
14607 2 2 10 4 1248 7403 1247
14608 2 2 10 4 7107 7377 6518
14609 2 2 10 4 5619 7776 7585
14610 2 2 10 4 68 7363 67
14611 2 2 10 4 7157 7222 4348
14612 2 2 10 4 6503 7332 2201
14613 2 2 10 4 2874 7729 1233
14614 2 2 10 4 2459 7387 7117
14615 2 2 10 4 7594 7924 4837
14616 2 2 10 4 2194 7941 2708
14617 2 2 10 4 3940 7339 6921
14618 2 2 10 4 677 8044 7635
14619 2 2 10 4 3793 7367 4471
14620 2 2 10 4 4227 7350 4225
14621 2 2 10 4 6543 7927 5896
14622 2 2 10 4 5292 7523 5294
14623 2 2 10 4 6730 7229 2755
14624 2 2 10 4 5104 7379 5105
14625 2 2 10 4 6711 7287 2450
14626 2 2 10 4 4718 7946 7353
14627 2 2 10 4 3523 7999 4730
14628 2 2 10 4 4342 7774 7488
14629 2 2 10 4 65 7371 64
14630 2 2 10 4 16 7365 15
14631 2 2 10 4 5628 7452 2546
14632 2 2 10 4 6952 7563 5053
14633 2 2 10 4 7138 7385 5503
14634 2 2 10 4 5910 7973 5909
14635 2 2 10 4 2952 7381 6173
14636 2 2 10 4 7280 7299 1357
14637 2 2 10 4 3421 7335 6943
14638 2 2 10 4 5995 7308 6858
14639 2 2 10 4 4714 8113 7962
14640 2 2 10 4 6542 7361 7213
14641 2 2 10 4 6691 7359 4404
14642 2 2 10 4 4465 7572 7155
14643 2 2 10 4 4081 7351 7078
14644 2 2 10 4 3620 8115 4685
14645 2 2 10 4 6598 7462 7133
14646 2 2 10 4 2345 8016 2343
14647 2 2 10 4 4353 7437 7331
14648 2 2 10 4 5181 7416 6771
14649 2 2 10 4 6778 7852 4520
14650 2 2 10 4 789 7384 183
14651 2 2 10 4 4403 7281 6909
14652 2 2 10 4 4662 7969 3517
14653 2 2 10 4 4184 7431 4696
14654 2 2 10 4 5982 7916 4448
14655 2 2 10 4 6694 7300 2660
14656 2 2 10 4 1572 7959 1571
14657 2 2 10 4 7342 7539 4213
14658 2 2 10 4 146 7318 6535
14659 2 2 10 4 4503 7899 4757
14660 2 2 10 4 274 7392 273
14661 2 2 10 4 5237 7328 3590
14662 2 2 10 4 2178 7347 4510
14663 2 2 10 4 6506 8039 3938
14664 2 2 10 4 7268 7402 5769
14665 2 2 10 4 4779 7940 4526
14666 2 2 10 4 4685 8115 6428
14667 2 2 10 4 3015 7389 6354
14668 2 2 10 4 7161 7341 1220
14669 2 2 10 4 6671 7386 6459
14670 2 2 10 4 2275 7420 2279
14671 2 2 10 4 5806 7568 7418
14672 2 2 10 4 4034 7303 6947
14673 2 2 10 4 4757 8088 4505
14674 2 2 10 4 7174 7913 3290
14675 2 2 10 4 4587 7852 3427
14676 2 2 10 4 4066 7273 6750
14677 2 2 10 4 7055 8108 4790
14678 2 2 10 4 1884 7509 7295
14679 2 2 10 4 7273 7454 4793
14680 2 2 10 4 3845 8013 7025
14681 2 2 10 4 7202 7321 6144
14682 2 2 10 4 4132 8191 5975
14683 2 2 10 4 7090 7281 4403
14684 2 2 10 4 4638 7391 4099
14685 2 2 10 4 7332 7710 4207
14686 2 2 10 4 2222 7340 2220
14687 2 2 10 4 7119 7423 4015
14688 2 2 10 4 4006 7998 4004
14689 2 2 10 4 891 8092 1149
14690 2 2 10 4 4573 8009 4497
14691 2 2 10 4 3336 7826 4257
14692 2 2 10 4 7498 7976 5636
14693 2 2 10 4 7390 7660 5585
14694 2 2 10 4 7209 8103 3673
14695 2 2 10 4 4243 7997 6613
14696 2 2 10 4 3952 7342 3953
14697 2 2 10 4 187 7394 186
14698 2 2 10 4 7491 7668 4051
14699 2 2 10 4 3643 7877 7204
14700 2 2 10 4 1509 7309 7023
14701 2 2 10 4 6999 7264 2559
14702 2 2 10 4 6234 7440 7373
14703 2 2 10 4 4712 7991 4550
14704 2 2 10 4 3359 7534 7294
14705 2 2 10 4 7941 7994 2708
14706 2 2 10 4 2430 7345 7153
14707 2 2 10 4 1094 8087 1131
14708 2 2 10 4 2099 8137 2569
14709 2 2 10 4 6777 7297 2179
14710 2 2 10 4 2201 7332 7149
14711 2 2 10 4 6709 7856 6438
14712 2 2 10 4 636 7664 5848
14713 2 2 10 4 3988 7303 7141
14714 2 2 10 4 7270 7418 4244
14715 2 2 10 4 4487 7333 7095
14716 2 2 10 4 5462 7979 5460
14717 2 2 10 4 980 7678 7566
14718 2 2 10 4 356 7404 357
14719 2 2 10 4 6847 7264 7001
14720 2 2 10 4 2461 8087 1096
14721 2 2 10 4 5654 7440 5655
14722 2 2 10 4 4143 7879 4142
14723 2 2 10 4 4443 7380 4441
14724 2 2 10 4 5638 7976 4516
14725 2 2 10 4 5614 7500 3623
14726 2 2 10 4 7129 7187 2739
14727 2 2 10 4 7292 7350 4227
14728 2 2 10 4 4746 7861 6927
14729 2 2 10 4 4523 7588 4947
14730 2 2 10 4 6281 7561 4156
14731 2 2 10 4 5717 7221 7125
14732 2 2 10 4 709 7834 5188
14733 2 2 10 4 2708 7994 6151
14734 2 2 10 4 4456 7915 4807
14735 2 2 10 4 4053 7372 4163
14736 2 2 10 4 6649 7345 2430
14737 2 2 10 4 6323 7598 4626
14738 2 2 10 4 7117 7183 6803
14739 2 2 10 4 3186 7408 6685
14740 2 2 10 4 3258 7416 2859
14741 2 2 10 4 6360 7417 3732
14742 2 2 10 4 7023 7523 4560
14743 2 2 10 4 4435 7278 7277
14744 2 2 10 4 2559 7264 6847
14745 2 2 10 4 7471 7528 2281
14746 2 2 10 4 4839 7636 7089
14747 2 2 10 4 4158 7424 6509
14748 2 2 10 4 3955 8129 4205
14749 2 2 10 4 4274 7473 4273
14750 2 2 10 4 5420 7759 3037
14751 2 2 10 4 5014 7711 7505
14752 2 2 10 4 5873 7997 7286
14753 2 2 10 4 7121 7832 7685
14754 2 2 10 4 3322 7425 3264
14755 2 2 10 4 7386 7554 6459
14756 2 2 10 4 7000 7301 4630
14757 2 2 10 4 4795 7955 4486
14758 2 2 10 4 4532 7953 6779
14759 2 2 10 4 6864 7551 4332
14760 2 2 10 4 2417 7427 6792
14761 2 2 10 4 559 7904 7888
14762 2 2 10 4 1675 7632 7067
14763 2 2 10 4 4670 7426 4077
14764 2 2 10 4 6936 7303 3988
14765 2 2 10 4 4120 7537 6957
14766 2 2 10 4 7293 7347 2178
14767 2 2 10 4 4602 8201 3600
14768 2 2 10 4 6962 7348 4043
14769 2 2 10 4 4150 7469 7105
14770 2 2 10 4 4586 7821 4373
14771 2 2 10 4 6914 7966 5994
14772 2 2 10 4 1735 7495 1732
14773 2 2 10 4 5950 7651 7427
14774 2 2 10 4 7712 7902 7698
14775 2 2 10 4 1505 7445 6277
14776 2 2 10 4 1441 7412 1438
14777 2 2 10 4 2295 7761 5534
14778 2 2 10 4 5986 8193 6628
14779 2 2 10 4 5896 7927 5893
14780 2 2 10 4 684 7926 6255
14781 2 2 10 4 4514 8128 4513
14782 2 2 10 4 4454 7573 6281
14783 2 2 10 4 6281 7573 7561
14784 2 2 10 4 5028 8029 3386
14785 2 2 10 4 7523 7696 4560
14786 2 2 10 4 7073 7233 2214
14787 2 2 10 4 989 7374 987
14788 2 2 10 4 3829 7357 4435
14789 2 2 10 4 4576 7378 6704
14790 2 2 10 4 7426 7671 2411
14791 2 2 10 4 1144 7972 887
14792 2 2 10 4 7020 7319 6849
14793 2 2 10 4 3416 7491 4051
14794 2 2 10 4 4365 7429 4114
14795 2 2 10 4 1293 7461 7366
14796 2 2 10 4 2660 7300 7140
14797 2 2 10 4 788 8179 7338
14798 2 2 10 4 6849 7319 2467
14799 2 2 10 4 2535 7349 6725
14800 2 2 10 4 72 7449 71
14801 2 2 10 4 4454 7586 7573
14802 2 2 10 4 4769 7453 6683
14803 2 2 10 4 4244 7418 4246
14804 2 2 10 4 2450 7287 7134
14805 2 2 10 4 5616 7578 5617
14806 2 2 10 4 5298 7560 5295
14807 2 2 10 4 5774 8113 4716
14808 2 2 10 4 1872 8150 8097
14809 2 2 10 4 6937 8199 5940
14810 2 2 10 4 7994 8066 6151
14811 2 2 10 4 4233 7402 7268
14812 2 2 10 4 3015 7479 7389
14813 2 2 10 4 6759 8049 5167
14814 2 2 10 4 4066 7454 7273
14815 2 2 10 4 4512 8024 4950
14816 2 2 10 4 4354 8094 4026
14817 2 2 10 4 4470 7361 3197
14818 2 2 10 4 4668 8200 8134
14819 2 2 10 4 4516 7498 5759
14820 2 2 10 4 4556 8144 4557
14821 2 2 10 4 7416 8138 2901
14822 2 2 10 4 4418 7472 4457
14823 2 2 10 4 7105 7469 6626
14824 2 2 10 4 5540 7968 748
14825 2 2 10 4 2755 7229 7120
14826 2 2 10 4 5664 7436 5667
14827 2 2 10 4 5186 7648 718
14828 2 2 10 4 6313 7447 4294
14829 2 2 10 4 3465 7574 7285
14830 2 2 10 4 4455 7586 4454
14831 2 2 10 4 2963 7569 5766
14832 2 2 10 4 1820 7405 1822
14833 2 2 10 4 7388 7577 3581
14834 2 2 10 4 4672 8118 7647
14835 2 2 10 4 7297 7410 2179
14836 2 2 10 4 2864 7439 2812
14837 2 2 10 4 669 7435 193
14838 2 2 10 4 2828 7440 6234
14839 2 2 10 4 4365 7536 7429
14840 2 2 10 4 4309 7622 7335
14841 2 2 10 4 7242 7891 4991
14842 2 2 10 4 4252 7451 4274
14843 2 2 10 4 4827 8123 7513
14844 2 2 10 4 606 7418 7270
14845 2 2 10 4 7679 7790 5679
14846 2 2 10 4 6885 7333 2551
14847 2 2 10 4 6135 7441 2965
14848 2 2 10 4 4215 7659 4845
14849 2 2 10 4 6627 7413 1472
14850 2 2 10 4 4719 7777 7574
14851 2 2 10 4 2279 7471 2281
14852 2 2 10 4 4455 7603 7586
14853 2 2 10 4 4264 7402 4233
14854 2 2 10 4 1149 7322 6932
14855 2 2 10 4 2581 7442 2583
14856 2 2 10 4 4222 7422 4220
14857 2 2 10 4 1220 7341 6920
14858 2 2 10 4 7003 8118 4672
14859 2 2 10 4 560 8114 5113
14860 2 2 10 4 5680 8190 5736
14861 2 2 10 4 4788 7454 4066
14862 2 2 10 4 6028 7674 3104
14863 2 2 10 4 6944 8021 1733
14864 2 2 10 4 6631 7769 7526
14865 2 2 10 4 3350 7310 6734
14866 2 2 10 4 5433 8107 2696
14867 2 2 10 4 4493 7599 4700
14868 2 2 10 4 4785 8192 4784
14869 2 2 10 4 3925 7428 4736
14870 2 2 10 4 4744 7476 4741
14871 2 2 10 4 4243 7541 7286
14872 2 2 10 4 4588 7444 2757
14873 2 2 10 4 7117 7387 5346
14874 2 2 10 4 7201 7516 2791
14875 2 2 10 4 1439 7686 7627
14876 2 2 10 4 4739 7603 4455
14877 2 2 10 4 7142 7480 4397
14878 2 2 10 4 5814 7270 7246
14879 2 2 10 4 163 7466 162
14880 2 2 10 4 6764 7787 6506
14881 2 2 10 4 5463 7918 1645
14882 2 2 10 4 5617 7578 7244
14883 2 2 10 4 7163 7184 6493
14884 2 2 10 4 6683 7453 6276
14885 2 2 10 4 2506 7407 2504
14886 2 2 10 4 4890 7797 4400
14887 2 2 10 4 7341 7674 6028
14888 2 2 10 4 4220 7419 4219
14889 2 2 10 4 6184 7755 5109
14890 2 2 10 4 4510 7464 4511
14891 2 2 10 4 5941 7857 976
14892 2 2 10 4 966 7511 7490
14893 2 2 10 4 801 7455 802
14894 2 2 10 4 3799 7393 4863
14895 2 2 10 4 5086 8032 7518
14896 2 2 10 4 4294 7458 4645
14897 2 2 10 4 5786 7423 7119
14898 2 2 10 4 6396 7501 6061
14899 2 2 10 4 4492 7985 4490
14900 2 2 10 4 1616 8006 7893
14901 2 2 10 4 4903 7956 4905
14902 2 2 10 4 7608 7706 4203
14903 2 2 10 4 4508 7398 4509
14904 2 2 10 4 4477 7957 6044
14905 2 2 10 4 6499 7433 4980
14906 2 2 10 4 6151 8066 3169
14907 2 2 10 4 789 7756 7384
14908 2 2 10 4 6725 7349 3959
14909 2 2 10 4 6613 8202 4243
14910 2 2 10 4 776 8185 6787
14911 2 2 10 4 4499 7395 4500
14912 2 2 10 4 6792 7427 4450
14913 2 2 10 4 1645 7802 1993
14914 2 2 10 4 666 7619 7196
14915 2 2 10 4 4311 7415 3401
14916 2 2 10 4 7253 8154 4857
14917 2 2 10 4 2179 7410 4139
14918 2 2 10 4 5332 7463 5041
14919 2 2 10 4 4706 8153 7100
14920 2 2 10 4 3996 7397 7103
14921 2 2 10 4 5204 7518 5203
14922 2 2 10 4 6648 7571 4576
14923 2 2 10 4 7207 7268 778
14924 2 2 10 4 6917 8075 2127
14925 2 2 10 4 7135 7464 3459
14926 2 2 10 4 395 7457 653
14927 2 2 10 4 221 7432 737
14928 2 2 10 4 7001 7264 4356
14929 2 2 10 4 5043 7467 5040
14930 2 2 10 4 1457 7465 1527
14931 2 2 10 4 646 7643 5708
14932 2 2 10 4 4367 7950 6939
14933 2 2 10 4 1290 7461 1293
14934 2 2 10 4 3194 8158 7638
14935 2 2 10 4 6168 7468 3685
14936 2 2 10 4 6685 7506 7401
14937 2 2 10 4 3873 7595 6687
14938 2 2 10 4 6953 7545 1360
14939 2 2 10 4 3472 7478 3127
14940 2 2 10 4 7121 7685 4432
14941 2 2 10 4 3199 7503 6497
14942 2 2 10 4 4783 7741 4204
14943 2 2 10 4 6628 8193 1737
14944 2 2 10 4 3476 7474 4615
14945 2 2 10 4 3962 8195 7717
14946 2 2 10 4 4647 7409 3993
14947 2 2 10 4 6221 7475 3701
14948 2 2 10 4 6522 7429 3450
14949 2 2 10 4 3187 7337 7164
14950 2 2 10 4 7164 7337 5665
14951 2 2 10 4 5219 8086 7805
14952 2 2 10 4 4220 7422 7419
14953 2 2 10 4 7444 8121 4801
14954 2 2 10 4 4012 7423 4014
14955 2 2 10 4 7392 7610 273
14956 2 2 10 4 5631 7408 4381
14957 2 2 10 4 4576 7571 7378
14958 2 2 10 4 7445 7538 6277
14959 2 2 10 4 645 8047 6974
14960 2 2 10 4 3364 7479 3015
14961 2 2 10 4 6921 7339 1130
14962 2 2 10 4 4598 7430 3889
14963 2 2 10 4 6026 7742 7356
14964 2 2 10 4 5516 7817 2788
14965 2 2 10 4 6165 7904 4361
14966 2 2 10 4 6836 8189 5445
14967 2 2 10 4 8066 8102 3169
14968 2 2 10 4 6491 7428 7108
14969 2 2 10 4 2268 7942 7206
14970 2 2 10 4 1134 7352 6887
14971 2 2 10 4 7473 7788 3961
14972 2 2 10 4 4206 7481 6322
14973 2 2 10 4 1145 7359 6691
14974 2 2 10 4 6734 7310 5540
14975 2 2 10 4 5371 7319 7020
14976 2 2 10 4 6693 7356 3929
14977 2 2 10 4 5691 8080 7905
14978 2 2 10 4 7095 7333 6885
14979 2 2 10 4 725 7485 5202
14980 2 2 10 4 4927 7666 5232
14981 2 2 10 4 7442 7535 2583
14982 2 2 10 4 3640 7597 3447
14983 2 2 10 4 6518 7377 6879
14984 2 2 10 4 7244 7578 3115
14985 2 2 10 4 679 7488 6405
14986 2 2 10 4 5422 7948 3207
14987 2 2 10 4 4032 7674 7341
14988 2 2 10 4 2263 7400 7241
14989 2 2 10 4 6251 7497 4289
14990 2 2 10 4 6325 8164 3307
14991 2 2 10 4 7243 7244 4017
14992 2 2 10 4 3483 7554 7386
14993 2 2 10 4 795 7698 7318
14994 2 2 10 4 2281 7528 2283
14995 2 2 10 4 7429 7536 3450
14996 2 2 10 4 4745 7486 4746
14997 2 2 10 4 7082 7576 4835
14998 2 2 10 4 4752 7569 4751
14999 2 2 10 4 6083 7891 7242
15000 2 2 10 4 3753 7504 3755
15001 2 2 10 4 1177 7532 1172
15002 2 2 10 4 4659 7782 4703
15003 2 2 10 4 6463 7492 3144
15004 2 2 10 4 5445 8189 5457
15005 2 2 10 4 4192 7400 7122
15006 2 2 10 4 1150 8208 6967
15007 2 2 10 4 7318 7698 6535
15008 2 2 10 4 4762 7898 6935
15009 2 2 10 4 1159 7477 1161
15010 2 2 10 4 753 8191 7198
15011 2 2 10 4 6403 7501 673
15012 2 2 10 4 1564 7507 1607
15013 2 2 10 4 2623 7508 2624
15014 2 2 10 4 2787 8123 960
15015 2 2 10 4 4940 7645 7477
15016 2 2 10 4 7447 7458 4294
15017 2 2 10 4 1898 7509 1884
15018 2 2 10 4 6306 7510 3717
15019 2 2 10 4 268 7522 267
15020 2 2 10 4 5345 7183 7117
15021 2 2 10 4 6459 7554 4383
15022 2 2 10 4 6362 7601 1177
15023 2 2 10 4 4482 7600 7593
15024 2 2 10 4 6791 7387 2459
15025 2 2 10 4 6049 7715 3026
15026 2 2 10 4 7351 7478 3472
15027 2 2 10 4 7043 7617 6839
15028 2 2 10 4 4998 7550 4997
15029 2 2 10 4 4827 7513 6731
15030 2 2 10 4 201 7529 200
15031 2 2 10 4 6123 7514 3119
15032 2 2 10 4 3027 7549 4931
15033 2 2 10 4 6799 7378 3485
15034 2 2 10 4 5533 7735 2967
15035 2 2 10 4 7197 7309 1509
15036 2 2 10 4 3104 7859 6565
15037 2 2 10 4 3875 7542 4624
15038 2 2 10 4 4686 7611 3899
15039 2 2 10 4 4678 8065 4555
15040 2 2 10 4 1134 7450 7352
15041 2 2 10 4 7347 7421 4510
15042 2 2 10 4 963 7483 961
15043 2 2 10 4 6277 7538 6304
15044 2 2 10 4 4399 7584 4636
15045 2 2 10 4 4985 7819 2110
15046 2 2 10 4 769 7676 5804
15047 2 2 10 4 612 7657 5885
15048 2 2 10 4 6331 7540 6362
15049 2 2 10 4 6612 7526 6611
15050 2 2 10 4 4249 7700 4248
15051 2 2 10 4 7619 7960 6273
15052 2 2 10 4 7254 7503 3199
15053 2 2 10 4 3169 8102 6068
15054 2 2 10 4 5673 7607 5672
15055 2 2 10 4 4140 7661 7385
15056 2 2 10 4 3387 7650 5319
15057 2 2 10 4 686 7654 6408
15058 2 2 10 4 2694 8107 3117
15059 2 2 10 4 5474 7889 2142
15060 2 2 10 4 6079 7520 6056
15061 2 2 10 4 4203 7706 4911
15062 2 2 10 4 7441 7592 2965
15063 2 2 10 4 6685 7401 3646
15064 2 2 10 4 7194 7602 1729
15065 2 2 10 4 4397 7480 3397
15066 2 2 10 4 4836 7525 4835
15067 2 2 10 4 3483 7386 6830
15068 2 2 10 4 1435 7484 1442
15069 2 2 10 4 7328 7493 4347
15070 2 2 10 4 3736 7527 4300
15071 2 2 10 4 6787 8196 776
15072 2 2 10 4 4332 7551 4776
15073 2 2 10 4 7611 8145 7819
15074 2 2 10 4 6991 7406 4801
15075 2 2 10 4 6978 7446 6882
15076 2 2 10 4 5797 7712 795
15077 2 2 10 4 7940 8203 614
15078 2 2 10 4 4619 8044 7052
15079 2 2 10 4 7344 7721 4420
15080 2 2 10 4 7377 7715 6049
15081 2 2 10 4 4196 7456 4194
15082 2 2 10 4 4044 7459 4788
15083 2 2 10 4 4384 7850 7050
15084 2 2 10 4 6155 7533 6257
15085 2 2 10 4 6087 7534 3359
15086 2 2 10 4 7264 7590 4356
15087 2 2 10 4 6412 7489 1711
15088 2 2 10 4 7378 7571 3485
15089 2 2 10 4 3459 7421 3460
15090 2 2 10 4 7076 8003 4533
15091 2 2 10 4 6768 8173 3140
15092 2 2 10 4 7354 7838 5032
15093 2 2 10 4 6999 7590 7264
15094 2 2 10 4 2583 7535 2585
15095 2 2 10 4 6009 8018 5482
15096 2 2 10 4 3340 8125 3628
15097 2 2 10 4 7239 7567 563
15098 2 2 10 4 5410 7598 5574
15099 2 2 10 4 6889 7685 4311
15100 2 2 10 4 970 7511 967
15101 2 2 10 4 2110 7819 2111
15102 2 2 10 4 3372 7691 5480
15103 2 2 10 4 4743 7490 4745
15104 2 2 10 4 5460 7979 7971
15105 2 2 10 4 5823 7711 3432
15106 2 2 10 4 4434 7517 3828
15107 2 2 10 4 5534 7760 5533
15108 2 2 10 4 4991 7891 5800
15109 2 2 10 4 7340 7526 6612
15110 2 2 10 4 2893 7546 2895
15111 2 2 10 4 5504 8065 1870
15112 2 2 10 4 1508 7559 1493
15113 2 2 10 4 6501 8037 4825
15114 2 2 10 4 5841 8181 4904
15115 2 2 10 4 5635 7693 5633
15116 2 2 10 4 4055 7321 7202
15117 2 2 10 4 3415 7550 6067
15118 2 2 10 4 191 7544 781
15119 2 2 10 4 6346 7774 4342
15120 2 2 10 4 5757 7406 6991
15121 2 2 10 4 5886 8003 744
15122 2 2 10 4 7434 8003 5886
15123 2 2 10 4 6274 8198 1979
15124 2 2 10 4 5739 7662 649
15125 2 2 10 4 739 7551 5912
15126 2 2 10 4 7414 7445 1505
15127 2 2 10 4 3499 7462 6598
15128 2 2 10 4 5570 7602 7194
15129 2 2 10 4 3097 7641 5741
15130 2 2 10 4 4782 8046 3987
15131 2 2 10 4 7607 7688 5672
15132 2 2 10 4 5982 8054 7916
15133 2 2 10 4 5408 8074 5392
15134 2 2 10 4 4446 7487 4097
15135 2 2 10 4 4607 8171 7080
15136 2 2 10 4 268 7633 7522
15137 2 2 10 4 4520 7852 6994
15138 2 2 10 4 6946 7437 4353
15139 2 2 10 4 7382 7811 3500
15140 2 2 10 4 6511 7470 4380
15141 2 2 10 4 5291 7696 5292
15142 2 2 10 4 4715 7515 4716
15143 2 2 10 4 4922 8004 7911
15144 2 2 10 4 7865 7949 5979
15145 2 2 10 4 5317 8132 3809
15146 2 2 10 4 5480 7691 4996
15147 2 2 10 4 7080 8124 4867
15148 2 2 10 4 7527 8105 5162
15149 2 2 10 4 2061 7556 1977
15150 2 2 10 4 6590 8158 3194
15151 2 2 10 4 5506 8021 6944
15152 2 2 10 4 6191 7935 7587
15153 2 2 10 4 5948 8178 3371
15154 2 2 10 4 5053 7563 5049
15155 2 2 10 4 4482 7593 4491
15156 2 2 10 4 4306 7581 5964
15157 2 2 10 4 4459 7600 4482
15158 2 2 10 4 4347 7493 5517
15159 2 2 10 4 7290 7969 4662
15160 2 2 10 4 7324 8139 2431
15161 2 2 10 4 7461 7616 4549
15162 2 2 10 4 6626 7469 3500
15163 2 2 10 4 7617 7644 3305
15164 2 2 10 4 5975 7662 4591
15165 2 2 10 4 4135 8109 6812
15166 2 2 10 4 5435 7893 7686
15167 2 2 10 4 7538 7612 6304
15168 2 2 10 4 4157 7884 6982
15169 2 2 10 4 7418 7568 4246
15170 2 2 10 4 3450 7536 4371
15171 2 2 10 4 563 7567 5115
15172 2 2 10 4 6240 7979 3700
15173 2 2 10 4 4731 7715 7377
15174 2 2 10 4 5766 7730 4785
15175 2 2 10 4 4160 7346 7259
15176 2 2 10 4 7259 7346 3658
15177 2 2 10 4 4393 7822 5568
15178 2 2 10 4 163 7820 7466
15179 2 2 10 4 4653 7742 6026
15180 2 2 10 4 3090 8086 7021
15181 2 2 10 4 5173 7737 5174
15182 2 2 10 4 7561 7573 1607
15183 2 2 10 4 1226 7519 1231
15184 2 2 10 4 4705 7618 4643
15185 2 2 10 4 7224 7448 3484
15186 2 2 10 4 1607 7573 6358
15187 2 2 10 4 4471 7367 7279
15188 2 2 10 4 4264 7530 7402
15189 2 2 10 4 3466 7574 3465
15190 2 2 10 4 7889 8148 2142
15191 2 2 10 4 5415 8055 4351
15192 2 2 10 4 7154 7752 4583
15193 2 2 10 4 4113 8141 6656
15194 2 2 10 4 5668 7703 1378
15195 2 2 10 4 4266 7530 4264
15196 2 2 10 4 4835 7576 4833
15197 2 2 10 4 4158 7846 7424
15198 2 2 10 4 4370 7815 6653
15199 2 2 10 4 7573 7586 6358
15200 2 2 10 4 367 7575 654
15201 2 2 10 4 2788 7874 5421
15202 2 2 10 4 7103 7397 2197
15203 2 2 10 4 3485 7571 6737
15204 2 2 10 4 4714 7962 4432
15205 2 2 10 4 783 7653 6404
15206 2 2 10 4 1508 7612 7560
15207 2 2 10 4 6319 7798 3878
15208 2 2 10 4 4438 7880 6881
15209 2 2 10 4 1251 7516 1253
15210 2 2 10 4 4524 7673 6228
15211 2 2 10 4 74 7635 73
15212 2 2 10 4 662 7850 5222
15213 2 2 10 4 6967 8208 4852
15214 2 2 10 4 2111 7819 2114
15215 2 2 10 4 5050 8095 7338
15216 2 2 10 4 5422 8005 7948
15217 2 2 10 4 574 8118 7003
15218 2 2 10 4 7306 8105 3735
15219 2 2 10 4 4356 7590 5532
15220 2 2 10 4 4147 7553 2271
15221 2 2 10 4 7257 8061 4270
15222 2 2 10 4 1301 7683 1298
15223 2 2 10 4 5276 7634 4276
15224 2 2 10 4 3006 7587 3349
15225 2 2 10 4 6696 7539 7342
15226 2 2 10 4 6358 7586 2919
15227 2 2 10 4 5770 7750 624
15228 2 2 10 4 6304 7612 1508
15229 2 2 10 4 5886 8002 7434
15230 2 2 10 4 7492 7669 3144
15231 2 2 10 4 273 7610 272
15232 2 2 10 4 5461 7971 7862
15233 2 2 10 4 762 7665 5817
15234 2 2 10 4 6863 7450 1134
15235 2 2 10 4 4745 7511 7486
15236 2 2 10 4 6149 7615 4148
15237 2 2 10 4 5780 7583 5784
15238 2 2 10 4 4761 7857 4762
15239 2 2 10 4 4388 7591 6357
15240 2 2 10 4 2965 7592 6200
15241 2 2 10 4 4246 7568 4410
15242 2 2 10 4 5613 7690 5803
15243 2 2 10 4 730 7588 5205
15244 2 2 10 4 7235 8090 3007
15245 2 2 10 4 7586 7603 2919
15246 2 2 10 4 5057 8158 6590
15247 2 2 10 4 6927 7982 6926
15248 2 2 10 4 5020 7596 5016
15249 2 2 10 4 4832 7594 4834
15250 2 2 10 4 3434 7656 5907
15251 2 2 10 4 3931 7742 5959
15252 2 2 10 4 5964 7581 7412
15253 2 2 10 4 7206 7942 4770
15254 2 2 10 4 7572 7827 5473
15255 2 2 10 4 1915 8089 7632
15256 2 2 10 4 4400 7797 4401
15257 2 2 10 4 6705 7637 4143
15258 2 2 10 4 4864 8165 4865
15259 2 2 10 4 5011 7614 5014
15260 2 2 10 4 1428 7564 1435
15261 2 2 10 4 2878 7626 4121
15262 2 2 10 4 6834 7494 5417
15263 2 2 10 4 5244 7541 4242
15264 2 2 10 4 2919 7603 6319
15265 2 2 10 4 7513 8123 2787
15266 2 2 10 4 4498 7621 4573
15267 2 2 10 4 4207 7847 4196
15268 2 2 10 4 4700 7606 4702
15269 2 2 10 4 85 7652 84
15270 2 2 10 4 5504 8198 8065
15271 2 2 10 4 7546 7607 5673
15272 2 2 10 4 4640 7608 6187
15273 2 2 10 4 5962 7663 2594
15274 2 2 10 4 5585 7660 1625
15275 2 2 10 4 1554 7639 7555
15276 2 2 10 4 4509 7965 5561
15277 2 2 10 4 5341 8071 7296
15278 2 2 10 4 7122 7400 2263
15279 2 2 10 4 4139 7649 6751
15280 2 2 10 4 5273 7536 4365
15281 2 2 10 4 7319 7702 2467
15282 2 2 10 4 269 7633 268
15283 2 2 10 4 5931 7617 7043
15284 2 2 10 4 6728 7739 4792
15285 2 2 10 4 2520 7547 2908
15286 2 2 10 4 559 7888 5116
15287 2 2 10 4 59 7605 58
15288 2 2 10 4 5844 7884 638
15289 2 2 10 4 4907 7613 4259
15290 2 2 10 4 7155 7572 5473
15291 2 2 10 4 7868 8205 4954
15292 2 2 10 4 6009 7954 4344
15293 2 2 10 4 4385 7658 4897
15294 2 2 10 4 2920 8074 5408
15295 2 2 10 4 5624 7709 5549
15296 2 2 10 4 3990 7548 3991
15297 2 2 10 4 4431 7720 5415
15298 2 2 10 4 1629 7929 5608
15299 2 2 10 4 7822 7830 5568
15300 2 2 10 4 7085 7939 7233
15301 2 2 10 4 5800 7891 3949
15302 2 2 10 4 3544 7961 6896
15303 2 2 10 4 4794 7640 4358
15304 2 2 10 4 4163 7675 6821
15305 2 2 10 4 1813 7565 1814
15306 2 2 10 4 4603 8115 6871
15307 2 2 10 4 4316 7552 6542
15308 2 2 10 4 6409 7619 666
15309 2 2 10 4 6948 8109 4135
15310 2 2 10 4 7401 7630 3646
15311 2 2 10 4 4096 8206 4820
15312 2 2 10 4 4626 7627 4625
15313 2 2 10 4 3698 7629 4409
15314 2 2 10 4 5188 7904 559
15315 2 2 10 4 7540 7601 6362
15316 2 2 10 4 5774 8167 618
15317 2 2 10 4 1435 7564 7484
15318 2 2 10 4 5522 7876 7675
15319 2 2 10 4 7488 7774 6405
15320 2 2 10 4 218 7677 217
15321 2 2 10 4 3543 7769 6631
15322 2 2 10 4 977 7678 980
15323 2 2 10 4 4176 7557 4521
15324 2 2 10 4 5096 7681 672
15325 2 2 10 4 6263 7642 4402
15326 2 2 10 4 7368 8146 4551
15327 2 2 10 4 190 7631 189
15328 2 2 10 4 4447 7589 4519
15329 2 2 10 4 7562 7993 5145
15330 2 2 10 4 649 7662 5975
15331 2 2 10 4 5909 7780 652
15332 2 2 10 4 6808 7919 6842
15333 2 2 10 4 6468 7900 4123
15334 2 2 10 4 4344 7954 4522
15335 2 2 10 4 7404 8169 578
15336 2 2 10 4 7352 7450 5492
15337 2 2 10 4 1360 7545 6649
15338 2 2 10 4 6280 7638 3713
15339 2 2 10 4 1555 7639 1554
15340 2 2 10 4 5812 8008 766
15341 2 2 10 4 7213 7361 4470
15342 2 2 10 4 1700 7628 1703
15343 2 2 10 4 7748 8017 5085
15344 2 2 10 4 3449 7558 4101
15345 2 2 10 4 5463 7992 7918
15346 2 2 10 4 7142 7901 1644
15347 2 2 10 4 4123 7900 4774
15348 2 2 10 4 5809 7713 7548
15349 2 2 10 4 4327 7647 6195
15350 2 2 10 4 7750 7995 624
15351 2 2 10 4 5702 8204 3333
15352 2 2 10 4 4545 7824 7762
15353 2 2 10 4 5577 8163 5576
15354 2 2 10 4 4671 7865 4670
15355 2 2 10 4 6649 7545 7345
15356 2 2 10 4 6767 7554 3483
15357 2 2 10 4 4728 7653 5418
15358 2 2 10 4 2510 7580 2508
15359 2 2 10 4 5058 7764 5060
15360 2 2 10 4 2901 8138 7013
15361 2 2 10 4 4406 7654 6224
15362 2 2 10 4 4383 7930 2305
15363 2 2 10 4 137 7680 136
15364 2 2 10 4 4443 7740 7380
15365 2 2 10 4 4540 7661 4140
15366 2 2 10 4 2646 7579 2649
15367 2 2 10 4 6301 8034 4048
15368 2 2 10 4 7551 8176 4776
15369 2 2 10 4 4748 7784 4747
15370 2 2 10 4 7148 7980 583
15371 2 2 10 4 6149 7834 7615
15372 2 2 10 4 3395 7572 2922
15373 2 2 10 4 7693 7908 5633
15374 2 2 10 4 694 7658 5968
15375 2 2 10 4 5978 7732 4483
15376 2 2 10 4 6731 7513 4742
15377 2 2 10 4 4373 7821 4375
15378 2 2 10 4 5607 8149 6846
15379 2 2 10 4 5672 7688 5670
15380 2 2 10 4 781 8166 7631
15381 2 2 10 4 578 7659 5524
15382 2 2 10 4 4192 7984 7542
15383 2 2 10 4 7504 7873 3755
15384 2 2 10 4 4640 7706 7608
15385 2 2 10 4 7920 8030 7449
15386 2 2 10 4 6046 7667 4476
15387 2 2 10 4 5618 7776 5619
15388 2 2 10 4 7054 7443 4134
15389 2 2 10 4 1870 8065 7922
15390 2 2 10 4 4747 7957 4477
15391 2 2 10 4 6242 7996 7838
15392 2 2 10 4 2429 7977 2428
15393 2 2 10 4 2428 7894 5516
15394 2 2 10 4 7080 8171 656
15395 2 2 10 4 7526 7769 6611
15396 2 2 10 4 6346 8052 7774
15397 2 2 10 4 7462 7553 4147
15398 2 2 10 4 5905 7700 660
15399 2 2 10 4 5494 7839 5495
15400 2 2 10 4 4429 7731 4129
15401 2 2 10 4 7449 8030 71
15402 2 2 10 4 575 8025 5627
15403 2 2 10 4 4253 7604 4255
15404 2 2 10 4 98 7666 97
15405 2 2 10 4 712 8015 6738
15406 2 2 10 4 7335 7622 6943
15407 2 2 10 4 5034 8110 5928
15408 2 2 10 4 1816 7623 1818
15409 2 2 10 4 2410 7539 6696
15410 2 2 10 4 6227 7691 3372
15411 2 2 10 4 5858 7670 4729
15412 2 2 10 4 5997 7818 5467
15413 2 2 10 4 7627 7686 4625
15414 2 2 10 4 748 7968 6840
15415 2 2 10 4 4653 8081 7742
15416 2 2 10 4 7615 7834 709
15417 2 2 10 4 7674 7859 3104
15418 2 2 10 4 1728 7844 1727
15419 2 2 10 4 6957 7537 3895
15420 2 2 10 4 4636 8173 5861
15421 2 2 10 4 3980 7589 6570
15422 2 2 10 4 4092 7643 6528
15423 2 2 10 4 779 7673 6601
15424 2 2 10 4 4738 8015 4739
15425 2 2 10 4 2135 7609 2140
15426 2 2 10 4 4624 8197 7227
15427 2 2 10 4 4197 7880 7665
15428 2 2 10 4 4889 7986 7281
15429 2 2 10 4 7486 7511 970
15430 2 2 10 4 4528 8175 7929
15431 2 2 10 4 2264 7624 2245
15432 2 2 10 4 5578 7728 5577
15433 2 2 10 4 4635 8022 7645
15434 2 2 10 4 5834 7516 7201
15435 2 2 10 4 4549 7616 5889
15436 2 2 10 4 4971 7651 5950
15437 2 2 10 4 4446 7676 7487
15438 2 2 10 4 2875 7865 5979
15439 2 2 10 4 7187 7595 5857
15440 2 2 10 4 4594 7689 4925
15441 2 2 10 4 3307 8126 6976
15442 2 2 10 4 5826 8061 7257
15443 2 2 10 4 2908 7606 7599
15444 2 2 10 4 2410 7684 7539
15445 2 2 10 4 4730 7999 7549
15446 2 2 10 4 1673 7632 1675
15447 2 2 10 4 766 8001 5825
15448 2 2 10 4 6666 7577 4472
15449 2 2 10 4 5478 8051 3616
15450 2 2 10 4 1853 8187 5732
15451 2 2 10 4 5109 7755 5108
15452 2 2 10 4 3096 7783 5947
15453 2 2 10 4 7634 8142 3254
15454 2 2 10 4 586 8119 5170
15455 2 2 10 4 7575 7812 654
15456 2 2 10 4 3956 7692 6178
15457 2 2 10 4 3915 7446 6978
15458 2 2 10 4 4263 7693 6100
15459 2 2 10 4 4300 7694 6373
15460 2 2 10 4 7256 7608 4203
15461 2 2 10 4 4621 7695 3603
15462 2 2 10 4 7698 7902 5911
15463 2 2 10 4 6535 7698 5911
15464 2 2 10 4 3842 7682 7395
15465 2 2 10 4 4452 7697 4453
15466 2 2 10 4 4533 7434 7212
15467 2 2 10 4 7312 8049 3136
15468 2 2 10 4 6179 7699 6069
15469 2 2 10 4 6365 7561 7507
15470 2 2 10 4 5696 7664 4514
15471 2 2 10 4 4625 7686 4627
15472 2 2 10 4 7353 7946 591
15473 2 2 10 4 76 7734 75
15474 2 2 10 4 7334 8168 4639
15475 2 2 10 4 4641 7706 4640
15476 2 2 10 4 7129 7595 7187
15477 2 2 10 4 5834 7787 7516
15478 2 2 10 4 1346 7841 1344
15479 2 2 10 4 2803 7707 3290
15480 2 2 10 4 5653 7708 5656
15481 2 2 10 4 89 7746 88
15482 2 2 10 4 2385 7781 6549
15483 2 2 10 4 3618 7621 6591
15484 2 2 10 4 5515 8128 636
15485 2 2 10 4 4730 7715 4731
15486 2 2 10 4 5043 7831 7467
15487 2 2 10 4 5595 7913 7174
15488 2 2 10 4 6002 7718 5588
15489 2 2 10 4 2409 7671 2875
15490 2 2 10 4 5798 7940 614
15491 2 2 10 4 3115 7578 6873
15492 2 2 10 4 5541 8127 808
15493 2 2 10 4 5305 7892 5302
15494 2 2 10 4 5741 8129 4565
15495 2 2 10 4 2456 7714 2633
15496 2 2 10 4 1872 8097 7192
15497 2 2 10 4 3305 7644 3545
15498 2 2 10 4 7568 7687 4410
15499 2 2 10 4 1876 7833 5613
15500 2 2 10 4 5965 8210 5974
15501 2 2 10 4 5633 7908 1157
15502 2 2 10 4 753 8061 5826
15503 2 2 10 4 5767 8185 776
15504 2 2 10 4 7591 7882 6357
15505 2 2 10 4 4906 7956 4903
15506 2 2 10 4 7050 7850 662
15507 2 2 10 4 1882 8156 1885
15508 2 2 10 4 3662 7726 4320
15509 2 2 10 4 6648 7828 7571
15510 2 2 10 4 7387 7723 5348
15511 2 2 10 4 3432 7716 2900
15512 2 2 10 4 1729 7602 6944
15513 2 2 10 4 2943 7849 2986
15514 2 2 10 4 1371 8071 6856
15515 2 2 10 4 7319 7839 7702
15516 2 2 10 4 6839 7617 3305
15517 2 2 10 4 6273 7960 6081
15518 2 2 10 4 3144 7669 5997
15519 2 2 10 4 589 8002 5886
15520 2 2 10 4 4410 7687 4412
15521 2 2 10 4 7460 7759 5355
15522 2 2 10 4 681 7721 4988
15523 2 2 10 4 4596 7650 4595
15524 2 2 10 4 5618 7922 7776
15525 2 2 10 4 7642 7933 4402
15526 2 2 10 4 5224 7885 5140
15527 2 2 10 4 5269 7831 5043
15528 2 2 10 4 508 7722 509
15529 2 2 10 4 5404 8070 7818
15530 2 2 10 4 7962 8113 774
15531 2 2 10 4 774 8113 5774
15532 2 2 10 4 6018 7756 789
15533 2 2 10 4 5840 8043 749
15534 2 2 10 4 602 8181 5841
15535 2 2 10 4 609 7985 5812
15536 2 2 10 4 6298 8110 8035
15537 2 2 10 4 4712 8159 7991
15538 2 2 10 4 4546 7824 4545
15539 2 2 10 4 739 8176 7551
15540 2 2 10 4 1109 7804 1111
15541 2 2 10 4 7021 8086 5141
15542 2 2 10 4 2981 7996 6242
15543 2 2 10 4 4131 7763 7503
15544 2 2 10 4 4963 7747 4449
15545 2 2 10 4 4723 7733 4722
15546 2 2 10 4 5193 7933 7642
15547 2 2 10 4 1554 7555 7048
15548 2 2 10 4 2305 7930 2924
15549 2 2 10 4 4517 7521 7057
15550 2 2 10 4 5690 7705 6723
15551 2 2 10 4 3665 7738 6093
15552 2 2 10 4 3888 7773 4732
15553 2 2 10 4 2144 7895 7720
15554 2 2 10 4 6191 7741 3464
15555 2 2 10 4 4309 7743 7622
15556 2 2 10 4 5420 7990 7759
15557 2 2 10 4 5889 7793 3550
15558 2 2 10 4 5942 8042 5943
15559 2 2 10 4 7184 7460 5355
15560 2 2 10 4 5429 7744 5433
15561 2 2 10 4 2870 7637 6705
15562 2 2 10 4 4218 7704 4986
15563 2 2 10 4 142 7799 141
15564 2 2 10 4 6887 7582 2555
15565 2 2 10 4 7582 7672 2555
15566 2 2 10 4 5568 7830 3910
15567 2 2 10 4 2833 7748 2834
15568 2 2 10 4 2908 7599 6924
15569 2 2 10 4 5294 7523 7309
15570 2 2 10 4 1579 7749 1578
15571 2 2 10 4 4537 7674 4032
15572 2 2 10 4 6043 7752 919
15573 2 2 10 4 7995 8185 5767
15574 2 2 10 4 7667 7836 4476
15575 2 2 10 4 4519 7676 4446
15576 2 2 10 4 7123 7524 4341
15577 2 2 10 4 6005 8079 6006
15578 2 2 10 4 4026 7679 3973
15579 2 2 10 4 4191 7751 6236
15580 2 2 10 4 18 7754 17
15581 2 2 10 4 6462 7936 2790
15582 2 2 10 4 5243 8059 5272
15583 2 2 10 4 7804 8038 1111
15584 2 2 10 4 4449 7969 7290
15585 2 2 10 4 4048 8034 6898
15586 2 2 10 4 757 8141 5851
15587 2 2 10 4 6738 8015 4738
15588 2 2 10 4 5882 7860 796
15589 2 2 10 4 6409 7960 7619
15590 2 2 10 4 7168 7806 4460
15591 2 2 10 4 8035 8110 5034
15592 2 2 10 4 4824 7794 3608
15593 2 2 10 4 4205 8129 7641
15594 2 2 10 4 4393 7869 7822
15595 2 2 10 4 5292 7696 7523
15596 2 2 10 4 751 8134 5847
15597 2 2 10 4 2964 7771 6147
15598 2 2 10 4 102 7758 101
15599 2 2 10 4 279 7792 278
15600 2 2 10 4 6161 7764 2742
15601 2 2 10 4 7339 8100 1130
15602 2 2 10 4 1704 7745 1707
15603 2 2 10 4 1870 7922 5618
15604 2 2 10 4 5537 8170 4602
15605 2 2 10 4 6723 7705 3994
15606 2 2 10 4 7352 7582 6887
15607 2 2 10 4 5935 8085 1149
15608 2 2 10 4 2386 7701 2363
15609 2 2 10 4 3686 7766 4154
15610 2 2 10 4 164 7820 163
15611 2 2 10 4 7793 7947 3550
15612 2 2 10 4 5613 7833 7690
15613 2 2 10 4 5940 8199 5942
15614 2 2 10 4 4546 7871 7824
15615 2 2 10 4 5105 7771 5106
15616 2 2 10 4 7690 7833 4275
15617 2 2 10 4 4544 7843 4542
15618 2 2 10 4 776 8196 7040
15619 2 2 10 4 2260 7743 4309
15620 2 2 10 4 3646 7630 6848
15621 2 2 10 4 4562 7980 4946
15622 2 2 10 4 7708 7872 5656
15623 2 2 10 4 6677 8150 1872
15624 2 2 10 4 4541 7777 3073
15625 2 2 10 4 565 7933 5193
15626 2 2 10 4 7599 7606 4700
15627 2 2 10 4 6285 7778 3429
15628 2 2 10 4 6111 8069 784
15629 2 2 10 4 7516 7787 1253
15630 2 2 10 4 3037 7759 7460
15631 2 2 10 4 4263 7908 7693
15632 2 2 10 4 6465 8084 7684
15633 2 2 10 4 6405 7774 780
15634 2 2 10 4 1144 8209 5934
15635 2 2 10 4 3371 8178 6465
15636 2 2 10 4 6751 7649 2460
15637 2 2 10 4 3396 7835 4397
15638 2 2 10 4 5522 7675 7364
15639 2 2 10 4 614 8203 6692
15640 2 2 10 4 7614 7716 3432
15641 2 2 10 4 1643 8005 5422
15642 2 2 10 4 4557 8144 7948
15643 2 2 10 4 1644 8041 1643
15644 2 2 10 4 7563 8127 5052
15645 2 2 10 4 2924 8037 6501
15646 2 2 10 4 3602 7772 3286
15647 2 2 10 4 7640 7844 1731
15648 2 2 10 4 4257 7826 7656
15649 2 2 10 4 4472 7577 7388
15650 2 2 10 4 785 7789 6406
15651 2 2 10 4 5542 7829 5543
15652 2 2 10 4 7487 7676 769
15653 2 2 10 4 8104 8177 1646
15654 2 2 10 4 3148 7803 3574
15655 2 2 10 4 7260 7781 2385
15656 2 2 10 4 7571 7828 6737
15657 2 2 10 4 4121 7626 7500
15658 2 2 10 4 1808 7736 1810
15659 2 2 10 4 3092 7805 3089
15660 2 2 10 4 3395 7827 7572
15661 2 2 10 4 4415 7719 4268
15662 2 2 10 4 5411 8159 1410
15663 2 2 10 4 2509 7958 2829
15664 2 2 10 4 4582 8052 6346
15665 2 2 10 4 4552 7809 6266
15666 2 2 10 4 6238 7810 4288
15667 2 2 10 4 5855 8133 754
15668 2 2 10 4 4617 7871 4546
15669 2 2 10 4 4965 7848 4319
15670 2 2 10 4 4790 7732 3996
15671 2 2 10 4 7930 8037 2924
15672 2 2 10 4 643 7806 5112
15673 2 2 10 4 6195 7813 4331
15674 2 2 10 4 1894 8156 1882
15675 2 2 10 4 654 7812 5207
15676 2 2 10 4 1979 8198 5504
15677 2 2 10 4 3411 8168 1364
15678 2 2 10 4 7799 7967 141
15679 2 2 10 4 7616 7793 5889
15680 2 2 10 4 5732 8187 4697
15681 2 2 10 4 56 7837 55
15682 2 2 10 4 6943 7622 3516
15683 2 2 10 4 4518 7826 3336
15684 2 2 10 4 5181 8138 7416
15685 2 2 10 4 104 7816 103
15686 2 2 10 4 2967 8108 2303
15687 2 2 10 4 7180 7620 4883
15688 2 2 10 4 723 7815 5003
15689 2 2 10 4 4526 7740 4443
15690 2 2 10 4 4084 7801 3033
15691 2 2 10 4 7515 7854 5775
15692 2 2 10 4 6924 7655 2724
15693 2 2 10 4 1645 7918 7802
15694 2 2 10 4 5572 8083 1865
15695 2 2 10 4 7664 8128 4514
15696 2 2 10 4 5030 7838 5033
15697 2 2 10 4 1233 7729 1235
15698 2 2 10 4 4275 7833 4754
15699 2 2 10 4 4361 7834 6149
15700 2 2 10 4 6791 7723 7387
15701 2 2 10 4 4205 7590 6999
15702 2 2 10 4 5783 8139 7324
15703 2 2 10 4 5289 8104 1646
15704 2 2 10 4 4476 7836 5241
15705 2 2 10 4 7649 7725 2460
15706 2 2 10 4 1952 7828 6648
15707 2 2 10 4 6604 7717 4277
15708 2 2 10 4 7364 7675 4163
15709 2 2 10 4 7692 8077 6178
15710 2 2 10 4 5768 7962 774
15711 2 2 10 4 6867 7684 2410
15712 2 2 10 4 4545 7762 6596
15713 2 2 10 4 6568 7763 4131
15714 2 2 10 4 5444 7753 6005
15715 2 2 10 4 4796 7840 4098
15716 2 2 10 4 5723 7978 5304
15717 2 2 10 4 7013 8138 5182
15718 2 2 10 4 5062 7803 7022
15719 2 2 10 4 4811 7817 4809
15720 2 2 10 4 3216 7907 6155
15721 2 2 10 4 7856 8068 3921
15722 2 2 10 4 6821 7675 3995
15723 2 2 10 4 4621 8096 7695
15724 2 2 10 4 7669 7818 5997
15725 2 2 10 4 4560 7768 4558
15726 2 2 10 4 4688 7846 4158
15727 2 2 10 4 4555 8198 6274
15728 2 2 10 4 3275 8186 3803
15729 2 2 10 4 7327 8176 739
15730 2 2 10 4 7787 8039 6506
15731 2 2 10 4 1069 8004 6709
15732 2 2 10 4 3204 7853 2698
15733 2 2 10 4 624 7995 5767
15734 2 2 10 4 3775 7964 4350
15735 2 2 10 4 7238 7898 4762
15736 2 2 10 4 7982 8180 7974
15737 2 2 10 4 222 7860 7432
15738 2 2 10 4 5355 7759 5353
15739 2 2 10 4 2142 8148 2139
15740 2 2 10 4 7675 7876 3995
15741 2 2 10 4 7731 8094 4354
15742 2 2 10 4 4923 8004 4922
15743 2 2 10 4 4590 7869 4393
15744 2 2 10 4 7227 8040 4861
15745 2 2 10 4 805 8078 804
15746 2 2 10 4 6976 8126 5221
15747 2 2 10 4 2762 7941 2194
15748 2 2 10 4 5825 8033 602
15749 2 2 10 4 7810 7903 4288
15750 2 2 10 4 7624 7784 4751
15751 2 2 10 4 7717 8195 5697
15752 2 2 10 4 7687 7808 4412
15753 2 2 10 4 4612 7757 4439
15754 2 2 10 4 2555 7672 6903
15755 2 2 10 4 7296 8071 1371
15756 2 2 10 4 7974 8180 4886
15757 2 2 10 4 1904 7866 1916
15758 2 2 10 4 3140 8173 7584
15759 2 2 10 4 3310 8188 3547
15760 2 2 10 4 5759 7498 7278
15761 2 2 10 4 1234 7944 1232
15762 2 2 10 4 4059 7870 6231
15763 2 2 10 4 1578 7959 1572
15764 2 2 10 4 5656 7872 5658
15765 2 2 10 4 4485 7770 4517
15766 2 2 10 4 3755 7873 3757
15767 2 2 10 4 7309 7523 7023
15768 2 2 10 4 7733 8099 4722
15769 2 2 10 4 1646 8177 5458
15770 2 2 10 4 6611 7769 6684
15771 2 2 10 4 7581 7786 1537
15772 2 2 10 4 4154 7766 6992
15773 2 2 10 4 4739 7798 7603
15774 2 2 10 4 4412 7808 4501
15775 2 2 10 4 4493 7655 7599
15776 2 2 10 4 3593 7877 3378
15777 2 2 10 4 1033 7636 7100
15778 2 2 10 4 7613 8069 4335
15779 2 2 10 4 1707 7791 6412
15780 2 2 10 4 3723 7878 3724
15781 2 2 10 4 7745 7791 1707
15782 2 2 10 4 7686 7893 4627
15783 2 2 10 4 6746 8100 7339
15784 2 2 10 4 5608 8149 5607
15785 2 2 10 4 6687 7595 7129
15786 2 2 10 4 7421 7464 4510
15787 2 2 10 4 159 7937 158
15788 2 2 10 4 1908 7881 1900
15789 2 2 10 4 7014 8119 586
15790 2 2 10 4 7742 8081 5959
15791 2 2 10 4 6438 7856 3921
15792 2 2 10 4 6357 7882 3124
15793 2 2 10 4 1235 7775 1237
15794 2 2 10 4 6515 7825 742
15795 2 2 10 4 4009 7685 6889
15796 2 2 10 4 1287 7976 5638
15797 2 2 10 4 5460 7971 5461
15798 2 2 10 4 6585 8120 4686
15799 2 2 10 4 4733 7887 4592
15800 2 2 10 4 6396 7502 7501
15801 2 2 10 4 109 7886 108
15802 2 2 10 4 3949 7891 6083
15803 2 2 10 4 6936 7807 7303
15804 2 2 10 4 8083 8184 4409
15805 2 2 10 4 773 8192 5771
15806 2 2 10 4 7450 7702 5494
15807 2 2 10 4 4451 7785 6703
15808 2 2 10 4 7817 7894 4809
15809 2 2 10 4 4537 7859 7674
15810 2 2 10 4 6654 8079 5330
15811 2 2 10 4 4865 8165 5694
15812 2 2 10 4 5017 7896 5020
15813 2 2 10 4 5658 8011 5748
15814 2 2 10 4 141 7967 140
15815 2 2 10 4 4196 7847 7307
15816 2 2 10 4 4813 7874 4811
15817 2 2 10 4 7399 8057 4362
15818 2 2 10 4 1571 7959 7728
15819 2 2 10 4 7835 7901 4397
15820 2 2 10 4 6692 8203 4784
15821 2 2 10 4 5705 8089 5706
15822 2 2 10 4 7774 8052 780
15823 2 2 10 4 5979 7949 4659
15824 2 2 10 4 5911 7961 5910
15825 2 2 10 4 6863 7702 7450
15826 2 2 10 4 5842 8136 5810
15827 2 2 10 4 5491 7582 7352
15828 2 2 10 4 311 7934 310
15829 2 2 10 4 2701 7897 2706
15830 2 2 10 4 4417 7800 4415
15831 2 2 10 4 7598 7627 4626
15832 2 2 10 4 5410 7627 7598
15833 2 2 10 4 1111 8038 1113
15834 2 2 10 4 4670 7865 7671
15835 2 2 10 4 3459 7464 7421
15836 2 2 10 4 2467 7702 6863
15837 2 2 10 4 3809 7795 2989
15838 2 2 10 4 787 7924 7594
15839 2 2 10 4 4115 8097 4787
15840 2 2 10 4 2460 7725 6729
15841 2 2 10 4 3118 7796 6666
15842 2 2 10 4 4713 7780 4539
15843 2 2 10 4 7286 7541 746
15844 2 2 10 4 6532 8180 6531
15845 2 2 10 4 7838 7996 5033
15846 2 2 10 4 6947 7807 668
15847 2 2 10 4 7496 8023 5081
15848 2 2 10 4 4811 7874 7817
15849 2 2 10 4 6666 7796 7577
15850 2 2 10 4 4288 7903 3869
15851 2 2 10 4 5086 7907 5085
15852 2 2 10 4 4586 8210 5965
15853 2 2 10 4 2645 7811 2647
15854 2 2 10 4 3629 8125 3340
15855 2 2 10 4 3122 7910 6309
15856 2 2 10 4 2696 8107 2694
15857 2 2 10 4 71 8030 70
15858 2 2 10 4 754 8133 8082
15859 2 2 10 4 7395 7682 4500
15860 2 2 10 4 7729 7775 1235
15861 2 2 10 4 6189 7913 4464
15862 2 2 10 4 4931 8202 6613
15863 2 2 10 4 7538 7921 7612
15864 2 2 10 4 4007 7998 7890
15865 2 2 10 4 7753 7914 5330
15866 2 2 10 4 173 7912 172
15867 2 2 10 4 4415 7800 7719
15868 2 2 10 4 3351 7620 7180
15869 2 2 10 4 1537 7786 6621
15870 2 2 10 4 4550 7739 6728
15871 2 2 10 4 5833 8039 5834
15872 2 2 10 4 4871 7908 4263
15873 2 2 10 4 4613 7932 4042
15874 2 2 10 4 4578 8026 5988
15875 2 2 10 4 1253 7787 6764
15876 2 2 10 4 6255 7926 4370
15877 2 2 10 4 754 8082 36
15878 2 2 10 4 5330 7914 5329
15879 2 2 10 4 7281 7986 6909
15880 2 2 10 4 4777 7875 4778
15881 2 2 10 4 241 7952 240
15882 2 2 10 4 7651 7785 4451
15883 2 2 10 4 3007 7867 2524
15884 2 2 10 4 4688 8114 7846
15885 2 2 10 4 1362 7723 6791
15886 2 2 10 4 5572 8184 8083
15887 2 2 10 4 4693 7802 6638
15888 2 2 10 4 4535 7827 3395
15889 2 2 10 4 3999 7854 4001
15890 2 2 10 4 5024 7928 5026
15891 2 2 10 4 6298 8035 2873
15892 2 2 10 4 4984 8020 4584
15893 2 2 10 4 1299 8054 5639
15894 2 2 10 4 181 7924 787
15895 2 2 10 4 4988 7721 7344
15896 2 2 10 4 2268 7855 2265
15897 2 2 10 4 4101 7975 7262
15898 2 2 10 4 7872 8011 5658
15899 2 2 10 4 4402 7933 4890
15900 2 2 10 4 1908 8064 7881
15901 2 2 10 4 3906 7760 6797
15902 2 2 10 4 4891 7935 4382
15903 2 2 10 4 3474 7945 6995
15904 2 2 10 4 2060 7938 3205
15905 2 2 10 4 5183 7945 5182
15906 2 2 10 4 623 8151 245
15907 2 2 10 4 5193 7642 7181
15908 2 2 10 4 7817 7874 2788
15909 2 2 10 4 2604 7942 2267
15910 2 2 10 4 4778 7875 7781
15911 2 2 10 4 7490 7511 4745
15912 2 2 10 4 35 8040 34
15913 2 2 10 4 5934 8209 5487
15914 2 2 10 4 7859 8091 6565
15915 2 2 10 4 4905 8090 5711
15916 2 2 10 4 3877 7950 4367
15917 2 2 10 4 7218 8045 3529
15918 2 2 10 4 6172 7987 4698
15919 2 2 10 4 591 7946 522
15920 2 2 10 4 4716 8113 4714
15921 2 2 10 4 4787 8150 5375
15922 2 2 10 4 3119 7928 7176
15923 2 2 10 4 1177 7601 7482
15924 2 2 10 4 6000 7953 4532
15925 2 2 10 4 7303 7807 6947
15926 2 2 10 4 5928 8110 4292
15927 2 2 10 4 8097 8150 4787
15928 2 2 10 4 6787 8185 4749
15929 2 2 10 4 4539 7859 4537
15930 2 2 10 4 826 7966 828
15931 2 2 10 4 2140 7895 2141
15932 2 2 10 4 3118 7974 7796
15933 2 2 10 4 4809 7894 4808
15934 2 2 10 4 3960 7906 3962
15935 2 2 10 4 5161 8105 7306
15936 2 2 10 4 7227 8197 579
15937 2 2 10 4 782 7960 6409
15938 2 2 10 4 6729 7779 1139
15939 2 2 10 4 1154 8036 1158
15940 2 2 10 4 5152 8007 5151
15941 2 2 10 4 6578 7905 5455
15942 2 2 10 4 4740 7811 7382
15943 2 2 10 4 3682 7983 3681
15944 2 2 10 4 6082 7988 3704
15945 2 2 10 4 5078 7989 5069
15946 2 2 10 4 5150 7993 5153
15947 2 2 10 4 4784 8203 4779
15948 2 2 10 4 5235 8158 5057
15949 2 2 10 4 6797 7761 4802
15950 2 2 10 4 6745 8100 6746
15951 2 2 10 4 7696 7768 4560
15952 2 2 10 4 4734 7994 4733
15953 2 2 10 4 5033 7996 5035
15954 2 2 10 4 5983 8000 5593
15955 2 2 10 4 5847 8200 572
15956 2 2 10 4 5083 8017 5087
15957 2 2 10 4 4733 7994 7941
15958 2 2 10 4 3394 8056 3627
15959 2 2 10 4 5101 8164 7882
15960 2 2 10 4 4501 7899 4503
15961 2 2 10 4 6242 7838 7354
15962 2 2 10 4 3682 8031 7983
15963 2 2 10 4 7808 7899 4501
15964 2 2 10 4 5516 7894 7817
15965 2 2 10 4 7401 7506 5795
15966 2 2 10 4 6503 7710 7332
15967 2 2 10 4 4085 8012 3711
15968 2 2 10 4 5081 8023 5075
15969 2 2 10 4 6779 7953 2434
15970 2 2 10 4 4604 7864 4530
15971 2 2 10 4 3714 8013 3845
15972 2 2 10 4 4237 8018 4238
15973 2 2 10 4 4197 7665 7314
15974 2 2 10 4 5974 8210 3684
15975 2 2 10 4 7905 8080 5455
15976 2 2 10 4 4142 7879 5376
15977 2 2 10 4 7599 7655 6924
15978 2 2 10 4 6456 8184 5572
15979 2 2 10 4 4734 8066 7994
15980 2 2 10 4 422 8014 423
15981 2 2 10 4 6517 8187 1853
15982 2 2 10 4 7986 8140 3335
15983 2 2 10 4 4670 7671 7426
15984 2 2 10 4 6097 8031 3682
15985 2 2 10 4 5084 8032 5086
15986 2 2 10 4 6172 8160 7987
15987 2 2 10 4 5035 8035 5034
15988 2 2 10 4 4627 7893 4629
15989 2 2 10 4 5167 8049 5169
15990 2 2 10 4 5158 8045 5157
15991 2 2 10 4 7989 8112 5069
15992 2 2 10 4 6300 8050 4638
15993 2 2 10 4 6267 8053 4093
15994 2 2 10 4 6487 8130 4893
15995 2 2 10 4 4362 8057 3689
15996 2 2 10 4 7644 7724 3545
15997 2 2 10 4 4721 7883 4720
15998 2 2 10 4 2630 8060 3494
15999 2 2 10 4 6737 7828 4806
16000 2 2 10 4 1923 8064 1908
16001 2 2 10 4 5863 8103 7209
16002 2 2 10 4 6881 7880 4197
16003 2 2 10 4 4926 8066 4734
16004 2 2 10 4 244 8124 243
16005 2 2 10 4 6008 8147 6007
16006 2 2 10 4 3612 8174 5247
16007 2 2 10 4 3995 7876 4647
16008 2 2 10 4 5947 8178 5948
16009 2 2 10 4 195 8063 194
16010 2 2 10 4 6082 8194 7988
16011 2 2 10 4 780 8052 6407
16012 2 2 10 4 7935 8130 3349
16013 2 2 10 4 6178 8077 4567
16014 2 2 10 4 7596 8029 5018
16015 2 2 10 4 3302 7927 6543
16016 2 2 10 4 7842 8028 4826
16017 2 2 10 4 7559 7560 5298
16018 2 2 10 4 4926 8102 8066
16019 2 2 10 4 5249 7807 6936
16020 2 2 10 4 7759 7990 5353
16021 2 2 10 4 7843 7911 1139
16022 2 2 10 4 7647 8118 5135
16023 2 2 10 4 4772 8027 4086
16024 2 2 10 4 5959 8081 3139
16025 2 2 10 4 3427 7852 6778
16026 2 2 10 4 4891 8130 7935
16027 2 2 10 4 7635 8044 4913
16028 2 2 10 4 7645 8022 1161
16029 2 2 10 4 7286 7997 4243
16030 2 2 10 4 4824 8037 7930
16031 2 2 10 4 6269 8093 3595
16032 2 2 10 4 5048 8095 5050
16033 2 2 10 4 4623 8096 4621
16034 2 2 10 4 1139 7911 1070
16035 2 2 10 4 4722 8099 4727
16036 2 2 10 4 7999 8202 4931
16037 2 2 10 4 4458 7915 4456
16038 2 2 10 4 4292 8110 6298
16039 2 2 10 4 4448 7916 4963
16040 2 2 10 4 4928 8102 4926
16041 2 2 10 4 3489 8103 3490
16042 2 2 10 4 7152 7931 4862
16043 2 2 10 4 4663 8184 6456
16044 2 2 10 4 5861 8173 6768
16045 2 2 10 4 5069 8112 5068
16046 2 2 10 4 7574 7777 4541
16047 2 2 10 4 4409 8184 4663
16048 2 2 10 4 4893 8130 4891
16049 2 2 10 4 4690 8114 4688
16050 2 2 10 4 4239 8117 6089
16051 2 2 10 4 3779 8121 6086
16052 2 2 10 4 4199 8122 4977
16053 2 2 10 4 3684 8210 4586
16054 2 2 10 4 2428 7977 7894
16055 2 2 10 4 5182 8138 5181
16056 2 2 10 4 6763 7949 4671
16057 2 2 10 4 5749 8143 5755
16058 2 2 10 4 2387 7925 2347
16059 2 2 10 4 5697 7909 5696
16060 2 2 10 4 4841 7939 7085
16061 2 2 10 4 6903 7814 1144
16062 2 2 10 4 4599 8160 6172
16063 2 2 10 4 2793 8157 2792
16064 2 2 10 4 7276 8089 1915
16065 2 2 10 4 5630 8166 4683
16066 2 2 10 4 4845 8169 4864
16067 2 2 10 4 1869 8131 1874
16068 2 2 10 4 3550 7947 4737
16069 2 2 10 4 434 8162 435
16070 2 2 10 4 4425 8119 7014
16071 2 2 10 4 2855 8194 6082
16072 2 2 10 4 4709 8058 6092
16073 2 2 10 4 2181 8135 6557
16074 2 2 10 4 111 8179 110
16075 2 2 10 4 6848 7842 4826
16076 2 2 10 4 502 8207 503
16077 2 2 10 4 7638 8158 5235
16078 2 2 10 4 451 8205 611
16079 2 2 10 4 7898 7919 3041
16080 2 2 10 4 1508 7560 7559
16081 2 2 10 4 7684 8084 4566
16082 2 2 10 4 4775 7845 6748
16083 2 2 10 4 3349 8130 6487
16084 2 2 10 4 7918 7992 4427
16085 2 2 10 4 4481 7951 4458
16086 2 2 10 4 4486 7955 4488
16087 2 2 10 4 7507 7561 1607
16088 2 2 10 4 7204 7877 5002
16089 2 2 10 4 4910 7984 3939
16090 2 2 10 4 4658 8172 4656
16091 2 2 10 4 3517 7969 4712
16092 2 2 10 4 4950 8073 4536
16093 2 2 10 4 7725 7779 6729
16094 2 2 10 4 7802 7918 6638
16095 2 2 10 4 2133 8161 2129
16096 2 2 10 4 7603 7798 6319
16097 2 2 10 4 625 7832 7121
16098 2 2 10 4 713 8146 7368
16099 2 2 10 4 6995 7868 4424
16100 2 2 10 4 5353 7990 5351
16101 2 2 10 4 7632 8089 5705
16102 2 2 10 4 5455 8080 5454
16103 2 2 10 4 3525 7999 3523
16104 2 2 10 4 887 7972 889
16105 2 2 10 4 3117 8107 7744
16106 2 2 10 4 6621 7963 2181
16107 2 2 10 4 7630 7842 6848
16108 2 2 10 4 4004 7998 4007
16109 2 2 10 4 7014 7863 4343
16110 2 2 10 4 4490 7981 4481
16111 2 2 10 4 7984 8197 4624
16112 2 2 10 4 6638 7918 4427
16113 2 2 10 4 7894 7977 4808
16114 2 2 10 4 4825 8037 4824
16115 2 2 10 4 7205 7809 4552
16116 2 2 10 4 7458 7597 4645
16117 2 2 10 4 4530 7864 7663
16118 2 2 10 4 5797 7883 7712
16119 2 2 10 4 4320 7726 7251
16120 2 2 10 4 4458 7951 7915
16121 2 2 10 4 4946 7980 7148
16122 2 2 10 4 7760 7761 6797
16123 2 2 10 4 7671 7865 2875
16124 2 2 10 4 7791 7823 6412
16125 2 2 10 4 2790 7936 6677
16126 2 2 10 4 7410 8051 4139
16127 2 2 10 4 7317 7690 4275
16128 2 2 10 4 766 8008 8001
16129 2 2 10 4 6568 8010 7763
16130 2 2 10 4 4778 7781 7260
16131 2 2 10 4 5616 8072 7578
16132 2 2 10 4 4701 8001 4699
16133 2 2 10 4 6896 7902 4721
16134 2 2 10 4 7376 7788 4274
16135 2 2 10 4 3921 8068 6740
16136 2 2 10 4 2343 8016 2391
16137 2 2 10 4 4699 8008 4492
16138 2 2 10 4 5893 7927 7170
16139 2 2 10 4 4808 7977 4814
16140 2 2 10 4 5112 7806 7168
16141 2 2 10 4 4427 7992 4676
16142 2 2 10 4 7534 7737 5173
16143 2 2 10 4 7314 7665 762
16144 2 2 10 4 3847 8175 3542
16145 2 2 10 4 3448 8106 4045
16146 2 2 10 4 2127 8075 2137
16147 2 2 10 4 4505 8088 4605
16148 2 2 10 4 8094 8190 7790
16149 2 2 10 4 4497 8009 4669
16150 2 2 10 4 7482 7601 4368
16151 2 2 10 4 7200 8100 6745
16152 2 2 10 4 1733 8021 6628
16153 2 2 10 4 7672 7814 6903
16154 2 2 10 4 7338 8179 5257
16155 2 2 10 4 4481 7981 7951
16156 2 2 10 4 6565 7973 3544
16157 2 2 10 4 6935 7898 3041
16158 2 2 10 4 7547 7606 2908
16159 2 2 10 4 1096 8087 1094
16160 2 2 10 4 7786 7963 6621
16161 2 2 10 4 4902 8033 4701
16162 2 2 10 4 7963 8135 2181
16163 2 2 10 4 5169 8049 7312
16164 2 2 10 4 911 8101 912
16165 2 2 10 4 7893 8006 4629
16166 2 2 10 4 6840 7968 5377
16167 2 2 10 4 4826 8028 6468
16168 2 2 10 4 3525 8202 7999
16169 2 2 10 4 3250 8142 3424
16170 2 2 10 4 2985 8155 3647
16171 2 2 10 4 7393 8005 4863
16172 2 2 10 4 4548 8010 6568
16173 2 2 10 4 8001 8008 4699
16174 2 2 10 4 6856 8071 3986
16175 2 2 10 4 3628 8125 7836
16176 2 2 10 4 7170 7927 3302
16177 2 2 10 4 6909 7986 3335
16178 2 2 10 4 3041 7919 6808
16179 2 2 10 4 3991 7713 7470
16180 2 2 10 4 4721 7902 7712
16181 2 2 10 4 6656 8024 4512
16182 2 2 10 4 7477 7645 1161
16183 2 2 10 4 7479 7917 4467
16184 2 2 10 4 889 8092 891
16185 2 2 10 4 7858 8046 4782
16186 2 2 10 4 7578 8072 6873
16187 2 2 10 4 4634 8182 4633
16188 2 2 10 4 3329 8098 4603
16189 2 2 10 4 6530 7861 7486
16190 2 2 10 4 6995 7945 5183
16191 2 2 10 4 4701 8033 8001
16192 2 2 10 4 6042 8145 8120
16193 2 2 10 4 4776 8176 4875
16194 2 2 10 4 7972 8092 889
16195 2 2 10 4 4605 8171 4607
16196 2 2 10 4 4186 8116 7211
16197 2 2 10 4 2101 8137 2099
16198 2 2 10 4 7215 8116 4186
16199 2 2 10 4 7712 7883 4721
16200 2 2 10 4 4243 8202 3525
16201 2 2 10 4 4565 8129 3955
16202 2 2 10 4 3335 8140 4675
16203 2 2 10 4 4207 7710 7370
16204 2 2 10 4 2429 8154 7977
16205 2 2 10 4 8149 8175 3847
16206 2 2 10 4 638 7884 7250
16207 2 2 10 4 4367 7943 7011
16208 2 2 10 4 8042 8199 3285
16209 2 2 10 4 4513 8128 5515
16210 2 2 10 4 2114 8145 6042
16211 2 2 10 4 5534 7761 7760
16212 2 2 10 4 4876 8144 4556
16213 2 2 10 4 7219 7909 5697
16214 2 2 10 4 4828 8123 4827
16215 2 2 10 4 4667 7931 7152
16216 2 2 10 4 8088 8171 4605
16217 2 2 10 4 2140 8055 7895
16218 2 2 10 4 6873 8072 3168
16219 2 2 10 4 6772 8164 5101
16220 2 2 10 4 1578 8163 7959
16221 2 2 10 4 2097 8208 1150
16222 2 2 10 4 4397 7901 7142
16223 2 2 10 4 6926 7974 3118
16224 2 2 10 4 4274 7788 7473
16225 2 2 10 4 1737 8193 6639
16226 2 2 10 4 4904 8181 4902
16227 2 2 10 4 4401 7797 7648
16228 2 2 10 4 3600 8201 3602
16229 2 2 10 4 4118 8048 7336
16230 2 2 10 4 4629 8006 7000
16231 2 2 10 4 8067 8098 3329
16232 2 2 10 4 4902 8181 8033
16233 2 2 10 4 5942 8199 8042
16234 2 2 10 4 7713 7767 7470
16235 2 2 10 4 7767 8136 5828
16236 2 2 10 4 3987 8046 7250
16237 2 2 10 4 4270 8061 7198
16238 2 2 10 4 1029 8153 6877
16239 2 2 10 4 7663 7864 5414
16240 2 2 10 4 7184 7890 5469
16241 2 2 10 4 7783 8084 5947
16242 2 2 10 4 6812 8109 911
16243 2 2 10 4 911 8109 8101
16244 2 2 10 4 7336 8048 4428
16245 2 2 10 4 5608 8175 8149
16246 2 2 10 4 6412 7823 7489
16247 2 2 10 4 8120 8145 4686
16248 2 2 10 4 6748 8067 3329
16249 2 2 10 4 7845 8067 6748
16250 2 2 10 4 4752 7730 7569
16251 2 2 10 4 4863 8041 6851
16252 2 2 10 4 8001 8033 5825
16253 2 2 10 4 7040 8196 4484
16254 2 2 10 4 7005 8070 5404
16255 2 2 10 4 7895 8055 5415
16256 2 2 10 4 8033 8181 602
16257 2 2 10 4 6846 8149 3847
16258 2 2 10 4 7794 7930 4383
16259 2 2 10 4 6842 8042 3285
16260 2 2 10 4 8134 8200 5847
16261 2 2 10 4 5377 7968 7310
16262 2 2 10 4 7732 8062 4483
16263 2 2 10 4 7739 7991 1309
16264 2 2 10 4 7548 7713 3991
16265 2 2 10 4 6869 8047 645
16266 2 2 10 4 6871 8115 3620
16267 2 2 10 4 7702 7839 5494
16268 2 2 10 4 7250 7884 4157
16269 2 2 10 4 7916 8054 1299
16270 2 2 10 4 3432 7711 7614
16271 2 2 10 4 4484 8196 6787
16272 2 2 10 4 7959 8163 5577
16273 2 2 10 4 7322 8085 4800
16274 2 2 10 4 2431 8139 6934
16275 2 2 10 4 4001 7854 7515
16276 2 2 10 4 1161 8022 7056
16277 2 2 10 4 4429 8190 8094
16278 2 2 10 4 7487 8019 4097
16279 2 2 10 4 7163 7890 7184
16280 2 2 10 4 5153 7993 7562
16281 2 2 10 4 5706 8089 7276
16282 2 2 10 4 5834 8039 7787
16283 2 2 10 4 4007 7890 7163
16284 2 2 10 4 3827 7965 7398
16285 2 2 10 4 4910 8197 7984
16286 2 2 10 4 7310 7968 5540
16287 2 2 10 4 4375 7821 7703
16288 2 2 10 4 7569 7730 5766
16289 2 2 10 4 4588 8121 7444
16290 2 2 10 4 6087 7737 7534
16291 2 2 10 4 6042 8120 6917
16292 2 2 10 4 7542 7984 4624
16293 2 2 10 4 7432 7860 5882
16294 2 2 10 4 4311 7832 7415
16295 2 2 10 4 5371 7839 7319
16296 2 2 10 4 7614 7711 5014
16297 2 2 10 4 7631 8166 5630
16298 2 2 10 4 4539 8091 7859
16299 2 2 10 4 3285 8199 6937
16300 2 2 10 4 7307 8073 597
16301 2 2 10 4 1127 8189 6836
16302 2 2 10 4 4813 7823 7433
16303 2 2 10 4 7470 7767 4380
16304 2 2 10 4 5810 7767 7713
16305 2 2 10 4 5157 8045 7218
16306 2 2 10 4 1149 8085 7322
16307 2 2 10 4 4617 8047 7871
16308 2 2 10 4 7068 8183 4924
16309 2 2 10 4 4790 8062 7732
16310 2 2 10 4 7198 8061 753
16311 2 2 10 4 2264 7784 7624
16312 2 2 10 4 7233 7939 6504
16313 2 2 10 4 5697 8195 7219
16314 2 2 10 4 7486 7861 4746
16315 2 2 10 4 7977 8154 4814
16316 2 2 10 4 7549 7999 4931
16317 2 2 10 4 6155 8152 7533
16318 2 2 10 4 6565 8091 7973
16319 2 2 10 4 795 7712 7698
16320 2 2 10 4 5793 8019 7487
16321 2 2 10 4 7398 7965 4509
16322 2 2 10 4 7611 7819 4985
16323 2 2 10 4 4875 8176 7327
16324 2 2 10 4 4026 7790 7679
16325 2 2 10 4 7648 7797 718
16326 2 2 10 4 7198 8191 4132
16327 2 2 10 4 4794 7844 7640
16328 2 2 10 4 4822 7920 7449
16329 2 2 10 4 611 8205 7868
16330 2 2 10 4 7753 8079 6005
16331 2 2 10 4 1130 8100 7200
16332 2 2 10 4 7973 8091 5909
16333 2 2 10 4 4814 8154 7253
16334 2 2 10 4 3364 7917 7479
16335 2 2 10 4 4962 7921 7538
16336 2 2 10 4 7584 8173 4636
16337 2 2 10 4 808 8127 7563
16338 2 2 10 4 7867 7956 4906
16339 2 2 10 4 1885 8156 7978
16340 2 2 10 4 4024 8116 7215
16341 2 2 10 4 4350 7964 7512
16342 2 2 10 4 7703 7821 1378
16343 2 2 10 4 7656 7826 5907
16344 2 2 10 4 7855 7957 4747
16345 2 2 10 4 7512 7964 4887
16346 2 2 10 4 4516 7976 7498
16347 2 2 10 4 4533 8003 7434
16348 2 2 10 4 4428 8048 7812
16349 2 2 10 4 7906 8195 3962
16350 2 2 10 4 7779 7843 1139
16351 2 2 10 4 7747 8159 4712
16352 2 2 10 4 4536 8073 7847
16353 2 2 10 4 7587 7935 3349
16354 2 2 10 4 5276 8142 7634
16355 2 2 10 4 572 8200 7845
16356 2 2 10 4 7434 8002 4585
16357 2 2 10 4 7847 8073 7307
16358 2 2 10 4 4864 8169 7404
16359 2 2 10 4 7991 8159 5411
16360 2 2 10 4 804 8078 7789
16361 2 2 10 4 7612 7921 5297
16362 2 2 10 4 7629 8083 4409
16363 2 2 10 4 4542 7843 7779
16364 2 2 10 4 7720 7895 5415
16365 2 2 10 4 7558 8059 4101
16366 2 2 10 4 797 8030 7920
16367 2 2 10 4 7887 7941 2762
16368 2 2 10 4 4526 7940 7740
16369 2 2 10 4 3386 8029 7596
16370 2 2 10 4 7641 8129 5741
16371 2 2 10 4 7735 8062 2967
16372 2 2 10 4 784 8069 7613
16373 2 2 10 4 7790 8190 5680
16374 2 2 10 4 7609 8055 2140
16375 2 2 10 4 7728 7959 5577
16376 2 2 10 4 5086 8152 7907
16377 2 2 10 4 7907 8152 6155
16378 2 2 10 4 5909 8091 7780
16379 2 2 10 4 7518 8152 5086
16380 2 2 10 4 636 8128 7664
16381 2 2 10 4 7780 8091 4539
16382 2 2 10 4 7749 8163 1578
16383 2 2 10 4 4550 7991 7739
16384 2 2 10 4 5810 8136 7767
16385 2 2 10 4 4824 7930 7794
16386 2 2 10 4 2268 7957 7855
16387 2 2 10 4 7740 7940 5798
16388 2 2 10 4 4686 8145 7611
16389 2 2 10 4 4483 8062 7735
16390 2 2 10 4 5214 8076 7878
16391 2 2 10 4 4429 8094 7731
16392 2 2 10 4 2833 8017 7748
16393 2 2 10 4 4733 7941 7887
16394 2 2 10 4 1410 8159 7747
16395 2 2 10 4 3007 7956 7867
16396 2 2 10 4 7902 7961 5911
16397 2 2 10 4 6896 7961 7902
16398 2 2 10 4 4490 7985 7981
16399 2 2 10 4 7931 8134 751
16400 2 2 10 4 7812 8048 5207
16401 2 2 10 4 6465 8178 8084
16402 2 2 10 4 7948 8144 3207
16403 2 2 10 4 7789 8078 6406
16404 2 2 10 4 5330 8079 7753
16405 2 2 10 4 7744 8107 5433
16406 2 2 10 4 4026 8094 7790
16407 2 2 10 4 8084 8178 5947
16408 2 2 10 4 6926 7982 7974
16409 2 2 10 4 7981 7985 609
16410 2 2 10 4 4756 8046 7858
16411 2 2 10 4 7878 8076 3724
16412 2 2 10 4 4669 8009 7958
16413 2 2 10 4 7958 8009 2829
16414 2 2 10 4 3809 8132 7795
16415 2 2 10 4 7929 8175 5608
16416 2 2 10 4 7836 8125 5241
16417 2 2 10 4 8024 8141 757
16418 2 2 10 4 4667 8134 7931
16419 2 2 10 4 7814 8209 1144
16420 2 2 10 4 6656 8141 8024
16421 2 2 10 4 7978 8156 5304
16422 2 2 10 4 6531 8180 7982
$EndElements
