$MeshFormat
2.2 0 8
$EndMeshFormat
$PhysicalNames
5
1 1 "topo"
1 2 "base"
1 3 "lados"
1 4 "furos"
2 10 "aleta"
$EndPhysicalNames
$Nodes
5635
1 -2 0 0
2 2 0 0
3 -3 3.5 0
4 3 3.5 0
5 -1.05 1.75 0
6 1.95 1.75 0
7 -1.904053975792699 0 0
8 -1.808797950642282 0 0
9 -1.714385055888678 0 0
10 -1.620556368062081 0 0
11 -1.527056407992226 0 0
12 -1.433630353408851 0 0
13 -1.34002353780871 0 0
14 -1.245980952456336 0 0
15 -1.151245042063055 0 0
16 -1.055589482902687 0 0
17 -0.9596268026388068 0 0
18 -0.8636641223749268 0 0
19 -0.7677014421110469 0 0
20 -0.6717387618471669 0 0
21 -0.5757760815832869 0 0
22 -0.4798134013194066 0 0
23 -0.3838507210555266 0 0
24 -0.2878880407916469 0 0
25 -0.1919253605277667 0 0
26 -0.09596268026388688 0 0
27 -6.661338147750939e-15 0 0
28 0.09596268026387333 0 0
29 0.1919253605277533 0 0
30 0.2878880407916333 0 0
31 0.3838507210555138 0 0
32 0.4798134013193933 0 0
33 0.5757760815832738 0 0
34 0.6717387618471533 0 0
35 0.7677014421110337 0 0
36 0.8636641223749137 0 0
37 0.9596268026387937 0 0
38 1.055589482902674 0 0
39 1.151242493196501 0 0
40 1.245980767335356 0 0
41 1.340025152529438 0 0
42 1.433631764238945 0 0
43 1.52705573209692 0 0
44 1.620553745267548 0 0
45 1.714382396853519 0 0
46 1.808797348504804 0 0
47 1.904055551751745 0 0
48 -2.973235622150028 3.406324677525097 0
49 -2.946471244300055 3.312649355050194 0
50 -2.919706866450083 3.21897403257529 0
51 -2.892942488600111 3.125298710100387 0
52 -2.866178110750138 3.031623387625484 0
53 -2.839421848056832 2.937976468198912 0
54 -2.813364966736289 2.846777383577012 0
55 -2.7884048605978 2.759417012092301 0
56 -2.7644718163839 2.675651357343651 0
57 -2.741501468046484 2.595255138162694 0
58 -2.719428683173953 2.518000391108834 0
59 -2.698195376787771 2.443683818757199 0
60 -2.677739303633033 2.372087562715614 0
61 -2.65800684549177 2.303023959221196 0
62 -2.638941491331181 2.236295219659134 0
63 -2.620489272836575 2.171712454928014 0
64 -2.602600294956942 2.109101032349297 0
65 -2.585223710584 2.048282987043999 0
66 -2.568308969051303 1.98908139167956 0
67 -2.551809017664443 1.931331561825552 0
68 -2.53567740788443 1.874870927595503 0
69 -2.519868120002604 1.819538420009112 0
70 -2.504334718580027 1.765171515030095 0
71 -2.489032543832477 1.711613903413668 0
72 -2.473917637536927 1.658711731379243 0
73 -2.458946368831718 1.606312290911014 0
74 -2.444075374039969 1.554263809139894 0
75 -2.429261491309661 1.502415219583813 0
76 -2.414461683538217 1.450615892383759 0
77 -2.399632498350522 1.398713744226828 0
78 -2.38473057433492 1.346557010172222 0
79 -2.369712672414021 1.293994353449074 0
80 -2.354535315114803 1.240873602901811 0
81 -2.339154721942164 1.187041526797576 0
82 -2.323526753324786 1.13234363663675 0
83 -2.307606805242446 1.07662381834856 0
84 -2.291348241054399 1.019718843690396 0
85 -2.274704345102744 0.9614652078596042 0
86 -2.257628345403492 0.9016992089122216 0
87 -2.240072901530063 0.8402551553552198 0
88 -2.221987350231333 0.7769557258096675 0
89 -2.203319934298599 0.7116197700450981 0
90 -2.184020339179312 0.6440711871275906 0
91 -2.164034099872169 0.5741193495525923 0
92 -2.143304004621749 0.5015640161761215 0
93 -2.121775784395655 0.4262152453847929 0
94 -2.09938624395025 0.3478518538258761 0
95 -2.076076991846205 0.2662694714617184 0
96 -2.051781121622037 0.1812339256771316 0
97 -2.026434538619341 0.09252088516769241 0
98 2.026432242559118 0.09251284895691216 0
99 2.051779794931843 0.1812292822614512 0
100 2.076074126223745 0.2662594417831057 0
101 2.099384460890415 0.3478456131164529 0
102 2.121772052148467 0.4262021825196361 0
103 2.143301956679804 0.5015568483793148 0
104 2.16402998956358 0.5741049634725287 0
105 2.184017001576977 0.6440595055194185 0
106 2.203316969408975 0.7116093929314142 0
107 2.221982589879679 0.7769390645788775 0
108 2.240068757157902 0.8402406500526558 0
109 2.257625007286089 0.9016875255013124 0
110 2.274699834777954 0.961449421722839 0
111 2.291342773254661 1.019699706391315 0
112 2.307601741182517 1.076606094138808 0
113 2.323522535704172 1.132328874964601 0
114 2.339150447238489 1.187026565334713 0
115 2.354530257667301 1.240855901835554 0
116 2.369706617184437 1.293973160145531 0
117 2.384724046048205 1.346534161168717 0
118 2.399625941397281 1.398690794890484 0
119 2.414455477073006 1.450594169755521 0
120 2.429255701335802 1.502394954675308 0
121 2.444069607990236 1.554243627965826 0
122 2.458940208740449 1.606290730591572 0
123 2.473910604911594 1.658687117190577 0
124 2.489024399938765 1.711585399785676 0
125 2.504337966083205 1.765182881291219 0
126 2.519873540868039 1.819557393038135 0
127 2.535683707816431 1.87489297735751 0
128 2.551815398781979 1.931353895736926 0
129 2.568314160988913 1.989099563461195 0
130 2.585228073118651 2.048298255915276 0
131 2.602605671702122 2.109119850957426 0
132 2.620495070268053 2.171732745938184 0
133 2.638945534283115 2.236309369990902 0
134 2.658011392309646 2.30303987308376 0
135 2.677744623779513 2.372106183228297 0
136 2.698198680065587 2.443695380229554 0
137 2.719433626030018 2.518017691105064 0
138 2.741504775598973 2.595266714596405 0
139 2.764475819437389 2.67566536803086 0
140 2.78840801984764 2.75942806946674 0
141 2.813368410242659 2.846789435849306 0
142 2.839424107079676 2.937984374778865 0
143 2.866180351264326 3.031631229425142 0
144 2.892944281011461 3.125304983540114 0
145 2.919708210758596 3.218978737655085 0
146 2.946472140505731 3.312652491770057 0
147 2.973236070252865 3.406326245885028 0
148 2.902734958793626 3.5 0
149 2.805469917587252 3.5 0
150 2.708204876380877 3.5 0
151 2.610939835174503 3.5 0
152 2.513674793968129 3.5 0
153 2.416409752761755 3.5 0
154 2.31914471155538 3.5 0
155 2.221879670349006 3.5 0
156 2.124614629142632 3.5 0
157 2.027349587936257 3.5 0
158 1.930084546729883 3.5 0
159 1.833268160357685 3.5 0
160 1.737382609860869 3.5 0
161 1.642164401298734 3.5 0
162 1.547344711053576 3.5 0
163 1.452656847995166 3.5 0
164 1.357835516124501 3.5 0
165 1.262615069431265 3.5 0
166 1.166728968738909 3.5 0
167 1.069915453270112 3.5 0
168 0.9726504120637376 3.5 0
169 0.8753853708573631 3.5 0
170 0.7781203296509887 3.5 0
171 0.6808552884446142 3.5 0
172 0.5835902472382402 3.5 0
173 0.4863252060318657 3.5 0
174 0.3890601648254912 3.5 0
175 0.2917951236191167 3.5 0
176 0.1945300824127423 3.5 0
177 0.09726504120636781 3.5 0
178 -6.661338147750939e-15 3.5 0
179 -0.09726504120638069 3.5 0
180 -0.1945300824127547 3.5 0
181 -0.2917951236191283 3.5 0
182 -0.3890601648255019 3.5 0
183 -0.4863252060318755 3.5 0
184 -0.583590247238249 3.5 0
185 -0.6808552884446231 3.5 0
186 -0.7781203296509966 3.5 0
187 -0.8753853708573702 3.5 0
188 -0.9726504120637443 3.5 0
189 -1.069915453270118 3.5 0
190 -1.166731839642317 3.5 0
191 -1.262617390139131 3.5 0
192 -1.357835598701266 3.5 0
193 -1.45265528894642 3.5 0
194 -1.547343152004831 3.5 0
195 -1.6421644838755 3.5 0
196 -1.737384930568735 3.5 0
197 -1.833271031261087 3.5 0
198 -1.930084546729889 3.5 0
199 -2.027349587936262 3.5 0
200 -2.124614629142637 3.5 0
201 -2.22187967034901 3.5 0
202 -2.319144711555384 3.5 0
203 -2.416409752761758 3.5 0
204 -2.513674793968131 3.5 0
205 -2.610939835174505 3.5 0
206 -2.708204876380879 3.5 0
207 -2.805469917587253 3.5 0
208 -2.902734958793626 3.5 0
209 -1.051665821279427 1.788684159431851 0
210 -1.056650951959773 1.827081914881665 0
211 -1.064918483877625 1.864908982802284 0
212 -1.076407207119219 1.901885304817351 0
213 -1.091032063197224 1.937737121175543 0
214 -1.108684774794025 1.97219899757199 0
215 -1.1292346474091 2.005015790331003 0
216 -1.152529536975376 2.03594453540058 0
217 -1.178396976280667 2.064756247173241 0
218 -1.206645451854579 2.091237613815353 0
219 -1.237065821867234 2.115192576553312 0
220 -1.269432864542209 2.136443781224111 0
221 -1.303506945619771 2.154833891343509 0
222 -1.339035792525093 2.170226752970316 0
223 -1.375756362106139 2.182508402742535 0
224 -1.413396788113126 2.191587911622224 0
225 -1.451678394001126 2.197398058102278 0
226 -1.4903177561537 2.199895825890951 0
227 -1.529028802252192 2.199062722389427 0
228 -1.567524929255093 2.194904915604553 0
229 -1.605521125306684 2.187453188483078 0
230 -1.642736079865098 2.176762711005477 0
231 -1.67889426642715 2.162912631726727 0
232 -1.713727982430173 2.146005491788091 0
233 -1.746979331228124 2.126166465738387 0
234 -1.778402131468127 2.103542434785421 0
235 -1.807763739731075 2.078300899338919 0
236 -1.834846772942112 2.05062873889609 0
237 -1.859450717798864 2.020730828451215 0
238 -1.881393415301774 1.98882852167287 0
239 -1.900512409395605 1.955158012078806 0
240 -1.916666149737233 1.919968584341784 0
241 -1.929735039684865 1.883520768673071 0
242 -1.939622321749732 1.846084411947908 0
243 -1.94625479395468 1.807936679853662 0
244 -1.949583351796004 1.769360004852039 0
245 -1.949583351796004 1.730639995147962 0
246 -1.94625479395468 1.692063320146338 0
247 -1.939622321749732 1.653915588052092 0
248 -1.929735039684865 1.616479231326929 0
249 -1.916666149737233 1.580031415658216 0
250 -1.900512409395605 1.544841987921194 0
251 -1.881393415301774 1.51117147832713 0
252 -1.859450717798864 1.479269171548785 0
253 -1.834846772942113 1.44937126110391 0
254 -1.807763739731075 1.421699100661081 0
255 -1.778402131468127 1.396457565214579 0
256 -1.746979331228124 1.373833534261613 0
257 -1.713727982430173 1.353994508211909 0
258 -1.678894266427151 1.337087368273273 0
259 -1.642736079865099 1.323237288994523 0
260 -1.605521125306685 1.312546811516923 0
261 -1.567524929255095 1.305095084395447 0
262 -1.529028802252194 1.300937277610573 0
263 -1.490317756153701 1.300104174109049 0
264 -1.451678394001128 1.302601941897721 0
265 -1.413396788113128 1.308412088377775 0
266 -1.375756362106141 1.317491597257464 0
267 -1.339035792525095 1.329773247029683 0
268 -1.303506945619773 1.34516610865649 0
269 -1.269432864542211 1.363556218775888 0
270 -1.237065821867236 1.384807423446686 0
271 -1.206645451854581 1.408762386184645 0
272 -1.178396976280669 1.435243752826757 0
273 -1.152529536975378 1.464055464599418 0
274 -1.129234647409102 1.494984209668995 0
275 -1.108684774794026 1.527801002428009 0
276 -1.091032063197224 1.562262878824456 0
277 -1.076407207119219 1.598114695182648 0
278 -1.064918483877625 1.635091017197715 0
279 -1.056650951959773 1.672918085118335 0
280 -1.051665821279427 1.711315840568149 0
281 1.948334178720573 1.788684159431851 0
282 1.943349048040227 1.827081914881665 0
283 1.935081516122375 1.864908982802284 0
284 1.923592792880781 1.901885304817351 0
285 1.908967936802776 1.937737121175543 0
286 1.891315225205975 1.97219899757199 0
287 1.8707653525909 2.005015790331003 0
288 1.847470463024624 2.03594453540058 0
289 1.821603023719333 2.064756247173241 0
290 1.793354548145421 2.091237613815353 0
291 1.762934178132766 2.115192576553312 0
292 1.730567135457791 2.136443781224111 0
293 1.696493054380229 2.154833891343509 0
294 1.660964207474907 2.170226752970316 0
295 1.624243637893861 2.182508402742535 0
296 1.586603211886874 2.191587911622224 0
297 1.548321605998874 2.197398058102278 0
298 1.5096822438463 2.199895825890951 0
299 1.470971197747808 2.199062722389427 0
300 1.432475070744907 2.194904915604553 0
301 1.394478874693316 2.187453188483078 0
302 1.357263920134902 2.176762711005477 0
303 1.32110573357285 2.162912631726727 0
304 1.286272017569827 2.146005491788091 0
305 1.253020668771876 2.126166465738387 0
306 1.221597868531873 2.103542434785421 0
307 1.192236260268925 2.078300899338919 0
308 1.165153227057888 2.05062873889609 0
309 1.140549282201136 2.020730828451215 0
310 1.118606584698226 1.98882852167287 0
311 1.099487590604395 1.955158012078806 0
312 1.083333850262767 1.919968584341784 0
313 1.070264960315135 1.883520768673071 0
314 1.060377678250268 1.846084411947908 0
315 1.05374520604532 1.807936679853662 0
316 1.050416648203996 1.769360004852039 0
317 1.050416648203996 1.730639995147962 0
318 1.05374520604532 1.692063320146338 0
319 1.060377678250268 1.653915588052092 0
320 1.070264960315135 1.616479231326929 0
321 1.083333850262767 1.580031415658216 0
322 1.099487590604395 1.544841987921194 0
323 1.118606584698226 1.51117147832713 0
324 1.140549282201136 1.479269171548785 0
325 1.165153227057887 1.44937126110391 0
326 1.192236260268925 1.421699100661081 0
327 1.221597868531873 1.396457565214579 0
328 1.253020668771876 1.373833534261613 0
329 1.286272017569827 1.353994508211909 0
330 1.321105733572849 1.337087368273273 0
331 1.357263920134901 1.323237288994523 0
332 1.394478874693315 1.312546811516923 0
333 1.432475070744905 1.305095084395447 0
334 1.470971197747806 1.300937277610573 0
335 1.509682243846299 1.300104174109049 0
336 1.548321605998872 1.302601941897721 0
337 1.586603211886872 1.308412088377775 0
338 1.624243637893859 1.317491597257464 0
339 1.660964207474905 1.329773247029683 0
340 1.696493054380227 1.34516610865649 0
341 1.730567135457789 1.363556218775888 0
342 1.762934178132764 1.384807423446686 0
343 1.793354548145419 1.408762386184645 0
344 1.821603023719331 1.435243752826757 0
345 1.847470463024622 1.464055464599418 0
346 1.870765352590898 1.494984209668995 0
347 1.891315225205974 1.527801002428009 0
348 1.908967936802776 1.562262878824456 0
349 1.923592792880781 1.598114695182648 0
350 1.935081516122375 1.635091017197715 0
351 1.943349048040227 1.672918085118335 0
352 1.948334178720573 1.711315840568149 0
353 1.046871673746026 1.588432304102617 0
354 1.04684796376665 1.914640071996061 0
355 -1.032540987701315 1.893094781284717 0
356 -1.039653954971371 1.607569333965121 0
357 1.019869337898224 1.749322193854555 0
358 -1.115020136204941 1.4576327659149 0
359 -1.114097013254812 2.040654129008539 0
360 1.126958904664178 1.443012575047089 0
361 1.126958904664178 2.056987424952911 0
362 -0.04886626094394293 0.08426245553061307 0
363 -0.05919565694937049 3.409931532314949 0
364 1.735229486703674 2.179829278305823 0
365 -1.748950569929451 2.161173354684056 0
366 -1.236283819631817 1.34799293143665 0
367 -1.234534155115735 2.152259070742823 0
368 1.253578429419335 1.331312961348131 0
369 1.252465242625467 2.164882491532361 0
370 -1.511277679130043 1.267422569735899 0
371 1.533788367747572 1.263099599269046 0
372 -1.38420523620682 2.218858360474895 0
373 -0.4268989841022227 0.08977400570594596 0
374 0.4327275820118212 0.07518621921774393 0
375 -1.592022775829248 2.223856487742379 0
376 1.407436980730049 2.22937434547991 0
377 1.569656108272382 2.225529821296254 0
378 -0.4343404231717227 3.419741251963945 0
379 0.4376926854286785 3.41576600341514 0
380 -1.386713489765937 1.280354277686301 0
381 1.367959299448412 1.286222777988868 0
382 -1.017700195299065 1.730123867773029 0
383 -1.84256094186123 2.090172649519614 0
384 1.828511473844436 2.100891594552553 0
385 -1.634434513366147 1.290643651557354 0
386 1.649055722485167 1.28952027580285 0
387 2.665614243217047 2.575673059714744 0
388 -2.664832769065077 2.57537985222009 0
389 2.072450173101375 0.4780965082789068 0
390 -2.079402417625734 0.4853972172238041 0
391 0.8160939139645187 0.08303579512840376 0
392 -0.8109405472800728 0.08441782792673891 0
393 0.827956219705402 3.415745100953695 0
394 -0.8279555791193072 3.415743720770324 0
395 -1.972203608670768 3.417522212233975 0
396 1.966338387370869 3.416727560863141 0
397 -1.201031640339318 0.0896572925066208 0
398 1.206798737209354 0.07858944566723736 0
399 1.211784329212608 3.422063353172279 0
400 -1.215850863434026 3.418866254606364 0
401 1.909556655955312 2.005614908607412 0
402 -1.582381440386645 3.415539861872124 0
403 1.596285487612898 3.419262923181535 0
404 -1.917242676423336 1.990861523695569 0
405 2.592235628545019 2.284438719567981 0
406 -2.592009264119308 2.285284281612951 0
407 -1.751146886984812 1.342134919934327 0
408 -2.148824476422702 0.754323367604949 0
409 2.147242930431469 0.7586689082143574 0
410 1.765154739901211 1.346151139909384 0
411 1.955988384119367 1.88891553762657 0
412 -1.967099516666425 1.873365227753047 0
413 -1.844904771770985 1.413272594465795 0
414 1.854370234296381 1.428720570092675 0
415 2.52174300358236 2.026404559622736 0
416 -2.526852904830508 2.033791855927933 0
417 -2.233794793279959 1.000362885702734 0
418 2.22613558834635 1.004206164756717 0
419 1.976724596495928 1.772899856406752 0
420 -1.983090008470828 1.750349561992127 0
421 -1.920112429015516 1.511449198544101 0
422 1.930502175040723 1.53053911168497 0
423 1.968723166983651 1.648369215933301 0
424 -2.725760601354301 2.808198773673113 0
425 2.73692776802401 2.821359975954438 0
426 -1.963472743526712 1.624933547708249 0
427 2.478809762658886 1.861042329776238 0
428 -2.485891412940707 1.859191939018967 0
429 1.577487837572834 0.07848414494122347 0
430 -1.574203165876149 0.07170158269636873 0
431 -2.282051725959598 1.181214819811576 0
432 2.284852674975523 1.166028730999713 0
433 -2.270315214626458 3.420264887690107 0
434 2.269199724329038 3.419951645813121 0
435 2.431475648509205 1.696707258718623 0
436 -2.426383783759638 1.705449047931572 0
437 2.33140557163521 1.333796102069898 0
438 -2.335120819904711 1.33022617757471 0
439 2.378595791887709 1.485935449484172 0
440 -2.397329515870785 1.539403157704386 0
441 1.65324014338751 2.208168523955045 0
442 1.024280061483034 1.666662341293616 0
443 1.078682634712038 1.512977273661274 0
444 -1.169709431501578 1.398909804662357 0
445 1.023652095106818 1.837416593002713 0
446 -1.021423889740793 1.813032284870782 0
447 -1.0697780210623 1.971928364185726 0
448 1.490351103642928 2.231460212092944 0
449 -1.070013558574223 1.529744243937722 0
450 1.185083002394296 1.385097651575342 0
451 -1.510384986800694 2.231811292970943 0
452 -1.673962930747227 2.199916704131727 0
453 1.444292614062446 1.27074592726143 0
454 1.184864340618532 2.114504750421289 0
455 1.327526981958316 2.201284319591927 0
456 1.079801535430444 1.987574015035844 0
457 -1.172245011291025 2.100358103877125 0
458 -1.308049785530457 1.305663457157322 0
459 -1.309182632995097 2.192723299147322 0
460 1.990220129018269 0.2503748517712694 0
461 -1.994348799823885 0.2373625039126583 0
462 -2.788875506171155 3.109435678305132 0
463 2.798597801565443 3.101150771106228 0
464 -2.558976238291583 3.419584785106763 0
465 2.559695373481111 3.412165801329045 0
466 2.629230444109475 2.429130894993826 0
467 -2.627059834384937 2.425287835257968 0
468 -2.110941597426338 0.6329708426324814 0
469 2.115856809490538 0.6270664815779479 0
470 2.55810166895358 2.155697356171093 0
471 -2.560160663801357 2.161550456722991 0
472 -2.198652604357927 0.8902038253346483 0
473 2.197162042834352 0.886343532280655 0
474 1.782302319555533 3.416718234768453 0
475 -1.778651263354494 3.406197974318401 0
476 2.412589371329934 1.591135575626614 0
477 -2.358571212791079 1.440090184851413 0
478 1.402190083225616 3.413532152891666 0
479 -1.414437687432881 3.417814945835025 0
480 1.385276250359486 0.07324318489581971 0
481 -1.386487344329415 0.07776246901429507 0
482 1.02099180564147 3.419247766201003 0
483 -1.024558125891316 3.41736659573211 0
484 0.6338811838839113 3.41448050894783 0
485 0.2461002726554583 3.416791783531427 0
486 -0.2478212410622882 3.421368564598165 0
487 -0.6331042338772662 3.401289868542563 0
488 1.006586957023921 0.07744691442621066 0
489 -1.012964400441047 0.07436009393343768 0
490 0.6244288080202978 0.08342485793565513 0
491 0.2367614081890466 0.09427070211415289 0
492 -0.6278563177455888 0.08077312620539789 0
493 -0.2483826136678499 0.09072689446674698 0
494 -1.751280233444772 0.07501540331760914 0
495 1.760984453396573 0.08054192212136879 0
496 -2.854487053760855 3.298918238756533 0
497 2.851966324900742 3.288993857778695 0
498 -2.756837396984066 3.41576600341514 0
499 2.756837396984066 3.41576600341514 0
500 2.860586812632425 3.394764801192312 0
501 -2.870627464158675 3.402468395983809 0
502 1.290148054055593 2.185204958623432 0
503 1.257962290074524 2.206535650133195 0
504 1.220169762829126 2.186290000730079 0
505 1.223920009603674 2.227156548401488 0
506 1.187799092213728 2.208634688529755 0
507 1.189102532283292 2.247174850505344 0
508 1.154656385254025 2.229623962228418 0
509 1.155156457796386 2.266885953782349 0
510 1.121817989698777 2.250804049161435 0
511 1.122110129442094 2.287690649318946 0
512 1.087987617288942 2.272958636227292 0
513 1.089515304043539 2.309999107232557 0
514 1.053499024207704 2.29310141395806 0
515 1.12214637357414 2.326381137432895 0
516 1.055889029322424 2.332167604008365 0
517 1.019971884511521 2.313296897342174 0
518 1.02130076345977 2.355000547008226 0
519 0.9836189679913927 2.335345947214774 0
520 0.9847807999549492 2.379453543014777 0
521 0.9439012572794585 2.358002479855288 0
522 0.9466796937837241 2.405669333660708 0
523 0.9033492446403368 2.382539672588118 0
524 0.9858019375292446 2.426014658271505 0
525 0.9059874444706282 2.432396836903545 0
526 0.8618674058659095 2.409116356449207 0
527 0.8600146280572106 2.358659938666598 0
528 0.8171699300599853 2.385264620838696 0
529 0.8155782402995277 2.334039710960227 0
530 0.7717852246458478 2.361112477213291 0
531 0.7706370833031945 2.309134902820188 0
532 0.7256162120901861 2.336552537891133 0
533 0.7257637746883999 2.286378324282846 0
534 0.6787331042676639 2.311396638977925 0
535 0.6836745828301672 2.252627824276257 0
536 0.631152353660116 2.285152246926295 0
537 0.6290542979986538 2.228031077871068 0
538 0.5805865703325025 2.259266410356307 0
539 0.578819784913372 2.202191291749912 0
540 0.5292965374962808 2.232738607772146 0
541 0.5275662548145995 2.173568661619439 0
542 0.4766241702693841 2.205178547457979 0
543 0.4749410223647422 2.144339664909119 0
544 0.4223432180846064 2.176744778453711 0
545 0.4204654339104892 2.113910449553714 0
546 0.366190703430239 2.147405044459707 0
547 0.3644109991661896 2.082572496677377 0
548 0.3081151494532828 2.117057428519963 0
549 0.3060924761518384 2.04940857261915 0
550 0.2489792414690703 2.083381115777034 0
551 0.2463438011732978 2.016509449510485 0
552 0.1864481704178184 2.051094747398529 0
553 0.1836946850908276 1.980094693720466 0
554 0.1207196837792138 2.018915193339315 0
555 0.1193324975803176 1.945991772262653 0
556 0.1824768708618396 1.906003239069893 0
557 0.1159849318791982 1.874621966537976 0
558 0.179415504039764 1.832684769235008 0
559 0.1136011347873087 1.799532530721859 0
560 0.1778689533851125 1.758478635967478 0
561 0.1149528326486622 1.722123362829812 0
562 0.178665844628571 1.684541029742904 0
563 0.1150108208404368 1.647236018310466 0
564 0.1736035025063659 1.610152240543878 0
565 0.1130929118584773 1.572730729383143 0
566 0.1814594373082702 1.530453410502492 0
567 0.1132775815099573 1.497677918482286 0
568 0.1760404154685627 1.454418312963454 0
569 0.05349447613705621 1.98409101598411 0
570 0.1113799067893854 1.420632731312324 0
571 0.0447518449920017 1.460564856532881 0
572 0.1311211838546604 2.103744085795827 0
573 0.4238874407387981 2.237105300366843 0
574 0.1773985041375236 1.383154541037239 0
575 0.04337241808967757 1.381650562518668 0
576 0.6309169274432123 2.341049440897529 0
577 0.8190261245375594 2.436611301509636 0
578 -0.0258392018822824 1.422743455417318 0
579 -0.0277077008017848 1.342438706139024 0
580 -0.09667178992982808 1.382793775322197 0
581 -0.09839826620788104 1.303135670950889 0
582 -0.1658406837969829 1.342285578474666 0
583 -0.1667541724021447 1.263892665935398 0
584 -0.09885399787514165 1.217349824093959 0
585 -0.2333246336150037 1.304515805815502 0
586 -0.2314888733043428 1.385940109625056 0
587 -0.2334535976383359 1.227099487376722 0
588 -0.297940792347984 1.266654052787577 0
589 -0.2991510063226839 1.193617070164524 0
590 -0.3598406125194885 1.227929860796465 0
591 -0.3616826543630083 1.159014609124016 0
592 0.2390249571461104 1.415673744085047 0
593 0.2416967399936019 1.346880842260088 0
594 -0.4203461338308168 1.191907546439085 0
595 -0.4210470664962914 1.122761733717378 0
596 -0.3575016961265658 1.095668391389219 0
597 -0.4784005088839316 1.156716327377785 0
598 -0.4795499884968939 1.089710522675249 0
599 0.4734794521073411 2.082803664823095 0
600 0.3029530676811453 1.382267550427122 0
601 0.3035580024758936 1.312170294135679 0
602 -0.536433549530823 1.122394230239768 0
603 -0.5369395335426428 1.057494506364012 0
604 -0.5930345710163996 1.088853332061414 0
605 -0.5930388773187688 1.025961706560922 0
606 -0.6462760410784898 1.057665286302431 0
607 -0.6475966289289475 0.9952647209405923 0
608 -0.7001117512823241 1.026124088551803 0
609 -0.4738567459478659 1.223213654666813 0
610 -0.7015781942425199 0.9649281043218398 0
611 -0.7542688516823333 0.9949986845720893 0
612 0.3631564754547467 1.34680704562685 0
613 0.3632947061664485 1.27870641588125 0
614 -0.7545049066314493 0.9349792417204184 0
615 -0.8043407463621924 0.9651977728346324 0
616 0.4210916542119278 1.311989555010195 0
617 0.4212040016370484 1.246021455833573 0
618 0.4224661667508734 1.374957886565006 0
619 -0.5937026808971361 0.9508152573554729 0
620 0.4772147976416553 1.278237226915262 0
621 0.4782790105056368 1.212892197922448 0
622 0.4218699402590294 1.180472501989561 0
623 0.4794924793477667 1.147308617666276 0
624 0.4217437877691819 1.114044148186623 0
625 0.480091964257272 1.081751374214704 0
626 0.5368821630804194 1.114906696014454 0
627 0.5380848441228148 1.050166012318479 0
628 0.4230536411391294 1.045435839050782 0
629 0.592856141393945 1.083710344505052 0
630 0.59448454983495 1.019869531183063 0
631 0.6481830386435797 1.052660701653407 0
632 0.6498660059775668 0.9900077675703123 0
633 0.7020429923653838 1.022097027286645 0
634 0.7041388706613518 0.9605765416581284 0
635 0.7557732488582439 0.991847016465613 0
636 0.7577374295170196 0.9315085110494241 0
637 0.8093513178831212 0.9620717384621551 0
638 0.8107057584719261 0.9028718221677121 0
639 0.8615185132189305 0.9335513915224198 0
640 -0.8063564971635149 0.905477342795286 0
641 -0.857571882567141 0.9359278329270735 0
642 0.6583254480195665 0.9257551273579363 0
643 0.8626800656813072 0.8743867135426155 0
644 0.9124781014226193 0.9048769750371828 0
645 -0.8590817523554756 0.8777895228416837 0
646 -0.910480704046597 0.9068227986460431 0
647 0.9146319137116228 0.8468555602461951 0
648 0.9638061297179169 0.8765688346987421 0
649 -0.9102951644743118 0.8480714020168241 0
650 -0.9593221599945103 0.875412135698616 0
651 -0.6455843930566453 1.119149793137363 0
652 0.9661812090150699 0.8188078598642068 0
653 1.015921521192613 0.8479899338404593 0
654 -0.9614465063121782 0.8194669052980621 0
655 -1.017223332373868 0.8506535983335399 0
656 0.7014164908526886 1.082976824688146 0
657 -0.8125456651152505 0.8473471448033254 0
658 0.6253710211659134 2.171781434019729 0
659 1.017652650208344 0.7908864576196339 0
660 1.067363770611225 0.8198007418948503 0
661 -1.012588086853242 0.7895096799335859 0
662 -1.065040997751713 0.8159403689377873 0
663 0.8692819805131516 0.8131269066635451 0
664 -0.8062539658674446 1.024617169033916 0
665 1.068390281316454 0.7615799615835228 0
666 1.118440036919839 0.7917242644548654 0
667 -1.062649878786003 0.7598517212135119 0
668 -1.113288042584671 0.7892697934641819 0
669 0.8612430172786307 1.000470997031816 0
670 1.119459726550353 0.7337415026849374 0
671 1.16927232425193 0.7641014897465397 0
672 1.1679361241761 0.820996123599655 0
673 1.217885031240283 0.7940107250431452 0
674 1.21998864010244 0.7368813503113156 0
675 1.268418889068957 0.7674669153475087 0
676 -1.114487329936276 0.8432230687647602 0
677 -1.16254133858869 0.8177999438327259 0
678 -1.16280479702326 0.7615572730320537 0
679 -1.212022182076595 0.7909104054844693 0
680 -1.212991799006165 0.7347876359464975 0
681 -1.261293641091013 0.7646652255066857 0
682 1.223107489734978 2.264938969366937 0
683 1.271393317750678 0.709941262561852 0
684 1.319471912641586 0.741444695512042 0
685 1.314491921743677 0.7967733724625632 0
686 1.365953830361649 0.7711104653987888 0
687 1.370324830685282 0.7163566803267114 0
688 1.416740096431003 0.7474847882412932 0
689 1.413745919699803 0.7988520505277867 0
690 1.462955492891019 0.7769311125856384 0
691 1.467122124023039 0.7228586351933288 0
692 1.513053719557875 0.7549746060005262 0
693 1.518700446189915 0.69865807879679 0
694 1.508608641075969 0.8081831600853104 0
695 1.557253981617182 0.7867703168590523 0
696 -0.9654361024776446 0.9351650424438169 0
697 1.552959392748814 0.8398328383087079 0
698 1.600015884824268 0.8182184335059417 0
699 -1.260059908689837 0.8201707148032951 0
700 -1.308101878433788 0.7941416113066795 0
701 -1.310759574487382 0.7383001504332634 0
702 -1.357573707030716 0.7684469658759927 0
703 -1.361166459243626 0.7119707375166933 0
704 -1.408360893455058 0.7430967496384526 0
705 -1.40547549162816 0.8062248075754543 0
706 -1.455656735577581 0.7752106621118544 0
707 -1.458758439824519 0.7185138978077916 0
708 -1.504198129505594 0.7510175110505761 0
709 -1.501570887039602 0.804737801851904 0
710 -1.550218383002035 0.7809249528012929 0
711 -1.552508344045 0.7183545738864008 0
712 -1.546183851449334 0.8340705750777195 0
713 -1.593562024598426 0.8113695245325412 0
714 1.016053830589403 0.9142917430288604 0
715 0.04286116967734946 1.767036835690286 0
716 1.01316428764887 0.7361371210166618 0
717 -0.9601309489893373 0.7661627529746766 0
718 -1.590785471628004 0.8616171745623129 0
719 -1.636289910005787 0.8411492266533867 0
720 0.2410659446531637 1.719800394300514 0
721 1.595502342934189 0.8698239858582759 0
722 1.639460358472281 0.8480824309128405 0
723 1.647478033579382 0.7970900432276844 0
724 1.018633226487039 2.271583700769592 0
725 -1.632844403874637 0.8911962671793896 0
726 -1.676713874608363 0.8696528689871017 0
727 -1.680321055138897 0.8210182150727094 0
728 -1.674823021672409 0.9178343728641492 0
729 -1.54337322629427 0.881748673094918 0
730 0.7692836111352876 2.263974681009121 0
731 1.637128463933355 0.8992778896623788 0
732 1.685022911214017 0.8724305254485289 0
733 -1.724205460369042 0.8931033886064823 0
734 -1.715539366592294 0.9454011693152964 0
735 1.678662062417991 0.926572078701013 0
736 1.722544038028633 0.906788256502195 0
737 1.717941234119798 0.9545034179855664 0
738 1.545206379790137 0.8946205195343715 0
739 1.761660065421355 0.9349056991577329 0
740 1.757040810697063 0.981809547466832 0
741 -1.75822404565394 0.9260143059327879 0
742 -1.754519245520529 0.9731707011004931 0
743 1.799998014224341 0.9623637824280713 0
744 1.795235965477664 1.009161815662412 0
745 1.773968157425239 0.8847124708237855 0
746 -1.796363516042591 0.9544595266038676 0
747 -1.793816913892056 1.000418176404541 0
748 -1.665845374330125 0.9664178564575016 0
749 1.837920377107737 0.9895358358320235 0
750 1.833199900131031 1.035828834824898 0
751 -1.805716811094211 0.9133868224528796 0
752 1.673584102976187 0.9732699307016377 0
753 -1.83470616276681 0.9818813194780189 0
754 -1.830227388671317 1.026174948172558 0
755 1.875200726020281 1.016735521557437 0
756 1.86962747429783 1.069825913487361 0
757 -1.873724373402342 1.006706296098218 0
758 -1.866061551909149 1.058149590017341 0
759 0.3613117271306707 1.080738688557997 0
760 0.3624126036233423 1.007633705450771 0
761 -1.784910751823386 1.042824597428662 0
762 1.875842287996596 0.9697614332835552 0
763 1.91215604742152 1.044706863702817 0
764 1.910660539965992 1.092939728862667 0
765 1.823210703887568 1.080983671385803 0
766 -1.911654122139499 1.033342836489282 0
767 -1.909213735631575 1.08094195119334 0
768 -1.914915279180025 0.987629616546616 0
769 0.2966973583068587 1.046293341496353 0
770 0.2972453117457971 0.9705209141180193 0
771 1.950222710212191 1.070189308498702 0
772 1.946902027670435 1.116490015145319 0
773 -1.950424673981106 1.058436532903708 0
774 -1.945094600810787 1.104010023365919 0
775 -1.908013961730867 1.126097082202606 0
776 -1.943015606398171 1.14842583325072 0
777 -1.979511469595263 1.127719952178605 0
778 -1.977392355402838 1.172927257595555 0
779 -1.939636865421976 1.190654984905386 0
780 -1.973814890293957 1.21524932142187 0
781 -2.012133928942672 1.198431641386473 0
782 -2.007789274753141 1.240231342360469 0
783 0.364179069441649 0.933070073146677 0
784 0.2974466168188848 0.8928692041486941 0
785 0.3672008022906197 0.8541749707092985 0
786 0.2960632444994393 0.8161916205604127 0
787 0.3593749871422693 0.7806345692465311 0
788 0.2263980667340877 0.8531028785747807 0
789 0.2278386853426893 0.7697310817050507 0
790 0.1520547210325379 0.8111886445462255 0
791 0.1571431563966717 0.7211088782620043 0
792 0.07523294172435453 0.7660505211381765 0
793 0.07539860569150654 0.6743394724865968 0
794 -0.00659242573859401 0.7190717187971871 0
795 0.1639592487875637 0.6286377836971078 0
796 -0.00653868297071779 0.6233958935185306 0
797 -0.09045374813599341 0.6706864461889444 0
798 1.986956042805792 1.095419745850574 0
799 1.982977990314093 1.141355011719633 0
800 1.943478107791903 1.160866482143286 0
801 1.977918962637333 1.183896850412128 0
802 1.939611392217195 1.201889294048039 0
803 1.974096380289538 1.226350824222696 0
804 2.011425217061898 1.208871840025751 0
805 2.007328334770826 1.250879286331195 0
806 2.045129343028935 1.233594016892401 0
807 2.040864310611892 1.275727849683724 0
808 -2.046085573352025 1.223408783158453 0
809 -2.041037547648801 1.265168045345096 0
810 -0.08947140741640247 0.5762424516822442 0
811 -0.1733763654495786 0.6212701095940112 0
812 2.078867919623231 1.258285248001266 0
813 2.073811930795631 1.300029842873312 0
814 2.036509046587933 1.316973301925584 0
815 2.068726352837063 1.340989650422169 0
816 2.085624474519395 1.216946331097865 0
817 -2.003250260795936 1.281402667968963 0
818 -2.036120986806804 1.306024130765736 0
819 -2.072875742407558 1.290429250424951 0
820 -2.067818105898299 1.331049322088952 0
821 1.99146920045978 1.049136983937047 0
822 1.937747270971073 1.243766857826403 0
823 1.903149873336416 1.219185827503267 0
824 -0.09518433616798785 1.463002011771049 0
825 2.03202564656829 1.356712549668039 0
826 2.063698911382182 1.380615339170705 0
827 2.10052361827951 1.364962870452596 0
828 2.095217228484515 1.404853916638181 0
829 -2.030867036034181 1.346116381882494 0
830 -2.062430988123837 1.370759647936845 0
831 -2.099467438046711 1.356166479203767 0
832 -2.093831095650404 1.395923275567833 0
833 2.030983760600926 1.077213535769428 0
834 2.132859531063707 1.389403148893146 0
835 2.127147311876326 1.429473437436483 0
836 2.090466943762731 1.444363952007704 0
837 2.12182405655845 1.469256880345045 0
838 2.158564172820749 1.454473527569718 0
839 2.152748894537482 1.494147188801854 0
840 2.116036297807836 1.508726336232283 0
841 2.146622560616846 1.533681823349095 0
842 -0.09176792005256913 0.7677544659184394 0
843 -0.1733641549489189 0.5305048688008593 0
844 -0.2549543044675633 0.5733267838213607 0
845 -2.131570539138218 1.38101883299988 0
846 -2.125089211025367 1.421186862007051 0
847 -2.087828551512251 1.43525088409168 0
848 -2.118478836942144 1.460599300454629 0
849 -2.08161101613464 1.474333590551335 0
850 -2.112035396637354 1.49978587066924 0
851 -2.148805320200486 1.485893942082769 0
852 -2.142509859101111 1.525210910453461 0
853 -2.179956086174123 1.510936902747094 0
854 -2.173247065707061 1.550479794097324 0
855 -2.136009009440667 1.564414130657664 0
856 -2.166308505748459 1.589793661126638 0
857 -2.129502047218779 1.602999300245993 0
858 -2.1595492377458 1.628371590769827 0
859 -2.196292542732672 1.615166476430178 0
860 -2.189508222088024 1.654174289056071 0
861 -2.153102702152921 1.667471566534598 0
862 -2.18224662007411 1.693626604258655 0
863 -2.219844255048629 1.680148327084034 0
864 -2.212343489615392 1.719735339388937 0
865 -2.174562074488683 1.732898587773168 0
866 -2.204476246369855 1.759070143795659 0
867 -2.166867438381035 1.771757483967036 0
868 -2.196476197427628 1.79808630681885 0
869 -2.159064439522109 1.810608278331687 0
870 -2.188656035524753 1.836884636242029 0
871 -2.151246136121535 1.849383004687537 0
872 -2.18077147915208 1.875615479718047 0
873 -2.143385848732787 1.888072714103356 0
874 -2.172888608689839 1.914299020416419 0
875 -2.135480598266649 1.926654619068916 0
876 -2.164855814792062 1.953295329580214 0
877 -2.20329707250732 1.940540149473868 0
878 -2.19501667671086 1.980479748376805 0
879 -2.156140184996137 1.992950897317339 0
880 -2.18647999577858 2.020701092490736 0
881 -2.14717791231273 2.033259700420531 0
882 -2.177722107620699 2.061198119698283 0
883 -2.137996928098632 2.074033289680539 0
884 -2.168734944434217 2.102017331197068 0
885 -2.128695068354391 2.115111792308075 0
886 -2.160083807613913 2.143585950357098 0
887 -2.118781392025403 2.156797560101233 0
888 -2.150092421897587 2.185518258891368 0
889 -2.107566321440768 2.199280750415941 0
890 -2.140303142449978 2.228355831096252 0
891 -2.097878763158858 2.242298344461601 0
892 -2.13231206246026 2.272406439893248 0
893 -2.088451846127555 2.286390875709124 0
894 -2.123309626812654 2.317292758269827 0
895 -2.077899515135885 2.331182572982015 0
896 -2.111614144437528 2.362782444155397 0
897 -2.067583745228757 2.37730652058353 0
898 -2.101894476354635 2.410015096725619 0
899 -2.054469204890384 2.42488078567008 0
900 -2.093395183236791 2.459076831809306 0
901 -2.042895716201401 2.474092866230817 0
902 -2.083806399976178 2.509071535974762 0
903 -2.034221540559128 2.525089941841004 0
904 -2.074297353506598 2.561221225776625 0
905 -2.02124530521153 2.578049643202879 0
906 -2.062539325645278 2.615366500007177 0
907 -2.009160394303169 2.631884379048253 0
908 -1.968229030285237 2.59442185338333 0
909 -1.955877245644543 2.647796249241793 0
910 -1.915744790284509 2.610294378503494 0
911 -1.903266951192789 2.663621666931661 0
912 -1.862990079744374 2.628527504582696 0
913 -1.850911576006031 2.679699127893251 0
914 -1.810960006754791 2.646656556028651 0
915 -1.798864186996385 2.695815687758501 0
916 -1.759483936210036 2.660756898646413 0
917 -1.747003339769274 2.711311180770773 0
918 -1.708218290025691 2.676757646149222 0
919 -1.694716611843796 2.725663065306779 0
920 -1.65591030730649 2.692273733134309 0
921 -1.642531449537026 2.741506834110794 0
922 -1.602960357345826 2.704686441251165 0
923 -1.590304098505037 2.758231582637054 0
924 -1.550179440005759 2.722553986119268 0
925 -1.537335154522241 2.774856688433394 0
926 -1.497365518496683 2.739441306345513 0
927 -2.001584234035477 2.684898251976282 0
928 -1.483904035891121 2.791914285209208 0
929 -1.443446808841081 2.755070854291136 0
930 -1.785604099605508 2.750334122513211 0
931 -1.429205131402338 2.808827318984004 0
932 -1.388106293491301 2.769109579459489 0
933 -1.401164326832175 2.713357554682692 0
934 -1.347255441892601 2.729346066684039 0
935 -1.333355018367107 2.783765603291124 0
936 -1.293223173657695 2.744148800167033 0
937 -1.310684757016644 2.680530134543938 0
938 -1.25338209130686 2.701499945449689 0
939 -1.238695032272305 2.758261830560491 0
940 -1.198764538801866 2.717645160185821 0
941 -1.183558624594775 2.776763017218514 0
942 -1.142896855562557 2.731833542151284 0
943 -1.158953713733581 2.677366618128239 0
944 -1.104004768428541 2.690435683622715 0
945 -1.120372836229284 2.6371936643003 0
946 -1.065876648988603 2.649676625333464 0
947 -1.050415665075621 2.702227682658705 0
948 -1.012249711264786 2.660288938368152 0
949 -1.02932750422727 2.608213009136396 0
950 -0.9732476586518197 2.619369871641924 0
951 -0.9532070677019904 2.679191257583398 0
952 -0.915143717220718 2.630182797232327 0
953 -0.9323834711080621 2.577217610545366 0
954 -0.8768852022781546 2.586036202098356 0
955 -0.8573925120261863 2.641078030747772 0
956 -0.8192495511928748 2.597589861442653 0
957 -0.8395403226177104 2.542426585150134 0
958 -0.7813774662685953 2.552823468447257 0
959 -0.8019471352684767 2.495945427910001 0
960 -0.7438426869547405 2.50767555777308 0
961 -0.7638302677227499 2.453215957182849 0
962 -0.7223907657402 2.566424899973396 0
963 -0.7063520080486092 2.463279760257935 0
964 -0.7262650662836647 2.409079259134015 0
965 -0.6689537403791348 2.418875807072033 0
966 -0.6878251709578863 2.365084141949268 0
967 -0.6313461289757322 2.374510599843139 0
968 -0.6502530701500162 2.320588148321095 0
969 -0.5942316769069541 2.329640549553186 0
970 -0.6136503816724888 2.275029674277389 0
971 -0.5782771805583828 2.383967843039342 0
972 -0.5562115387839063 2.287507391401385 0
973 -0.5766994129088349 2.230626670964742 0
974 -0.6309141094276465 2.220091153514782 0
975 -0.5969156411135321 2.17650935342994 0
976 -0.8203443866733777 2.44338664170715 0
977 -0.5393105041798862 2.186198341902839 0
978 -0.56134483413965 2.131861205754377 0
979 -0.6146420271695655 2.125415756871679 0
980 -0.582443323138419 2.080529145294832 0
981 -1.636644275581628 2.798332253741602 0
982 -1.471730252025341 2.848641621613464 0
983 -0.5273474075384256 2.087885615344594 0
984 -0.5487833924729508 2.036671412923662 0
985 -0.6045430182592375 2.027204782097836 0
986 -0.5683184694032001 1.984705244094234 0
987 -0.5152935434404631 1.992389135389065 0
988 -0.5375832257504033 1.942026922196266 0
989 -0.5888601994724604 1.935100651950899 0
990 -0.5601178078551152 1.892833186885875 0
991 -0.6118973629649547 1.888048393288754 0
992 -0.5819271542518196 1.845500221085631 0
993 -0.5294255822151611 1.85000136074076 0
994 -0.5516419133990037 1.80215067885031 0
995 -0.6041832996322137 1.797580099744336 0
996 -0.5766988916311511 1.756271033496301 0
997 -0.6256640377091149 1.751597331416095 0
998 -1.563131637042959 2.673799066361809 0
999 -0.5992730331915157 1.710699252628825 0
1000 -0.6467499234650254 1.704971454221918 0
1001 -1.8727822230569 2.574456609057274 0
1002 -2.116881277923008 2.59789187539899 0
1003 -2.137201011050839 2.433196810638704 0
1004 -1.715664362493674 2.62812848444923 0
1005 -0.4980905984983647 1.806535099989331 0
1006 -0.6192602323914796 1.664843652232744 0
1007 -0.6662627996020849 1.657996249914971 0
1008 -2.021992089744975 2.391806468771509 0
1009 -0.6404637671693343 1.620511136605141 0
1010 -0.6872516321856322 1.614579416248319 0
1011 -0.6720042288804372 1.742694932229353 0
1012 -2.165679873822371 2.302476234516018 0
1013 -0.6610280193757915 1.57699580895723 0
1014 -0.7073928887186511 1.572872575683824 0
1015 -0.562852964298948 1.672990983527854 0
1016 -0.6807364983477625 1.533985870070072 0
1017 -0.7277198596597099 1.530167925496078 0
1018 -0.6356011406710922 1.536161613146253 0
1019 -2.192204935167275 2.172789198644096 0
1020 -0.70085770589106 1.491690492335657 0
1021 -0.7471905760755229 1.487195521061839 0
1022 -0.7338551122718455 1.610206460184552 0
1023 -2.052788586959675 2.257222513318827 0
1024 -0.7209345894086644 1.44966795043817 0
1025 -0.7669590931437342 1.446400810992454 0
1026 -2.217972914639866 2.046597656253339 0
1027 -0.7924273639892878 1.482875259504348 0
1028 -0.8116024188165023 1.443132205634241 0
1029 -0.7868622417412448 1.406364322244387 0
1030 -0.8307955577179547 1.403508118404327 0
1031 -0.8064112404103108 1.366766884113526 0
1032 -0.8504222247275509 1.363415226637334 0
1033 -0.8261507952557391 1.327271655984138 0
1034 -0.8698937586572431 1.324907731360022 0
1035 -0.8354298245863909 1.479460931157162 0
1036 -0.8937075467882272 1.360306910383726 0
1037 -0.9129327934932651 1.322296918833908 0
1038 -0.8894992737505075 1.286562344017706 0
1039 -0.9325818662723325 1.284397580391357 0
1040 -2.082296674208886 2.129371234026447 0
1041 -2.233621558848906 1.785312222394625 0
1042 -0.7812958107440445 1.32973497356109 0
1043 -0.9096532407780249 1.248491719131362 0
1044 -0.952452185892726 1.246985575892829 0
1045 -0.9749648538362801 1.282631957816495 0
1046 -0.994500144453357 1.245438016541213 0
1047 -0.9727611637942544 1.210005791589408 0
1048 -1.014479395389494 1.209317823661181 0
1049 -1.035744401991446 1.244253000169896 0
1050 -1.055847144390002 1.20865295430337 0
1051 -1.034704956216613 1.173142314515173 0
1052 -1.07642736608292 1.173124290009586 0
1053 -1.055440856580967 1.136641931362286 0
1054 -1.097346722878761 1.137113619927659 0
1055 -1.117939059353992 1.172415721364493 0
1056 -1.138866338576459 1.137552301862952 0
1057 -1.118474242185678 1.101039793217738 0
1058 -1.160379264683494 1.102288915851262 0
1059 -1.18013711168067 1.138232036723277 0
1060 -1.201453288819117 1.103730994014547 0
1061 -1.220713701902904 1.139119478333645 0
1062 -1.242252923384357 1.105102678156671 0
1063 -1.222887349074165 1.068982722196469 0
1064 -1.263793182208813 1.070817575772261 0
1065 -1.282606329272941 1.10667500896242 0
1066 -1.30417236039552 1.073025849532525 0
1067 -1.322410120061161 1.108251692723235 0
1068 -1.343943358336999 1.075245709761816 0
1069 -1.361917414133815 1.110159890485644 0
1070 -1.383372060877695 1.077432722505641 0
1071 -1.364638807106334 1.041073541154794 0
1072 -1.401126092263655 1.112428944963103 0
1073 -1.422590756435042 1.079737095051785 0
1074 -1.440148172513857 1.114629825374698 0
1075 -1.461495051089663 1.083075839791627 0
1076 -1.479087033775922 1.117028725621152 0
1077 -1.500400878292723 1.085880802725273 0
1078 -1.517916472579976 1.120996273580774 0
1079 0.301604393657787 1.453607252998649 0
1080 -0.3604418988928229 1.297787310670517 0
1081 1.753864184709568 1.028337732655997 0
1082 -0.256182605544825 0.6653512887855544 0
1083 -0.334995678732345 0.6177404418566328 0
1084 -0.3344859404526872 0.5265600264728434 0
1085 -0.4127697222670633 0.5716002019235153 0
1086 -0.4132702386220904 0.4819020032768582 0
1087 -0.4897346982817046 0.5274735732163405 0
1088 -0.4891749698608852 0.6136768939818356 0
1089 -0.5640425072752732 0.5710810017938737 0
1090 -0.5642510318368588 0.4861539865437008 0
1091 -0.637221808498846 0.5289736448117246 0
1092 -0.7452446041141618 2.358064690671122 0
1093 -0.3352223610957655 0.7069354727554842 0
1094 0.2500678464178043 1.862365110376817 0
1095 0.07928173161930716 0.8585664819995618 0
1096 -1.173261101754598 2.624413533665421 0
1097 0.588460659382485 1.144337877334087 0
1098 -1.244563657693004 1.035241242652535 0
1099 -0.007872720820259676 0.5333655645370723 0
1100 -1.199534413979214 1.172932309546572 0
1101 -2.110156828237264 2.046540561069058 0
1102 2.184213985476721 1.519156039976635 0
1103 2.177500153751761 1.558999058530181 0
1104 2.14029379077357 1.572976558569311 0
1105 2.170645142221143 1.598297191759401 0
1106 2.133741462153217 1.612000703819686 0
1107 2.163895307311205 1.637365047038908 0
1108 2.201325502368826 1.623536654565407 0
1109 2.194264779295122 1.662875675505943 0
1110 2.156872748189872 1.676308700787589 0
1111 2.187002776502546 1.702021941727425 0
1112 2.149800613969382 1.715265783699495 0
1113 2.179613856286807 1.741156402893633 0
1114 2.21753292032088 1.727588214262171 0
1115 2.209865329936292 1.767068990677509 0
1116 2.172139567409365 1.780266544675784 0
1117 2.202113666678718 1.806341934984829 0
1118 2.165111678879552 1.81931727083091 0
1119 2.194204463990838 1.84535082496328 0
1120 2.157479138713751 1.858255570603471 0
1121 2.186984257012277 1.883989034552627 0
1122 2.15018583041932 1.897166925022552 0
1123 2.178866472542482 1.923087037563349 0
1124 2.142428821393736 1.936099186463565 0
1125 2.171241237474108 1.962095897768629 0
1126 2.135033299465625 1.975157542394273 0
1127 2.163663118187933 2.001155674203013 0
1128 2.127255061205126 2.014291594974001 0
1129 2.156000268840917 2.040418196169749 0
1130 2.119796664591839 2.053797113324328 0
1131 2.148448230037051 2.080101702320429 0
1132 2.109399069809701 2.093018224870751 0
1133 2.140376482817297 2.120200034223599 0
1134 2.103326600543939 2.133987451229783 0
1135 2.13283210648841 2.161113552015185 0
1136 2.09577831784468 2.175295253266316 0
1137 2.125402847628794 2.202831161005194 0
1138 2.082434302263811 2.217520114443076 0
1139 2.116475312116321 2.245032112035516 0
1140 2.075453955890275 2.261897745223802 0
1141 2.10833345281419 2.288421322576045 0
1142 2.067258613502931 2.303957823516607 0
1143 2.100358392061985 2.333465009699891 0
1144 2.056500857802957 2.348072943369488 0
1145 2.091391127912021 2.378333519912751 0
1146 2.048286975939956 2.394906853808578 0
1147 2.081393977898381 2.425290451551256 0
1148 2.037382291176071 2.442565962999224 0
1149 2.07277979642019 2.475091098378257 0
1150 2.026787528558676 2.492074123055101 0
1151 2.064450927358673 2.525335274347281 0
1152 2.014087423968365 2.542961290177699 0
1153 2.056170683081613 2.576022246241712 0
1154 2.002641948934736 2.595576339131743 0
1155 2.047157304147337 2.63064992636879 0
1156 1.992137294171771 2.650350452972853 0
1157 1.94937529701547 2.613444579476305 0
1158 1.938777500730314 2.667626519705713 0
1159 1.897160799112978 2.630804825185322 0
1160 1.885992810863326 2.684409911561152 0
1161 1.84493301985636 2.647490024396373 0
1162 1.833416735182779 2.701284553978737 0
1163 1.792290138131523 2.664869442404072 0
1164 1.78079051443034 2.71784715048331 0
1165 1.739789525093554 2.681833402693427 0
1166 1.728048244813189 2.733960009675627 0
1167 1.687194569679988 2.698574791869254 0
1168 1.675466177523974 2.751299858169348 0
1169 1.634354463136926 2.715526503380846 0
1170 1.622935784907111 2.769850720196685 0
1171 1.581029726286706 2.732866834527015 0
1172 2.035200343205783 2.688537338030531 0
1173 1.569615639597989 2.787684512877652 0
1174 1.527181728117242 2.750102408519736 0
1175 1.515548237947079 2.805436336212239 0
1176 1.473636563486672 2.766918981710088 0
1177 1.485422807124516 2.712477572031054 0
1178 1.432673426280513 2.729030935870377 0
1179 1.419801739489234 2.783033112068258 0
1180 1.378643732673455 2.744900767266276 0
1181 1.365437193798092 2.800059488297171 0
1182 1.323620890017309 2.760660821190527 0
1183 1.310100646170617 2.817285161562445 0
1184 1.266112604654235 2.774477920683151 0
1185 1.827185089065243 2.754383342793254 0
1186 1.353885306189672 2.85715421754837 0
1187 1.445378910122376 2.676182759951814 0
1188 1.664939912917367 2.808099512629297 0
1189 2.092716560703973 2.667275713509087 0
1190 2.080291917732416 2.728444127134332 0
1191 1.253185057008048 2.834126882631218 0
1192 1.207993194459966 2.790495216485071 0
1193 2.114224199149579 2.508557996747459 0
1194 2.13585427412038 2.361843123253317 0
1195 2.157875766630757 2.231917607830065 0
1196 1.700575883233267 2.652255592030802 0
1197 2.000437782681451 2.411338995123562 0
1198 1.195171390698242 2.852406773155966 0
1199 1.150818066944558 2.810593349623711 0
1200 2.139231857789508 2.707274069324609 0
1201 2.127090072475508 2.770589323728104 0
1202 1.135448901962623 2.870100798801752 0
1203 1.089307078558883 2.827756946877496 0
1204 1.28168704502913 2.720551576549823 0
1205 1.074440258717295 2.889323514748678 0
1206 1.026722063238757 2.84572300229605 0
1207 2.179729203878429 2.106778687713283 0
1208 2.187795072943163 2.749268199092453 0
1209 2.176253935504302 2.814756697942713 0
1210 2.112734341542538 2.836142330704665 0
1211 1.010461981778171 2.907843367831852 0
1212 0.9615847734632302 2.86384310429946 0
1213 0.9456814788236423 2.932406172482293 0
1214 0.8948946781374281 2.883476428852593 0
1215 2.210032406296449 1.948875479409361 0
1216 1.178477093466237 2.911191200881682 0
1217 2.163372680770013 2.881728284178687 0
1218 2.096888369558976 2.903079398735094 0
1219 2.030328026326874 2.274900912930876 0
1220 0.8760301957697076 2.954059427229675 0
1221 0.8256990712656146 2.902969703943317 0
1222 1.855105107895599 2.597231762965306 0
1223 2.229691469407061 2.859177865665679 0
1224 1.105368043303576 2.766937128699229 0
1225 0.8408054906084801 2.83655783903338 0
1226 0.773688554510183 2.852657161681839 0
1227 0.7557227387380452 2.923504549904425 0
1228 0.7020645398107617 2.870840099550094 0
1229 0.6833768166497953 2.945043338142971 0
1230 0.6290992864735631 2.891022046445595 0
1231 0.6495604503810037 2.816892223666601 0
1232 0.5743028606080952 2.835180240360834 0
1233 0.5532080441550884 2.910518192782312 0
1234 0.4977745460170112 2.854683250725547 0
1235 0.5196226403453332 2.778252219104651 0
1236 0.4432319498081864 2.797003993058547 0
1237 0.4190452322441599 2.875308927378092 0
1238 0.3618913794179384 2.814975098625011 0
1239 0.3370200920827791 2.89597442957237 0
1240 0.2782652308487351 2.832807924623444 0
1241 0.3035223071945828 2.748161387516247 0
1242 0.2184763706656975 2.765942467831219 0
1243 0.1912641051631812 2.851051027403281 0
1244 0.1305368550718312 2.78573674791176 0
1245 0.1589685079256951 2.69852131841373 0
1246 0.06807147467678359 2.715802932600598 0
1247 0.0391894134968197 2.80567863674966 0
1248 -0.02478321655547674 2.733799681239317 0
1249 -0.05396149636227242 2.825786113232469 0
1250 -0.1170201713509426 2.754206385250783 0
1251 -0.08922758705674114 2.664697031021339 0
1252 -0.1468725408479094 2.843625385710259 0
1253 -0.2096017998027134 2.772783025951793 0
1254 -0.2388917589369885 2.855994646041078 0
1255 -0.2970566169619607 2.790861008856556 0
1256 -0.3270547027717896 2.872399652610616 0
1257 2.218451337331132 2.927808040833812 0
1258 2.286814830700725 2.906825674139973 0
1259 2.064353275484851 2.151448549963283 0
1260 1.007058067408387 2.985076448706968 0
1261 -0.3840671697416718 2.810398507384423 0
1262 -0.4120818453984231 2.888517334178433 0
1263 -0.3547460311165144 2.72665640884155 0
1264 2.23244118342557 1.832709518762485 0
1265 2.274660836319309 2.979454207113571 0
1266 2.347141277701854 2.955757471560481 0
1267 2.359362885024574 2.877006031938073 0
1268 -0.189066620549257 2.939963648584111 0
1269 -0.4664359084734883 2.827906630607133 0
1270 -0.4941761735833446 2.906405557538254 0
1271 -0.5477332969604195 2.845986497559263 0
1272 -0.5746474142990885 2.921867511005778 0
1273 -0.4337966715675234 2.960830859148782 0
1274 2.199331569308013 2.684857019779897 0
1275 2.331476335567296 3.033805170407473 0
1276 2.25474522330539 3.059533320236846 0
1277 1.495579006811112 2.660214473234602 0
1278 1.457722599121693 2.625600272950224 0
1279 1.504438247349095 2.60992876907964 0
1280 1.469069154969567 2.57738888367266 0
1281 1.513319392553788 2.562477160118507 0
1282 1.480461831484074 2.531344885833025 0
1283 1.435713809000502 2.545247453031515 0
1284 1.524705457706832 2.517310476681262 0
1285 1.448460206601512 2.494931919290495 0
1286 1.403959453093714 2.512928441513786 0
1287 1.411268592931868 2.470852098502919 0
1288 1.371967329155928 2.483965821554802 0
1289 1.381623626883528 2.443667591637405 0
1290 1.341327280252614 2.455137552150547 0
1291 1.422711100253119 2.426997673728326 0
1292 1.331280503672169 2.495446773855259 0
1293 1.300589856734859 2.466577671481423 0
1294 1.290138219749904 2.507882280656149 0
1295 1.259027115567867 2.479476360548635 0
1296 1.248377348336717 2.521124929435948 0
1297 1.351569488264345 2.416003371720687 0
1298 1.216030270583389 2.491714878838942 0
1299 1.206176759862646 2.535047925285745 0
1300 -0.6268694705570546 2.862951015639058 0
1301 -0.6529208861206695 2.938003436512889 0
1302 2.0895970998347 2.026501139164234 0
1303 -0.7034285985450693 2.878629266645098 0
1304 -0.7295073360555586 2.95247170043942 0
1305 -0.6789470430417275 3.013020730358482 0
1306 -0.7568509215959472 3.028112334154507 0
1307 -0.8049406397720366 2.965422822250012 0
1308 -0.8342623835607044 3.041282605136246 0
1309 -0.8823284009374799 2.980081260257053 0
1310 -0.9108983075966619 3.054219149303314 0
1311 -0.9602467129549552 2.995543823689411 0
1312 -0.9868650108017603 3.067552036063831 0
1313 -1.035188558433867 3.009571469657605 0
1314 -1.061485901029767 3.080366242243503 0
1315 -1.109362273580588 3.023117573007732 0
1316 -1.135425260892133 3.093391843261312 0
1317 -1.182212771393971 3.035973356870986 0
1318 -1.209034526246175 3.106110457702209 0
1319 2.409585239456832 3.007781635489039 0
1320 -0.6408208156914574 1.934167868713395 0
1321 -0.6370964763260034 0.4476721718060905 0
1322 -0.7087996199719117 0.4900811428516869 0
1323 0.9788476155797277 2.799858177342248 0
1324 -1.255882068934742 3.049087405603397 0
1325 0.3634317234927967 2.016529095564489 0
1326 1.119391118676219 2.20953112813645 0
1327 2.215723403589756 1.544845396950433 0
1328 0.09914846814802933 2.630468562705201 0
1329 0.1866571154735174 2.613495168269003 0
1330 0.1301406049604401 2.548376067726321 0
1331 0.2136561677181736 2.532259919446875 0
1332 0.1585226948914845 2.467999921924184 0
1333 0.07496746918282002 2.483728879920044 0
1334 -1.136635957839754 2.585802638068951 0
1335 -1.186096762194597 2.573407275871037 0
1336 -1.151795272325291 2.537054917681461 0
1337 -1.198329507764535 2.525228670886546 0
1338 -1.166125246891203 2.491131969765065 0
1339 -1.210240533025037 2.479697891441078 0
1340 -1.179775441066313 2.447391027843123 0
1341 -1.222600269162853 2.436176073799744 0
1342 -1.252868132603385 2.467722114602608 0
1343 -1.191810538947765 2.405430329992575 0
1344 -1.150464127947986 2.415427524014174 0
1345 -1.162883763363751 2.374578695204252 0
1346 -1.122348143036858 2.383838386739711 0
1347 -1.134121700777253 2.344512994303863 0
1348 -1.094167835536064 2.353326179455463 0
1349 -1.105928418199959 2.314617047312475 0
1350 -1.066518612361011 2.323450768133047 0
1351 -1.07841797032787 2.284730469961211 0
1352 -1.039173314219352 2.293738808878361 0
1353 -1.050658703047179 2.255670967246451 0
1354 -1.011990984749098 2.264242317947294 0
1355 -1.023356902328955 2.226456611446144 0
1356 -0.984760681828342 2.235076112952778 0
1357 -0.9965137139343998 2.197139961177209 0
1358 -0.9578311250752796 2.205687622105693 0
1359 -0.9690579920758271 2.168248368505423 0
1360 -0.930457755929885 2.178032117910617 0
1361 -0.9417076146056662 2.139149226491933 0
1362 -0.9033836122135722 2.147185944351969 0
1363 -0.9142308466792124 2.109588471897629 0
1364 -1.264136062728797 2.426113136499513 0
1365 -1.293913439545992 2.455870025199502 0
1366 -0.8742613287119858 2.118194350407056 0
1367 -0.8864751368919814 2.079822622906815 0
1368 -0.8464859771242572 2.088190110971259 0
1369 -0.8615290908738947 2.049891025743865 0
1370 -1.305215879321981 2.416026906090735 0
1371 -1.33400905251735 2.444713883196589 0
1372 -1.054875221368229 2.363752765382658 0
1373 -1.344304255001046 2.405622401550827 0
1374 -1.372988067606489 2.434037679687568 0
1375 -1.365109219171435 2.470467841236167 0
1376 -1.403930272886329 2.46026640614801 0
1377 -1.411895800513287 2.422659431258753 0
1378 -1.440655095705823 2.448716873606586 0
1379 -1.450425871282374 2.411686020520929 0
1380 -1.478474460402309 2.43726993542109 0
1381 -0.8613079136792356 2.158796970047767 0
1382 -1.437434903393923 2.481757466940198 0
1383 -0.9465331171825075 2.24502959455218 0
1384 -1.487374540178423 2.401553600168375 0
1385 -1.516537975406566 2.427828267925352 0
1386 -1.175563682629483 2.335804456742018 0
1387 -0.8973062876230792 2.040999288082797 0
1388 -0.8722923289078139 2.011035682408212 0
1389 -0.8325011810985052 2.02092493981299 0
1390 -0.8457672213752259 1.981179492541073 0
1391 -1.524874694346076 2.392260924800534 0
1392 -1.554357546462269 2.416872230474712 0
1393 -1.545132119152631 2.454156617350434 0
1394 -1.583227877426934 2.44353228041666 0
1395 -1.592323521599637 2.405278788040664 0
1396 -1.621281247314448 2.432149329071498 0
1397 -1.630146415183127 2.394032278495086 0
1398 -1.658996298605786 2.420534924090483 0
1399 -1.667803682885814 2.382458809097754 0
1400 -1.696456745816521 2.408337745005645 0
1401 -1.705239269132927 2.370334170115206 0
1402 -1.733983519540383 2.396492334717496 0
1403 -1.74285491694121 2.358599183707499 0
1404 -1.771729321462463 2.385280645133865 0
1405 -1.780547033128851 2.346922729819738 0
1406 -1.80944841963123 2.373746180891782 0
1407 -1.818308326493517 2.335213722584691 0
1408 -1.316351043556545 2.377483844724862 0
1409 -0.8813569558571153 1.971013933966348 0
1410 -0.8565627356813299 1.942671529713994 0
1411 -0.9538762849942167 2.100369458275245 0
1412 0.8570041435353667 2.310334729880173 0
1413 2.232206579824513 1.649254551341123 0
1414 -1.936433387093198 1.231758985290054 0
1415 -1.903254208830241 1.208289600463599 0
1416 -1.900079373473363 1.248035612214781 0
1417 -1.867856361777922 1.22571105713995 0
1418 -1.76040550428987 2.424868402719733 0
1419 -0.9357821408581093 1.356680198376389 0
1420 -1.53937505736053 1.08743308071077 0
1421 -1.556840893804562 1.123407038248078 0
1422 1.215566515472447 0.8493857455052027 0
1423 -1.45919210114989 2.375166557831163 0
1424 0.007315050379585811 2.89309234004102 0
1425 -1.091176869202427 2.247463436957267 0
1426 2.111702575379932 1.283578226743542 0
1427 -2.251331443149116 1.706479482590912 0
1428 0.1800213033686321 1.313102077096946 0
1429 1.900157393533974 1.258324928379781 0
1430 1.867976932160765 1.236180539835392 0
1431 -0.5630228280739964 0.6532066819900504 0
1432 -2.163871632996453 1.406747881793172 0
1433 -0.5292053108883169 2.756109713383321 0
1434 2.248816215488142 1.753939550867482 0
1435 -1.282137012787206 3.119207356695708 0
1436 -0.4821542922249106 1.947564259409464 0
1437 -1.612145750034367 2.470675905760328 0
1438 -1.076182724343918 1.243190773313893 0
1439 -1.056732719076328 1.277917013841342 0
1440 -1.444349525900826 1.051480879036643 0
1441 1.266988345099661 2.433324560754528 0
1442 -1.139851304959401 1.06497905431163 0
1443 -0.2468070418155311 1.155754061729199 0
1444 -0.8011405323480527 1.28862407757412 0
1445 -0.7535950206407407 1.291630199098115 0
1446 2.119606875028044 1.870923505230483 0
1447 2.027446835388835 1.395954765948426 0
1448 -1.283038501200799 2.500795431949467 0
1449 1.171509796946425 2.501859974095786 0
1450 1.161441822504889 2.549081541005755 0
1451 -1.300447396382734 1.141599298397988 0
1452 -1.33025270440429 3.062188520799623 0
1453 -1.355542846353702 3.132254801419225 0
1454 -1.403887249159714 3.075525981787351 0
1455 0.3965464419380287 2.958324779794039 0
1456 -2.025779238750486 1.385265349452885 0
1457 -1.994739013713908 1.361263669358292 0
1458 -2.234840966111389 1.967752016125241 0
1459 0.7366390814008287 2.998007308403823 0
1460 -2.170449431683651 1.364760394054041 0
1461 -1.690645335842481 2.445418611917652 0
1462 -2.104756840168641 2.654627934987552 0
1463 -2.162662989963956 2.634976684123465 0
1464 -2.148767897025669 2.695490070907018 0
1465 -2.209855792459839 2.675034466991431 0
1466 -2.19549135111945 2.73901305452517 0
1467 -2.2568133809019 2.7188058231366 0
1468 -2.243551011302265 2.784329629308519 0
1469 -2.179471514926225 2.804822637920875 0
1470 -2.229735079070193 2.852510270143917 0
1471 -2.161988685587603 2.873545316377235 0
1472 -2.271760030636096 2.652572281016557 0
1473 -2.214715422623788 2.922909669046037 0
1474 -2.144921264840262 2.944023986407209 0
1475 -2.28457852489491 2.9002635922237 0
1476 -2.319851056681139 2.69754170270209 0
1477 -2.269145958272029 2.973872038570464 0
1478 -2.344398759212949 2.949184470580597 0
1479 -2.33381790256631 2.630627907891204 0
1480 -2.325689791388753 3.029407691321492 0
1481 -2.403797335109239 3.0040362730768 0
1482 -2.382005841028905 2.675417225316856 0
1483 -2.092263484795199 2.894126282380218 0
1484 -2.07516351716356 2.964610626693513 0
1485 -2.023335149271349 2.914887245265052 0
1486 -2.0053875896432 2.985265771247472 0
1487 -2.058537601984075 3.036530426677188 0
1488 -1.986707785185954 3.056812851398536 0
1489 -1.935626805698162 3.004951977637634 0
1490 -1.914930553028962 3.076625879546728 0
1491 -1.863641805141524 3.024236212036471 0
1492 -1.843049470403661 3.096140131597607 0
1493 -1.789752194831994 3.043484711674439 0
1494 -1.770833298190215 3.115693878421865 0
1495 -1.717461915065631 3.063409431849377 0
1496 -2.396403555816641 2.608755277451244 0
1497 -2.346412945860765 2.564675384137261 0
1498 -2.387071839251143 3.086050168440484 0
1499 -1.162961995033258 0.7033358556555365 0
1500 -1.214527475050423 0.6754317273010426 0
1501 -1.163525800841889 0.6427996106511089 0
1502 -1.217481632341121 0.6130339447261113 0
1503 -1.163686612051268 0.5787098204718044 0
1504 -1.22051520944099 0.5469225179977215 0
1505 -1.164043836232844 0.5115378874779755 0
1506 -1.224678049075999 0.478908687736934 0
1507 -1.104880970618024 0.5448148895969473 0
1508 -1.105500615247506 0.474582749318728 0
1509 -1.281642530295068 0.5152901331257882 0
1510 -1.286591046693852 0.4460123250133896 0
1511 -1.346393354763674 0.4833914252777594 0
1512 -1.349541495599038 0.4121226833021998 0
1513 -1.410704460442461 0.4506098126317237 0
1514 -1.044111177954622 0.5070648839680225 0
1515 -1.044291799533015 0.4356896955674707 0
1516 -1.413766106503448 0.3778945209728461 0
1517 -1.47487238999975 0.4176118069164563 0
1518 1.221414879464775 0.678014816000446 0
1519 1.275001785508342 0.6501084082687218 0
1520 1.223018300268542 0.6167753167304348 0
1521 1.280401710320014 0.5871184328223493 0
1522 1.224619206058153 0.5522859415511929 0
1523 1.284871398168578 0.5211109059945873 0
1524 1.226208699796199 0.4846762590602645 0
1525 1.165654499531918 0.5172851714048696 0
1526 1.287716700146506 0.4523742144440792 0
1527 1.346875650591695 0.4905869864317716 0
1528 1.167183756392546 0.4469030239935337 0
1529 1.101916707228124 0.4831342355138002 0
1530 1.350682115343553 0.4200319860045822 0
1531 1.41080296642563 0.4593321481685422 0
1532 1.414841740960023 0.3871831247816009 0
1533 1.4755552687178 0.4276235073057217 0
1534 1.295330149079829 0.3795691410124544 0
1535 -0.4778451496109875 1.022395929128106 0
1536 -1.097247927169503 1.063234586931419 0
1537 -2.051287791409339 1.180773410707034 0
1538 -2.086990872867714 1.206704650022327 0
1539 1.105743539939529 0.4073518455566474 0
1540 1.037531886756966 0.4456311633336263 0
1541 -0.4588646078275078 2.000270816458609 0
1542 -0.4234550569271614 1.95206757389354 0
1543 -0.400465954857995 2.008044649767843 0
1544 -0.3624735796536127 1.957589711038887 0
1545 -0.3375500965735293 2.018251985095894 0
1546 -0.2988334792244326 1.96528122357591 0
1547 -0.2721722808317001 2.026151779640266 0
1548 -0.3129988596406892 2.080216957466004 0
1549 -0.2453170001391529 2.088975137524114 0
1550 -0.2878713986866732 2.144548864722968 0
1551 -0.2176070087731596 2.153735597812171 0
1552 -0.2616139093602972 2.210874027860876 0
1553 -0.3261168435092983 1.90563218003189 0
1554 -0.2596656724891823 1.912014153166465 0
1555 -0.2891165718613385 1.849882543207526 0
1556 -0.1887080233828496 2.220949400109322 0
1557 -0.2342539301550354 2.279063545552151 0
1558 -1.012447553652647 1.136654757602215 0
1559 0.6625318910532374 3.021355268811952 0
1560 -2.21751223580242 1.862724370322255 0
1561 -2.091889022523431 1.161094728326124 0
1562 -1.306771570503659 0.8489449650609004 0
1563 0.310537630593066 2.979885159108433 0
1564 -1.847135688185113 2.361987187636632 0
1565 -1.855772465413417 2.323476659687273 0
1566 -1.223264087662945 0.4095961883856907 0
1567 -1.838419973354073 2.401324331824744 0
1568 1.388717387944131 2.55814537863997 0
1569 -1.11627422430675 2.502219581859987 0
1570 0.7859872889096542 2.780813858713101 0
1571 -0.8195637971002913 1.951002160958088 0
1572 -0.8325815131129894 1.913237069986526 0
1573 -0.8696213014493039 1.905613951791023 0
1574 -0.8454063029126508 1.876019339830843 0
1575 -0.8065996660426831 1.883505651340708 0
1576 -0.8200317880129941 1.846051770808214 0
1577 -0.8587713510717006 1.839056763155186 0
1578 -0.8336022124114444 1.809046210422486 0
1579 -0.8721091455549081 1.802253635579684 0
1580 -0.8470946864528989 1.772315174679494 0
1581 2.222812965128174 1.503324691024838 0
1582 -1.034981051881095 2.18840420737279 0
1583 -0.688436109917415 0.8999388390194529 0
1584 2.103540271063282 1.586864048496047 0
1585 -2.122654702888319 1.824566295492857 0
1586 -2.259329935318082 1.665121784842995 0
1587 2.393779906874519 3.090451733806423 0
1588 0.7595646123409955 0.871678462302298 0
1589 0.4662265991591331 2.721654748821753 0
1590 0.5402529233648961 2.70348031149418 0
1591 0.4896400845764866 2.648926471939783 0
1592 0.5602931383681767 2.631490971089845 0
1593 0.5119654934685356 2.579306545441018 0
1594 -0.6733172805831021 1.45292877605565 0
1595 -0.7751350249414083 1.247830003610336 0
1596 -0.9996293112570096 2.302897337781647 0
1597 1.933687680047123 2.72002397519016 0
1598 -1.892473988195293 2.71818465511912 0
1599 0.3107246994306917 2.184070423952083 0
1600 2.194138921595687 2.02741877758735 0
1601 -0.6566351225413658 2.46537798377436 0
1602 0.5322568061383768 2.287364188422454 0
1603 0.7276390566501215 2.388405091155998 0
1604 1.558693067057624 2.844800386229492 0
1605 2.034733436168807 1.027785565312901 0
1606 -1.42903342278725 3.145494854108014 0
1607 1.995981264788425 1.372536855274359 0
1608 -2.420973575674979 2.922671563683379 0
1609 1.059806109188342 2.371634869469184 0
1610 -2.075354895635467 1.513545924398568 0
1611 -2.040980236258274 3.110738842707472 0
1612 -1.827005974068569 2.296992383722921 0
1613 -1.864226729306625 2.285116033253569 0
1614 0.3740804410579167 3.046265458339027 0
1615 0.2828715674405228 3.068026233569956 0
1616 0.7194143973519591 3.077692946772509 0
1617 0.6407702630450314 3.101148871871014 0
1618 -2.13969926633753 1.745742779988724 0
1619 -2.211804625105717 1.536587146543232 0
1620 -0.7081466188275818 0.5693780884079935 0
1621 -0.2210778159188538 1.857672715926851 0
1622 -0.2502228955238899 1.795803362062617 0
1623 -0.335838292013896 0.4357836912881285 0
1624 2.120076650253369 1.689704301284133 0
1625 2.104055395133193 1.948669521389406 0
1626 2.134950137877494 1.791870560373262 0
1627 -1.096217234942884 1.276975296061577 0
1628 -1.700063572634839 3.13401542819633 0
1629 -1.077505464082435 1.310808282150885 0
1630 -2.219045660651429 1.496439584651459 0
1631 -2.305271619273164 3.111440401736493 0
1632 -1.578335708493859 1.089230192880744 0
1633 -1.595913231449126 1.123260646382163 0
1634 -1.558809109555794 1.052636094949342 0
1635 -0.8003997527026879 2.652757161994129 0
1636 -0.84313711812348 2.707348140933714 0
1637 -0.7022554991941892 0.4079705746852333 0
1638 -1.127063572474334 2.789755861266614 0
1639 -2.482255604682428 2.978088227927353 0
1640 1.556732651726252 2.547290772450637 0
1641 1.56609783112921 2.503346895830694 0
1642 0.1038633089701625 2.403007479913975 0
1643 -0.5663015366008776 0.4015805313754968 0
1644 -0.7047863396439135 3.091039003294988 0
1645 0.2354541383112763 2.453741007081393 0
1646 -0.3087084174310615 2.27102957679713 0
1647 -0.2814091849063339 2.338524647080945 0
1648 -0.2060841165068653 2.348748222173227 0
1649 -0.2539793931664802 2.40746349195697 0
1650 -2.40849565883434 2.542578811765984 0
1651 -2.358296427383458 2.499911587177516 0
1652 -0.780341044283529 1.852856642271084 0
1653 -1.751759114780227 2.320584424863121 0
1654 -1.680566812573723 2.343830211829522 0
1655 -1.474709749991618 0.4899053441855212 0
1656 -1.53718049193784 0.457543753507395 0
1657 -1.539912908835355 0.3853846291535383 0
1658 -1.600270856228317 0.4257966586920765 0
1659 -1.596679493730791 0.4969682912609654 0
1660 -1.659228971082107 0.4662747325872241 0
1661 -1.653800645320033 0.5356269177867947 0
1662 -1.716081225728521 0.5058802071304376 0
1663 -1.722612951787524 0.4361287714065005 0
1664 -1.710793741643812 0.5736986150011847 0
1665 -1.772025426014829 0.5447021899047966 0
1666 -1.767141481934798 0.6119766309844421 0
1667 -1.826948791713032 0.5825602150101556 0
1668 -1.823137370919108 0.6481737453586232 0
1669 -1.831808051241161 0.5150198263975001 0
1670 -1.605589237908963 0.3520636590634116 0
1671 -1.617298562101181 1.090993816387693 0
1672 -1.634878256374827 1.125022926114227 0
1673 -1.601298520378567 2.363620993345662 0
1674 -1.893202819142249 2.311597502180381 0
1675 -1.90142751052008 2.273123916088693 0
1676 -1.87242832373627 2.246947855770556 0
1677 -1.909519514314467 2.234842444809682 0
1678 -0.8835482876146654 1.76519594627661 0
1679 -0.8590705897218257 1.736464798530958 0
1680 -1.864695469514591 1.26471147445422 0
1681 -1.832589056670508 1.242539311525448 0
1682 -1.83571094768606 1.203690625199021 0
1683 -1.800481539514792 1.220414798456111 0
1684 -0.9315885291319327 2.910707222239087 0
1685 -1.224986453739119 2.816185493823478 0
1686 1.598614535774331 2.531987563052451 0
1687 1.606407009949959 2.488760586231797 0
1688 1.574929206681901 2.461114927949557 0
1689 1.614479385395106 2.44729688999167 0
1690 1.646054985691489 2.474133222229121 0
1691 1.653620428420581 2.433357338590334 0
1692 1.68497124039701 2.459840314769422 0
1693 1.691628641722768 2.419911885466406 0
1694 1.723531181068274 2.445518251134061 0
1695 1.730085528346978 2.405981827802629 0
1696 1.762026639110354 2.43146221325159 0
1697 1.769140868973774 2.391482672244297 0
1698 1.583845870454492 2.420831699689187 0
1699 1.800531505436266 2.417457549262704 0
1700 1.807247286489948 2.37722789913598 0
1701 1.773176360140355 2.353105196148394 0
1702 1.811691645738588 2.338750250985816 0
1703 1.660272799930262 2.394685109596269 0
1704 1.845434283438582 2.362150785329493 0
1705 1.850571297077247 2.323471283615957 0
1706 1.81705757135268 2.30131901381397 0
1707 1.856123335026131 2.28524725365291 0
1708 1.887252683303466 2.309207073832641 0
1709 1.892935896428402 2.270631518450654 0
1710 1.862361584667133 2.246382111073598 0
1711 1.898701347770722 2.231968662792121 0
1712 1.718416465220379 2.485987546490926 0
1713 -0.3285456611605615 2.396421135616519 0
1714 -1.119183152539858 1.025363601840478 0
1715 1.480543957218477 0.3533606239609042 0
1716 1.541794905800932 0.3948676301034635 0
1717 1.5367284618257 0.463052483146231 0
1718 1.604035867471462 0.4334330941454425 0
1719 1.608813494304842 0.3624935335000328 0
1720 1.669448365838269 0.4050787076482596 0
1721 1.663392668102009 0.4769912594563677 0
1722 1.727612730500174 0.4482940911289326 0
1723 1.723199389455424 0.5164916355952278 0
1724 1.734996046190015 0.368629051553359 0
1725 1.784228613136216 0.4907937252539567 0
1726 1.778187745000656 0.5588680343375423 0
1727 -0.8217369372270582 1.742548727074102 0
1728 -0.8352303480984125 1.705854070663679 0
1729 -0.8784058218253366 1.700381162304117 0
1730 -0.8497236613685772 1.669308590503958 0
1731 -0.8874691169031449 1.662453098647882 0
1732 -0.8626516100400223 1.632506565843626 0
1733 -0.8996708318575388 1.625384859904553 0
1734 -2.106219783483157 1.900539117849413 0
1735 -0.9380874011960971 3.126331735258175 0
1736 1.708384113263998 0.5862996471590236 0
1737 1.772326744808288 0.6257444220750819 0
1738 1.832156073949784 0.5985340382106563 0
1739 1.826662547020401 0.6632007707790188 0
1740 -1.351023194692277 0.337844168733473 0
1741 -1.16324050655856 0.8725607862515208 0
1742 2.472583501743311 3.062328475947016 0
1743 1.168254087528265 0.8758044936056144 0
1744 1.213268296485804 0.9025528124896471 0
1745 1.169359592849472 0.9276974356337755 0
1746 1.211496920476472 0.953159611425376 0
1747 1.169548355840076 0.9769304771346927 0
1748 1.210406043911912 1.001185840525779 0
1749 1.170211920093477 1.023916325779382 0
1750 1.251498608907052 0.9787174842699684 0
1751 1.209846335167893 1.046656225512891 0
1752 1.170708230815576 1.068643444436276 0
1753 1.20817003086281 1.09041582404025 0
1754 1.170499182519149 1.111207488890136 0
1755 1.133495478090946 1.090380615069523 0
1756 1.133520631813603 1.13239718496844 0
1757 1.096874965460753 1.11175654697885 0
1758 1.096696772499112 1.154009607413901 0
1759 1.060246949618672 1.133032234932104 0
1760 1.060488595479603 1.17511808982335 0
1761 1.023591341255088 1.154259349453046 0
1762 1.023373798891223 1.196862327481165 0
1763 0.9868085851781101 1.175801751724169 0
1764 0.986044074380787 1.218959319833578 0
1765 0.9506411608102685 1.197215716883172 0
1766 0.9495423539526419 1.24058862601149 0
1767 0.9158337312044111 1.21642870936404 0
1768 0.9133541161259127 1.262134486627792 0
1769 0.9493620524405447 1.283631435357354 0
1770 0.913215842635606 1.305387195716478 0
1771 0.8761685197645712 1.283522653083598 0
1772 0.8760357645540656 1.328366995574961 0
1773 0.8380031353172935 1.30593495080255 0
1774 0.8385033479673569 1.352235033186865 0
1775 0.7992523282639119 1.330324582539768 0
1776 0.8005930526391267 1.375325855217337 0
1777 0.8392307300634629 1.39752563024967 0
1778 0.802162871006511 1.42052586596768 0
1779 0.7624125824533829 1.399047935313839 0
1780 0.7649349483099734 1.44413376524069 0
1781 0.8041732598961616 1.464690527846158 0
1782 0.7676667175586712 1.48851394455345 0
1783 0.8064616647014807 1.508151164208099 0
1784 0.770412899129876 1.53257689994203 0
1785 0.7320071608364823 1.512837753479845 0
1786 0.7346312517236357 1.556913152101898 0
1787 0.7735682683164 1.576326360650752 0
1788 0.7375506017603849 1.601452140875538 0
1789 0.6977101918423255 1.580867885249955 0
1790 0.7009723895602513 1.627413155363299 0
1791 0.6592548167127971 1.607625907798374 0
1792 0.6633302316032026 1.654471813984039 0
1793 0.7129701247896659 1.673856402469446 0
1794 0.6695623288866408 1.700924280028274 0
1795 0.7104615206117958 1.719975620194376 0
1796 0.6732697917888137 1.746911055942376 0
1797 0.7227224364370471 1.768225279120559 0
1798 0.679005830056904 1.79299185629851 0
1799 0.722835680917957 1.815533541203473 0
1800 0.6350684738906887 1.774041609332549 0
1801 0.6198980701210812 1.635949803123623 0
1802 0.683123479668117 1.838836246789017 0
1803 0.7256312004084151 1.858818651421422 0
1804 0.7492669232975329 1.738064722605675 0
1805 0.6876283435236367 1.884555723932116 0
1806 0.7302310125258109 1.903264463242515 0
1807 0.7663958334294044 1.877929088966907 0
1808 0.7694462308204758 1.91928405906343 0
1809 0.8042407414089738 1.895005581959418 0
1810 0.808026842743923 1.935645251118832 0
1811 0.7752334056733385 1.961020700119356 0
1812 0.8131628043931509 1.977448713862349 0
1813 0.9498020084065295 1.325334628806741 0
1814 1.206187542434537 1.132496043263241 0
1815 1.242869453502258 1.112664917535003 0
1816 0.6156209249162949 1.584990982149897 0
1817 0.5740007174498127 1.615634199512095 0
1818 1.096698890642216 1.195621425968102 0
1819 0.840773892040491 1.910941523084248 0
1820 0.837377102685487 1.871589872979369 0
1821 0.7800698653718767 2.003057808432459 0
1822 0.8188338347697154 2.019974803001771 0
1823 0.7855904630269952 2.043637656000836 0
1824 0.8249778405875553 2.060089160848821 0
1825 0.8579573365069306 2.03635702097384 0
1826 0.8638349601390685 2.075489527434793 0
1827 0.8955957518449533 2.052616936150236 0
1828 0.9007720049872474 2.09202304086603 0
1829 0.7397983988464225 2.026438570647437 0
1830 0.9845830556146704 1.304669925222957 0
1831 1.240561113446659 1.152978607681721 0
1832 1.27506245713445 1.134634561831138 0
1833 0.9845955793688896 1.344922798870933 0
1834 1.018614256190911 1.325172085450125 0
1835 0.8419367903450616 1.485017417249133 0
1836 0.932560140948647 2.066556936437737 0
1837 0.9373593946144608 2.107131958818852 0
1838 0.9273249668751095 2.029367058102116 0
1839 0.7237997463677264 1.423644420373639 0
1840 0.8440770984426555 1.526430965318158 0
1841 0.8780554917298964 1.504151285124914 0
1842 0.880199561310735 1.543509022407694 0
1843 1.022558829873677 1.111913395804614 0
1844 0.7983959752051356 1.283179470119333 0
1845 0.9064733650172219 2.130883723457979 0
1846 0.7210362030416733 1.377229939202235 0
1847 0.6806890751704047 1.402460851806514 0
1848 0.5696830099942776 1.563206995005873 0
1849 0.5259071674413209 1.592751318778916 0
1850 0.5309998520769907 1.647174789975386 0
1851 0.4810001584037075 1.623655187786706 0
1852 0.487384079252349 1.678781955163625 0
1853 0.8731841596805078 1.887619640794401 0
1854 0.8695537197838905 1.848753398770926 0
1855 0.6781432919958426 1.35333164979162 0
1856 0.9688205670597224 2.081300490880103 0
1857 0.9736471680018139 2.121625461362832 0
1858 0.9131531566573421 1.522122998832664 0
1859 0.6442658042802635 1.864595423471821 0
1860 0.6501808127349157 1.914147822071436 0
1861 0.6042424102798589 1.892142047210409 0
1862 0.9511708488142225 1.151962295003536 0
1863 1.096362558893759 1.069157574616016 0
1864 0.9115184863837792 1.48309509639001 0
1865 0.9152358072889064 1.561065783223782 0
1866 0.8826565009230096 1.582449436967671 0
1867 0.6355011415077177 1.379803749637428 0
1868 1.273768980663841 1.17370417934101 0
1869 1.308159502773186 1.155343575651008 0
1870 1.309592666558929 1.116484588649182 0
1871 1.342601431549578 1.137098735156177 0
1872 1.344079610739021 1.09827418415042 0
1873 1.377086435691247 1.118848033707114 0
1874 1.378658930978395 1.080127061033915 0
1875 1.411698978696729 1.100553376768493 0
1876 1.413209420579536 1.061579323106911 0
1877 1.446532696876361 1.082085286405755 0
1878 1.44776371301678 1.042700734205425 0
1879 1.481421406878287 1.063557910785619 0
1880 1.411941556539597 1.022802637411826 0
1881 1.479904185474051 1.1028522612064 0
1882 1.514683351969305 1.084661345494371 0
1883 1.239439332620656 1.192281662083355 0
1884 1.513118865486127 1.123707529713627 0
1885 1.547764406355221 1.105652724076393 0
1886 1.549408970338861 1.066468839692106 0
1887 1.582451952676015 1.087678347493779 0
1888 1.580662225638103 1.126644097970811 0
1889 1.61533226279057 1.108859885966256 0
1890 1.613452679651217 1.147766454350781 0
1891 1.64812145591468 1.130003365147203 0
1892 0.7912715353286837 2.087294205159826 0
1893 0.6101186109990314 1.943289792225846 0
1894 0.5628120481176848 1.921995831890331 0
1895 0.5575162932374353 1.869569235216611 0
1896 1.018677158525789 1.364383113107182 0
1897 1.052465550461246 1.344813405153269 0
1898 0.5140902451741527 1.900613400257983 0
1899 1.040612995111397 0.3673823036141948 0
1900 0.9728979379843694 0.4047343222190778 0
1901 0.9721737445452228 0.4818558833983053 0
1902 0.9057199242040639 0.4422884312750344 0
1903 0.9048415226351262 0.5218455845864041 0
1904 0.8387407738807139 0.4803856911631743 0
1905 0.8376935168672783 0.5576979880844068 0
1906 0.7704407762298344 0.5196922736905967 0
1907 0.7706871248885501 0.4343338438110527 0
1908 0.7022100629640931 0.4779126579138993 0
1909 0.7033776161537385 0.5587812268678307 0
1910 0.6336381318916506 0.5193202963357377 0
1911 0.6319679059007952 0.4366268060352418 0
1912 0.5602690509189221 0.4797575475475615 0
1913 0.6351794863371827 0.5991659993167633 0
1914 0.55962705366043 0.3958959632844172 0
1915 0.4822357152414285 0.4397880521602069 0
1916 -0.1913280037358943 1.919986699733435 0
1917 -0.917147142482678 1.393679506708464 0
1918 -0.9576657904978736 1.390279366134424 0
1919 -0.9387741046820457 1.427197682889049 0
1920 -0.9791244646621068 1.423588736383909 0
1921 -0.9606377736209912 1.459759889796364 0
1922 -1.418855970545782 1.147320590709094 0
1923 -0.1436461560332171 2.161512312029028 0
1924 -2.416029885246487 2.477986441430771 0
1925 -2.370889823017637 2.436396299727868 0
1926 1.125646813532408 2.512457773716926 0
1927 1.113955590259865 2.562215927010357 0
1928 1.15101822639774 2.597480510354623 0
1929 1.410280985762074 1.139388011389436 0
1930 0.5801157663176315 2.562179000817363 0
1931 0.6280227386910215 2.613058442201011 0
1932 -1.656231891725641 1.093360335112815 0
1933 -1.672872649433616 1.12733959849304 0
1934 -1.576972259473672 1.157253942259054 0
1935 -1.996330447062151 2.489477158522226 0
1936 -0.7769629715582087 0.5323180679031385 0
1937 1.976525634866817 2.512154501221977 0
1938 -0.1139070867342093 2.230413193935407 0
1939 -1.880690823988579 0.6201014126877269 0
1940 -1.874982885086848 0.6846049117225981 0
1941 1.280310444516263 2.552309483721024 0
1942 -0.7760864067662048 0.60830183568098 0
1943 -0.9002939739367128 1.831729313139172 0
1944 1.884824457656975 0.636793144759245 0
1945 1.87698905736862 0.7000603623234531 0
1946 0.9461110457075261 1.501144420902102 0
1947 1.991620378414168 1.411266233342992 0
1948 -0.3020556885779604 2.465664629327833 0
1949 -1.803608643998162 1.181544010489968 0
1950 0.4355452400981407 0.8170066082224692 0
1951 1.470724653546946 0.665485418932495 0
1952 0.905824586291474 0.3639679768575985 0
1953 0.4759722079999571 1.567929067715839 0
1954 0.4285571059716506 1.600237626481034 0
1955 -1.811507821288292 2.96266533517273 0
1956 0.77882964366772 1.616700645660358 0
1957 -0.3753950836041803 2.453083886070297 0
1958 -2.442253491531376 2.653276398585142 0
1959 0.9175171505886908 1.599967017815042 0
1960 0.8849165620739009 1.621383461758178 0
1961 1.101274618329442 2.611758828834751 0
1962 1.06316140874964 2.574722778710529 0
1963 -1.414473516226933 2.866238419369951 0
1964 0.5324280158961883 2.510934008974988 0
1965 -1.989691975891755 1.400165188674912 0
1966 -0.1774422460131243 2.420408962778907 0
1967 -1.931003117908452 2.299338580644487 0
1968 1.483208470842096 1.024762396957058 0
1969 -1.896732377056647 1.286980845615839 0
1970 0.7021553216153188 0.637863136097589 0
1971 1.050540650911452 2.626710223287789 0
1972 1.011737236003687 2.588941420887519 0
1973 0.6359618991281326 0.6807285432792312 0
1974 1.004459910717483 2.097660087306137 0
1975 1.008426114018532 2.136745700915239 0
1976 0.9786638458321115 2.160582374247409 0
1977 0.6334893056201787 1.328148829916561 0
1978 -1.877098407535267 2.389526163127275 0
1979 0.5663423547350567 0.6505249062205938 0
1980 -1.89574954149939 3.14966388707874 0
1981 1.185157583757446 2.461626045273799 0
1982 -1.474512627497798 3.089280853991555 0
1983 -1.354437178798176 2.367650757089394 0
1984 -1.32684965259676 2.339691090236444 0
1985 -0.3176331452285258 1.788314932424889 0
1986 -0.2792185804165439 1.73477481809673 0
1987 -0.3437657112867643 1.728090686451961 0
1988 -0.3088182026173875 1.675894085273238 0
1989 -0.2386464015469056 1.679805537095018 0
1990 -0.3706319722820763 1.669244237666074 0
1991 -0.3367738565479836 1.61767548552247 0
1992 -0.3974640260197991 1.611666372735155 0
1993 -0.3634203133348142 1.560091016248953 0
1994 -0.4236450832543997 1.554430369753367 0
1995 -2.098273189181207 1.938907238589906 0
1996 -2.368532443619014 3.169500999624257 0
1997 -2.453131444781446 3.144172357476456 0
1998 1.64621090245998 1.168934108456974 0
1999 1.680892458084628 1.151151979892263 0
2000 2.489364750901564 2.977255932196487 0
2001 -1.768378354332077 1.19827261597591 0
2002 -2.203139304180717 1.391331807673382 0
2003 2.075367203865974 1.056910747753881 0
2004 -2.045058633259149 1.488352877815362 0
2005 -0.7964854115234143 1.712006648488148 0
2006 0.509087574255804 1.846805606456458 0
2007 0.4636051409758953 1.878505496655759 0
2008 -1.652944385883185 1.15812736993827 0
2009 1.864819219466465 1.275220653734485 0
2010 1.832663161002313 1.253143705639195 0
2011 1.835796385160211 1.214126989607465 0
2012 1.800606680570415 1.230931947547505 0
2013 1.898908422659285 1.300214989695029 0
2014 1.793766904277177 2.459013759167918 0
2015 1.833955879193268 2.444273922018249 0
2016 -1.159515272637766 3.158491604675375 0
2017 -1.880501563525774 2.208779484263159 0
2018 -1.917576828859235 2.196664795102988 0
2019 -2.426521437465829 2.414707381348973 0
2020 -2.381314014807147 2.376347204356741 0
2021 -2.325244041537417 2.395789941850874 0
2022 -2.335856209981256 2.337424670687481 0
2023 -2.391350551508828 2.317871325905087 0
2024 -2.346978676570111 2.280163539070795 0
2025 -2.400244734463912 2.260568624331065 0
2026 -2.356663448145569 2.224706683301898 0
2027 -0.1726997412740425 1.801902941447066 0
2028 1.80473721022802 1.192113256424543 0
2029 -1.958401876606557 1.375691366875225 0
2030 0.4646032935338571 2.527049186956901 0
2031 0.920587557805969 1.640033729197174 0
2032 0.8871423956750355 1.660321157183645 0
2033 1.272649652411332 1.212714830706267 0
2034 0.04453573324129621 1.612369238674339 0
2035 0.6333444017201479 0.3511539012044005 0
2036 0.9050224889306164 1.865051076042546 0
2037 0.9014525723730711 1.826208443278732 0
2038 0.8660536482748462 1.809839728010672 0
2039 0.8979188784558627 1.787361108757059 0
2040 0.9086911515009604 1.903879178576085 0
2041 0.8625146973757279 1.771004370751708 0
2042 1.110183081565475 0.3298509178607569 0
2043 -0.3875053460275711 1.501837730812634 0
2044 -0.4466024037856271 1.496655980193668 0
2045 0.9501001561666964 1.367911503962144 0
2046 -0.2977033687356512 1.565097011286878 0
2047 -1.364608734251705 2.329850793990127 0
2048 -1.868057681583098 2.431111589757819 0
2049 -2.127741911088875 1.189079304581547 0
2050 -2.135780727161759 1.14239023442978 0
2051 -2.096049809828845 1.113351736605452 0
2052 0.9235628896915903 1.682863596165608 0
2053 0.7027685939921056 3.160058575252687 0
2054 0.7764587729646293 3.132758079062264 0
2055 -2.03886412125143 1.527124436579511 0
2056 -1.771447464602467 1.159376050298899 0
2057 1.54499127203131 2.433656055840782 0
2058 1.553659156323455 2.394651713647649 0
2059 2.249142653803667 2.726807777274459 0
2060 2.261229326658665 2.660963450421899 0
2061 2.312179118794704 2.704155998234364 0
2062 2.324137944378631 2.637062635959925 0
2063 2.376021518502844 2.681115745935189 0
2064 2.386711821671983 2.613870805590069 0
2065 2.335579887769 2.570879618987068 0
2066 2.396969011304551 2.547506437251857 0
2067 2.346572332653546 2.506544490355417 0
2068 2.406319851234644 2.483582706986379 0
2069 2.356634075755462 2.443062107908446 0
2070 2.44046052921778 2.657572703094986 0
2071 2.415669673148134 2.420864022363895 0
2072 2.368358618430519 2.381209955434161 0
2073 2.300318936303217 2.463091395307787 0
2074 -1.502707772771445 3.158308475184373 0
2075 -1.416908320630045 0.3020042302131973 0
2076 -0.7254579967166569 1.249616960395046 0
2077 -0.7036175138182196 1.296011891448508 0
2078 -0.6754393590421531 1.253496320373595 0
2079 -0.6522173528909707 1.30060627173331 0
2080 -0.876178738738112 1.59775867419317 0
2081 -0.9129622844744898 1.589024139255809 0
2082 2.454253086725531 3.14832925460275 0
2083 1.678979208945642 1.190083450613023 0
2084 -0.9250332961896083 1.655782388876255 0
2085 0.2303300644014589 1.009061007010696 0
2086 -2.292395724882558 1.692945743298082 0
2087 0.3493667954637095 3.137268180882582 0
2088 0.2560192859545581 3.160082579560298 0
2089 0.4577692263323405 1.823336873808461 0
2090 1.238381681942829 1.231315649575442 0
2091 2.425099504794421 2.360055940971194 0
2092 2.377488769540028 2.322530588865822 0
2093 2.323306828539208 2.342553259885532 0
2094 2.331891507593953 2.285865733683353 0
2095 2.385466852941917 2.265716225939189 0
2096 2.341505941395693 2.230037718044214 0
2097 2.392863696755206 2.209909298139068 0
2098 2.349269384413593 2.175375951793581 0
2099 2.400313746806646 2.155471732875236 0
2100 2.358229575891795 2.121427990832896 0
2101 1.052465399039717 1.305836914554587 0
2102 1.086243664351465 1.325325125231758 0
2103 2.080823211932819 1.006553652058808 0
2104 2.038066063837342 0.9765771359075192 0
2105 -0.7665153685582828 1.891902971543064 0
2106 -0.7394942209374282 1.860127949742833 0
2107 1.590904043582093 2.576611689295314 0
2108 -1.819537965078962 0.711702188133521 0
2109 -1.870236259894244 0.7465140681629006 0
2110 -1.925543717360776 0.7204445710325753 0
2111 -1.919642329021344 0.7804854227546345 0
2112 0.621730507621275 3.181888178486544 0
2113 2.046355969184129 2.857401583478169 0
2114 2.030593470589659 2.925232892182073 0
2115 1.978929566969509 2.879100811668168 0
2116 1.962468800112391 2.946827611093924 0
2117 2.016626594115535 2.99463868731787 0
2118 1.945606148349357 3.016668902593957 0
2119 2.00231495230634 3.066649845265728 0
2120 1.929507511829355 3.088858689249639 0
2121 1.874194477367699 3.037815417737137 0
2122 1.857152179835711 3.110478449434167 0
2123 1.80220923737293 3.058874179430589 0
2124 1.784408444768473 3.130328605330208 0
2125 1.729719295662568 3.079793822611627 0
2126 1.71180388781495 3.15155267155239 0
2127 1.656910548119402 3.100852937502873 0
2128 1.818525404346294 2.987971972172289 0
2129 1.985499255338542 3.141808236240305 0
2130 1.635488470771911 3.178337398620514 0
2131 1.582953414088844 3.122949964587715 0
2132 1.559287189109831 3.199592080392081 0
2133 1.509716463877867 3.143869891666667 0
2134 1.528220671097244 3.070856571684722 0
2135 1.45549633854617 3.090488182121433 0
2136 1.437614840099729 3.163666793689995 0
2137 1.382682042593518 3.10990205867287 0
2138 1.364460339319828 3.18334405516508 0
2139 1.310598288353785 3.129402484199459 0
2140 1.680149390736634 3.029845714133802 0
2141 1.83750459514143 3.192209540945739 0
2142 1.471268490809841 3.026916680842988 0
2143 -2.252108033023804 1.522304631119622 0
2144 1.346946177642095 1.05798134066739 0
2145 1.821287511433633 0.7257771370929667 0
2146 1.87027498809909 0.7610584487601102 0
2147 1.925786368808265 0.7368112680482786 0
2148 1.918626725046446 0.7965200466436455 0
2149 -2.49983084831959 2.895344846460945 0
2150 0.2306824112340292 1.086514331941971 0
2151 0.1616251316757444 1.048246789567815 0
2152 0.6125709540009212 1.533591913313197 0
2153 0.5663290278077139 1.511161735432529 0
2154 -2.210782402537821 1.347946556834043 0
2155 2.457897054916316 2.518964133784046 0
2156 -1.497374848939649 1.157708926427534 0
2157 -1.704517120349838 0.6479960993201122 0
2158 0.9980104492402316 2.641260832164212 0
2159 0.9588178334844785 2.603564648012942 0
2160 0.9446881586931647 2.658214692158012 0
2161 0.9030902283146951 2.618473542551489 0
2162 2.299916648705565 2.195297745510052 0
2163 0.486704840043964 0.335797082347072 0
2164 0.4036123378373471 0.3919389333677217 0
2165 0.4048895986475073 0.4871241372565489 0
2166 0.3232404574927726 0.4428389257917495 0
2167 -2.299964376277421 2.518759820804819 0
2168 1.97342913975149 0.7733688533576042 0
2169 -1.307476985404844 3.19028253801365 0
2170 -1.289028354022496 2.349367825877885 0
2171 -1.299507310108393 2.311792614888436 0
2172 -0.3534040081430365 2.127585377639321 0
2173 -2.300383590575921 1.649310319168585 0
2174 1.892532720781172 0.5713398623433883 0
2175 1.329149800719861 3.057065579351951 0
2176 1.257331109192076 3.075582782426395 0
2177 1.237254919538703 3.1486438231334 0
2178 1.183852245131638 3.093541934813567 0
2179 1.162794556955896 3.167408238315953 0
2180 0.676687279494951 1.303526089329426 0
2181 -1.861477732253492 1.303604854405356 0
2182 1.612536986158878 1.185199215020236 0
2183 1.650003473827312 1.091395198226336 0
2184 1.960204225057671 1.388174491638685 0
2185 0.3205490752985063 0.3473140617546104 0
2186 0.2389377032237757 0.3982903698855991 0
2187 1.341186791535212 1.176058999468819 0
2188 -1.074100326043519 1.024062741229106 0
2189 -2.175791519914355 1.320522442150049 0
2190 -2.21781645569669 1.302528821861115 0
2191 -0.6228092746681447 3.075148069821342 0
2192 -1.843437407871831 2.220872352490623 0
2193 1.417475600793663 0.3119549000968891 0
2194 -2.562099608398646 2.950912666526122 0
2195 1.108639339984717 0.5533505772077985 0
2196 -0.7828621742422288 1.749227541441829 0
2197 1.002785281154573 2.051596832188155 0
2198 1.862355209129807 1.315435072354673 0
2199 -1.975051894062463 0.7552872180676555 0
2200 -1.96887866684575 0.8148823613922289 0
2201 2.256288160642011 1.529870690463247 0
2202 2.261254974887861 1.486398116852747 0
2203 -1.039981911197751 0.5770394691303748 0
2204 -0.7500483176370479 1.205410324511537 0
2205 -0.7976049701336951 1.202643367176992 0
2206 0.6464356415597515 2.546676032952547 0
2207 0.6911272952189377 2.594824275983555 0
2208 -0.9955653384871593 1.388538430370621 0
2209 1.524152952737892 0.6402023125746683 0
2210 1.572808999807123 0.674499947845439 0
2211 -2.409154907956326 2.204848296655948 0
2212 -2.3663294529079 2.169688722392702 0
2213 -0.6498189522530062 3.156201863258594 0
2214 -0.5631462068154406 3.139156290956007 0
2215 -0.731271542162409 3.168128673463508 0
2216 1.964953945984974 0.8289315337846146 0
2217 0.1893765943503417 3.089164458017059 0
2218 0.1613519888727179 3.182251764208677 0
2219 1.86813991871694 2.207748793991285 0
2220 1.904410422122054 2.193365342854282 0
2221 1.831912815306862 2.222107579410445 0
2222 1.934989719466718 2.217569432089733 0
2223 1.940672328991562 2.178983372001394 0
2224 2.373839834765263 3.176927462061449 0
2225 2.280143491871891 2.305870824836949 0
2226 0.09471540181003035 3.110809965465265 0
2227 -0.6790839381221578 2.806507339303431 0
2228 1.584721336247881 1.048164661262042 0
2229 -2.470683831141601 2.511913313463388 0
2230 -2.069165318535917 1.912878493564623 0
2231 -2.061208979719148 1.951130766039201 0
2232 -1.946567152032412 2.222590828635126 0
2233 -1.954643002412965 2.184525244488864 0
2234 -1.925620722272213 2.158496878821246 0
2235 -1.962690203234729 2.146378291548455 0
2236 -1.995227170675719 2.172904435385513 0
2237 -1.933662356034093 2.120336183904397 0
2238 -1.970732247938038 2.108218962599937 0
2239 1.955903525920228 1.426930517695207 0
2240 1.987267390339341 1.450022838402945 0
2241 1.923686394755751 2.294932298941303 0
2242 -0.9808115156299667 0.4685794250263595 0
2243 -0.977702345031192 0.3969795071335824 0
2244 -1.046950654564506 0.3591529560377238 0
2245 -0.9786571478242571 0.3183559584301889 0
2246 -1.11656613747607 1.310196545000093 0
2247 -1.135211580935575 1.276017323084172 0
2248 0.4853394314082544 2.460179429022099 0
2249 1.205132716125922 1.210948507404131 0
2250 1.204104973435858 1.249934784448956 0
2251 -1.097959886585553 1.344551534121616 0
2252 -2.418424438906568 2.149775140719449 0
2253 -2.375607743442528 2.115700851924885 0
2254 -2.32555490668142 2.134575589371282 0
2255 -2.334642359767687 2.082346565390619 0
2256 -2.382831593508478 2.063158699876786 0
2257 -2.336742854518267 2.026549051098484 0
2258 -2.389465279914516 2.011612949738887 0
2259 -2.350505350818596 1.979097675591875 0
2260 0.5397270616576454 0.9852944096053048 0
2261 2.541242165292733 3.121040384605125 0
2262 -1.752711556488291 3.18965288813421 0
2263 -1.677245556643457 3.209684085441406 0
2264 -0.4831488919267247 1.547583678569166 0
2265 -0.5076829830476982 1.492775180643657 0
2266 -0.4719841128472951 1.442777216151592 0
2267 -0.5410113164918181 1.439456779404373 0
2268 -0.5018039564010317 1.393386843561065 0
2269 1.042361364925532 2.112497956203423 0
2270 1.918729547220361 2.333332321456527 0
2271 -0.4010238169481525 2.384995414129446 0
2272 -1.458753221207167 2.907129104906848 0
2273 -1.517805063271433 2.889241940521254 0
2274 -1.097593843563972 0.9848037747659276 0
2275 -1.142825744500104 0.9910232234590022 0
2276 -2.284690888612151 3.195432111202558 0
2277 -2.304015995038535 2.243721914057391 0
2278 -0.9999838164213073 1.455924495908658 0
2279 -0.9829176670134274 1.491679984524692 0
2280 -0.9452328042551622 1.493866927521634 0
2281 -1.95363911993141 1.415034660663471 0
2282 2.061349455370909 3.11777280545638 0
2283 2.044248846160599 3.196581990278691 0
2284 1.910095867538397 2.154775612970439 0
2285 1.94635068632119 2.140397535274621 0
2286 1.91577312946216 2.116189749554529 0
2287 1.952026618806129 2.10181232383085 0
2288 -1.593285204550187 0.5655952050367115 0
2289 1.714731963889752 0.6537694845595683 0
2290 -0.773813309066562 1.160697161178127 0
2291 -0.8219397746213684 1.156804316423492 0
2292 1.502001211107639 2.863522365636767 0
2293 -1.765250438679047 1.237146641893309 0
2294 -1.049656480483357 0.2794756428580865 0
2295 -1.299531420697753 2.992928935255234 0
2296 -1.733438284630533 1.215612316826694 0
2297 -0.3493184484694496 2.521189437545922 0
2298 -0.4225035406468906 2.51009707488209 0
2299 -0.2737064647505214 2.535128786716887 0
2300 1.013507500668493 2.175533955515602 0
2301 0.8306083202743136 1.793573182510605 0
2302 -1.806953475831123 1.142606580989472 0
2303 0.5684548639401895 1.973731310935968 0
2304 0.6166037691091404 1.994231924340402 0
2305 -1.694494077949392 1.096056009661455 0
2306 -0.8445849883307638 1.607060752349923 0
2307 0.5822305885656133 1.357354135204696 0
2308 0.4103992621039025 1.855605657434156 0
2309 0.4042982079930185 1.797198527603055 0
2310 1.83913889092597 1.175247615658642 0
2311 2.437633681269458 2.2444237198589 0
2312 -0.06306631625221785 2.172185240604221 0
2313 -0.09811815344528478 2.096587896074179 0
2314 -0.04226006630934914 2.255008728951285 0
2315 1.516024177889971 2.406712112450762 0
2316 1.524321793441248 2.368399565837897 0
2317 1.561605083186129 2.356283612054011 0
2318 1.533313495051415 2.330399136528165 0
2319 1.491848122561594 2.336966091420487 0
2320 0.9012909393733419 0.599678967026726 0
2321 0.9404566463286443 1.881326174540645 0
2322 0.9440893563087982 1.920157499566807 0
2323 2.427530519414042 2.728047493793548 0
2324 2.496325953371759 2.702984592501253 0
2325 1.56931258104132 2.318044938220253 0
2326 1.486323140863873 0.2764387484115094 0
2327 0.943682127240846 1.463845519761996 0
2328 0.9785147228943651 1.479912289034025 0
2329 2.482184492297865 2.778018810705735 0
2330 1.971302529630847 2.203137639965808 0
2331 -1.331783539654959 0.5540387835579283 0
2332 -1.910902451242482 2.41892818188834 0
2333 -1.902102301742475 2.462454487450256 0
2334 -1.857285226602764 2.474626477305741 0
2335 0.9314651435957275 1.803880285690159 0
2336 0.06616582170857535 3.203988904450413 0
2337 -0.0002941091162778096 3.132585733125023 0
2338 -2.040479040268998 2.846645013869806 0
2339 -1.974273379385499 2.866414335522338 0
2340 -0.621681644299149 1.258309889647645 0
2341 -1.815240087135443 0.7716555088995716 0
2342 -1.08199432380152 2.953462655988937 0
2343 1.052529722217313 1.383841507270233 0
2344 2.125637787985974 3.171151606294254 0
2345 2.105835704594101 3.253880272613724 0
2346 2.407878740506078 2.101802853875725 0
2347 2.365515823755646 2.069302057011502 0
2348 2.316809044473835 2.089080520615017 0
2349 2.32419033495838 2.038472723382693 0
2350 2.371785589530655 2.01850340247854 0
2351 2.331944487420997 1.988154960915263 0
2352 2.378255981836301 1.968567502211612 0
2353 2.338773251568639 1.938504786867418 0
2354 1.981479104045556 0.7139268028361856 0
2355 -0.8823322134321068 1.566557234967148 0
2356 2.212440686391273 2.623473352743665 0
2357 -1.915399000355178 0.838970353497601 0
2358 -1.963341364108059 0.8727044332222822 0
2359 -2.015421870185675 0.84872058481796 0
2360 -2.009922628317843 0.9056111946760463 0
2361 0.1623878099478485 1.127715790294326 0
2362 0.09167840735492237 1.088421361738826 0
2363 0.09542521844648244 1.173102109564294 0
2364 -2.259609755437388 1.479550256137872 0
2365 1.546464225023001 2.902296909251096 0
2366 1.695641683663935 3.225205281533716 0
2367 0.973665608546286 2.550724280546151 0
2368 1.633921204527759 2.561217890288471 0
2369 -1.453866296353809 3.217944439476964 0
2370 -2.366742737406444 2.741621589537867 0
2371 -0.9077466963556592 0.3584734329499637 0
2372 -1.852141501752532 2.184730655009129 0
2373 1.108561580039341 3.111344111926331 0
2374 1.086916013607967 3.187006977076109 0
2375 1.031368306730257 3.129558945257198 0
2376 1.011204350316859 3.205194842845889 0
2377 -1.942250448634395 2.083847888600723 0
2378 -1.979313667888213 2.071710366334083 0
2379 1.13042702687316 0.952868787473954 0
2380 0.9537648881173093 1.618736894449094 0
2381 -1.730751567836585 1.252987306689425 0
2382 -2.397900780744589 1.961564124969628 0
2383 -2.359281147327502 1.928650912778811 0
2384 1.044371206742384 0.2875807002297162 0
2385 1.271628409685208 1.251700581713303 0
2386 -1.698378465566596 1.232294629992042 0
2387 2.023172719611124 0.8108238743591727 0
2388 1.578924390361568 0.6143975703912761 0
2389 0.9123270612857453 1.942707519338163 0
2390 0.02436989128148409 2.419901462571272 0
2391 -0.8426732768703192 0.5726326095590157 0
2392 -2.43350358192471 3.228046613508321 0
2393 -2.52102971023686 3.199626603150074 0
2394 -0.8398632303669111 0.6464305696738255 0
2395 -0.7769353055172068 0.6817041959297536 0
2396 0.4181037782959901 2.474767841864144 0
2397 0.3985710608815821 2.541936696435602 0
2398 0.4384400312642847 2.408330826803337 0
2399 1.46804388513477 0.6085288970206968 0
2400 0.7101999904427958 2.532769177887372 0
2401 0.7494145256355991 2.587909788946493 0
2402 -0.4328056672488088 1.663582003525817 0
2403 0.9793971929177762 1.516762020257915 0
2404 0.7026464006608628 0.7130789033010094 0
2405 0.6389660067363206 0.751185840239168 0
2406 -1.349615925843205 0.2552223886738547 0
2407 0.2358191239296186 0.3018307830689948 0
2408 0.1529579405564283 0.3531139751365435 0
2409 0.1500305094850971 0.2558045610485284 0
2410 0.06698072659851836 0.3071774603331097 0
2411 1.085153883223657 1.288212670450815 0
2412 1.119145215830479 1.30733794022245 0
2413 -2.141249514351799 1.093232517515387 0
2414 -2.100389699080158 1.064223014022009 0
2415 1.955989960388806 2.31951471724257 0
2416 -1.981450801410109 0.6939598732619989 0
2417 0.4237928098765263 1.5418581564082 0
2418 0.3737288241069881 1.575658280827767 0
2419 0.3809210996831157 1.633665695356417 0
2420 -0.96821158458746 1.523617438417455 0
2421 -0.9083139998683922 0.275676532886987 0
2422 0.6317035679865723 1.275369185991428 0
2423 0.6759384052845282 1.252387295216432 0
2424 -2.282014347059254 2.356931946145035 0
2425 1.713134305974158 1.171269237016657 0
2426 1.710502558654427 1.209018094488103 0
2427 1.715486999625906 1.133154421805314 0
2428 0.6733011153158976 2.663075182154858 0
2429 0.9294757041145372 1.764904004959898 0
2430 1.139022636651698 2.647645116717095 0
2431 1.189505980183452 2.632131832813442 0
2432 -2.442532886272248 2.296481880626198 0
2433 2.089414247488544 0.9539001073930384 0
2434 0.5369197334896837 1.701837045242615 0
2435 2.070554301933606 1.106346950164261 0
2436 2.115292638298489 1.086490937361492 0
2437 -1.259889930470302 2.320754071746937 0
2438 -1.271506886681316 2.284195368104292 0
2439 -1.306810945343288 2.275142601874256 0
2440 0.3054423398209447 1.245198963904204 0
2441 -2.171858486923459 2.577502849064801 0
2442 -1.76681094533753 0.7390700312363851 0
2443 -0.2603581796384071 0.7538325077380414 0
2444 -0.3370204346039143 0.7934437098958937 0
2445 -0.2661513570507197 0.8378056200480108 0
2446 -0.3395297583018079 0.8756934522047726 0
2447 -0.4077443915754724 0.8335964299816805 0
2448 -0.2702650573605686 0.9197732641695613 0
2449 1.826346780886599 2.486276330966567 0
2450 1.868047946499604 2.470599473353398 0
2451 -2.112671270800369 3.087888915982123 0
2452 -2.094943630108396 3.165846302463856 0
2453 0.7675179283537925 0.6741771599328747 0
2454 -1.224995754898202 2.608901050020393 0
2455 -1.638235003296534 1.065897256050096 0
2456 0.4701366870803661 1.934065164322035 0
2457 2.473580943790675 2.39831318673136 0
2458 -1.260008807646777 0.873376021179231 0
2459 -1.303584803861587 0.900877874994042 0
2460 -1.258712607709277 0.9242948445596435 0
2461 -1.302707754844825 0.9494239265216662 0
2462 -1.344516267168331 0.9274060164436233 0
2463 0.9838567450423144 2.199461461118367 0
2464 -2.008735437940403 1.502493477240004 0
2465 -2.002488766899694 1.540990387793441 0
2466 -2.032689898932493 1.56563207830319 0
2467 2.436673141401805 3.23760276554275 0
2468 2.270430441502418 2.360765262867593 0
2469 -2.27077752280814 2.413319501409916 0
2470 1.217591405548358 3.221386616889199 0
2471 -1.645610534125431 3.081451734564242 0
2472 -1.667419106910439 3.014455268190503 0
2473 1.964479307286052 1.349409295807942 0
2474 -2.061252799392538 0.882586265162951 0
2475 -2.058404412360769 0.9362319396663381 0
2476 -0.6944599772780971 1.410887289629132 0
2477 -0.6454889298417391 1.414161649233432 0
2478 1.928763428853561 1.365075949500846 0
2479 1.912711360987426 0.8537369113542581 0
2480 -0.7521134350832748 2.821422678589983 0
2481 2.194945151381021 3.229885525123688 0
2482 2.555521037320062 2.750707965115884 0
2483 -0.5990911527597035 1.304579845609061 0
2484 0.8877764701033778 2.673986145090786 0
2485 0.3237189416995764 3.230056646359241 0
2486 1.25841587780203 0.8781032250475449 0
2487 0.5747457248753843 2.025727107936059 0
2488 0.624123914095522 2.043273507577726 0
2489 -1.155564018658177 1.309271416177912 0
2490 -1.174204506857318 1.275237354722932 0
2491 0.7627075705040673 3.213179160739441 0
2492 1.961124993928265 0.8880313417154155 0
2493 0.9775260922495786 1.441350025574555 0
2494 1.013898958358298 1.462135720696594 0
2495 -2.031744560434296 1.924450653795043 0
2496 -2.023549427558314 1.961543354370935 0
2497 -2.04029802080283 1.887468862348352 0
2498 -2.182458936596287 1.123329963519629 0
2499 -1.893531067546392 1.325813385304045 0
2500 2.384779415748336 1.918979192024254 0
2501 2.345012321368018 1.889687577268998 0
2502 2.425571287389907 1.949469534456637 0
2503 2.300693220022427 1.908374110586342 0
2504 0.43224654286867 3.201988385523754 0
2505 -2.007892323397427 2.096377588887372 0
2506 -2.015948235749545 2.058261519758547 0
2507 -1.981926041220258 2.038297782832282 0
2508 0.9467339908437872 1.957600916557253 0
2509 1.41957435398637 3.239479018687563 0
2510 1.408013797171317 2.639890663298115 0
2511 -1.239449559048726 1.173926604607535 0
2512 -1.217799603231451 1.207541192410506 0
2513 -1.257652976182597 1.208372248464591 0
2514 -1.235674804023888 1.241719076626534 0
2515 0.3268344312841877 0.5358008897421591 0
2516 0.4076303736891749 0.5764057773933478 0
2517 1.112125465567856 1.271303080605565 0
2518 1.912995353611282 2.899521468240996 0
2519 -1.231932122744004 2.291867087568704 0
2520 -1.243987861098673 2.256206513242985 0
2521 -1.20715625100811 2.265757845359749 0
2522 1.114338858676257 0.2491558324044587 0
2523 -0.7564561047403379 1.71838721328459 0
2524 -0.02889012366037589 3.225773441400328 0
2525 -0.09028503153267511 3.155965079564841 0
2526 -2.29449710581005 1.506901852847135 0
2527 -2.285937480169579 1.550640030375867 0
2528 -1.499997202507514 2.963006382945492 0
2529 0.9435684781308188 2.313072560305538 0
2530 -0.5921810157529894 3.224711014802552 0
2531 -0.5020862543370781 3.207146955137978 0
2532 -0.8175820523437942 1.517218660978301 0
2533 1.478316450834713 1.141917176706446 0
2534 1.511602915932496 1.162677660370827 0
2535 1.47696284805871 1.180896381100105 0
2536 1.79942183584394 1.268512478904902 0
2537 0.9097250111936958 1.443735671107511 0
2538 2.112953425022186 1.728207869528553 0
2539 2.083323492333756 1.702770774036762 0
2540 2.075653921673983 1.739993207325121 0
2541 2.047534595318432 1.715824241968495 0
2542 2.053805904767395 1.677507988843209 0
2543 -0.1230817842993894 3.247860268766345 0
2544 -0.1842301792833761 3.170306806552429 0
2545 1.599340141833947 2.344040259529128 0
2546 1.606312364054583 2.305861073088306 0
2547 2.543410453755163 2.828343927180236 0
2548 0.663801657977422 2.483905415396642 0
2549 0.3120301077462599 1.621624480853652 0
2550 1.837588420416267 2.183526458643516 0
2551 -1.530017512788957 3.230862771297982 0
2552 -1.921708448614146 1.389801844335012 0
2553 0.8271100398031073 1.754649188509374 0
2554 -1.037006624177306 1.313198244269126 0
2555 -2.18189260340857 1.276237453478644 0
2556 -0.8376767778748527 0.717493459387943 0
2557 2.285584600122051 2.007815225667147 0
2558 -2.24452512802261 1.373987703209996 0
2559 -1.178340441510349 1.206801225033353 0
2560 -2.335059581757675 1.678398733890017 0
2561 -2.321758810938951 1.724745162018053 0
2562 -2.343267164266785 1.632885588055558 0
2563 0.6394309115573908 1.42949190246093 0
2564 0.4256900475740103 0.7407125609358971 0
2565 -2.051172623478196 1.990157153933124 0
2566 -1.962704030061656 1.336119087396095 0
2567 1.965519997406439 2.241588734303163 0
2568 1.982592097088717 2.125988146707471 0
2569 1.988277903058287 2.087429686626149 0
2570 0.5513322161009981 2.444316908499348 0
2571 1.807509116731736 1.153827423855905 0
2572 0.3190460700826429 0.2516713863565241 0
2573 -0.00583716660182822 2.498122815059658 0
2574 1.308267870920076 1.234619904520822 0
2575 1.543752609261385 2.643008338685557 0
2576 -0.4423440344161286 1.395074018910454 0
2577 -1.994550364354237 1.937039069143895 0
2578 -0.1966888585294941 0.8825030948313657 0
2579 -0.2001937474872705 0.9657745315746147 0
2580 -0.1254233814897155 0.927183757411683 0
2581 -0.1293335350907359 1.012231917196818 0
2582 -0.05202646783601755 0.9775269291309726 0
2583 1.815790624171348 0.784891605050793 0
2584 1.768440329679897 0.7512983967031259 0
2585 -0.3953258050007689 2.588715485579083 0
2586 -0.4712286349343083 2.566679211081511 0
2587 -0.4944094676882699 2.499280037951046 0
2588 -0.5406041255485488 2.554710029829368 0
2589 1.875322874115588 2.428121551504192 0
2590 -0.4906476503511661 0.6937976449136514 0
2591 -0.5648356571196272 0.7284793621836094 0
2592 1.945935913756956 0.6111549745638118 0
2593 1.541821439788102 2.293227622237258 0
2594 0.9476937912368366 2.184752548842309 0
2595 0.952877435423694 2.224535908442575 0
2596 0.9150416992919652 2.209173086836091 0
2597 -1.217610180844502 2.228238400737273 0
2598 -1.181801759226765 2.238444347064934 0
2599 -1.112353842999586 2.427780738434679 0
2600 0.9564896371805429 3.145457974185868 0
2601 0.9226215099216433 3.218153238095169 0
2602 2.497887527961058 2.642508632738596 0
2603 -0.9036560160644616 0.6132077162220411 0
2604 1.120020791235732 1.344830496864374 0
2605 1.151258729404027 1.329138286653519 0
2606 0.4559172440534396 3.016781941750616 0
2607 -0.8975764903906829 1.432952782334451 0
2608 -0.05699124764395667 1.06175684811657 0
2609 1.507067424393747 2.445120257394386 0
2610 -0.4152599266699554 0.3897611668159855 0
2611 -0.3365983921481221 0.3411727040419139 0
2612 -0.4175308852946169 0.2939143370747967 0
2613 1.177616811812519 2.686374116822707 0
2614 1.331493135463961 0.6208674474237834 0
2615 -0.5184028383997441 2.619898366255704 0
2616 -0.5866327705448771 2.608499560049718 0
2617 2.229331604354831 2.32474403801778 0
2618 0.4719434584345042 1.511496273704988 0
2619 -0.3839788363736816 1.779329034026089 0
2620 -2.224266232079923 1.255989956254453 0
2621 -2.032123531173086 0.7302656034192889 0
2622 -0.643207051438306 0.6968797977543049 0
2623 -0.6289730891434278 0.7726653336473674 0
2624 -0.557417726432608 0.802489189516304 0
2625 1.635946938314325 2.331625410172692 0
2626 1.642865483613322 2.292376069369869 0
2627 1.672503620409065 2.319194429179096 0
2628 1.679761515002299 2.279971987235691 0
2629 1.708988906192383 2.306635671708349 0
2630 1.716885045524589 2.267303955803636 0
2631 0.4149069855997515 2.663608735920185 0
2632 -1.774516484184594 1.120461045462077 0
2633 1.55113561356403 1.026668077593873 0
2634 1.587049133944706 1.007408548995735 0
2635 1.552858662251414 0.9864807400824263 0
2636 1.622881302793533 1.031207911848123 0
2637 0.8527454768275144 1.643444419983732 0
2638 0.8550101849487516 1.684593085196052 0
2639 -1.049904608539097 0.9834523426112677 0
2640 -1.026919464982356 1.024611354307631 0
2641 -1.076459378173421 0.9423631610854848 0
2642 1.129586684488639 3.038939376653506 0
2643 -1.917056360843381 1.427447133448163 0
2644 1.278375105274579 3.005588863597604 0
2645 1.360143697766521 2.985166932758474 0
2646 2.232234381875646 2.268240580407031 0
2647 -1.922687563898182 2.338318908409933 0
2648 -1.961350066217574 2.326317914982402 0
2649 -1.969315782772951 2.28671543171619 0
2650 0.5855561248097483 2.083404679015247 0
2651 0.3306474964433075 0.6230805328647684 0
2652 2.307618139172273 1.860799875233626 0
2653 2.350659722712898 1.841990127499753 0
2654 2.315040963698655 1.813548625929384 0
2655 2.357366286891228 1.795555162827982 0
2656 2.021753341745305 2.747964988532615 0
2657 -1.565344523574846 2.933230515319094 0
2658 -1.190684349435141 2.201065862620529 0
2659 -1.150611335840534 2.213534718823468 0
2660 1.958264549995122 2.064645149594402 0
2661 1.994548310138163 2.050344874288591 0
2662 2.024631642157876 2.073305931370732 0
2663 1.802035314543655 2.199655603679919 0
2664 1.793823854671947 2.239227218463505 0
2665 0.1582993494895225 0.4478142667984093 0
2666 -1.313303726533981 0.6805835086745873 0
2667 -2.019705811121792 3.188424642131527 0
2668 -2.078976420569927 3.246615806734407 0
2669 2.228653619765504 1.460853797284233 0
2670 2.267734787137885 1.442020120170346 0
2671 2.234314330936584 1.417641003631134 0
2672 -1.276132144454825 1.241951282547021 0
2673 -1.2967172356372 1.209266213586612 0
2674 -1.31384623444044 1.241763168354997 0
2675 -1.335462637105178 1.210013969334533 0
2676 1.343475904005595 3.260611732391981 0
2677 2.138345069537726 1.348903894563774 0
2678 -2.230442749706354 2.374879054735728 0
2679 1.968148111302003 3.217904276830057 0
2680 -0.4372920809365851 2.056355850527012 0
2681 -0.4485795278669169 1.899497142108758 0
2682 -2.089697155254183 2.713837254488936 0
2683 -0.854377623488196 0.4901721397979879 0
2684 -1.544089624207394 0.3093760885552794 0
2685 -1.612104047173529 0.274607026082202 0
2686 -1.676885009339241 0.3183225754635819 0
2687 -1.68324282051749 0.2390278420448508 0
2688 -1.750831406244206 0.2842916711253571 0
2689 -1.545074522226718 0.2327117062200319 0
2690 -0.3352744813490733 0.2445589960772674 0
2691 -0.2572178376847459 0.2998720857214088 0
2692 2.110699107086367 1.134878751069245 0
2693 2.155553506683826 1.115946878136155 0
2694 2.150924880511358 1.164577178292092 0
2695 -0.7264541697239875 1.900816387619026 0
2696 -0.7533419844305129 1.931855670046215 0
2697 -0.128539727045829 2.358082766504325 0
2698 -0.8366593740586238 0.3171594650507559 0
2699 1.17003526381273 0.6459023634837182 0
2700 2.239457005057988 1.609391244228706 0
2701 2.272160011984086 1.635200736356306 0
2702 -0.4760035137487681 1.341176691236956 0
2703 -0.755073918870564 1.822239850540091 0
2704 -0.7165115796078255 1.826743528416747 0
2705 -1.111361214259158 0.6722379464693602 0
2706 1.032131011505312 2.679634521546966 0
2707 2.481084282010151 2.337144079986107 0
2708 2.256613556196744 1.713490031831594 0
2709 2.289182636399094 1.740090401823913 0
2710 -1.280613137196966 0.296163289878141 0
2711 -1.558329175228185 2.988199030155802 0
2712 -2.056036677224397 1.083867044504824 0
2713 -2.537945731777725 3.115512565516463 0
2714 -2.611969327572439 3.175600054431861 0
2715 -2.622319797252396 3.088975969639739 0
2716 -1.814866992114719 2.196214142521995 0
2717 -1.806495438947825 2.233148863863116 0
2718 0.1325509924716865 3.274093452809895 0
2719 -0.204246780013609 2.032137236085177 0
2720 -2.241804979307857 1.926713789677762 0
2721 -2.059457106306639 1.035580677365708 0
2722 -2.10822624783021 1.014488904092116 0
2723 1.605679659613135 2.884516943372168 0
2724 2.22043691565785 2.378105138528595 0
2725 0.5503226038059014 1.814263859011156 0
2726 1.052462468211548 1.266836823746143 0
2727 -2.004239228377065 0.9611062702851121 0
2728 -2.28816289789199 2.100378010359908 0
2729 -2.277369371128279 2.154977093516575 0
2730 -1.858619103987502 1.341960335458986 0
2731 -1.826279106971628 1.320184999381062 0
2732 0.3710119751234908 2.422818008800012 0
2733 2.131342402848228 0.9862580633700143 0
2734 1.786381379874407 2.500730588472114 0
2735 -2.57740037867937 2.868490421325713 0
2736 -2.516245014933518 2.81365067794938 0
2737 -2.588185840003781 2.786306450509181 0
2738 -0.6260240395037082 1.456937973437535 0
2739 -1.245894218288715 2.357271037868017 0
2740 1.954049443587621 0.5440600261917112 0
2741 1.89845592335701 0.5031727572292315 0
2742 1.071380913984341 3.258866080853721 0
2743 0.3919017776924389 2.358027234996608 0
2744 0.3234835108558974 2.370545487570259 0
2745 -1.278308939303412 0.2131529418068965 0
2746 -1.21231503070347 0.2566706618392081 0
2747 0.9754430971601602 1.897645961282172 0
2748 0.2672358217806363 2.592253366181771 0
2749 -1.730120241610665 3.26625907550179 0
2750 -1.808928388861087 3.252587433930247 0
2751 1.626054727530561 2.603523279004359 0
2752 1.420141851686922 0.2332026420537867 0
2753 1.34887692091592 0.2708029449308453 0
2754 -0.7742682631364506 1.680382613950298 0
2755 2.451698575369902 2.135516389927138 0
2756 -1.950192319151293 1.450932632706509 0
2757 -1.990645096185149 2.802254060663395 0
2758 -1.926951304329751 2.820354371427887 0
2759 -1.909610969528631 2.88507547459919 0
2760 -1.865090068343941 2.83828112115269 0
2761 0.5245595734397351 2.000710866101567 0
2762 -0.05934290699110525 3.067580808821274 0
2763 2.395244742113432 1.82262998930774 0
2764 -1.162005366646746 2.174410899657948 0
2765 -1.125289274258781 2.182170775993126 0
2766 1.181714876487302 0.2910058260540282 0
2767 -0.007715098161886576 2.101358574206011 0
2768 -1.914410103686306 0.894192829254254 0
2769 1.910396723439264 2.455238603211296 0
2770 1.917286713423469 2.41156610993311 0
2771 -2.000550350542463 2.313377446956656 0
2772 1.895179736003483 2.499713234045346 0
2773 1.746120955227076 2.294992217515503 0
2774 -1.255107892203154 1.272380413700405 0
2775 -1.823866643476464 2.157339145374361 0
2776 -2.068156909147762 0.8258005827644288 0
2777 0.5019030434945934 0.7797730079466982 0
2778 0.5016916305639596 0.8553738923455327 0
2779 0.7658777519344929 0.7472953192547949 0
2780 0.8287807891965855 0.708897425031882 0
2781 -1.891612630696498 2.133699809891334 0
2782 -0.7293018202600511 2.75484193720935 0
2783 -0.6601946800674284 2.737073281118854 0
2784 -1.363747693858048 0.6563879280330081 0
2785 0.4202093701685251 1.483615411503509 0
2786 -1.392657954202739 2.357440327110955 0
2787 -1.402379563794328 2.319794531640945 0
2788 -1.37214378705536 2.286792853885933 0
2789 -1.413718572713937 2.283479029499154 0
2790 -1.441101860412585 2.310141695224891 0
2791 -1.452760335406172 2.274552385172721 0
2792 -1.479177434384288 2.302079262981205 0
2793 2.043846095895643 0.9233155504759749 0
2794 2.095349015222305 0.8992090877745906 0
2795 2.352156682513173 3.26470185528762 0
2796 2.410795963966719 3.329910768635053 0
2797 1.510475868577885 1.201152552249295 0
2798 0.3558528103944745 1.829269401605212 0
2799 0.3605728820115923 1.887023062532824 0
2800 0.351146245412881 1.772250035207874 0
2801 1.92879972761521 2.835607218246156 0
2802 1.863702572065205 2.852892440993711 0
2803 0.5326563213339791 1.237602970969459 0
2804 -0.4097865000823062 0.9127969865831975 0
2805 -2.020657644963166 1.423882608813656 0
2806 1.587750922935132 2.948661840111237 0
2807 1.655103041884304 2.925884426870215 0
2808 2.196258047904583 1.14576086654472 0
2809 2.190050269252662 1.195599368495938 0
2810 -1.422962080109991 0.222995227112855 0
2811 -1.956754713466065 2.365094666191113 0
2812 0.3471937534828762 2.310027603183834 0
2813 0.2759422618221233 2.313514271333667 0
2814 2.301001853838018 1.510071797726553 0
2815 2.29032813388533 1.556710704600671 0
2816 1.952046548813807 1.465086835115969 0
2817 1.983542729529714 1.488084534744554 0
2818 2.018673949209249 1.473127279424035 0
2819 2.013893494847661 1.512408542164856 0
2820 -2.643703450433271 2.925287466425007 0
2821 0.845989959704424 2.633884285080012 0
2822 0.8647544707651235 2.57715762460372 0
2823 -1.398334614547463 2.927852334974792 0
2824 -1.358293186641947 2.881321020318152 0
2825 -0.5391248506736377 1.539399610562775 0
2826 0.127855763216746 3.019930140696023 0
2827 2.296818164207615 1.696899387146863 0
2828 2.331003967209186 1.724834318667486 0
2829 2.340323287283146 1.680961370282183 0
2830 1.590283766565116 0.9650970060644048 0
2831 2.202117118218395 1.094869202907522 0
2832 -0.742512307502281 1.758077256519673 0
2833 -1.69497634131197 1.271264342980178 0
2834 1.302765337094728 1.274635063472089 0
2835 0.06459179031150068 0.2107197211591334 0
2836 -0.01822459357476589 0.2622244736929691 0
2837 -0.01713973603051886 0.3565717747590345 0
2838 -1.687422141028568 1.157643511715633 0
2839 -2.099192713102836 1.57802037603054 0
2840 -2.092998435146841 1.61705683854689 0
2841 -2.462409809668547 2.182659082221299 0
2842 -2.472555280629207 2.126210880445853 0
2843 -1.985282031449076 3.275166074418031 0
2844 2.097052968210861 1.625634418976081 0
2845 2.066971809044126 1.600716106108897 0
2846 2.073291836953742 1.562165758062167 0
2847 2.036949230664994 1.576172309485147 0
2848 2.031053057084222 1.613661385866044 0
2849 2.002188604570008 1.589848854578004 0
2850 -2.435370526432401 1.992747687211727 0
2851 0.09210199453092965 1.004869831402472 0
2852 1.675599877258453 1.227834277819505 0
2853 1.710746355167136 1.249498418573438 0
2854 -0.4761525091133954 3.121798219236118 0
2855 -0.4106256916497618 3.187822244190026 0
2856 -0.3842239427637919 3.101177424638036 0
2857 -2.40504525345354 1.912133400703328 0
2858 -2.365889588637605 1.880522759128152 0
2859 -2.32087410450075 1.897205905589143 0
2860 -2.327550916236644 1.85013851677266 0
2861 -2.372567765245023 1.832252820399737 0
2862 -0.8660296407295119 1.246518554535888 0
2863 -0.8864514029774867 1.210427587749765 0
2864 -1.479949505980544 3.292256224876797 0
2865 -1.399579247952598 3.278866619370624 0
2866 -0.5161988832864814 1.594513331029089 0
2867 0.8132916205912913 1.590700554260091 0
2868 2.169481750409513 1.373486175105275 0
2869 2.176882000110027 1.332597048167556 0
2870 1.544698046033525 1.183407404614702 0
2871 1.170846370542469 1.229562526024496 0
2872 1.171863000399204 1.190575771939304 0
2873 -2.262479893926851 1.287396429745643 0
2874 2.049232712223845 1.498302903035808 0
2875 0.662487399651936 2.01435431692943 0
2876 0.6667044501533825 2.058931483639067 0
2877 0.4002064781154884 1.742236141723903 0
2878 -1.169382246287466 2.275459627209849 0
2879 2.274678628410731 1.396668003963153 0
2880 2.311886038191192 1.425991244438025 0
2881 -2.274515716049079 1.95400162918476 0
2882 -2.265852923414688 1.994526031032059 0
2883 -2.266816062510506 1.624605214350628 0
2884 0.8199710724424469 1.664752761805932 0
2885 -2.334609904153563 1.803988069252735 0
2886 -2.378418739001289 1.784000540795245 0
2887 2.014208288745204 1.693840733973943 0
2888 1.703059830978925 2.343293466110171 0
2889 -1.654676389799928 3.287898780655135 0
2890 -1.004276494775786 1.522965033338433 0
2891 -0.9861316974158324 1.559099659067841 0
2892 -0.7937654123539131 1.111986664797564 0
2893 -0.8469635582543296 1.111113503105477 0
2894 -0.7412358580916507 1.122377061744239 0
2895 2.300066185863829 2.769656229511445 0
2896 0.4952535440605844 1.735138016368422 0
2897 0.03822129398998535 1.303751981073025 0
2898 0.7717234883898725 2.518488562613205 0
2899 -1.762542325788319 1.27541486281999 0
2900 -0.8364453156481961 0.2328790176880455 0
2901 -0.7610433292947076 0.2743873132404984 0
2902 -0.5615878901752069 1.389982256052457 0
2903 2.237208060289367 1.372589595075705 0
2904 -2.10681681649667 0.914757493687973 0
2905 1.802941722446527 2.165868764284933 0
2906 2.399818158018676 1.773809160295584 0
2907 2.336907422710969 1.547235257376167 0
2908 2.325021464076668 1.590032713757393 0
2909 0.9207101515205024 2.250314057959149 0
2910 0.8824854805992863 2.235898569318445 0
2911 0.8768218340652424 2.193263577595561 0
2912 0.842065695318706 2.218299931187779 0
2913 0.8359462303667026 2.174797443792047 0
2914 -1.343800608594922 0.9724875946983538 0
2915 -1.384187138924898 0.9524254666886871 0
2916 -1.386436404798628 0.9057327853063866 0
2917 -1.424054589571995 0.9312626646158635 0
2918 -1.424152201832566 0.887551640029929 0
2919 -1.423516036596283 0.976084407884095 0
2920 -1.460984947769122 0.9577731378779837 0
2921 -0.5330519720166728 3.292743464569204 0
2922 -0.7112938427497485 1.942579342910712 0
2923 -0.7402014191913906 1.974858600163797 0
2924 -0.6968290661904769 1.98572666660438 0
2925 -0.7264957949835253 2.019940857682224 0
2926 -0.6835800844350858 2.029170851371138 0
2927 -0.7142362304457268 2.065387813869255 0
2928 -0.7583026228668034 2.054865876098952 0
2929 -0.7460987882395222 2.100568409495423 0
2930 -0.7023775190022667 2.110706921662689 0
2931 -0.7326273414499131 2.144803078463402 0
2932 -0.7806286907777534 2.136227845693736 0
2933 -0.7655308227011233 2.181138596246049 0
2934 -0.7199726651013482 2.191082852538706 0
2935 -0.7521857719596079 2.226959979602484 0
2936 -0.7992744412378787 2.216040828373488 0
2937 -0.7858208438623274 2.262287589087896 0
2938 -0.8326535572189995 2.250453282762758 0
2939 -0.8181800041825481 2.2978237459692 0
2940 -0.8657701366583839 2.284940806291738 0
2941 -0.8515934472483206 2.332347338897928 0
2942 -0.8999974557550667 2.31866057309275 0
2943 -0.8866763959736095 2.367195880962576 0
2944 -0.9333984788622685 2.353372145416103 0
2945 -0.9212003785784174 2.401515200502068 0
2946 -0.9667742033011085 2.387296156309124 0
2947 -0.955499632786299 2.433740022587371 0
2948 -1.001000780589398 2.420863228853347 0
2949 -0.988965122364883 2.4682369128638 0
2950 -0.945182420059744 2.481006797498997 0
2951 -1.034760942698026 2.456370503914424 0
2952 -1.026126552625598 2.511643427244839 0
2953 -0.7347275258697603 2.272234511664317 0
2954 -0.8775580730467438 2.237245026836293 0
2955 1.486462665994505 0.1892000304451908 0
2956 1.549808951281931 0.2409910106031863 0
2957 1.960306024959236 0.4758434372993028 0
2958 1.904981403956575 0.4305296770454059 0
2959 1.974220411654508 0.3963396316703935 0
2960 1.907774908604048 0.3532345668220824 0
2961 2.010081383993776 0.5832022634216794 0
2962 -2.04405027053603 2.080972382397793 0
2963 1.297417777649769 2.93751749158052 0
2964 -1.203116387586795 1.032112418441774 0
2965 -1.225048758023659 0.9951905480007419 0
2966 -1.810787840346318 1.104370047458661 0
2967 -1.765184585005617 0.7944085223186512 0
2968 1.921207054675267 1.442599349805354 0
2969 -0.05878227877644002 2.032003060280804 0
2970 2.028832151874479 2.034543931496582 0
2971 1.993282327433709 2.010116516807921 0
2972 2.033104929775345 1.995655658889931 0
2973 2.005306596758392 1.971680471537915 0
2974 2.04000859474765 1.957104455509543 0
2975 2.011233409585179 1.934348048773771 0
2976 2.045930697779681 1.918733971437935 0
2977 1.974728930358356 1.947472904177112 0
2978 2.017283630342078 1.895639210829222 0
2979 2.052073946567268 1.880217771582875 0
2980 2.02258975368498 1.855759634038315 0
2981 2.057765865321196 1.841428595761023 0
2982 2.027539766002048 1.819352590616217 0
2983 2.062909584397516 1.804898588983111 0
2984 0.5594852785992479 3.123342272532885 0
2985 -0.2091059060496309 3.279179801626582 0
2986 -0.708749315934603 2.688377319912727 0
2987 -2.244716625736574 2.119425282685816 0
2988 0.7587996948241454 1.307981529962698 0
2989 0.7567887787595824 1.26100869459369 0
2990 0.7987861711117794 1.234974577328553 0
2991 0.7559092845047217 1.211613167549769 0
2992 0.7992986182189118 1.185755607140455 0
2993 0.7550044612747797 1.160699989676224 0
2994 0.7995555519710362 1.13442429813206 0
2995 0.8432135445541036 1.159583047048804 0
2996 0.8439655054619105 1.109250924146184 0
2997 0.8001123707347151 1.082147128559924 0
2998 0.329047035571729 1.674663988240765 0
2999 -0.2752609195006711 0.9991455264239129 0
3000 2.168889697934277 3.312918036202236 0
3001 0.960462196312117 1.787365945731085 0
3002 0.959448871767784 1.745801809160879 0
3003 -1.033776901191213 1.099670432787578 0
3004 -0.9892797803815081 1.099406326262369 0
3005 -0.9682811335155741 1.137470575908917 0
3006 -0.9434446544675776 1.099220099410977 0
3007 -0.9205878914830142 1.140300339904136 0
3008 -0.9648394839754868 1.059412953503894 0
3009 -0.9171981496042221 1.058025529151186 0
3010 -1.304403812038201 0.9979230813433126 0
3011 -0.77647912829761 0.7502131756103299 0
3012 2.040787340307762 1.750203237049375 0
3013 -2.583091207970275 3.270505684139984 0
3014 -2.678557587547846 3.239090561736673 0
3015 1.296527779102202 2.224565558983356 0
3016 1.334241523520658 2.239925149838657 0
3017 1.303259151017199 2.264290067304105 0
3018 1.339777268658844 2.278366543598468 0
3019 1.309515961279335 2.302825235432702 0
3020 1.345980904722468 2.316669230031728 0
3021 1.315759070990796 2.341296560923956 0
3022 1.279292867539338 2.327445671527729 0
3023 1.376123096821887 2.292201690490907 0
3024 1.382424718214927 2.330506769388994 0
3025 1.412635800888814 2.305847295545255 0
3026 1.418896175621329 2.344295759797459 0
3027 1.284934066743334 2.365199326315778 0
3028 1.24897727472945 2.35198145060423 0
3029 2.533177025273664 2.375601615350484 0
3030 2.520893413019333 2.437284315209872 0
3031 -2.24351573062063 2.319323556409459 0
3032 0.9721648997668015 1.856809778359367 0
3033 1.404521272581491 0.5271638502014997 0
3034 -0.9396640776479184 1.015852802421432 0
3035 -0.8969016296380627 1.019717049286581 0
3036 -0.9105443997103981 0.191309020910879 0
3037 -0.5670645871505753 1.254662406299652 0
3038 -0.6018208127880598 1.209028798854862 0
3039 -0.4726285121803255 0.8783763830045475 0
3040 0.4705009573826001 1.452569786354822 0
3041 -0.09908891747153829 0.312176371913923 0
3042 -0.1048619399542421 0.2149401753665392 0
3043 -2.532261708589488 2.738189455390038 0
3044 -2.600633735155771 2.701789113469143 0
3045 -2.117115640366117 1.232380079268461 0
3046 0.05403927735401812 2.339666550790098 0
3047 0.1313285690539162 2.323333327933288 0
3048 0.08402519356946961 2.261666592633473 0
3049 0.1586451492881815 2.245906024067725 0
3050 1.388765647219054 2.367407401432993 0
3051 -2.417728922394835 1.813665824419955 0
3052 1.954518909992004 2.357635053753674 0
3053 -1.98730575141375 1.974799592842285 0
3054 1.186082370894779 0.2129495177391942 0
3055 1.113651797268904 0.1709072760844563 0
3056 -1.865535685991 0.8607644435543542 0
3057 0.8299491665176327 2.690778557997338 0
3058 0.8791435927160307 2.737100036587473 0
3059 0.7958373284979972 1.77748060380648 0
3060 0.7984945046723291 1.816591195118405 0
3061 2.137557609959889 3.090676948964685 0
3062 1.614061516387374 2.267678875079958 0
3063 -2.052912963233767 2.045822722320044 0
3064 -1.842345724105358 1.125878582806107 0
3065 -1.133431040598834 2.145246163229286 0
3066 -1.097963556409596 2.154272566126251 0
3067 -1.105557517297765 2.117517461339526 0
3068 -1.070711289553116 2.126446063472775 0
3069 -1.079892375966319 2.089980926942675 0
3070 -1.043537034429198 2.098441649304184 0
3071 -1.0527681876854 2.062100620021533 0
3072 -1.016440626937531 2.070409634647226 0
3073 -1.026479683738347 2.033285434743723 0
3074 -0.9893504801291635 2.042360197151362 0
3075 -0.9993905803771966 2.005233093441375 0
3076 -0.9633262749957564 2.014876920830252 0
3077 -0.9730637071391843 1.97669902203837 0
3078 -1.007965407705455 1.96773989567906 0
3079 -0.9815759168314397 1.939521042579365 0
3080 -0.9451613202007245 1.949124852066524 0
3081 -0.9551464442035497 1.911873903052158 0
3082 -1.254495153935834 2.219193733763678 0
3083 -1.820059296696199 1.355264448044707 0
3084 -2.291932220475668 1.826084219325488 0
3085 1.019916444793223 2.212432654860359 0
3086 1.05389029811915 2.184720870493539 0
3087 1.764618882181761 0.8057208886243974 0
3088 1.990837987147479 2.340475915757733 0
3089 -0.04902870361064998 0.8853574886432605 0
3090 1.486995011180532 2.919939731597136 0
3091 2.185443779269619 2.297004120883173 0
3092 1.746205379180954 1.152346800385708 0
3093 1.749178392061111 1.115013758809641 0
3094 1.715340870243979 1.092661033345847 0
3095 1.479793929124535 2.418701467121987 0
3096 -0.7336362808233228 1.68511853272713 0
3097 -2.039067192743211 2.121306899963128 0
3098 1.842323807419375 1.136920594797512 0
3099 1.874693920976262 1.158469842786176 0
3100 1.820524906080414 2.526465584110116 0
3101 1.779031654462999 2.54197224930223 0
3102 2.063749925401784 1.15117536856488 0
3103 2.468770427407209 2.853770718314312 0
3104 -2.153042464654487 3.223397287024881 0
3105 -2.140973372794192 3.319768203248032 0
3106 1.881340535932798 2.130834586686102 0
3107 1.888539036195907 2.094874728095678 0
3108 -2.141369061509431 1.296437687745957 0
3109 -0.6580076763538416 1.879804727470832 0
3110 -2.194168112626989 1.432248255284336 0
3111 -2.186327948759196 1.226544417493563 0
3112 -1.889123636367381 2.49996948605913 0
3113 -1.85132980586662 2.524616674572514 0
3114 -1.81238501093902 2.486204295512615 0
3115 -1.801490044051756 2.532347943950592 0
3116 -1.768116337765623 2.500259918565563 0
3117 -1.756187124830961 2.543736446102344 0
3118 -1.721326898517684 2.512724430710007 0
3119 -1.710658137072434 2.55420136822042 0
3120 -1.675636630523613 2.525701506975174 0
3121 -1.665955359912005 2.567118272755698 0
3122 -1.632912664211566 2.538372775841233 0
3123 -1.622425153375489 2.579728626785021 0
3124 -1.589226150019036 2.549906378906797 0
3125 -1.580313696586224 2.59099648405946 0
3126 -1.544528170732606 2.560935080388501 0
3127 -1.535146420926585 2.604723206857385 0
3128 -1.498817817926018 2.573313157496985 0
3129 -1.487018257875814 2.619146784055827 0
3130 -1.452215412612611 2.586096462790402 0
3131 -1.512592761599835 2.529379169586192 0
3132 -1.440287190542899 2.63264957831717 0
3133 -1.406283463018163 2.598468999318428 0
3134 -1.655781026206123 2.614372362768447 0
3135 1.479878566992208 1.220567412524951 0
3136 1.445880853560611 1.197840046566908 0
3137 -2.22035187133191 2.431052650767166 0
3138 1.770343526661927 1.208968537707309 0
3139 -2.191380282858443 1.074602339195692 0
3140 -2.226254208441226 1.10564925214823 0
3141 1.446284503292812 2.878239486100687 0
3142 -1.004806461876734 2.108840802179724 0
3143 0.3165525235735755 1.55263808980814 0
3144 -2.546070201438006 2.662701286963822 0
3145 1.019729865641011 1.401125365031677 0
3146 1.051370465215161 1.41901617041063 0
3147 1.0877598248525 1.401154619008202 0
3148 0.7987678564482384 2.19990603759152 0
3149 0.791768457255921 2.15723153411452 0
3150 0.7555830928670968 2.181642644098911 0
3151 0.7479858189881423 2.13852140072026 0
3152 0.7107368498762112 2.164828062086132 0
3153 -1.11986403448668 0.3241422855983485 0
3154 -0.1327114046765635 1.095532973476222 0
3155 -1.418992729614371 2.555554585058626 0
3156 -1.372470239051648 2.565314115575662 0
3157 -1.359305100551969 2.608486312155105 0
3158 -1.325984566542078 2.576429044255858 0
3159 -1.339956381967588 2.533155998757751 0
3160 -1.571104338822978 2.86833886422197 0
3161 -1.629663368132132 2.901239852872798 0
3162 -0.5671488662800749 1.582976087503179 0
3163 2.007989232974224 2.232892253927322 0
3164 2.00833757871991 2.190126357286746 0
3165 -1.083743220064739 2.187801529124846 0
3166 -1.758549923414447 0.2065301439721439 0
3167 -1.825007677705523 0.2503867746144854 0
3168 -1.818321125142673 0.3307343550536301 0
3169 -1.834952441354411 0.1717497759514597 0
3170 -1.066541769569326 2.023489962393532 0
3171 -1.741627146428471 1.139326956532266 0
3172 -1.193007375516069 1.307486272349242 0
3173 -0.5598324079017645 2.676526482188526 0
3174 -1.995004012755266 1.576990070802276 0
3175 -2.026499692429143 1.604137665928441 0
3176 -1.972191637792626 1.553502974920808 0
3177 2.45710350344102 2.082707266337164 0
3178 -1.175168544876322 1.339370759510593 0
3179 0.5719102044952147 0.8198035990551555 0
3180 -1.948002679774767 2.450430434402795 0
3181 0.2366890086663078 1.158105690209704 0
3182 0.8257029640634639 2.129519871697524 0
3183 -0.8587364724804101 1.510821070813551 0
3184 0.6303837028760841 1.221725135363851 0
3185 0.6782824236833425 1.196843115076452 0
3186 1.227721600906278 2.665047211935811 0
3187 1.236364059161028 2.617060725819962 0
3188 1.276681247823012 2.646842262853312 0
3189 2.439674735154764 1.80815034032056 0
3190 -0.09857983705265966 0.4069440909903372 0
3191 2.514216628840872 3.299828563125475 0
3192 -0.6375995309135455 0.8441036677220108 0
3193 -0.6890968250004663 0.8007963639852991 0
3194 1.175965852340616 1.270494097696891 0
3195 1.208306487391679 1.288516238869341 0
3196 1.423424983440498 0.6396846068448532 0
3197 2.083823435946677 3.334802952400172 0
3198 -1.88897546148602 0.3007769697029965 0
3199 -1.884234158056572 0.3781230930533825 0
3200 -1.953018412400062 0.3492561210030207 0
3201 -1.94692913410488 0.4230850443174463 0
3202 -2.224106139830861 3.132349766883643 0
3203 1.18132842150655 2.173262718952504 0
3204 -1.777905042959611 2.208642304685549 0
3205 -1.769354248438013 2.245331294192745 0
3206 -1.740988096064933 2.220007094030522 0
3207 -1.733205705991535 2.255990951474034 0
3208 1.349391046915616 0.1924046648846769 0
3209 0.5586536836002665 0.9009313499827702 0
3210 2.092583257452456 1.832944581933194 0
3211 1.42141285555402 2.936318699268353 0
3212 -1.564692836247838 3.174493100739448 0
3213 1.847736398056579 0.3904848044609992 0
3214 1.847923513202131 0.3201446250486542 0
3215 1.764022930253698 2.213541024309515 0
3216 -2.299336020960064 1.776126301358532 0
3217 2.14445232130897 1.215359918802704 0
3218 2.186040228825423 1.244227777850885 0
3219 2.227863285343651 1.22587038506507 0
3220 2.22465648911571 1.274296345345291 0
3221 2.268045395068711 1.255040586151469 0
3222 2.269040902272513 1.300262693364823 0
3223 -0.8766722221785543 1.475871393800792 0
3224 -1.028047591638769 1.549492360949001 0
3225 -1.474943590108365 2.663993311942358 0
3226 -1.312770515164695 2.622970974651265 0
3227 0.461906168800019 2.35213835775183 0
3228 1.6255957485217 0.6504457381360167 0
3229 1.621187235398587 0.7106473938506792 0
3230 1.635008745872033 0.5887791215352336 0
3231 1.589565863243255 0.5568922975452826 0
3232 1.243429108205219 2.314343419880861 0
3233 1.213630387920499 2.339575362047307 0
3234 1.219091806944546 2.377275098073994 0
3235 1.18337652303903 2.363148992361648 0
3236 1.18427993079784 2.323997590217483 0
3237 -1.862629871988996 0.9117314434241484 0
3238 -0.4798827453184336 0.8100380681734045 0
3239 0.8233305391412149 1.709020575957979 0
3240 0.7866711864201746 1.685637661282832 0
3241 1.990558739875699 0.9402122487173199 0
3242 -0.5571997509303399 2.495859600218615 0
3243 -1.696504729997312 0.1514239713479608 0
3244 1.450599491488492 2.320395249347484 0
3245 1.442438904121913 2.282653816732299 0
3246 1.479324706875934 2.294976467390599 0
3247 -2.305266325907786 1.459778816697601 0
3248 -0.7605226154922043 0.1727560403637847 0
3249 -0.6798986132021188 0.2300149085096441 0
3250 1.053735188647317 2.224213173502944 0
3251 -1.787862347023403 2.574024885655488 0
3252 -0.8368097168600062 2.383814147256516 0
3253 0.8845165265430415 1.138419340830492 0
3254 0.887293810488196 1.086464186214669 0
3255 1.708307628218281 0.7824839664401588 0
3256 2.084044671502474 1.904659144919709 0
3257 1.189232383767679 2.4006334764622 0
3258 1.15524729520383 2.384731097615564 0
3259 -2.339178697624639 1.491430523866941 0
3260 -2.316022177087247 1.409126649196217 0
3261 -0.842371272363583 1.550358226401438 0
3262 -0.7987722573390996 1.549649729683958 0
3263 2.262038673564031 1.878110695845409 0
3264 -1.958027509748917 1.949552585978912 0
3265 0.8587561496833666 1.729648067634924 0
3266 -2.018237522266108 1.05816376215103 0
3267 1.973147648134325 1.530705626378338 0
3268 -0.6837938273551234 1.339767496630331 0
3269 -2.370561137242142 1.708651485265473 0
3270 -0.571381196366868 0.8795862607783875 0
3271 0.7888135556619076 2.642559192327408 0
3272 -0.3193201188066121 3.167934135586388 0
3273 -0.2933146854673128 3.0764084224336 0
3274 -0.353978952107139 3.256703330688891 0
3275 -0.5368819816447077 1.307390836396923 0
3276 -0.1408712605663004 3.339291026905693 0
3277 -2.424513333547874 1.763797559182972 0
3278 0.9165268837067433 1.982309491844138 0
3279 0.880448074206324 1.965267913157599 0
3280 -0.9010216437753125 1.500080856509835 0
3281 0.5345685754260097 1.306885523869312 0
3282 1.672435099464262 2.587571287270396 0
3283 1.676512791755621 2.545067236276829 0
3284 1.714946352955464 2.574742473185946 0
3285 1.686427455914213 2.238294072747187 0
3286 -1.663816037046003 1.245210664304111 0
3287 -1.666983481361079 1.212303461086117 0
3288 -1.632460019113269 1.227314197024236 0
3289 1.91012021174747 0.9051120667300037 0
3290 1.864666217554346 0.8692368319873807 0
3291 -0.9539413408083202 2.054494691696191 0
3292 -2.041856277400704 0.6647227836525249 0
3293 -1.986410109169249 0.6292978981040762 0
3294 -2.091682317077131 0.7048443024216964 0
3295 -1.735147514157391 1.098781115315257 0
3296 -1.451666866004361 3.021327772791987 0
3297 0.4006278582006726 3.316602538969655 0
3298 0.508982704268941 3.277494003706702 0
3299 2.615921300051739 2.808611096029722 0
3300 2.591984535035647 2.878155208594332 0
3301 2.631838654183385 2.72000305951036 0
3302 2.257421318672175 1.923921678658866 0
3303 1.226978009769879 2.724848987774932 0
3304 -2.241079916307929 3.268408696103569 0
3305 -1.812161613254149 0.4114394809026678 0
3306 -2.667163428163488 3.334636082838506 0
3307 1.422944602465327 2.382792199453248 0
3308 -0.1013223928912532 2.42863803403316 0
3309 -0.1435581720944652 2.507038541111955 0
3310 0.9260053183038155 1.725482674855442 0
3311 0.2978264611904067 1.805937187080624 0
3312 0.9577517400614735 1.703613518267852 0
3313 0.9784064650273041 3.069532004305004 0
3314 0.9028765745142717 3.085864545786059 0
3315 0.009732329083471271 1.132941789392959 0
3316 -0.4853935998213877 2.682092484496609 0
3317 0.9559419217276113 1.660689843899574 0
3318 0.9941896299412253 1.636015012670301 0
3319 0.9861192322785307 1.591385931549551 0
3320 1.994021691883001 1.833414258585835 0
3321 -2.269539406431731 1.436860465418781 0
3322 -0.7186585159686333 0.7158680276646125 0
3323 -0.9195241158156864 1.921665624236656 0
3324 -0.9289612524140639 1.884395210111748 0
3325 -0.9671098891744859 1.869343369902624 0
3326 1.953037869447304 2.43960781035268 0
3327 1.540308256481627 1.22184494317493 0
3328 -1.353073515074593 1.25034864337984 0
3329 -1.375094519933067 1.213851110658496 0
3330 -1.358220354303773 1.178363870335994 0
3331 -0.9460540865859687 2.306784672966085 0
3332 -1.815486802559616 0.8257023779708912 0
3333 1.9151624484966 1.478447258507169 0
3334 -2.271666055963617 1.239686019396777 0
3335 0.148326545758184 0.1582672164438614 0
3336 1.810030266775553 0.8416099862832085 0
3337 1.00538342657632 1.872887312467069 0
3338 0.2680707184504371 1.582930258329237 0
3339 1.270604127239946 1.290688446589796 0
3340 2.071354235030426 1.982557056267428 0
3341 0.7060853824624849 2.117859783480827 0
3342 -1.388146382641246 0.8578721406503129 0
3343 -1.733401967021838 2.466616492926506 0
3344 -1.024405806470309 0.9396529144608328 0
3345 -1.847175788511605 2.89950468328042 0
3346 -1.807170501158091 2.850152374720374 0
3347 1.591197461089906 2.673246784180325 0
3348 -2.228798921832427 1.152704130428165 0
3349 0.7699407052482943 2.709885344133888 0
3350 -1.762207958272823 0.8467821842248142 0
3351 -0.9217428871396456 1.556100013596326 0
3352 -1.273738396612391 2.584746323847389 0
3353 2.376697864924588 1.708746091139702 0
3354 2.384699781757015 1.66336120808006 0
3355 0.2581939428436792 1.519606456454004 0
3356 -0.8412289040512422 0.4028566113731065 0
3357 1.125176670227748 2.705780702129879 0
3358 -2.00991959780803 2.272480993105694 0
3359 -2.059726490712213 2.771782157255657 0
3360 -1.21186560873886 0.8989700576502615 0
3361 1.932419507260406 1.325469318114382 0
3362 1.968402358832883 1.310027806546746 0
3363 0.83440733656668 0.6353070937355834 0
3364 0.8925841424214053 0.6762636270907174 0
3365 0.9568978765707747 0.644490067479337 0
3366 0.9667628240585677 0.5688137106963778 0
3367 1.016810358940254 0.6096462294335123 0
3368 1.754664587286264 2.253232364536829 0
3369 1.470685339220379 2.456267761098216 0
3370 -1.719494480882827 0.7609331495152283 0
3371 0.9601722697943158 2.265821714270892 0
3372 -0.6499063540588943 1.991723246689893 0
3373 -1.571034061035335 3.313943176554574 0
3374 -1.49605023294764 3.371864382963671 0
3375 0.05676539628061363 0.1029774509662884 0
3376 -0.420707763443299 0.1953668485255378 0
3377 -0.5145601766650602 0.2536979072337773 0
3378 -0.3360811443143041 0.1471299515183513 0
3379 1.260311803835316 2.251583801652179 0
3380 -1.316776529132033 0.620872954901325 0
3381 -2.177249755515912 2.393959571281216 0
3382 -1.929052915430872 1.309726032115597 0
3383 1.896160508756284 1.340737354516451 0
3384 1.85865015901939 1.354481317219601 0
3385 1.827049705253224 1.331691290014587 0
3386 1.892792910161806 1.37995007903812 0
3387 1.82578298426158 1.367976545873825 0
3388 1.22644244585983 2.414616597520703 0
3389 -0.8002784699443055 2.767391793850415 0
3390 -0.8224495472027874 2.834083598441466 0
3391 -0.8662609472506715 2.778532912994263 0
3392 -0.8911384030729527 2.845814265134933 0
3393 -0.9310554751861944 2.789994552127423 0
3394 -0.9094505651407641 2.728030389385248 0
3395 -0.5102226324132737 2.439642875331731 0
3396 2.242493393152 1.126550327726383 0
3397 -1.900146301944696 1.481877185840019 0
3398 -1.714224301275679 1.315172627290192 0
3399 -1.3479216422864 1.292547674536203 0
3400 -1.897243526165269 2.023777442122959 0
3401 -1.942875419569365 2.022834242448081 0
3402 1.060446968391987 1.549880021982385 0
3403 1.039705932496688 1.520188500679258 0
3404 1.02016950829491 1.559769403130953 0
3405 1.057159424531834 1.479305428547851 0
3406 -1.141405751641235 1.426284697144683 0
3407 -1.102340376118843 1.42004918512776 0
3408 -1.076971313165152 1.45244037507454 0
3409 -1.056830247278512 1.413979665437795 0
3410 -1.130294808487443 1.386942848481269 0
3411 1.405812860626634 1.276758167416335 0
3412 1.378901933723165 1.248048883734229 0
3413 1.415379846542117 1.2401618564351 0
3414 1.389235058335058 1.21030760676421 0
3415 1.347977807332004 1.215359457683981 0
3416 -1.875061869216253 2.063250606939272 0
3417 -1.880238059478982 1.444889362293275 0
3418 1.217481161607357 1.359192492444107 0
3419 -1.551094297867022 1.270058025545331 0
3420 -1.534458367321726 1.232915131804799 0
3421 -1.494085185395889 1.231891223740183 0
3422 -1.57306964242646 1.238879207750268 0
3423 -1.516616739269086 1.195844039515654 0
3424 -1.476704252306587 1.192545491182303 0
3425 -1.454914544725269 1.225822055427781 0
3426 -1.438036843772985 1.188559522333316 0
3427 -1.054244627365163 1.932281899279716 0
3428 1.061299110342235 1.951822767098679 0
3429 1.040351003367399 1.985450068939105 0
3430 1.057268759879742 2.017723328451621 0
3431 1.016411086972798 1.950457668126947 0
3432 1.00845468153198 1.986512602718293 0
3433 1.685850656911132 1.304643535887012 0
3434 1.726030035475528 1.317785725068795 0
3435 1.758793772882843 1.306306170765722 0
3436 -1.981327453420283 1.791530958001397 0
3437 -2.015851252969648 1.773420406836924 0
3438 -2.017924129990526 1.733315424673654 0
3439 -2.050831327848375 1.755056534415495 0
3440 -2.053355670057079 1.715962919462828 0
3441 -2.048486154718053 1.793764034895975 0
3442 -2.020456220037045 1.6942115997419 0
3443 -2.055917415585244 1.676995703845705 0
3444 -2.087101809571589 1.698585156960503 0
3445 -2.083412504243737 1.776404533875239 0
3446 -2.025306459127345 1.652392012970034 0
3447 -1.99072930277253 1.672119044457598 0
3448 -1.091926242879137 1.49093256215062 0
3449 -1.056008015280612 1.488502070524651 0
3450 -1.424007034274978 1.275096751544778 0
3451 -1.976312444602795 1.832010178274722 0
3452 -1.028630406540186 1.645138646495099 0
3453 -1.002015919235691 1.617343745279781 0
3454 -0.9914460111765662 1.651590883567203 0
3455 -0.9694988649126266 1.619105998502169 0
3456 1.572859951103236 1.271870737298649 0
3457 1.609979068583241 1.278647176917428 0
3458 1.594217670000194 1.239655272436855 0
3459 1.634725160896756 1.24551208039499 0
3460 -1.018004421511376 1.771977440602866 0
3461 -0.9836079852939977 1.752369730182012 0
3462 -0.982857218980808 1.712363043181242 0
3463 -0.9493817788665034 1.731123396110605 0
3464 -0.9487335506397013 1.773053310161085 0
3465 1.021710638057581 1.792662595437463 0
3466 -1.269386522372269 2.180327179667541 0
3467 1.101333425958622 1.477888588876772 0
3468 1.946112795523288 1.565780092992373 0
3469 1.021029531610082 1.707173520367066 0
3470 1.884684745487954 2.037200898744651 0
3471 -1.345456806449313 2.207666539571458 0
3472 -1.357561098874575 2.245309252409918 0
3473 1.935739133403455 1.968589840632351 0
3474 1.949093826841511 2.005007195509524 0
3475 1.982668554152317 1.729215276737927 0
3476 -1.271289536499857 1.327637649337115 0
3477 -1.203360565676932 2.127355794709588 0
3478 1.485446229805442 1.261527370704725 0
3479 1.155533094463903 2.089301659671902 0
3480 1.116172387197857 2.096210102171294 0
3481 1.145280639030081 2.124161371101772 0
3482 1.106251777652314 2.134519680320451 0
3483 1.091880205833671 2.068104756759822 0
3484 1.137783424690499 2.16492612992127 0
3485 1.095172904251396 2.173261100928497 0
3486 -1.144551908886617 2.071995177657811 0
3487 -1.028025516148763 1.853155341509433 0
3488 -0.9938781377090532 1.839557138924016 0
3489 1.69269272964527 2.195385115234855 0
3490 1.724406626546902 2.222815041000035 0
3491 1.156361837400852 1.411875078652149 0
3492 -1.551628601383218 2.229266575707295 0
3493 -1.576199092946492 2.260370490604447 0
3494 -1.616314530929494 2.254539603127775 0
3495 -1.60116818781854 2.291283892959525 0
3496 -1.561697649999214 2.296952557869641 0
3497 -1.639841200087728 2.285459152787569 0
3498 -1.656762142717097 2.253420170137904 0
3499 -1.67865816572153 2.281587290648282 0
3500 -1.621932687445505 2.322809436273439 0
3501 1.450745638239944 2.228487062643582 0
3502 -1.42258920622512 2.225284165533515 0
3503 1.612138388516135 2.225107707578806 0
3504 1.529846485264455 2.229965496198527 0
3505 0.1088360336002996 2.184922998952589 0
3506 0.1804557755311159 2.171600187244073 0
3507 0.237789995201855 2.231058506450703 0
3508 1.09719078964402 2.027000171112585 0
3509 -1.59394326887811 1.275230693820005 0
3510 -1.015140231563582 1.686298472984159 0
3511 -1.130533233709881 0.2396261165661608 0
3512 -1.0556820119302 0.2007522625549518 0
3513 1.323546365964361 2.384075029765639 0
3514 -1.716003497887356 2.187750775377164 0
3515 -1.461495270707696 1.00060338661341 0
3516 -1.498902009051559 0.9831373403584678 0
3517 -1.494760868807265 1.021689289704392 0
3518 -1.538045656503894 1.012164633708339 0
3519 -1.537221828693493 0.9660093380254076 0
3520 -1.57518354336037 0.9876954454300342 0
3521 -1.581685759054668 0.9474075239420332 0
3522 -1.615643564416213 0.9686873752762954 0
3523 -1.608214908666638 1.009216328551103 0
3524 -2.465726188481742 2.76653417830508 0
3525 -0.9384323718982082 1.846579509658199 0
3526 -0.9821655479118473 1.798532431009859 0
3527 -0.6394959846976952 2.663860144470942 0
3528 -0.6549173176159575 2.595773358012529 0
3529 -1.717886982756827 0.7092017781428832 0
3530 -1.662316517491799 0.7423477425607239 0
3531 -1.415769081441554 1.219110808441577 0
3532 1.035414209166049 1.626879843776819 0
3533 2.28934246478331 2.250013834457449 0
3534 2.249817873462026 2.216027002897404 0
3535 2.260309404361423 2.16220485695033 0
3536 2.212942612542935 2.179521395129984 0
3537 2.30910188832976 2.141738875428452 0
3538 2.269565850182008 2.10864411469971 0
3539 -1.463268928568449 2.235759886951043 0
3540 -0.7585284360457393 1.063192259610732 0
3541 1.750223582359819 1.072651474133643 0
3542 0.8902467827716376 1.704659519096215 0
3543 1.400104900977971 3.317546536390815 0
3544 1.478208954110815 3.292434956544174 0
3545 1.321997735776178 3.340598227335243 0
3546 -0.1782444804586538 2.68473466843962 0
3547 -0.1508027876943352 2.598965772309521 0
3548 -2.013397460238663 1.814431018526666 0
3549 -2.04733420050094 1.830515375596328 0
3550 -1.15384665786311 1.241757487151968 0
3551 -1.051207021577154 0.8984990390385652 0
3552 1.99528225989888 2.804996847166588 0
3553 -1.127184510425832 0.1543508398965399 0
3554 0.5433500848187525 1.757130974730733 0
3555 0.5842033990368996 1.719887874752384 0
3556 -1.709061258038835 3.343885479858233 0
3557 1.399902985370095 3.038108551027574 0
3558 1.783456761686641 1.096943293475234 0
3559 1.719321141549029 0.7196124645569446 0
3560 2.22069185561126 2.13074149315625 0
3561 2.224716316402226 2.086919581976789 0
3562 2.26894837503744 2.05767516598344 0
3563 0.7169081949947438 2.213246477910713 0
3564 2.286776187063877 3.203684246067525 0
3565 -0.1635794158141506 1.423692707091512 0
3566 -0.1623380984017684 1.501827696799159 0
3567 -0.09538345810904075 1.540543995790144 0
3568 -0.1643345324353937 1.576749076973702 0
3569 -0.09671306647387441 1.616306856278666 0
3570 -0.2283916349124757 1.461620539714291 0
3571 -0.2922775143971162 1.425219389537936 0
3572 -0.3044746039532455 1.346053165428981 0
3573 -0.3572580996596952 1.395580190257248 0
3574 -0.1666883777298944 1.650289153850261 0
3575 -0.0966772977626813 1.692117184025328 0
3576 -0.02647585000919049 1.652858954293805 0
3577 -1.535359153271921 2.264434479180562 0
3578 -1.522074352550972 2.302200532881877 0
3579 -1.548920045166781 2.33258913382419 0
3580 -1.509620446294327 2.337483095892072 0
3581 2.43100813585493 1.896716682317562 0
3582 2.472349748288908 1.929026398116825 0
3583 2.469147754866306 1.984483345480781 0
3584 0.609646016466895 1.483274378568209 0
3585 0.5641831530529042 1.455945662592184 0
3586 0.6534234936503506 1.511541669487777 0
3587 1.268851340660831 0.2536678013214164 0
3588 -1.620587064951069 2.655122421499909 0
3589 2.503172010692895 2.116935895840338 0
3590 2.497243493924004 2.172817965105375 0
3591 2.53301133674386 2.205934806215322 0
3592 1.994160343487822 2.300736699664282 0
3593 -0.4077017284675844 1.720289955938948 0
3594 -0.4711330609510103 1.712517011545436 0
3595 -0.5024351722557857 1.655008984379399 0
3596 -0.4511432085890992 1.76727104725656 0
3597 -0.4322094241674888 1.819624107137576 0
3598 -0.364973678278382 1.844223235220219 0
3599 -0.4597431177009581 1.607946910797325 0
3600 -1.009420552939792 2.937605020599376 0
3601 -1.057474846720138 2.8872099727964 0
3602 -1.126726213506294 2.900404285388012 0
3603 -0.9942611348945134 2.864821945380149 0
3604 -1.03661739793519 2.821057112004331 0
3605 -1.153741379691424 2.966661498222178 0
3606 -1.193111288357281 2.912913919957861 0
3607 -1.224826304345643 2.979452960841812 0
3608 -1.263492599136082 2.919681358537396 0
3609 2.258760625984889 2.419940830795714 0
3610 2.204781453822509 2.434064282763703 0
3611 1.713703351956632 1.0005198945545 0
3612 1.671766473272046 1.020100743512853 0
3613 1.71482050686046 1.048107239561682 0
3614 0.644854815508269 1.114823878589449 0
3615 -1.648830204430605 0.60358834570552 0
3616 -1.587443612919621 0.6276022542235005 0
3617 -1.535192334901996 0.5955254730589685 0
3618 -1.632659109157794 0.658403219555137 0
3619 -1.527264683950979 0.658622985629113 0
3620 -1.472982271824081 0.6194918457884686 0
3621 -2.015157320463175 0.3884533773551466 0
3622 -0.638045706808103 0.6101484054272655 0
3623 -0.7827732479502687 2.400170792324154 0
3624 -0.8720119446838702 2.4234042447381 0
3625 -0.8630258217671515 2.477708454305747 0
3626 -0.8955090170304119 2.527592550796988 0
3627 -0.246759455454392 2.613145732861082 0
3628 -0.2678360467319466 2.702735678941613 0
3629 -0.3332405860200567 2.646855038931187 0
3630 -2.257943935523861 2.474036273709416 0
3631 -2.200967819987485 2.486422875352781 0
3632 -2.090289678441223 1.659234026771787 0
3633 -0.03712923290519578 2.352696293612724 0
3634 1.767129251984655 2.151276681272676 0
3635 -1.788780406001523 1.331430474972451 0
3636 1.935861607706073 1.28526215678591 0
3637 -0.4210050986744275 1.255102839386965 0
3638 0.4792187622158353 1.339212207170278 0
3639 1.262142222806451 0.1594053998520057 0
3640 0.2482661464531308 0.5827399507075877 0
3641 0.4331958664061248 0.8928780984871798 0
3642 0.2491643565695677 0.6834024331776862 0
3643 1.877746762284898 2.794921359028539 0
3644 -1.783432402866298 2.139942536725838 0
3645 -1.738613681582345 2.99159168429499 0
3646 -1.749867100202608 2.921100220661516 0
3647 -1.380943760041058 2.997804539136807 0
3648 1.03878001119894 0.5335294998846294 0
3649 1.75077522029096 3.009017414758306 0
3650 1.771031421585071 2.936265510339703 0
3651 0.3639283802867888 1.409087830800857 0
3652 0.8092959653346876 1.54985458204317 0
3653 0.9887082435816614 1.817932450150769 0
3654 -1.960792193954748 0.9242345707097119 0
3655 0.5333277876152526 1.175990037542171 0
3656 -0.4468616112469299 2.439419032604906 0
3657 -0.4757917433663235 2.37436559827951 0
3658 -0.4277872419971711 2.321257137457984 0
3659 -2.045535979595735 0.5964719323298304 0
3660 -1.989802859440509 0.5603139043023506 0
3661 -0.9524115835893538 1.583011659373596 0
3662 0.2851511834660611 2.5101381275491 0
3663 2.293980361780609 1.957333995601674 0
3664 2.248294613849375 1.97503508535973 0
3665 -1.706786642953088 2.225851225235411 0
3666 1.64511559623487 2.662445592714022 0
3667 1.839589272298637 2.917401122070256 0
3668 1.797188508427258 2.866312765469594 0
3669 1.726539254300227 2.881259808695916 0
3670 1.756562889964211 2.824217853260818 0
3671 0.7229071808630279 2.476628278171075 0
3672 0.506179360689812 2.39710450290531 0
3673 0.5797487760904254 2.380135773783075 0
3674 0.6184076016638992 2.435533310792444 0
3675 0.5987534832526483 2.497257446238889 0
3676 0.8795469573068972 0.7471584076457995 0
3677 0.9468281681510761 0.7200356484994828 0
3678 0.7037721845201343 0.7809685855911221 0
3679 -0.9003746464014917 0.681350683954721 0
3680 -0.959483095068739 0.6467064630742507 0
3681 -0.9680133572580842 0.5867683073851127 0
3682 -2.013920279832586 1.856350311010035 0
3683 -1.233539671870773 2.559512887255002 0
3684 2.057670235710149 2.053136363039231 0
3685 2.054160773014285 2.093480064387426 0
3686 -1.710329622393218 0.9932076085466428 0
3687 -1.673422923954746 1.013279749193816 0
3688 -1.707691629962945 1.037184151819693 0
3689 1.622886972381406 2.407672412619482 0
3690 1.603607060311293 3.04303913779418 0
3691 1.789865183042048 1.053984470356331 0
3692 1.069474174551475 2.14387935991018 0
3693 -2.043657208574484 2.300560802413191 0
3694 -2.015612269044027 2.233608956636734 0
3695 -2.056308548737673 2.211863040981501 0
3696 -2.074792953601083 2.170372388372902 0
3697 -2.033937637495301 2.344701599314759 0
3698 -0.6103637221044602 2.544289253408118 0
3699 0.2934768091098717 3.326275728030291 0
3700 -0.3434144056685283 0.9529274491638495 0
3701 0.2458981885056788 1.940221080689623 0
3702 -2.285672177668584 2.585640861535963 0
3703 -2.231267231726079 2.539660191393466 0
3704 -2.034291289238525 2.177748311117361 0
3705 1.632712678985046 0.9454481845007245 0
3706 -0.9453794381331433 1.689919561180957 0
3707 -0.9154211786843791 1.71327590554582 0
3708 0.8407700176728735 1.442379731505535 0
3709 -2.445339931793674 2.84165686855336 0
3710 -2.364319458580948 2.862042383297541 0
3711 2.024526865462097 0.3316760410610435 0
3712 -2.111533902807513 2.824454132734285 0
3713 1.250179054778034 1.024518760171668 0
3714 1.289791293768187 1.002767565111861 0
3715 1.292394126285069 0.9568243992745253 0
3716 1.330070302268687 0.9817634539621064 0
3717 1.333312088916901 0.9361990076685553 0
3718 1.370862605891017 0.9607387289581187 0
3719 1.373922508525093 0.9154176121853939 0
3720 1.412282790558303 0.939776966425083 0
3721 1.415021555764528 0.8945049422519702 0
3722 1.453925653721271 0.9204033994381524 0
3723 1.374883124168812 0.8684490923556669 0
3724 1.45777684387619 0.8760217538360195 0
3725 1.450377986770824 0.9628158291504221 0
3726 1.489064804822149 0.9450199770176184 0
3727 1.284103265495204 1.049046001253845 0
3728 1.245344809877942 1.069955669587307 0
3729 1.36833402012247 1.008194833648996 0
3730 -0.7609683771293889 1.568612124116453 0
3731 -0.7796643721642887 1.616036604840954 0
3732 1.133610496307489 1.173147308826355 0
3733 1.964601661522879 1.603914554765165 0
3734 0.9861188352952417 1.262201668426761 0
3735 -0.6307098110791871 1.840641641841332 0
3736 -0.6528864985358563 1.794173146040657 0
3737 0.9102867011512715 0.9644340670328997 0
3738 0.9152932280331636 1.020534704653882 0
3739 0.9573791661738389 0.9929291369199462 0
3740 0.9596496860089558 1.045305257657106 0
3741 1.001556544007035 1.020440500565062 0
3742 1.003020145206057 0.9699855788083289 0
3743 1.043191646080213 1.000457456851406 0
3744 1.044280812193012 1.0471517393618 0
3745 2.042616951642853 2.208827712232138 0
3746 0.7692654159644403 0.5972531464014805 0
3747 -1.475655389515057 0.5580663229344585 0
3748 -1.427671695794883 0.5875225255624901 0
3749 -1.405454231812314 0.531907434190084 0
3750 -2.09780128380705 2.087323705499201 0
3751 -1.46583548773635 2.54412580730222 0
3752 -1.480024123267108 2.500198007857685 0
3753 -1.969902559219509 1.255961285632613 0
3754 -0.4951972522822881 2.303795558553136 0
3755 -0.4530130912343349 2.256364821825987 0
3756 -0.3817356008173872 2.264540984840228 0
3757 -0.4121649694852277 2.206929628810623 0
3758 -0.411781850451245 0.6588665871887645 0
3759 -1.50136489309834 0.8550528103994868 0
3760 -1.500014588803154 0.8981016274609166 0
3761 -1.458619699124166 0.8269843799228009 0
3762 0.4273718545550931 0.9704625515713667 0
3763 2.276534258865834 2.533179338075903 0
3764 2.239100727256334 2.480852568702939 0
3765 2.184478036955588 2.483137839226892 0
3766 2.208253274585748 2.531053661517896 0
3767 2.155901054467138 2.441353845625612 0
3768 2.273960498771035 2.594841187897649 0
3769 0.8077386759753387 1.021857736951795 0
3770 -1.748563276375141 1.017520995950146 0
3771 1.119169721298205 0.848071770462312 0
3772 1.072525334922672 0.885006200726121 0
3773 1.063438219538168 0.9329635307081201 0
3774 -2.293842663898544 2.299242831215249 0
3775 -2.253064082369108 2.265736967593327 0
3776 -2.258457917421875 2.214049447453001 0
3777 -2.214428058812621 2.239212756311127 0
3778 -1.465798264836228 1.264079097429065 0
3779 -1.637418925218827 2.217951597593937 0
3780 -1.929387466527101 2.560767291738702 0
3781 -1.982516388693478 2.541582405063717 0
3782 -1.934603453684775 2.506683592349873 0
3783 -2.002100480410017 2.432438937929012 0
3784 -1.317939929372559 2.236706032297909 0
3785 0.2436508607945251 2.679298099511183 0
3786 0.3328573109515685 2.655875886587694 0
3787 0.4979854213475657 0.6993038855071723 0
3788 -0.8457359403193665 2.204713083549421 0
3789 -0.8135537500606366 2.1709008821904 0
3790 -0.8898763724925427 2.190185497353029 0
3791 1.803023750485346 2.616626087320807 0
3792 1.753265554005941 2.6362589128895 0
3793 1.908285035677667 2.58073068959075 0
3794 1.962110214472038 2.563947515782724 0
3795 0.646971503320569 0.8227885371072501 0
3796 -0.477692138013728 2.196183161358375 0
3797 -0.4399093981962465 2.148870015545207 0
3798 1.365074902945671 2.214901956108736 0
3799 1.21245234495352 2.144473915537331 0
3800 -2.314173599521473 1.276104133864499 0
3801 -2.314731848553929 2.190286575015475 0
3802 1.543252690114308 2.999736851474958 0
3803 -1.940276503345581 2.760659464807738 0
3804 -0.02974963196103932 1.732603952034241 0
3805 -0.09858603253730777 1.769341448614878 0
3806 -0.03033959958663761 1.810314241779587 0
3807 -0.09911091251441871 1.844489956270857 0
3808 -0.02901896927545777 1.885316918718166 0
3809 -0.108441999351541 1.922375363638147 0
3810 1.454981574947313 2.359576107388797 0
3811 -0.9549789908534635 1.319360542833963 0
3812 -0.996198103057883 1.316347807542509 0
3813 -0.4101599827196638 2.669338429340255 0
3814 -1.084294255438748 2.597119360957 0
3815 -1.050321855079888 2.558616172402884 0
3816 -0.9891850060904313 2.561182804461826 0
3817 -1.890322142232664 1.364681168710732 0
3818 1.135350298710282 1.211509398956239 0
3819 0.8120724015144672 2.287374304864206 0
3820 -1.203433353197475 2.365759550486221 0
3821 -1.906168073345144 1.168219641445984 0
3822 -0.9692099949129069 2.741790209837364 0
3823 1.469851155282299 0.4959655763051209 0
3824 0.6565807989160719 1.964431213477811 0
3825 0.7054419027269457 1.98691336110822 0
3826 0.1812205676423456 2.389562893436834 0
3827 -1.11005683734035 0.899640880126914 0
3828 -1.162135030692161 0.9245973504610583 0
3829 0.5946068053983634 2.758731115939645 0
3830 0.6690573997793954 2.743428402619812 0
3831 0.484196977142535 0.5271486858997598 0
3832 2.045403831877521 0.8679589418242557 0
3833 2.085187267892776 0.839010682017364 0
3834 2.083259415747717 0.780951669251627 0
3835 -0.6708760446183328 2.265317357411328 0
3836 -0.2312177078164043 1.534527176285124 0
3837 -0.6208412865372936 3.306446643477882 0
3838 -2.118177823184325 2.00548223281603 0
3839 -1.559570157743453 2.520093998508818 0
3840 -0.1774713141983292 0.7130996148729478 0
3841 1.061404489068037 1.22420512169483 0
3842 -1.866923360826137 0.8040153624733257 0
3843 2.259820103072357 3.285436762322955 0
3844 2.215324337377271 3.13246837485857 0
3845 1.865350030439035 0.8178423050132326 0
3846 -0.4126301642076551 0.9886161813310848 0
3847 -0.2015278371057934 1.044218703541817 0
3848 -0.2764114175633881 1.079715077048496 0
3849 -0.4753517192679303 0.9549144364610733 0
3850 -0.8544891281361485 1.438762063876017 0
3851 -2.294299469000562 2.054203813065977 0
3852 -0.5237152581600583 1.703738811468309 0
3853 -1.208458457157641 0.9511409128643959 0
3854 -1.68704301180608 2.943720728550915 0
3855 -1.695078168376553 2.881331506679619 0
3856 -0.5621789092461164 1.492416959868891 0
3857 1.734767538831661 2.367687964684146 0
3858 0.6843376286030749 2.424064928322386 0
3859 -1.537780373499949 1.158044961733348 0
3860 -1.561909148240215 1.197909984352484 0
3861 -1.596651736525287 1.183380844189952 0
3862 2.151269832374017 2.64451712007879 0
3863 2.163902678114531 2.581495756019506 0
3864 2.387512329176793 1.537871812137022 0
3865 1.715872957324447 0.832495543191045 0
3866 -1.885233721797493 1.403062589033176 0
3867 1.263693794719046 0.8233559460029682 0
3868 1.314955600285626 0.8554225365021246 0
3869 1.055832248585503 3.052781553074073 0
3870 1.085554458231889 2.985080736520653 0
3871 0.8760272846068996 1.420684677336851 0
3872 0.8763163861756353 1.374082005617126 0
3873 0.9169964266381155 1.399130058585388 0
3874 2.314497353719737 1.280239642697486 0
3875 2.251656692552183 1.069151711866552 0
3876 0.488104731372546 0.6140953197251702 0
3877 -2.72153586965494 2.731147502666913 0
3878 1.501612663623701 3.422369989878631 0
3879 1.689665655639217 3.418663810337065 0
3880 1.643466675069593 3.346538341658748 0
3881 1.733727158858707 3.345265015911706 0
3882 1.823865933419115 3.336133043738036 0
3883 1.875028935536692 3.41268008529631 0
3884 1.912746239115426 3.342246893754734 0
3885 -1.309886154423301 3.419650185927654 0
3886 -1.261640317215511 3.342055979948859 0
3887 -1.172440565701253 3.339688538227385 0
3888 -1.218038466849976 3.267445685391272 0
3889 -1.135127410605377 3.270927977723507 0
3890 -1.078405857206685 3.339875432687275 0
3891 -1.054179870095126 3.268999236220703 0
3892 -1.212172053870169 2.662201573000263 0
3893 -1.263675122725906 2.643383130552017 0
3894 -1.087352110251751 1.384513388105906 0
3895 -1.048878802755586 1.377018382109928 0
3896 -0.5993952570033456 2.786109072385308 0
3897 -2.000804979345718 1.897337206611947 0
3898 1.342086907934053 2.706510656988788 0
3899 -1.814942746526798 2.11634956571385 0
3900 -1.85164847798526 2.126566984079147 0
3901 1.393749529777696 2.69177176448656 0
3902 1.359121108774362 2.654577918191265 0
3903 1.372391163285078 2.604974146593717 0
3904 1.322392138586489 2.617647669822481 0
3905 1.342077446807502 2.569869037995104 0
3906 1.165658466086374 2.747504916922588 0
3907 0.3044233621176731 1.980090729912069 0
3908 -0.861325156990584 1.054534393578547 0
3909 1.117584645868068 3.421156168295744 0
3910 1.161656538101623 3.354643209664184 0
3911 -1.878773451910049 3.4160267503344 0
3912 -1.840152057402755 3.334377565069888 0
3913 -1.924660642310614 3.339304403370875 0
3914 -1.124369251463821 2.274003893710591 0
3915 0.8907170905085088 2.012789319496953 0
3916 2.165619917093936 3.406777414106949 0
3917 1.205016676484908 3.023567314644617 0
3918 2.450907106736142 1.755741941324885 0
3919 0.7868582429715837 1.732702830972201 0
3920 -2.215018725980928 0.9464579000617381 0
3921 -2.168746799588143 0.991108180452918 0
3922 2.214104288935243 0.942770669856376 0
3923 2.153319578588526 0.9305575557563472 0
3924 0.04503515100439191 1.842231638889726 0
3925 2.242067124332435 2.024075597816673 0
3926 1.296752286204375 0.07282420410397972 0
3927 -0.8290512516097402 2.12776371777121 0
3928 -0.7989950575119115 2.088268268389088 0
3929 -2.533451025409038 2.101897188545288 0
3930 -2.515180583314712 1.978001251804587 0
3931 -2.493589510896914 1.922222775788525 0
3932 0.5786519569250237 1.667098052220624 0
3933 0.03070370174121126 1.224798398187145 0
3934 0.9137444307627747 1.350035398043806 0
3935 0.959642090416793 1.406584008291356 0
3936 -0.9140702545020507 0.5470127376276994 0
3937 0.7194546398857461 2.802234140178223 0
3938 -2.169602148860823 0.8315234669651972 0
3939 2.175317924591416 0.8234934128628602 0
3940 -2.286559673680554 1.869860075423029 0
3941 -2.574239926321566 2.221643315300196 0
3942 -2.533090821460186 2.275709374282183 0
3943 -2.545411958771184 2.339690465600626 0
3944 0.9272516505297924 3.008391879778902 0
3945 0.8560462539359792 3.027388908881603 0
3946 2.350159665167632 1.38693923347703 0
3947 1.045338496985258 2.783155198695289 0
3948 0.9961559878185889 2.737576795062186 0
3949 -1.879713128439176 0.4548950158866127 0
3950 -1.940565710317738 0.5058455178655346 0
3951 -2.147140461844639 1.706799637301331 0
3952 -0.7718579070281517 2.010514776506452 0
3953 2.134562080134573 0.6905783842207658 0
3954 2.069591375804566 0.6714310517494375 0
3955 -1.096746099928265 1.207685241106129 0
3956 -0.06026374932176171 2.567585557305849 0
3957 0.006497313560016821 2.646177474988906 0
3958 1.648323859022563 2.249883756937014 0
3959 2.602141532959219 2.355602475482713 0
3960 -0.8514056124277687 2.904310444480036 0
3961 0.8405278893175778 1.209878225577846 0
3962 1.312027291743699 2.425847810533881 0
3963 -0.9166707666398624 1.46654113496832 0
3964 -1.008585487404215 2.15962054009236 0
3965 2.082450786731591 0.5575669249575821 0
3966 -0.4383346671268405 2.745417029008881 0
3967 -0.9761415690950802 1.353680320895932 0
3968 -1.019620434714955 1.354929494582338 0
3969 -1.260587999449598 1.140314763570365 0
3970 -2.645183222845545 2.498046018375353 0
3971 -2.574568744092296 2.473507567342804 0
3972 -2.585849207519609 2.548463466250523 0
3973 -2.559039706432069 2.405488998238737 0
3974 -2.51315748739633 2.456738282993715 0
3975 0.5282706255047231 2.11439780899053 0
3976 0.5788757905877772 2.143865567819387 0
3977 0.6266520722147071 2.12188869260204 0
3978 2.645175419575343 2.501285788346176 0
3979 2.594431375258443 2.552727169164078 0
3980 2.611772419088883 2.629109015026474 0
3981 -0.3426196631031604 2.198458925640198 0
3982 1.483214922664764 0.09192696899542252 0
3983 -1.479932754872232 0.07582991276729367 0
3984 -2.014876108256507 1.463664693636095 0
3985 1.668179614098756 0.07987015954098298 0
3986 1.714621148497902 0.1588993856897782 0
3987 1.805811916110273 0.1580315078356671 0
3988 1.755342602498297 0.2289515793734958 0
3989 1.673275111902682 0.2361276287998204 0
3990 1.632954899132617 0.1537564062123153 0
3991 1.852692495960343 0.08173848580960064 0
3992 1.893404736173638 0.1583262554211187 0
3993 -1.297821704641684 0.07747117983638541 0
3994 1.878846226094387 2.386722663923658 0
3995 -1.214030152417377 1.274342647840484 0
3996 1.553551093531853 0.943809163015233 0
3997 -2.421018346847996 1.641878504967877 0
3998 -2.409877692810933 1.590936358062619 0
3999 -2.356108614326265 1.577107894974432 0
4000 -2.678085555163545 2.66461644095739 0
4001 -1.234398434421824 2.39626510640917 0
4002 0.8519700756897888 1.994951336901633 0
4003 -0.6442923741784291 2.166957121095924 0
4004 1.772290852450783 3.26431214753187 0
4005 -1.04348193574618 2.409081927066084 0
4006 0.9051676537354236 2.807850339045696 0
4007 -0.9160533031840973 0.968939383440011 0
4008 0.4182766511474468 2.049751936191747 0
4009 0.4269222143766075 1.979968261344821 0
4010 0.3005922974753668 1.117083010341758 0
4011 1.024989930685576 2.536991083224443 0
4012 0.9856128871142693 2.501488337944333 0
4013 1.035235925522964 2.484121183198956 0
4014 0.9369422753704227 2.513296207503751 0
4015 1.076255805480888 2.524527164536582 0
4016 1.091363260807223 2.476029942236674 0
4017 1.05755794669305 2.440913302776087 0
4018 1.106106457093458 2.430305434493967 0
4019 0.9201673667984605 2.564423428182706 0
4020 0.8776315804643302 2.515083606966141 0
4021 0.9521663988612162 2.46236568725201 0
4022 -0.6364092734444883 2.072747883815254 0
4023 -1.968653206912321 0.1565323765298638 0
4024 -2.73451976806143 2.905580874011285 0
4025 -2.773260167313092 3.004489215229699 0
4026 2.753793878554217 2.91339797151293 0
4027 1.537684882002044 2.696286412621896 0
4028 -2.426805349686061 2.095764857399797 0
4029 -2.478134054883447 2.07209702758376 0
4030 -2.12516468603993 1.784749450796697 0
4031 1.502809592402537 0.857935111339712 0
4032 1.784327324252708 2.280475544569603 0
4033 -1.071623336912831 2.486010190217077 0
4034 -1.3849996630971 1.001789694801759 0
4035 2.413171851585621 2.050367607883055 0
4036 0.1652730535966717 1.206603727177392 0
4037 -0.02571814590365199 1.500285241743716 0
4038 -1.789678691095764 2.308371665453133 0
4039 1.89222990934761 2.967701082318093 0
4040 1.639889219804542 2.516903098141936 0
4041 2.058905082086264 1.419720947794427 0
4042 1.129257156944966 1.000769977540128 0
4043 -2.105560855314792 1.539429874173189 0
4044 -1.421964245722654 2.384670780281157 0
4045 -1.386566082165705 2.526572601108667 0
4046 -0.4244411068473138 0.7495895401074024 0
4047 -1.35948526905533 2.682193699008018 0
4048 2.773609790605596 3.007256882049302 0
4049 2.705028599994921 3.075981518630315 0
4050 2.729583198811584 3.169749321505999 0
4051 2.686022246743295 2.98257135130249 0
4052 2.616739498034927 3.052822535229143 0
4053 2.637048296608971 3.14440904716961 0
4054 2.661149738365332 3.242554288254435 0
4055 2.756267967104487 3.261455420832445 0
4056 2.702657448565801 3.335922115996381 0
4057 0.9537265571052714 1.997226202076625 0
4058 0.9634036223286604 2.038347395422757 0
4059 -0.4978503766434608 0.1582254469919273 0
4060 -0.6916695222687688 0.3205667566271488 0
4061 -0.6057294135134361 0.2786975691846709 0
4062 -0.5895010916111803 0.1742179451119534 0
4063 1.592397454289949 0.919679458105898 0
4064 -1.203857008711383 0.183075796237959 0
4065 -1.211623058716553 0.845631321533584 0
4066 -1.2978168458768 2.541750795272616 0
4067 -0.3654539461003048 3.017905409901991 0
4068 -2.114524375886614 1.862201404129094 0
4069 -2.069795966097242 3.402817614738588 0
4070 0.960288478841868 0.9366658338608707 0
4071 1.867608436149473 2.545374684356691 0
4072 0.9244760773492875 3.416773919623507 0
4073 0.8761114080325123 3.339947049610781 0
4074 0.7809103791293027 3.341171109953968 0
4075 0.9692504984418743 3.348073176343699 0
4076 -0.9247527810422354 3.416571455708403 0
4077 -0.8759822383946509 3.33365710576674 0
4078 -0.7872871256156474 3.328387193198381 0
4079 -0.8405176991748353 3.252723070636267 0
4080 -0.9208404220231787 3.261386329744822 0
4081 -0.9801024159524721 3.329834440625053 0
4082 -2.490207831416694 2.393911103087305 0
4083 -0.2567224520687458 0.1987261151120496 0
4084 -1.218655067550183 2.328186079314696 0
4085 -0.9051844587095508 1.998172030339674 0
4086 -0.2790015938958806 2.99141612743005 0
4087 -0.2080847428664252 3.058589412474598 0
4088 -0.8231759231724305 0.7848428022900036 0
4089 -0.8946020932940407 0.7541068817468224 0
4090 -0.7416035346701665 1.409779804911512 0
4091 -0.7353880896046636 3.409542724238329 0
4092 0.7311960021486362 3.416759606032512 0
4093 0.6809248097357996 3.326161676956502 0
4094 0.5759807931697234 3.340994592407847 0
4095 1.146910954683052 1.371000009222229 0
4096 1.000267082150675 1.069176104984543 0
4097 0.9596115589549938 1.096316956394504 0
4098 -1.102944216500543 2.549113379512361 0
4099 -1.563203560503553 2.381609479001687 0
4100 -1.716218250031329 2.332772914518452 0
4101 0.6945137951600431 1.9329891458605 0
4102 0.3885477870506944 2.73932545414142 0
4103 1.662411775866687 0.7444694055759176 0
4104 0.7464700525902785 1.64024239808806 0
4105 2.142465811547712 1.754082333931983 0
4106 2.025271811055354 1.123087794057771 0
4107 1.444985184279349 1.121159229327254 0
4108 -1.966141360442902 1.296102063997929 0
4109 2.363742607487757 1.437609107626946 0
4110 2.332032615305253 1.472645739408887 0
4111 2.104430099249018 1.763641814044759 0
4112 1.734738724331923 1.280447862602043 0
4113 2.127108076871208 1.65077938961151 0
4114 -2.172604704141767 3.416136919557577 0
4115 -1.925923226339122 1.348997652785357 0
4116 -0.8742616550651878 1.398449677733884 0
4117 -0.8833555914710621 1.868819015245147 0
4118 0.8394028040641814 3.183686673017374 0
4119 0.2273472321892658 3.25185580562382 0
4120 1.549720418021978 3.339630933724741 0
4121 0.2345259364058728 0.2026733749523024 0
4122 0.3187905191668821 0.1591128944667339 0
4123 0.39489497879066 0.2088232969950932 0
4124 2.109787888975373 1.548005319768296 0
4125 2.07949760948707 1.523373136571912 0
4126 -1.158988298511515 1.172300136462218 0
4127 -2.24994905787217 3.050343191972777 0
4128 -2.609496561522838 2.352603250107424 0
4129 -2.12720438415238 1.965752685224975 0
4130 -0.9109729967028635 2.274012255328255 0
4131 -1.01601927963839 1.279518492587 0
4132 1.564163997316787 0.7316148471119297 0
4133 -1.999715689407476 1.321738103072958 0
4134 2.090319044540327 1.664258430599219 0
4135 -2.07815256971258 1.87679097572723 0
4136 0.9503992433097967 1.5781677262042 0
4137 0.2213392752504033 3.000752393747685 0
4138 0.7618622045141544 1.799746385679779 0
4139 1.139549599778031 2.468291489271734 0
4140 -1.380331822273247 1.145440470712561 0
4141 1.021158952281979 1.241809802880178 0
4142 1.510374712262132 2.26813009084506 0
4143 0.06999236602820588 0.399628471651575 0
4144 -1.956365994661129 2.934778914167723 0
4145 1.104705601438581 1.234340710651294 0
4146 -0.4051120932182418 1.347296827757343 0
4147 -1.382778997284451 2.39563867373784 0
4148 -0.9119690884094971 0.09543965466057314 0
4149 0.9108725430577924 0.08279735776521968 0
4150 0.8625500534804088 0.1661214837433271 0
4151 0.7690133175092815 0.1656295509561228 0
4152 0.813067980506296 0.2450315027838466 0
4153 0.7258084568317971 0.2447415570932645 0
4154 0.8962818063773081 0.2417573058035336 0
4155 0.7707185886220524 0.3369005871946471 0
4156 0.9651151381757708 0.1650094371522333 0
4157 0.6749018540236572 0.1664125943794561 0
4158 0.6295918619194634 0.2599749409460086 0
4159 -1.984672967836935 1.712116491026596 0
4160 -0.165349495035405 1.722791830578093 0
4161 -1.826290601547612 2.444296878630511 0
4162 0.03377348496424724 3.044472230373318 0
4163 0.03634348030929619 3.291815316637811 0
4164 0.09450510366287387 3.351943948220459 0
4165 2.27917995826846 1.347031099570757 0
4166 -1.739277256472243 1.17739255371628 0
4167 1.273040498940391 2.28894406841018 0
4168 1.353020852489461 2.354197965951421 0
4169 1.406398679444007 2.267303470979941 0
4170 -0.9930103566039531 1.902304222178408 0
4171 -1.035652928575803 1.994207021839098 0
4172 -2.023884060069133 2.019778091761479 0
4173 2.017907680579309 2.109015419161552 0
4174 1.923015372602213 2.080631535911365 0
4175 -1.904880753072776 2.094047757863959 0
4176 -1.999317326983189 2.133250438738777 0
4177 1.977060293670637 2.164778297427576 0
4178 -1.98323280107087 2.210367093484944 0
4179 -1.79741580370653 1.259171012919271 0
4180 0.8941529217841577 1.747176624342541 0
4181 1.767683670026446 1.245873682780795 0
4182 -1.966111865285817 1.516715738126044 0
4183 0.9780345776278729 1.934414807472931 0
4184 -2.058921284814372 1.633338235140917 0
4185 1.577684315503926 2.281371977693264 0
4186 1.374951409095903 1.156099133127765 0
4187 1.874141184546738 2.169199067892355 0
4188 1.23906294386621 1.26887619402479 0
4189 1.925412282073718 1.40379377603395 0
4190 -1.888487533949698 2.173164159170968 0
4191 1.840989490283963 2.141858345574012 0
4192 -1.169250741466369 2.848035087722593 0
4193 1.830934108267992 1.292373305567621 0
4194 -1.134876384353396 1.346849712638592 0
4195 -2.827291620319703 3.210001940858043 0
4196 2.825202395153596 3.195320103663719 0
4197 1.186233657845175 2.285116426325777 0
4198 1.929319391272886 2.256137247089349 0
4199 1.035129439569429 2.074147379687074 0
4200 -2.225481032255444 2.608889316266358 0
4201 1.682816155482744 1.112207446964274 0
4202 -1.984661513920899 1.438836895073703 0
4203 -1.938784941231292 2.260796549485407 0
4204 1.085364296435545 1.361986776071761 0
4205 -1.829441613857887 1.281385357602023 0
4206 -2.089396323987821 1.978257148823914 0
4207 0.9346936244215112 1.842392485907484 0
4208 0.5349577266350529 3.415766003415142 0
4209 0.3404276442223039 3.415766003415142 0
4210 2.368250375249798 3.41857130648125 0
4211 -0.3393491426016628 3.419534463847712 0
4212 -0.5302351686857993 3.420522293723275 0
4213 -2.367719305108857 3.416496318440606 0
4214 -2.31078931858184 3.341139629743129 0
4215 -2.418784120645344 3.321556431029784 0
4216 -2.464873167457299 3.41483255030072 0
4217 -2.518235938794931 3.339776188645956 0
4218 1.444279903215426 1.159825804842757 0
4219 -2.080340944211672 2.018112816340246 0
4220 0.07879720211418653 0.5816476727658195 0
4221 1.61797068295897 1.07004892942918 0
4222 0.6109223534862919 2.685544070916559 0
4223 -0.2884982533938833 1.493429488662811 0
4224 -0.2308370534676569 1.605934825590761 0
4225 -2.085084836814577 1.737497450551375 0
4226 2.000160261205378 1.333601993693574 0
4227 1.971787766044076 1.269317066884829 0
4228 1.205722653552409 1.171755290101397 0
4229 -1.458367853642464 1.152965513608016 0
4230 -1.398708071283972 1.182150902962653 0
4231 -0.7948238243639503 1.815823470719418 0
4232 0.9427134569993855 2.145757780954537 0
4233 -1.336087925933928 2.302320448533021 0
4234 1.12657910895846 0.9030427348754602 0
4235 -0.05563064061764254 3.316484100901007 0
4236 1.870975915516128 1.197316473174194 0
4237 -1.794722789355846 1.29589834541229 0
4238 -2.050896886424683 1.448852700711225 0
4239 1.824267747546243 2.262459786830672 0
4240 -0.820917099637223 1.633860616332902 0
4241 2.060552080154686 1.639052882357603 0
4242 -1.121317117524286 3.419299470208855 0
4243 -2.054389297406972 1.132672026018249 0
4244 1.592791136751668 2.382579327314676 0
4245 -1.835367034499779 2.258981413017027 0
4246 -0.5032569356415159 2.141176820429498 0
4247 -0.8015892079295556 2.048949686308508 0
4248 0.9871875839767927 1.383140131683683 0
4249 -1.838617764885053 1.164928357889694 0
4250 0.876338846988701 1.463177313118992 0
4251 0.8340553011077605 1.8325686792676 0
4252 0.437285000342499 3.103383869335135 0
4253 1.546127340381585 1.144571698148096 0
4254 -1.870832182947691 1.186953250013296 0
4255 -0.8087098587187816 1.77894501440213 0
4256 -0.7736675289540013 1.522277398242077 0
4257 1.644346892210279 1.20779057395037 0
4258 1.306818810157206 1.19420104011927 0
4259 1.877879959544774 1.118427459818001 0
4260 0.9010840099521169 2.335176213953995 0
4261 -0.7107675356361896 0.6451244473274595 0
4262 -1.115861861263691 1.242185536324648 0
4263 -0.9090725687193796 0.4374812781267785 0
4264 -0.9116760917958777 1.788594214501837 0
4265 -1.957217885797599 1.910822376476005 0
4266 2.019573214217346 2.148891948340986 0
4267 -1.017844236025591 1.420834018173519 0
4268 1.359266260221738 2.919914165334587 0
4269 2.687700516963602 2.655327071623015 0
4270 -0.8114906371553628 1.674921008706594 0
4271 -0.6341332817185054 1.343321177443263 0
4272 -0.8749350945233105 1.156228806928547 0
4273 -0.7337845798345645 1.333750502817163 0
4274 0.5286020419401951 0.08200821614207587 0
4275 0.5775931267183799 0.1678757497094954 0
4276 0.5341142719281859 0.2493629891467624 0
4277 -0.1447400096662468 0.07981048616530151 0
4278 -0.719720101979107 0.08310611892376252 0
4279 1.255327109787977 2.390601371167372 0
4280 -1.236102122770165 1.30896322967011 0
4281 -1.908269271205893 0.2199031867185464 0
4282 -2.057022223224837 1.410073160902178 0
4283 1.018854958110963 1.286339394840178 0
4284 -0.8071616780685402 1.989193644713628 0
4285 -0.178525847016741 0.3530588820457556 0
4286 1.340222672570628 0.555196162081564 0
4287 -0.3552079899558412 2.329776040505467 0
4288 -1.744239112901881 0.3625413524241354 0
4289 0.5972663193197811 1.839840983410283 0
4290 -0.5402441716493387 3.058278356640185 0
4291 0.9477297859696155 1.539543766262551 0
4292 1.960733947136957 2.279634942280027 0
4293 0.7203817074078295 0.08293474205747131 0
4294 1.579102303378332 1.1652864465751 0
4295 -1.286131036950124 1.036582438224767 0
4296 0.7535217659877108 1.051515904221205 0
4297 2.022971814714195 1.434717330482416 0
4298 -1.150763732888184 2.307009715125846 0
4299 -1.933056995452749 1.271427470811135 0
4300 0.8766680429403705 1.926733361602064 0
4301 0.2439272342228847 0.4912496248702187 0
4302 1.253819705213008 0.9296709758274431 0
4303 1.991982955760114 0.9986302324469322 0
4304 1.949991750636467 0.9730880590456235 0
4305 -2.068964073403047 1.552154836248085 0
4306 -1.201090407727759 0.3338664859953917 0
4307 2.025585901875159 1.651959786850148 0
4308 -0.7841771188140072 3.102921500819721 0
4309 0.1580804366577424 0.8938210865316769 0
4310 -0.09080931948313592 2.91462442612866 0
4311 -1.978785873842609 1.477634422542472 0
4312 2.102313966644201 2.609310337400601 0
4313 -1.275837332056726 2.38708797624503 0
4314 -2.063211016304789 1.591723338366344 0
4315 -1.881306153151777 2.777061152762585 0
4316 -0.5211294513039857 1.756915914117187 0
4317 -1.798343434627766 2.270904461431702 0
4318 -0.5386594481979554 1.195839808756138 0
4319 -0.9799030639353903 2.342550435452031 0
4320 0.6558141519679093 1.559291898003477 0
4321 1.535817558377315 2.474439310648054 0
4322 -1.601880751078233 1.052523592005219 0
4323 1.67135587684354 0.3260190914950778 0
4324 -1.278359705445398 1.175239336147137 0
4325 -1.011402690841042 2.374540714871916 0
4326 2.199579445449613 2.22367198747983 0
4327 0.937488347926934 2.757460706013218 0
4328 0.8472733820921001 1.565549672367945 0
4329 -1.844541011709792 0.08609216300406719 0
4330 0.8286877540895508 2.535305113492838 0
4331 0.5612884553996488 0.5650021258409312 0
4332 2.463840481378064 3.410079406595137 0
4333 -1.562332262441491 3.102775453977483 0
4334 1.976492837931032 1.686954632204779 0
4335 1.840223009128006 2.40265906186238 0
4336 2.003604845893227 0.653865602221813 0
4337 2.077048490835603 3.041608809086664 0
4338 2.141166913473572 3.017046153152392 0
4339 -1.404391744671474 1.044419807334368 0
4340 -1.138325731521158 1.206349610174807 0
4341 -1.769209251912147 0.6776156823616104 0
4342 -0.5959922982985491 1.149270482419628 0
4343 -0.6470239211510719 1.175556256336298 0
4344 -0.6926545942568146 1.146410300886146 0
4345 -2.75858713805728 3.301621262005463 0
4346 1.578738343168334 1.207745617192584 0
4347 -1.503660138151288 2.462609358516138 0
4348 -1.719456199614211 2.292072206472845 0
4349 0.5256442739834013 1.362848693797127 0
4350 -2.69426452690257 3.146494085126238 0
4351 -1.760299565757919 2.282209167314597 0
4352 0.7484292406802322 2.099784166913651 0
4353 0.3973982801684086 0.2973553889299878 0
4354 -0.1316374016990211 2.033700057072702 0
4355 1.772563205952 0.6906925913661319 0
4356 -1.651847300982623 2.854399638180925 0
4357 -1.70291628262526 2.818308474998177 0
4358 0.7512472699600022 1.108536579602165 0
4359 0.2395360306207507 1.644792341168468 0
4360 1.171152216287481 1.151251148236632 0
4361 -2.155983835559942 1.446480070215148 0
4362 1.081551302968755 2.105714728227571 0
4363 -2.243564803168934 1.562924273620662 0
4364 0.6861658539363025 1.447555018435903 0
4365 0.8501515032014924 1.605449800279424 0
4366 2.181450317381005 2.34613708077889 0
4367 -1.600534741150822 0.7580139163994826 0
4368 2.427820192476379 2.923747347566256 0
4369 2.40038468154401 2.805770713182549 0
4370 0.02657802771252321 0.9330223016212005 0
4371 -1.126486901080895 2.239357797956978 0
4372 -1.19841229701822 1.369264061935423 0
4373 -1.318315904758696 1.176098896229574 0
4374 1.883763016809591 1.45480652019985 0
4375 -2.203508003019294 1.576236632365791 0
4376 2.004175346342164 1.292754550844275 0
4377 -2.177799901353587 1.179749869327033 0
4378 1.423406801679115 2.591554468670201 0
4379 -2.078436432272167 1.2487166238472 0
4380 0.7511052153070149 1.703434987401346 0
4381 1.083978400104154 1.441897042400513 0
4382 -0.3871111586322104 1.897833317940217 0
4383 0.4929204466257157 0.9341829425512622 0
4384 1.197307503075524 2.58231922664799 0
4385 -1.108526016248797 0.4036949933431102 0
4386 -1.431702847287671 2.347540295430441 0
4387 -1.586951853408211 2.327034902812488 0
4388 -1.261086088219322 0.9709196205671294 0
4389 -0.5163539895671629 2.243445991001078 0
4390 0.3639352265674782 1.950351740333484 0
4391 2.043353646760492 1.537471790659783 0
4392 2.344817652421822 1.630507176219123 0
4393 2.225150260072231 1.688167908227544 0
4394 -0.06364268975902737 1.143259925544305 0
4395 1.173140343372703 0.3695985645014483 0
4396 0.8445839189281953 1.949984394661887 0
4397 2.312968254419285 2.401770468699872 0
4398 -1.239800540311233 2.512092878578017 0
4399 -1.228234974249482 2.191410802855746 0
4400 1.40729042826148 1.18014592840773 0
4401 -0.9301582936653634 1.210506688322354 0
4402 0.2449959009738944 1.280651866367363 0
4403 -2.309631619110612 1.606632561007995 0
4404 2.054434200564996 1.459065826178608 0
4405 -2.314019748969965 2.45551323264815 0
4406 0.1107013091897257 1.345489490868981 0
4407 -0.9773638716046134 2.511415005686988 0
4408 -0.9463761010798061 1.808111010125674 0
4409 0.4757524247662948 2.932650441665926 0
4410 -0.1766279904617228 1.188092694039404 0
4411 0.6976946870526169 1.146222899922168 0
4412 1.322945569148041 0.6841798787482616 0
4413 0.8678111860339214 2.112720776159871 0
4414 -2.436852948195906 2.355142368523623 0
4415 -1.536151178111152 0.5278342723714338 0
4416 -0.4952286056768663 0.3438083983821683 0
4417 2.05162368840537 0.406228866878807 0
4418 -1.468874049669316 2.340124503056411 0
4419 0.5867884316533055 3.043485913069296 0
4420 2.432083397154596 2.301235158278108 0
4421 -0.4000717416785486 1.440826726321226 0
4422 1.926710682117456 2.041655707899048 0
4423 -1.650657211449498 2.458557581545853 0
4424 0.3649973778996343 1.213540891242185 0
4425 1.460688109365582 2.822401076261296 0
4426 -1.32512953925666 1.039088016888719 0
4427 -1.884773901720367 2.350269187182171 0
4428 2.464224990810135 2.586075082255977 0
4429 0.7010970269418169 0.392021727373103 0
4430 1.086332805171931 1.024342999258593 0
4431 -0.5073659714503753 1.898215775806463 0
4432 -0.2572429844843055 0.4832943376865479 0
4433 1.516409643917085 1.045548190541829 0
4434 0.1009613447349884 2.869820974779182 0
4435 1.360479312741491 2.525513689148767 0
4436 -2.45653187224302 2.584071949578391 0
4437 -2.127884360344629 2.543220389900788 0
4438 2.121634504542165 1.036727299433212 0
4439 2.171728949628795 1.018907611443369 0
4440 0.4131184508003405 0.6599125969787261 0
4441 0.5026204842473289 1.791795989348893 0
4442 0.9924563007375331 2.244294740382861 0
4443 2.085248636734155 1.483848172395227 0
4444 -1.340273835318905 1.143319019814166 0
4445 -1.411288575878405 0.6876697433780876 0
4446 2.281437879783418 1.783716175670637 0
4447 -1.886576965628451 0.5542707796569017 0
4448 1.045537016753937 0.2090640054313155 0
4449 1.933798373848927 0.6746054320800969 0
4450 -2.224286339013765 1.823913483602546 0
4451 -1.373979116053197 2.824304410021228 0
4452 1.81182544971818 0.9201568860588325 0
4453 1.608751818100482 0.7648017400218676 0
4454 -1.668137689874672 0.3935212916061552 0
4455 0.8657749984776455 2.459011948532254 0
4456 -0.778346235010744 0.4510563490455584 0
4457 -1.323857468195222 2.482859076317264 0
4458 -1.351520136026652 0.8246698621154516 0
4459 -2.082878800494051 0.7659727804268082 0
4460 0.844774745563188 1.058634302388705 0
4461 -2.210587152645269 1.901337686105219 0
4462 -1.181444186511627 1.066832310758051 0
4463 2.218907915315201 1.909479048405658 0
4464 1.371508742020186 2.253678859416103 0
4465 0.4824601551827363 1.016301291760179 0
4466 -0.4170164876938057 1.056590333075136 0
4467 2.463477855687466 2.457799529359381 0
4468 -0.7769305642577512 2.891874869926716 0
4469 1.629485892460836 2.369460484791785 0
4470 2.573631896646374 3.219886813828869 0
4471 -1.640326079834919 0.7901575101215506 0
4472 -1.889962074439935 2.952078680734648 0
4473 -1.087960854367396 2.744398684737127 0
4474 -1.030566264826402 2.757405484768455 0
4475 0.7283029215397909 1.46826749340761 0
4476 -1.797878406438387 2.415003556584944 0
4477 -1.19388064261095 1.24175235307395 0
4478 -0.4894614962749875 0.4407104331530167 0
4479 2.1636290800058 1.414251146791891 0
4480 -2.021983105899198 0.7900242399399282 0
4481 -0.5995272487852582 2.997725899556955 0
4482 0.9824609475166037 1.552153980837355 0
4483 0.4763279238756717 2.024763993069022 0
4484 -1.138252801988525 2.458923568815941 0
4485 0.02281202912809114 2.197969349133202 0
4486 -0.797947609412247 2.349619490384736 0
4487 -1.001770737767188 0.980027121245035 0
4488 -0.4425024445710387 3.271888583256581 0
4489 -1.777449175641933 0.477750308297457 0
4490 -0.7008573390485856 1.78219767489984 0
4491 -0.5385425790959386 0.9938246286547762 0
4492 2.00810654275891 1.552168673190674 0
4493 1.547008289737192 0.3198260095450725 0
4494 1.338971458952655 1.259955801886728 0
4495 1.109739075137641 0.08694426115732168 0
4496 1.021620915691175 2.016525042144515 0
4497 2.237858895160385 2.791870238963872 0
4498 2.389966093990077 1.87084048142518 0
4499 -1.013846839031071 3.135776640966719 0
4500 1.9063993375255 1.180146978395566 0
4501 0.6019608867042369 0.9519339248366199 0
4502 0.3717924808816092 1.519953539812407 0
4503 -1.493837531830416 2.268472973356392 0
4504 0.5227031216273842 1.540310111238273 0
4505 -2.409457439874996 1.86280661438439 0
4506 1.229217477907874 2.956415613013883 0
4507 1.548173036837705 2.592994990423575 0
4508 -2.325898912174726 1.535831572871402 0
4509 0.5927656068141404 1.407709895445002 0
4510 -2.12383991592481 1.641639857191321 0
4511 -1.063543223568449 2.219088661797426 0
4512 -2.452057047932014 2.238014462900964 0
4513 -1.977238757326597 2.247759975510682 0
4514 -2.465626146326131 3.059396165269951 0
4515 2.444441940510565 2.190425113838167 0
4516 -0.6496597195829106 0.9388709741790811 0
4517 2.525481849148398 2.90540147354162 0
4518 2.590399220859414 2.963882482056971 0
4519 1.629712909756106 0.9904220542705797 0
4520 2.029876925796869 0.7513374380769218 0
4521 -0.8622824943461084 3.113623289239007 0
4522 2.23974096488974 1.793524719667984 0
4523 -0.7935434925429976 1.92156743414832 0
4524 -1.112413142396804 0.7315660630530754 0
4525 -0.3765371140888499 2.065462247379028 0
4526 -0.8456105343263378 1.286941483446621 0
4527 -2.305831274413936 2.76268120892324 0
4528 1.838685657810036 0.5308314775453771 0
4529 -2.241398736128581 1.745997991034485 0
4530 -2.27833916045606 1.736180137413276 0
4531 1.169965144579737 0.7058613117893047 0
4532 0.7087741350985721 0.9002276676969263 0
4533 -1.263146502299175 0.707330428333079 0
4534 -2.127429038010792 3.014565909658526 0
4535 1.491970730089874 3.217555048523701 0
4536 -1.478730544016031 0.3434162439548532 0
4537 2.572831242449162 2.483566768531484 0
4538 -0.225686109350835 2.480339937627653 0
4539 1.290814890406214 3.203344945037139 0
4540 1.615271952926283 3.263741769963005 0
4541 -0.7631708265313029 2.607088142507065 0
4542 1.839008694800332 0.9516103739419006 0
4543 -2.227217720695438 1.64068217799902 0
4544 0.8381841316794066 1.259742637472143 0
4545 1.983248350383734 2.7038478688849 0
4546 -1.278888259408741 2.799251376783815 0
4547 -1.267985922012753 2.854311903323396 0
4548 -0.9922880089884202 1.173721055698143 0
4549 -0.4935863939995154 2.044939235552423 0
4550 1.420185479287325 0.6922744468569602 0
4551 -0.7554586761358508 0.8754688469794536 0
4552 -2.15822768041973 0.9378244768565893 0
4553 -1.952952827433287 1.012816892354482 0
4554 -2.018643976660147 1.009059313529589 0
4555 -0.6755530992280345 3.23525106266381 0
4556 -2.442213310430459 1.942924678203522 0
4557 0.8141993527736533 0.8406252550406386 0
4558 -0.6549841684727944 1.494975199133783 0
4559 -2.431738829730057 2.043153833988703 0
4560 -1.025250368997006 2.333488471749943 0
4561 -1.948117134609908 2.702596540958766 0
4562 -1.993856273057625 2.354802693904845 0
4563 2.419467648692819 2.000437386793049 0
4564 -2.111807139795384 0.8589152405163485 0
4565 -1.0762185798367 1.099999726094555 0
4566 -0.9731737471760428 2.272985948334006 0
4567 -1.967064687354338 3.132367742983862 0
4568 -0.2337591881869818 1.972480374792144 0
4569 -1.088079613533875 3.144418441922985 0
4570 1.677824791128092 2.500252090772945 0
4571 -1.930908695802723 0.6567391163639611 0
4572 2.190245525715831 1.478801446437425 0
4573 2.485317786428086 2.27811241180836 0
4574 2.204906236955997 1.989776085357459 0
4575 1.523387475387839 0.5828651083916796 0
4576 1.911751815911692 3.161981481150586 0
4577 -1.841870279582293 1.09326602412923 0
4578 -2.130781385307542 2.75823321797199 0
4579 0.8394996059781545 0.395957914572437 0
4580 -1.644113258946005 2.353163018496595 0
4581 0.5934975595440461 1.303459918241161 0
4582 -0.671971979950066 2.520153789605259 0
4583 -1.346267055510832 0.1594970815275563 0
4584 1.952506917160274 1.023046377827387 0
4585 0.8019756218413093 1.855097831426933 0
4586 0.7601575181415976 1.353580135649716 0
4587 -1.838974952391226 2.735680844657747 0
4588 0.6408763295057364 1.819419230051803 0
4589 1.755472214731497 2.471736155811286 0
4590 -1.232581973393748 3.17030503915445 0
4591 -2.082715172378733 1.839256662739851 0
4592 -1.823549276463505 3.167704681367696 0
4593 0.04603849146926758 2.564711085061131 0
4594 -0.6186493185786215 2.430558599909487 0
4595 1.133146443373679 1.047109058921102 0
4596 2.30932363749227 3.116145051239714 0
4597 -2.225630505302741 2.006995450706743 0
4598 1.167903461623625 0.583281282075502 0
4599 1.091377050363091 2.348503498517536 0
4600 0.5271565707687672 2.055301353322586 0
4601 0.0458526609920391 1.687886675087395 0
4602 -1.614621584293094 0.1958566974789551 0
4603 -1.672233438344672 1.300352841268903 0
4604 -1.731391324241432 2.763779921755675 0
4605 0.2300216682752881 0.9316733467249432 0
4606 2.166635899485781 2.191022255316506 0
4607 -1.012573122916174 0.7332312347172276 0
4608 -2.466097289889348 1.801512686371502 0
4609 2.714628808819168 2.736551003665501 0
4610 1.060373622567484 1.091102512595814 0
4611 2.20867528169601 1.584066339052295 0
4612 -1.110463910335219 0.611060790834266 0
4613 2.063917983763129 2.790923200124078 0
4614 -1.526627095726441 2.830788676932782 0
4615 -1.35367252645962 3.346117234048986 0
4616 -1.824689710392365 2.792990321899816 0
4617 -1.380944547088078 3.201830138766555 0
4618 -0.6957469018723111 1.202992017103833 0
4619 1.298277047857457 0.9079220567619637 0
4620 -2.137241278084957 1.34087691497646 0
4621 1.917569603452744 0.2779330931813977 0
4622 0.880339212710288 1.190146609542334 0
4623 -0.761268747582832 1.370340395645016 0
4624 1.066505874078301 0.7052006586837976 0
4625 0.4426317216515829 2.59481573895647 0
4626 1.028319327569121 2.404377688782151 0
4627 2.523359816349447 2.536075286356542 0
4628 1.717858496751348 2.529900813145529 0
4629 -0.8955567650981709 1.101145952104613 0
4630 -2.252796058807637 1.331007197258259 0
4631 -2.294909856218528 1.361914086570824 0
4632 -0.1603401829970082 2.289456923642755 0
4633 -2.296975279140848 2.827558844894502 0
4634 2.016408845275924 1.167016152277847 0
4635 0.04300184269045512 1.537062711254077 0
4636 0.9869157004642166 1.13331825092308 0
4637 1.097469774066334 2.389085592298219 0
4638 1.276900719461453 1.096432289010187 0
4639 1.087295963506278 2.665434755735168 0
4640 -2.228485130991391 1.205981535451928 0
4641 -0.7534402649062599 0.8130769906416826 0
4642 1.232519622855241 0.4099255263675654 0
4643 -2.014809053248579 1.152105692700641 0
4644 -2.051860340316229 2.669286451074898 0
4645 -1.919125248472084 2.056669218099988 0
4646 -0.7158573558259492 1.725396143389199 0
4647 1.614084413122368 2.827027155675168 0
4648 0.9115985942163849 2.169589943605459 0
4649 -1.165804546739961 0.4439158030764754 0
4650 -1.57788372982553 2.811738661597402 0
4651 -2.198459804565333 2.994819033413025 0
4652 2.025022487034687 3.271320738252995 0
4653 -2.151124700690674 1.044496637885111 0
4654 -2.210878227764258 2.088027800973549 0
4655 0.4365910083888618 1.65536841518351 0
4656 -1.34682926083335 0.8775839407617863 0
4657 -1.307992269358619 3.271356989307134 0
4658 1.487328829237796 2.380460589583034 0
4659 0.6085129605452915 2.965794875264558 0
4660 0.9775882083032578 0.3292521642168542 0
4661 -0.9801627791055678 0.2385807661582069 0
4662 2.105957315828813 1.324780655108962 0
4663 -2.058764628644423 3.329012363076525 0
4664 -2.199848246565094 2.130211158466667 0
4665 0.5207216109292443 1.951229580178702 0
4666 0.2503115094459273 2.915407656136137 0
4667 -1.289393790576436 0.3753860556965143 0
4668 0.7750962354553579 2.411753306650798 0
4669 -1.956736994996911 1.588223885181107 0
4670 2.187123049257576 2.065059223915608 0
4671 1.084515534146488 0.9715890611691648 0
4672 -0.1926890663686023 0.799702871012695 0
4673 0.4159285688526403 1.91425323043718 0
4674 0.9900684820577945 1.682439337606753 0
4675 1.355387608197124 0.347142751068404 0
4676 -0.2913780841505519 3.333262151634328 0
4677 -0.694202925670894 1.089349348024209 0
4678 2.175534693470685 2.148229569592468 0
4679 -2.104214140489625 1.314861431550666 0
4680 2.359922641947412 2.749656724024879 0
4681 1.157830341168308 2.973196441698333 0
4682 1.494532969630643 2.48656910182424 0
4683 0.681225663389443 2.365014991290481 0
4684 0.06128523256244906 2.060411032909228 0
4685 -2.187446402624933 1.4717182430842 0
4686 1.29701923447889 2.873920284957035 0
4687 1.24174800520151 2.894263041036718 0
4688 1.14367279592897 3.236438021443892 0
4689 -0.1734287500172408 2.094441372766228 0
4690 -1.059328466390303 2.161054700611285 0
4691 -2.152281891793782 2.350408731486674 0
4692 0.2468613669521622 2.149862898546321 0
4693 0.5809842871256415 2.316447612464883 0
4694 -2.14305879540819 2.487045378440476 0
4695 1.868735352281119 3.273365564543643 0
4696 0.4777886804377904 2.261700438150397 0
4697 0.3668980150376222 2.209723663282425 0
4698 -0.7710327570214797 2.308808543748275 0
4699 -0.0004383272497417004 0.8120757489957784 0
4700 -0.1311195860102062 0.8525003355634888 0
4701 -1.616559927901197 2.971057954393673 0
4702 -0.02612549076066772 1.576571166339124 0
4703 1.388210478818422 2.403683507022979 0
4704 0.3658792116344276 1.147670868075295 0
4705 1.329832330273172 1.300064755736762 0
4706 1.313045070467649 1.075962111147031 0
4707 -2.522371409922982 2.562310535532328 0
4708 2.222013672877871 1.326162921426007 0
4709 0.8986663080695104 2.288447902428252 0
4710 2.082927754096121 2.971853983334436 0
4711 -1.536808205060935 0.1500797676787542 0
4712 -2.510500161195084 2.216231011725087 0
4713 1.666234759474249 2.356771059698624 0
4714 -1.938727022196235 3.207531206518738 0
4715 -0.8215589427042189 1.244974057892672 0
4716 2.655510214057815 3.416371643075177 0
4717 2.235649198239638 1.177465330778696 0
4718 0.5678025217613381 0.7422212814449025 0
4719 0.6258899693756743 1.68210460071764 0
4720 0.3060000904977395 1.912431681710007 0
4721 0.3141338526613338 2.251526612441095 0
4722 1.684024578620717 1.074372559167254 0
4723 1.306741359976488 3.424850102959744 0
4724 1.858304063617703 1.392478813655393 0
4725 -1.742927055774822 1.057962743827691 0
4726 0.1160412196000225 1.260320193097779 0
4727 0.5892822688090272 1.77903175052618 0
4728 2.139492996539336 0.8670447364467773 0
4729 1.662126205497501 2.862373700567024 0
4730 0.7615389878477644 0.8094745113831574 0
4731 -1.663589676456916 0.07095913340578708 0
4732 0.6673942111941236 2.145706454121731 0
4733 0.6721898596766354 2.196036888380938 0
4734 1.941827235447501 0.08338647849822767 0
4735 1.156979566134329 2.426058035213712 0
4736 1.847133711803752 0.2354291190582867 0
4737 1.882676621272667 2.34738886584025 0
4738 1.414603459507084 0.1514930163976702 0
4739 1.010361202555266 1.906920595398985 0
4740 -2.379278607544843 1.664565892658374 0
4741 -2.606811845205478 2.619962952507982 0
4742 1.324753401102389 1.024973144714901 0
4743 0.6854803034902104 3.238619637827032 0
4744 -1.037393747930713 2.130880751132065 0
4745 -1.334144025323566 2.934792933835776 0
4746 -0.7695180422408608 1.785989991921324 0
4747 -1.572895429073391 2.48119415073614 0
4748 2.218915298661583 1.869927824505892 0
4749 1.988872284718571 1.872001397303795 0
4750 -0.02266345097544069 0.1693763238658321 0
4751 2.274564214824964 1.833013451632658 0
4752 -2.17302836882623 2.256913086088991 0
4753 2.161691606617998 1.066984883534086 0
4754 1.991746309466463 2.265950708621134 0
4755 1.697674849880807 2.381388552226374 0
4756 -2.238395832763934 2.173251453208656 0
4757 -1.058957111256534 1.342729323246708 0
4758 -0.7049097796951804 2.314433278008526 0
4759 0.1621834376117326 0.5370372124831575 0
4760 -1.777227060226549 1.082049818722446 0
4761 1.649329302294515 1.057425068436749 0
4762 1.216947255467115 1.322804787086979 0
4763 -1.602090120768083 2.510123813324184 0
4764 -0.3431391117261998 1.461059177044553 0
4765 0.6317281832889959 1.728153272741122 0
4766 -0.9184313097888157 1.751141757884993 0
4767 1.075630193412017 2.721079141894528 0
4768 2.322409805863394 1.768395905277091 0
4769 -1.953307935918609 2.404996804215153 0
4770 -1.997295591896492 2.739549143600505 0
4771 -0.4723868120624062 1.857136669592705 0
4772 -1.518997780433096 1.052604037791456 0
4773 2.537175882370855 2.313696077218226 0
4774 0.01851217386697871 1.033089843567167 0
4775 1.117721818738676 0.6166078300398738 0
4776 0.4730748299101865 0.1665470573504615 0
4777 1.406856400870058 2.837256175839739 0
4778 -1.099545436056428 2.840755458446496 0
4779 1.51773574406769 1.007136994286712 0
4780 -1.67445551630269 1.057287846708718 0
4781 -0.9756067681913321 2.135245679108937 0
4782 -1.103417262482871 0.07223941378450371 0
4783 -0.4755106037192895 1.282291207589062 0
4784 2.128972630756777 1.830462916395329 0
4785 0.736394338046337 1.948261570889519 0
4786 -2.061673633573057 0.9870269792877345 0
4787 0.2040601192094472 2.307146256870232 0
4788 -1.392481560226551 2.648991465581666 0
4789 1.671030203632121 0.6870300172404062 0
4790 -0.754698666140516 1.647950631014188 0
4791 1.777679484029486 0.3046696552728649 0
4792 2.426940693954418 1.851875964629456 0
4793 2.051166152536312 1.192806376392094 0
4794 -1.057340537621205 0.6435722051537405 0
4795 -1.319228989999159 2.838135405081545 0
4796 -1.767259750352568 2.804669680158124 0
4797 -1.872804217829845 0.9618537983809381 0
4798 -1.197965330015477 2.164314807675818 0
4799 1.583160902091576 2.620081205103977 0
4800 1.992621344932811 2.460479517409375 0
4801 1.883889563611556 2.738811017874873 0
4802 2.143424378064079 2.316734741936717 0
4803 2.149106052737299 2.273537794428983 0
4804 -1.280244580544523 2.248489004077801 0
4805 1.362261450868417 0.8218012729475344 0
4806 1.271001104156965 3.277295294425298 0
4807 -1.678808728580379 3.424102671466943 0
4808 -1.523805418231226 2.648880531395021 0
4809 -2.247534920803303 1.059577796221973 0
4810 1.510157581766213 1.234795361680251 0
4811 0.1939327035244353 3.340275887735418 0
4812 0.5197059186268733 1.487306309093328 0
4813 1.932889989309963 2.773824059397308 0
4814 -1.616484221859893 0.7072371459981746 0
4815 -2.251608281699052 2.073424787216811 0
4816 0.3442730777862778 0.7067306654608152 0
4817 -1.161198320925745 1.029022981004022 0
4818 2.294523315799851 2.838855913918314 0
4819 -2.545957225269539 3.031882964244356 0
4820 -2.656780160590986 3.423222233047267 0
4821 0.4513316892075241 1.768283076192611 0
4822 -1.952959477552289 1.983668232910876 0
4823 -2.099426951933984 0.5537175992904138 0
4824 -1.292530150391344 1.271612935011734 0
4825 1.677071727654048 1.26497172466436 0
4826 1.610993125793011 0.2841516513333096 0
4827 -1.94003051741365 0.07867440189906239 0
4828 -1.780976618345073 2.46050490030903 0
4829 -1.083969764754717 2.39778351876645 0
4830 2.24740048318659 1.56932848827964 0
4831 0.8063024131951344 2.976129611332292 0
4832 -2.342896711615164 3.254014080201936 0
4833 -1.642052827234457 2.498079596112192 0
4834 -0.7109408336029106 1.651648254668513 0
4835 0.5852368080566052 1.251567248656416 0
4836 1.860950438529411 2.072560646768955 0
4837 -1.038275579885565 1.452489404522251 0
4838 -1.873323898964324 1.146722472943034 0
4839 -1.851558638448734 1.377898928855368 0
4840 -1.917587495630162 2.377855651835664 0
4841 0.5365396164590627 3.205786322322203 0
4842 1.707679078859739 2.95906397587972 0
4843 2.182492182687477 1.290015564649443 0
4844 0.2373658686044129 1.790845004703037 0
4845 1.910002315579145 1.137890084525169 0
4846 2.304191837818679 1.22272293595848 0
4847 0.8083285517025611 2.587523642601059 0
4848 0.6963045306847662 1.537133030021661 0
4849 1.12305557263191 1.403638205511565 0
4850 0.7189650094518079 1.331096882652669 0
4851 1.739976277260495 2.330414843844468 0
4852 2.108465027769534 1.179563475470803 0
4853 0.4240893063588458 2.298409716158297 0
4854 -1.936174137700108 0.590471879329832 0
4855 -2.307436590154012 1.982881017887462 0
4856 -1.482833913920197 0.2682261879178001 0
4857 -1.053864008549629 1.062562861037542 0
4858 0.9869876212557236 2.293206518534145 0
4859 2.264853314552813 1.673399545666781 0
4860 -2.31583320858913 1.941372143709719 0
4861 -0.983683038949193 2.075294956789949 0
4862 -2.235203631490692 1.600907502666663 0
4863 1.383818021172419 1.046137039173808 0
4864 -2.017071053914081 1.106357239164189 0
4865 -0.5970476960663583 1.417830024615895 0
4866 1.067600498411825 3.343749362777157 0
4867 -1.702021595949593 1.190345882547282 0
4868 -1.061727947848791 0.7026741387980397 0
4869 -2.119221854169435 1.682269463596448 0
4870 -1.265751480747175 0.6466444315164841 0
4871 1.119620033296192 0.6765263485088693 0
4872 -1.826889795008156 2.561592719824915 0
4873 -0.8198602873716153 1.0728928005513 0
4874 -0.7718463922939433 2.704536180022502 0
4875 -2.650662300879039 2.839103461180806 0
4876 -0.8117655746155836 3.176747312941933 0
4877 0.4860837144604261 1.39955057192971 0
4878 0.2544263345315729 2.380190219887248 0
4879 1.372776187597179 0.6617765516030778 0
4880 1.818666959679819 2.810635216980739 0
4881 -0.4698173167822588 2.096924366862805 0
4882 -0.8438329537463087 1.197286861012078 0
4883 2.560109806882879 2.675740943474217 0
4884 -1.097667245217913 2.002657448698158 0
4885 1.944487136582679 1.929883633045286 0
4886 -0.9487401002554845 1.174954433200634 0
4887 -1.602680483943848 3.035312434228744 0
4888 0.7628658409639281 1.837286115636153 0
4889 2.04061277161585 2.178102003221074 0
4890 1.40792324183115 0.9818342418933166 0
4891 -0.7809450463936473 1.963165381089417 0
4892 -2.280717249520726 1.911493872354695 0
4893 1.339070073950777 0.8966820610947408 0
4894 0.1613043958485897 0.9706801399551304 0
4895 2.143991370329223 1.307612684838144 0
4896 1.183810270270265 1.347247677008886 0
4897 2.426375379817291 1.641701021746679 0
4898 -0.5175333303352253 2.981541023362275 0
4899 -0.9188715734049705 2.221698685681011 0
4900 2.195776097353502 1.437527686488267 0
4901 1.844589143952731 0.4619111946628145 0
4902 -1.685620145098262 2.484516370031231 0
4903 1.417947328838874 0.8488216259500425 0
4904 -2.011560461819986 0.4753199304618667 0
4905 2.516784320989496 1.964911922456904 0
4906 1.459068288603811 0.8260973847641431 0
4907 2.015740268493438 0.5170541585771042 0
4908 -1.270067514772814 0.5826625559333054 0
4909 0.06326787619672274 2.129681208199371 0
4910 0.8774012668003612 1.236975553611292 0
4911 2.081214923174287 1.866034719885457 0
4912 1.082605976961484 2.206030595808391 0
4913 0.385000216295198 2.603330884739535 0
4914 -1.615504438511565 1.156432763632393 0
4915 1.29092823243549 1.319250233805092 0
4916 -0.7696681041328384 0.3617472125734851 0
4917 2.059304011129946 3.416542991247523 0
4918 0.821424711786776 0.7722131141845032 0
4919 1.945956114508004 1.500437535606028 0
4920 -1.632891622793664 1.190811428836495 0
4921 1.796153099858066 2.126084362001581 0
4922 -1.394681331918141 2.253303655214268 0
4923 1.241639116710923 2.569337773829066 0
4924 1.484852320019664 0.9860419844949502 0
4925 0.5326758161508758 2.989137720154025 0
4926 2.611143549992883 3.321121537601564 0
4927 0.7462767533439625 1.985412486154739 0
4928 -1.184533649629104 0.9959281506020552 0
4929 1.449816672695613 1.004690707736073 0
4930 -0.9227589933034173 2.072260672679022 0
4931 -0.02795845746438872 1.963065503756667 0
4932 0.144465745148021 0.07173607429214512 0
4933 1.156191688468204 2.197195725553679 0
4934 -0.9112225461483209 2.447076199766767 0
4935 2.152221325113884 2.949079676081712 0
4936 1.914352309289971 0.9983086788992568 0
4937 -0.689940510594063 1.694038237921915 0
4938 -1.722978614502219 2.428346717457406 0
4939 1.013271158921326 1.497599832805768 0
4940 -0.1562284930036776 3.422095188228712 0
4941 -0.2067517674784953 2.546755599767689 0
4942 -1.740074971613412 2.584684543872833 0
4943 1.889308260272411 1.417058184804223 0
4944 -1.438347960482966 0.1464185246790772 0
4945 1.974378386240162 0.1677412808017336 0
4946 -2.385001430112691 1.487047029501285 0
4947 0.8707256956271562 2.15179588938474 0
4948 -0.5400751721391291 2.341077180122933 0
4949 -2.273297526272582 1.122919971497522 0
4950 0.8534329612943281 2.266514138873002 0
4951 1.957685818454399 2.39709122321889 0
4952 -0.3535248612244407 1.020389240209778 0
4953 -2.355245400796094 1.383188558784277 0
4954 1.777301893718341 2.316585235647422 0
4955 -0.5936154113367083 1.625304369887295 0
4956 -1.395575248805774 1.246913451187674 0
4957 0.6981361849497202 2.033057898601433 0
4958 -1.017457911168873 1.931466359488326 0
4959 0.3045789023296148 2.4362035900306 0
4960 2.113843273852579 1.247994088888193 0
4961 -2.110349265044762 0.9635729956739447 0
4962 -1.998609664875293 1.631021073762331 0
4963 -2.01457245136582 0.312467707864005 0
4964 0.7748122549480099 2.459671259136971 0
4965 -2.488516897242651 2.322236332989289 0
4966 -0.03278696794713234 1.265441594054781 0
4967 1.792701681623916 1.310004696299946 0
4968 -0.5326272951937898 0.921872531119416 0
4969 -1.942580197292861 1.485505167695123 0
4970 -2.624033953782176 3.002725741902242 0
4971 -1.914573677310803 0.9415328008131896 0
4972 1.495039598566817 0.903167475847402 0
4973 -1.431667383987666 2.676207574084782 0
4974 -0.09643525919831827 2.297131581329299 0
4975 -1.602397356294244 3.238554152206749 0
4976 -2.208343154205016 2.285688226415121 0
4977 -0.1188618159280297 3.009601315828705 0
4978 0.337619345373172 0.07307170178991362 0
4979 1.769601252265592 2.76925280577684 0
4980 -0.8899623603379895 3.18762783599729 0
4981 2.306171315031691 1.657384659097255 0
4982 -1.431133547838464 1.017475136370803 0
4983 -0.3892563441009148 3.341364976794339 0
4984 -1.12470944260788 0.9499021119550926 0
4985 0.4443170754848798 1.710745434193796 0
4986 2.120064318695353 1.911503656605143 0
4987 0.7876771380606318 3.050847769630912 0
4988 0.2983399773000462 1.738105653101618 0
4989 2.463816584539132 2.035806836421705 0
4990 0.7086254613793356 0.8422110737030557 0
4991 -1.661340919282389 2.314113424863538 0
4992 -0.7003435532214347 1.869256971196625 0
4993 0.352241817081374 2.491046938412863 0
4994 0.04590717131573875 3.423891346298745 0
4995 0.8171805964571296 1.628784589877618 0
4996 2.157097677299229 2.527223322468042 0
4997 0.1609586532287265 2.934725714495012 0
4998 0.5439437949729733 1.409881018171895 0
4999 0.0734006842292609 0.4904087608430976 0
5000 0.8515375409111148 0.3163682722951284 0
5001 -0.9645693231163865 3.196190624087382 0
5002 1.997906791040602 1.627233316224361 0
5003 2.488062663061317 2.225614540500979 0
5004 1.226491810456134 2.452729383796029 0
5005 -0.7105592376718873 2.232246382059151 0
5006 -2.175007338877968 2.526770336830462 0
5007 -1.018821000536297 1.490434036581458 0
5008 0.717902128448322 1.282159077179591 0
5009 1.46756751817841 2.260009958683025 0
5010 -2.116253894944145 0.8073070876555464 0
5011 1.245538088343664 0.3264319551936115 0
5012 -0.2575524095613075 0.3929263732832879 0
5013 0.9227752775242001 0.787386511645594 0
5014 1.123954506761174 2.366985434583397 0
5015 2.278991079546185 1.59674747199182 0
5016 2.109693355274637 2.554657488870767 0
5017 0.9077005395288484 2.47643085743154 0
5018 -0.8486553421945764 0.9952701831832538 0
5019 1.941584542509809 2.484335226889757 0
5020 2.547396245719328 2.088628671766846 0
5021 1.788308367482152 0.4204811308961469 0
5022 -2.44780337567101 1.891992742090625 0
5023 -1.935995176307767 1.544789745137692 0
5024 2.029104307712907 2.32021442036772 0
5025 -2.247248540412098 1.888133307022962 0
5026 -0.5890807003732299 1.53862832428596 0
5027 -1.192242183851238 2.30068080188681 0
5028 -1.009807830919134 1.062047737522003 0
5029 1.661243188379002 0.5374035539619539 0
5030 -2.700044320917014 3.055307187321101 0
5031 -2.347235988201925 1.758406355732457 0
5032 2.148569078431366 1.265800719795587 0
5033 -0.5291365349877668 0.0727665112630338 0
5034 -0.7063434998669187 2.62588847140381 0
5035 -1.075539716124997 2.44333668174114 0
5036 -0.9383840344547369 1.984400065752941 0
5037 -0.6144896508677051 1.58009622339751 0
5038 1.779436453830906 1.134699246813712 0
5039 0.7307726381754681 2.65051348526783 0
5040 2.170616383781785 2.394281041242619 0
5041 -0.01130100413873314 0.4464027103836323 0
5042 -1.003187011456603 0.8975628329645819 0
5043 -1.428737840154657 3.341383881419021 0
5044 0.6921638142958156 1.491459737778175 0
5045 1.317729314811134 2.53852448302697 0
5046 1.972936718171646 1.981152524033646 0
5047 -1.056854122352324 1.570345251937412 0
5048 0.8350239953697256 3.266765134582728 0
5049 -2.47646102950287 2.015350677152755 0
5050 0.9905576307171488 1.726803178134776 0
5051 2.365287160381986 1.751524253773198 0
5052 -0.1599148750266789 1.977331731943801 0
5053 -1.633116328769246 0.9328335672209405 0
5054 -1.167806795330264 2.136023659448615 0
5055 1.640035417489362 2.982169991894889 0
5056 1.776014612443376 1.171224791525256 0
5057 -0.5488721472871956 1.625907358052795 0
5058 1.552131364635202 2.25887281992835 0
5059 1.28844400109025 2.399855064742588 0
5060 2.019064447590296 1.729658477833567 0
5061 -2.148563159194702 0.6907331864561297 0
5062 -1.443377266750001 2.962387875094388 0
5063 -0.1813903924539635 0.2538453841892387 0
5064 1.010340253261648 0.676618925709259 0
5065 1.59641812140537 0.4986053968871673 0
5066 0.584196092041229 1.198891865346298 0
5067 -1.011454378489867 0.6756058343235956 0
5068 2.069078718838684 1.942344829904804 0
5069 1.066437259198967 0.6461457819973826 0
5070 0.04614493831018623 1.915886469358216 0
5071 -1.716565463764596 0.847999807304374 0
5072 -0.9874673694537828 0.1570812584438399 0
5073 -1.785464043996794 2.175585660343388 0
5074 -1.886863889165526 3.273667343233794 0
5075 0.6202781313133552 0.8792602504949532 0
5076 -1.707777491906845 1.127905144018112 0
5077 -2.226704144149225 1.457394628650593 0
5078 -1.038046315614555 1.517168284384738 0
5079 2.000343220759729 1.798420161831859 0
5080 0.9768637718119908 0.2534266209402714 0
5081 1.759770937707224 2.586980710173133 0
5082 0.92154307262184 1.120235239984446 0
5083 0.5268033496008868 2.341758855643704 0
5084 -1.517119545231413 3.034934194478303 0
5085 -0.02565093091622078 2.98012720256679 0
5086 1.453192807000725 2.40021555233212 0
5087 -1.585952296608725 0.906503491251907 0
5088 2.314577653858654 3.345910349371188 0
5089 0.8232721524078574 2.485419163950908 0
5090 2.365251275222734 1.586896604909298 0
5091 -0.9121745565809318 1.178483571221087 0
5092 -1.772505029856236 2.616128142423554 0
5093 -1.372987365581179 0.5992157545408383 0
5094 1.743042763219034 1.188583423744582 0
5095 0.8068674980408221 2.242532280394093 0
5096 2.20078045544961 1.395587790415673 0
5097 1.799438964558261 1.347714309571767 0
5098 -1.347487860712783 1.0106774813151 0
5099 -2.114520199526519 1.721564046238521 0
5100 -1.012452442115409 1.583204594845796 0
5101 1.760329892767914 3.192721649378785 0
5102 0.06753556093467886 2.957028100491891 0
5103 -1.873152934566404 2.101547561658665 0
5104 0.4226571270912317 1.431082204525324 0
5105 0.973320318509512 0.7706507197291159 0
5106 -0.9130112571643678 1.959669142892202 0
5107 1.814183215550661 1.118199951671323 0
5108 1.397700127496098 0.5921070993723474 0
5109 2.005557576789382 0.8935076771326724 0
5110 -0.5997498543343095 2.72433827306396 0
5111 -1.50012481969756 0.7032163481148304 0
5112 -0.09175434562433744 0.49017029335235 0
5113 -0.2205336217885691 1.745952560878791 0
5114 -0.7148819967496876 1.37455912463759 0
5115 -1.733274403204349 1.284528500911745 0
5116 -0.1590661986115672 1.867661757449211 0
5117 -2.197886521592496 2.333427832841315 0
5118 -2.253141233559999 1.848227497734987 0
5119 -1.5111548635614 2.693572802516591 0
5120 2.669352019644404 2.880639132117929 0
5121 -0.3366203007863101 0.0655261703382084 0
5122 -1.87396568677183 1.108257923300517 0
5123 -2.292144114517096 1.317208729789405 0
5124 -0.6731032332403906 1.836671899798445 0
5125 -2.178226139794421 3.069730924543035 0
5126 -1.482595112078369 1.055820324950618 0
5127 -1.494993542629907 2.368093684340531 0
5128 0.7140027446845882 2.703963849357758 0
5129 -1.000680318874528 1.870507500779402 0
5130 -0.6754997480060398 0.1481736278229082 0
5131 -2.348156941568087 2.796127141168107 0
5132 0.7174975281687118 1.231799191088661 0
5133 0.3042047602281313 1.183609306025719 0
5134 -0.7557912970464515 3.244667139894277 0
5135 2.056646746043767 0.6192445148759942 0
5136 -1.639624158554942 3.357991965561125 0
5137 2.787390879402698 3.339615009497266 0
5138 1.917414939721666 2.371477856981648 0
5139 -1.811017101630965 1.388925649860569 0
5140 1.018799005261712 2.443244049515595 0
5141 -2.109362598029067 1.273829771636012 0
5142 1.153522780333481 2.303419950553561 0
5143 0.9798224994084394 2.684321004591973 0
5144 1.456095081438759 0.5533098797504252 0
5145 1.71663175444793 2.787112536007076 0
5146 1.740135295123086 1.225943269226102 0
5147 1.511336495307835 2.304739881684314 0
5148 1.551798000621691 0.1542953667637323 0
5149 1.038057687990014 1.874250136014157 0
5150 2.001205879252173 3.344241008966502 0
5151 1.180989317879094 1.308617227734129 0
5152 -1.461306749547503 2.709477366074676 0
5153 -1.603897087148704 1.245135970594901 0
5154 1.524878497911699 0.5241864919544552 0
5155 -1.528979121497951 2.491271883759234 0
5156 2.105459018133814 1.989435370837868 0
5157 -1.577480307016095 1.022905503707892 0
5158 -0.4529007619215966 3.040255215487897 0
5159 -1.541158964583741 0.9241539881083858 0
5160 0.1453733957962694 3.422150494297675 0
5161 -0.7013275219848928 3.32093077200254 0
5162 2.019667820703039 2.365446468965493 0
5163 1.038109952622871 2.152457083161543 0
5164 -1.681639988765828 2.769518109982605 0
5165 -2.695112332101397 2.978678096977867 0
5166 2.124860373042422 2.408117164166976 0
5167 2.113012025996247 2.457043533803601 0
5168 2.03465891375132 1.78389202641724 0
5169 1.247569553254957 3.351998604100038 0
5170 -0.9564363808599415 0.7095273084652156 0
5171 2.541827590876071 3.03400902633903 0
5172 -1.982001812032499 1.082084911540473 0
5173 -1.955551701726283 0.9703902849232255 0
5174 -0.6757322023928547 2.20531343315006 0
5175 2.202665991072744 1.050823914901649 0
5176 -0.1761699297813783 0.4428164743598564 0
5177 -0.8439921053703106 0.1552857087272443 0
5178 0.6373120634240044 1.170474128605384 0
5179 -1.085101760848221 2.060405500262348 0
5180 0.7872682291638121 1.651509011931409 0
5181 1.814177465463509 2.569108513038047 0
5182 -2.312936152706075 1.223645812227527 0
5183 1.277927806301102 2.600347380212418 0
5184 1.088215128467297 2.237816078781192 0
5185 -0.3196701519390377 2.581006896326832 0
5186 1.964379939305192 2.034353888819897 0
5187 -2.180868581939703 2.213542186113187 0
5188 1.153754568284916 2.344777367127425 0
5189 -0.8143428829889584 1.586170862178389 0
5190 -0.9842041137747797 2.803458292949676 0
5191 -0.5795998692504702 1.347573637958121 0
5192 -0.9842716276027645 1.020468144049967 0
5193 1.448443171114903 1.235479667302035 0
5194 -1.462003584131566 0.9154195929558393 0
5195 -2.234530132503781 1.415639339402397 0
5196 0.3919180327689284 1.687997075068671 0
5197 -0.9301502316491433 2.027533944896813 0
5198 1.147069283013892 1.288613272783965 0
5199 1.98296611495811 1.914697278595771 0
5200 2.084376442399205 0.725900456411201 0
5201 -0.6850771359948836 1.913375211382541 0
5202 2.17416289982379 0.9725649373120508 0
5203 1.114466930537045 2.927750239189282 0
5204 -0.627653072669182 0.3649484336766031 0
5205 1.455816197909372 3.361835657940346 0
5206 -0.61048977137705 1.974580358709251 0
5207 -0.9361827598355986 1.621205197653269 0
5208 -2.508169282198566 2.159594390495403 0
5209 -1.463494909654244 0.6709632757571511 0
5210 -1.631139047560592 3.150527181289442 0
5211 1.923516177786202 2.534850831262837 0
5212 -0.4566473950803501 2.626629356627179 0
5213 -1.757448518768421 1.307429955223499 0
5214 1.824334971247668 1.401936027640358 0
5215 -1.138881194020944 2.108052056976005 0
5216 2.206971584088389 2.99700087594725 0
5217 1.141010478602283 1.250970514453075 0
5218 1.519919490246898 0.9655821588025797 0
5219 -2.04514573408319 0.5342441167216532 0
5220 -1.953098165156863 2.054671899663031 0
5221 -0.9286089790265316 1.520933676464487 0
5222 2.068791174523205 1.773176184390743 0
5223 -1.499664349327163 0.9420193910103949 0
5224 -0.6767854429370921 1.953514467260184 0
5225 0.6962114467899025 0.3156596626969601 0
5226 -0.8913275670808379 1.733562354592566 0
5227 0.7208776769368346 1.189435672662655 0
5228 2.126012186158702 0.8074835390775723 0
5229 -0.6889284360903886 2.157047863064548 0
5230 -2.096502058160308 1.807683540586839 0
5231 -2.258619785522028 2.031843928719896 0
5232 -2.275680904640328 1.585923603481876 0
5233 0.3360340023915052 2.560417365797722 0
5234 -0.9575196979899749 1.65492214000723 0
5235 -1.007254655927129 0.6259384558134147 0
5236 1.94538579494402 0.930642374093914 0
5237 -0.7893824452242915 1.649911214206584 0
5238 0.1987731476449654 2.111936606952356 0
5239 -1.872869675715247 3.211592529100764 0
5240 -1.779986185947801 1.364880240727639 0
5241 -0.0695167003022268 2.48896919713969 0
5242 0.4863252060318689 3.353799133848562 0
5243 2.05611173044502 2.018478829771481 0
5244 0.5661856056335963 0.3206829318888236 0
5245 -2.277421632507346 1.397231509496298 0
5246 -0.8692400569407275 0.8184271832960068 0
5247 1.016552850685348 1.600496499046048 0
5248 -1.818514145426502 1.067805837654817 0
5249 -1.11045487896874 2.212384947511127 0
5250 1.749368224460354 2.511112105226848 0
5251 1.361420331559116 2.385174732377143 0
5252 1.671320863438763 0.6285359614046919 0
5253 1.97910663157598 1.566404915877913 0
5254 -2.389422596350573 1.744060997781544 0
5255 0.9375125094444227 2.708109896583941 0
5256 -1.037019779175518 1.959524708094385 0
5257 0.638927319438011 2.389159689017183 0
5258 1.307532037039241 2.672042544403246 0
5259 -0.8890397413649613 1.933362955525481 0
5260 0.9878195914369706 2.009449818134442 0
5261 -0.6603092538773373 2.11854117992226 0
5262 1.05161035292856 2.258450874871964 0
5263 -1.818808411423714 0.8720353953602284 0
5264 1.855541561123915 2.505685861366424 0
5265 -1.161692293247392 1.368267437445647 0
5266 1.007000948029461 1.52929474754225 0
5267 2.408357606070509 1.734792044564201 0
5268 -0.7368946374540234 1.795049660459535 0
5269 2.571654731562171 2.416237213913676 0
5270 -2.080419353644541 2.061097801251406 0
5271 -2.048877274483367 2.151718529734326 0
5272 -2.146994493993073 0.892193036933224 0
5273 -1.077069883642228 2.792091373784335 0
5274 -0.5170476347858842 1.255592761434458 0
5275 0.9926004393505036 1.771199644922319 0
5276 -1.640692081963024 0.9968564285294973 0
5277 -1.820984555042102 2.602517485888706 0
5278 -2.463752517471176 1.748248862374625 0
5279 -0.6087970656623269 1.495685970834024 0
5280 -1.111346961712446 2.081434208697817 0
5281 0.3541315538338146 1.723050578668566 0
5282 -0.919142954002119 0.8012470250664785 0
5283 -2.109129284081375 1.756558981181931 0
5284 0.6667989327501157 2.103843207483216 0
5285 -0.1777001134930449 0.1577330860204345 0
5286 -0.4805978428031612 3.349315157531535 0
5287 0.9246207761057337 1.071757081808692 0
5288 1.237699848676857 1.300439725583807 0
5289 1.044597698641872 1.448386966972915 0
5290 1.705360003425447 2.832612682232027 0
5291 -1.6919691979407 2.311682523017891 0
5292 -0.8953214244487852 2.676611443678251 0
5293 0.7116390239280251 2.071330057309221 0
5294 -0.959913076725004 0.9783912703642925 0
5295 2.30581841934182 1.620761508682374 0
5296 1.215840997146327 2.302104586134059 0
5297 -0.4145124624133928 2.10614433504468 0
5298 -2.528573059074962 2.508979433040725 0
5299 -1.286249763844056 2.21548784979085 0
5300 0.8347196972305385 2.093022708260167 0
5301 1.03641229278184 2.043275646484324 0
5302 2.587287287210922 2.216440742325618 0
5303 -2.225491863207064 3.354633441369422 0
5304 -2.261021933255916 1.805074978099295 0
5305 0.6042369336971014 3.260807542604816 0
5306 2.201273187827278 1.360084706038043 0
5307 -1.485205336360162 0.2040862827217036 0
5308 -1.217132545492309 2.863642586507024 0
5309 1.964439036500264 1.849542244131334 0
5310 1.731311965866048 0.8675174460049557 0
5311 2.098772814042744 1.799499107686733 0
5312 -0.3083107632382355 1.136753841891091 0
5313 -0.9770310157092479 1.680638944186053 0
5314 -2.069888677343559 2.10053641388041 0
5315 1.970280818581603 1.81131014516457 0
5316 -1.67123221019661 2.653330929600224 0
5317 -1.899289289719214 0.1425903808205997 0
5318 -1.753542650436673 2.862938718434794 0
5319 -2.484238091897467 2.694034102040135 0
5320 -2.381910085159364 1.621474847743772 0
5321 -1.535123210615761 2.360544812776827 0
5322 -1.499999220475624 3.444673404738886 0
5323 -1.267185139542329 1.007544410113016 0
5324 -1.619277767518489 0.1278926912504845 0
5325 1.61515731738107 1.217233571875104 0
5326 -0.6741591883854459 2.074826452793197 0
5327 0.5135900950726326 3.068568278807827 0
5328 -0.5311754422440369 1.355902053041104 0
5329 2.087949847511412 2.069963173784517 0
5330 -1.698358413848968 2.259030282978547 0
5331 0.8454199509315189 2.780514263120922 0
5332 -1.416368346760791 0.6372722231237051 0
5333 -0.3484342704900004 2.941759010843072 0
5334 0.1034693172738184 0.9321919683020083 0
5335 0.9173407587840119 1.169067985268003 0
5336 -0.9839663193521448 0.5295812844091938 0
5337 -1.20585214611987 1.336638229422821 0
5338 -1.69762677145953 2.589701006413326 0
5339 1.793532202890041 1.377628900985185 0
5340 0.8423587142550617 3.105141830389647 0
5341 -0.9105698956064313 1.682789247867193 0
5342 -2.501257697825218 2.626650933752585 0
5343 -2.160388308889997 3.142465173419537 0
5344 0.3768608793709428 2.26200740114772 0
5345 1.716411997635922 0.2823910900233575 0
5346 -0.665161664802741 1.378066163564239 0
5347 2.192065521710797 3.05877668952453 0
5348 -0.9004113697006263 1.895549054785466 0
5349 -1.308628944622702 2.885648524219253 0
5350 -2.196755660435295 1.029324872032544 0
5351 0.2414246200255665 1.221593853566842 0
5352 -2.013635126658618 1.989993086792965 0
5353 1.3692997132402 1.187447035078651 0
5354 1.396458075329672 2.885122399054622 0
5355 -1.58064082935516 2.632646653973171 0
5356 1.052208546478857 0.1373974736872419 0
5357 -1.984562277536034 1.035572000387344 0
5358 0.9930876213595661 1.412872340097637 0
5359 -2.808548756805267 3.358606432162487 0
5360 -1.598684862796639 1.214558420448874 0
5361 0.7634228265289408 2.224730774006621 0
5362 -2.592488159166799 3.348842896756452 0
5363 1.069677757612311 0.5918559837126394 0
5364 -0.9442784497535832 2.844972103410069 0
5365 1.069851922922061 2.407263377563922 0
5366 0.3673181560253008 1.466097633328255 0
5367 2.342851942035935 2.808189122515052 0
5368 -1.340090969011464 2.272040214951649 0
5369 -1.834444115944491 0.9446625820679706 0
5370 -1.003308924303105 2.707591384555412 0
5371 2.227243074020838 3.356889757687129 0
5372 0.9804528646979852 1.970861906821623 0
5373 0.01843132224432327 2.280292996118058 0
5374 0.9959574028099383 3.276192004079155 0
5375 -1.039459239294169 3.199253984399989 0
5376 -0.3385739891989814 1.513277450628805 0
5377 -0.9845021014537827 1.592353131413836 0
5378 -0.7501019574658913 2.655729455168047 0
5379 1.303934274819204 0.3144411999520584 0
5380 -1.929081644571476 1.95984178780119 0
5381 -2.317391626166886 1.570056108265065 0
5382 1.538891848851756 3.26259095782954 0
5383 1.824122155575306 0.8810846071300014 0
5384 -0.7062919124439562 0.8486679990596726 0
5385 -0.5243033541398466 0.8491495475878577 0
5386 -0.5281768150207693 2.390688526241978 0
5387 1.859859128586891 2.107964838380457 0
5388 -0.09790333064281359 0.1409147300135247 0
5389 0.6479253812586415 1.467948979357501 0
5390 0.3132180236063483 1.858014739447991 0
5391 -0.9042223686482012 2.487208868690353 0
5392 -2.749515275799711 3.20132870560631 0
5393 -0.6448219973874931 2.034590176354205 0
5394 -0.9390341185530739 2.529528310811707 0
5395 1.996489957495379 1.663902638465892 0
5396 2.229328553983506 2.577823142470798 0
5397 2.309479047063256 1.377522510706626 0
5398 0.940455994644303 1.431551609672617 0
5399 0.9574988215355638 1.821676189167773 0
5400 2.542622526702795 2.599027087737015 0
5401 2.386150326255605 1.623256539322959 0
5402 -1.46161601093778 0.8718525059153115 0
5403 -1.721725354700645 0.8071242352364165 0
5404 2.009350401867142 1.760284570824779 0
5405 -2.148125691212424 1.253537942811127 0
5406 -1.059131064952151 0.1308109162383642 0
5407 -1.633198207068697 1.256942284503118 0
5408 0.5141360109620781 1.443499952854549 0
5409 -1.323084265544647 1.272387175688019 0
5410 0.4572374401682811 0.2515771629538754 0
5411 1.774465497792918 2.182664857483636 0
5412 1.527316823528472 2.948165093299398 0
5413 0.4838886436211858 1.977608525734972 0
5414 -0.648342527830549 1.219876656463247 0
5415 2.482422347413491 1.800851110325286 0
5416 -1.166210156890835 0.3840869851981425 0
5417 0.763708199373368 1.764602492241855 0
5418 2.002919530218556 0.8541133725118 0
5419 1.58682629072915 2.252113342347588 0
5420 1.453332537300817 2.432436570030822 0
5421 2.080252801027217 2.109861024537667 0
5422 -1.072034468152101 0.8599101672287404 0
5423 2.284463546244906 1.11337459488637 0
5424 1.910858283261555 0.9488577573598957 0
5425 -1.072189903883295 2.525203918629586 0
5426 -1.169418214770587 0.9622755998017289 0
5427 -2.424647051440699 2.719602528828744 0
5428 1.662366755608798 2.626743180084865 0
5429 2.498646269594947 2.070096645997758 0
5430 1.68760183107707 3.292484609608689 0
5431 2.047230036826484 2.241641757421583 0
5432 2.344138521140708 1.507706140535941 0
5433 -1.46804974418409 2.46611032846834 0
5434 2.513278139428099 1.911829554796111 0
5435 -2.013233860518783 2.200712595762293 0
5436 1.064628118415658 2.049964243121782 0
5437 -0.9119662156886803 1.859437571802742 0
5438 -0.8289597489442313 2.059835499427824 0
5439 -1.997204162005636 3.345182037969105 0
5440 -2.041693822058122 2.715495337848367 0
5441 -2.136048255830539 2.390072530857522 0
5442 -2.262743481929906 1.769738326060042 0
5443 1.520812857219298 0.9288867831506116 0
5444 -0.7306997961848772 1.167577373084776 0
5445 -1.710779448782177 1.06855659195438 0
5446 -1.275965251162732 1.296521406901451 0
5447 -1.639899910095142 1.029655000007701 0
5448 1.428286476802876 2.993751507896384 0
5449 -0.9514213463517648 1.548552489383941 0
5450 1.196574437237955 3.288795983234339 0
5451 0.9308782457057658 2.280088092854424 0
5452 1.846507151456527 1.105144078651363 0
5453 0.7810316032632886 2.122470235721156 0
5454 2.532407775041724 2.259908025072486 0
5455 -0.6233008093469724 0.8979996100066405 0
5456 1.178120047111908 0.1437600089628559 0
5457 1.613284048615832 2.642512602228962 0
5458 -1.772818260999922 3.320063213510279 0
5459 -1.433633245836055 2.521143020429835 0
5460 1.706887499907953 1.28346945335913 0
5461 2.221051346968234 2.049998015703426 0
5462 -1.1040774625977 2.468045272466315 0
5463 -2.40691595829826 2.786731679187383 0
5464 -1.151444881837647 2.24892740555801 0
5465 -2.44562859628976 1.841697207507066 0
5466 -1.265457269701326 0.1445708583830836 0
5467 -2.653686167520329 2.75523630362831 0
5468 -0.7264737270724118 0.7694197715878954 0
5469 2.298713309830669 1.315039138779849 0
5470 -0.1927687862800261 1.113278220711242 0
5471 2.264074898242309 1.207146188731944 0
5472 1.565147822744714 1.241592466651162 0
5473 0.7365051686003271 2.431150693409815 0
5474 0.006314524916644599 2.026139067583755 0
5475 0.2792250769755367 1.683943207573762 0
5476 -0.8522933891100357 1.580448816162322 0
5477 -0.273216863206081 2.919484681788557 0
5478 -0.4300203432180162 1.305518541280078 0
5479 0.9985763559313279 1.847090755816334 0
5480 1.862349042950541 0.9208314223559386 0
5481 -2.152686295202166 1.215798247244125 0
5482 1.24436540837425 2.284655748965992 0
5483 1.679228377761682 0.8265165018440512 0
5484 -0.2682470112432148 3.224392953348675 0
5485 0.8203474516713061 2.739941506428949 0
5486 -1.673287239700626 0.6931159942928926 0
5487 0.8852471700961827 1.047282998224721 0
5488 1.715127754216565 2.61178836921846 0
5489 -0.5628659881118177 0.3332029983809779 0
5490 1.766471661874951 1.277165177454429 0
5491 0.2296007946480644 1.472459537851837 0
5492 2.017388167175362 0.4572132246264091 0
5493 -2.361475604599347 1.522583133472807 0
5494 0.3230922993963903 1.502380594480291 0
5495 2.293826376523844 1.467981465558841 0
5496 -0.963134749408205 1.831626102202579 0
5497 -0.03572902547925492 1.198921576930555 0
5498 -0.3568216739310013 1.346679373528522 0
5499 2.507691876484345 2.486738006648265 0
5500 1.016701783577581 1.430814431464001 0
5501 1.432170043927613 2.254352102393664 0
5502 0.8927498479871401 3.147660852294823 0
5503 1.984629663795674 2.37439753136387 0
5504 0.001779819744457551 3.359671586659528 0
5505 -1.797101371193038 2.901050451737533 0
5506 1.760715704645412 0.8468506188965361 0
5507 -1.773832537362746 0.8902644193154388 0
5508 -0.1315541449832319 3.092314959039028 0
5509 -1.988552780879375 2.387518067212627 0
5510 1.056269848064635 2.938121176491477 0
5511 -2.220345667880712 3.198885361471086 0
5512 -1.862772029835433 2.156061881051305 0
5513 2.02928492500562 0.703441618297878 0
5514 -1.108528452177289 3.21064481390319 0
5515 -2.17898382110406 2.448744057811687 0
5516 1.024750362366423 2.2430212246841 0
5517 -0.5049716450199356 0.755041648654321 0
5518 1.173720109791219 2.142668546601278 0
5519 -0.2546393475333882 3.139526346079138 0
5520 -1.025416068331018 1.39249052915521 0
5521 -1.612733791628885 2.615662009236143 0
5522 -1.895110266582442 2.537611458489435 0
5523 -1.674612891136941 2.229712318529223 0
5524 -1.752873310119323 2.192194535831476 0
5525 1.198821874270396 2.431362719891896 0
5526 -1.982654374161229 2.004001675287788 0
5527 -1.985112852843056 0.992870589844782 0
5528 -1.314751155519724 2.513585369327201 0
5529 -0.586412271197767 1.458902745489166 0
5530 -1.4262160080767 2.257268201650977 0
5531 -0.2836632497141385 1.628955562982218 0
5532 2.501207958499932 3.20299951065573 0
5533 -2.023356050824802 2.151385722987821 0
5534 -0.8842033515974301 1.532712375253048 0
5535 1.082185514667617 1.257447267561747 0
5536 0.7321866287932073 2.247874732508043 0
5537 1.063110086342609 2.082085812799935 0
5538 -1.570494000101861 2.35157609026651 0
5539 -0.3926774819156707 2.160588527853997 0
5540 0.7316885557015356 2.748065119000556 0
5541 0.634851731457563 2.082070276496315 0
5542 0.2904491566429374 0.7521663631432127 0
5543 0.1919426568674493 1.255393567716669 0
5544 -1.826591467533378 0.4641602097235873 0
5545 1.03995729260063 0.9601175882559168 0
5546 2.045346749432866 2.123510284683181 0
5547 -0.6780883478500761 0.7518667777779313 0
5548 -1.400821922458849 2.493354297239749 0
5549 -1.573864030199677 0.673142247426586 0
5550 -2.485339562820437 2.269734612504744 0
5551 -1.425612965267448 0.8490723878330311 0
5552 -2.292590324521912 2.018000768360776 0
5553 1.263223774088403 2.686125182013808 0
5554 1.946976974604989 3.278427554393159 0
5555 1.960318551846326 0.3205436147915366 0
5556 -2.052077647748192 2.018467696088723 0
5557 -2.06545644565096 0.4246475248502972 0
5558 1.305149894453467 2.577887866545764 0
5559 0.7389285023165333 3.280419824646309 0
5560 1.105438175563185 1.422425610491842 0
5561 1.479755391331675 2.970804760729869 0
5562 -1.345884202699963 2.647174810202721 0
5563 -0.61383655530917 1.381822484811235 0
5564 -1.680829833407867 0.7815308101529779 0
5565 0.6051834809702179 1.445597102941174 0
5566 1.440279510905328 2.460000395873458 0
5567 1.340290586986165 0.1257071942088144 0
5568 -0.09734700246361394 1.985695143338424 0
5569 -1.356932950904095 2.504398064267346 0
5570 -0.9870142685866405 3.260856354280763 0
5571 -0.215644709811067 3.353870488712225 0
5572 2.184847885192587 2.258874418205816 0
5573 -0.5673815023719853 2.442363651690658 0
5574 2.412926072235639 2.860617644992699 0
5575 1.593437131646383 2.993933040052938 0
5576 -2.462100958059953 2.451569995169433 0
5577 -1.262036347654933 2.539646971513926 0
5578 -2.052300751500443 1.86031897477633 0
5579 -2.070796648643344 1.810643666821906 0
5580 -0.5700618837923092 3.355042562458567 0
5581 1.9320061410666 0.214376862835711 0
5582 -2.21638063643921 2.201396144717807 0
5583 -1.986829642971925 1.605251601816688 0
5584 -1.670666635142859 1.181930074725249 0
5585 0.4959418438715655 3.143982530681226 0
5586 -0.559342379444007 1.719842492947877 0
5587 1.906003778644531 3.221486844011026 0
5588 -0.942860541963128 2.275039566931125 0
5589 -1.920210807796005 1.458037955864505 0
5590 1.127951519851825 2.399433118840972 0
5591 1.112777698689824 1.37521730178337 0
5592 2.143445953559318 2.48246322956174 0
5593 0.6689455459396988 0.8728280283988488 0
5594 1.795096195881114 0.3618085790972188 0
5595 2.067080901336491 2.189401774208952 0
5596 0.3840094290247325 0.1339853574831522 0
5597 -0.9264671260817672 0.4894394702994107 0
5598 -1.967451486180648 1.654467177117557 0
5599 1.122215221540682 3.297534535686622 0
5600 0.9870798889941783 2.460793414549276 0
5601 1.911652528308606 1.508838526748378 0
5602 1.418182958039913 1.210809706568246 0
5603 1.895985198846732 2.066291685035527 0
5604 1.97560658621583 2.749373535284053 0
5605 -0.8032774935311882 2.017395761835394 0
5606 -1.613402165336723 2.843641560394467 0
5607 0.2165827316377369 1.573051549515855 0
5608 0.7553956881597138 2.063896462404114 0
5609 1.611348993901621 0.2174161102541179 0
5610 -0.6115461122068691 2.490523451654922 0
5611 -1.716299349525182 1.157586186866784 0
5612 -0.124090381399531 1.153987371332782 0
5613 -1.950069060584154 0.2851809064578248 0
5614 0.7568969616541892 1.670936092234619 0
5615 -1.178906395737842 3.220144373738456 0
5616 -2.552472072382258 2.604017835001448 0
5617 -1.16528134235006 0.2881965823388388 0
5618 -1.466160496133615 1.030086768203461 0
5619 -1.774298280737346 0.141873909521002 0
5620 1.098193028255956 0.9289120732604514 0
5621 -1.26251873638908 3.225960639363173 0
5622 1.743331544912847 2.553410336060729 0
5623 -1.659394145183239 1.275122705611121 0
5624 -1.11199212133226 1.366723975253304 0
5625 -0.03660202060182561 2.443461038187827 0
5626 0.4845688622671837 2.308274311225336 0
5627 -2.493536132791434 3.268403419455747 0
5628 0.9921398878636675 1.100945043121658 0
5629 1.738492897009547 1.253717458062384 0
5630 0.9197929629151388 3.289826120542306 0
5631 2.678422074458985 2.787522477407591 0
5632 0.9204138243995404 0.3041224045343136 0
5633 -1.433501755862969 1.245768408711863 0
5634 -0.4192751201194227 1.867571157613242 0
5635 -2.472562992115471 1.970249414032224 0
$EndNodes
$Elements
11272
1 1 2 2 1 1 7
2 1 2 2 1 7 8
3 1 2 2 1 8 9
4 1 2 2 1 9 10
5 1 2 2 1 10 11
6 1 2 2 1 11 12
7 1 2 2 1 12 13
8 1 2 2 1 13 14
9 1 2 2 1 14 15
10 1 2 2 1 15 16
11 1 2 2 1 16 17
12 1 2 2 1 17 18
13 1 2 2 1 18 19
14 1 2 2 1 19 20
15 1 2 2 1 20 21
16 1 2 2 1 21 22
17 1 2 2 1 22 23
18 1 2 2 1 23 24
19 1 2 2 1 24 25
20 1 2 2 1 25 26
21 1 2 2 1 26 27
22 1 2 2 1 27 28
23 1 2 2 1 28 29
24 1 2 2 1 29 30
25 1 2 2 1 30 31
26 1 2 2 1 31 32
27 1 2 2 1 32 33
28 1 2 2 1 33 34
29 1 2 2 1 34 35
30 1 2 2 1 35 36
31 1 2 2 1 36 37
32 1 2 2 1 37 38
33 1 2 2 1 38 39
34 1 2 2 1 39 40
35 1 2 2 1 40 41
36 1 2 2 1 41 42
37 1 2 2 1 42 43
38 1 2 2 1 43 44
39 1 2 2 1 44 45
40 1 2 2 1 45 46
41 1 2 2 1 46 47
42 1 2 2 1 47 2
43 1 2 3 2 3 48
44 1 2 3 2 48 49
45 1 2 3 2 49 50
46 1 2 3 2 50 51
47 1 2 3 2 51 52
48 1 2 3 2 52 53
49 1 2 3 2 53 54
50 1 2 3 2 54 55
51 1 2 3 2 55 56
52 1 2 3 2 56 57
53 1 2 3 2 57 58
54 1 2 3 2 58 59
55 1 2 3 2 59 60
56 1 2 3 2 60 61
57 1 2 3 2 61 62
58 1 2 3 2 62 63
59 1 2 3 2 63 64
60 1 2 3 2 64 65
61 1 2 3 2 65 66
62 1 2 3 2 66 67
63 1 2 3 2 67 68
64 1 2 3 2 68 69
65 1 2 3 2 69 70
66 1 2 3 2 70 71
67 1 2 3 2 71 72
68 1 2 3 2 72 73
69 1 2 3 2 73 74
70 1 2 3 2 74 75
71 1 2 3 2 75 76
72 1 2 3 2 76 77
73 1 2 3 2 77 78
74 1 2 3 2 78 79
75 1 2 3 2 79 80
76 1 2 3 2 80 81
77 1 2 3 2 81 82
78 1 2 3 2 82 83
79 1 2 3 2 83 84
80 1 2 3 2 84 85
81 1 2 3 2 85 86
82 1 2 3 2 86 87
83 1 2 3 2 87 88
84 1 2 3 2 88 89
85 1 2 3 2 89 90
86 1 2 3 2 90 91
87 1 2 3 2 91 92
88 1 2 3 2 92 93
89 1 2 3 2 93 94
90 1 2 3 2 94 95
91 1 2 3 2 95 96
92 1 2 3 2 96 97
93 1 2 3 2 97 1
94 1 2 3 3 2 98
95 1 2 3 3 98 99
96 1 2 3 3 99 100
97 1 2 3 3 100 101
98 1 2 3 3 101 102
99 1 2 3 3 102 103
100 1 2 3 3 103 104
101 1 2 3 3 104 105
102 1 2 3 3 105 106
103 1 2 3 3 106 107
104 1 2 3 3 107 108
105 1 2 3 3 108 109
106 1 2 3 3 109 110
107 1 2 3 3 110 111
108 1 2 3 3 111 112
109 1 2 3 3 112 113
110 1 2 3 3 113 114
111 1 2 3 3 114 115
112 1 2 3 3 115 116
113 1 2 3 3 116 117
114 1 2 3 3 117 118
115 1 2 3 3 118 119
116 1 2 3 3 119 120
117 1 2 3 3 120 121
118 1 2 3 3 121 122
119 1 2 3 3 122 123
120 1 2 3 3 123 124
121 1 2 3 3 124 125
122 1 2 3 3 125 126
123 1 2 3 3 126 127
124 1 2 3 3 127 128
125 1 2 3 3 128 129
126 1 2 3 3 129 130
127 1 2 3 3 130 131
128 1 2 3 3 131 132
129 1 2 3 3 132 133
130 1 2 3 3 133 134
131 1 2 3 3 134 135
132 1 2 3 3 135 136
133 1 2 3 3 136 137
134 1 2 3 3 137 138
135 1 2 3 3 138 139
136 1 2 3 3 139 140
137 1 2 3 3 140 141
138 1 2 3 3 141 142
139 1 2 3 3 142 143
140 1 2 3 3 143 144
141 1 2 3 3 144 145
142 1 2 3 3 145 146
143 1 2 3 3 146 147
144 1 2 3 3 147 4
145 1 2 1 4 4 148
146 1 2 1 4 148 149
147 1 2 1 4 149 150
148 1 2 1 4 150 151
149 1 2 1 4 151 152
150 1 2 1 4 152 153
151 1 2 1 4 153 154
152 1 2 1 4 154 155
153 1 2 1 4 155 156
154 1 2 1 4 156 157
155 1 2 1 4 157 158
156 1 2 1 4 158 159
157 1 2 1 4 159 160
158 1 2 1 4 160 161
159 1 2 1 4 161 162
160 1 2 1 4 162 163
161 1 2 1 4 163 164
162 1 2 1 4 164 165
163 1 2 1 4 165 166
164 1 2 1 4 166 167
165 1 2 1 4 167 168
166 1 2 1 4 168 169
167 1 2 1 4 169 170
168 1 2 1 4 170 171
169 1 2 1 4 171 172
170 1 2 1 4 172 173
171 1 2 1 4 173 174
172 1 2 1 4 174 175
173 1 2 1 4 175 176
174 1 2 1 4 176 177
175 1 2 1 4 177 178
176 1 2 1 4 178 179
177 1 2 1 4 179 180
178 1 2 1 4 180 181
179 1 2 1 4 181 182
180 1 2 1 4 182 183
181 1 2 1 4 183 184
182 1 2 1 4 184 185
183 1 2 1 4 185 186
184 1 2 1 4 186 187
185 1 2 1 4 187 188
186 1 2 1 4 188 189
187 1 2 1 4 189 190
188 1 2 1 4 190 191
189 1 2 1 4 191 192
190 1 2 1 4 192 193
191 1 2 1 4 193 194
192 1 2 1 4 194 195
193 1 2 1 4 195 196
194 1 2 1 4 196 197
195 1 2 1 4 197 198
196 1 2 1 4 198 199
197 1 2 1 4 199 200
198 1 2 1 4 200 201
199 1 2 1 4 201 202
200 1 2 1 4 202 203
201 1 2 1 4 203 204
202 1 2 1 4 204 205
203 1 2 1 4 205 206
204 1 2 1 4 206 207
205 1 2 1 4 207 208
206 1 2 1 4 208 3
207 1 2 4 5 5 209
208 1 2 4 5 209 210
209 1 2 4 5 210 211
210 1 2 4 5 211 212
211 1 2 4 5 212 213
212 1 2 4 5 213 214
213 1 2 4 5 214 215
214 1 2 4 5 215 216
215 1 2 4 5 216 217
216 1 2 4 5 217 218
217 1 2 4 5 218 219
218 1 2 4 5 219 220
219 1 2 4 5 220 221
220 1 2 4 5 221 222
221 1 2 4 5 222 223
222 1 2 4 5 223 224
223 1 2 4 5 224 225
224 1 2 4 5 225 226
225 1 2 4 5 226 227
226 1 2 4 5 227 228
227 1 2 4 5 228 229
228 1 2 4 5 229 230
229 1 2 4 5 230 231
230 1 2 4 5 231 232
231 1 2 4 5 232 233
232 1 2 4 5 233 234
233 1 2 4 5 234 235
234 1 2 4 5 235 236
235 1 2 4 5 236 237
236 1 2 4 5 237 238
237 1 2 4 5 238 239
238 1 2 4 5 239 240
239 1 2 4 5 240 241
240 1 2 4 5 241 242
241 1 2 4 5 242 243
242 1 2 4 5 243 244
243 1 2 4 5 244 245
244 1 2 4 5 245 246
245 1 2 4 5 246 247
246 1 2 4 5 247 248
247 1 2 4 5 248 249
248 1 2 4 5 249 250
249 1 2 4 5 250 251
250 1 2 4 5 251 252
251 1 2 4 5 252 253
252 1 2 4 5 253 254
253 1 2 4 5 254 255
254 1 2 4 5 255 256
255 1 2 4 5 256 257
256 1 2 4 5 257 258
257 1 2 4 5 258 259
258 1 2 4 5 259 260
259 1 2 4 5 260 261
260 1 2 4 5 261 262
261 1 2 4 5 262 263
262 1 2 4 5 263 264
263 1 2 4 5 264 265
264 1 2 4 5 265 266
265 1 2 4 5 266 267
266 1 2 4 5 267 268
267 1 2 4 5 268 269
268 1 2 4 5 269 270
269 1 2 4 5 270 271
270 1 2 4 5 271 272
271 1 2 4 5 272 273
272 1 2 4 5 273 274
273 1 2 4 5 274 275
274 1 2 4 5 275 276
275 1 2 4 5 276 277
276 1 2 4 5 277 278
277 1 2 4 5 278 279
278 1 2 4 5 279 280
279 1 2 4 5 280 5
280 1 2 4 6 6 281
281 1 2 4 6 281 282
282 1 2 4 6 282 283
283 1 2 4 6 283 284
284 1 2 4 6 284 285
285 1 2 4 6 285 286
286 1 2 4 6 286 287
287 1 2 4 6 287 288
288 1 2 4 6 288 289
289 1 2 4 6 289 290
290 1 2 4 6 290 291
291 1 2 4 6 291 292
292 1 2 4 6 292 293
293 1 2 4 6 293 294
294 1 2 4 6 294 295
295 1 2 4 6 295 296
296 1 2 4 6 296 297
297 1 2 4 6 297 298
298 1 2 4 6 298 299
299 1 2 4 6 299 300
300 1 2 4 6 300 301
301 1 2 4 6 301 302
302 1 2 4 6 302 303
303 1 2 4 6 303 304
304 1 2 4 6 304 305
305 1 2 4 6 305 306
306 1 2 4 6 306 307
307 1 2 4 6 307 308
308 1 2 4 6 308 309
309 1 2 4 6 309 310
310 1 2 4 6 310 311
311 1 2 4 6 311 312
312 1 2 4 6 312 313
313 1 2 4 6 313 314
314 1 2 4 6 314 315
315 1 2 4 6 315 316
316 1 2 4 6 316 317
317 1 2 4 6 317 318
318 1 2 4 6 318 319
319 1 2 4 6 319 320
320 1 2 4 6 320 321
321 1 2 4 6 321 322
322 1 2 4 6 322 323
323 1 2 4 6 323 324
324 1 2 4 6 324 325
325 1 2 4 6 325 326
326 1 2 4 6 326 327
327 1 2 4 6 327 328
328 1 2 4 6 328 329
329 1 2 4 6 329 330
330 1 2 4 6 330 331
331 1 2 4 6 331 332
332 1 2 4 6 332 333
333 1 2 4 6 333 334
334 1 2 4 6 334 335
335 1 2 4 6 335 336
336 1 2 4 6 336 337
337 1 2 4 6 337 338
338 1 2 4 6 338 339
339 1 2 4 6 339 340
340 1 2 4 6 340 341
341 1 2 4 6 341 342
342 1 2 4 6 342 343
343 1 2 4 6 343 344
344 1 2 4 6 344 345
345 1 2 4 6 345 346
346 1 2 4 6 346 347
347 1 2 4 6 347 348
348 1 2 4 6 348 349
349 1 2 4 6 349 350
350 1 2 4 6 350 351
351 1 2 4 6 351 352
352 1 2 4 6 352 6
353 2 2 10 4 3525 4408 1943
354 2 2 10 4 1935 3783 3180
355 2 2 10 4 2387 3833 3832
356 2 2 10 4 3921 4961 2722
357 2 2 10 4 3919 4380 3240
358 2 2 10 4 2564 4816 4440
359 2 2 10 4 4240 5189 3731
360 2 2 10 4 641 5018 4007
361 2 2 10 4 2753 3587 3208
362 2 2 10 4 3669 4842 2807
363 2 2 10 4 441 3489 3285
364 2 2 10 4 3596 4316 3594
365 2 2 10 4 4330 4847 2898
366 2 2 10 4 436 4740 3269
367 2 2 10 4 1015 5057 3595
368 2 2 10 4 4024 4875 2820
369 2 2 10 4 1583 5384 3192
370 2 2 10 4 2387 3834 3833
371 2 2 10 4 3595 3852 1015
372 2 2 10 4 3180 3782 1935
373 2 2 10 4 465 4332 3191
374 2 2 10 4 3536 4678 3560
375 2 2 10 4 4155 4579 1907
376 2 2 10 4 3192 5455 1583
377 2 2 10 4 379 4209 3297
378 2 2 10 4 3853 4388 2460
379 2 2 10 4 787 4816 2564
380 2 2 10 4 3776 3801 2729
381 2 2 10 4 3244 3246 2319
382 2 2 10 4 3528 4582 3698
383 2 2 10 4 3209 4501 2260
384 2 2 10 4 3949 4447 3950
385 2 2 10 4 4714 5074 2843
386 2 2 10 4 1943 4408 4264
387 2 2 10 4 3873 3934 2045
388 2 2 10 4 3855 4356 3161
389 2 2 10 4 1669 4447 3949
390 2 2 10 4 1973 4718 1979
391 2 2 10 4 4669 5023 249
392 2 2 10 4 899 3783 901
393 2 2 10 4 3215 3490 364
394 2 2 10 4 1192 3303 1184
395 2 2 10 4 2366 4540 2130
396 2 2 10 4 2156 3424 3423
397 2 2 10 4 4627 5400 4428
398 2 2 10 4 1461 4902 3343
399 2 2 10 4 2810 4583 2406
400 2 2 10 4 2363 4726 3933
401 2 2 10 4 3302 3664 1215
402 2 2 10 4 2607 3850 3223
403 2 2 10 4 3309 3956 3547
404 2 2 10 4 492 5033 4062
405 2 2 10 4 2952 3816 3815
406 2 2 10 4 2792 3580 3578
407 2 2 10 4 4130 4899 2954
408 2 2 10 4 1433 5110 3173
409 2 2 10 4 4289 4727 4588
410 2 2 10 4 2706 4767 3948
411 2 2 10 4 3343 4902 3118
412 2 2 10 4 4096 4610 1843
413 2 2 10 4 4062 5033 4059
414 2 2 10 4 4069 4114 3105
415 2 2 10 4 3300 5120 4518
416 2 2 10 4 28 3375 27
417 2 2 10 4 2574 4258 3415
418 2 2 10 4 3577 4503 3578
419 2 2 10 4 3868 4805 3723
420 2 2 10 4 3173 3316 1433
421 2 2 10 4 3392 3960 1684
422 2 2 10 4 2260 4383 3209
423 2 2 10 4 3752 5155 4347
424 2 2 10 4 2437 4084 2739
425 2 2 10 4 3578 4503 2792
426 2 2 10 4 3309 5241 3956
427 2 2 10 4 2807 4729 3669
428 2 2 10 4 3587 3639 3208
429 2 2 10 4 3304 4832 2276
430 2 2 10 4 2832 4646 4490
431 2 2 10 4 4007 5018 3035
432 2 2 10 4 3176 5023 4669
433 2 2 10 4 424 4875 4024
434 2 2 10 4 447 4171 3170
435 2 2 10 4 3854 3855 3161
436 2 2 10 4 3723 4893 3868
437 2 2 10 4 2405 3795 3179
438 2 2 10 4 3948 4767 3947
439 2 2 10 4 503 3379 505
440 2 2 10 4 2156 4229 3424
441 2 2 10 4 3239 3265 2553
442 2 2 10 4 2636 4519 3612
443 2 2 10 4 3226 3893 937
444 2 2 10 4 3541 3613 1081
445 2 2 10 4 1383 4899 4130
446 2 2 10 4 4706 4742 2144
447 2 2 10 4 3094 3613 3541
448 2 2 10 4 3457 3459 386
449 2 2 10 4 415 4989 3583
450 2 2 10 4 1804 4380 3919
451 2 2 10 4 3089 4700 842
452 2 2 10 4 3131 5155 3752
453 2 2 10 4 3446 4184 3175
454 2 2 10 4 4769 4840 2332
455 2 2 10 4 1597 4813 4801
456 2 2 10 4 3359 4578 2682
457 2 2 10 4 505 3379 682
458 2 2 10 4 3269 5254 436
459 2 2 10 4 3322 4261 2622
460 2 2 10 4 3170 4884 447
461 2 2 10 4 3744 4610 4096
462 2 2 10 4 2739 4084 3820
463 2 2 10 4 4887 5084 4333
464 2 2 10 4 3459 4825 386
465 2 2 10 4 1260 3869 3313
466 2 2 10 4 3612 4519 752
467 2 2 10 4 1907 4429 4155
468 2 2 10 4 4326 4606 3536
469 2 2 10 4 2645 4268 3211
470 2 2 10 4 2726 4141 3841
471 2 2 10 4 3415 4258 2187
472 2 2 10 4 3424 4229 3426
473 2 2 10 4 1684 3960 1309
474 2 2 10 4 4727 4765 1800
475 2 2 10 4 2843 5074 3913
476 2 2 10 4 3328 3399 380
477 2 2 10 4 2898 4847 2401
478 2 2 10 4 2729 4756 3776
479 2 2 10 4 2549 5475 4359
480 2 2 10 4 2638 3265 3239
481 2 2 10 4 3731 5237 4240
482 2 2 10 4 1425 5249 4511
483 2 2 10 4 1184 3303 1204
484 2 2 10 4 4191 4921 384
485 2 2 10 4 3260 4953 4631
486 2 2 10 4 3518 4772 1634
487 2 2 10 4 4588 4727 1800
488 2 2 10 4 3307 5086 1291
489 2 2 10 4 2903 4708 4165
490 2 2 10 4 3727 4742 4706
491 2 2 10 4 4518 5120 4051
492 2 2 10 4 1582 4690 3964
493 2 2 10 4 4739 5149 354
494 2 2 10 4 4690 4744 3964
495 2 2 10 4 3337 5149 4739
496 2 2 10 4 3609 3764 3610
497 2 2 10 4 27 3375 362
498 2 2 10 4 2965 4388 3853
499 2 2 10 4 3872 3934 3873
500 2 2 10 4 3105 4663 4069
501 2 2 10 4 421 5023 4182
502 2 2 10 4 3596 3597 1005
503 2 2 10 4 1005 4316 3596
504 2 2 10 4 155 3916 434
505 2 2 10 4 2794 3923 2433
506 2 2 10 4 3729 4863 2144
507 2 2 10 4 4054 4926 4470
508 2 2 10 4 3712 4578 3359
509 2 2 10 4 3574 4224 3568
510 2 2 10 4 962 4582 3528
511 2 2 10 4 5050 5275 3002
512 2 2 10 4 477 3260 3247
513 2 2 10 4 2986 5034 3527
514 2 2 10 4 3730 5189 3262
515 2 2 10 4 4801 4813 3643
516 2 2 10 4 3252 3623 976
517 2 2 10 4 1386 5027 4298
518 2 2 10 4 2892 4873 3540
519 2 2 10 4 2664 4239 4032
520 2 2 10 4 4088 4641 657
521 2 2 10 4 2746 4064 3511
522 2 2 10 4 572 3506 3505
523 2 2 10 4 3223 3963 2607
524 2 2 10 4 3650 3669 3668
525 2 2 10 4 4333 5210 2471
526 2 2 10 4 3086 3692 3485
527 2 2 10 4 3211 5448 2645
528 2 2 10 4 2073 3764 3609
529 2 2 10 4 3267 3468 422
530 2 2 10 4 491 4121 3335
531 2 2 10 4 3214 4791 4736
532 2 2 10 4 1989 4224 3574
533 2 2 10 4 1582 4511 3165
534 2 2 10 4 2155 4627 4428
535 2 2 10 4 1836 4058 1856
536 2 2 10 4 3247 3259 477
537 2 2 10 4 3426 4229 1922
538 2 2 10 4 3631 3703 3630
539 2 2 10 4 3891 4081 3890
540 2 2 10 4 2144 4742 3729
541 2 2 10 4 588 3572 1080
542 2 2 10 4 4306 4667 2710
543 2 2 10 4 436 5254 3277
544 2 2 10 4 2722 4653 3921
545 2 2 10 4 2792 4418 3580
546 2 2 10 4 2630 3490 3368
547 2 2 10 4 359 4884 3170
548 2 2 10 4 3555 4765 4727
549 2 2 10 4 3179 4718 2405
550 2 2 10 4 1901 3366 1903
551 2 2 10 4 3165 4690 1582
552 2 2 10 4 1008 3783 899
553 2 2 10 4 4020 5089 4455
554 2 2 10 4 4511 5249 3165
555 2 2 10 4 478 3545 3543
556 2 2 10 4 3170 5179 359
557 2 2 10 4 3914 4298 2878
558 2 2 10 4 585 3572 588
559 2 2 10 4 3583 4905 415
560 2 2 10 4 5221 5534 3351
561 2 2 10 4 4370 4774 2582
562 2 2 10 4 3929 4029 2842
563 2 2 10 4 2576 4146 3573
564 2 2 10 4 4698 4758 1092
565 2 2 10 4 3281 4835 4581
566 2 2 10 4 2952 4407 3816
567 2 2 10 4 3757 3981 3756
568 2 2 10 4 2892 3540 2894
569 2 2 10 4 2711 5084 4887
570 2 2 10 4 842 4699 3089
571 2 2 10 4 357 5275 5050
572 2 2 10 4 3389 3391 1636
573 2 2 10 4 1638 4192 941
574 2 2 10 4 3448 3449 449
575 2 2 10 4 4091 5161 487
576 2 2 10 4 4214 4832 3304
577 2 2 10 4 3058 4327 4006
578 2 2 10 4 3478 5193 3135
579 2 2 10 4 4631 4953 438
580 2 2 10 4 976 3624 3252
581 2 2 10 4 3368 3490 3215
582 2 2 10 4 3294 4459 408
583 2 2 10 4 2842 5208 3929
584 2 2 10 4 1195 4606 4326
585 2 2 10 4 3275 4783 2702
586 2 2 10 4 2306 5189 4240
587 2 2 10 4 4722 4761 3612
588 2 2 10 4 1741 3828 3360
589 2 2 10 4 1411 4781 3142
590 2 2 10 4 3489 3490 3285
591 2 2 10 4 4736 4791 3988
592 2 2 10 4 3391 3394 1636
593 2 2 10 4 3423 3859 2156
594 2 2 10 4 724 4858 4442
595 2 2 10 4 3292 3294 468
596 2 2 10 4 1797 5417 4138
597 2 2 10 4 2638 3542 3265
598 2 2 10 4 1702 4954 1706
599 2 2 10 4 3461 3526 3460
600 2 2 10 4 3255 5483 723
601 2 2 10 4 4182 4969 421
602 2 2 10 4 2045 3935 3873
603 2 2 10 4 2549 4359 3338
604 2 2 10 4 3630 3703 2167
605 2 2 10 4 3475 4334 2887
606 2 2 10 4 3142 4861 1411
607 2 2 10 4 3373 3374 402
608 2 2 10 4 3464 3526 3461
609 2 2 10 4 1219 4754 3163
610 2 2 10 4 4447 4854 3950
611 2 2 10 4 2767 4485 2312
612 2 2 10 4 3405 4939 2494
613 2 2 10 4 3908 5018 664
614 2 2 10 4 3982 5148 2955
615 2 2 10 4 4165 4708 3222
616 2 2 10 4 2811 4840 4769
617 2 2 10 4 3422 3860 3420
618 2 2 10 4 3366 3648 3367
619 2 2 10 4 4784 5311 1626
620 2 2 10 4 2955 4738 3982
621 2 2 10 4 3369 4682 1285
622 2 2 10 4 2607 4116 3850
623 2 2 10 4 4490 4646 1011
624 2 2 10 4 3420 3860 3423
625 2 2 10 4 3808 5070 4931
626 2 2 10 4 3670 4979 4880
627 2 2 10 4 4071 5181 3100
628 2 2 10 4 3574 4160 1989
629 2 2 10 4 442 4674 3318
630 2 2 10 4 4483 4600 599
631 2 2 10 4 3925 4574 3664
632 2 2 10 4 4089 5170 3679
633 2 2 10 4 3296 5084 2528
634 2 2 10 4 1937 5211 5019
635 2 2 10 4 1078 3859 1421
636 2 2 10 4 4931 5070 569
637 2 2 10 4 3897 4265 2577
638 2 2 10 4 2266 4421 2044
639 2 2 10 4 3731 5189 3730
640 2 2 10 4 3210 5311 4784
641 2 2 10 4 3573 4421 2576
642 2 2 10 4 4793 4852 816
643 2 2 10 4 2953 4758 4698
644 2 2 10 4 1797 4138 1799
645 2 2 10 4 2280 3963 3280
646 2 2 10 4 2471 4887 4333
647 2 2 10 4 2319 3810 3244
648 2 2 10 4 3530 4814 4367
649 2 2 10 4 1260 3870 3869
650 2 2 10 4 3613 4722 3612
651 2 2 10 4 1222 5181 4071
652 2 2 10 4 957 3625 959
653 2 2 10 4 2664 4032 3368
654 2 2 10 4 717 5170 4089
655 2 2 10 4 3890 4081 483
656 2 2 10 4 3648 5363 3367
657 2 2 10 4 2878 5464 3914
658 2 2 10 4 1919 3963 1921
659 2 2 10 4 4428 5400 2602
660 2 2 10 4 4370 4699 1095
661 2 2 10 4 2553 3919 3239
662 2 2 10 4 3264 4265 240
663 2 2 10 4 758 5248 4577
664 2 2 10 4 3484 5518 3203
665 2 2 10 4 3163 5431 1219
666 2 2 10 4 3950 4854 3660
667 2 2 10 4 3907 4720 4390
668 2 2 10 4 364 5411 3215
669 2 2 10 4 3089 4699 4370
670 2 2 10 4 5086 5420 1291
671 2 2 10 4 3011 4641 4088
672 2 2 10 4 3825 4927 1829
673 2 2 10 4 3102 4852 4793
674 2 2 10 4 3786 4102 1241
675 2 2 10 4 2295 3608 3607
676 2 2 10 4 1207 3561 3560
677 2 2 10 4 3597 4771 1005
678 2 2 10 4 4809 4949 83
679 2 2 10 4 4184 4314 3175
680 2 2 10 4 3029 4773 3959
681 2 2 10 4 3756 3981 1646
682 2 2 10 4 3097 5271 1040
683 2 2 10 4 2929 3928 2928
684 2 2 10 4 3319 4482 3404
685 2 2 10 4 3830 4222 2428
686 2 2 10 4 3915 4002 3279
687 2 2 10 4 3404 5247 3319
688 2 2 10 4 3631 5515 4694
689 2 2 10 4 3196 5108 2399
690 2 2 10 4 3848 4952 2999
691 2 2 10 4 572 5238 3506
692 2 2 10 4 3500 4387 1673
693 2 2 10 4 1979 4718 3787
694 2 2 10 4 1955 4472 3345
695 2 2 10 4 933 4973 4788
696 2 2 10 4 754 5248 758
697 2 2 10 4 957 3626 3625
698 2 2 10 4 3142 4781 3964
699 2 2 10 4 3297 4209 3699
700 2 2 10 4 4195 4345 496
701 2 2 10 4 4046 5517 2590
702 2 2 10 4 596 4952 3848
703 2 2 10 4 3348 4640 431
704 2 2 10 4 3372 5224 1320
705 2 2 10 4 2622 4261 3622
706 2 2 10 4 3511 4064 3553
707 2 2 10 4 1268 4087 4086
708 2 2 10 4 3112 3782 2333
709 2 2 10 4 3276 4235 363
710 2 2 10 4 2333 3782 3180
711 2 2 10 4 559 3924 715
712 2 2 10 4 3203 4933 3484
713 2 2 10 4 933 4788 4047
714 2 2 10 4 2251 4757 3894
715 2 2 10 4 723 4103 3255
716 2 2 10 4 2887 5060 3475
717 2 2 10 4 3112 5522 3782
718 2 2 10 4 2631 4102 3786
719 2 2 10 4 3917 4681 4506
720 2 2 10 4 4006 5331 3058
721 2 2 10 4 5087 5159 3521
722 2 2 10 4 3103 4517 4368
723 2 2 10 4 4470 4926 3191
724 2 2 10 4 3503 3958 3062
725 2 2 10 4 2433 3923 2733
726 2 2 10 4 3111 4640 4377
727 2 2 10 4 2803 4835 3281
728 2 2 10 4 3140 4949 4809
729 2 2 10 4 3015 3379 503
730 2 2 10 4 2507 5526 3401
731 2 2 10 4 1829 4957 3825
732 2 2 10 4 431 4640 3334
733 2 2 10 4 4259 5452 756
734 2 2 10 4 3964 4744 3142
735 2 2 10 4 3749 5093 3748
736 2 2 10 4 1566 4667 4306
737 2 2 10 4 3933 4726 2897
738 2 2 10 4 2852 4825 3459
739 2 2 10 4 3318 3532 442
740 2 2 10 4 816 4852 3217
741 2 2 10 4 402 5136 3373
742 2 2 10 4 4552 4961 3921
743 2 2 10 4 3595 5057 2866
744 2 2 10 4 1040 5314 3097
745 2 2 10 4 3353 3354 435
746 2 2 10 4 2702 5328 3275
747 2 2 10 4 3805 3807 2027
748 2 2 10 4 795 3642 791
749 2 2 10 4 1285 4682 1282
750 2 2 10 4 3310 3542 2052
751 2 2 10 4 1901 3648 3366
752 2 2 10 4 3217 4960 816
753 2 2 10 4 3175 4962 3446
754 2 2 10 4 3262 4256 3730
755 2 2 10 4 764 4259 756
756 2 2 10 4 4383 4465 3762
757 2 2 10 4 5189 5476 3261
758 2 2 10 4 901 3783 1935
759 2 2 10 4 4195 5392 4345
760 2 2 10 4 1297 3962 3513
761 2 2 10 4 3351 5534 2355
762 2 2 10 4 3650 3668 3667
763 2 2 10 4 498 4345 3306
764 2 2 10 4 3758 4046 2590
765 2 2 10 4 3997 4740 436
766 2 2 10 4 3298 5305 4094
767 2 2 10 4 3747 3749 3748
768 2 2 10 4 4442 4858 3371
769 2 2 10 4 427 3582 3581
770 2 2 10 4 1192 3906 3303
771 2 2 10 4 715 3924 3806
772 2 2 10 4 487 5161 3837
773 2 2 10 4 3540 4677 2894
774 2 2 10 4 2295 4745 3608
775 2 2 10 4 3290 5383 3336
776 2 2 10 4 363 4940 3276
777 2 2 10 4 2320 3365 3364
778 2 2 10 4 2052 3312 3310
779 2 2 10 4 4622 4910 3961
780 2 2 10 4 3841 5535 2726
781 2 2 10 4 3763 5396 3766
782 2 2 10 4 3570 3571 586
783 2 2 10 4 3742 4070 714
784 2 2 10 4 1655 3749 3747
785 2 2 10 4 478 4723 3545
786 2 2 10 4 496 501 49
787 2 2 10 4 146 500 497
788 2 2 10 4 3191 4332 2796
789 2 2 10 4 2130 4540 2132
790 2 2 10 4 2453 3363 2780
791 2 2 10 4 4580 4991 3500
792 2 2 10 4 803 4227 822
793 2 2 10 4 2380 3317 2031
794 2 2 10 4 1004 5338 3134
795 2 2 10 4 4506 4681 1216
796 2 2 10 4 758 5122 767
797 2 2 10 4 2977 5046 3473
798 2 2 10 4 4298 5027 2878
799 2 2 10 4 4841 5305 3298
800 2 2 10 4 2614 5108 4879
801 2 2 10 4 2260 4465 4383
802 2 2 10 4 499 500 149
803 2 2 10 4 207 501 498
804 2 2 10 4 2761 4600 4483
805 2 2 10 4 4009 4673 2456
806 2 2 10 4 4367 4471 3530
807 2 2 10 4 4994 5160 177
808 2 2 10 4 696 4487 3344
809 2 2 10 4 3905 4435 1568
810 2 2 10 4 2866 3599 3595
811 2 2 10 4 2997 4296 3769
812 2 2 10 4 5108 5144 2399
813 2 2 10 4 2664 3368 3215
814 2 2 10 4 1941 5183 4923
815 2 2 10 4 1207 4670 3561
816 2 2 10 4 3803 4770 4561
817 2 2 10 4 4664 4756 2987
818 2 2 10 4 2833 4603 3398
819 2 2 10 4 2626 3958 2628
820 2 2 10 4 889 3696 3695
821 2 2 10 4 3038 4318 3037
822 2 2 10 4 3763 3766 3764
823 2 2 10 4 240 5380 3264
824 2 2 10 4 1264 4751 3263
825 2 2 10 4 2494 5289 3405
826 2 2 10 4 2856 5158 4067
827 2 2 10 4 2851 4774 4370
828 2 2 10 4 1673 4580 3500
829 2 2 10 4 4390 4720 2799
830 2 2 10 4 2441 4200 3703
831 2 2 10 4 3514 3665 3206
832 2 2 10 4 2307 4349 3281
833 2 2 10 4 3454 3510 3452
834 2 2 10 4 427 4792 3189
835 2 2 10 4 1767 4910 4622
836 2 2 10 4 937 3893 938
837 2 2 10 4 2331 5093 3749
838 2 2 10 4 3285 3958 441
839 2 2 10 4 1772 3934 3872
840 2 2 10 4 889 3695 891
841 2 2 10 4 4582 5610 3698
842 2 2 10 4 3903 3905 1568
843 2 2 10 4 3660 4904 3950
844 2 2 10 4 3507 4721 2813
845 2 2 10 4 4169 4464 376
846 2 2 10 4 3386 4943 4724
847 2 2 10 4 729 5159 5087
848 2 2 10 4 1684 5364 3392
849 2 2 10 4 3417 5589 2643
850 2 2 10 4 3285 3490 2630
851 2 2 10 4 3629 3813 2585
852 2 2 10 4 3305 4288 1663
853 2 2 10 4 3565 3570 586
854 2 2 10 4 3278 3915 3279
855 2 2 10 4 3410 3894 3407
856 2 2 10 4 1654 4991 4580
857 2 2 10 4 3347 4027 2575
858 2 2 10 4 3336 3845 3290
859 2 2 10 4 3474 5046 2971
860 2 2 10 4 452 3665 3514
861 2 2 10 4 2905 4921 4191
862 2 2 10 4 3782 5522 3780
863 2 2 10 4 2561 4530 3216
864 2 2 10 4 3061 3844 2344
865 2 2 10 4 4509 4998 2307
866 2 2 10 4 3828 3853 3360
867 2 2 10 4 4808 5355 3127
868 2 2 10 4 3560 4678 1207
869 2 2 10 4 3535 3538 3537
870 2 2 10 4 3473 4885 2977
871 2 2 10 4 2971 5186 3474
872 2 2 10 4 2406 4583 2745
873 2 2 10 4 1634 5157 3518
874 2 2 10 4 3894 4757 3895
875 2 2 10 4 1553 3598 1555
876 2 2 10 4 2813 4787 3507
877 2 2 10 4 791 3642 789
878 2 2 10 4 2656 4613 3552
879 2 2 10 4 1268 4977 4087
880 2 2 10 4 2349 3562 2557
881 2 2 10 4 4694 5006 3631
882 2 2 10 4 4160 5113 1989
883 2 2 10 4 608 4677 3540
884 2 2 10 4 373 3378 3376
885 2 2 10 4 2939 4486 2941
886 2 2 10 4 3552 4613 2113
887 2 2 10 4 392 4278 3248
888 2 2 10 4 4318 4342 602
889 2 2 10 4 2548 3675 3674
890 2 2 10 4 1320 5206 3372
891 2 2 10 4 4561 4770 927
892 2 2 10 4 5063 5285 3042
893 2 2 10 4 3210 4784 1446
894 2 2 10 4 937 5562 3226
895 2 2 10 4 491 4122 4121
896 2 2 10 4 5047 5100 356
897 2 2 10 4 1023 3694 3358
898 2 2 10 4 2862 4882 4715
899 2 2 10 4 2575 4799 3347
900 2 2 10 4 3280 5534 5221
901 2 2 10 4 3674 3858 2548
902 2 2 10 4 3835 4758 2953
903 2 2 10 4 3527 5034 3528
904 2 2 10 4 2810 4944 4583
905 2 2 10 4 1326 3485 3484
906 2 2 10 4 3263 4748 1264
907 2 2 10 4 4067 5158 1273
908 2 2 10 4 4005 5035 4829
909 2 2 10 4 2873 3800 3334
910 2 2 10 4 1600 4574 3925
911 2 2 10 4 1529 3648 1540
912 2 2 10 4 2454 3893 3352
913 2 2 10 4 3281 4581 2307
914 2 2 10 4 4036 4726 2363
915 2 2 10 4 341 3434 410
916 2 2 10 4 338 3457 386
917 2 2 10 4 3237 5263 751
918 2 2 10 4 468 3659 3292
919 2 2 10 4 1799 4888 1803
920 2 2 10 4 1838 3915 3278
921 2 2 10 4 2518 4039 3667
922 2 2 10 4 3660 5219 4904
923 2 2 10 4 822 4227 3636
924 2 2 10 4 2518 3667 2802
925 2 2 10 4 3784 5368 3472
926 2 2 10 4 4968 5385 3039
927 2 2 10 4 1856 4058 2197
928 2 2 10 4 1922 4230 3426
929 2 2 10 4 3604 5190 3603
930 2 2 10 4 3297 5242 379
931 2 2 10 4 3633 4974 2314
932 2 2 10 4 3787 4440 3876
933 2 2 10 4 941 4192 1685
934 2 2 10 4 4164 5160 4994
935 2 2 10 4 1446 4911 3210
936 2 2 10 4 4446 4751 4522
937 2 2 10 4 3397 5589 3417
938 2 2 10 4 3278 4057 1838
939 2 2 10 4 3650 4842 3669
940 2 2 10 4 3850 4116 1030
941 2 2 10 4 3395 3657 3656
942 2 2 10 4 453 5193 3478
943 2 2 10 4 493 4083 3378
944 2 2 10 4 5151 5198 3194
945 2 2 10 4 3361 3383 2013
946 2 2 10 4 2823 4745 3647
947 2 2 10 4 1364 4313 4001
948 2 2 10 4 3530 5486 4814
949 2 2 10 4 557 3924 559
950 2 2 10 4 1583 5455 4516
951 2 2 10 4 3056 3842 3332
952 2 2 10 4 3331 4319 1596
953 2 2 10 4 3663 3664 3302
954 2 2 10 4 3189 5415 427
955 2 2 10 4 4452 5480 4542
956 2 2 10 4 4377 4640 3348
957 2 2 10 4 4705 4915 2834
958 2 2 10 4 2998 5475 2549
959 2 2 10 4 1381 3789 3788
960 2 2 10 4 2519 4084 2437
961 2 2 10 4 3134 5316 1004
962 2 2 10 4 156 3916 155
963 2 2 10 4 2650 3977 3976
964 2 2 10 4 4975 5210 3212
965 2 2 10 4 408 5061 3294
966 2 2 10 4 4318 5274 3037
967 2 2 10 4 3238 5517 4046
968 2 2 10 4 3185 5178 4411
969 2 2 10 4 2405 4718 1973
970 2 2 10 4 3754 4389 3755
971 2 2 10 4 3388 4279 1441
972 2 2 10 4 1071 4339 4034
973 2 2 10 4 3044 5467 4000
974 2 2 10 4 2650 3976 3975
975 2 2 10 4 4829 5035 2599
976 2 2 10 4 3464 4766 4264
977 2 2 10 4 641 4007 646
978 2 2 10 4 3449 5078 449
979 2 2 10 4 3352 3683 2454
980 2 2 10 4 3398 5213 5115
981 2 2 10 4 2320 3364 3363
982 2 2 10 4 3191 4926 465
983 2 2 10 4 1736 5252 3230
984 2 2 10 4 2646 3534 3533
985 2 2 10 4 2263 5210 4975
986 2 2 10 4 4617 4657 2865
987 2 2 10 4 1706 4954 4032
988 2 2 10 4 3360 4065 1741
989 2 2 10 4 3466 4399 3082
990 2 2 10 4 3535 3560 3538
991 2 2 10 4 407 5213 3398
992 2 2 10 4 4368 4517 2000
993 2 2 10 4 3594 4316 3852
994 2 2 10 4 2528 5062 3296
995 2 2 10 4 4000 4741 3044
996 2 2 10 4 3883 3884 396
997 2 2 10 4 3313 3944 1260
998 2 2 10 4 3481 3482 3480
999 2 2 10 4 3038 4342 4318
1000 2 2 10 4 3694 4513 3358
1001 2 2 10 4 2564 4440 3787
1002 2 2 10 4 2978 5199 4749
1003 2 2 10 4 2197 5260 4496
1004 2 2 10 4 364 3490 3489
1005 2 2 10 4 4577 5122 758
1006 2 2 10 4 4032 4239 1706
1007 2 2 10 4 3435 4967 410
1008 2 2 10 4 3195 5151 3194
1009 2 2 10 4 3959 4773 405
1010 2 2 10 4 398 3926 3639
1011 2 2 10 4 4330 5089 4020
1012 2 2 10 4 3318 4674 3317
1013 2 2 10 4 4057 5372 5260
1014 2 2 10 4 1601 5610 4582
1015 2 2 10 4 3241 5236 2492
1016 2 2 10 4 3216 5031 2561
1017 2 2 10 4 1994 3599 2264
1018 2 2 10 4 3434 3435 410
1019 2 2 10 4 3415 4494 2574
1020 2 2 10 4 2840 4314 4184
1021 2 2 10 4 2986 3527 2783
1022 2 2 10 4 48 501 208
1023 2 2 10 4 148 500 147
1024 2 2 10 4 5383 5480 4452
1025 2 2 10 4 2872 3818 3732
1026 2 2 10 4 4268 4686 1186
1027 2 2 10 4 1663 4489 3305
1028 2 2 10 4 664 4873 3908
1029 2 2 10 4 4013 4017 4016
1030 2 2 10 4 3703 5006 2441
1031 2 2 10 4 3357 3906 1224
1032 2 2 10 4 4411 5178 3614
1033 2 2 10 4 3363 3364 2780
1034 2 2 10 4 1555 3598 1985
1035 2 2 10 4 772 4845 764
1036 2 2 10 4 1215 4463 3302
1037 2 2 10 4 3224 5100 5047
1038 2 2 10 4 3350 5507 5263
1039 2 2 10 4 2943 3624 2945
1040 2 2 10 4 4879 5108 3196
1041 2 2 10 4 2909 4709 2910
1042 2 2 10 4 1753 3728 1815
1043 2 2 10 4 1309 3960 1307
1044 2 2 10 4 3316 3966 1433
1045 2 2 10 4 3230 5029 1736
1046 2 2 10 4 2605 4095 2604
1047 2 2 10 4 3769 4296 635
1048 2 2 10 4 3502 5530 3539
1049 2 2 10 4 4709 4950 2910
1050 2 2 10 4 2013 3383 2198
1051 2 2 10 4 3182 4947 2913
1052 2 2 10 4 1263 3628 1255
1053 2 2 10 4 1491 4472 1955
1054 2 2 10 4 3539 5530 2791
1055 2 2 10 4 3529 4341 2157
1056 2 2 10 4 3670 4880 3668
1057 2 2 10 4 3834 5200 409
1058 2 2 10 4 3628 3629 3627
1059 2 2 10 4 2314 5373 3633
1060 2 2 10 4 2307 4998 4349
1061 2 2 10 4 2601 5048 4118
1062 2 2 10 4 3647 5062 2823
1063 2 2 10 4 3943 4082 3973
1064 2 2 10 4 3224 5047 449
1065 2 2 10 4 2613 3906 3357
1066 2 2 10 4 3891 5570 4081
1067 2 2 10 4 3262 5189 3261
1068 2 2 10 4 3246 5147 2319
1069 2 2 10 4 705 4458 3342
1070 2 2 10 4 1892 5300 3182
1071 2 2 10 4 3405 4381 3467
1072 2 2 10 4 972 4389 3754
1073 2 2 10 4 3401 5220 2507
1074 2 2 10 4 4490 5124 2704
1075 2 2 10 4 3231 5154 5065
1076 2 2 10 4 3820 4001 2739
1077 2 2 10 4 953 3626 954
1078 2 2 10 4 3302 4463 3263
1079 2 2 10 4 3270 5385 4968
1080 2 2 10 4 3086 5163 3692
1081 2 2 10 4 4097 4636 1862
1082 2 2 10 4 2366 5430 4540
1083 2 2 10 4 2697 3633 3308
1084 2 2 10 4 2605 4896 4095
1085 2 2 10 4 4083 5285 5063
1086 2 2 10 4 4390 4673 4009
1087 2 2 10 4 535 4733 3563
1088 2 2 10 4 3332 5263 3056
1089 2 2 10 4 4243 4864 4643
1090 2 2 10 4 3358 3693 1023
1091 2 2 10 4 5019 5211 2772
1092 2 2 10 4 3952 4891 2923
1093 2 2 10 4 2277 3776 3775
1094 2 2 10 4 2953 5005 3835
1095 2 2 10 4 2195 3648 1529
1096 2 2 10 4 3841 4141 1762
1097 2 2 10 4 3393 3394 3391
1098 2 2 10 4 3135 4810 3478
1099 2 2 10 4 3809 5052 1916
1100 2 2 10 4 2871 3818 2872
1101 2 2 10 4 3673 4693 576
1102 2 2 10 4 1446 4986 3256
1103 2 2 10 4 2013 3636 3361
1104 2 2 10 4 3256 4911 1446
1105 2 2 10 4 3507 4692 1599
1106 2 2 10 4 4501 5075 642
1107 2 2 10 4 715 3806 3804
1108 2 2 10 4 4839 5139 413
1109 2 2 10 4 3393 3822 3394
1110 2 2 10 4 2643 3866 3417
1111 2 2 10 4 1930 3675 2206
1112 2 2 10 4 2380 3318 3317
1113 2 2 10 4 4967 5097 410
1114 2 2 10 4 2683 4263 3356
1115 2 2 10 4 5190 5364 3603
1116 2 2 10 4 3277 5278 436
1117 2 2 10 4 3730 4256 1017
1118 2 2 10 4 2788 4922 3472
1119 2 2 10 4 1751 3728 1753
1120 2 2 10 4 2601 5630 5048
1121 2 2 10 4 3343 4828 1418
1122 2 2 10 4 246 4159 3447
1123 2 2 10 4 3536 3560 3535
1124 2 2 10 4 4339 4982 4034
1125 2 2 10 4 4178 4513 3694
1126 2 2 10 4 669 4460 3769
1127 2 2 10 4 2834 4915 3339
1128 2 2 10 4 3280 5221 2280
1129 2 2 10 4 2678 5117 3381
1130 2 2 10 4 3829 4222 3830
1131 2 2 10 4 2156 3859 1078
1132 2 2 10 4 1421 3859 1934
1133 2 2 10 4 3629 5185 3627
1134 2 2 10 4 1863 4610 3744
1135 2 2 10 4 1433 3966 1269
1136 2 2 10 4 4724 4943 414
1137 2 2 10 4 3401 5526 4822
1138 2 2 10 4 3531 4230 3329
1139 2 2 10 4 4463 4748 3263
1140 2 2 10 4 3844 4596 3564
1141 2 2 10 4 2141 4695 4004
1142 2 2 10 4 3771 4234 3772
1143 2 2 10 4 49 501 48
1144 2 2 10 4 2963 4686 4268
1145 2 2 10 4 147 500 146
1146 2 2 10 4 3615 3618 2157
1147 2 2 10 4 3687 5447 4780
1148 2 2 10 4 409 5228 3834
1149 2 2 10 4 4564 5272 3938
1150 2 2 10 4 208 501 207
1151 2 2 10 4 149 500 148
1152 2 2 10 4 1926 4139 1449
1153 2 2 10 4 3252 3624 2943
1154 2 2 10 4 2331 4908 3380
1155 2 2 10 4 2289 4355 3559
1156 2 2 10 4 669 5487 4460
1157 2 2 10 4 619 5455 3270
1158 2 2 10 4 2767 4909 4485
1159 2 2 10 4 2492 5109 3241
1160 2 2 10 4 449 5078 3224
1161 2 2 10 4 376 4464 3798
1162 2 2 10 4 4476 4828 4161
1163 2 2 10 4 3609 4397 2073
1164 2 2 10 4 822 3636 1429
1165 2 2 10 4 3360 3853 2460
1166 2 2 10 4 2348 3562 2349
1167 2 2 10 4 1838 4058 1836
1168 2 2 10 4 412 3897 3682
1169 2 2 10 4 4103 4453 3229
1170 2 2 10 4 3303 3906 2613
1171 2 2 10 4 1001 5522 3113
1172 2 2 10 4 3256 4986 1625
1173 2 2 10 4 405 5454 5302
1174 2 2 10 4 3113 4872 1001
1175 2 2 10 4 997 3736 1011
1176 2 2 10 4 2607 3963 1919
1177 2 2 10 4 765 3691 750
1178 2 2 10 4 3330 4230 4140
1179 2 2 10 4 1921 3963 2280
1180 2 2 10 4 2961 4907 3965
1181 2 2 10 4 2167 4405 3630
1182 2 2 10 4 3535 3537 2162
1183 2 2 10 4 3789 3927 2932
1184 2 2 10 4 2932 3928 2929
1185 2 2 10 4 3785 3786 1241
1186 2 2 10 4 3928 4247 2928
1187 2 2 10 4 2111 3842 2357
1188 2 2 10 4 3349 5039 3271
1189 2 2 10 4 3770 4725 761
1190 2 2 10 4 1155 4312 1189
1191 2 2 10 4 3744 4430 1863
1192 2 2 10 4 1638 4778 4192
1193 2 2 10 4 2641 3827 3551
1194 2 2 10 4 3161 4701 3854
1195 2 2 10 4 3564 3843 2481
1196 2 2 10 4 422 4919 3267
1197 2 2 10 4 3035 5018 3908
1198 2 2 10 4 4787 4878 3826
1199 2 2 10 4 3406 3410 3407
1200 2 2 10 4 502 3015 503
1201 2 2 10 4 3402 3404 3403
1202 2 2 10 4 3479 3481 3480
1203 2 2 10 4 3471 3784 3472
1204 2 2 10 4 1291 4703 3307
1205 2 2 10 4 2517 5217 5198
1206 2 2 10 4 4042 4595 4430
1207 2 2 10 4 4725 4760 761
1208 2 2 10 4 3416 5103 4175
1209 2 2 10 4 1263 3629 3628
1210 2 2 10 4 3849 4968 3039
1211 2 2 10 4 2770 5138 4951
1212 2 2 10 4 3874 4846 115
1213 2 2 10 4 1646 4287 3756
1214 2 2 10 4 3306 4820 498
1215 2 2 10 4 2329 4369 2323
1216 2 2 10 4 3800 5182 3334
1217 2 2 10 4 3833 5228 4728
1218 2 2 10 4 3736 5124 4490
1219 2 2 10 4 3339 4915 368
1220 2 2 10 4 3405 5289 4381
1221 2 2 10 4 4138 4888 1799
1222 2 2 10 4 3640 3642 795
1223 2 2 10 4 3260 3321 3247
1224 2 2 10 4 1081 3613 3611
1225 2 2 10 4 3688 3770 3686
1226 2 2 10 4 1465 4200 1463
1227 2 2 10 4 2424 3774 3031
1228 2 2 10 4 2813 4878 4787
1229 2 2 10 4 3732 4360 2872
1230 2 2 10 4 5198 5217 3194
1231 2 2 10 4 2169 4657 4617
1232 2 2 10 4 2277 3801 3776
1233 2 2 10 4 5065 5154 1717
1234 2 2 10 4 1805 4101 1860
1235 2 2 10 4 4643 4864 777
1236 2 2 10 4 3212 5210 4333
1237 2 2 10 4 3876 4331 1979
1238 2 2 10 4 2646 3533 2225
1239 2 2 10 4 1625 5068 3256
1240 2 2 10 4 723 4453 4103
1241 2 2 10 4 2278 5007 4837
1242 2 2 10 4 4001 4313 2739
1243 2 2 10 4 3916 5371 434
1244 2 2 10 4 2573 4593 3956
1245 2 2 10 4 2754 4790 3096
1246 2 2 10 4 3231 5065 5029
1247 2 2 10 4 4356 4357 981
1248 2 2 10 4 748 5053 3522
1249 2 2 10 4 2439 5368 3784
1250 2 2 10 4 2576 4421 2266
1251 2 2 10 4 355 5129 4170
1252 2 2 10 4 3231 5029 3230
1253 2 2 10 4 3576 4601 3804
1254 2 2 10 4 3374 5043 479
1255 2 2 10 4 1023 3693 893
1256 2 2 10 4 2206 3675 2548
1257 2 2 10 4 5260 5372 3432
1258 2 2 10 4 2031 3317 2052
1259 2 2 10 4 4031 4906 694
1260 2 2 10 4 4000 5467 3877
1261 2 2 10 4 2993 4411 4358
1262 2 2 10 4 1596 4566 3331
1263 2 2 10 4 3454 5313 3510
1264 2 2 10 4 2295 3607 1324
1265 2 2 10 4 3403 4939 3405
1266 2 2 10 4 3001 5275 3653
1267 2 2 10 4 2357 3842 3056
1268 2 2 10 4 3182 5453 1892
1269 2 2 10 4 4272 4882 2863
1270 2 2 10 4 3522 5053 3521
1271 2 2 10 4 3556 4807 475
1272 2 2 10 4 2264 3599 2866
1273 2 2 10 4 2512 4477 2514
1274 2 2 10 4 2356 3768 2060
1275 2 2 10 4 4061 4062 3377
1276 2 2 10 4 4790 4834 3096
1277 2 2 10 4 3365 3677 3364
1278 2 2 10 4 4017 5140 4626
1279 2 2 10 4 3209 5075 4501
1280 2 2 10 4 3291 4930 1411
1281 2 2 10 4 714 5545 3742
1282 2 2 10 4 5053 5087 3521
1283 2 2 10 4 2528 5084 2711
1284 2 2 10 4 537 4733 535
1285 2 2 10 4 1094 4844 3311
1286 2 2 10 4 2401 4847 3271
1287 2 2 10 4 346 4374 3333
1288 2 2 10 4 2305 5076 3295
1289 2 2 10 4 3831 4331 3876
1290 2 2 10 4 479 5322 3374
1291 2 2 10 4 4877 5104 618
1292 2 2 10 4 158 3883 396
1293 2 2 10 4 586 3572 585
1294 2 2 10 4 1259 4889 4266
1295 2 2 10 4 3221 4846 3874
1296 2 2 10 4 3664 4574 1215
1297 2 2 10 4 5246 5282 4089
1298 2 2 10 4 576 5257 3673
1299 2 2 10 4 3398 5115 2833
1300 2 2 10 4 3871 3873 2537
1301 2 2 10 4 4234 5620 3772
1302 2 2 10 4 3383 3384 2198
1303 2 2 10 4 3854 4701 2472
1304 2 2 10 4 1019 4756 4664
1305 2 2 10 4 3568 4224 3836
1306 2 2 10 4 3431 5372 4183
1307 2 2 10 4 522 4021 525
1308 2 2 10 4 441 3958 3503
1309 2 2 10 4 3270 4968 619
1310 2 2 10 4 3927 3928 2932
1311 2 2 10 4 3562 3925 2557
1312 2 2 10 4 4923 5183 3187
1313 2 2 10 4 1368 3928 3927
1314 2 2 10 4 1916 5116 3809
1315 2 2 10 4 1756 4360 3732
1316 2 2 10 4 750 3691 744
1317 2 2 10 4 4175 4645 3416
1318 2 2 10 4 2748 5233 3786
1319 2 2 10 4 3774 3775 3031
1320 2 2 10 4 3794 5211 1937
1321 2 2 10 4 381 4705 4494
1322 2 2 10 4 2453 3746 3363
1323 2 2 10 4 3310 4180 3542
1324 2 2 10 4 3 48 208
1325 2 2 10 4 147 4 148
1326 2 2 10 4 2135 3557 2142
1327 2 2 10 4 2561 5031 3269
1328 2 2 10 4 412 3682 3451
1329 2 2 10 4 3007 4629 4272
1330 2 2 10 4 3437 3548 3441
1331 2 2 10 4 4728 5228 3939
1332 2 2 10 4 1040 3696 887
1333 2 2 10 4 751 5369 3237
1334 2 2 10 4 3354 4897 435
1335 2 2 10 4 1276 4596 3844
1336 2 2 10 4 4780 5447 2455
1337 2 2 10 4 3493 3577 3496
1338 2 2 10 4 3727 4638 3728
1339 2 2 10 4 954 3626 957
1340 2 2 10 4 1903 3366 2320
1341 2 2 10 4 4013 4016 4015
1342 2 2 10 4 4805 4903 3723
1343 2 2 10 4 3221 3874 3222
1344 2 2 10 4 1509 4908 2331
1345 2 2 10 4 2622 5547 3322
1346 2 2 10 4 3812 3968 2554
1347 2 2 10 4 3459 4257 2852
1348 2 2 10 4 3472 5368 2788
1349 2 2 10 4 582 3565 586
1350 2 2 10 4 2566 4108 3382
1351 2 2 10 4 3724 4906 4031
1352 2 2 10 4 3203 3799 504
1353 2 2 10 4 3619 5209 5111
1354 2 2 10 4 2277 3775 3774
1355 2 2 10 4 3103 4369 2329
1356 2 2 10 4 3980 4269 3301
1357 2 2 10 4 1418 4828 4476
1358 2 2 10 4 3558 3691 765
1359 2 2 10 4 2344 3844 2481
1360 2 2 10 4 412 4265 3897
1361 2 2 10 4 4069 5439 395
1362 2 2 10 4 4951 5138 3052
1363 2 2 10 4 3999 4403 2562
1364 2 2 10 4 3381 5117 4691
1365 2 2 10 4 1793 5614 4380
1366 2 2 10 4 1411 4861 3291
1367 2 2 10 4 3062 3958 2626
1368 2 2 10 4 2628 3958 3285
1369 2 2 10 4 4749 5199 411
1370 2 2 10 4 416 4029 3929
1371 2 2 10 4 1651 4405 2167
1372 2 2 10 4 893 3693 895
1373 2 2 10 4 2073 4397 2069
1374 2 2 10 4 3522 5276 748
1375 2 2 10 4 5036 5106 4085
1376 2 2 10 4 427 5434 3582
1377 2 2 10 4 4155 5000 4579
1378 2 2 10 4 4663 5439 4069
1379 2 2 10 4 2157 4341 1666
1380 2 2 10 4 2046 4223 3836
1381 2 2 10 4 3349 5128 5039
1382 2 2 10 4 689 4903 4805
1383 2 2 10 4 4386 4418 2790
1384 2 2 10 4 4814 5486 3618
1385 2 2 10 4 504 3799 369
1386 2 2 10 4 3483 3508 361
1387 2 2 10 4 2044 4421 2043
1388 2 2 10 4 4085 5106 1409
1389 2 2 10 4 3871 4250 3708
1390 2 2 10 4 3788 3790 1381
1391 2 2 10 4 1812 4396 4002
1392 2 2 10 4 685 4805 3868
1393 2 2 10 4 4880 4979 1185
1394 2 2 10 4 3377 4062 4059
1395 2 2 10 4 3425 3778 3421
1396 2 2 10 4 3498 3779 3494
1397 2 2 10 4 483 4242 3890
1398 2 2 10 4 2548 3858 3671
1399 2 2 10 4 998 5355 4808
1400 2 2 10 4 2908 5090 4392
1401 2 2 10 4 3340 5156 1302
1402 2 2 10 4 455 3798 3016
1403 2 2 10 4 4266 5546 1259
1404 2 2 10 4 764 4845 4259
1405 2 2 10 4 3395 5386 3657
1406 2 2 10 4 4413 4947 3182
1407 2 2 10 4 467 4128 3973
1408 2 2 10 4 1905 3746 1906
1409 2 2 10 4 2504 5585 4841
1410 2 2 10 4 3999 5493 4508
1411 2 2 10 4 1695 4755 3857
1412 2 2 10 4 1772 3872 1774
1413 2 2 10 4 1255 3628 1253
1414 2 2 10 4 3271 5039 2401
1415 2 2 10 4 524 4021 522
1416 2 2 10 4 4264 4408 3464
1417 2 2 10 4 2504 4841 3298
1418 2 2 10 4 1242 3785 1241
1419 2 2 10 4 2537 4250 3871
1420 2 2 10 4 5330 5523 3498
1421 2 2 10 4 424 5467 4875
1422 2 2 10 4 1152 3794 1937
1423 2 2 10 4 3334 5182 431
1424 2 2 10 4 2686 4454 4288
1425 2 2 10 4 1737 4355 2289
1426 2 2 10 4 1154 3794 1152
1427 2 2 10 4 3394 3822 951
1428 2 2 10 4 4170 4958 355
1429 2 2 10 4 2029 4115 2552
1430 2 2 10 4 4104 5614 1793
1431 2 2 10 4 3350 5263 3332
1432 2 2 10 4 2622 3622 1431
1433 2 2 10 4 2554 4131 3812
1434 2 2 10 4 3764 3765 3610
1435 2 2 10 4 3395 3656 2587
1436 2 2 10 4 1478 3710 1475
1437 2 2 10 4 3083 5139 4839
1438 2 2 10 4 367 4399 3466
1439 2 2 10 4 3814 4098 3815
1440 2 2 10 4 1568 4378 3903
1441 2 2 10 4 1372 4325 4005
1442 2 2 10 4 1429 3636 2013
1443 2 2 10 4 4522 4751 1264
1444 2 2 10 4 3804 4601 715
1445 2 2 10 4 3542 4180 3265
1446 2 2 10 4 2342 3601 3600
1447 2 2 10 4 3786 5233 4913
1448 2 2 10 4 4602 5324 4711
1449 2 2 10 4 3593 3594 2402
1450 2 2 10 4 3494 3779 375
1451 2 2 10 4 456 3508 3430
1452 2 2 10 4 3419 3509 3422
1453 2 2 10 4 3428 3431 354
1454 2 2 10 4 3411 3413 453
1455 2 2 10 4 382 3510 3462
1456 2 2 10 4 3460 3526 446
1457 2 2 10 4 3421 3778 370
1458 2 2 10 4 2503 3663 3302
1459 2 2 10 4 3451 3548 3436
1460 2 2 10 4 3406 3407 358
1461 2 2 10 4 502 503 369
1462 2 2 10 4 3479 3480 361
1463 2 2 10 4 3402 3403 443
1464 2 2 10 4 3471 3472 372
1465 2 2 10 4 475 4807 196
1466 2 2 10 4 1362 3790 1360
1467 2 2 10 4 1540 3648 1901
1468 2 2 10 4 431 4949 3348
1469 2 2 10 4 3094 4722 3613
1470 2 2 10 4 1806 4101 1805
1471 2 2 10 4 3335 4932 491
1472 2 2 10 4 4002 4396 3279
1473 2 2 10 4 621 3655 2803
1474 2 2 10 4 2863 4882 2862
1475 2 2 10 4 1197 4800 3326
1476 2 2 10 4 2227 3896 1300
1477 2 2 10 4 3450 4956 380
1478 2 2 10 4 2933 3789 2932
1479 2 2 10 4 243 3451 3436
1480 2 2 10 4 304 502 369
1481 2 2 10 4 273 3406 358
1482 2 2 10 4 3397 3417 252
1483 2 2 10 4 3502 3539 225
1484 2 2 10 4 324 3467 360
1485 2 2 10 4 328 3418 368
1486 2 2 10 4 237 3416 3400
1487 2 2 10 4 322 3402 443
1488 2 2 10 4 308 3479 361
1489 2 2 10 4 3452 3510 279
1490 2 2 10 4 213 3427 447
1491 2 2 10 4 302 3798 455
1492 2 2 10 4 316 3465 357
1493 2 2 10 4 275 3448 449
1494 2 2 10 4 3468 3733 349
1495 2 2 10 4 223 3471 372
1496 2 2 10 4 3807 5116 2027
1497 2 2 10 4 1001 5277 912
1498 2 2 10 4 3652 4328 2867
1499 2 2 10 4 3727 4706 4638
1500 2 2 10 4 2907 5432 3864
1501 2 2 10 4 2481 3844 3564
1502 2 2 10 4 3669 3670 3668
1503 2 2 10 4 3376 4059 373
1504 2 2 10 4 380 4956 3328
1505 2 2 10 4 4395 5011 4642
1506 2 2 10 4 3781 3782 3780
1507 2 2 10 4 3877 5467 424
1508 2 2 10 4 3280 3963 3223
1509 2 2 10 4 4088 5246 4089
1510 2 2 10 4 2577 4265 3264
1511 2 2 10 4 2941 4486 3252
1512 2 2 10 4 4917 5150 3197
1513 2 2 10 4 4455 5017 4020
1514 2 2 10 4 714 4070 648
1515 2 2 10 4 3973 4128 3943
1516 2 2 10 4 3818 5217 4145
1517 2 2 10 4 2052 3317 3312
1518 2 2 10 4 5144 5154 4575
1519 2 2 10 4 1463 4200 2441
1520 2 2 10 4 3436 3548 3437
1521 2 2 10 4 3787 3876 1979
1522 2 2 10 4 3062 5419 3503
1523 2 2 10 4 3747 4415 1655
1524 2 2 10 4 959 3625 976
1525 2 2 10 4 3772 3773 714
1526 2 2 10 4 3499 5330 3498
1527 2 2 10 4 3677 5013 3676
1528 2 2 10 4 3315 4394 2608
1529 2 2 10 4 2355 5534 3261
1530 2 2 10 4 4262 4340 3955
1531 2 2 10 4 4272 4629 2893
1532 2 2 10 4 1302 5243 3340
1533 2 2 10 4 2495 3897 2577
1534 2 2 10 4 1829 5608 5293
1535 2 2 10 4 3704 5435 3695
1536 2 2 10 4 1418 4938 3343
1537 2 2 10 4 3796 4246 3797
1538 2 2 10 4 2775 3899 3644
1539 2 2 10 4 1535 3849 3846
1540 2 2 10 4 1862 5082 4097
1541 2 2 10 4 3948 5255 5143
1542 2 2 10 4 2259 4855 2257
1543 2 2 10 4 1955 3646 3645
1544 2 2 10 4 3040 5104 4877
1545 2 2 10 4 3450 5633 4956
1546 2 2 10 4 2831 3875 3396
1547 2 2 10 4 3649 3650 2128
1548 2 2 10 4 4494 4705 2834
1549 2 2 10 4 3956 4593 3957
1550 2 2 10 4 4606 4678 3536
1551 2 2 10 4 4058 5260 2197
1552 2 2 10 4 3607 3608 3606
1553 2 2 10 4 1664 3615 2157
1554 2 2 10 4 1990 3593 2402
1555 2 2 10 4 4087 5508 2544
1556 2 2 10 4 4357 4796 4604
1557 2 2 10 4 1992 3599 1994
1558 2 2 10 4 656 3614 631
1559 2 2 10 4 4004 5101 2141
1560 2 2 10 4 3267 5253 3468
1561 2 2 10 4 2312 4485 2314
1562 2 2 10 4 3328 5409 3399
1563 2 2 10 4 3540 4873 664
1564 2 2 10 4 594 3637 609
1565 2 2 10 4 5302 5454 3591
1566 2 2 10 4 3709 3710 1608
1567 2 2 10 4 3677 5105 5013
1568 2 2 10 4 3281 3638 620
1569 2 2 10 4 938 3893 3892
1570 2 2 10 4 3686 3770 742
1571 2 2 10 4 494 4731 3243
1572 2 2 10 4 4708 4843 3220
1573 2 2 10 4 3857 4755 2888
1574 2 2 10 4 3692 4362 3482
1575 2 2 10 4 3036 5072 4148
1576 2 2 10 4 4554 4786 2727
1577 2 2 10 4 2254 3801 2212
1578 2 2 10 4 1081 3611 740
1579 2 2 10 4 2725 4727 4289
1580 2 2 10 4 618 3651 612
1581 2 2 10 4 3238 5385 2624
1582 2 2 10 4 2338 3712 3359
1583 2 2 10 4 2544 5519 4087
1584 2 2 10 4 1599 4721 3507
1585 2 2 10 4 3677 5064 716
1586 2 2 10 4 2729 3801 2254
1587 2 2 10 4 3553 4064 397
1588 2 2 10 4 3968 4757 2554
1589 2 2 10 4 1381 3927 3789
1590 2 2 10 4 3294 5061 468
1591 2 2 10 4 2783 3896 2227
1592 2 2 10 4 891 3695 1023
1593 2 2 10 4 950 3816 953
1594 2 2 10 4 2342 3600 1313
1595 2 2 10 4 2552 4115 3817
1596 2 2 10 4 1840 3652 1783
1597 2 2 10 4 3345 5505 1955
1598 2 2 10 4 3423 3860 3859
1599 2 2 10 4 3672 3673 2570
1600 2 2 10 4 4005 4325 2948
1601 2 2 10 4 1918 3967 1419
1602 2 2 10 4 2646 4326 3534
1603 2 2 10 4 2987 4815 4654
1604 2 2 10 4 2052 3542 2032
1605 2 2 10 4 2032 3542 2638
1606 2 2 10 4 4145 5217 2517
1607 2 2 10 4 4284 4891 3952
1608 2 2 10 4 3903 4378 2510
1609 2 2 10 4 887 3696 889
1610 2 2 10 4 3620 5209 3619
1611 2 2 10 4 2162 3537 2098
1612 2 2 10 4 3329 4230 3330
1613 2 2 10 4 2998 5281 4988
1614 2 2 10 4 1246 3957 1328
1615 2 2 10 4 2267 4865 2902
1616 2 2 10 4 3365 5064 3677
1617 2 2 10 4 3634 4921 2905
1618 2 2 10 4 2027 4160 3805
1619 2 2 10 4 159 3883 158
1620 2 2 10 4 2727 4786 2475
1621 2 2 10 4 368 5288 3339
1622 2 2 10 4 2587 3656 2298
1623 2 2 10 4 3239 3919 3240
1624 2 2 10 4 1153 4312 1155
1625 2 2 10 4 3517 4772 3518
1626 2 2 10 4 512 5262 5184
1627 2 2 10 4 3398 4603 258
1628 2 2 10 4 4016 4139 1926
1629 2 2 10 4 2353 3663 2503
1630 2 2 10 4 3946 4109 2880
1631 2 2 10 4 1088 3758 2590
1632 2 2 10 4 3333 5601 346
1633 2 2 10 4 4328 4365 2867
1634 2 2 10 4 3327 5472 371
1635 2 2 10 4 3344 5042 696
1636 2 2 10 4 3938 5272 472
1637 2 2 10 4 3482 4362 3480
1638 2 2 10 4 3290 3845 2479
1639 2 2 10 4 4602 4711 2689
1640 2 2 10 4 4430 4595 1863
1641 2 2 10 4 2830 4063 3705
1642 2 2 10 4 3382 4115 2566
1643 2 2 10 4 3261 5476 2355
1644 2 2 10 4 4920 5360 3288
1645 2 2 10 4 2726 4283 4141
1646 2 2 10 4 3248 5177 392
1647 2 2 10 4 3467 4381 360
1648 2 2 10 4 897 3697 1008
1649 2 2 10 4 3299 5631 5120
1650 2 2 10 4 646 4007 696
1651 2 2 10 4 964 3623 1092
1652 2 2 10 4 1964 3675 1930
1653 2 2 10 4 1655 4415 1656
1654 2 2 10 4 2022 3774 2424
1655 2 2 10 4 1962 4015 1927
1656 2 2 10 4 3612 4761 2636
1657 2 2 10 4 2225 3533 2094
1658 2 2 10 4 4288 4454 1663
1659 2 2 10 4 3641 3762 783
1660 2 2 10 4 2869 4843 4708
1661 2 2 10 4 3492 3577 3493
1662 2 2 10 4 3484 4933 1326
1663 2 2 10 4 1935 3781 903
1664 2 2 10 4 2624 5517 3238
1665 2 2 10 4 3548 3682 3549
1666 2 2 10 4 3713 3728 1751
1667 2 2 10 4 5031 5254 3269
1668 2 2 10 4 1171 4027 3347
1669 2 2 10 4 3695 5435 3694
1670 2 2 10 4 1860 4101 3824
1671 2 2 10 4 2034 4702 4635
1672 2 2 10 4 4626 5365 4017
1673 2 2 10 4 1381 3790 1362
1674 2 2 10 4 2582 4774 2608
1675 2 2 10 4 3653 5275 3465
1676 2 2 10 4 2428 5128 3830
1677 2 2 10 4 3301 4883 3980
1678 2 2 10 4 3639 5456 398
1679 2 2 10 4 805 4227 803
1680 2 2 10 4 5036 5197 3076
1681 2 2 10 4 4855 5552 2257
1682 2 2 10 4 3140 4809 3139
1683 2 2 10 4 3605 3607 3606
1684 2 2 10 4 2456 5413 4009
1685 2 2 10 4 3162 5037 5026
1686 2 2 10 4 3994 4335 1704
1687 2 2 10 4 5054 5215 3065
1688 2 2 10 4 653 3772 714
1689 2 2 10 4 3363 3746 1905
1690 2 2 10 4 3687 4780 3688
1691 2 2 10 4 1163 3792 3791
1692 2 2 10 4 4872 5277 1001
1693 2 2 10 4 125 3918 124
1694 2 2 10 4 3899 3900 383
1695 2 2 10 4 1082 3840 2443
1696 2 2 10 4 3131 3752 3751
1697 2 2 10 4 811 3840 1082
1698 2 2 10 4 4141 4283 3734
1699 2 2 10 4 3696 3704 3695
1700 2 2 10 4 4883 5400 3980
1701 2 2 10 4 4439 5202 418
1702 2 2 10 4 1955 3645 1493
1703 2 2 10 4 1452 3647 2295
1704 2 2 10 4 1741 4065 677
1705 2 2 10 4 2123 3649 2128
1706 2 2 10 4 2481 3843 3000
1707 2 2 10 4 995 3736 997
1708 2 2 10 4 1085 3758 1088
1709 2 2 10 4 1431 3622 1089
1710 2 2 10 4 2479 3845 2148
1711 2 2 10 4 3426 4230 3531
1712 2 2 10 4 5090 5401 4392
1713 2 2 10 4 2768 3654 2358
1714 2 2 10 4 3989 3990 3986
1715 2 2 10 4 28 4932 3375
1716 2 2 10 4 1449 4139 1981
1717 2 2 10 4 1423 4418 4386
1718 2 2 10 4 3929 5208 471
1719 2 2 10 4 702 4458 705
1720 2 2 10 4 3352 3893 3226
1721 2 2 10 4 3657 4948 3754
1722 2 2 10 4 2619 3597 3596
1723 2 2 10 4 3161 5606 3160
1724 2 2 10 4 340 3434 341
1725 2 2 10 4 337 3457 338
1726 2 2 10 4 1096 3892 2454
1727 2 2 10 4 4358 4411 656
1728 2 2 10 4 2589 4335 3994
1729 2 2 10 4 3371 4858 2529
1730 2 2 10 4 1553 4382 3598
1731 2 2 10 4 3356 4456 2683
1732 2 2 10 4 3705 4063 731
1733 2 2 10 4 371 4810 3327
1734 2 2 10 4 2514 4477 3995
1735 2 2 10 4 3605 3606 3602
1736 2 2 10 4 2034 4601 3576
1737 2 2 10 4 1167 3666 1196
1738 2 2 10 4 440 5493 3999
1739 2 2 10 4 3735 3736 995
1740 2 2 10 4 3485 4912 3086
1741 2 2 10 4 3965 5135 2961
1742 2 2 10 4 4356 5606 3161
1743 2 2 10 4 4496 5301 2197
1744 2 2 10 4 1608 3710 1478
1745 2 2 10 4 3836 4223 3570
1746 2 2 10 4 3447 5598 246
1747 2 2 10 4 943 3892 1096
1748 2 2 10 4 5082 5335 3253
1749 2 2 10 4 842 4672 3840
1750 2 2 10 4 2248 3672 2570
1751 2 2 10 4 3647 4745 2295
1752 2 2 10 4 685 3868 3867
1753 2 2 10 4 2 4734 47
1754 2 2 10 4 3252 4486 3623
1755 2 2 10 4 3082 5299 3466
1756 2 2 10 4 1307 4468 1304
1757 2 2 10 4 3416 4645 3400
1758 2 2 10 4 2455 5447 4322
1759 2 2 10 4 3350 5071 733
1760 2 2 10 4 2313 4689 4354
1761 2 2 10 4 1189 4312 3862
1762 2 2 10 4 1743 3771 672
1763 2 2 10 4 1927 4015 1926
1764 2 2 10 4 1647 4287 1646
1765 2 2 10 4 4267 4837 3409
1766 2 2 10 4 1364 4001 1341
1767 2 2 10 4 2559 4340 3550
1768 2 2 10 4 2127 3690 2140
1769 2 2 10 4 2588 3698 3242
1770 2 2 10 4 5142 5188 515
1771 2 2 10 4 4056 4926 4054
1772 2 2 10 4 3432 5372 3431
1773 2 2 10 4 3816 5394 953
1774 2 2 10 4 752 4519 3705
1775 2 2 10 4 3410 5624 3894
1776 2 2 10 4 1598 4315 3803
1777 2 2 10 4 2987 4756 2729
1778 2 2 10 4 500 5137 497
1779 2 2 10 4 3667 3668 2802
1780 2 2 10 4 744 3691 1081
1781 2 2 10 4 3470 4836 288
1782 2 2 10 4 4322 5447 3523
1783 2 2 10 4 2746 4306 2710
1784 2 2 10 4 2794 4728 3923
1785 2 2 10 4 3947 4767 1224
1786 2 2 10 4 3817 3866 2552
1787 2 2 10 4 3364 3676 2780
1788 2 2 10 4 1698 3689 1689
1789 2 2 10 4 4017 4018 4016
1790 2 2 10 4 2682 5440 3359
1791 2 2 10 4 3259 4946 477
1792 2 2 10 4 2267 5529 4865
1793 2 2 10 4 3861 5360 4920
1794 2 2 10 4 3576 4702 2034
1795 2 2 10 4 3753 4299 4108
1796 2 2 10 4 4357 5164 981
1797 2 2 10 4 807 4376 805
1798 2 2 10 4 3343 4938 1461
1799 2 2 10 4 3318 5247 3532
1800 2 2 10 4 360 4849 3491
1801 2 2 10 4 1368 3927 1366
1802 2 2 10 4 2863 5091 4272
1803 2 2 10 4 733 5507 3350
1804 2 2 10 4 1829 5293 4957
1805 2 2 10 4 4327 5255 3948
1806 2 2 10 4 4809 5350 3139
1807 2 2 10 4 4279 5059 1441
1808 2 2 10 4 4325 4560 4319
1809 2 2 10 4 760 3762 628
1810 2 2 10 4 3865 5483 3255
1811 2 2 10 4 499 5137 500
1812 2 2 10 4 1414 3753 780
1813 2 2 10 4 118 4109 3946
1814 2 2 10 4 3546 3547 1251
1815 2 2 10 4 2208 3967 1918
1816 2 2 10 4 3083 5240 5139
1817 2 2 10 4 3874 5469 3222
1818 2 2 10 4 1269 3966 1261
1819 2 2 10 4 3131 3751 3128
1820 2 2 10 4 4517 4518 2000
1821 2 2 10 4 3812 4131 1045
1822 2 2 10 4 3737 3738 669
1823 2 2 10 4 3445 5230 4030
1824 2 2 10 4 3404 5266 3403
1825 2 2 10 4 2646 5572 4326
1826 2 2 10 4 1101 3750 883
1827 2 2 10 4 1419 3967 3811
1828 2 2 10 4 3383 3386 3384
1829 2 2 10 4 3766 5396 3863
1830 2 2 10 4 4730 4918 4557
1831 2 2 10 4 580 3565 582
1832 2 2 10 4 2999 3700 2448
1833 2 2 10 4 3510 5313 3462
1834 2 2 10 4 3829 3830 1231
1835 2 2 10 4 4426 5098 3010
1836 2 2 10 4 3878 4120 403
1837 2 2 10 4 1011 4937 1000
1838 2 2 10 4 291 4921 3634
1839 2 2 10 4 2149 3709 1608
1840 2 2 10 4 2060 3768 2062
1841 2 2 10 4 1479 3702 1472
1842 2 2 10 4 4319 4560 1596
1843 2 2 10 4 4354 4689 2719
1844 2 2 10 4 2137 3557 2135
1845 2 2 10 4 3827 5422 3551
1846 2 2 10 4 1483 3712 2338
1847 2 2 10 4 4837 5007 3449
1848 2 2 10 4 3857 4851 1701
1849 2 2 10 4 3776 3777 3775
1850 2 2 10 4 4440 4816 2651
1851 2 2 10 4 1248 3957 1246
1852 2 2 10 4 623 3655 621
1853 2 2 10 4 2619 3596 3593
1854 2 2 10 4 3299 5120 3300
1855 2 2 10 4 1245 3785 1242
1856 2 2 10 4 1226 3937 1570
1857 2 2 10 4 3577 3578 3496
1858 2 2 10 4 1419 3811 1037
1859 2 2 10 4 3631 5006 3703
1860 2 2 10 4 3483 5436 3508
1861 2 2 10 4 1441 5004 3388
1862 2 2 10 4 3962 5059 3513
1863 2 2 10 4 3814 3815 949
1864 2 2 10 4 3759 3760 729
1865 2 2 10 4 1906 3746 1909
1866 2 2 10 4 1844 4544 1773
1867 2 2 10 4 3336 5383 745
1868 2 2 10 4 3468 5253 3733
1869 2 2 10 4 1081 3691 3541
1870 2 2 10 4 785 3641 783
1871 2 2 10 4 3960 4468 1307
1872 2 2 10 4 1712 4628 4570
1873 2 2 10 4 1040 5271 3696
1874 2 2 10 4 3763 3764 2073
1875 2 2 10 4 2574 4494 2834
1876 2 2 10 4 3898 3902 3901
1877 2 2 10 4 3091 5572 2646
1878 2 2 10 4 3373 5136 2889
1879 2 2 10 4 1935 3782 3781
1880 2 2 10 4 2497 3897 2495
1881 2 2 10 4 1816 4320 1791
1882 2 2 10 4 2109 3842 2111
1883 2 2 10 4 4060 4916 2901
1884 2 2 10 4 2116 4039 2518
1885 2 2 10 4 529 3819 1412
1886 2 2 10 4 2331 3749 1511
1887 2 2 10 4 3847 3848 2999
1888 2 2 10 4 3600 3603 1684
1889 2 2 10 4 833 4106 798
1890 2 2 10 4 992 3735 995
1891 2 2 10 4 1332 3826 1645
1892 2 2 10 4 451 4503 3577
1893 2 2 10 4 705 3761 706
1894 2 2 10 4 3326 4951 1197
1895 2 2 10 4 2514 3995 2774
1896 2 2 10 4 124 3918 435
1897 2 2 10 4 1450 4384 1928
1898 2 2 10 4 2208 3968 3967
1899 2 2 10 4 421 4969 3397
1900 2 2 10 4 2342 3605 3602
1901 2 2 10 4 3682 3897 2497
1902 2 2 10 4 2399 5144 4575
1903 2 2 10 4 2118 4039 2116
1904 2 2 10 4 3978 4537 466
1905 2 2 10 4 3898 3901 1180
1906 2 2 10 4 798 4106 799
1907 2 2 10 4 3655 5066 2803
1908 2 2 10 4 3311 5390 1094
1909 2 2 10 4 1531 3823 3033
1910 2 2 10 4 2840 4184 3632
1911 2 2 10 4 2566 4133 4108
1912 2 2 10 4 903 3781 905
1913 2 2 10 4 1228 3937 1226
1914 2 2 10 4 470 3590 3589
1915 2 2 10 4 3627 5185 2299
1916 2 2 10 4 4694 5515 1003
1917 2 2 10 4 2084 5234 5207
1918 2 2 10 4 3446 4962 3447
1919 2 2 10 4 3550 4340 4262
1920 2 2 10 4 977 4246 3796
1921 2 2 10 4 5184 5262 3250
1922 2 2 10 4 1777 3708 1778
1923 2 2 10 4 3464 4408 3526
1924 2 2 10 4 3878 5205 4120
1925 2 2 10 4 2791 4503 3539
1926 2 2 10 4 1366 3927 1381
1927 2 2 10 4 440 3999 3998
1928 2 2 10 4 3508 5436 3430
1929 2 2 10 4 549 3907 1325
1930 2 2 10 4 3863 5016 4996
1931 2 2 10 4 696 5294 4487
1932 2 2 10 4 1817 3932 1850
1933 2 2 10 4 3588 5316 3134
1934 2 2 10 4 445 5149 3337
1935 2 2 10 4 1535 4491 3849
1936 2 2 10 4 3056 5263 3237
1937 2 2 10 4 3701 3907 551
1938 2 2 10 4 1777 3871 3708
1939 2 2 10 4 1523 4286 1521
1940 2 2 10 4 2400 3671 2898
1941 2 2 10 4 523 4260 521
1942 2 2 10 4 1263 3813 3629
1943 2 2 10 4 4930 5197 1387
1944 2 2 10 4 4570 4628 3283
1945 2 2 10 4 3044 4741 3144
1946 2 2 10 4 1825 4002 3915
1947 2 2 10 4 3059 3919 2553
1948 2 2 10 4 4988 5475 2998
1949 2 2 10 4 3571 3572 586
1950 2 2 10 4 3548 3549 3441
1951 2 2 10 4 3180 4769 2332
1952 2 2 10 4 1783 3652 1784
1953 2 2 10 4 1748 3713 1751
1954 2 2 10 4 3699 4209 485
1955 2 2 10 4 403 3880 3879
1956 2 2 10 4 3757 5539 3981
1957 2 2 10 4 3375 4750 362
1958 2 2 10 4 2269 4362 3692
1959 2 2 10 4 3736 4490 1011
1960 2 2 10 4 3051 4608 3277
1961 2 2 10 4 1224 4767 3357
1962 2 2 10 4 3895 4757 3968
1963 2 2 10 4 553 3701 551
1964 2 2 10 4 3869 3870 2642
1965 2 2 10 4 895 3697 897
1966 2 2 10 4 612 3651 600
1967 2 2 10 4 397 4782 3553
1968 2 2 10 4 4094 5242 3298
1969 2 2 10 4 4295 4426 3010
1970 2 2 10 4 783 3762 760
1971 2 2 10 4 4642 5011 1534
1972 2 2 10 4 4950 5095 2912
1973 2 2 10 4 488 4156 4149
1974 2 2 10 4 4962 5598 3447
1975 2 2 10 4 60 4128 467
1976 2 2 10 4 4697 5344 4721
1977 2 2 10 4 3768 5396 3763
1978 2 2 10 4 2579 3847 2999
1979 2 2 10 4 3896 5110 1433
1980 2 2 10 4 4067 5333 4086
1981 2 2 10 4 1260 3944 1213
1982 2 2 10 4 4323 4826 3989
1983 2 2 10 4 3976 3977 658
1984 2 2 10 4 3884 5150 396
1985 2 2 10 4 1625 5156 3340
1986 2 2 10 4 4407 5394 3816
1987 2 2 10 4 721 4063 738
1988 2 2 10 4 3711 4417 2959
1989 2 2 10 4 3986 3990 3985
1990 2 2 10 4 2608 4774 3315
1991 2 2 10 4 3710 5463 5131
1992 2 2 10 4 3645 3854 2472
1993 2 2 10 4 747 3770 761
1994 2 2 10 4 3487 5129 355
1995 2 2 10 4 4366 5040 1194
1996 2 2 10 4 620 3638 616
1997 2 2 10 4 4018 4735 4139
1998 2 2 10 4 471 4712 3941
1999 2 2 10 4 639 3737 669
2000 2 2 10 4 3909 3910 399
2001 2 2 10 4 3911 3912 475
2002 2 2 10 4 3442 4159 3438
2003 2 2 10 4 910 3780 1001
2004 2 2 10 4 5026 5037 1018
2005 2 2 10 4 3236 5188 5142
2006 2 2 10 4 1324 3607 1317
2007 2 2 10 4 2928 4247 3952
2008 2 2 10 4 1204 5258 3898
2009 2 2 10 4 590 3637 594
2010 2 2 10 4 1545 4525 1543
2011 2 2 10 4 1250 3546 1251
2012 2 2 10 4 521 4260 2529
2013 2 2 10 4 539 3976 658
2014 2 2 10 4 4264 4766 1678
2015 2 2 10 4 3765 3767 3610
2016 2 2 10 4 2306 5476 5189
2017 2 2 10 4 1701 4954 1702
2018 2 2 10 4 3418 4896 4762
2019 2 2 10 4 1161 3791 1222
2020 2 2 10 4 3641 4383 3762
2021 2 2 10 4 4182 5023 3176
2022 2 2 10 4 4120 5205 3544
2023 2 2 10 4 685 3867 675
2024 2 2 10 4 4056 5137 499
2025 2 2 10 4 2317 4244 2058
2026 2 2 10 4 3355 5491 1079
2027 2 2 10 4 1521 4286 2614
2028 2 2 10 4 712 3759 729
2029 2 2 10 4 2373 3869 2642
2030 2 2 10 4 3729 4890 1880
2031 2 2 10 4 2067 3763 2073
2032 2 2 10 4 3562 5461 3925
2033 2 2 10 4 3295 5445 2305
2034 2 2 10 4 3619 5111 711
2035 2 2 10 4 3340 5068 1625
2036 2 2 10 4 3216 5304 3084
2037 2 2 10 4 1028 3850 1030
2038 2 2 10 4 946 3814 949
2039 2 2 10 4 1801 3932 1817
2040 2 2 10 4 1157 3794 1154
2041 2 2 10 4 499 4716 4056
2042 2 2 10 4 2936 3789 2933
2043 2 2 10 4 3667 4039 2128
2044 2 2 10 4 3378 5121 493
2045 2 2 10 4 457 5215 5054
2046 2 2 10 4 2566 4115 2029
2047 2 2 10 4 4114 5303 3105
2048 2 2 10 4 1213 3944 1220
2049 2 2 10 4 2176 3917 2644
2050 2 2 10 4 4008 4483 599
2051 2 2 10 4 4108 4299 3382
2052 2 2 10 4 4323 5345 1724
2053 2 2 10 4 4183 4739 3431
2054 2 2 10 4 1345 3820 1386
2055 2 2 10 4 1562 4656 4458
2056 2 2 10 4 1232 3829 1231
2057 2 2 10 4 1414 4299 3753
2058 2 2 10 4 4646 4937 1011
2059 2 2 10 4 1769 3734 1830
2060 2 2 10 4 3476 4280 366
2061 2 2 10 4 3534 4326 3536
2062 2 2 10 4 3547 4941 3309
2063 2 2 10 4 3594 3595 2402
2064 2 2 10 4 3693 3697 895
2065 2 2 10 4 4077 4081 4080
2066 2 2 10 4 3572 5498 1080
2067 2 2 10 4 4023 4281 461
2068 2 2 10 4 2602 5400 4883
2069 2 2 10 4 4745 5349 3608
2070 2 2 10 4 2255 3851 2728
2071 2 2 10 4 672 3771 666
2072 2 2 10 4 3920 3921 417
2073 2 2 10 4 1637 4916 4060
2074 2 2 10 4 3216 5442 5304
2075 2 2 10 4 3813 3966 3316
2076 2 2 10 4 98 4734 2
2077 2 2 10 4 4075 5374 4866
2078 2 2 10 4 1661 3615 1664
2079 2 2 10 4 3943 4965 4082
2080 2 2 10 4 3846 3849 2804
2081 2 2 10 4 2054 5340 4118
2082 2 2 10 4 3431 4739 354
2083 2 2 10 4 1472 4200 1465
2084 2 2 10 4 970 3835 974
2085 2 2 10 4 1290 3962 1297
2086 2 2 10 4 2134 3802 3690
2087 2 2 10 4 3061 5347 3844
2088 2 2 10 4 4030 5283 3445
2089 2 2 10 4 631 3614 629
2090 2 2 10 4 1985 3598 2619
2091 2 2 10 4 189 4242 483
2092 2 2 10 4 373 5121 3378
2093 2 2 10 4 3118 4902 3120
2094 2 2 10 4 2552 3866 2643
2095 2 2 10 4 720 4988 4844
2096 2 2 10 4 3815 5425 2952
2097 2 2 10 4 5333 5477 4086
2098 2 2 10 4 1987 3593 1990
2099 2 2 10 4 4015 4016 1926
2100 2 2 10 4 3546 3627 3547
2101 2 2 10 4 3126 3839 3131
2102 2 2 10 4 2772 5211 4071
2103 2 2 10 4 1203 3947 1224
2104 2 2 10 4 3305 3949 3199
2105 2 2 10 4 3709 5463 3710
2106 2 2 10 4 1860 3824 1893
2107 2 2 10 4 3873 5398 2537
2108 2 2 10 4 805 4376 4227
2109 2 2 10 4 2545 4469 4244
2110 2 2 10 4 3560 3561 3538
2111 2 2 10 4 1791 4320 1789
2112 2 2 10 4 2786 4147 4044
2113 2 2 10 4 1204 5553 5258
2114 2 2 10 4 1912 3831 1915
2115 2 2 10 4 2557 3925 3664
2116 2 2 10 4 3386 4724 3384
2117 2 2 10 4 3603 5364 1684
2118 2 2 10 4 2575 4027 1277
2119 2 2 10 4 2342 3602 3601
2120 2 2 10 4 3635 5240 3083
2121 2 2 10 4 1542 4382 1544
2122 2 2 10 4 4011 4015 1962
2123 2 2 10 4 1382 5459 3752
2124 2 2 10 4 3409 5520 4267
2125 2 2 10 4 3192 5384 3193
2126 2 2 10 4 2583 3845 3336
2127 2 2 10 4 3026 3810 3307
2128 2 2 10 4 3244 3810 3026
2129 2 2 10 4 3550 4477 2559
2130 2 2 10 4 428 3931 68
2131 2 2 10 4 1550 3981 2172
2132 2 2 10 4 1300 3896 1271
2133 2 2 10 4 3408 3449 3448
2134 2 2 10 4 4696 5626 4853
2135 2 2 10 4 4359 5607 3338
2136 2 2 10 4 1285 5566 3369
2137 2 2 10 4 473 3939 108
2138 2 2 10 4 471 3941 63
2139 2 2 10 4 4260 4709 2529
2140 2 2 10 4 1219 5024 3592
2141 2 2 10 4 4348 5330 3499
2142 2 2 10 4 87 3938 472
2143 2 2 10 4 85 3920 417
2144 2 2 10 4 416 3929 65
2145 2 2 10 4 3561 5461 3562
2146 2 2 10 4 440 3998 74
2147 2 2 10 4 740 3611 737
2148 2 2 10 4 1941 5558 5183
2149 2 2 10 4 4512 4712 2841
2150 2 2 10 4 418 3922 110
2151 2 2 10 4 409 3953 106
2152 2 2 10 4 4085 5197 5036
2153 2 2 10 4 134 3959 405
2154 2 2 10 4 734 3686 742
2155 2 2 10 4 2212 3801 2026
2156 2 2 10 4 359 5280 3486
2157 2 2 10 4 1438 3955 1050
2158 2 2 10 4 1331 3662 2748
2159 2 2 10 4 1212 4006 1323
2160 2 2 10 4 469 3965 104
2161 2 2 10 4 467 3971 3970
2162 2 2 10 4 3571 3573 3572
2163 2 2 10 4 1299 4384 1450
2164 2 2 10 4 467 3970 59
2165 2 2 10 4 136 3978 466
2166 2 2 10 4 3679 3680 2603
2167 2 2 10 4 3932 4719 3555
2168 2 2 10 4 5340 5502 4118
2169 2 2 10 4 545 4008 599
2170 2 2 10 4 738 4972 4031
2171 2 2 10 4 881 3838 1101
2172 2 2 10 4 3739 4070 3742
2173 2 2 10 4 120 3864 439
2174 2 2 10 4 3379 5482 682
2175 2 2 10 4 1317 3607 3605
2176 2 2 10 4 3702 4200 1472
2177 2 2 10 4 3238 4046 2447
2178 2 2 10 4 388 4000 57
2179 2 2 10 4 3892 3893 2454
2180 2 2 10 4 403 3879 161
2181 2 2 10 4 479 3885 192
2182 2 2 10 4 3985 3990 429
2183 2 2 10 4 5207 5234 3455
2184 2 2 10 4 1023 3695 3694
2185 2 2 10 4 435 5267 3353
2186 2 2 10 4 738 4063 3996
2187 2 2 10 4 4140 4230 1922
2188 2 2 10 4 2392 4832 4215
2189 2 2 10 4 2874 4391 2819
2190 2 2 10 4 3875 5423 3396
2191 2 2 10 4 3481 5518 3484
2192 2 2 10 4 385 5407 3509
2193 2 2 10 4 4441 4821 2896
2194 2 2 10 4 3633 5625 3308
2195 2 2 10 4 3755 4389 3796
2196 2 2 10 4 4512 5550 4712
2197 2 2 10 4 1282 4682 1284
2198 2 2 10 4 1007 4937 4834
2199 2 2 10 4 5085 5102 4162
2200 2 2 10 4 4697 4721 1599
2201 2 2 10 4 3673 3674 2570
2202 2 2 10 4 2645 5448 3557
2203 2 2 10 4 3538 3562 2348
2204 2 2 10 4 3634 5411 364
2205 2 2 10 4 3948 5143 2706
2206 2 2 10 4 4148 5177 3036
2207 2 2 10 4 4156 5356 4448
2208 2 2 10 4 467 3973 3971
2209 2 2 10 4 3650 3667 2128
2210 2 2 10 4 2458 4065 3360
2211 2 2 10 4 3361 3636 3362
2212 2 2 10 4 656 4411 3614
2213 2 2 10 4 1189 3862 1200
2214 2 2 10 4 3737 4070 3739
2215 2 2 10 4 3881 3882 474
2216 2 2 10 4 162 3878 403
2217 2 2 10 4 1636 4874 3389
2218 2 2 10 4 762 5480 5424
2219 2 2 10 4 1862 5335 5082
2220 2 2 10 4 418 5202 3922
2221 2 2 10 4 3690 5055 2140
2222 2 2 10 4 3703 4200 3702
2223 2 2 10 4 3108 4620 2189
2224 2 2 10 4 3433 3434 340
2225 2 2 10 4 3456 3457 337
2226 2 2 10 4 3697 4562 1008
2227 2 2 10 4 779 3821 1415
2228 2 2 10 4 396 5150 4917
2229 2 2 10 4 3924 5070 3808
2230 2 2 10 4 4108 4133 817
2231 2 2 10 4 166 3909 399
2232 2 2 10 4 197 3911 475
2233 2 2 10 4 879 4129 3838
2234 2 2 10 4 975 4003 979
2235 2 2 10 4 3858 5473 3671
2236 2 2 10 4 3995 4280 2774
2237 2 2 10 4 4851 4954 1701
2238 2 2 10 4 1277 4027 1177
2239 2 2 10 4 4715 4882 2205
2240 2 2 10 4 1773 4544 1771
2241 2 2 10 4 3769 4460 2997
2242 2 2 10 4 3739 3740 3738
2243 2 2 10 4 1313 3600 1311
2244 2 2 10 4 3710 4633 1475
2245 2 2 10 4 1840 4328 3652
2246 2 2 10 4 5263 5507 751
2247 2 2 10 4 456 3429 3428
2248 2 2 10 4 382 3461 3460
2249 2 2 10 4 451 3577 3492
2250 2 2 10 4 3419 3420 370
2251 2 2 10 4 381 3412 3411
2252 2 2 10 4 446 3488 3487
2253 2 2 10 4 3417 3866 413
2254 2 2 10 4 3400 3401 404
2255 2 2 10 4 3492 3493 375
2256 2 2 10 4 3436 3437 420
2257 2 2 10 4 3473 3474 401
2258 2 2 10 4 3646 3855 3854
2259 2 2 10 4 3275 5274 4783
2260 2 2 10 4 3725 4929 4890
2261 2 2 10 4 1014 3730 1017
2262 2 2 10 4 101 4417 3711
2263 2 2 10 4 2681 4382 1542
2264 2 2 10 4 1774 3872 1777
2265 2 2 10 4 842 4700 4672
2266 2 2 10 4 3513 5251 1297
2267 2 2 10 4 1724 5345 4791
2268 2 2 10 4 4148 5072 489
2269 2 2 10 4 4125 4391 2874
2270 2 2 10 4 2790 4418 2792
2271 2 2 10 4 2559 4477 2512
2272 2 2 10 4 1698 4244 3689
2273 2 2 10 4 1917 4116 2607
2274 2 2 10 4 2511 3969 1061
2275 2 2 10 4 1956 4104 1788
2276 2 2 10 4 3646 3854 3645
2277 2 2 10 4 3975 3976 541
2278 2 2 10 4 2460 2461 2459
2279 2 2 10 4 1280 1282 1281
2280 2 2 10 4 2368 4040 3283
2281 2 2 10 4 2394 3679 2603
2282 2 2 10 4 3570 4223 3571
2283 2 2 10 4 1278 1280 1279
2284 2 2 10 4 1022 3731 3730
2285 2 2 10 4 4350 5392 462
2286 2 2 10 4 3601 3604 3603
2287 2 2 10 4 3611 3612 752
2288 2 2 10 4 1744 1746 1745
2289 2 2 10 4 1688 1698 1689
2290 2 2 10 4 2146 2583 2145
2291 2 2 10 4 3179 3209 2778
2292 2 2 10 4 2255 2728 2254
2293 2 2 10 4 1337 1339 1338
2294 2 2 10 4 1335 1337 1336
2295 2 2 10 4 2108 2341 2109
2296 2 2 10 4 2725 4441 3554
2297 2 2 10 4 1339 1341 1340
2298 2 2 10 4 3955 4340 1055
2299 2 2 10 4 3566 3570 3565
2300 2 2 10 4 2967 3350 3332
2301 2 2 10 4 600 3651 1079
2302 2 2 10 4 2565 4219 4206
2303 2 2 10 4 748 3687 3686
2304 2 2 10 4 2458 2459 1562
2305 2 2 10 4 4048 4051 4026
2306 2 2 10 4 2591 2623 2622
2307 2 2 10 4 3864 5432 439
2308 2 2 10 4 2264 2825 2265
2309 2 2 10 4 980 4022 985
2310 2 2 10 4 1082 1093 1083
2311 2 2 10 4 1737 2289 1736
2312 2 2 10 4 1422 1744 1743
2313 2 2 10 4 2492 3289 2479
2314 2 2 10 4 1096 1335 1334
2315 2 2 10 4 3868 4619 2486
2316 2 2 10 4 3737 3739 3738
2317 2 2 10 4 1746 1748 1747
2318 2 2 10 4 1748 1751 1749
2319 2 2 10 4 1088 1431 1089
2320 2 2 10 4 4012 4013 4011
2321 2 2 10 4 2357 2768 2358
2322 2 2 10 4 2557 3664 3663
2323 2 2 10 4 2446 2804 2447
2324 2 2 10 4 1751 1753 1752
2325 2 2 10 4 3701 4720 3907
2326 2 2 10 4 4456 4916 1637
2327 2 2 10 4 2093 2225 2094
2328 2 2 10 4 3594 3852 3595
2329 2 2 10 4 2338 2757 2339
2330 2 2 10 4 2480 2782 2227
2331 2 2 10 4 1543 4525 2680
2332 2 2 10 4 475 5458 3556
2333 2 2 10 4 3827 3828 1741
2334 2 2 10 4 2022 2424 2021
2335 2 2 10 4 1187 1278 1277
2336 2 2 10 4 3656 3657 2271
2337 2 2 10 4 616 3638 618
2338 2 2 10 4 2453 2779 2404
2339 2 2 10 4 3534 3536 3535
2340 2 2 10 4 3862 3863 2356
2341 2 2 10 4 2148 3845 2146
2342 2 2 10 4 3678 3795 2405
2343 2 2 10 4 3820 4084 1386
2344 2 2 10 4 2940 4130 2954
2345 2 2 10 4 3824 3825 2875
2346 2 2 10 4 1080 3637 590
2347 2 2 10 4 1753 1814 1754
2348 2 2 10 4 2644 2963 2645
2349 2 2 10 4 2288 3616 3615
2350 2 2 10 4 1083 3758 1085
2351 2 2 10 4 3733 5253 2849
2352 2 2 10 4 2447 4046 2444
2353 2 2 10 4 1743 4234 3771
2354 2 2 10 4 3337 5479 445
2355 2 2 10 4 1942 2394 2391
2356 2 2 10 4 1061 3969 1062
2357 2 2 10 4 1912 4331 3831
2358 2 2 10 4 1620 1942 1936
2359 2 2 10 4 1027 1035 1028
2360 2 2 10 4 2915 4034 2919
2361 2 2 10 4 1320 3109 991
2362 2 2 10 4 2757 3803 2758
2363 2 2 10 4 1930 2206 1931
2364 2 2 10 4 2617 3091 2646
2365 2 2 10 4 3554 4441 2896
2366 2 2 10 4 3160 4614 2273
2367 2 2 10 4 2802 3643 2801
2368 2 2 10 4 2503 3263 2652
2369 2 2 10 4 699 4065 2458
2370 2 2 10 4 3616 3618 3615
2371 2 2 10 4 3206 5524 3514
2372 2 2 10 4 3364 3677 3676
2373 2 2 10 4 2548 3671 2400
2374 2 2 10 4 3734 4283 1830
2375 2 2 10 4 3601 3603 3600
2376 2 2 10 4 2206 2400 2207
2377 2 2 10 4 4013 5600 5140
2378 2 2 10 4 1093 4046 3758
2379 2 2 10 4 2588 3242 2587
2380 2 2 10 4 3331 4130 2942
2381 2 2 10 4 1253 3628 3546
2382 2 2 10 4 1593 1930 1592
2383 2 2 10 4 1591 1592 1590
2384 2 2 10 4 3638 4877 618
2385 2 2 10 4 3632 4510 2840
2386 2 2 10 4 2400 2898 2401
2387 2 2 10 4 824 3565 580
2388 2 2 10 4 2395 2556 2394
2389 2 2 10 4 2894 4677 4344
2390 2 2 10 4 2804 3849 3039
2391 2 2 10 4 2480 3389 2782
2392 2 2 10 4 3879 3881 474
2393 2 2 10 4 2288 3615 1661
2394 2 2 10 4 2351 3663 2353
2395 2 2 10 4 4044 4147 1377
2396 2 2 10 4 2298 3656 1957
2397 2 2 10 4 1335 1336 1334
2398 2 2 10 4 1337 1338 1336
2399 2 2 10 4 1469 4578 3712
2400 2 2 10 4 479 4615 3885
2401 2 2 10 4 3168 4288 3305
2402 2 2 10 4 2532 3183 1035
2403 2 2 10 4 1339 1340 1338
2404 2 2 10 4 801 802 800
2405 2 2 10 4 3836 4224 2046
2406 2 2 10 4 5148 5609 2956
2407 2 2 10 4 3589 5020 470
2408 2 2 10 4 3038 4343 4342
2409 2 2 10 4 1341 1343 1340
2410 2 2 10 4 4654 4815 1026
2411 2 2 10 4 2939 4698 4486
2412 2 2 10 4 3975 4600 2650
2413 2 2 10 4 2020 2022 2021
2414 2 2 10 4 2556 4089 3679
2415 2 2 10 4 432 4717 3396
2416 2 2 10 4 779 1414 780
2417 2 2 10 4 3938 5010 4564
2418 2 2 10 4 629 3614 1097
2419 2 2 10 4 3281 4349 3638
2420 2 2 10 4 3499 5291 4348
2421 2 2 10 4 52 4025 462
2422 2 2 10 4 488 5356 4156
2423 2 2 10 4 1317 3605 1315
2424 2 2 10 4 1424 5102 5085
2425 2 2 10 4 2093 2094 2092
2426 2 2 10 4 1303 2480 2227
2427 2 2 10 4 1807 1809 1808
2428 2 2 10 4 2619 3593 1987
2429 2 2 10 4 3372 5206 985
2430 2 2 10 4 4246 4881 3797
2431 2 2 10 4 3813 5212 2585
2432 2 2 10 4 1096 1334 945
2433 2 2 10 4 3611 3613 3612
2434 2 2 10 4 663 4918 3676
2435 2 2 10 4 1079 5494 3355
2436 2 2 10 4 57 4000 56
2437 2 2 10 4 1809 1819 1810
2438 2 2 10 4 1835 1840 1783
2439 2 2 10 4 1970 2404 1973
2440 2 2 10 4 1750 3713 1748
2441 2 2 10 4 1726 1737 1736
2442 2 2 10 4 3687 3688 3686
2443 2 2 10 4 2804 3039 2447
2444 2 2 10 4 3848 5470 1443
2445 2 2 10 4 2045 4248 3935
2446 2 2 10 4 1697 3857 1701
2447 2 2 10 4 3156 4045 3159
2448 2 2 10 4 3657 3754 3658
2449 2 2 10 4 5064 5069 4624
2450 2 2 10 4 5329 5421 3685
2451 2 2 10 4 1343 3820 1345
2452 2 2 10 4 1278 1279 1277
2453 2 2 10 4 2820 5165 4024
2454 2 2 10 4 1280 1281 1279
2455 2 2 10 4 4999 5041 4143
2456 2 2 10 4 2096 2162 2098
2457 2 2 10 4 604 651 606
2458 2 2 10 4 2026 2277 2024
2459 2 2 10 4 1282 1284 1281
2460 2 2 10 4 737 752 735
2461 2 2 10 4 1664 2157 1666
2462 2 2 10 4 676 1741 677
2463 2 2 10 4 1726 1736 1723
2464 2 2 10 4 728 748 734
2465 2 2 10 4 3056 3237 2768
2466 2 2 10 4 2072 2093 2092
2467 2 2 10 4 137 3978 136
2468 2 2 10 4 1835 1841 1840
2469 2 2 10 4 2020 2021 1925
2470 2 2 10 4 1303 2227 1300
2471 2 2 10 4 943 1096 945
2472 2 2 10 4 1945 2145 1739
2473 2 2 10 4 59 3970 58
2474 2 2 10 4 1036 1419 1037
2475 2 2 10 4 1990 2402 1992
2476 2 2 10 4 1985 2619 1987
2477 2 2 10 4 3886 3888 3887
2478 2 2 10 4 633 656 631
2479 2 2 10 4 629 1097 626
2480 2 2 10 4 2777 2778 1950
2481 2 2 10 4 3168 3305 3199
2482 2 2 10 4 1787 2867 1956
2483 2 2 10 4 997 1011 1000
2484 2 2 10 4 1659 2288 1661
2485 2 2 10 4 737 3611 752
2486 2 2 10 4 2424 3031 2678
2487 2 2 10 4 3623 4486 1092
2488 2 2 10 4 1781 1835 1783
2489 2 2 10 4 721 738 697
2490 2 2 10 4 3867 3868 2486
2491 2 2 10 4 712 729 718
2492 2 2 10 4 1271 1433 1269
2493 2 2 10 4 742 3770 747
2494 2 2 10 4 395 3913 3911
2495 2 2 10 4 104 3965 103
2496 2 2 10 4 3885 3886 400
2497 2 2 10 4 1668 2108 1940
2498 2 2 10 4 3987 3988 3986
2499 2 2 10 4 2067 2073 2069
2500 2 2 10 4 2026 3801 2277
2501 2 2 10 4 594 609 597
2502 2 2 10 4 2617 2646 2225
2503 2 2 10 4 1311 1684 1309
2504 2 2 10 4 1010 1022 1014
2505 2 2 10 4 72 3997 436
2506 2 2 10 4 2590 2591 1431
2507 2 2 10 4 1330 1331 1329
2508 2 2 10 4 934 4047 937
2509 2 2 10 4 748 3686 734
2510 2 2 10 4 3491 4095 450
2511 2 2 10 4 2253 2254 2212
2512 2 2 10 4 4969 5589 3397
2513 2 2 10 4 2257 3851 2255
2514 2 2 10 4 744 1081 740
2515 2 2 10 4 2100 2348 2347
2516 2 2 10 4 1994 2264 2044
2517 2 2 10 4 611 664 615
2518 2 2 10 4 1651 2167 1497
2519 2 2 10 4 2803 3281 620
2520 2 2 10 4 1641 1688 1687
2521 2 2 10 4 3714 3727 3713
2522 2 2 10 4 2920 5223 5194
2523 2 2 10 4 709 3759 712
2524 2 2 10 4 2349 2557 2351
2525 2 2 10 4 4896 5151 4762
2526 2 2 10 4 2216 2479 2148
2527 2 2 10 4 2146 3845 2583
2528 2 2 10 4 747 761 754
2529 2 2 10 4 2624 3192 2623
2530 2 2 10 4 2065 3763 2067
2531 2 2 10 4 1525 4598 2195
2532 2 2 10 4 989 1320 991
2533 2 2 10 4 135 3959 134
2534 2 2 10 4 3043 3524 2736
2535 2 2 10 4 3853 4928 2965
2536 2 2 10 4 1289 1291 1287
2537 2 2 10 4 1332 1645 1331
2538 2 2 10 4 639 669 637
2539 2 2 10 4 2265 3856 2267
2540 2 2 10 4 1085 1088 1087
2541 2 2 10 4 940 3892 943
2542 2 2 10 4 3973 3974 3971
2543 2 2 10 4 3314 3944 3313
2544 2 2 10 4 1261 1263 1255
2545 2 2 10 4 3564 4596 2224
2546 2 2 10 4 2404 3678 2405
2547 2 2 10 4 551 3907 549
2548 2 2 10 4 673 1422 672
2549 2 2 10 4 1093 3758 1083
2550 2 2 10 4 797 3840 811
2551 2 2 10 4 588 1080 590
2552 2 2 10 4 2777 3179 2778
2553 2 2 10 4 106 3953 105
2554 2 2 10 4 2111 2357 2200
2555 2 2 10 4 908 3780 910
2556 2 2 10 4 2644 2645 2175
2557 2 2 10 4 2866 3162 2825
2558 2 2 10 4 1483 2338 1485
2559 2 2 10 4 1957 2271 1713
2560 2 2 10 4 4077 4080 4079
2561 2 2 10 4 1100 4126 2559
2562 2 2 10 4 3534 3535 2162
2563 2 2 10 4 1315 2342 1313
2564 2 2 10 4 3793 3794 1157
2565 2 2 10 4 4608 5278 3277
2566 2 2 10 4 2458 2460 2459
2567 2 2 10 4 644 3737 639
2568 2 2 10 4 616 618 612
2569 2 2 10 4 3743 3744 3741
2570 2 2 10 4 756 765 750
2571 2 2 10 4 501 5359 498
2572 2 2 10 4 4150 4154 4152
2573 2 2 10 4 2434 3555 3554
2574 2 2 10 4 1945 2146 2145
2575 2 2 10 4 3481 3484 3482
2576 2 2 10 4 3506 3507 3049
2577 2 2 10 4 1769 1830 1813
2578 2 2 10 4 1795 1804 1797
2579 2 2 10 4 2446 2447 2444
2580 2 2 10 4 910 1001 912
2581 2 2 10 4 974 4003 975
2582 2 2 10 4 3657 5386 4948
2583 2 2 10 4 759 4010 769
2584 2 2 10 4 2728 2987 2729
2585 2 2 10 4 4635 4702 4037
2586 2 2 10 4 3342 5551 705
2587 2 2 10 4 599 3975 543
2588 2 2 10 4 961 3623 964
2589 2 2 10 4 1187 1277 1177
2590 2 2 10 4 2995 3961 2992
2591 2 2 10 4 2940 2954 2938
2592 2 2 10 4 3237 4971 2768
2593 2 2 10 4 3313 3869 2375
2594 2 2 10 4 63 3941 62
2595 2 2 10 4 2928 3952 2925
2596 2 2 10 4 4206 4219 3838
2597 2 2 10 4 3728 4638 1815
2598 2 2 10 4 2954 3790 3788
2599 2 2 10 4 803 822 802
2600 2 2 10 4 3537 3538 2348
2601 2 2 10 4 959 976 961
2602 2 2 10 4 2583 3336 3087
2603 2 2 10 4 1762 4141 1764
2604 2 2 10 4 1091 1620 1322
2605 2 2 10 4 597 4318 602
2606 2 2 10 4 3154 3847 2581
2607 2 2 10 4 1161 1222 1159
2608 2 2 10 4 3902 3903 2510
2609 2 2 10 4 1386 4298 1347
2610 2 2 10 4 4076 4081 4077
2611 2 2 10 4 582 586 585
2612 2 2 10 4 485 4811 3699
2613 2 2 10 4 3408 3448 358
2614 2 2 10 4 3405 3467 443
2615 2 2 10 4 4073 4075 4072
2616 2 2 10 4 2461 2914 2462
2617 2 2 10 4 1021 1027 1025
2618 2 2 10 4 558 1094 556
2619 2 2 10 4 2108 2109 1940
2620 2 2 10 4 2967 3332 2341
2621 2 2 10 4 2353 2503 2501
2622 2 2 10 4 2518 2801 2115
2623 2 2 10 4 2367 4011 1972
2624 2 2 10 4 2360 2727 2475
2625 2 2 10 4 1204 3898 1182
2626 2 2 10 4 3788 3789 2936
2627 2 2 10 4 646 696 650
2628 2 2 10 4 108 3939 107
2629 2 2 10 4 88 3938 87
2630 2 2 10 4 2442 2967 2341
2631 2 2 10 4 1717 3823 1533
2632 2 2 10 4 2586 2587 2298
2633 2 2 10 4 1253 3546 1250
2634 2 2 10 4 564 5607 4359
2635 2 2 10 4 3116 3343 3118
2636 2 2 10 4 1082 1083 844
2637 2 2 10 4 600 1079 592
2638 2 2 10 4 3144 5342 5319
2639 2 2 10 4 3568 3836 3566
2640 2 2 10 4 2142 3802 2134
2641 2 2 10 4 730 3819 531
2642 2 2 10 4 1903 2320 1905
2643 2 2 10 4 1311 3600 1684
2644 2 2 10 4 2461 3010 2914
2645 2 2 10 4 1200 3862 1274
2646 2 2 10 4 1513 3749 1655
2647 2 2 10 4 1915 3831 2165
2648 2 2 10 4 1052 3955 1055
2649 2 2 10 4 2825 3856 2265
2650 2 2 10 4 767 775 774
2651 2 2 10 4 2858 2859 2383
2652 2 2 10 4 1022 3730 1014
2653 2 2 10 4 1163 3791 1161
2654 2 2 10 4 566 5491 3355
2655 2 2 10 4 2443 2444 1093
2656 2 2 10 4 653 714 648
2657 2 2 10 4 699 1562 700
2658 2 2 10 4 2253 2255 2254
2659 2 2 10 4 1589 1590 1235
2660 2 2 10 4 1893 3824 2304
2661 2 2 10 4 3811 3812 1045
2662 2 2 10 4 699 2458 1562
2663 2 2 10 4 3185 5132 2423
2664 2 2 10 4 2135 2142 2134
2665 2 2 10 4 3433 5460 3434
2666 2 2 10 4 3636 4227 3362
2667 2 2 10 4 811 1082 844
2668 2 2 10 4 2944 4319 3331
2669 2 2 10 4 2348 2349 2347
2670 2 2 10 4 824 3566 3565
2671 2 2 10 4 593 600 592
2672 2 2 10 4 1345 1386 1347
2673 2 2 10 4 3128 3751 3130
2674 2 2 10 4 3209 4383 2778
2675 2 2 10 4 2583 3087 2584
2676 2 2 10 4 3739 3741 3740
2677 2 2 10 4 2944 3331 2942
2678 2 2 10 4 1059 4126 1100
2679 2 2 10 4 2203 4612 1507
2680 2 2 10 4 1036 4116 1917
2681 2 2 10 4 2264 2265 2044
2682 2 2 10 4 1744 1745 1743
2683 2 2 10 4 1491 1955 1493
2684 2 2 10 4 1452 2295 1324
2685 2 2 10 4 2885 3084 2860
2686 2 2 10 4 3130 3751 3155
2687 2 2 10 4 1688 1689 1687
2688 2 2 10 4 2131 3690 2127
2689 2 2 10 4 964 1092 966
2690 2 2 10 4 531 3819 529
2691 2 2 10 4 65 3929 64
2692 2 2 10 4 780 3753 782
2693 2 2 10 4 979 4022 980
2694 2 2 10 4 883 3750 885
2695 2 2 10 4 776 779 778
2696 2 2 10 4 3192 3193 2623
2697 2 2 10 4 2398 3672 2248
2698 2 2 10 4 799 800 772
2699 2 2 10 4 920 3588 922
2700 2 2 10 4 4373 4444 1451
2701 2 2 10 4 1169 3666 1167
2702 2 2 10 4 1764 3734 1766
2703 2 2 10 4 562 720 560
2704 2 2 10 4 2125 3649 2123
2705 2 2 10 4 2367 4012 4011
2706 2 2 10 4 1283 1285 1282
2707 2 2 10 4 1642 3826 1332
2708 2 2 10 4 2113 4613 1210
2709 2 2 10 4 2123 2128 2121
2710 2 2 10 4 601 612 600
2711 2 2 10 4 582 585 583
2712 2 2 10 4 3476 5446 4280
2713 2 2 10 4 1825 1827 1826
2714 2 2 10 4 1511 3749 1513
2715 2 2 10 4 2591 2622 1431
2716 2 2 10 4 1037 3811 1039
2717 2 2 10 4 1533 3823 1531
2718 2 2 10 4 1454 3647 1452
2719 2 2 10 4 1756 3732 1758
2720 2 2 10 4 1493 3645 1495
2721 2 2 10 4 3593 3596 3594
2722 2 2 10 4 916 1004 918
2723 2 2 10 4 1746 1747 1745
2724 2 2 10 4 3048 3049 3047
2725 2 2 10 4 2914 4034 2915
2726 2 2 10 4 885 3750 1040
2727 2 2 10 4 3858 4683 1603
2728 2 2 10 4 3551 5422 655
2729 2 2 10 4 2642 3917 2178
2730 2 2 10 4 1645 3662 1331
2731 2 2 10 4 1050 3955 1052
2732 2 2 10 4 86 3920 85
2733 2 2 10 4 4357 5318 4796
2734 2 2 10 4 1274 3862 2356
2735 2 2 10 4 409 5200 3953
2736 2 2 10 4 660 3772 653
2737 2 2 10 4 110 3922 109
2738 2 2 10 4 2216 2492 2479
2739 2 2 10 4 1439 4131 2554
2740 2 2 10 4 2058 4244 1698
2741 2 2 10 4 1235 3829 1232
2742 2 2 10 4 1165 3792 1163
2743 2 2 10 4 1422 3867 2486
2744 2 2 10 4 1182 3898 1180
2745 2 2 10 4 1766 3734 1769
2746 2 2 10 4 2775 3900 3899
2747 2 2 10 4 3727 3728 3713
2748 2 2 10 4 2581 3847 2579
2749 2 2 10 4 1803 1807 1806
2750 2 2 10 4 1088 1089 1087
2751 2 2 10 4 2445 2446 2444
2752 2 2 10 4 2616 3698 2588
2753 2 2 10 4 360 5560 4849
2754 2 2 10 4 3047 3826 1642
2755 2 2 10 4 580 582 581
2756 2 2 10 4 3527 3528 2616
2757 2 2 10 4 2757 2758 2339
2758 2 2 10 4 2529 4858 519
2759 2 2 10 4 5179 5280 359
2760 2 2 10 4 1422 1743 672
2761 2 2 10 4 3566 3836 3570
2762 2 2 10 4 2320 3366 3365
2763 2 2 10 4 3684 5329 3685
2764 2 2 10 4 2557 3663 2351
2765 2 2 10 4 556 3701 553
2766 2 2 10 4 585 588 587
2767 2 2 10 4 2248 2570 1964
2768 2 2 10 4 541 3976 539
2769 2 2 10 4 1231 3937 1228
2770 2 2 10 4 1331 2748 1329
2771 2 2 10 4 3533 3534 2162
2772 2 2 10 4 2375 3869 2373
2773 2 2 10 4 1909 1970 1913
2774 2 2 10 4 1167 1196 1165
2775 2 2 10 4 666 3771 660
2776 2 2 10 4 1178 1187 1177
2777 2 2 10 4 3942 4965 3943
2778 2 2 10 4 1758 1818 1760
2779 2 2 10 4 3505 3506 3049
2780 2 2 10 4 3988 3989 3986
2781 2 2 10 4 1748 1749 1747
2782 2 2 10 4 4055 4196 497
2783 2 2 10 4 1032 1036 1034
2784 2 2 10 4 1769 1813 1770
2785 2 2 10 4 3991 3992 3987
2786 2 2 10 4 2357 2358 2200
2787 2 2 10 4 1751 1752 1749
2788 2 2 10 4 2134 3690 2131
2789 2 2 10 4 613 616 612
2790 2 2 10 4 1254 1255 1253
2791 2 2 10 4 3772 5620 3773
2792 2 2 10 4 2338 2339 1485
2793 2 2 10 4 676 3827 1741
2794 2 2 10 4 3434 5460 4112
2795 2 2 10 4 711 5549 3619
2796 2 2 10 4 662 676 668
2797 2 2 10 4 1850 3932 2434
2798 2 2 10 4 2178 3917 2176
2799 2 2 10 4 1957 3656 2271
2800 2 2 10 4 4458 4656 3342
2801 2 2 10 4 383 5103 3416
2802 2 2 10 4 2115 3552 2113
2803 2 2 10 4 2692 3102 2435
2804 2 2 10 4 1049 4131 1439
2805 2 2 10 4 861 3951 862
2806 2 2 10 4 1036 1917 1419
2807 2 2 10 4 2585 5185 3629
2808 2 2 10 4 2358 3654 2360
2809 2 2 10 4 3880 3881 3879
2810 2 2 10 4 922 3588 998
2811 2 2 10 4 2925 3952 2923
2812 2 2 10 4 1495 2472 2471
2813 2 2 10 4 4077 4079 4078
2814 2 2 10 4 1982 3296 1454
2815 2 2 10 4 2453 2780 2779
2816 2 2 10 4 4587 4616 4315
2817 2 2 10 4 1159 3793 1157
2818 2 2 10 4 1039 3811 1045
2819 2 2 10 4 1315 3605 2342
2820 2 2 10 4 1970 2453 2404
2821 2 2 10 4 1328 1329 1245
2822 2 2 10 4 968 3835 970
2823 2 2 10 4 2380 3319 3318
2824 2 2 10 4 3229 4132 2210
2825 2 2 10 4 3347 3666 1169
2826 2 2 10 4 1089 3622 1091
2827 2 2 10 4 3227 3672 2398
2828 2 2 10 4 393 4073 4072
2829 2 2 10 4 4076 4077 394
2830 2 2 10 4 1252 1253 1250
2831 2 2 10 4 2919 3515 2920
2832 2 2 10 4 1286 1287 1285
2833 2 2 10 4 2127 2140 2125
2834 2 2 10 4 2992 3961 2990
2835 2 2 10 4 3831 3876 2516
2836 2 2 10 4 3422 5360 3860
2837 2 2 10 4 2938 3788 2936
2838 2 2 10 4 671 672 666
2839 2 2 10 4 588 590 589
2840 2 2 10 4 849 4238 2004
2841 2 2 10 4 1753 1754 1752
2842 2 2 10 4 905 3781 908
2843 2 2 10 4 2165 3831 2516
2844 2 2 10 4 1809 1820 1819
2845 2 2 10 4 543 3975 541
2846 2 2 10 4 1256 1261 1255
2847 2 2 10 4 3155 4045 3156
2848 2 2 10 4 3803 4315 2758
2849 2 2 10 4 13 3993 481
2850 2 2 10 4 1342 1364 1341
2851 2 2 10 4 617 620 616
2852 2 2 10 4 3554 4727 2725
2853 2 2 10 4 782 3753 817
2854 2 2 10 4 44 3985 429
2855 2 2 10 4 257 3398 258
2856 2 2 10 4 272 3406 273
2857 2 2 10 4 287 3470 288
2858 2 2 10 4 327 3418 328
2859 2 2 10 4 303 502 304
2860 2 2 10 4 323 3467 324
2861 2 2 10 4 251 3397 252
2862 2 2 10 4 339 3433 340
2863 2 2 10 4 336 3456 337
2864 2 2 10 4 301 3798 302
2865 2 2 10 4 307 3479 308
2866 2 2 10 4 315 3465 316
2867 2 2 10 4 321 3402 322
2868 2 2 10 4 212 3427 213
2869 2 2 10 4 278 3452 279
2870 2 2 10 4 242 3451 243
2871 2 2 10 4 245 4159 246
2872 2 2 10 4 236 3416 237
2873 2 2 10 4 274 3448 275
2874 2 2 10 4 224 3502 225
2875 2 2 10 4 348 3468 349
2876 2 2 10 4 222 3471 223
2877 2 2 10 4 291 3634 292
2878 2 2 10 4 782 817 809
2879 2 2 10 4 2304 3824 2875
2880 2 2 10 4 111 3875 418
2881 2 2 10 4 495 3986 3985
2882 2 2 10 4 3054 3639 3587
2883 2 2 10 4 3904 3905 3903
2884 2 2 10 4 2304 2875 2488
2885 2 2 10 4 3473 5046 3474
2886 2 2 10 4 66 3930 416
2887 2 2 10 4 779 1415 1414
2888 2 2 10 4 2176 2644 2175
2889 2 2 10 4 3124 3839 3126
2890 2 2 10 4 933 4047 934
2891 2 2 10 4 970 974 973
2892 2 2 10 4 2782 2986 2783
2893 2 2 10 4 1942 2391 1936
2894 2 2 10 4 637 3769 635
2895 2 2 10 4 765 5107 3558
2896 2 2 10 4 3183 3223 1035
2897 2 2 10 4 2165 2516 2515
2898 2 2 10 4 1812 4002 1822
2899 2 2 10 4 2140 3649 2125
2900 2 2 10 4 775 3821 776
2901 2 2 10 4 2954 4899 3790
2902 2 2 10 4 2860 3940 2859
2903 2 2 10 4 635 4296 633
2904 2 2 10 4 3515 3517 3516
2905 2 2 10 4 3488 5496 3325
2906 2 2 10 4 2556 3679 2394
2907 2 2 10 4 1171 3347 1169
2908 2 2 10 4 3296 3647 1454
2909 2 2 10 4 1495 3645 2472
2910 2 2 10 4 2468 2617 2225
2911 2 2 10 4 2999 4952 3700
2912 2 2 10 4 1288 1289 1287
2913 2 2 10 4 3504 4142 448
2914 2 2 10 4 4129 4206 3838
2915 2 2 10 4 976 3623 961
2916 2 2 10 4 922 998 924
2917 2 2 10 4 2743 3227 2398
2918 2 2 10 4 4152 4155 4153
2919 2 2 10 4 240 4265 241
2920 2 2 10 4 1930 1931 1592
2921 2 2 10 4 590 594 591
2922 2 2 10 4 1590 4222 3829
2923 2 2 10 4 1784 3652 1787
2924 2 2 10 4 1972 4011 1962
2925 2 2 10 4 1689 3689 1691
2926 2 2 10 4 4150 4152 4151
2927 2 2 10 4 621 2803 620
2928 2 2 10 4 3243 5619 494
2929 2 2 10 4 2995 4622 3961
2930 2 2 10 4 1620 1936 1322
2931 2 2 10 4 1262 1269 1261
2932 2 2 10 4 2098 3537 2100
2933 2 2 10 4 608 3540 611
2934 2 2 10 4 2394 2603 2391
2935 2 2 10 4 2402 3599 1992
2936 2 2 10 4 3755 3796 3757
2937 2 2 10 4 2809 3217 2694
2938 2 2 10 4 2424 2678 2469
2939 2 2 10 4 949 3816 950
2940 2 2 10 4 3295 5076 3171
2941 2 2 10 4 4799 5457 3347
2942 2 2 10 4 881 1101 883
2943 2 2 10 4 3771 3772 660
2944 2 2 10 4 679 699 681
2945 2 2 10 4 1027 1028 1025
2946 2 2 10 4 429 3982 43
2947 2 2 10 4 731 4063 721
2948 2 2 10 4 2737 3043 2736
2949 2 2 10 4 1365 1370 1364
2950 2 2 10 4 3881 4004 3882
2951 2 2 10 4 989 991 990
2952 2 2 10 4 2503 2652 2501
2953 2 2 10 4 11 3983 430
2954 2 2 10 4 1758 3732 1818
2955 2 2 10 4 2206 2548 2400
2956 2 2 10 4 3126 3131 3128
2957 2 2 10 4 474 3883 159
2958 2 2 10 4 1323 3948 3947
2959 2 2 10 4 2518 2802 2801
2960 2 2 10 4 836 4443 4404
2961 2 2 10 4 2065 2067 2066
2962 2 2 10 4 3886 4657 3888
2963 2 2 10 4 4072 4075 482
2964 2 2 10 4 695 697 694
2965 2 2 10 4 1196 3792 1165
2966 2 2 10 4 483 4081 4076
2967 2 2 10 4 1830 1833 1813
2968 2 2 10 4 813 814 807
2969 2 2 10 4 1039 1045 1044
2970 2 2 10 4 2206 2207 1931
2971 2 2 10 4 975 979 978
2972 2 2 10 4 3830 3937 1231
2973 2 2 10 4 3818 4145 1818
2974 2 2 10 4 1271 3896 1433
2975 2 2 10 4 1290 1297 1289
2976 2 2 10 4 40 3926 398
2977 2 2 10 4 68 3931 67
2978 2 2 10 4 2133 2134 2131
2979 2 2 10 4 1950 3641 785
2980 2 2 10 4 1489 4472 1491
2981 2 2 10 4 2759 4144 2339
2982 2 2 10 4 574 592 568
2983 2 2 10 4 3528 3698 2616
2984 2 2 10 4 3438 4159 420
2985 2 2 10 4 2586 2588 2587
2986 2 2 10 4 1293 3962 1290
2987 2 2 10 4 842 3840 797
2988 2 2 10 4 3688 4725 3770
2989 2 2 10 4 709 712 710
2990 2 2 10 4 648 4070 644
2991 2 2 10 4 1224 3906 1199
2992 2 2 10 4 3044 3144 3043
2993 2 2 10 4 1650 1651 1497
2994 2 2 10 4 3617 3619 3616
2995 2 2 10 4 1199 3906 1192
2996 2 2 10 4 594 597 595
2997 2 2 10 4 388 4741 4000
2998 2 2 10 4 3084 3940 2860
2999 2 2 10 4 1822 1825 1824
3000 2 2 10 4 2067 2069 2068
3001 2 2 10 4 1080 5478 3637
3002 2 2 10 4 1250 1251 1248
3003 2 2 10 4 1691 1703 1693
3004 2 2 10 4 776 3821 779
3005 2 2 10 4 484 4094 4093
3006 2 2 10 4 684 685 675
3007 2 2 10 4 1610 4043 850
3008 2 2 10 4 1591 1593 1592
3009 2 2 10 4 3264 4822 3053
3010 2 2 10 4 4329 5619 3169
3011 2 2 10 4 2320 3363 1905
3012 2 2 10 4 3447 4159 3442
3013 2 2 10 4 2400 2401 2207
3014 2 2 10 4 3872 3873 3871
3015 2 2 10 4 2354 4449 4336
3016 2 2 10 4 3242 3395 2587
3017 2 2 10 4 1270 1271 1269
3018 2 2 10 4 1942 2395 2394
3019 2 2 10 4 3046 3047 1642
3020 2 2 10 4 1046 1049 1048
3021 2 2 10 4 1441 3962 1293
3022 2 2 10 4 769 4010 2150
3023 2 2 10 4 698 721 697
3024 2 2 10 4 3700 3846 2804
3025 2 2 10 4 775 776 774
3026 2 2 10 4 3396 5423 432
3027 2 2 10 4 1589 1591 1590
3028 2 2 10 4 2858 2860 2859
3029 2 2 10 4 3718 3729 3716
3030 2 2 10 4 3708 4250 1835
3031 2 2 10 4 5081 5488 3284
3032 2 2 10 4 4096 4097 3740
3033 2 2 10 4 712 718 713
3034 2 2 10 4 2094 3533 2096
3035 2 2 10 4 2503 3302 3263
3036 2 2 10 4 1593 1964 1930
3037 2 2 10 4 5391 5394 2950
3038 2 2 10 4 3434 4112 3435
3039 2 2 10 4 109 3922 473
3040 2 2 10 4 3901 3902 2510
3041 2 2 10 4 1027 2532 1035
3042 2 2 10 4 3970 3972 388
3043 2 2 10 4 67 3931 3930
3044 2 2 10 4 3911 3913 3912
3045 2 2 10 4 1176 1177 1174
3046 2 2 10 4 472 3920 86
3047 2 2 10 4 2121 4039 2118
3048 2 2 10 4 3418 4762 368
3049 2 2 10 4 4834 4937 3096
3050 2 2 10 4 1274 2356 2060
3051 2 2 10 4 496 5359 501
3052 2 2 10 4 1753 1815 1814
3053 2 2 10 4 2024 3774 2022
3054 2 2 10 4 735 3705 731
3055 2 2 10 4 738 5443 4972
3056 2 2 10 4 1924 1925 1651
3057 2 2 10 4 1477 4127 1480
3058 2 2 10 4 3798 4464 3016
3059 2 2 10 4 998 5119 924
3060 2 2 10 4 2678 3381 3137
3061 2 2 10 4 745 5506 3336
3062 2 2 10 4 2606 4252 1614
3063 2 2 10 4 4391 4492 2819
3064 2 2 10 4 1323 3947 1206
3065 2 2 10 4 3584 3586 2152
3066 2 2 10 4 980 985 984
3067 2 2 10 4 3922 3923 473
3068 2 2 10 4 2395 3011 2556
3069 2 2 10 4 1778 3708 1781
3070 2 2 10 4 597 602 598
3071 2 2 10 4 1371 1373 1370
3072 2 2 10 4 1766 1769 1768
3073 2 2 10 4 2069 2072 2071
3074 2 2 10 4 2915 2919 2917
3075 2 2 10 4 407 5240 3635
3076 2 2 10 4 879 3838 881
3077 2 2 10 4 1206 3947 1203
3078 2 2 10 4 1113 4105 1112
3079 2 2 10 4 801 803 802
3080 2 2 10 4 1509 2331 1511
3081 2 2 10 4 688 689 686
3082 2 2 10 4 4126 4340 2559
3083 2 2 10 4 529 1412 527
3084 2 2 10 4 3314 3945 3944
3085 2 2 10 4 1272 1300 1271
3086 2 2 10 4 3229 4453 4132
3087 2 2 10 4 850 4043 852
3088 2 2 10 4 1590 3829 1235
3089 2 2 10 4 1471 3712 1483
3090 2 2 10 4 64 3929 471
3091 2 2 10 4 4101 4785 3825
3092 2 2 10 4 2339 4144 1485
3093 2 2 10 4 3622 4261 1620
3094 2 2 10 4 3291 5197 4930
3095 2 2 10 4 885 1040 887
3096 2 2 10 4 578 824 580
3097 2 2 10 4 4075 4866 482
3098 2 2 10 4 3384 3385 2198
3099 2 2 10 4 3292 3659 3293
3100 2 2 10 4 3130 3155 3133
3101 2 2 10 4 3087 3865 3255
3102 2 2 10 4 626 3655 623
3103 2 2 10 4 1659 1661 1660
3104 2 2 10 4 2822 4019 2161
3105 2 2 10 4 2759 4472 4144
3106 2 2 10 4 377 3504 297
3107 2 2 10 4 452 3514 231
3108 2 2 10 4 453 3478 334
3109 2 2 10 4 364 3489 293
3110 2 2 10 4 310 3508 456
3111 2 2 10 4 441 3503 295
3112 2 2 10 4 456 3428 311
3113 2 2 10 4 382 3460 5
3114 2 2 10 4 367 3466 220
3115 2 2 10 4 375 3779 229
3116 2 2 10 4 451 3492 227
3117 2 2 10 4 380 3399 266
3118 2 2 10 4 3644 3899 234
3119 2 2 10 4 265 3450 380
3120 2 2 10 4 448 3501 299
3121 2 2 10 4 264 3778 3450
3122 2 2 10 4 442 3532 319
3123 2 2 10 4 326 3491 450
3124 2 2 10 4 280 3510 382
3125 2 2 10 4 457 3477 218
3126 2 2 10 4 219 3477 367
3127 2 2 10 4 269 3476 366
3128 2 2 10 4 381 3411 332
3129 2 2 10 4 350 3733 423
3130 2 2 10 4 333 3411 453
3131 2 2 10 4 446 3487 210
3132 2 2 10 4 211 3487 355
3133 2 2 10 4 238 3400 404
3134 2 2 10 4 253 3417 413
3135 2 2 10 4 262 3419 370
3136 2 2 10 4 357 3469 317
3137 2 2 10 4 369 3799 305
3138 2 2 10 4 359 3486 216
3139 2 2 10 4 385 3509 260
3140 2 2 10 4 261 3509 3419
3141 2 2 10 4 320 3532 353
3142 2 2 10 4 267 3399 458
3143 2 2 10 4 6 3475 419
3144 2 2 10 4 365 3644 233
3145 2 2 10 4 360 3491 325
3146 2 2 10 4 228 3492 375
3147 2 2 10 4 230 3779 452
3148 2 2 10 4 300 3501 376
3149 2 2 10 4 318 3469 442
3150 2 2 10 4 217 3486 457
3151 2 2 10 4 312 3428 354
3152 2 2 10 4 221 3466 459
3153 2 2 10 4 306 3799 454
3154 2 2 10 4 209 3460 446
3155 2 2 10 4 458 3476 268
3156 2 2 10 4 235 3899 383
3157 2 2 10 4 296 3503 377
3158 2 2 10 4 361 3508 309
3159 2 2 10 4 370 3778 263
3160 2 2 10 4 232 3514 365
3161 2 2 10 4 286 3473 401
3162 2 2 10 4 335 3478 371
3163 2 2 10 4 294 3489 441
3164 2 2 10 4 226 3539 451
3165 2 2 10 4 298 3504 448
3166 2 2 10 4 244 3436 420
3167 2 2 10 4 815 825 814
3168 2 2 10 4 722 731 721
3169 2 2 10 4 702 705 704
3170 2 2 10 4 1770 3934 1772
3171 2 2 10 4 799 801 800
3172 2 2 10 4 718 725 719
3173 2 2 10 4 2779 3678 2404
3174 2 2 10 4 2885 3216 3084
3175 2 2 10 4 2167 3703 3702
3176 2 2 10 4 1917 1918 1419
3177 2 2 10 4 2428 4222 1931
3178 2 2 10 4 2532 3261 3183
3179 2 2 10 4 1531 3033 1527
3180 2 2 10 4 2545 4244 2317
3181 2 2 10 4 4145 5535 3841
3182 2 2 10 4 3809 5568 5052
3183 2 2 10 4 2570 3675 1964
3184 2 2 10 4 2360 3654 2727
3185 2 2 10 4 1822 4002 1825
3186 2 2 10 4 1931 4222 1592
3187 2 2 10 4 929 933 932
3188 2 2 10 4 2139 2175 2137
3189 2 2 10 4 3941 3942 406
3190 2 2 10 4 779 780 778
3191 2 2 10 4 3356 4916 4456
3192 2 2 10 4 3506 4692 3507
3193 2 2 10 4 2801 3552 2115
3194 2 2 10 4 2019 2020 1925
3195 2 2 10 4 4967 5490 2536
3196 2 2 10 4 4012 5600 4013
3197 2 2 10 4 1341 4001 1343
3198 2 2 10 4 3838 4219 1101
3199 2 2 10 4 472 4552 3920
3200 2 2 10 4 1094 3701 556
3201 2 2 10 4 1722 1723 1721
3202 2 2 10 4 1760 3841 1762
3203 2 2 10 4 3722 3725 3720
3204 2 2 10 4 602 604 603
3205 2 2 10 4 1746 1750 1748
3206 2 2 10 4 1809 1810 1808
3207 2 2 10 4 1807 1808 1806
3208 2 2 10 4 1174 4027 1171
3209 2 2 10 4 2150 4010 3181
3210 2 2 10 4 1091 3622 1620
3211 2 2 10 4 2072 2092 2091
3212 2 2 10 4 627 629 626
3213 2 2 10 4 4459 5010 408
3214 2 2 10 4 2728 4815 2987
3215 2 2 10 4 1661 1664 1662
3216 2 2 10 4 1301 1303 1300
3217 2 2 10 4 1187 3901 2510
3218 2 2 10 4 986 989 988
3219 2 2 10 4 822 823 802
3220 2 2 10 4 2023 2024 2022
3221 2 2 10 4 3657 3658 2271
3222 2 2 10 4 1136 1259 1134
3223 2 2 10 4 1222 3793 1159
3224 2 2 10 4 1697 1701 1700
3225 2 2 10 4 3563 5536 535
3226 2 2 10 4 73 3998 3997
3227 2 2 10 4 997 1000 999
3228 2 2 10 4 408 3938 88
3229 2 2 10 4 2338 3359 2757
3230 2 2 10 4 3821 4254 1415
3231 2 2 10 4 2448 3700 2446
3232 2 2 10 4 2357 3056 2768
3233 2 2 10 4 2404 2405 1973
3234 2 2 10 4 1695 3857 1697
3235 2 2 10 4 107 3939 409
3236 2 2 10 4 2735 2736 2149
3237 2 2 10 4 1567 4161 2048
3238 2 2 10 4 2654 4751 4446
3239 2 2 10 4 3732 3818 1818
3240 2 2 10 4 1841 1842 1840
3241 2 2 10 4 2062 2065 2064
3242 2 2 10 4 2435 4106 833
3243 2 2 10 4 692 694 690
3244 2 2 10 4 818 829 820
3245 2 2 10 4 995 997 996
3246 2 2 10 4 2579 2999 2448
3247 2 2 10 4 1552 3981 1550
3248 2 2 10 4 732 735 731
3249 2 2 10 4 3949 3950 3201
3250 2 2 10 4 2094 2096 2095
3251 2 2 10 4 1985 1987 1986
3252 2 2 10 4 706 709 708
3253 2 2 10 4 677 4065 679
3254 2 2 10 4 3156 3159 3158
3255 2 2 10 4 725 728 726
3256 2 2 10 4 3390 3391 3389
3257 2 2 10 4 415 5429 4989
3258 2 2 10 4 1815 1831 1814
3259 2 2 10 4 1970 1973 1913
3260 2 2 10 4 2431 3187 3186
3261 2 2 10 4 477 4953 3260
3262 2 2 10 4 1368 5438 3928
3263 2 2 10 4 1297 4703 1289
3264 2 2 10 4 1422 2486 1744
3265 2 2 10 4 4018 5590 4735
3266 2 2 10 4 2954 3788 2938
3267 2 2 10 4 943 945 944
3268 2 2 10 4 476 3864 121
3269 2 2 10 4 160 3879 474
3270 2 2 10 4 191 3885 400
3271 2 2 10 4 1045 4131 1046
3272 2 2 10 4 1781 1783 1782
3273 2 2 10 4 1088 2590 1431
3274 2 2 10 4 1497 3702 1479
3275 2 2 10 4 2724 5040 4366
3276 2 2 10 4 1059 1061 1060
3277 2 2 10 4 1513 1655 1517
3278 2 2 10 4 4914 4920 2008
3279 2 2 10 4 2434 3932 3555
3280 2 2 10 4 1725 1726 1723
3281 2 2 10 4 3886 3887 400
3282 2 2 10 4 62 3941 406
3283 2 2 10 4 630 631 629
3284 2 2 10 4 1373 1408 1370
3285 2 2 10 4 1027 4256 2532
3286 2 2 10 4 533 730 531
3287 2 2 10 4 1049 1438 1050
3288 2 2 10 4 1036 1037 1034
3289 2 2 10 4 934 937 936
3290 2 2 10 4 697 4031 694
3291 2 2 10 4 1646 3981 1552
3292 2 2 10 4 2140 4842 3649
3293 2 2 10 4 826 4041 1447
3294 2 2 10 4 706 3761 709
3295 2 2 10 4 1367 1387 1369
3296 2 2 10 4 1818 3841 1760
3297 2 2 10 4 1496 1497 1479
3298 2 2 10 4 3289 3290 2479
3299 2 2 10 4 3795 5075 3179
3300 2 2 10 4 1987 1990 1988
3301 2 2 10 4 1052 1055 1054
3302 2 2 10 4 3546 3628 3627
3303 2 2 10 4 3183 3280 3223
3304 2 2 10 4 1750 3714 3713
3305 2 2 10 4 2591 2624 2623
3306 2 2 10 4 1062 3969 1065
3307 2 2 10 4 2163 5410 4276
3308 2 2 10 4 676 677 668
3309 2 2 10 4 1664 1666 1665
3310 2 2 10 4 604 606 605
3311 2 2 10 4 1561 4243 1537
3312 2 2 10 4 4866 5374 2742
3313 2 2 10 4 1688 2057 1698
3314 2 2 10 4 1738 1739 1737
3315 2 2 10 4 2062 3768 2065
3316 2 2 10 4 3754 3755 3658
3317 2 2 10 4 3002 5275 3001
3318 2 2 10 4 1351 3914 1425
3319 2 2 10 4 2736 3709 2149
3320 2 2 10 4 1003 5515 3381
3321 2 2 10 4 2625 4469 2545
3322 2 2 10 4 495 3991 3987
3323 2 2 10 4 1343 1345 1344
3324 2 2 10 4 3199 3949 3201
3325 2 2 10 4 3366 3367 3365
3326 2 2 10 4 3888 3889 3887
3327 2 2 10 4 2391 3936 2683
3328 2 2 10 4 1716 1717 1533
3329 2 2 10 4 2889 4975 3373
3330 2 2 10 4 1330 1332 1331
3331 2 2 10 4 2963 4687 4686
3332 2 2 10 4 3953 3954 469
3333 2 2 10 4 3296 5062 3647
3334 2 2 10 4 503 504 369
3335 2 2 10 4 3407 3408 358
3336 2 2 10 4 3451 3682 3548
3337 2 2 10 4 3403 3405 443
3338 2 2 10 4 3480 3483 361
3339 2 2 10 4 1214 4006 1212
3340 2 2 10 4 1325 4009 4008
3341 2 2 10 4 2264 2866 2825
3342 2 2 10 4 3246 5009 4142
3343 2 2 10 4 3330 4444 4373
3344 2 2 10 4 736 737 735
3345 2 2 10 4 1942 4261 2395
3346 2 2 10 4 1328 1330 1329
3347 2 2 10 4 4149 4156 4150
3348 2 2 10 4 4049 4052 4051
3349 2 2 10 4 2532 4256 3262
3350 2 2 10 4 495 3987 3986
3351 2 2 10 4 1184 1204 1182
3352 2 2 10 4 547 4008 545
3353 2 2 10 4 1030 4116 1032
3354 2 2 10 4 1349 4298 3914
3355 2 2 10 4 4013 4015 4011
3356 2 2 10 4 2243 4263 2242
3357 2 2 10 4 478 3878 163
3358 2 2 10 4 891 1023 893
3359 2 2 10 4 2025 2026 2024
3360 2 2 10 4 728 734 733
3361 2 2 10 4 1000 1007 1006
3362 2 2 10 4 4146 5478 1080
3363 2 2 10 4 2373 2642 2178
3364 2 2 10 4 908 3781 3780
3365 2 2 10 4 669 3769 637
3366 2 2 10 4 2728 2729 2254
3367 2 2 10 4 1656 1659 1658
3368 2 2 10 4 352 4334 3475
3369 2 2 10 4 423 4334 351
3370 2 2 10 4 632 633 631
3371 2 2 10 4 2175 3557 2137
3372 2 2 10 4 1056 1059 1058
3373 2 2 10 4 484 4093 4092
3374 2 2 10 4 3887 4242 400
3375 2 2 10 4 673 3867 1422
3376 2 2 10 4 3168 3199 3198
3377 2 2 10 4 105 3953 469
3378 2 2 10 4 3400 4645 3401
3379 2 2 10 4 671 673 672
3380 2 2 10 4 3973 4082 3974
3381 2 2 10 4 1774 1777 1776
3382 2 2 10 4 2461 2462 2459
3383 2 2 10 4 4719 4765 3555
3384 2 2 10 4 3811 3967 3812
3385 2 2 10 4 395 3911 198
3386 2 2 10 4 482 3909 167
3387 2 2 10 4 2395 4261 3322
3388 2 2 10 4 2096 2098 2097
3389 2 2 10 4 3228 3229 2210
3390 2 2 10 4 4006 4327 1323
3391 2 2 10 4 1349 3914 1351
3392 2 2 10 4 1666 1668 1667
3393 2 2 10 4 3965 4907 389
3394 2 2 10 4 606 608 607
3395 2 2 10 4 3392 3393 3391
3396 2 2 10 4 1370 4313 1364
3397 2 2 10 4 992 995 994
3398 2 2 10 4 1990 1992 1991
3399 2 2 10 4 1225 4006 1214
3400 2 2 10 4 1059 1100 1061
3401 2 2 10 4 3741 4096 3740
3402 2 2 10 4 3989 5345 4323
3403 2 2 10 4 4269 4609 3301
3404 2 2 10 4 2608 3154 2581
3405 2 2 10 4 2624 3270 3192
3406 2 2 10 4 1325 4008 547
3407 2 2 10 4 1720 1721 1718
3408 2 2 10 4 2642 4681 3917
3409 2 2 10 4 2875 2876 2488
3410 2 2 10 4 2108 2442 2341
3411 2 2 10 4 862 3951 865
3412 2 2 10 4 611 3540 664
3413 2 2 10 4 2100 3537 2348
3414 2 2 10 4 4052 4053 2261
3415 2 2 10 4 1937 5019 4800
3416 2 2 10 4 1055 4126 1056
3417 2 2 10 4 2803 5066 4835
3418 2 2 10 4 1456 4282 830
3419 2 2 10 4 466 3959 135
3420 2 2 10 4 3745 5431 3163
3421 2 2 10 4 794 4699 842
3422 2 2 10 4 3835 5174 974
3423 2 2 10 4 817 818 809
3424 2 2 10 4 465 4926 4716
3425 2 2 10 4 739 740 737
3426 2 2 10 4 3374 5322 402
3427 2 2 10 4 3909 4866 3910
3428 2 2 10 4 3474 4422 401
3429 2 2 10 4 2564 2777 1950
3430 2 2 10 4 2822 4020 4019
3431 2 2 10 4 2486 4302 1744
3432 2 2 10 4 2204 4618 2076
3433 2 2 10 4 1825 3915 1827
3434 2 2 10 4 1804 5417 1797
3435 2 2 10 4 625 626 623
3436 2 2 10 4 1142 1219 1140
3437 2 2 10 4 1445 4273 1042
3438 2 2 10 4 974 975 973
3439 2 2 10 4 366 4372 270
3440 2 2 10 4 271 4372 444
3441 2 2 10 4 2516 2651 2515
3442 2 2 10 4 2211 2212 2026
3443 2 2 10 4 3864 5090 2907
3444 2 2 10 4 3199 3201 3200
3445 2 2 10 4 1082 2443 1093
3446 2 2 10 4 1944 1945 1739
3447 2 2 10 4 734 742 741
3448 2 2 10 4 832 847 846
3449 2 2 10 4 1820 1853 1819
3450 2 2 10 4 3900 5512 2781
3451 2 2 10 4 1017 4256 1021
3452 2 2 10 4 1007 1010 1009
3453 2 2 10 4 3345 4472 2759
3454 2 2 10 4 4890 4929 1880
3455 2 2 10 4 1284 1641 1640
3456 2 2 10 4 1308 1309 1307
3457 2 2 10 4 2583 2584 2145
3458 2 2 10 4 1415 1416 1414
3459 2 2 10 4 1345 1347 1346
3460 2 2 10 4 1555 1985 1622
3461 2 2 10 4 634 635 633
3462 2 2 10 4 3520 3523 3522
3463 2 2 10 4 3011 4088 2556
3464 2 2 10 4 4696 4853 573
3465 2 2 10 4 3753 4108 817
3466 2 2 10 4 3773 5545 714
3467 2 2 10 4 1778 1781 1780
3468 2 2 10 4 1116 4105 1113
3469 2 2 10 4 1056 4126 1059
3470 2 2 10 4 4049 4051 4048
3471 2 2 10 4 1334 4098 3814
3472 2 2 10 4 991 3735 992
3473 2 2 10 4 1713 4287 1647
3474 2 2 10 4 606 4677 608
3475 2 2 10 4 2822 4847 4330
3476 2 2 10 4 199 4069 395
3477 2 2 10 4 1112 4105 2538
3478 2 2 10 4 940 943 942
3479 2 2 10 4 2150 3181 2361
3480 2 2 10 4 2098 2100 2099
3481 2 2 10 4 1295 1441 1293
3482 2 2 10 4 484 4208 4094
3483 2 2 10 4 608 611 610
3484 2 2 10 4 828 4041 826
3485 2 2 10 4 1668 1940 1939
3486 2 2 10 4 2805 4202 3984
3487 2 2 10 4 4105 4111 2538
3488 2 2 10 4 1280 1283 1282
3489 2 2 10 4 3890 4242 3887
3490 2 2 10 4 2454 3683 1335
3491 2 2 10 4 2996 3253 2995
3492 2 2 10 4 1861 4289 1859
3493 2 2 10 4 802 4500 800
3494 2 2 10 4 2147 2148 2146
3495 2 2 10 4 3682 5578 3549
3496 2 2 10 4 1992 1994 1993
3497 2 2 10 4 1787 3652 2867
3498 2 2 10 4 3643 4813 2801
3499 2 2 10 4 3917 4506 2644
3500 2 2 10 4 539 658 537
3501 2 2 10 4 2809 3218 3217
3502 2 2 10 4 2600 3313 2375
3503 2 2 10 4 869 4030 1585
3504 2 2 10 4 1787 1956 1788
3505 2 2 10 4 3498 5523 3779
3506 2 2 10 4 103 3965 389
3507 2 2 10 4 3658 4287 2271
3508 2 2 10 4 3752 5459 3751
3509 2 2 10 4 1083 1085 1084
3510 2 2 10 4 1046 4131 1049
3511 2 2 10 4 4372 5265 444
3512 2 2 10 4 2057 2058 1698
3513 2 2 10 4 1691 3689 1703
3514 2 2 10 4 3796 3797 3757
3515 2 2 10 4 699 700 681
3516 2 2 10 4 743 744 740
3517 2 2 10 4 1376 1377 1374
3518 2 2 10 4 813 815 814
3519 2 2 10 4 847 4238 849
3520 2 2 10 4 2757 4770 3803
3521 2 2 10 4 3203 5518 3799
3522 2 2 10 4 1045 1046 1044
3523 2 2 10 4 2914 2915 2462
3524 2 2 10 4 1310 1311 1309
3525 2 2 10 4 527 4260 523
3526 2 2 10 4 2538 4111 2540
3527 2 2 10 4 2109 2111 2110
3528 2 2 10 4 494 5619 4329
3529 2 2 10 4 817 4133 818
3530 2 2 10 4 2252 2253 2212
3531 2 2 10 4 1764 4141 3734
3532 2 2 10 4 1222 4071 3793
3533 2 2 10 4 742 747 746
3534 2 2 10 4 3606 4192 3602
3535 2 2 10 4 58 3970 388
3536 2 2 10 4 387 3978 137
3537 2 2 10 4 1187 2510 1278
3538 2 2 10 4 3527 5110 2783
3539 2 2 10 4 3149 3182 2913
3540 2 2 10 4 2133 2135 2134
3541 2 2 10 4 3555 4727 3554
3542 2 2 10 4 117 3946 437
3543 2 2 10 4 835 836 828
3544 2 2 10 4 124 435 123
3545 2 2 10 4 114 432 113
3546 2 2 10 4 4034 4982 2919
3547 2 2 10 4 79 438 78
3548 2 2 10 4 593 601 600
3549 2 2 10 4 1010 1014 1013
3550 2 2 10 4 72 436 71
3551 2 2 10 4 2446 3700 2804
3552 2 2 10 4 976 3625 3624
3553 2 2 10 4 2442 3370 2967
3554 2 2 10 4 2865 4657 4615
3555 2 2 10 4 117 437 116
3556 2 2 10 4 73 3997 72
3557 2 2 10 4 4381 5289 3146
3558 2 2 10 4 127 427 126
3559 2 2 10 4 69 428 68
3560 2 2 10 4 3047 4787 3826
3561 2 2 10 4 4157 4275 490
3562 2 2 10 4 574 593 592
3563 2 2 10 4 82 431 81
3564 2 2 10 4 636 637 635
3565 2 2 10 4 3859 3860 1934
3566 2 2 10 4 582 583 581
3567 2 2 10 4 1827 1836 1828
3568 2 2 10 4 1138 5431 3745
3569 2 2 10 4 1347 1349 1348
3570 2 2 10 4 122 476 121
3571 2 2 10 4 821 4303 1605
3572 2 2 10 4 1284 4321 1641
3573 2 2 10 4 1203 1224 1199
3574 2 2 10 4 2778 3641 1950
3575 2 2 10 4 77 477 76
3576 2 2 10 4 3319 5247 3318
3577 2 2 10 4 3040 4812 2618
3578 2 2 10 4 824 4037 3567
3579 2 2 10 4 4557 4918 663
3580 2 2 10 4 4343 4344 651
3581 2 2 10 4 1261 3966 1263
3582 2 2 10 4 67 3930 66
3583 2 2 10 4 2688 3168 3167
3584 2 2 10 4 75 440 74
3585 2 2 10 4 1405 4038 1653
3586 2 2 10 4 4506 4687 2963
3587 2 2 10 4 85 417 84
3588 2 2 10 4 1438 4262 3955
3589 2 2 10 4 979 980 978
3590 2 2 10 4 3673 5257 3674
3591 2 2 10 4 2100 2347 2346
3592 2 2 10 4 2009 4193 2010
3593 2 2 10 4 387 3979 3978
3594 2 2 10 4 1701 1702 1700
3595 2 2 10 4 1062 1065 1064
3596 2 2 10 4 611 615 614
3597 2 2 10 4 2096 3533 2162
3598 2 2 10 4 1788 4104 1790
3599 2 2 10 4 3618 5486 2157
3600 2 2 10 4 120 439 119
3601 2 2 10 4 897 1008 899
3602 2 2 10 4 1527 4286 1523
3603 2 2 10 4 938 3892 940
3604 2 2 10 4 111 418 110
3605 2 2 10 4 2443 2445 2444
3606 2 2 10 4 66 416 65
3607 2 2 10 4 5001 5570 5375
3608 2 2 10 4 130 415 129
3609 2 2 10 4 1373 4147 1983
3610 2 2 10 4 4109 4110 2880
3611 2 2 10 4 794 842 797
3612 2 2 10 4 2535 4218 2533
3613 2 2 10 4 3102 4634 4106
3614 2 2 10 4 160 474 159
3615 2 2 10 4 191 400 190
3616 2 2 10 4 1994 2044 2043
3617 2 2 10 4 2341 3842 2109
3618 2 2 10 4 1825 1826 1824
3619 2 2 10 4 684 686 685
3620 2 2 10 4 166 399 165
3621 2 2 10 4 197 475 196
3622 2 2 10 4 2256 2257 2255
3623 2 2 10 4 829 830 820
3624 2 2 10 4 4518 5171 2000
3625 2 2 10 4 4286 5108 2614
3626 2 2 10 4 1584 4124 1104
3627 2 2 10 4 198 3911 197
3628 2 2 10 4 167 3909 166
3629 2 2 10 4 1351 1425 1353
3630 2 2 10 4 100 3711 460
3631 2 2 10 4 1357 3964 1359
3632 2 2 10 4 109 473 108
3633 2 2 10 4 4050 4196 4055
3634 2 2 10 4 602 4342 604
3635 2 2 10 4 162 403 161
3636 2 2 10 4 193 479 192
3637 2 2 10 4 112 3875 111
3638 2 2 10 4 4537 5269 466
3639 2 2 10 4 3087 3255 2584
3640 2 2 10 4 195 402 194
3641 2 2 10 4 164 478 163
3642 2 2 10 4 87 472 86
3643 2 2 10 4 1641 1687 1686
3644 2 2 10 4 2277 3774 2024
3645 2 2 10 4 2516 4440 2651
3646 2 2 10 4 3046 3048 3047
3647 2 2 10 4 1746 4302 1750
3648 2 2 10 4 585 587 583
3649 2 2 10 4 132 470 131
3650 2 2 10 4 836 4041 828
3651 2 2 10 4 64 471 63
3652 2 2 10 4 2152 4320 1816
3653 2 2 10 4 564 4359 562
3654 2 2 10 4 1666 4341 1668
3655 2 2 10 4 1827 1828 1826
3656 2 2 10 4 3048 3505 3049
3657 2 2 10 4 125 5415 3918
3658 2 2 10 4 1480 4127 1631
3659 2 2 10 4 752 3705 735
3660 2 2 10 4 787 1950 785
3661 2 2 10 4 1449 1981 1298
3662 2 2 10 4 470 3591 3590
3663 2 2 10 4 1343 4001 3820
3664 2 2 10 4 403 4120 3880
3665 2 2 10 4 2589 3994 2770
3666 2 2 10 4 1267 4368 1266
3667 2 2 10 4 749 750 744
3668 2 2 10 4 1312 1313 1311
3669 2 2 10 4 601 613 612
3670 2 2 10 4 2927 2928 2925
3671 2 2 10 4 2872 4360 4228
3672 2 2 10 4 2349 2351 2350
3673 2 2 10 4 2168 2216 2148
3674 2 2 10 4 89 408 88
3675 2 2 10 4 1339 1342 1341
3676 2 2 10 4 55 3877 424
3677 2 2 10 4 1306 1307 1304
3678 2 2 10 4 3756 4287 3658
3679 2 2 10 4 1739 4355 1737
3680 2 2 10 4 2057 4321 2609
3681 2 2 10 4 107 409 106
3682 2 2 10 4 1550 2172 1548
3683 2 2 10 4 2265 2267 2266
3684 2 2 10 4 384 5387 4191
3685 2 2 10 4 1335 3683 1337
3686 2 2 10 4 134 405 133
3687 2 2 10 4 1049 1050 1048
3688 2 2 10 4 397 3993 14
3689 2 2 10 4 747 754 753
3690 2 2 10 4 1378 1379 1377
3691 2 2 10 4 1085 1087 1086
3692 2 2 10 4 1049 1439 1438
3693 2 2 10 4 62 406 61
3694 2 2 10 4 4149 4150 391
3695 2 2 10 4 3608 5308 3606
3696 2 2 10 4 1252 1254 1253
3697 2 2 10 4 1014 1017 1016
3698 2 2 10 4 185 4091 487
3699 2 2 10 4 946 949 948
3700 2 2 10 4 484 4092 171
3701 2 2 10 4 1377 4147 1374
3702 2 2 10 4 3969 4324 1451
3703 2 2 10 4 1065 1067 1066
3704 2 2 10 4 1096 2454 1335
3705 2 2 10 4 1176 1178 1177
3706 2 2 10 4 3592 5024 3088
3707 2 2 10 4 638 639 637
3708 2 2 10 4 1689 1691 1690
3709 2 2 10 4 495 3985 45
3710 2 2 10 4 1688 4321 2057
3711 2 2 10 4 1226 1570 1225
3712 2 2 10 4 1148 1197 1146
3713 2 2 10 4 829 4133 1457
3714 2 2 10 4 1349 1351 1350
3715 2 2 10 4 3528 5034 962
3716 2 2 10 4 815 826 825
3717 2 2 10 4 1387 1388 1369
3718 2 2 10 4 1283 1286 1285
3719 2 2 10 4 2276 5511 3304
3720 2 2 10 4 56 4000 3877
3721 2 2 10 4 3567 3568 3566
3722 2 2 10 4 105 469 104
3723 2 2 10 4 2445 2448 2446
3724 2 2 10 4 3303 5553 1204
3725 2 2 10 4 1784 1787 1786
3726 2 2 10 4 4077 4078 394
3727 2 2 10 4 2994 2995 2992
3728 2 2 10 4 91 468 90
3729 2 2 10 4 1178 3901 1187
3730 2 2 10 4 2782 2783 2227
3731 2 2 10 4 2111 2200 2199
3732 2 2 10 4 393 4074 4073
3733 2 2 10 4 437 3874 116
3734 2 2 10 4 615 641 640
3735 2 2 10 4 79 3800 438
3736 2 2 10 4 171 4092 170
3737 2 2 10 4 60 467 59
3738 2 2 10 4 186 4091 185
3739 2 2 10 4 908 910 909
3740 2 2 10 4 3304 5303 4214
3741 2 2 10 4 1769 1770 1768
3742 2 2 10 4 4280 5446 2774
3743 2 2 10 4 4158 4275 4157
3744 2 2 10 4 1793 4380 1795
3745 2 2 10 4 814 4376 807
3746 2 2 10 4 1983 4147 2786
3747 2 2 10 4 588 589 587
3748 2 2 10 4 2093 2468 2225
3749 2 2 10 4 1361 1411 1363
3750 2 2 10 4 795 4759 3640
3751 2 2 10 4 136 466 135
3752 2 2 10 4 1598 4587 4315
3753 2 2 10 4 3907 4390 1325
3754 2 2 10 4 1092 4758 966
3755 2 2 10 4 1754 4360 1756
3756 2 2 10 4 1177 4027 1174
3757 2 2 10 4 985 986 984
3758 2 2 10 4 968 4758 3835
3759 2 2 10 4 2555 3108 2189
3760 2 2 10 4 74 3998 73
3761 2 2 10 4 1212 1323 1206
3762 2 2 10 4 569 5474 4931
3763 2 2 10 4 822 1429 823
3764 2 2 10 4 1089 1091 1090
3765 2 2 10 4 2650 5541 3977
3766 2 2 10 4 3578 3579 3496
3767 2 2 10 4 1457 4133 2566
3768 2 2 10 4 3902 3904 3903
3769 2 2 10 4 1254 1256 1255
3770 2 2 10 4 2951 4005 2948
3771 2 2 10 4 1781 3708 1835
3772 2 2 10 4 103 389 102
3773 2 2 10 4 2937 2938 2936
3774 2 2 10 4 1793 1795 1794
3775 2 2 10 4 192 3885 191
3776 2 2 10 4 161 3879 160
3777 2 2 10 4 613 617 616
3778 2 2 10 4 2533 4218 4107
3779 2 2 10 4 93 390 92
3780 2 2 10 4 2187 5353 3415
3781 2 2 10 4 545 599 543
3782 2 2 10 4 2117 4337 2119
3783 2 2 10 4 42 3982 480
3784 2 2 10 4 2424 2469 2021
3785 2 2 10 4 1329 3785 1245
3786 2 2 10 4 901 1935 903
3787 2 2 10 4 481 3983 12
3788 2 2 10 4 1130 1302 1128
3789 2 2 10 4 839 840 837
3790 2 2 10 4 1104 4124 841
3791 2 2 10 4 2128 4039 2121
3792 2 2 10 4 2919 2920 2917
3793 2 2 10 4 58 388 57
3794 2 2 10 4 1483 1485 1484
3795 2 2 10 4 578 4037 824
3796 2 2 10 4 138 387 137
3797 2 2 10 4 829 1456 830
3798 2 2 10 4 4797 4971 3237
3799 2 2 10 4 3109 3735 991
3800 2 2 10 4 1948 1957 1713
3801 2 2 10 4 2444 4046 1093
3802 2 2 10 4 1314 1315 1313
3803 2 2 10 4 755 756 750
3804 2 2 10 4 1065 1451 1067
3805 2 2 10 4 1830 1834 1833
3806 2 2 10 4 3059 5417 3919
3807 2 2 10 4 688 690 689
3808 2 2 10 4 1388 1409 1390
3809 2 2 10 4 2258 2259 2257
3810 2 2 10 4 675 3867 673
3811 2 2 10 4 2358 2360 2359
3812 2 2 10 4 3155 3156 3133
3813 2 2 10 4 1263 3966 3813
3814 2 2 10 4 705 706 704
3815 2 2 10 4 2482 4883 3301
3816 2 2 10 4 2931 2932 2929
3817 2 2 10 4 4336 4449 2592
3818 2 2 10 4 1750 4302 3715
3819 2 2 10 4 2748 3786 3785
3820 2 2 10 4 357 5050 3469
3821 2 2 10 4 929 5152 933
3822 2 2 10 4 957 959 958
3823 2 2 10 4 3984 4238 2805
3824 2 2 10 4 1387 4085 1388
3825 2 2 10 4 101 3711 100
3826 2 2 10 4 1818 4145 3841
3827 2 2 10 4 754 758 757
3828 2 2 10 4 3515 3516 2920
3829 2 2 10 4 873 4068 1734
3830 2 2 10 4 248 4669 249
3831 2 2 10 4 1017 1021 1020
3832 2 2 10 4 3815 3816 949
3833 2 2 10 4 1097 3655 626
3834 2 2 10 4 643 644 639
3835 2 2 10 4 1379 4044 1377
3836 2 2 10 4 2069 4397 2072
3837 2 2 10 4 56 3877 55
3838 2 2 10 4 1158 1159 1157
3839 2 2 10 4 3742 3743 3741
3840 2 2 10 4 1249 1250 1248
3841 2 2 10 4 910 912 911
3842 2 2 10 4 1351 1353 1352
3843 2 2 10 4 2948 4325 2946
3844 2 2 10 4 1286 1288 1287
3845 2 2 10 4 96 4023 461
3846 2 2 10 4 96 461 95
3847 2 2 10 4 3264 5380 4822
3848 2 2 10 4 580 581 579
3849 2 2 10 4 100 460 99
3850 2 2 10 4 2004 4238 3984
3851 2 2 10 4 1103 1104 841
3852 2 2 10 4 2288 3617 3616
3853 2 2 10 4 2048 4161 2334
3854 2 2 10 4 1392 4099 1391
3855 2 2 10 4 462 5392 4195
3856 2 2 10 4 852 4043 855
3857 2 2 10 4 2139 2176 2175
3858 2 2 10 4 950 953 952
3859 2 2 10 4 590 591 589
3860 2 2 10 4 1656 4415 1659
3861 2 2 10 4 4278 5130 3248
3862 2 2 10 4 1557 1646 1552
3863 2 2 10 4 1925 4405 1651
3864 2 2 10 4 933 934 932
3865 2 2 10 4 2434 3554 2896
3866 2 2 10 4 55 424 54
3867 2 2 10 4 641 646 645
3868 2 2 10 4 141 425 140
3869 2 2 10 4 2351 2353 2352
3870 2 2 10 4 920 5316 3588
3871 2 2 10 4 5024 5162 3088
3872 2 2 10 4 811 844 843
3873 2 2 10 4 4369 4680 2323
3874 2 2 10 4 818 4133 829
3875 2 2 10 4 1256 1262 1261
3876 2 2 10 4 2657 3160 2273
3877 2 2 10 4 832 4282 847
3878 2 2 10 4 617 621 620
3879 2 2 10 4 1909 3746 1970
3880 2 2 10 4 2267 2902 2268
3881 2 2 10 4 168 482 167
3882 2 2 10 4 199 395 198
3883 2 2 10 4 4152 4153 4151
3884 2 2 10 4 867 4030 869
3885 2 2 10 4 158 396 157
3886 2 2 10 4 189 483 188
3887 2 2 10 4 2715 4819 2713
3888 2 2 10 4 2758 2760 2759
3889 2 2 10 4 3653 5399 3001
3890 2 2 10 4 1795 1797 1796
3891 2 2 10 4 1152 1937 1150
3892 2 2 10 4 2846 4124 1584
3893 2 2 10 4 2533 4107 1881
3894 2 2 10 4 2939 2940 2938
3895 2 2 10 4 2686 4288 2688
3896 2 2 10 4 2114 2115 2113
3897 2 2 10 4 852 855 854
3898 2 2 10 4 1388 4085 1409
3899 2 2 10 4 1928 4384 2431
3900 2 2 10 4 3722 3726 3725
3901 2 2 10 4 1249 1252 1250
3902 2 2 10 4 847 849 848
3903 2 2 10 4 141 4026 425
3904 2 2 10 4 1099 5041 4999
3905 2 2 10 4 862 865 864
3906 2 2 10 4 3824 4101 3825
3907 2 2 10 4 1342 1365 1364
3908 2 2 10 4 3659 3660 3293
3909 2 2 10 4 2297 2298 1957
3910 2 2 10 4 1691 1693 1692
3911 2 2 10 4 118 3946 117
3912 2 2 10 4 3863 4996 3766
3913 2 2 10 4 2218 4119 2718
3914 2 2 10 4 599 4600 3975
3915 2 2 10 4 3799 5518 454
3916 2 2 10 4 3466 5299 459
3917 2 2 10 4 1355 1582 1357
3918 2 2 10 4 1395 4099 1392
3919 2 2 10 4 3569 3574 3568
3920 2 2 10 4 1790 4104 1793
3921 2 2 10 4 439 4110 4109
3922 2 2 10 4 1326 4912 3485
3923 2 2 10 4 1469 3712 1471
3924 2 2 10 4 3729 4742 3716
3925 2 2 10 4 121 3864 120
3926 2 2 10 4 4416 4478 1643
3927 2 2 10 4 3779 5523 452
3928 2 2 10 4 1316 1317 1315
3929 2 2 10 4 4844 4988 3311
3930 2 2 10 4 865 1618 867
3931 2 2 10 4 1221 1225 1214
3932 2 2 10 4 3509 5407 5153
3933 2 2 10 4 3114 3116 3115
3934 2 2 10 4 959 961 960
3935 2 2 10 4 763 764 756
3936 2 2 10 4 1833 2045 1813
3937 2 2 10 4 3329 4956 3531
3938 2 2 10 4 3592 4754 1219
3939 2 2 10 4 4324 4373 1451
3940 2 2 10 4 1288 1290 1289
3941 2 2 10 4 3227 5083 3672
3942 2 2 10 4 3547 3956 1251
3943 2 2 10 4 679 4065 699
3944 2 2 10 4 1423 4386 4044
3945 2 2 10 4 3847 5470 3848
3946 2 2 10 4 3784 4804 2439
3947 2 2 10 4 3116 4828 3343
3948 2 2 10 4 644 4070 3737
3949 2 2 10 4 549 1325 547
3950 2 2 10 4 2382 2383 2259
3951 2 2 10 4 826 1447 825
3952 2 2 10 4 3517 3518 3516
3953 2 2 10 4 905 908 907
3954 2 2 10 4 989 990 988
3955 2 2 10 4 2735 2737 2736
3956 2 2 10 4 259 4603 385
3957 2 2 10 4 1091 1322 1321
3958 2 2 10 4 2777 4718 3179
3959 2 2 10 4 1160 1161 1159
3960 2 2 10 4 1118 1626 1116
3961 2 2 10 4 3625 4934 3624
3962 2 2 10 4 3987 4736 3988
3963 2 2 10 4 758 767 766
3964 2 2 10 4 1901 1903 1902
3965 2 2 10 4 2108 4341 2442
3966 2 2 10 4 2065 2066 2064
3967 2 2 10 4 3762 4465 628
3968 2 2 10 4 2935 2936 2933
3969 2 2 10 4 1021 1025 1024
3970 2 2 10 4 2796 4332 4210
3971 2 2 10 4 2511 4324 3969
3972 2 2 10 4 3559 4789 2289
3973 2 2 10 4 594 595 591
3974 2 2 10 4 3263 4751 2652
3975 2 2 10 4 2051 4243 1561
3976 2 2 10 4 2737 3044 3043
3977 2 2 10 4 647 648 644
3978 2 2 10 4 3260 5245 3321
3979 2 2 10 4 4342 4343 651
3980 2 2 10 4 4071 5264 2772
3981 2 2 10 4 2159 2367 1972
3982 2 2 10 4 1881 4107 1877
3983 2 2 10 4 692 695 694
3984 2 2 10 4 3505 4909 572
3985 2 2 10 4 558 4844 1094
3986 2 2 10 4 3181 5351 4036
3987 2 2 10 4 847 848 846
3988 2 2 10 4 2819 4492 3267
3989 2 2 10 4 912 914 913
3990 2 2 10 4 4018 4139 4016
3991 2 2 10 4 2067 2068 2066
3992 2 2 10 4 991 992 990
3993 2 2 10 4 1035 3850 1028
3994 2 2 10 4 1790 1793 1792
3995 2 2 10 4 4404 4443 2874
3996 2 2 10 4 4051 5120 4026
3997 2 2 10 4 1917 1919 1918
3998 2 2 10 4 14 3993 13
3999 2 2 10 4 3187 3188 3186
4000 2 2 10 4 480 3926 41
4001 2 2 10 4 1631 3202 2276
4002 2 2 10 4 1373 1983 1408
4003 2 2 10 4 1407 4038 1405
4004 2 2 10 4 557 558 556
4005 2 2 10 4 15 397 14
4006 2 2 10 4 945 3814 946
4007 2 2 10 4 1649 1713 1647
4008 2 2 10 4 1262 1270 1269
4009 2 2 10 4 2468 2724 2617
4010 2 2 10 4 865 867 866
4011 2 2 10 4 1956 5180 4104
4012 2 2 10 4 1841 1858 1842
4013 2 2 10 4 40 398 39
4014 2 2 10 4 9 494 8
4015 2 2 10 4 46 495 45
4016 2 2 10 4 3179 5075 3209
4017 2 2 10 4 3967 3968 3812
4018 2 2 10 4 738 4031 697
4019 2 2 10 4 3185 5227 5132
4020 2 2 10 4 2962 5314 5270
4021 2 2 10 4 2116 2518 2115
4022 2 2 10 4 393 4072 169
4023 2 2 10 4 4684 4909 2767
4024 2 2 10 4 1655 1656 1517
4025 2 2 10 4 4228 4360 1814
4026 2 2 10 4 646 650 649
4027 2 2 10 4 4150 4151 391
4028 2 2 10 4 695 698 697
4029 2 2 10 4 1471 1483 1474
4030 2 2 10 4 2795 3564 2224
4031 2 2 10 4 1525 2195 1529
4032 2 2 10 4 187 4076 394
4033 2 2 10 4 2353 2501 2500
4034 2 2 10 4 2360 2475 2474
4035 2 2 10 4 709 710 708
4036 2 2 10 4 1803 4888 1807
4037 2 2 10 4 42 480 41
4038 2 2 10 4 2510 4378 1278
4039 2 2 10 4 954 957 956
4040 2 2 10 4 13 481 12
4041 2 2 10 4 2140 5055 4842
4042 2 2 10 4 44 429 43
4043 2 2 10 4 1365 1371 1370
4044 2 2 10 4 11 430 10
4045 2 2 10 4 1797 1799 1798
4046 2 2 10 4 3595 3599 2402
4047 2 2 10 4 2941 2942 2940
4048 2 2 10 4 3348 4949 3140
4049 2 2 10 4 4044 4386 2786
4050 2 2 10 4 2805 4282 1456
4051 2 2 10 4 1055 1056 1054
4052 2 2 10 4 1754 1756 1755
4053 2 2 10 4 1496 1650 1497
4054 2 2 10 4 2076 4618 2078
4055 2 2 10 4 2721 3266 2712
4056 2 2 10 4 712 713 710
4057 2 2 10 4 937 938 936
4058 2 2 10 4 2585 2586 2298
4059 2 2 10 4 163 3878 162
4060 2 2 10 4 1353 1355 1354
4061 2 2 10 4 45 3985 44
4062 2 2 10 4 2678 3137 2469
4063 2 2 10 4 3116 3118 3117
4064 2 2 10 4 2799 4673 4390
4065 2 2 10 4 1156 1157 1154
4066 2 2 10 4 3825 4957 2875
4067 2 2 10 4 2584 4355 2145
4068 2 2 10 4 2208 5520 3968
4069 2 2 10 4 1650 1924 1651
4070 2 2 10 4 2371 4263 2243
4071 2 2 10 4 1815 1832 1831
4072 2 2 10 4 720 4844 560
4073 2 2 10 4 1126 1625 1124
4074 2 2 10 4 2167 3702 1497
4075 2 2 10 4 1702 1706 1705
4076 2 2 10 4 4695 5587 5554
4077 2 2 10 4 2874 4443 4125
4078 2 2 10 4 1693 1695 1694
4079 2 2 10 4 1318 1324 1317
4080 2 2 10 4 4061 5204 4060
4081 2 2 10 4 835 837 836
4082 2 2 10 4 1028 1030 1029
4083 2 2 10 4 2782 4874 2986
4084 2 2 10 4 961 964 963
4085 2 2 10 4 411 5199 4885
4086 2 2 10 4 771 772 764
4087 2 2 10 4 4088 4089 2556
4088 2 2 10 4 709 3761 3759
4089 2 2 10 4 1850 2434 1852
4090 2 2 10 4 1903 1905 1904
4091 2 2 10 4 1117 1118 1116
4092 2 2 10 4 1631 4127 3202
4093 2 2 10 4 1401 4100 1654
4094 2 2 10 4 1489 1491 1490
4095 2 2 10 4 1514 2203 1507
4096 2 2 10 4 2760 4616 3346
4097 2 2 10 4 597 598 595
4098 2 2 10 4 1105 1106 1104
4099 2 2 10 4 4459 4480 2776
4100 2 2 10 4 1115 1116 1113
4101 2 2 10 4 2460 4388 2461
4102 2 2 10 4 2760 3346 3345
4103 2 2 10 4 2069 2071 2068
4104 2 2 10 4 2857 2858 2383
4105 2 2 10 4 1410 1573 1572
4106 2 2 10 4 876 4129 879
4107 2 2 10 4 2652 2654 2653
4108 2 2 10 4 2015 4335 2589
4109 2 2 10 4 1162 1163 1161
4110 2 2 10 4 825 4226 814
4111 2 2 10 4 1565 1612 1407
4112 2 2 10 4 1716 1718 1717
4113 2 2 10 4 2724 4366 2617
4114 2 2 10 4 1508 4385 1515
4115 2 2 10 4 4043 4305 2839
4116 2 2 10 4 1218 2113 1210
4117 2 2 10 4 797 811 810
4118 2 2 10 4 2849 5002 3733
4119 2 2 10 4 1110 4113 1107
4120 2 2 10 4 4142 5147 3246
4121 2 2 10 4 767 774 773
4122 2 2 10 4 2049 4377 2050
4123 2 2 10 4 1777 3872 3871
4124 2 2 10 4 4215 4832 4214
4125 2 2 10 4 4302 4619 3715
4126 2 2 10 4 4084 5027 1386
4127 2 2 10 4 1879 1881 1877
4128 2 2 10 4 2020 2023 2022
4129 2 2 10 4 559 560 558
4130 2 2 10 4 4158 5225 2035
4131 2 2 10 4 1270 1272 1271
4132 2 2 10 4 830 4282 832
4133 2 2 10 4 953 5394 3626
4134 2 2 10 4 1100 2511 1061
4135 2 2 10 4 1067 1069 1068
4136 2 2 10 4 5459 5548 4045
4137 2 2 10 4 3796 4389 977
4138 2 2 10 4 1251 3957 1248
4139 2 2 10 4 4068 4135 1734
4140 2 2 10 4 855 857 856
4141 2 2 10 4 578 580 579
4142 2 2 10 4 3561 3562 3538
4143 2 2 10 4 4344 4677 651
4144 2 2 10 4 652 653 648
4145 2 2 10 4 2065 3768 3763
4146 2 2 10 4 914 916 915
4147 2 2 10 4 756 5452 765
4148 2 2 10 4 1380 1384 1379
4149 2 2 10 4 2368 3283 3282
4150 2 2 10 4 3646 5318 3855
4151 2 2 10 4 1236 1589 1235
4152 2 2 10 4 2615 2616 2588
4153 2 2 10 4 3102 4106 2435
4154 2 2 10 4 3412 3413 3411
4155 2 2 10 4 3429 3431 3428
4156 2 2 10 4 382 3462 3461
4157 2 2 10 4 456 3430 3429
4158 2 2 10 4 3420 3421 370
4159 2 2 10 4 3493 3494 375
4160 2 2 10 4 446 3526 3488
4161 2 2 10 4 3419 3422 3420
4162 2 2 10 4 3437 3438 420
4163 2 2 10 4 3524 3709 2736
4164 2 2 10 4 4158 4276 4275
4165 2 2 10 4 3507 4787 3049
4166 2 2 10 4 698 722 721
4167 2 2 10 4 2334 3114 3113
4168 2 2 10 4 3617 3620 3619
4169 2 2 10 4 5285 5388 3042
4170 2 2 10 4 2821 2822 2161
4171 2 2 10 4 1122 1446 1120
4172 2 2 10 4 1827 1838 1836
4173 2 2 10 4 97 4023 96
4174 2 2 10 4 2480 3390 3389
4175 2 2 10 4 650 655 654
4176 2 2 10 4 718 719 713
4177 2 2 10 4 2094 2095 2092
4178 2 2 10 4 4305 4314 2839
4179 2 2 10 4 871 4068 873
4180 2 2 10 4 2508 4057 3278
4181 2 2 10 4 841 4124 840
4182 2 2 10 4 3205 4351 4317
4183 2 2 10 4 2077 4273 1445
4184 2 2 10 4 1230 1231 1228
4185 2 2 10 4 142 4026 141
4186 2 2 10 4 2943 2944 2942
4187 2 2 10 4 1540 1901 1900
4188 2 2 10 4 1799 1803 1802
4189 2 2 10 4 1371 1374 1373
4190 2 2 10 4 168 4072 482
4191 2 2 10 4 1924 2019 1925
4192 2 2 10 4 4052 4518 4051
4193 2 2 10 4 483 4076 188
4194 2 2 10 4 5573 5610 4594
4195 2 2 10 4 1539 4395 1528
4196 2 2 10 4 4366 4802 3091
4197 2 2 10 4 1355 1357 1356
4198 2 2 10 4 1334 3814 945
4199 2 2 10 4 1659 1660 1658
4200 2 2 10 4 555 556 553
4201 2 2 10 4 3863 5396 2356
4202 2 2 10 4 3942 5550 4965
4203 2 2 10 4 1777 1778 1776
4204 2 2 10 4 2861 2885 2860
4205 2 2 10 4 3118 3120 3119
4206 2 2 10 4 1338 1569 1336
4207 2 2 10 4 46 3991 495
4208 2 2 10 4 3637 4783 609
4209 2 2 10 4 1491 1493 1492
4210 2 2 10 4 776 778 777
4211 2 2 10 4 1109 1110 1107
4212 2 2 10 4 4125 4443 840
4213 2 2 10 4 1435 1452 1324
4214 2 2 10 4 1059 1060 1058
4215 2 2 10 4 2198 4193 2009
4216 2 2 10 4 1409 1410 1390
4217 2 2 10 4 1374 4147 1373
4218 2 2 10 4 4124 4125 840
4219 2 2 10 4 964 966 965
4220 2 2 10 4 602 603 598
4221 2 2 10 4 2893 4629 3908
4222 2 2 10 4 2010 4193 2536
4223 2 2 10 4 798 799 772
4224 2 2 10 4 1695 1697 1696
4225 2 2 10 4 867 869 868
4226 2 2 10 4 2157 5486 3529
4227 2 2 10 4 2645 3557 2175
4228 2 2 10 4 1574 1577 1576
4229 2 2 10 4 2072 2091 2071
4230 2 2 10 4 1347 4298 1349
4231 2 2 10 4 1343 1344 1340
4232 2 2 10 4 331 4705 381
4233 2 2 10 4 3806 3807 3805
4234 2 2 10 4 1272 1301 1300
4235 2 2 10 4 1726 1738 1737
4236 2 2 10 4 69 4608 428
4237 2 2 10 4 116 3874 115
4238 2 2 10 4 2088 4119 2218
4239 2 2 10 4 2414 2712 2051
4240 2 2 10 4 1661 1662 1660
4241 2 2 10 4 80 3800 79
4242 2 2 10 4 4154 5000 4152
4243 2 2 10 4 1164 1165 1163
4244 2 2 10 4 4150 4156 4154
4245 2 2 10 4 3456 3458 3457
4246 2 2 10 4 1624 4113 1110
4247 2 2 10 4 858 861 860
4248 2 2 10 4 1107 4113 1106
4249 2 2 10 4 3484 3485 3482
4250 2 2 10 4 561 562 560
4251 2 2 10 4 4800 5019 3326
4252 2 2 10 4 1756 1758 1757
4253 2 2 10 4 3217 4852 2694
4254 2 2 10 4 1119 1120 1118
4255 2 2 10 4 3136 4218 2535
4256 2 2 10 4 2990 4544 1844
4257 2 2 10 4 2122 2123 2121
4258 2 2 10 4 398 5456 4495
4259 2 2 10 4 869 1585 871
4260 2 2 10 4 659 660 653
4261 2 2 10 4 1260 5510 3870
4262 2 2 10 4 1486 1489 1488
4263 2 2 10 4 1895 4289 1861
4264 2 2 10 4 414 4374 345
4265 2 2 10 4 1280 4378 1283
4266 2 2 10 4 2698 3356 2371
4267 2 2 10 4 916 918 917
4268 2 2 10 4 1720 1722 1721
4269 2 2 10 4 2442 4341 3529
4270 2 2 10 4 1111 1112 1110
4271 2 2 10 4 43 3982 42
4272 2 2 10 4 3683 4398 1337
4273 2 2 10 4 3744 4096 3741
4274 2 2 10 4 722 732 731
4275 2 2 10 4 12 3983 11
4276 2 2 10 4 1357 1359 1358
4277 2 2 10 4 429 5148 3982
4278 2 2 10 4 725 726 719
4279 2 2 10 4 1030 1032 1031
4280 2 2 10 4 4495 5456 3055
4281 2 2 10 4 3552 5604 2656
4282 2 2 10 4 3222 4708 3220
4283 2 2 10 4 1397 1673 1395
4284 2 2 10 4 3581 4792 427
4285 2 2 10 4 1836 1837 1828
4286 2 2 10 4 655 662 661
4287 2 2 10 4 1439 1627 1438
4288 2 2 10 4 625 627 626
4289 2 2 10 4 387 4269 3980
4290 2 2 10 4 995 996 994
4291 2 2 10 4 839 841 840
4292 2 2 10 4 2493 5500 2494
4293 2 2 10 4 1032 4116 1036
4294 2 2 10 4 1234 1235 1232
4295 2 2 10 4 1061 1062 1060
4296 2 2 10 4 1574 4117 1577
4297 2 2 10 4 997 999 996
4298 2 2 10 4 800 4845 772
4299 2 2 10 4 1384 1423 1379
4300 2 2 10 4 2839 4314 2840
4301 2 2 10 4 494 4329 8
4302 2 2 10 4 2945 2946 2944
4303 2 2 10 4 2692 4852 3102
4304 2 2 10 4 1722 1725 1723
4305 2 2 10 4 627 630 629
4306 2 2 10 4 4057 4058 1838
4307 2 2 10 4 1188 4729 4647
4308 2 2 10 4 1803 1806 1805
4309 2 2 10 4 1403 4100 1401
4310 2 2 10 4 1624 4134 4113
4311 2 2 10 4 53 4025 52
4312 2 2 10 4 17 489 16
4313 2 2 10 4 2030 2248 1964
4314 2 2 10 4 38 488 37
4315 2 2 10 4 1610 4305 4043
4316 2 2 10 4 3173 3527 2616
4317 2 2 10 4 1836 1856 1837
4318 2 2 10 4 1106 1584 1104
4319 2 2 10 4 61 4128 60
4320 2 2 10 4 1396 1397 1395
4321 2 2 10 4 873 1734 875
4322 2 2 10 4 1985 1986 1622
4323 2 2 10 4 3039 3238 2447
4324 2 2 10 4 1493 1495 1494
4325 2 2 10 4 200 4069 199
4326 2 2 10 4 1121 1122 1120
4327 2 2 10 4 2334 4161 3114
4328 2 2 10 4 1453 1454 1452
4329 2 2 10 4 3120 3122 3121
4330 2 2 10 4 604 605 603
4331 2 2 10 4 1664 1665 1662
4332 2 2 10 4 3279 4396 4300
4333 2 2 10 4 3335 4121 2409
4334 2 2 10 4 1279 2575 1277
4335 2 2 10 4 138 4269 387
4336 2 2 10 4 3162 5026 2825
4337 2 2 10 4 2781 5103 3900
4338 2 2 10 4 869 871 870
4339 2 2 10 4 1987 1988 1986
4340 2 2 10 4 966 968 967
4341 2 2 10 4 3808 3809 3807
4342 2 2 10 4 1697 1700 1699
4343 2 2 10 4 3181 4036 2361
4344 2 2 10 4 1832 1868 1831
4345 2 2 10 4 2057 2315 2058
4346 2 2 10 4 1781 1782 1780
4347 2 2 10 4 1301 1304 1303
4348 2 2 10 4 2079 3268 2077
4349 2 2 10 4 1605 4303 2104
4350 2 2 10 4 3805 4160 3575
4351 2 2 10 4 943 944 942
4352 2 2 10 4 3714 4742 3727
4353 2 2 10 4 4004 5430 2366
4354 2 2 10 4 1544 4382 1553
4355 2 2 10 4 1112 1624 1110
4356 2 2 10 4 3176 4669 3174
4357 2 2 10 4 780 782 781
4358 2 2 10 4 2380 4136 3319
4359 2 2 10 4 2124 2125 2123
4360 2 2 10 4 3839 5155 3131
4361 2 2 10 4 3971 3972 3970
4362 2 2 10 4 3882 3884 3883
4363 2 2 10 4 4192 4778 3602
4364 2 2 10 4 2185 4353 2164
4365 2 2 10 4 1394 1395 1392
4366 2 2 10 4 4647 4729 2723
4367 2 2 10 4 1166 1167 1165
4368 2 2 10 4 563 564 562
4369 2 2 10 4 3384 3387 3385
4370 2 2 10 4 1702 1705 1704
4371 2 2 10 4 1877 4107 1875
4372 2 2 10 4 1909 1913 1910
4373 2 2 10 4 4041 4297 1447
4374 2 2 10 4 3559 4355 2584
4375 2 2 10 4 1069 1072 1070
4376 2 2 10 4 4014 4021 4012
4377 2 2 10 4 1123 1124 1122
4378 2 2 10 4 1000 1006 999
4379 2 2 10 4 847 4282 4238
4380 2 2 10 4 732 736 735
4381 2 2 10 4 1758 1760 1759
4382 2 2 10 4 804 805 803
4383 2 2 10 4 665 666 660
4384 2 2 10 4 2867 4995 1956
4385 2 2 10 4 945 946 944
4386 2 2 10 4 1125 1126 1124
4387 2 2 10 4 2600 3314 3313
4388 2 2 10 4 41 3926 40
4389 2 2 10 4 1121 4463 1123
4390 2 2 10 4 1820 1854 1853
4391 2 2 10 4 1405 1653 1403
4392 2 2 10 4 2023 2025 2024
4393 2 2 10 4 855 2839 857
4394 2 2 10 4 1284 1640 1281
4395 2 2 10 4 918 920 919
4396 2 2 10 4 1783 1784 1782
4397 2 2 10 4 2499 4115 3382
4398 2 2 10 4 3817 4115 2499
4399 2 2 10 4 3804 3805 3575
4400 2 2 10 4 728 733 726
4401 2 2 10 4 1385 1391 1384
4402 2 2 10 4 1032 1034 1033
4403 2 2 10 4 1180 3901 1178
4404 2 2 10 4 1577 4117 1943
4405 2 2 10 4 4303 4584 4304
4406 2 2 10 4 2910 4950 2912
4407 2 2 10 4 1359 1361 1360
4408 2 2 10 4 3377 5489 4061
4409 2 2 10 4 662 668 667
4410 2 2 10 4 1415 1417 1416
4411 2 2 10 4 2120 2121 2118
4412 2 2 10 4 4244 4469 3689
4413 2 2 10 4 1834 1896 1833
4414 2 2 10 4 3539 4503 451
4415 2 2 10 4 1008 5509 3783
4416 2 2 10 4 1919 1920 1918
4417 2 2 10 4 503 505 504
4418 2 2 10 4 3407 3409 3408
4419 2 2 10 4 630 632 631
4420 2 2 10 4 3601 4778 3604
4421 2 2 10 4 439 4109 119
4422 2 2 10 4 1106 4113 2844
4423 2 2 10 4 2006 2725 1895
4424 2 2 10 4 871 873 872
4425 2 2 10 4 2079 4271 3268
4426 2 2 10 4 2942 4130 2940
4427 2 2 10 4 1398 1399 1397
4428 2 2 10 4 4202 4311 3984
4429 2 2 10 4 3635 5213 407
4430 2 2 10 4 365 5073 3644
4431 2 2 10 4 904 4437 902
4432 2 2 10 4 1486 4144 1489
4433 2 2 10 4 1614 4252 2087
4434 2 2 10 4 1573 4117 1574
4435 2 2 10 4 1693 4755 1695
4436 2 2 10 4 4113 4134 2844
4437 2 2 10 4 2947 2948 2946
4438 2 2 10 4 1105 1107 1106
4439 2 2 10 4 2096 2097 2095
4440 2 2 10 4 1401 1654 1399
4441 2 2 10 4 3218 5032 3217
4442 2 2 10 4 1376 1378 1377
4443 2 2 10 4 1810 4396 1812
4444 2 2 10 4 4956 5633 3531
4445 2 2 10 4 855 856 854
4446 2 2 10 4 1882 1884 1881
4447 2 2 10 4 3390 3392 3391
4448 2 2 10 4 2671 5096 2903
4449 2 2 10 4 1945 2147 2146
4450 2 2 10 4 3783 4769 3180
4451 2 2 10 4 1990 1991 1988
4452 2 2 10 4 2436 2692 2435
4453 2 2 10 4 1573 1574 1572
4454 2 2 10 4 1666 1667 1665
4455 2 2 10 4 1577 1579 1578
4456 2 2 10 4 47 3991 46
4457 2 2 10 4 4860 4892 2881
4458 2 2 10 4 3159 4066 3158
4459 2 2 10 4 606 607 605
4460 2 2 10 4 849 850 848
4461 2 2 10 4 1495 2471 1628
4462 2 2 10 4 1879 1882 1881
4463 2 2 10 4 2926 5393 5326
4464 2 2 10 4 2315 2316 2058
4465 2 2 10 4 1606 1982 1454
4466 2 2 10 4 3124 4763 3839
4467 2 2 10 4 1548 4525 1545
4468 2 2 10 4 829 1457 1456
4469 2 2 10 4 3332 3842 2341
4470 2 2 10 4 1833 4248 2045
4471 2 2 10 4 3122 3124 3123
4472 2 2 10 4 1083 1084 844
4473 2 2 10 4 968 970 969
4474 2 2 10 4 857 858 856
4475 2 2 10 4 873 875 874
4476 2 2 10 4 5195 5245 2558
4477 2 2 10 4 1246 1328 1245
4478 2 2 10 4 1810 1812 1811
4479 2 2 10 4 3715 4619 3717
4480 2 2 10 4 2712 4243 2051
4481 2 2 10 4 3168 3198 3167
4482 2 2 10 4 1065 3969 1451
4483 2 2 10 4 2126 2127 2125
4484 2 2 10 4 1127 1128 1126
4485 2 2 10 4 3860 3861 1934
4486 2 2 10 4 1103 1105 1104
4487 2 2 10 4 2104 3241 2793
4488 2 2 10 4 1577 1578 1576
4489 2 2 10 4 3381 5441 1003
4490 2 2 10 4 4019 4020 4014
4491 2 2 10 4 2967 5403 3350
4492 2 2 10 4 1055 4340 4126
4493 2 2 10 4 2387 4520 3834
4494 2 2 10 4 565 566 564
4495 2 2 10 4 2109 2110 1940
4496 2 2 10 4 736 739 737
4497 2 2 10 4 1037 1039 1038
4498 2 2 10 4 1240 1241 1238
4499 2 2 10 4 1168 1169 1167
4500 2 2 10 4 2846 4125 4124
4501 2 2 10 4 677 679 678
4502 2 2 10 4 2963 4268 2645
4503 2 2 10 4 2949 4407 2952
4504 2 2 10 4 1760 1762 1761
4505 2 2 10 4 2367 4019 4014
4506 2 2 10 4 670 671 666
4507 2 2 10 4 2070 4428 2602
4508 2 2 10 4 3385 4193 2198
4509 2 2 10 4 1906 1909 1908
4510 2 2 10 4 1564 1565 1407
4511 2 2 10 4 1400 1401 1399
4512 2 2 10 4 3307 4703 3050
4513 2 2 10 4 729 5087 718
4514 2 2 10 4 2396 2398 2248
4515 2 2 10 4 1807 4585 1809
4516 2 2 10 4 1065 1066 1064
4517 2 2 10 4 2383 4860 2259
4518 2 2 10 4 1875 4107 1929
4519 2 2 10 4 2025 2211 2026
4520 2 2 10 4 1738 1944 1739
4521 2 2 10 4 849 1610 850
4522 2 2 10 4 3158 4066 3352
4523 2 2 10 4 2458 3360 2460
4524 2 2 10 4 399 4723 165
4525 2 2 10 4 920 922 921
4526 2 2 10 4 3199 3200 3198
4527 2 2 10 4 1429 1430 823
4528 2 2 10 4 3578 3580 3579
4529 2 2 10 4 1069 4140 1072
4530 2 2 10 4 1339 4398 1342
4531 2 2 10 4 2888 4851 3857
4532 2 2 10 4 1007 1009 1006
4533 2 2 10 4 734 741 733
4534 2 2 10 4 3725 4890 3720
4535 2 2 10 4 2253 4028 2256
4536 2 2 10 4 3942 3943 406
4537 2 2 10 4 2423 5008 2180
4538 2 2 10 4 2093 4397 2468
4539 2 2 10 4 4716 4926 4056
4540 2 2 10 4 3644 5073 2775
4541 2 2 10 4 1345 1346 1344
4542 2 2 10 4 1380 1385 1384
4543 2 2 10 4 2330 4177 3164
4544 2 2 10 4 1436 4431 2681
4545 2 2 10 4 4172 5526 2507
4546 2 2 10 4 3435 5490 4967
4547 2 2 10 4 1592 4222 1590
4548 2 2 10 4 2690 4083 2691
4549 2 2 10 4 3582 4905 3583
4550 2 2 10 4 632 634 633
4551 2 2 10 4 1361 1363 1362
4552 2 2 10 4 164 4723 478
4553 2 2 10 4 463 4196 4050
4554 2 2 10 4 3764 3766 3765
4555 2 2 10 4 782 809 808
4556 2 2 10 4 879 881 880
4557 2 2 10 4 3964 4781 1359
4558 2 2 10 4 2589 2770 2769
4559 2 2 10 4 1425 4511 1353
4560 2 2 10 4 3855 4357 4356
4561 2 2 10 4 1406 1407 1405
4562 2 2 10 4 142 4048 4026
4563 2 2 10 4 2119 4337 2282
4564 2 2 10 4 837 4443 836
4565 2 2 10 4 2253 2256 2255
4566 2 2 10 4 1402 1403 1401
4567 2 2 10 4 787 2564 1950
4568 2 2 10 4 1582 3964 1357
4569 2 2 10 4 2142 5561 3802
4570 2 2 10 4 3861 4920 4914
4571 2 2 10 4 1675 1676 1613
4572 2 2 10 4 1072 1074 1073
4573 2 2 10 4 2693 2694 2692
4574 2 2 10 4 865 3951 1618
4575 2 2 10 4 1618 4030 867
4576 2 2 10 4 1814 4360 1754
4577 2 2 10 4 2074 4333 1982
4578 2 2 10 4 2098 2099 2097
4579 2 2 10 4 119 4109 118
4580 2 2 10 4 3470 5603 4836
4581 2 2 10 4 1831 4228 1814
4582 2 2 10 4 1447 1607 825
4583 2 2 10 4 1378 1380 1379
4584 2 2 10 4 1887 1888 1885
4585 2 2 10 4 1626 4105 1116
4586 2 2 10 4 2949 2951 2948
4587 2 2 10 4 608 610 607
4588 2 2 10 4 2409 4121 2407
4589 2 2 10 4 2927 2929 2928
4590 2 2 10 4 1404 1405 1403
4591 2 2 10 4 1668 1939 1667
4592 2 2 10 4 1072 1073 1070
4593 2 2 10 4 2035 5244 4158
4594 2 2 10 4 1983 1984 1408
4595 2 2 10 4 2304 2488 2487
4596 2 2 10 4 1841 1864 1858
4597 2 2 10 4 1858 1865 1842
4598 2 2 10 4 3912 5458 475
4599 2 2 10 4 806 807 805
4600 2 2 10 4 2003 2435 833
4601 2 2 10 4 2469 4405 2021
4602 2 2 10 4 1992 1993 1991
4603 2 2 10 4 3356 4263 2371
4604 2 2 10 4 1283 4378 1568
4605 2 2 10 4 3674 3675 2570
4606 2 2 10 4 658 4733 537
4607 2 2 10 4 1612 4038 1407
4608 2 2 10 4 2800 2877 2309
4609 2 2 10 4 3124 3126 3125
4610 2 2 10 4 1306 1308 1307
4611 2 2 10 4 4040 4570 3283
4612 2 2 10 4 1706 1707 1705
4613 2 2 10 4 1565 1613 1612
4614 2 2 10 4 2300 3086 3085
4615 2 2 10 4 2564 3787 2777
4616 2 2 10 4 689 4805 686
4617 2 2 10 4 3171 4166 2056
4618 2 2 10 4 2291 4272 2893
4619 2 2 10 4 473 4728 3939
4620 2 2 10 4 1827 3915 1838
4621 2 2 10 4 970 973 972
4622 2 2 10 4 4300 4396 1819
4623 2 2 10 4 674 675 673
4624 2 2 10 4 4213 4214 433
4625 2 2 10 4 1244 1245 1242
4626 2 2 10 4 1100 2512 2511
4627 2 2 10 4 2539 4134 1624
4628 2 2 10 4 2349 2350 2347
4629 2 2 10 4 3715 3716 3714
4630 2 2 10 4 2367 4014 4012
4631 2 2 10 4 1734 4135 2230
4632 2 2 10 4 3462 3463 3461
4633 2 2 10 4 3412 3414 3413
4634 2 2 10 4 3429 3432 3431
4635 2 2 10 4 3420 3423 3421
4636 2 2 10 4 3493 3495 3494
4637 2 2 10 4 3437 3439 3438
4638 2 2 10 4 2165 2515 2166
4639 2 2 10 4 2542 4134 2539
4640 2 2 10 4 2130 2131 2127
4641 2 2 10 4 2230 4135 2497
4642 2 2 10 4 1432 4361 3110
4643 2 2 10 4 2459 4656 1562
4644 2 2 10 4 567 568 566
4645 2 2 10 4 739 743 740
4646 2 2 10 4 1865 4136 1959
4647 2 2 10 4 1455 2606 1614
4648 2 2 10 4 1455 4409 2606
4649 2 2 10 4 1959 4136 2380
4650 2 2 10 4 3755 3757 3756
4651 2 2 10 4 3889 3891 3890
4652 2 2 10 4 949 950 948
4653 2 2 10 4 1333 1642 1332
4654 2 2 10 4 1538 4379 3045
4655 2 2 10 4 1917 2607 1919
4656 2 2 10 4 143 4048 142
4657 2 2 10 4 1170 1171 1169
4658 2 2 10 4 3914 4371 1425
4659 2 2 10 4 2265 2266 2044
4660 2 2 10 4 2610 4478 4416
4661 2 2 10 4 3968 5520 3895
4662 2 2 10 4 1412 4260 527
4663 2 2 10 4 94 4963 3621
4664 2 2 10 4 2231 4206 1995
4665 2 2 10 4 3458 3459 3457
4666 2 2 10 4 1385 1392 1391
4667 2 2 10 4 1067 1068 1066
4668 2 2 10 4 3485 3692 3482
4669 2 2 10 4 1069 1070 1068
4670 2 2 10 4 1585 4068 871
4671 2 2 10 4 1308 1310 1309
4672 2 2 10 4 2211 2252 2212
4673 2 2 10 4 1762 1764 1763
4674 2 2 10 4 2994 2996 2995
4675 2 2 10 4 2282 3061 2344
4676 2 2 10 4 2856 4067 3273
4677 2 2 10 4 2732 2743 2398
4678 2 2 10 4 1673 4099 1395
4679 2 2 10 4 1439 1629 1627
4680 2 2 10 4 1875 1929 1873
4681 2 2 10 4 876 879 878
4682 2 2 10 4 4107 4218 1929
4683 2 2 10 4 3201 3621 3200
4684 2 2 10 4 169 4072 168
4685 2 2 10 4 1729 5226 3707
4686 2 2 10 4 1689 1690 1687
4687 2 2 10 4 188 4076 187
4688 2 2 10 4 692 4132 695
4689 2 2 10 4 1423 4044 1379
4690 2 2 10 4 3777 4976 3775
4691 2 2 10 4 742 746 741
4692 2 2 10 4 3676 4918 2780
4693 2 2 10 4 922 924 923
4694 2 2 10 4 2649 4203 1967
4695 2 2 10 4 824 3567 3566
4696 2 2 10 4 1010 1013 1009
4697 2 2 10 4 463 4049 4048
4698 2 2 10 4 1856 1857 1837
4699 2 2 10 4 1106 2844 1584
4700 2 2 10 4 1734 1995 875
4701 2 2 10 4 3809 5116 3807
4702 2 2 10 4 2205 2291 2290
4703 2 2 10 4 1787 1788 1786
4704 2 2 10 4 5375 5570 3891
4705 2 2 10 4 1832 1869 1868
4706 2 2 10 4 1868 1883 1831
4707 2 2 10 4 2410 4143 2837
4708 2 2 10 4 4134 4241 2844
4709 2 2 10 4 1241 4102 1238
4710 2 2 10 4 1112 2538 1624
4711 2 2 10 4 4095 4896 450
4712 2 2 10 4 1707 1710 1709
4713 2 2 10 4 881 883 882
4714 2 2 10 4 1129 1130 1128
4715 2 2 10 4 488 4149 37
4716 2 2 10 4 3235 3236 3233
4717 2 2 10 4 4276 5244 2163
4718 2 2 10 4 17 4148 489
4719 2 2 10 4 1854 2036 1853
4720 2 2 10 4 1653 4100 1403
4721 2 2 10 4 634 636 635
4722 2 2 10 4 2839 2840 857
4723 2 2 10 4 855 4043 2839
4724 2 2 10 4 1363 1367 1366
4725 2 2 10 4 4430 4671 4042
4726 2 2 10 4 1007 4834 1010
4727 2 2 10 4 200 4114 4069
4728 2 2 10 4 818 820 819
4729 2 2 10 4 1812 1822 1821
4730 2 2 10 4 1620 4261 1942
4731 2 2 10 4 4083 5063 2691
4732 2 2 10 4 3212 4333 2074
4733 2 2 10 4 1417 1680 1416
4734 2 2 10 4 1834 1897 1896
4735 2 2 10 4 1679 1729 1728
4736 2 2 10 4 1920 2208 1918
4737 2 2 10 4 1919 1921 1920
4738 2 2 10 4 3407 3894 3409
4739 2 2 10 4 505 506 504
4740 2 2 10 4 433 4114 201
4741 2 2 10 4 2609 3095 2315
4742 2 2 10 4 2015 2589 2450
4743 2 2 10 4 2756 4311 4202
4744 2 2 10 4 2905 5411 3634
4745 2 2 10 4 1347 1348 1346
4746 2 2 10 4 3268 4273 2077
4747 2 2 10 4 3575 4160 3574
4748 2 2 10 4 1111 1113 1112
4749 2 2 10 4 2651 3642 3640
4750 2 2 10 4 2808 2809 2694
4751 2 2 10 4 861 862 860
4752 2 2 10 4 1882 1885 1884
4753 2 2 10 4 1884 2533 1881
4754 2 2 10 4 679 681 680
4755 2 2 10 4 975 978 977
4756 2 2 10 4 4004 4695 3882
4757 2 2 10 4 1577 1943 1579
4758 2 2 10 4 1579 1580 1578
4759 2 2 10 4 1072 4140 1922
4760 2 2 10 4 2100 2346 2099
4761 2 2 10 4 3862 4312 3863
4762 2 2 10 4 2316 2317 2058
4763 2 2 10 4 3935 5398 3873
4764 2 2 10 4 1457 1965 1456
4765 2 2 10 4 1039 1044 1043
4766 2 2 10 4 2996 3254 3253
4767 2 2 10 4 1304 4468 1303
4768 2 2 10 4 611 614 610
4769 2 2 10 4 2288 4415 3617
4770 2 2 10 4 1089 1090 1087
4771 2 2 10 4 3707 5341 1729
4772 2 2 10 4 1813 3934 1770
4773 2 2 10 4 2562 5320 3999
4774 2 2 10 4 2952 4033 2951
4775 2 2 10 4 1893 2304 2303
4776 2 2 10 4 849 2004 1610
4777 2 2 10 4 1021 4256 1027
4778 2 2 10 4 1995 4206 4129
4779 2 2 10 4 1429 2009 1430
4780 2 2 10 4 562 4359 720
4781 2 2 10 4 2485 4119 2088
4782 2 2 10 4 633 4296 656
4783 2 2 10 4 1641 1686 1640
4784 2 2 10 4 1994 2043 1993
4785 2 2 10 4 4626 5140 524
4786 2 2 10 4 355 4958 3427
4787 2 2 10 4 1249 4310 1252
4788 2 2 10 4 1835 4250 1841
4789 2 2 10 4 1675 1677 1676
4790 2 2 10 4 1074 1075 1073
4791 2 2 10 4 1072 1922 1074
4792 2 2 10 4 3126 3128 3127
4793 2 2 10 4 1447 1947 1607
4794 2 2 10 4 1887 1889 1888
4795 2 2 10 4 1626 4111 4105
4796 2 2 10 4 2408 4143 2410
4797 2 2 10 4 1983 2047 1984
4798 2 2 10 4 1984 2170 1408
4799 2 2 10 4 1864 1946 1858
4800 2 2 10 4 1865 1866 1842
4801 2 2 10 4 812 813 807
4802 2 2 10 4 3646 5505 5318
4803 2 2 10 4 3086 3250 3085
4804 2 2 10 4 1451 4444 1067
4805 2 2 10 4 3718 4890 3729
4806 2 2 10 4 609 4318 597
4807 2 2 10 4 4213 4215 4214
4808 2 2 10 4 2512 2513 2511
4809 2 2 10 4 1100 2559 2512
4810 2 2 10 4 3495 3497 3494
4811 2 2 10 4 3412 3415 3414
4812 2 2 10 4 3423 3424 3421
4813 2 2 10 4 3437 3441 3439
4814 2 2 10 4 3463 3464 3461
4815 2 2 10 4 3462 3706 3463
4816 2 2 10 4 3439 3440 3438
4817 2 2 10 4 3493 3496 3495
4818 2 2 10 4 2565 4206 2231
4819 2 2 10 4 4317 4351 4038
4820 2 2 10 4 4080 4980 4079
4821 2 2 10 4 2358 2359 2200
4822 2 2 10 4 3155 5459 4045
4823 2 2 10 4 1439 2554 1629
4824 2 2 10 4 1629 2246 1627
4825 2 2 10 4 2132 2133 2131
4826 2 2 10 4 1856 1974 1857
4827 2 2 10 4 2844 2845 1584
4828 2 2 10 4 1995 4129 875
4829 2 2 10 4 1734 2230 1995
4830 2 2 10 4 4038 4351 1653
4831 2 2 10 4 1832 1870 1869
4832 2 2 10 4 1868 2033 1883
4833 2 2 10 4 1915 2165 2164
4834 2 2 10 4 2538 2539 1624
4835 2 2 10 4 1736 5029 1723
4836 2 2 10 4 1710 1711 1709
4837 2 2 10 4 570 574 568
4838 2 2 10 4 3380 5093 2331
4839 2 2 10 4 398 4495 39
4840 2 2 10 4 2762 4162 2337
4841 2 2 10 4 1854 2037 2036
4842 2 2 10 4 2036 2040 1853
4843 2 2 10 4 1680 1969 1416
4844 2 2 10 4 1417 1681 1680
4845 2 2 10 4 2748 3785 1329
4846 2 2 10 4 1897 2343 1896
4847 2 2 10 4 1834 2101 1897
4848 2 2 10 4 1729 1730 1728
4849 2 2 10 4 1921 2278 1920
4850 2 2 10 4 505 507 506
4851 2 2 10 4 506 3203 504
4852 2 2 10 4 3894 3895 3409
4853 2 2 10 4 3033 4286 1527
4854 2 2 10 4 2931 2933 2932
4855 2 2 10 4 1884 2534 2533
4856 2 2 10 4 1579 1678 1580
4857 2 2 10 4 2316 2318 2317
4858 2 2 10 4 1965 2805 1456
4859 2 2 10 4 1457 2029 1965
4860 2 2 10 4 1173 1174 1171
4861 2 2 10 4 1929 4186 1873
4862 2 2 10 4 743 749 744
4863 2 2 10 4 3739 3742 3741
4864 2 2 10 4 2542 4241 4134
4865 2 2 10 4 2004 2055 1610
4866 2 2 10 4 3108 4679 4620
4867 2 2 10 4 1429 2013 2009
4868 2 2 10 4 2009 2010 1430
4869 2 2 10 4 1677 2017 1676
4870 2 2 10 4 1074 1076 1075
4871 2 2 10 4 2621 4480 4459
4872 2 2 10 4 1947 2184 1607
4873 2 2 10 4 1889 1890 1888
4874 2 2 10 4 1983 2786 2047
4875 2 2 10 4 1984 2171 2170
4876 2 2 10 4 1865 1959 1866
4877 2 2 10 4 1864 2327 1946
4878 2 2 10 4 1672 2008 1933
4879 2 2 10 4 4010 5133 3181
4880 2 2 10 4 2337 4162 2226
4881 2 2 10 4 1302 5329 3684
4882 2 2 10 4 1310 1312 1311
4883 2 2 10 4 2512 2514 2513
4884 2 2 10 4 2147 2168 2148
4885 2 2 10 4 3424 3425 3421
4886 2 2 10 4 3495 3500 3497
4887 2 2 10 4 3440 3442 3438
4888 2 2 10 4 3706 3707 3463
4889 2 2 10 4 3497 3498 3494
4890 2 2 10 4 3441 3445 3439
4891 2 2 10 4 1629 2251 2246
4892 2 2 10 4 2246 2247 1627
4893 2 2 10 4 1880 4863 3729
4894 2 2 10 4 3022 4167 3019
4895 2 2 10 4 1856 2197 1974
4896 2 2 10 4 1974 1975 1857
4897 2 2 10 4 2845 2846 1584
4898 2 2 10 4 2230 2231 1995
4899 2 2 10 4 1870 1871 1869
4900 2 2 10 4 2033 2090 1883
4901 2 2 10 4 2538 2540 2539
4902 2 2 10 4 1710 2219 1711
4903 2 2 10 4 2036 2321 2040
4904 2 2 10 4 1854 2038 2037
4905 2 2 10 4 1680 2181 1969
4906 2 2 10 4 1417 1682 1681
4907 2 2 10 4 2101 2102 1897
4908 2 2 10 4 2343 3145 1896
4909 2 2 10 4 1729 1731 1730
4910 2 2 10 4 1921 2279 2278
4911 2 2 10 4 505 682 507
4912 2 2 10 4 507 508 506
4913 2 2 10 4 2534 2535 2533
4914 2 2 10 4 1678 1679 1580
4915 2 2 10 4 2318 2325 2317
4916 2 2 10 4 2316 2319 2318
4917 2 2 10 4 190 4242 189
4918 2 2 10 4 2029 2281 1965
4919 2 2 10 4 1457 2566 2029
4920 2 2 10 4 3232 4167 3022
4921 2 2 10 4 2004 2464 2055
4922 2 2 10 4 2010 2011 1430
4923 2 2 10 4 2013 2198 2009
4924 2 2 10 4 3019 4167 3017
4925 2 2 10 4 1677 2018 2017
4926 2 2 10 4 2017 2192 1676
4927 2 2 10 4 1076 1077 1075
4928 2 2 10 4 2184 2473 1607
4929 2 2 10 4 1947 2239 2184
4930 2 2 10 4 1889 1891 1890
4931 2 2 10 4 2786 2787 2047
4932 2 2 10 4 2171 2437 2170
4933 2 2 10 4 1864 2537 2327
4934 2 2 10 4 1959 1960 1866
4935 2 2 10 4 2327 2328 1946
4936 2 2 10 4 2008 2838 1933
4937 2 2 10 4 3352 5577 3683
4938 2 2 10 4 2336 4163 2524
4939 2 2 10 4 2514 2672 2513
4940 2 2 10 4 3424 3426 3425
4941 2 2 10 4 3440 3443 3442
4942 2 2 10 4 3497 3499 3498
4943 2 2 10 4 2632 3171 2056
4944 2 2 10 4 2285 4177 2223
4945 2 2 10 4 2246 2489 2247
4946 2 2 10 4 1975 1976 1857
4947 2 2 10 4 1974 2269 1975
4948 2 2 10 4 2845 2847 2846
4949 2 2 10 4 2230 2495 2231
4950 2 2 10 4 1871 2187 1869
4951 2 2 10 4 1870 1872 1871
4952 2 2 10 4 2090 2249 1883
4953 2 2 10 4 2033 2385 2090
4954 2 2 10 4 2540 2541 2539
4955 2 2 10 4 1710 2221 2219
4956 2 2 10 4 2219 2220 1711
4957 2 2 10 4 2038 2039 2037
4958 2 2 10 4 2321 2322 2040
4959 2 2 10 4 1682 1683 1681
4960 2 2 10 4 2181 2499 1969
4961 2 2 10 4 2343 3146 3145
4962 2 2 10 4 2101 2411 2102
4963 2 2 10 4 1731 1732 1730
4964 2 2 10 4 1921 2280 2279
4965 2 2 10 4 507 509 508
4966 2 2 10 4 2534 2797 2535
4967 2 2 10 4 2325 2545 2317
4968 2 2 10 4 2318 2593 2325
4969 2 2 10 4 2223 4177 2330
4970 2 2 10 4 2029 2552 2281
4971 2 2 10 4 2568 4177 2285
4972 2 2 10 4 2004 3984 2464
4973 2 2 10 4 2464 2465 2055
4974 2 2 10 4 2020 4414 2023
4975 2 2 10 4 2010 2012 2011
4976 2 2 10 4 2056 4166 2001
4977 2 2 10 4 2001 4166 2296
4978 2 2 10 4 2017 2372 2192
4979 2 2 10 4 1677 2232 2018
4980 2 2 10 4 1076 1078 1077
4981 2 2 10 4 1947 2240 2239
4982 2 2 10 4 2184 2478 2473
4983 2 2 10 4 1891 1998 1890
4984 2 2 10 4 2787 2788 2047
4985 2 2 10 4 2171 2438 2437
4986 2 2 10 4 2437 2739 2170
4987 2 2 10 4 1959 2031 1960
4988 2 2 10 4 2327 2493 2328
4989 2 2 10 4 2328 2403 1946
4990 2 2 10 4 2672 2673 2513
4991 2 2 10 4 2514 2774 2672
4992 2 2 10 4 3443 3446 3442
4993 2 2 10 4 3426 3531 3425
4994 2 2 10 4 3440 3444 3443
4995 2 2 10 4 2489 2490 2247
4996 2 2 10 4 1975 2300 1976
4997 2 2 10 4 2845 2848 2847
4998 2 2 10 4 2495 2496 2231
4999 2 2 10 4 2230 2497 2495
5000 2 2 10 4 1872 1873 1871
5001 2 2 10 4 2090 2250 2249
5002 2 2 10 4 2033 2574 2385
5003 2 2 10 4 2540 3012 2541
5004 2 2 10 4 2541 2542 2539
5005 2 2 10 4 2220 2222 1711
5006 2 2 10 4 2221 2550 2219
5007 2 2 10 4 2039 2335 2037
5008 2 2 10 4 2321 2747 2322
5009 2 2 10 4 2322 2389 2040
5010 2 2 10 4 2038 2041 2039
5011 2 2 10 4 1896 4248 1833
5012 2 2 10 4 1682 1949 1683
5013 2 2 10 4 2181 2730 2499
5014 2 2 10 4 2499 3382 1969
5015 2 2 10 4 2343 3147 3146
5016 2 2 10 4 2101 2726 2411
5017 2 2 10 4 2411 2412 2102
5018 2 2 10 4 1731 1733 1732
5019 2 2 10 4 2280 2420 2279
5020 2 2 10 4 509 510 508
5021 2 2 10 4 2534 2870 2797
5022 2 2 10 4 2797 3135 2535
5023 2 2 10 4 2325 2546 2545
5024 2 2 10 4 2552 2643 2281
5025 2 2 10 4 2465 2466 2055
5026 2 2 10 4 2012 2028 2011
5027 2 2 10 4 2010 2536 2012
5028 2 2 10 4 2372 2716 2192
5029 2 2 10 4 2232 2233 2018
5030 2 2 10 4 1076 2156 1078
5031 2 2 10 4 1078 1420 1077
5032 2 2 10 4 2478 3361 2473
5033 2 2 10 4 2240 2816 2239
5034 2 2 10 4 1998 2182 1890
5035 2 2 10 4 1891 1999 1998
5036 2 2 10 4 2438 2519 2437
5037 2 2 10 4 2171 2439 2438
5038 2 2 10 4 2787 2789 2788
5039 2 2 10 4 2493 2494 2328
5040 2 2 10 4 2031 2032 1960
5041 2 2 10 4 1959 2380 2031
5042 2 2 10 4 2672 2674 2673
5043 2 2 10 4 3446 3447 3442
5044 2 2 10 4 3444 3632 3443
5045 2 2 10 4 2490 3550 2247
5046 2 2 10 4 2489 3172 2490
5047 2 2 10 4 3050 4168 3024
5048 2 2 10 4 2848 2849 2847
5049 2 2 10 4 2496 2565 2231
5050 2 2 10 4 2495 2577 2496
5051 2 2 10 4 2250 2871 2249
5052 2 2 10 4 2574 2834 2385
5053 2 2 10 4 2541 2887 2542
5054 2 2 10 4 2221 2663 2550
5055 2 2 10 4 2220 2223 2222
5056 2 2 10 4 2321 3032 2747
5057 2 2 10 4 2038 2301 2041
5058 2 2 10 4 2322 2508 2389
5059 2 2 10 4 2039 2429 2335
5060 2 2 10 4 1949 2001 1683
5061 2 2 10 4 2181 2731 2730
5062 2 2 10 4 2730 3817 2499
5063 2 2 10 4 2411 2517 2412
5064 2 2 10 4 2412 2604 2102
5065 2 2 10 4 1731 2084 1733
5066 2 2 10 4 1733 2080 1732
5067 2 2 10 4 2420 2890 2279
5068 2 2 10 4 509 511 510
5069 2 2 10 4 510 1326 508
5070 2 2 10 4 3135 3136 2535
5071 2 2 10 4 2870 3327 2797
5072 2 2 10 4 2546 2625 2545
5073 2 2 10 4 2643 2756 2281
5074 2 2 10 4 2465 3174 2466
5075 2 2 10 4 2012 3138 2028
5076 2 2 10 4 2028 2310 2011
5077 2 2 10 4 3024 4168 3020
5078 2 2 10 4 2372 2775 2716
5079 2 2 10 4 2233 2234 2018
5080 2 2 10 4 2716 2717 2192
5081 2 2 10 4 1078 1421 1420
5082 2 2 10 4 2816 2968 2239
5083 2 2 10 4 2478 3383 3361
5084 2 2 10 4 3361 3362 2473
5085 2 2 10 4 2240 2817 2816
5086 2 2 10 4 1999 2083 1998
5087 2 2 10 4 2438 2520 2519
5088 2 2 10 4 2787 2790 2789
5089 2 2 10 4 2032 2637 1960
5090 2 2 10 4 2031 2052 2032
5091 2 2 10 4 2674 2675 2673
5092 2 2 10 4 3172 3995 2490
5093 2 2 10 4 2489 3178 3172
5094 2 2 10 4 2577 3053 2496
5095 2 2 10 4 2871 2872 2249
5096 2 2 10 4 2250 3194 2871
5097 2 2 10 4 2834 3339 2385
5098 2 2 10 4 2220 2284 2223
5099 2 2 10 4 2221 2664 2663
5100 2 2 10 4 2663 2905 2550
5101 2 2 10 4 2223 2330 2222
5102 2 2 10 4 3032 3337 2747
5103 2 2 10 4 2429 3001 2335
5104 2 2 10 4 2508 3278 2389
5105 2 2 10 4 2301 2553 2041
5106 2 2 10 4 2001 2293 1683
5107 2 2 10 4 1949 2056 2001
5108 2 2 10 4 2731 3083 2730
5109 2 2 10 4 2412 2605 2604
5110 2 2 10 4 1733 2081 2080
5111 2 2 10 4 2420 2891 2890
5112 2 2 10 4 511 512 510
5113 2 2 10 4 2546 2626 2625
5114 2 2 10 4 3174 3175 2466
5115 2 2 10 4 2465 3176 3174
5116 2 2 10 4 2028 2571 2310
5117 2 2 10 4 2716 3204 2717
5118 2 2 10 4 2233 2235 2234
5119 2 2 10 4 1421 1632 1420
5120 2 2 10 4 2478 3386 3383
5121 2 2 10 4 2816 3333 2968
5122 2 2 10 4 2240 2818 2817
5123 2 2 10 4 1999 2425 2083
5124 2 2 10 4 3021 4168 3513
5125 2 2 10 4 2520 2521 2519
5126 2 2 10 4 2790 2791 2789
5127 2 2 10 4 2032 2638 2637
5128 2 2 10 4 2674 3328 2675
5129 2 2 10 4 2577 3264 3053
5130 2 2 10 4 2250 3195 3194
5131 2 2 10 4 2284 2285 2223
5132 2 2 10 4 2664 3215 2663
5133 2 2 10 4 2429 3002 3001
5134 2 2 10 4 2553 3265 2041
5135 2 2 10 4 3278 3279 2389
5136 2 2 10 4 2731 3635 3083
5137 2 2 10 4 2001 2296 2293
5138 2 2 10 4 2081 2355 2080
5139 2 2 10 4 2891 3224 2890
5140 2 2 10 4 2546 3062 2626
5141 2 2 10 4 2626 2627 2625
5142 2 2 10 4 2235 2237 2234
5143 2 2 10 4 2233 2236 2235
5144 2 2 10 4 3204 3205 2717
5145 2 2 10 4 1421 1633 1632
5146 2 2 10 4 2818 2819 2817
5147 2 2 10 4 2425 2426 2083
5148 2 2 10 4 1999 2427 2425
5149 2 2 10 4 2520 2597 2521
5150 2 2 10 4 2790 2792 2791
5151 2 2 10 4 3328 3329 2675
5152 2 2 10 4 2284 2286 2285
5153 2 2 10 4 2429 3310 3002
5154 2 2 10 4 2296 2381 2293
5155 2 2 10 4 2081 3351 2355
5156 2 2 10 4 2626 2628 2627
5157 2 2 10 4 2237 2781 2234
5158 2 2 10 4 3204 3206 3205
5159 2 2 10 4 2235 2238 2237
5160 2 2 10 4 1633 1671 1632
5161 2 2 10 4 1421 1934 1633
5162 2 2 10 4 2819 3267 2817
5163 2 2 10 4 2818 2874 2819
5164 2 2 10 4 2426 2852 2083
5165 2 2 10 4 2427 3092 2425
5166 2 2 10 4 3025 4169 3245
5167 2 2 10 4 2597 2598 2521
5168 2 2 10 4 2520 3082 2597
5169 2 2 10 4 3329 3330 2675
5170 2 2 10 4 2284 3106 2286
5171 2 2 10 4 2286 2287 2285
5172 2 2 10 4 3310 3312 3002
5173 2 2 10 4 2296 2386 2381
5174 2 2 10 4 2381 2899 2293
5175 2 2 10 4 2081 3661 3351
5176 2 2 10 4 2628 2629 2627
5177 2 2 10 4 3206 3207 3205
5178 2 2 10 4 2238 2377 2237
5179 2 2 10 4 1633 1672 1671
5180 2 2 10 4 2426 2853 2852
5181 2 2 10 4 2598 2878 2521
5182 2 2 10 4 2597 2658 2598
5183 2 2 10 4 2287 2568 2285
5184 2 2 10 4 3106 3107 2286
5185 2 2 10 4 2386 2833 2381
5186 2 2 10 4 2629 2888 2627
5187 2 2 10 4 2628 2630 2629
5188 2 2 10 4 2238 2378 2377
5189 2 2 10 4 3206 3665 3207
5190 2 2 10 4 2658 2659 2598
5191 2 2 10 4 2287 2569 2568
5192 2 2 10 4 2386 3286 2833
5193 2 2 10 4 2630 2773 2629
5194 2 2 10 4 2628 3285 2630
5195 2 2 10 4 2238 2505 2378
5196 2 2 10 4 2658 2764 2659
5197 2 2 10 4 2287 2660 2569
5198 2 2 10 4 2386 3287 3286
5199 2 2 10 4 2630 3368 2773
5200 2 2 10 4 2505 2506 2378
5201 2 2 10 4 2764 2765 2659
5202 2 2 10 4 2660 2661 2569
5203 2 2 10 4 3287 3288 3286
5204 2 2 10 4 3368 4032 2773
5205 2 2 10 4 2505 2962 2506
5206 2 2 10 4 2506 2507 2378
5207 2 2 10 4 2764 3065 2765
5208 2 2 10 4 2661 2662 2569
5209 2 2 10 4 2505 3097 2962
5210 2 2 10 4 2962 3063 2506
5211 2 2 10 4 3065 3066 2765
5212 2 2 10 4 2661 2970 2662
5213 2 2 10 4 3066 3165 2765
5214 2 2 10 4 3065 3067 3066
5215 2 2 10 4 2661 2971 2970
5216 2 2 10 4 2970 3684 2662
5217 2 2 10 4 3067 3068 3066
5218 2 2 10 4 2971 2972 2970
5219 2 2 10 4 3067 3069 3068
5220 2 2 10 4 2975 2976 2974
5221 2 2 10 4 3684 3685 2662
5222 2 2 10 4 2983 3210 2981
5223 2 2 10 4 2982 2983 2981
5224 2 2 10 4 2971 2973 2972
5225 2 2 10 4 3069 3070 3068
5226 2 2 10 4 3081 4170 3325
5227 2 2 10 4 3073 3074 3072
5228 2 2 10 4 2974 3340 2972
5229 2 2 10 4 3079 3080 3077
5230 2 2 10 4 3081 3325 3324
5231 2 2 10 4 2980 2982 2981
5232 2 2 10 4 2980 2981 2979
5233 2 2 10 4 3078 3079 3077
5234 2 2 10 4 3071 3073 3072
5235 2 2 10 4 3081 3323 3080
5236 2 2 10 4 3079 3081 3080
5237 2 2 10 4 3069 3071 3070
5238 2 2 10 4 3073 3075 3074
5239 2 2 10 4 3079 4170 3081
5240 2 2 10 4 3081 3324 3323
5241 2 2 10 4 3075 3077 3076
5242 2 2 10 4 3325 3525 3324
5243 2 2 10 4 2975 2978 2976
5244 2 2 10 4 2978 2980 2979
5245 2 2 10 4 3075 3078 3077
5246 2 2 10 4 3075 3076 3074
5247 2 2 10 4 3071 3170 3073
5248 2 2 10 4 3071 3072 3070
5249 2 2 10 4 2979 3256 2976
5250 2 2 10 4 3072 3142 3070
5251 2 2 10 4 3076 3291 3074
5252 2 2 10 4 2980 3320 2982
5253 2 2 10 4 3170 4171 3073
5254 2 2 10 4 2973 2975 2974
5255 2 2 10 4 2973 2974 2972
5256 2 2 10 4 2978 2979 2976
5257 2 2 10 4 3075 4171 3078
5258 2 2 10 4 3073 4171 3075
5259 2 2 10 4 2973 2977 2975
5260 2 2 10 4 2569 4173 2568
5261 2 2 10 4 2506 4172 2507
5262 2 2 10 4 3063 4172 2506
5263 2 2 10 4 2662 4173 2569
5264 2 2 10 4 3685 4173 2662
5265 2 2 10 4 3245 3246 3244
5266 2 2 10 4 3026 3307 3050
5267 2 2 10 4 3025 3245 3244
5268 2 2 10 4 3028 3233 3232
5269 2 2 10 4 3026 3050 3024
5270 2 2 10 4 3028 3232 3022
5271 2 2 10 4 3025 3244 3026
5272 2 2 10 4 2286 4174 2287
5273 2 2 10 4 3107 4174 2286
5274 2 2 10 4 2543 3276 2985
5275 2 2 10 4 3025 3026 3024
5276 2 2 10 4 3023 4169 3025
5277 2 2 10 4 3021 3513 3027
5278 2 2 10 4 3027 3028 3022
5279 2 2 10 4 2287 4174 2660
5280 2 2 10 4 2236 4176 2235
5281 2 2 10 4 2237 4175 2781
5282 2 2 10 4 2377 4175 2237
5283 2 2 10 4 2543 2985 2544
5284 2 2 10 4 2505 4176 3097
5285 2 2 10 4 2235 4176 2238
5286 2 2 10 4 3023 3025 3024
5287 2 2 10 4 3021 3027 3022
5288 2 2 10 4 2238 4176 2505
5289 2 2 10 4 2543 2544 2525
5290 2 2 10 4 2837 3190 3041
5291 2 2 10 4 3041 3042 2836
5292 2 2 10 4 3021 3022 3019
5293 2 2 10 4 3020 4168 3021
5294 2 2 10 4 3023 3024 3020
5295 2 2 10 4 1683 4179 1681
5296 2 2 10 4 2524 2543 2525
5297 2 2 10 4 2525 2762 2337
5298 2 2 10 4 2837 3041 2836
5299 2 2 10 4 3020 3021 3019
5300 2 2 10 4 3018 3023 3020
5301 2 2 10 4 2232 4178 2233
5302 2 2 10 4 2233 4178 2236
5303 2 2 10 4 2524 2525 2337
5304 2 2 10 4 2718 4164 4163
5305 2 2 10 4 2835 3375 3335
5306 2 2 10 4 2410 2837 2836
5307 2 2 10 4 3018 3020 3019
5308 2 2 10 4 2293 4179 1683
5309 2 2 10 4 2041 4180 2039
5310 2 2 10 4 2252 4028 2253
5311 2 2 10 4 2039 4180 2429
5312 2 2 10 4 2899 4179 2293
5313 2 2 10 4 2464 4182 2465
5314 2 2 10 4 2429 4180 3310
5315 2 2 10 4 2718 4163 2336
5316 2 2 10 4 2336 2524 2337
5317 2 2 10 4 1891 4201 1999
5318 2 2 10 4 2835 3335 2409
5319 2 2 10 4 2410 2836 2835
5320 2 2 10 4 2536 4181 2012
5321 2 2 10 4 3265 4180 2041
5322 2 2 10 4 2012 4181 3138
5323 2 2 10 4 2465 4182 3176
5324 2 2 10 4 3018 3019 3017
5325 2 2 10 4 3017 4167 3379
5326 2 2 10 4 2593 4185 2325
5327 2 2 10 4 2291 2893 2892
5328 2 2 10 4 1871 4186 2187
5329 2 2 10 4 2325 4185 2546
5330 2 2 10 4 2747 4183 2322
5331 2 2 10 4 2322 4183 2508
5332 2 2 10 4 1873 4186 1871
5333 2 2 10 4 1747 2379 1745
5334 2 2 10 4 1999 4201 2427
5335 2 2 10 4 1607 4226 825
5336 2 2 10 4 3699 4119 2485
5337 2 2 10 4 2284 4187 3106
5338 2 2 10 4 1430 4236 823
5339 2 2 10 4 3443 4184 3446
5340 2 2 10 4 2219 4187 2220
5341 2 2 10 4 3632 4184 3443
5342 2 2 10 4 2385 4188 2090
5343 2 2 10 4 2546 4185 3062
5344 2 2 10 4 1415 4254 1417
5345 2 2 10 4 1820 4251 1854
5346 2 2 10 4 2550 4187 2219
5347 2 2 10 4 2090 4188 2250
5348 2 2 10 4 2744 2812 2743
5349 2 2 10 4 2218 2718 2336
5350 2 2 10 4 2336 2337 2226
5351 2 2 10 4 2226 4162 2826
5352 2 2 10 4 2250 4188 3195
5353 2 2 10 4 4122 4123 2572
5354 2 2 10 4 2410 2835 2409
5355 2 2 10 4 3017 3379 3015
5356 2 2 10 4 3016 3018 3017
5357 2 2 10 4 2220 4187 2284
5358 2 2 10 4 2781 4190 2234
5359 2 2 10 4 3339 4188 2385
5360 2 2 10 4 2239 4189 2184
5361 2 2 10 4 2018 4190 2017
5362 2 2 10 4 2184 4189 2478
5363 2 2 10 4 2017 4190 2372
5364 2 2 10 4 4187 4191 3106
5365 2 2 10 4 1109 1111 1110
5366 2 2 10 4 3680 3681 2603
5367 2 2 10 4 2478 4189 3386
5368 2 2 10 4 2251 4194 2246
5369 2 2 10 4 1876 1877 1875
5370 2 2 10 4 2550 4191 4187
5371 2 2 10 4 2968 4189 2239
5372 2 2 10 4 1672 1933 1932
5373 2 2 10 4 2504 3298 3297
5374 2 2 10 4 3297 3699 2485
5375 2 2 10 4 2234 4190 2018
5376 2 2 10 4 2246 4194 2489
5377 2 2 10 4 2905 4191 2550
5378 2 2 10 4 345 4374 346
5379 2 2 10 4 924 926 925
5380 2 2 10 4 747 753 746
5381 2 2 10 4 1764 1766 1765
5382 2 2 10 4 2361 4036 2363
5383 2 2 10 4 2218 2336 2226
5384 2 2 10 4 2226 2826 2217
5385 2 2 10 4 4161 4828 3114
5386 2 2 10 4 1085 1086 1084
5387 2 2 10 4 4121 4122 2572
5388 2 2 10 4 2408 2410 2409
5389 2 2 10 4 2665 4143 2408
5390 2 2 10 4 1557 1647 1646
5391 2 2 10 4 3016 3017 3015
5392 2 2 10 4 3453 3455 3454
5393 2 2 10 4 2489 4194 3178
5394 2 2 10 4 1965 4202 2805
5395 2 2 10 4 3378 4083 2690
5396 2 2 10 4 3377 4059 3376
5397 2 2 10 4 4055 4056 4054
5398 2 2 10 4 1014 1016 1013
5399 2 2 10 4 797 810 796
5400 2 2 10 4 1711 4198 1709
5401 2 2 10 4 3219 3220 3218
5402 2 2 10 4 682 4197 507
5403 2 2 10 4 2281 4202 1965
5404 2 2 10 4 507 4197 509
5405 2 2 10 4 1416 4299 1414
5406 2 2 10 4 170 393 169
5407 2 2 10 4 2186 4301 2665
5408 2 2 10 4 2222 4198 1711
5409 2 2 10 4 3959 5269 3029
5410 2 2 10 4 187 394 186
5411 2 2 10 4 2197 4199 1974
5412 2 2 10 4 1595 2205 2204
5413 2 2 10 4 52 462 51
5414 2 2 10 4 144 463 143
5415 2 2 10 4 1974 4199 2269
5416 2 2 10 4 50 496 49
5417 2 2 10 4 51 4195 50
5418 2 2 10 4 1355 4511 1582
5419 2 2 10 4 145 4196 144
5420 2 2 10 4 146 497 145
5421 2 2 10 4 1672 1932 1671
5422 2 2 10 4 2758 2759 2339
5423 2 2 10 4 2504 3297 2485
5424 2 2 10 4 4802 4803 3091
5425 2 2 10 4 1897 4204 2343
5426 2 2 10 4 1681 4205 1680
5427 2 2 10 4 2037 4207 2036
5428 2 2 10 4 830 832 831
5429 2 2 10 4 399 5169 4723
5430 2 2 10 4 1853 4300 1819
5431 2 2 10 4 156 4917 3916
5432 2 2 10 4 2102 4204 1897
5433 2 2 10 4 1680 4205 2181
5434 2 2 10 4 1675 4203 1677
5435 2 2 10 4 2036 4207 2321
5436 2 2 10 4 2756 4202 2281
5437 2 2 10 4 953 954 952
5438 2 2 10 4 1046 1048 1047
5439 2 2 10 4 683 684 675
5440 2 2 10 4 4303 4304 3241
5441 2 2 10 4 2688 4288 3168
5442 2 2 10 4 1889 2183 1891
5443 2 2 10 4 1367 1369 1368
5444 2 2 10 4 2604 4204 2102
5445 2 2 10 4 2183 4201 1891
5446 2 2 10 4 1922 4229 1074
5447 2 2 10 4 2181 4205 2731
5448 2 2 10 4 2657 3161 3160
5449 2 2 10 4 1707 1709 1708
5450 2 2 10 4 1822 1824 1823
5451 2 2 10 4 883 885 884
5452 2 2 10 4 700 702 701
5453 2 2 10 4 2321 4207 3032
5454 2 2 10 4 2473 4226 1607
5455 2 2 10 4 1677 4203 2232
5456 2 2 10 4 4163 4235 2524
5457 2 2 10 4 2218 2226 2217
5458 2 2 10 4 636 638 637
5459 2 2 10 4 2872 4228 2249
5460 2 2 10 4 2343 4204 3147
5461 2 2 10 4 4179 4205 1681
5462 2 2 10 4 2186 2665 2408
5463 2 2 10 4 2408 2409 2407
5464 2 2 10 4 2407 4121 2572
5465 2 2 10 4 1074 4229 1076
5466 2 2 10 4 1679 1728 1727
5467 2 2 10 4 50 4195 496
5468 2 2 10 4 3439 4225 3440
5469 2 2 10 4 2725 4289 1895
5470 2 2 10 4 2319 4658 3810
5471 2 2 10 4 2335 4207 2037
5472 2 2 10 4 497 4196 145
5473 2 2 10 4 1682 4249 1949
5474 2 2 10 4 2543 4235 3276
5475 2 2 10 4 1131 1132 1130
5476 2 2 10 4 2011 4236 1430
5477 2 2 10 4 462 4195 51
5478 2 2 10 4 3453 3454 3452
5479 2 2 10 4 455 3016 3015
5480 2 2 10 4 1749 4042 1747
5481 2 2 10 4 144 4196 463
5482 2 2 10 4 793 4220 795
5483 2 2 10 4 3717 3718 3716
5484 2 2 10 4 3445 4225 3439
5485 2 2 10 4 2111 2199 2110
5486 2 2 10 4 2095 4420 2092
5487 2 2 10 4 2637 4365 1960
5488 2 2 10 4 3136 4400 4218
5489 2 2 10 4 1627 4262 1438
5490 2 2 10 4 2221 4239 2664
5491 2 2 10 4 1349 1350 1348
5492 2 2 10 4 811 843 810
5493 2 2 10 4 2047 4233 1984
5494 2 2 10 4 2612 3377 3376
5495 2 2 10 4 3376 3378 2690
5496 2 2 10 4 2170 4313 1408
5497 2 2 10 4 4050 4055 4054
5498 2 2 10 4 2390 3046 1642
5499 2 2 10 4 4785 4927 3825
5500 2 2 10 4 289 4836 384
5501 2 2 10 4 3673 5083 4693
5502 2 2 10 4 794 797 796
5503 2 2 10 4 1706 4239 1707
5504 2 2 10 4 2822 4330 4020
5505 2 2 10 4 1830 4283 1834
5506 2 2 10 4 1883 4228 1831
5507 2 2 10 4 3054 3587 2766
5508 2 2 10 4 1984 4233 2171
5509 2 2 10 4 615 640 614
5510 2 2 10 4 1874 1875 1873
5511 2 2 10 4 1322 4456 1637
5512 2 2 10 4 4205 4237 2731
5513 2 2 10 4 4276 4776 4275
5514 2 2 10 4 2845 4241 2848
5515 2 2 10 4 3145 4248 1896
5516 2 2 10 4 463 4050 4049
5517 2 2 10 4 2136 2137 2135
5518 2 2 10 4 172 484 171
5519 2 2 10 4 179 363 178
5520 2 2 10 4 185 487 184
5521 2 2 10 4 152 465 151
5522 2 2 10 4 155 434 154
5523 2 2 10 4 150 499 149
5524 2 2 10 4 174 379 173
5525 2 2 10 4 176 485 175
5526 2 2 10 4 181 486 180
5527 2 2 10 4 183 378 182
5528 2 2 10 4 184 4212 183
5529 2 2 10 4 202 433 201
5530 2 2 10 4 203 4213 202
5531 2 2 10 4 205 464 204
5532 2 2 10 4 207 498 206
5533 2 2 10 4 175 4209 174
5534 2 2 10 4 182 4211 181
5535 2 2 10 4 173 4208 172
5536 2 2 10 4 154 4210 153
5537 2 2 10 4 204 4216 203
5538 2 2 10 4 4179 4237 4205
5539 2 2 10 4 1417 4254 1682
5540 2 2 10 4 4140 4444 3330
5541 2 2 10 4 1707 4239 1710
5542 2 2 10 4 4033 5425 1569
5543 2 2 10 4 3409 4837 3408
5544 2 2 10 4 1323 4327 3948
5545 2 2 10 4 1674 1675 1613
5546 2 2 10 4 1854 4251 2038
5547 2 2 10 4 3440 4225 3444
5548 2 2 10 4 4238 4282 2805
5549 2 2 10 4 3362 4226 2473
5550 2 2 10 4 2171 4233 2439
5551 2 2 10 4 2551 3212 2074
5552 2 2 10 4 1676 4245 1613
5553 2 2 10 4 4321 4682 2609
5554 2 2 10 4 2717 4245 2192
5555 2 2 10 4 2249 4228 1883
5556 2 2 10 4 3298 5242 3297
5557 2 2 10 4 1076 4229 2156
5558 2 2 10 4 875 4129 876
5559 2 2 10 4 1970 3746 2453
5560 2 2 10 4 2164 4353 2163
5561 2 2 10 4 796 4220 793
5562 2 2 10 4 2300 3085 2463
5563 2 2 10 4 3128 3130 3129
5564 2 2 10 4 827 828 826
5565 2 2 10 4 2731 4237 3635
5566 2 2 10 4 2330 2567 2222
5567 2 2 10 4 2908 5015 2815
5568 2 2 10 4 1613 4245 1612
5569 2 2 10 4 2788 4233 2047
5570 2 2 10 4 372 4922 3502
5571 2 2 10 4 1885 4253 1884
5572 2 2 10 4 2739 4313 2170
5573 2 2 10 4 2524 4235 2543
5574 2 2 10 4 2050 4377 2498
5575 2 2 10 4 1886 1887 1885
5576 2 2 10 4 2310 4236 2011
5577 2 2 10 4 2899 4237 4179
5578 2 2 10 4 2852 4257 2083
5579 2 2 10 4 1998 4257 2182
5580 2 2 10 4 2567 4198 2222
5581 2 2 10 4 2087 2504 2485
5582 2 2 10 4 1221 1226 1225
5583 2 2 10 4 1960 4365 1866
5584 2 2 10 4 2844 4241 2845
5585 2 2 10 4 1884 4253 2534
5586 2 2 10 4 728 5053 748
5587 2 2 10 4 5358 5500 2493
5588 2 2 10 4 1710 4239 2221
5589 2 2 10 4 865 866 864
5590 2 2 10 4 3160 4650 4614
5591 2 2 10 4 2054 4118 2491
5592 2 2 10 4 1834 4283 2101
5593 2 2 10 4 2641 4984 3827
5594 2 2 10 4 980 984 983
5595 2 2 10 4 1888 4253 1885
5596 2 2 10 4 2330 3164 3163
5597 2 2 10 4 2192 4245 1676
5598 2 2 10 4 1538 3045 2049
5599 2 2 10 4 2244 3153 2294
5600 2 2 10 4 4216 4217 4215
5601 2 2 10 4 464 4217 4216
5602 2 2 10 4 1175 1176 1174
5603 2 2 10 4 1515 4385 2244
5604 2 2 10 4 1869 4258 1868
5605 2 2 10 4 2618 4504 1953
5606 2 2 10 4 2758 4315 2760
5607 2 2 10 4 3868 4893 4619
5608 2 2 10 4 615 5018 641
5609 2 2 10 4 3013 3306 3014
5610 2 2 10 4 2498 3348 3140
5611 2 2 10 4 2534 4253 2870
5612 2 2 10 4 4177 4266 3164
5613 2 2 10 4 2568 4266 4177
5614 2 2 10 4 2256 2258 2257
5615 2 2 10 4 908 909 907
5616 2 2 10 4 1312 1314 1313
5617 2 2 10 4 1868 4258 2033
5618 2 2 10 4 749 755 750
5619 2 2 10 4 1388 1390 1389
5620 2 2 10 4 4709 5451 2529
5621 2 2 10 4 202 4213 433
5622 2 2 10 4 183 4212 378
5623 2 2 10 4 172 4208 484
5624 2 2 10 4 174 4209 379
5625 2 2 10 4 485 4209 175
5626 2 2 10 4 379 4208 173
5627 2 2 10 4 487 4212 184
5628 2 2 10 4 378 4211 182
5629 2 2 10 4 181 4211 486
5630 2 2 10 4 434 4210 154
5631 2 2 10 4 464 4216 204
5632 2 2 10 4 203 4216 4213
5633 2 2 10 4 687 688 686
5634 2 2 10 4 1274 2060 2059
5635 2 2 10 4 4050 4054 4053
5636 2 2 10 4 2915 2917 2916
5637 2 2 10 4 4082 4414 2019
5638 2 2 10 4 2168 2387 2216
5639 2 2 10 4 1937 4800 1150
5640 2 2 10 4 2247 4262 1627
5641 2 2 10 4 2038 4251 2301
5642 2 2 10 4 926 929 928
5643 2 2 10 4 3733 5002 423
5644 2 2 10 4 425 4609 140
5645 2 2 10 4 2608 4394 3154
5646 2 2 10 4 2271 4287 1713
5647 2 2 10 4 1707 1708 1705
5648 2 2 10 4 37 4149 36
5649 2 2 10 4 4098 5425 3815
5650 2 2 10 4 754 757 753
5651 2 2 10 4 18 4148 17
5652 2 2 10 4 517 724 514
5653 2 2 10 4 1396 1398 1397
5654 2 2 10 4 2088 2218 2217
5655 2 2 10 4 3616 5549 3618
5656 2 2 10 4 2080 2306 1732
5657 2 2 10 4 3586 4320 2152
5658 2 2 10 4 1766 1768 1767
5659 2 2 10 4 1017 1020 1016
5660 2 2 10 4 2785 3040 2618
5661 2 2 10 4 170 4092 393
5662 2 2 10 4 1744 4302 1746
5663 2 2 10 4 394 4091 186
5664 2 2 10 4 2935 2937 2936
5665 2 2 10 4 2159 4019 2367
5666 2 2 10 4 3144 5319 3043
5667 2 2 10 4 493 5285 4083
5668 2 2 10 4 2153 3584 2152
5669 2 2 10 4 2033 4258 2574
5670 2 2 10 4 682 5296 4197
5671 2 2 10 4 1615 4137 1563
5672 2 2 10 4 1754 1755 1752
5673 2 2 10 4 716 5105 3677
5674 2 2 10 4 2104 4303 3241
5675 2 2 10 4 2186 2408 2407
5676 2 2 10 4 2407 2572 2185
5677 2 2 10 4 1398 1400 1399
5678 2 2 10 4 1408 4313 1370
5679 2 2 10 4 1342 4398 1448
5680 2 2 10 4 1679 1727 1580
5681 2 2 10 4 638 643 639
5682 2 2 10 4 3223 3850 1035
5683 2 2 10 4 1793 1794 1792
5684 2 2 10 4 4067 4086 3273
5685 2 2 10 4 54 4024 53
5686 2 2 10 4 2217 4137 1615
5687 2 2 10 4 1682 4254 4249
5688 2 2 10 4 1670 4454 2686
5689 2 2 10 4 2522 2766 2042
5690 2 2 10 4 3550 4262 2247
5691 2 2 10 4 1185 4801 3643
5692 2 2 10 4 885 887 886
5693 2 2 10 4 1509 1511 1510
5694 2 2 10 4 356 3453 3452
5695 2 2 10 4 445 3653 3465
5696 2 2 10 4 454 3481 3479
5697 2 2 10 4 459 3784 3471
5698 2 2 10 4 353 3404 3402
5699 2 2 10 4 455 3015 502
5700 2 2 10 4 444 3410 3406
5701 2 2 10 4 2351 2352 2350
5702 2 2 10 4 1483 1484 1474
5703 2 2 10 4 930 4616 4587
5704 2 2 10 4 2083 4257 1998
5705 2 2 10 4 1133 1134 1132
5706 2 2 10 4 3791 5181 1222
5707 2 2 10 4 1367 4930 1387
5708 2 2 10 4 1351 1352 1350
5709 2 2 10 4 2795 3843 3564
5710 2 2 10 4 910 911 909
5711 2 2 10 4 3529 3530 3370
5712 2 2 10 4 387 3980 3979
5713 2 2 10 4 3279 4300 2389
5714 2 2 10 4 400 4242 190
5715 2 2 10 4 2187 4258 1869
5716 2 2 10 4 1649 1948 1713
5717 2 2 10 4 2040 4300 1853
5718 2 2 10 4 759 4704 4010
5719 2 2 10 4 858 4510 861
5720 2 2 10 4 3719 3720 3718
5721 2 2 10 4 295 3503 296
5722 2 2 10 4 260 3509 261
5723 2 2 10 4 332 3411 333
5724 2 2 10 4 349 3733 350
5725 2 2 10 4 218 3477 219
5726 2 2 10 4 262 370 263
5727 2 2 10 4 334 3478 335
5728 2 2 10 4 221 459 222
5729 2 2 10 4 216 3486 217
5730 2 2 10 4 243 3436 244
5731 2 2 10 4 299 3501 300
5732 2 2 10 4 311 3428 312
5733 2 2 10 4 325 3491 326
5734 2 2 10 4 331 381 332
5735 2 2 10 4 230 452 231
5736 2 2 10 4 302 455 303
5737 2 2 10 4 5 3460 209
5738 2 2 10 4 6 419 281
5739 2 2 10 4 275 449 276
5740 2 2 10 4 347 422 348
5741 2 2 10 4 223 372 224
5742 2 2 10 4 233 3644 234
5743 2 2 10 4 305 3799 306
5744 2 2 10 4 215 359 216
5745 2 2 10 4 250 421 251
5746 2 2 10 4 322 443 323
5747 2 2 10 4 264 3450 265
5748 2 2 10 4 253 413 254
5749 2 2 10 4 285 3473 286
5750 2 2 10 4 286 401 287
5751 2 2 10 4 293 3489 294
5752 2 2 10 4 277 356 278
5753 2 2 10 4 209 446 210
5754 2 2 10 4 219 367 220
5755 2 2 10 4 273 358 274
5756 2 2 10 4 280 382 5
5757 2 2 10 4 352 3475 6
5758 2 2 10 4 225 3539 226
5759 2 2 10 4 297 3504 298
5760 2 2 10 4 238 404 239
5761 2 2 10 4 310 456 311
5762 2 2 10 4 229 3779 230
5763 2 2 10 4 234 3899 235
5764 2 2 10 4 306 454 307
5765 2 2 10 4 259 385 260
5766 2 2 10 4 279 3510 280
5767 2 2 10 4 244 420 245
5768 2 2 10 4 296 377 297
5769 2 2 10 4 316 357 317
5770 2 2 10 4 317 3469 318
5771 2 2 10 4 314 445 315
5772 2 2 10 4 350 423 351
5773 2 2 10 4 320 353 321
5774 2 2 10 4 237 3400 238
5775 2 2 10 4 308 361 309
5776 2 2 10 4 309 3508 310
5777 2 2 10 4 241 412 242
5778 2 2 10 4 268 3476 269
5779 2 2 10 4 312 354 313
5780 2 2 10 4 269 366 270
5781 2 2 10 4 341 410 342
5782 2 2 10 4 247 426 248
5783 2 2 10 4 256 407 257
5784 2 2 10 4 319 3532 320
5785 2 2 10 4 328 368 329
5786 2 2 10 4 283 411 284
5787 2 2 10 4 318 442 319
5788 2 2 10 4 267 458 268
5789 2 2 10 4 228 375 229
5790 2 2 10 4 300 376 301
5791 2 2 10 4 231 3514 232
5792 2 2 10 4 211 355 212
5793 2 2 10 4 226 451 227
5794 2 2 10 4 298 448 299
5795 2 2 10 4 335 371 336
5796 2 2 10 4 213 447 214
5797 2 2 10 4 220 3466 221
5798 2 2 10 4 292 364 293
5799 2 2 10 4 232 365 233
5800 2 2 10 4 304 369 305
5801 2 2 10 4 235 383 236
5802 2 2 10 4 265 380 266
5803 2 2 10 4 324 360 325
5804 2 2 10 4 210 3487 211
5805 2 2 10 4 326 450 327
5806 2 2 10 4 227 3492 228
5807 2 2 10 4 344 414 345
5808 2 2 10 4 252 3417 253
5809 2 2 10 4 266 3399 267
5810 2 2 10 4 338 386 339
5811 2 2 10 4 217 457 218
5812 2 2 10 4 289 384 290
5813 2 2 10 4 261 3419 262
5814 2 2 10 4 333 453 334
5815 2 2 10 4 294 441 295
5816 2 2 10 4 263 3778 264
5817 2 2 10 4 271 444 272
5818 2 2 10 4 1949 2302 2056
5819 2 2 10 4 201 4114 200
5820 2 2 10 4 2390 3633 3046
5821 2 2 10 4 4092 4093 4074
5822 2 2 10 4 2346 4035 3177
5823 2 2 10 4 2101 4283 2726
5824 2 2 10 4 528 529 527
5825 2 2 10 4 2468 4397 3609
5826 2 2 10 4 1028 1029 1025
5827 2 2 10 4 1969 4299 1416
5828 2 2 10 4 641 645 640
5829 2 2 10 4 1266 4368 1319
5830 2 2 10 4 850 852 851
5831 2 2 10 4 2042 4395 1539
5832 2 2 10 4 4547 5308 3608
5833 2 2 10 4 2267 2268 2266
5834 2 2 10 4 2612 3376 2690
5835 2 2 10 4 2690 2691 2611
5836 2 2 10 4 36 4149 391
5837 2 2 10 4 2619 3598 3597
5838 2 2 10 4 957 958 956
5839 2 2 10 4 392 4148 18
5840 2 2 10 4 3130 3133 3132
5841 2 2 10 4 2714 2715 2713
5842 2 2 10 4 1943 4264 1579
5843 2 2 10 4 2182 4294 1890
5844 2 2 10 4 2603 3936 2391
5845 2 2 10 4 3249 4060 2901
5846 2 2 10 4 2240 4297 2818
5847 2 2 10 4 1410 1572 1571
5848 2 2 10 4 3469 4674 442
5849 2 2 10 4 1616 2054 2053
5850 2 2 10 4 5030 5165 4970
5851 2 2 10 4 1579 4264 1678
5852 2 2 10 4 3905 5045 4435
5853 2 2 10 4 1394 1396 1395
5854 2 2 10 4 1447 4297 1947
5855 2 2 10 4 1179 1180 1178
5856 2 2 10 4 3692 5163 2269
5857 2 2 10 4 1050 1052 1051
5858 2 2 10 4 3221 3222 3220
5859 2 2 10 4 2391 2683 1936
5860 2 2 10 4 2713 4514 1997
5861 2 2 10 4 3010 5098 2914
5862 2 2 10 4 2937 2939 2938
5863 2 2 10 4 1878 1879 1877
5864 2 2 10 4 3621 5557 94
5865 2 2 10 4 3944 3945 1220
5866 2 2 10 4 521 2529 519
5867 2 2 10 4 1400 1402 1401
5868 2 2 10 4 1691 1692 1690
5869 2 2 10 4 1795 1796 1794
5870 2 2 10 4 810 1099 796
5871 2 2 10 4 702 704 703
5872 2 2 10 4 869 870 868
5873 2 2 10 4 463 4048 143
5874 2 2 10 4 867 868 866
5875 2 2 10 4 2055 4305 1610
5876 2 2 10 4 1115 1117 1116
5877 2 2 10 4 1485 1486 1484
5878 2 2 10 4 1920 4267 2208
5879 2 2 10 4 1872 1874 1873
5880 2 2 10 4 4213 4216 4215
5881 2 2 10 4 2652 2653 2501
5882 2 2 10 4 1156 1158 1157
5883 2 2 10 4 1949 4249 2302
5884 2 2 10 4 454 3479 307
5885 2 2 10 4 383 3416 236
5886 2 2 10 4 355 3427 212
5887 2 2 10 4 455 502 303
5888 2 2 10 4 407 3398 257
5889 2 2 10 4 401 3470 287
5890 2 2 10 4 358 3448 274
5891 2 2 10 4 421 3397 251
5892 2 2 10 4 450 3418 327
5893 2 2 10 4 356 3452 278
5894 2 2 10 4 372 3502 224
5895 2 2 10 4 422 3468 348
5896 2 2 10 4 292 3634 364
5897 2 2 10 4 376 3798 301
5898 2 2 10 4 459 3471 222
5899 2 2 10 4 445 3465 315
5900 2 2 10 4 412 3451 242
5901 2 2 10 4 444 3406 272
5902 2 2 10 4 353 3402 321
5903 2 2 10 4 386 3433 339
5904 2 2 10 4 443 3467 323
5905 2 2 10 4 371 3456 336
5906 2 2 10 4 420 4159 245
5907 2 2 10 4 2060 2062 2061
5908 2 2 10 4 871 872 870
5909 2 2 10 4 4173 4266 2568
5910 2 2 10 4 3567 3569 3568
5911 2 2 10 4 1338 4484 1569
5912 2 2 10 4 2464 4311 4182
5913 2 2 10 4 1948 2297 1957
5914 2 2 10 4 1200 1274 1208
5915 2 2 10 4 215 4884 359
5916 2 2 10 4 447 4884 214
5917 2 2 10 4 1770 1772 1771
5918 2 2 10 4 2278 4267 1920
5919 2 2 10 4 285 4885 3473
5920 2 2 10 4 411 4885 284
5921 2 2 10 4 4337 4710 4338
5922 2 2 10 4 1639 2149 1608
5923 2 2 10 4 2427 3093 3092
5924 2 2 10 4 38 4495 488
5925 2 2 10 4 2434 2896 1852
5926 2 2 10 4 4490 5268 2832
5927 2 2 10 4 468 4823 3659
5928 2 2 10 4 2138 2139 2137
5929 2 2 10 4 2299 4941 3627
5930 2 2 10 4 1866 4365 4328
5931 2 2 10 4 929 932 931
5932 2 2 10 4 2950 4407 2949
5933 2 2 10 4 1530 1531 1527
5934 2 2 10 4 2417 2618 1953
5935 2 2 10 4 1314 1316 1315
5936 2 2 10 4 3205 4317 2717
5937 2 2 10 4 3705 4519 2830
5938 2 2 10 4 2586 2615 2588
5939 2 2 10 4 1848 2152 1816
5940 2 2 10 4 2356 5396 3768
5941 2 2 10 4 4312 5016 3863
5942 2 2 10 4 755 763 756
5943 2 2 10 4 959 960 958
5944 2 2 10 4 2258 2382 2259
5945 2 2 10 4 3630 4405 2469
5946 2 2 10 4 1858 4291 1865
5947 2 2 10 4 1218 2114 2113
5948 2 2 10 4 832 846 845
5949 2 2 10 4 3882 3883 474
5950 2 2 10 4 2403 4291 1946
5951 2 2 10 4 1252 4310 1268
5952 2 2 10 4 2955 5148 2956
5953 2 2 10 4 1686 4040 2368
5954 2 2 10 4 1258 1267 1266
5955 2 2 10 4 986 988 987
5956 2 2 10 4 1091 1321 1090
5957 2 2 10 4 758 766 757
5958 2 2 10 4 2638 3239 2884
5959 2 2 10 4 1866 4328 1842
5960 2 2 10 4 2712 4864 4243
5961 2 2 10 4 1504 1509 1506
5962 2 2 10 4 1933 2305 1932
5963 2 2 10 4 2513 4324 2511
5964 2 2 10 4 1819 4396 1810
5965 2 2 10 4 4808 5119 998
5966 2 2 10 4 1641 4321 1688
5967 2 2 10 4 3172 4280 3995
5968 2 2 10 4 1021 1024 1020
5969 2 2 10 4 1511 1513 1512
5970 2 2 10 4 1158 1160 1159
5971 2 2 10 4 873 874 872
5972 2 2 10 4 4151 4293 391
5973 2 2 10 4 643 647 644
5974 2 2 10 4 1946 4291 1858
5975 2 2 10 4 1521 2614 1519
5976 2 2 10 4 530 531 529
5977 2 2 10 4 526 527 523
5978 2 2 10 4 1923 4689 2313
5979 2 2 10 4 3283 3284 3282
5980 2 2 10 4 490 4293 4157
5981 2 2 10 4 4297 4404 2818
5982 2 2 10 4 2214 4290 2854
5983 2 2 10 4 3802 5561 5412
5984 2 2 10 4 2858 2861 2860
5985 2 2 10 4 3721 3722 3720
5986 2 2 10 4 887 889 888
5987 2 2 10 4 1353 1354 1352
5988 2 2 10 4 2207 2428 1931
5989 2 2 10 4 912 913 911
5990 2 2 10 4 1135 1136 1134
5991 2 2 10 4 4337 4338 3061
5992 2 2 10 4 2300 2463 1976
5993 2 2 10 4 776 777 774
5994 2 2 10 4 691 692 690
5995 2 2 10 4 2578 2579 2448
5996 2 2 10 4 1565 1674 1613
5997 2 2 10 4 2173 2883 1586
5998 2 2 10 4 1589 2631 1591
5999 2 2 10 4 4253 4294 2870
6000 2 2 10 4 2360 2474 2359
6001 2 2 10 4 3620 5332 5209
6002 2 2 10 4 3844 5347 1276
6003 2 2 10 4 2946 4319 2944
6004 2 2 10 4 2353 2500 2352
6005 2 2 10 4 1117 1119 1118
6006 2 2 10 4 1865 4291 4136
6007 2 2 10 4 2114 2116 2115
6008 2 2 10 4 1709 4198 2241
6009 2 2 10 4 1402 1404 1403
6010 2 2 10 4 4227 4376 3362
6011 2 2 10 4 3114 3115 3113
6012 2 2 10 4 1319 2000 1742
6013 2 2 10 4 1476 1479 1472
6014 2 2 10 4 706 708 707
6015 2 2 10 4 2403 4482 4291
6016 2 2 10 4 3358 4513 2649
6017 2 2 10 4 3156 3158 3157
6018 2 2 10 4 435 4897 123
6019 2 2 10 4 1084 4432 844
6020 2 2 10 4 386 4825 3433
6021 2 2 10 4 646 649 645
6022 2 2 10 4 2393 2713 1997
6023 2 2 10 4 3362 4376 4226
6024 2 2 10 4 2088 2217 1615
6025 2 2 10 4 368 4915 329
6026 2 2 10 4 3207 4351 3205
6027 2 2 10 4 3190 4285 3041
6028 2 2 10 4 3748 5332 3620
6029 2 2 10 4 1574 1576 1575
6030 2 2 10 4 1230 1232 1231
6031 2 2 10 4 1888 4294 4253
6032 2 2 10 4 1882 1886 1885
6033 2 2 10 4 700 4458 702
6034 2 2 10 4 1481 1608 1478
6035 2 2 10 4 1797 1798 1796
6036 2 2 10 4 2415 3592 3088
6037 2 2 10 4 3295 4760 4725
6038 2 2 10 4 498 5359 4345
6039 2 2 10 4 604 4342 651
6040 2 2 10 4 1901 1902 1900
6041 2 2 10 4 1259 5546 5421
6042 2 2 10 4 241 4265 412
6043 2 2 10 4 2194 2735 2149
6044 2 2 10 4 3579 4387 3496
6045 2 2 10 4 2715 5030 4970
6046 2 2 10 4 2939 2941 2940
6047 2 2 10 4 2087 2485 2088
6048 2 2 10 4 1857 4232 1837
6049 2 2 10 4 1526 1527 1523
6050 2 2 10 4 2062 2064 2063
6051 2 2 10 4 2313 2969 2767
6052 2 2 10 4 834 835 828
6053 2 2 10 4 1732 4240 1730
6054 2 2 10 4 2177 2178 2176
6055 2 2 10 4 2297 2585 2298
6056 2 2 10 4 1532 1533 1531
6057 2 2 10 4 4241 4307 2848
6058 2 2 10 4 1842 4328 1840
6059 2 2 10 4 2389 4300 2040
6060 2 2 10 4 1119 1121 1120
6061 2 2 10 4 1702 1704 1700
6062 2 2 10 4 555 557 556
6063 2 2 10 4 1967 4203 1675
6064 2 2 10 4 1693 1694 1692
6065 2 2 10 4 2771 3358 2649
6066 2 2 10 4 3090 3141 2292
6067 2 2 10 4 934 936 935
6068 2 2 10 4 1463 2441 1002
6069 2 2 10 4 1976 4232 1857
6070 2 2 10 4 384 4921 290
6071 2 2 10 4 3116 3117 3115
6072 2 2 10 4 3569 3575 3574
6073 2 2 10 4 3382 4299 1969
6074 2 2 10 4 4567 4714 2667
6075 2 2 10 4 875 876 874
6076 2 2 10 4 1316 1318 1317
6077 2 2 10 4 2638 2884 2637
6078 2 2 10 4 2431 3186 2613
6079 2 2 10 4 3027 4279 3028
6080 2 2 10 4 2609 4682 3369
6081 2 2 10 4 2760 3345 2759
6082 2 2 10 4 4047 5562 937
6083 2 2 10 4 961 963 960
6084 2 2 10 4 2203 5336 3681
6085 2 2 10 4 1903 1904 1902
6086 2 2 10 4 763 771 764
6087 2 2 10 4 1890 4294 1888
6088 2 2 10 4 2617 4366 3091
6089 2 2 10 4 2542 4307 4241
6090 2 2 10 4 1069 4444 4140
6091 2 2 10 4 9 4731 494
6092 2 2 10 4 2480 4468 3390
6093 2 2 10 4 3330 4373 2675
6094 2 2 10 4 1945 4449 2147
6095 2 2 10 4 3914 5464 4371
6096 2 2 10 4 2958 3213 2960
6097 2 2 10 4 2382 2857 2383
6098 2 2 10 4 1747 4042 2379
6099 2 2 10 4 1181 1182 1180
6100 2 2 10 4 1513 1517 1516
6101 2 2 10 4 152 4332 465
6102 2 2 10 4 4210 4332 153
6103 2 2 10 4 767 773 766
6104 2 2 10 4 122 4897 476
6105 2 2 10 4 2414 2721 2712
6106 2 2 10 4 3617 4415 3747
6107 2 2 10 4 27 362 26
6108 2 2 10 4 25 493 24
6109 2 2 10 4 23 373 22
6110 2 2 10 4 19 392 18
6111 2 2 10 4 21 492 20
6112 2 2 10 4 30 491 29
6113 2 2 10 4 36 391 35
6114 2 2 10 4 32 374 31
6115 2 2 10 4 34 490 33
6116 2 2 10 4 26 4277 25
6117 2 2 10 4 20 4278 19
6118 2 2 10 4 33 4274 32
6119 2 2 10 4 1980 4714 4567
6120 2 2 10 4 4068 4591 4135
6121 2 2 10 4 1467 1472 1465
6122 2 2 10 4 532 533 531
6123 2 2 10 4 1947 4297 2240
6124 2 2 10 4 1322 1637 1321
6125 2 2 10 4 2648 2649 1967
6126 2 2 10 4 571 4037 578
6127 2 2 10 4 838 839 837
6128 2 2 10 4 1593 2030 1964
6129 2 2 10 4 1160 1162 1161
6130 2 2 10 4 1052 1054 1053
6131 2 2 10 4 889 891 890
6132 2 2 10 4 430 4731 10
6133 2 2 10 4 1485 4144 1486
6134 2 2 10 4 557 559 558
6135 2 2 10 4 3028 3234 3233
6136 2 2 10 4 102 4417 101
6137 2 2 10 4 647 652 648
6138 2 2 10 4 2282 4337 3061
6139 2 2 10 4 1772 1774 1773
6140 2 2 10 4 4226 4376 814
6141 2 2 10 4 1121 1123 1122
6142 2 2 10 4 1482 1496 1479
6143 2 2 10 4 1839 4475 4364
6144 2 2 10 4 4296 4358 656
6145 2 2 10 4 4153 4158 4157
6146 2 2 10 4 914 915 913
6147 2 2 10 4 2856 3273 3272
6148 2 2 10 4 3127 5355 3125
6149 2 2 10 4 2792 4503 2791
6150 2 2 10 4 1137 1138 1136
6151 2 2 10 4 1929 4400 4186
6152 2 2 10 4 1247 1424 1249
6153 2 2 10 4 1279 4507 2575
6154 2 2 10 4 1841 4250 1864
6155 2 2 10 4 2854 2856 2855
6156 2 2 10 4 1668 4341 2108
6157 2 2 10 4 2466 4305 2055
6158 2 2 10 4 2182 4346 4294
6159 2 2 10 4 84 4809 83
6160 2 2 10 4 1923 2313 2312
6161 2 2 10 4 1355 1356 1354
6162 2 2 10 4 486 5571 4940
6163 2 2 10 4 139 4269 138
6164 2 2 10 4 2302 2632 2056
6165 2 2 10 4 1489 1490 1488
6166 2 2 10 4 2395 3322 3011
6167 2 2 10 4 2057 2609 2315
6168 2 2 10 4 3740 5287 3738
6169 2 2 10 4 2427 4201 3094
6170 2 2 10 4 2786 4386 2787
6171 2 2 10 4 2887 4307 2542
6172 2 2 10 4 622 623 621
6173 2 2 10 4 650 654 649
6174 2 2 10 4 3013 3014 2714
6175 2 2 10 4 1404 1406 1405
6176 2 2 10 4 1002 4437 904
6177 2 2 10 4 2475 2904 2474
6178 2 2 10 4 1928 2431 2430
6179 2 2 10 4 801 804 803
6180 2 2 10 4 1589 4102 2631
6181 2 2 10 4 1709 2241 1708
6182 2 2 10 4 3984 4311 2464
6183 2 2 10 4 2614 4412 1519
6184 2 2 10 4 1799 1802 1798
6185 2 2 10 4 780 781 778
6186 2 2 10 4 790 4309 1095
6187 2 2 10 4 1864 4250 2537
6188 2 2 10 4 2466 4314 4305
6189 2 2 10 4 4049 4053 4052
6190 2 2 10 4 1715 1716 1533
6191 2 2 10 4 2941 2943 2942
6192 2 2 10 4 2717 4317 4245
6193 2 2 10 4 1123 4463 1215
6194 2 2 10 4 1963 2824 2823
6195 2 2 10 4 1612 4317 4038
6196 2 2 10 4 1234 1236 1235
6197 2 2 10 4 3957 4593 1328
6198 2 2 10 4 1391 5321 5127
6199 2 2 10 4 1656 1658 1657
6200 2 2 10 4 1148 4800 1197
6201 2 2 10 4 2145 4355 1739
6202 2 2 10 4 2580 2581 2579
6203 2 2 10 4 415 4905 129
6204 2 2 10 4 3480 4362 3483
6205 2 2 10 4 3118 3119 3117
6206 2 2 10 4 836 4404 4041
6207 2 2 10 4 2306 4240 1732
6208 2 2 10 4 2597 4399 2658
6209 2 2 10 4 3158 3352 3226
6210 2 2 10 4 1695 1696 1694
6211 2 2 10 4 2415 4292 3592
6212 2 2 10 4 2532 3262 3261
6213 2 2 10 4 1056 1058 1057
6214 2 2 10 4 2431 4384 3187
6215 2 2 10 4 3175 4314 2466
6216 2 2 10 4 4041 4404 4297
6217 2 2 10 4 1318 1435 1324
6218 2 2 10 4 579 2897 575
6219 2 2 10 4 1491 1492 1490
6220 2 2 10 4 1361 4781 1411
6221 2 2 10 4 1397 4580 1673
6222 2 2 10 4 3582 5434 4905
6223 2 2 10 4 3496 4387 3495
6224 2 2 10 4 964 965 963
6225 2 2 10 4 1292 1293 1290
6226 2 2 10 4 3518 3520 3519
6227 2 2 10 4 1183 1184 1182
6228 2 2 10 4 1905 1906 1904
6229 2 2 10 4 4510 4869 861
6230 2 2 10 4 3803 4561 1598
6231 2 2 10 4 2191 4290 2214
6232 2 2 10 4 771 798 772
6233 2 2 10 4 891 893 892
6234 2 2 10 4 938 940 939
6235 2 2 10 4 4245 4317 1612
6236 2 2 10 4 4429 5225 4155
6237 2 2 10 4 477 4946 76
6238 2 2 10 4 4711 5324 430
6239 2 2 10 4 2179 2373 2178
6240 2 2 10 4 534 535 533
6241 2 2 10 4 1653 4351 4348
6242 2 2 10 4 4348 4351 3207
6243 2 2 10 4 3643 4880 1185
6244 2 2 10 4 775 4838 3821
6245 2 2 10 4 3099 4236 2310
6246 2 2 10 4 1756 1757 1755
6247 2 2 10 4 75 4946 440
6248 2 2 10 4 1344 4484 1340
6249 2 2 10 4 1162 1164 1163
6250 2 2 10 4 3624 4934 2945
6251 2 2 10 4 1887 4221 1889
6252 2 2 10 4 1123 1125 1124
6253 2 2 10 4 2214 2854 2531
6254 2 2 10 4 559 561 560
6255 2 2 10 4 992 994 993
6256 2 2 10 4 2023 4414 2432
6257 2 2 10 4 1973 1979 1913
6258 2 2 10 4 438 4953 78
6259 2 2 10 4 1236 4102 1589
6260 2 2 10 4 2673 4324 2513
6261 2 2 10 4 1810 1811 1808
6262 2 2 10 4 1099 4220 796
6263 2 2 10 4 1030 1031 1029
6264 2 2 10 4 2632 3295 3171
6265 2 2 10 4 652 659 653
6266 2 2 10 4 1357 1358 1356
6267 2 2 10 4 1774 1776 1775
6268 2 2 10 4 4078 5161 4091
6269 2 2 10 4 1139 1140 1138
6270 2 2 10 4 916 917 915
6271 2 2 10 4 2087 4252 2504
6272 2 2 10 4 3609 3610 2724
6273 2 2 10 4 2497 5578 3682
6274 2 2 10 4 1719 1720 1718
6275 2 2 10 4 249 5023 250
6276 2 2 10 4 3699 4811 4119
6277 2 2 10 4 1432 3110 2002
6278 2 2 10 4 1889 4221 2183
6279 2 2 10 4 1874 1876 1875
6280 2 2 10 4 655 661 654
6281 2 2 10 4 4064 5466 397
6282 2 2 10 4 2826 4137 2217
6283 2 2 10 4 951 5292 3394
6284 2 2 10 4 2654 2655 2653
6285 2 2 10 4 1278 4378 1280
6286 2 2 10 4 1037 1038 1034
6287 2 2 10 4 1553 1555 1554
6288 2 2 10 4 3804 3806 3805
6289 2 2 10 4 2388 3228 2210
6290 2 2 10 4 2291 4882 4272
6291 2 2 10 4 4598 4775 2195
6292 2 2 10 4 3282 5488 5428
6293 2 2 10 4 852 854 853
6294 2 2 10 4 3509 5153 3422
6295 2 2 10 4 3846 4466 1535
6296 2 2 10 4 3095 4658 2315
6297 2 2 10 4 1654 4580 1399
6298 2 2 10 4 677 678 668
6299 2 2 10 4 2572 4353 2185
6300 2 2 10 4 491 4978 4122
6301 2 2 10 4 1803 1805 1802
6302 2 2 10 4 490 4275 4274
6303 2 2 10 4 2943 2945 2944
6304 2 2 10 4 2582 2608 2581
6305 2 2 10 4 2427 3094 3093
6306 2 2 10 4 1981 5004 1298
6307 2 2 10 4 77 4953 477
6308 2 2 10 4 2311 4420 2095
6309 2 2 10 4 1102 1103 841
6310 2 2 10 4 2120 2122 2121
6311 2 2 10 4 3137 3631 3630
6312 2 2 10 4 2615 3173 2616
6313 2 2 10 4 390 4823 92
6314 2 2 10 4 2330 3163 2567
6315 2 2 10 4 989 5206 1320
6316 2 2 10 4 4078 4091 394
6317 2 2 10 4 393 4092 4074
6318 2 2 10 4 1191 1192 1184
6319 2 2 10 4 2778 4383 3641
6320 2 2 10 4 1580 4255 1578
6321 2 2 10 4 4050 4053 4049
6322 2 2 10 4 3999 5381 4403
6323 2 2 10 4 3120 3121 3119
6324 2 2 10 4 2186 2407 2185
6325 2 2 10 4 3272 3274 2855
6326 2 2 10 4 1436 2681 1542
6327 2 2 10 4 1493 1494 1492
6328 2 2 10 4 1697 1699 1696
6329 2 2 10 4 153 4332 152
6330 2 2 10 4 1435 1453 1452
6331 2 2 10 4 3234 3235 3233
6332 2 2 10 4 2934 5229 5174
6333 2 2 10 4 2070 2602 2324
6334 2 2 10 4 788 4309 790
6335 2 2 10 4 1406 1564 1407
6336 2 2 10 4 2612 4416 3377
6337 2 2 10 4 893 895 894
6338 2 2 10 4 511 515 513
6339 2 2 10 4 2529 5451 3371
6340 2 2 10 4 966 967 965
6341 2 2 10 4 2374 2375 2373
6342 2 2 10 4 2669 2671 2670
6343 2 2 10 4 3806 3808 3807
6344 2 2 10 4 1730 4270 1728
6345 2 2 10 4 4294 4346 2870
6346 2 2 10 4 511 513 512
6347 2 2 10 4 624 625 623
6348 2 2 10 4 790 1095 792
6349 2 2 10 4 3961 4544 2990
6350 2 2 10 4 536 537 535
6351 2 2 10 4 1544 1553 1546
6352 2 2 10 4 2209 2210 693
6353 2 2 10 4 1778 1780 1779
6354 2 2 10 4 1141 1142 1140
6355 2 2 10 4 2955 2956 2326
6356 2 2 10 4 2422 2423 2180
6357 2 2 10 4 35 4293 34
6358 2 2 10 4 4166 5611 4867
6359 2 2 10 4 3141 4425 2292
6360 2 2 10 4 2482 3301 3299
6361 2 2 10 4 3255 4103 3559
6362 2 2 10 4 1336 4098 1334
6363 2 2 10 4 1674 1967 1675
6364 2 2 10 4 3016 4464 3018
6365 2 2 10 4 3023 4464 4169
6366 2 2 10 4 2870 4346 3327
6367 2 2 10 4 1164 1166 1165
6368 2 2 10 4 2861 2886 2885
6369 2 2 10 4 1359 1360 1358
6370 2 2 10 4 1653 4348 4100
6371 2 2 10 4 3063 5270 4219
6372 2 2 10 4 561 563 562
6373 2 2 10 4 2122 2124 2123
6374 2 2 10 4 2301 4251 3060
6375 2 2 10 4 3918 5415 3189
6376 2 2 10 4 840 4443 837
6377 2 2 10 4 1750 3715 3714
6378 2 2 10 4 659 665 660
6379 2 2 10 4 2673 4373 4324
6380 2 2 10 4 3306 4345 3014
6381 2 2 10 4 3520 3522 3521
6382 2 2 10 4 1125 1127 1126
6383 2 2 10 4 815 827 826
6384 2 2 10 4 671 674 673
6385 2 2 10 4 3755 3756 3658
6386 2 2 10 4 918 919 917
6387 2 2 10 4 1555 1622 1621
6388 2 2 10 4 1758 1759 1757
6389 2 2 10 4 850 851 848
6390 2 2 10 4 1795 4380 1804
6391 2 2 10 4 1330 1333 1332
6392 2 2 10 4 1032 1033 1031
6393 2 2 10 4 351 4334 352
6394 2 2 10 4 1581 2669 2202
6395 2 2 10 4 3889 3890 3887
6396 2 2 10 4 2490 4477 3550
6397 2 2 10 4 3840 4672 2443
6398 2 2 10 4 3747 3748 3620
6399 2 2 10 4 1240 1242 1241
6400 2 2 10 4 1090 4478 1087
6401 2 2 10 4 3178 5265 4372
6402 2 2 10 4 2812 4853 2743
6403 2 2 10 4 5352 5526 4172
6404 2 2 10 4 3317 4674 3312
6405 2 2 10 4 2045 3934 1813
6406 2 2 10 4 940 942 941
6407 2 2 10 4 662 667 661
6408 2 2 10 4 1294 1295 1293
6409 2 2 10 4 3661 5207 3455
6410 2 2 10 4 3543 5205 478
6411 2 2 10 4 4219 5270 1101
6412 2 2 10 4 4695 5554 3884
6413 2 2 10 4 3413 5193 453
6414 2 2 10 4 2840 4510 857
6415 2 2 10 4 1375 1376 1374
6416 2 2 10 4 2150 2361 2151
6417 2 2 10 4 1977 2180 1855
6418 2 2 10 4 3993 4583 481
6419 2 2 10 4 2789 4922 2788
6420 2 2 10 4 1909 1910 1908
6421 2 2 10 4 2945 2947 2946
6422 2 2 10 4 858 860 859
6423 2 2 10 4 2912 2913 2911
6424 2 2 10 4 1198 1199 1192
6425 2 2 10 4 1837 1845 1828
6426 2 2 10 4 818 819 809
6427 2 2 10 4 830 831 820
6428 2 2 10 4 1004 5316 918
6429 2 2 10 4 3247 3321 2364
6430 2 2 10 4 2359 4480 2200
6431 2 2 10 4 4996 5016 1193
6432 2 2 10 4 2922 2923 2696
6433 2 2 10 4 1225 5331 4006
6434 2 2 10 4 3184 3185 2423
6435 2 2 10 4 538 539 537
6436 2 2 10 4 2376 2600 2375
6437 2 2 10 4 682 5482 5296
6438 2 2 10 4 1495 1628 1494
6439 2 2 10 4 2671 2903 2879
6440 2 2 10 4 3122 3123 3121
6441 2 2 10 4 1453 1606 1454
6442 2 2 10 4 895 897 896
6443 2 2 10 4 1143 1144 1142
6444 2 2 10 4 2498 4377 3348
6445 2 2 10 4 1337 4398 1339
6446 2 2 10 4 2686 2688 2687
6447 2 2 10 4 2651 3640 2515
6448 2 2 10 4 3618 5549 4814
6449 2 2 10 4 968 969 967
6450 2 2 10 4 975 977 973
6451 2 2 10 4 4208 5242 4094
6452 2 2 10 4 3806 3924 3808
6453 2 2 10 4 2091 2707 2457
6454 2 2 10 4 2910 2911 2596
6455 2 2 10 4 1640 4507 1281
6456 2 2 10 4 2753 5379 3587
6457 2 2 10 4 769 2150 2085
6458 2 2 10 4 3514 5524 365
6459 2 2 10 4 15 4782 397
6460 2 2 10 4 1410 1571 1390
6461 2 2 10 4 3689 4469 1703
6462 2 2 10 4 2313 4354 2969
6463 2 2 10 4 2124 2126 2125
6464 2 2 10 4 3084 5118 3940
6465 2 2 10 4 2612 2690 2611
6466 2 2 10 4 1424 4310 1249
6467 2 2 10 4 2695 2696 2105
6468 2 2 10 4 4247 5605 3952
6469 2 2 10 4 1108 1109 1107
6470 2 2 10 4 1166 1168 1167
6471 2 2 10 4 2302 4249 3064
6472 2 2 10 4 2003 2436 2435
6473 2 2 10 4 2030 2396 2248
6474 2 2 10 4 563 565 564
6475 2 2 10 4 1319 4368 2000
6476 2 2 10 4 1574 1575 1572
6477 2 2 10 4 1619 4375 4363
6478 2 2 10 4 1062 1064 1063
6479 2 2 10 4 1727 4255 1580
6480 2 2 10 4 1704 4737 3994
6481 2 2 10 4 2897 4406 575
6482 2 2 10 4 4157 4293 4151
6483 2 2 10 4 1388 1389 1369
6484 2 2 10 4 3028 4279 3234
6485 2 2 10 4 665 670 666
6486 2 2 10 4 1632 1634 1420
6487 2 2 10 4 1670 2686 2685
6488 2 2 10 4 1760 1761 1759
6489 2 2 10 4 920 921 919
6490 2 2 10 4 2361 2363 2362
6491 2 2 10 4 492 4278 20
6492 2 2 10 4 362 4277 26
6493 2 2 10 4 25 4277 493
6494 2 2 10 4 19 4278 392
6495 2 2 10 4 32 4274 374
6496 2 2 10 4 490 4274 33
6497 2 2 10 4 2461 4388 3010
6498 2 2 10 4 2072 4397 2093
6499 2 2 10 4 2244 4385 3153
6500 2 2 10 4 1565 4427 1674
6501 2 2 10 4 2675 4373 2673
6502 2 2 10 4 3148 3149 2913
6503 2 2 10 4 2019 5576 4082
6504 2 2 10 4 784 785 783
6505 2 2 10 4 448 5009 3501
6506 2 2 10 4 1372 4560 4325
6507 2 2 10 4 1244 1246 1245
6508 2 2 10 4 1361 1362 1360
6509 2 2 10 4 1714 2275 2274
6510 2 2 10 4 2609 3369 3095
6511 2 2 10 4 2161 4019 2159
6512 2 2 10 4 2639 2640 2188
6513 2 2 10 4 3743 4430 3744
6514 2 2 10 4 2924 2925 2923
6515 2 2 10 4 1296 1298 1295
6516 2 2 10 4 767 5122 775
6517 2 2 10 4 782 808 781
6518 2 2 10 4 47 4734 3991
6519 2 2 10 4 1202 1203 1199
6520 2 2 10 4 3982 4738 480
6521 2 2 10 4 540 541 539
6522 2 2 10 4 2809 3219 3218
6523 2 2 10 4 1024 4090 2476
6524 2 2 10 4 2688 3167 3166
6525 2 2 10 4 3325 5129 3488
6526 2 2 10 4 4281 5613 461
6527 2 2 10 4 804 806 805
6528 2 2 10 4 2436 2693 2692
6529 2 2 10 4 2021 4405 1925
6530 2 2 10 4 2947 2949 2948
6531 2 2 10 4 700 701 681
6532 2 2 10 4 897 899 898
6533 2 2 10 4 1046 1047 1044
6534 2 2 10 4 5221 5449 2420
6535 2 2 10 4 2347 4035 2346
6536 2 2 10 4 2951 5035 4005
6537 2 2 10 4 377 5058 3504
6538 2 2 10 4 1145 1146 1144
6539 2 2 10 4 1652 2703 2106
6540 2 2 10 4 1595 4715 2205
6541 2 2 10 4 2565 5352 4172
6542 2 2 10 4 1606 2074 1982
6543 2 2 10 4 770 783 760
6544 2 2 10 4 3465 5275 357
6545 2 2 10 4 2856 3272 2855
6546 2 2 10 4 3124 3125 3123
6547 2 2 10 4 3102 4793 4634
6548 2 2 10 4 270 4372 271
6549 2 2 10 4 4203 4513 2232
6550 2 2 10 4 1671 4322 1632
6551 2 2 10 4 1305 1306 1304
6552 2 2 10 4 1325 4390 4009
6553 2 2 10 4 1411 4930 1363
6554 2 2 10 4 3427 5256 447
6555 2 2 10 4 3350 5403 5071
6556 2 2 10 4 4086 4087 3273
6557 2 2 10 4 3147 4381 3146
6558 2 2 10 4 970 972 969
6559 2 2 10 4 2993 5227 4411
6560 2 2 10 4 2133 2136 2135
6561 2 2 10 4 1306 4308 1308
6562 2 2 10 4 2595 3371 2909
6563 2 2 10 4 2991 2992 2990
6564 2 2 10 4 879 880 878
6565 2 2 10 4 1687 4040 1686
6566 2 2 10 4 946 948 947
6567 2 2 10 4 2634 2636 2228
6568 2 2 10 4 574 1428 593
6569 2 2 10 4 2907 2908 2815
6570 2 2 10 4 115 4846 114
6571 2 2 10 4 2589 2769 2450
6572 2 2 10 4 1127 1129 1128
6573 2 2 10 4 2126 2130 2127
6574 2 2 10 4 1067 4444 1069
6575 2 2 10 4 3150 3151 3149
6576 2 2 10 4 3819 5095 4950
6577 2 2 10 4 2089 4821 4441
6578 2 2 10 4 2363 3933 3315
6579 2 2 10 4 5351 5543 4036
6580 2 2 10 4 1876 1878 1877
6581 2 2 10 4 2203 4794 4612
6582 2 2 10 4 1652 4231 2703
6583 2 2 10 4 565 567 566
6584 2 2 10 4 1168 1170 1169
6585 2 2 10 4 1578 4231 1576
6586 2 2 10 4 786 787 785
6587 2 2 10 4 2304 2487 2303
6588 2 2 10 4 1299 1449 1298
6589 2 2 10 4 2766 4395 2042
6590 2 2 10 4 3321 5245 5195
6591 2 2 10 4 2926 2927 2925
6592 2 2 10 4 980 983 978
6593 2 2 10 4 1353 4511 1355
6594 2 2 10 4 277 5047 356
6595 2 2 10 4 449 5047 276
6596 2 2 10 4 788 4605 4309
6597 2 2 10 4 2915 2916 2462
6598 2 2 10 4 2846 4391 4125
6599 2 2 10 4 1619 4363 2143
6600 2 2 10 4 1839 4364 1847
6601 2 2 10 4 1205 1206 1203
6602 2 2 10 4 3571 4764 3573
6603 2 2 10 4 1762 1763 1761
6604 2 2 10 4 2396 2732 2398
6605 2 2 10 4 1659 4415 2288
6606 2 2 10 4 2143 2527 2526
6607 2 2 10 4 4055 5137 4056
6608 2 2 10 4 1847 2563 1867
6609 2 2 10 4 1837 4232 1845
6610 2 2 10 4 2486 4619 4302
6611 2 2 10 4 1728 2005 1727
6612 2 2 10 4 1784 1786 1785
6613 2 2 10 4 922 923 921
6614 2 2 10 4 2787 4386 2790
6615 2 2 10 4 2571 3098 2310
6616 2 2 10 4 1812 1821 1811
6617 2 2 10 4 1247 1249 1248
6618 2 2 10 4 470 5020 131
6619 2 2 10 4 34 4293 490
6620 2 2 10 4 391 4293 35
6621 2 2 10 4 684 687 686
6622 2 2 10 4 899 901 900
6623 2 2 10 4 2636 4221 2228
6624 2 2 10 4 2143 4363 2527
6625 2 2 10 4 583 584 581
6626 2 2 10 4 424 4024 54
6627 2 2 10 4 1847 4364 2563
6628 2 2 10 4 1549 1550 1548
6629 2 2 10 4 542 543 541
6630 2 2 10 4 2814 2815 2201
6631 2 2 10 4 2483 4271 2079
6632 2 2 10 4 2989 2990 1844
6633 2 2 10 4 3495 4387 3500
6634 2 2 10 4 1886 2228 1887
6635 2 2 10 4 2165 2166 2164
6636 2 2 10 4 3333 4374 2968
6637 2 2 10 4 1259 5421 1134
6638 2 2 10 4 401 4422 3470
6639 2 2 10 4 2770 3326 2769
6640 2 2 10 4 881 882 880
6641 2 2 10 4 1363 1366 1362
6642 2 2 10 4 1039 1043 1038
6643 2 2 10 4 1118 4784 1626
6644 2 2 10 4 2442 3529 3370
6645 2 2 10 4 2911 4648 2596
6646 2 2 10 4 858 859 856
6647 2 2 10 4 679 680 678
6648 2 2 10 4 4009 4483 4008
6649 2 2 10 4 3290 5480 5383
6650 2 2 10 4 2693 2808 2694
6651 2 2 10 4 1147 1148 1146
6652 2 2 10 4 2488 2650 2487
6653 2 2 10 4 1623 4432 1084
6654 2 2 10 4 2847 4391 2846
6655 2 2 10 4 3390 4468 3960
6656 2 2 10 4 2949 2952 2951
6657 2 2 10 4 1393 1394 1392
6658 2 2 10 4 1951 3196 2399
6659 2 2 10 4 2567 4292 4198
6660 2 2 10 4 2993 2994 2992
6661 2 2 10 4 4291 4482 4136
6662 2 2 10 4 4268 5354 3211
6663 2 2 10 4 1385 1393 1392
6664 2 2 10 4 1547 1548 1545
6665 2 2 10 4 3164 3745 3163
6666 2 2 10 4 806 812 807
6667 2 2 10 4 4491 4968 3849
6668 2 2 10 4 3357 4767 4639
6669 2 2 10 4 2205 2290 2204
6670 2 2 10 4 578 579 575
6671 2 2 10 4 2547 3103 2329
6672 2 2 10 4 2193 2753 2752
6673 2 2 10 4 1105 1108 1107
6674 2 2 10 4 3126 3127 3125
6675 2 2 10 4 4240 4270 1730
6676 2 2 10 4 793 795 791
6677 2 2 10 4 2210 4132 693
6678 2 2 10 4 1450 1926 1449
6679 2 2 10 4 1050 1051 1048
6680 2 2 10 4 1725 4528 1726
6681 2 2 10 4 1176 1179 1178
6682 2 2 10 4 2463 2594 1976
6683 2 2 10 4 3152 3341 3151
6684 2 2 10 4 1543 2680 1541
6685 2 2 10 4 3249 4061 4060
6686 2 2 10 4 862 864 863
6687 2 2 10 4 3255 3559 2584
6688 2 2 10 4 655 5042 3551
6689 2 2 10 4 2877 4821 2309
6690 2 2 10 4 835 838 837
6691 2 2 10 4 489 4782 16
6692 2 2 10 4 2921 3837 2530
6693 2 2 10 4 2130 2132 2131
6694 2 2 10 4 1211 1212 1206
6695 2 2 10 4 2190 2555 2189
6696 2 2 10 4 2173 4403 2883
6697 2 2 10 4 3006 3007 3005
6698 2 2 10 4 4416 5489 3377
6699 2 2 10 4 2653 4498 2501
6700 2 2 10 4 2745 2746 2710
6701 2 2 10 4 567 570 568
6702 2 2 10 4 3082 4399 2597
6703 2 2 10 4 1446 4784 1120
6704 2 2 10 4 1075 1440 1073
6705 2 2 10 4 2301 3059 2553
6706 2 2 10 4 1170 1173 1171
6707 2 2 10 4 3684 5243 1302
6708 2 2 10 4 80 5182 3800
6709 2 2 10 4 2930 2931 2929
6710 2 2 10 4 2174 2592 1944
6711 2 2 10 4 1879 4433 1882
6712 2 2 10 4 601 2440 613
6713 2 2 10 4 1770 1771 1768
6714 2 2 10 4 1932 2455 1671
6715 2 2 10 4 1551 1552 1550
6716 2 2 10 4 3557 5448 2142
6717 2 2 10 4 1963 4451 2824
6718 2 2 10 4 1252 1268 1254
6719 2 2 10 4 2147 4449 2354
6720 2 2 10 4 901 903 902
6721 2 2 10 4 544 545 543
6722 2 2 10 4 3848 5312 596
6723 2 2 10 4 2732 2744 2743
6724 2 2 10 4 3626 5394 5391
6725 2 2 10 4 2669 4900 2671
6726 2 2 10 4 1149 1150 1148
6727 2 2 10 4 2818 4404 2874
6728 2 2 10 4 513 514 512
6729 2 2 10 4 1764 1765 1763
6730 2 2 10 4 4218 4400 1929
6731 2 2 10 4 2997 4358 4296
6732 2 2 10 4 924 925 923
6733 2 2 10 4 2291 2892 2290
6734 2 2 10 4 2683 5597 4263
6735 2 2 10 4 91 4823 468
6736 2 2 10 4 2406 2710 1740
6737 2 2 10 4 674 683 675
6738 2 2 10 4 353 5247 3404
6739 2 2 10 4 986 987 984
6740 2 2 10 4 3341 4352 3151
6741 2 2 10 4 1142 5024 1219
6742 2 2 10 4 3004 3005 1558
6743 2 2 10 4 381 4494 3412
6744 2 2 10 4 2154 2189 1460
6745 2 2 10 4 3715 3717 3716
6746 2 2 10 4 3738 5487 669
6747 2 2 10 4 1815 4638 1832
6748 2 2 10 4 1822 1823 1821
6749 2 2 10 4 950 952 951
6750 2 2 10 4 883 884 882
6751 2 2 10 4 3098 3099 2310
6752 2 2 10 4 1333 2390 1642
6753 2 2 10 4 1283 1568 1286
6754 2 2 10 4 2445 2578 2448
6755 2 2 10 4 1788 1790 1789
6756 2 2 10 4 1295 5004 1441
6757 2 2 10 4 3035 3908 3009
6758 2 2 10 4 3153 3511 2294
6759 2 2 10 4 4723 5169 3545
6760 2 2 10 4 1367 1368 1366
6761 2 2 10 4 2019 4414 2020
6762 2 2 10 4 1129 1131 1130
6763 2 2 10 4 688 691 690
6764 2 2 10 4 3156 3157 3133
6765 2 2 10 4 2714 4350 2715
6766 2 2 10 4 589 1443 587
6767 2 2 10 4 3066 4690 3165
6768 2 2 10 4 839 1102 841
6769 2 2 10 4 706 707 704
6770 2 2 10 4 794 796 793
6771 2 2 10 4 2858 4505 2861
6772 2 2 10 4 2166 2186 2185
6773 2 2 10 4 2620 3111 2555
6774 2 2 10 4 2610 2612 2611
6775 2 2 10 4 3786 4913 2631
6776 2 2 10 4 8 4329 7
6777 2 2 10 4 2467 3191 2796
6778 2 2 10 4 2842 4028 2252
6779 2 2 10 4 812 1426 813
6780 2 2 10 4 4024 4025 53
6781 2 2 10 4 2213 2215 1644
6782 2 2 10 4 1213 1214 1212
6783 2 2 10 4 546 547 545
6784 2 2 10 4 1197 5162 1146
6785 2 2 10 4 2393 3013 2714
6786 2 2 10 4 1645 4959 3662
6787 2 2 10 4 1556 1557 1552
6788 2 2 10 4 655 5422 662
6789 2 2 10 4 693 4132 692
6790 2 2 10 4 2092 4420 2091
6791 2 2 10 4 2316 4658 2319
6792 2 2 10 4 3128 3129 3127
6793 2 2 10 4 1025 4090 1024
6794 2 2 10 4 139 4609 4269
6795 2 2 10 4 1820 4585 4251
6796 2 2 10 4 1882 4433 1886
6797 2 2 10 4 1617 4419 1559
6798 2 2 10 4 1114 1115 1113
6799 2 2 10 4 2139 2177 2176
6800 2 2 10 4 3349 5485 1570
6801 2 2 10 4 934 935 932
6802 2 2 10 4 903 905 904
6803 2 2 10 4 2005 2754 2523
6804 2 2 10 4 3895 5520 3409
6805 2 2 10 4 2195 5363 3648
6806 2 2 10 4 2528 2657 2273
6807 2 2 10 4 2522 3054 2766
6808 2 2 10 4 4333 5084 1982
6809 2 2 10 4 1151 1152 1150
6810 2 2 10 4 2841 2842 2252
6811 2 2 10 4 1173 1175 1174
6812 2 2 10 4 376 5501 4169
6813 2 2 10 4 1971 1972 1962
6814 2 2 10 4 2599 4484 1344
6815 2 2 10 4 2272 2273 982
6816 2 2 10 4 1745 4234 1743
6817 2 2 10 4 2697 4974 3633
6818 2 2 10 4 2594 4232 1976
6819 2 2 10 4 1073 4339 1070
6820 2 2 10 4 2509 3544 3543
6821 2 2 10 4 2744 2813 2812
6822 2 2 10 4 2934 2935 2933
6823 2 2 10 4 2228 4221 1887
6824 2 2 10 4 4174 4422 2660
6825 2 2 10 4 2191 4481 4290
6826 2 2 10 4 2898 5089 4330
6827 2 2 10 4 1079 5491 592
6828 2 2 10 4 1289 4703 1291
6829 2 2 10 4 1766 1767 1765
6830 2 2 10 4 926 928 925
6831 2 2 10 4 2883 4543 1586
6832 2 2 10 4 1749 4595 4042
6833 2 2 10 4 2091 4420 2707
6834 2 2 10 4 2393 2714 2713
6835 2 2 10 4 2644 4506 2963
6836 2 2 10 4 1961 1962 1927
6837 2 2 10 4 5194 5223 3760
6838 2 2 10 4 2054 2491 2053
6839 2 2 10 4 3920 4552 3921
6840 2 2 10 4 2346 3177 2755
6841 2 2 10 4 1872 2144 1874
6842 2 2 10 4 2087 2088 1615
6843 2 2 10 4 1469 1471 1470
6844 2 2 10 4 1562 4458 700
6845 2 2 10 4 2961 4336 2592
6846 2 2 10 4 4153 4157 4151
6847 2 2 10 4 716 5064 4624
6848 2 2 10 4 2740 2961 2592
6849 2 2 10 4 1220 1221 1214
6850 2 2 10 4 885 886 884
6851 2 2 10 4 3541 3558 3093
6852 2 2 10 4 1824 1892 1823
6853 2 2 10 4 1648 1649 1647
6854 2 2 10 4 617 622 621
6855 2 2 10 4 462 5030 4350
6856 2 2 10 4 3717 3719 3718
6857 2 2 10 4 3971 5298 3972
6858 2 2 10 4 1131 1133 1132
6859 2 2 10 4 1466 1469 1468
6860 2 2 10 4 905 907 906
6861 2 2 10 4 954 956 955
6862 2 2 10 4 1274 2059 1208
6863 2 2 10 4 1686 2368 2107
6864 2 2 10 4 548 549 547
6865 2 2 10 4 2084 5341 3706
6866 2 2 10 4 1303 4468 2480
6867 2 2 10 4 1342 1448 1365
6868 2 2 10 4 406 4128 61
6869 2 2 10 4 3219 3221 3220
6870 2 2 10 4 3201 4904 3621
6871 2 2 10 4 413 5139 254
6872 2 2 10 4 3032 5399 3653
6873 2 2 10 4 3930 5049 416
6874 2 2 10 4 2417 2785 2618
6875 2 2 10 4 3130 3132 3129
6876 2 2 10 4 1153 1154 1152
6877 2 2 10 4 2627 4713 2625
6878 2 2 10 4 702 703 701
6879 2 2 10 4 1848 2153 2152
6880 2 2 10 4 2158 2159 1972
6881 2 2 10 4 3014 4350 2714
6882 2 2 10 4 1790 1792 1791
6883 2 2 10 4 471 5208 4712
6884 2 2 10 4 1940 4571 1939
6885 2 2 10 4 4343 4618 4344
6886 2 2 10 4 3261 5534 3183
6887 2 2 10 4 1288 1292 1290
6888 2 2 10 4 1656 1657 1517
6889 2 2 10 4 3817 4839 3866
6890 2 2 10 4 2172 4525 1548
6891 2 2 10 4 852 853 851
6892 2 2 10 4 568 5491 566
6893 2 2 10 4 2301 3060 3059
6894 2 2 10 4 1509 1510 1506
6895 2 2 10 4 1462 2682 1464
6896 2 2 10 4 3979 4537 3978
6897 2 2 10 4 2441 4437 1002
6898 2 2 10 4 3870 4681 2642
6899 2 2 10 4 1111 1114 1113
6900 2 2 10 4 1631 2276 1996
6901 2 2 10 4 710 711 708
6902 2 2 10 4 314 5149 445
6903 2 2 10 4 354 5149 313
6904 2 2 10 4 1056 1057 1054
6905 2 2 10 4 3706 5234 2084
6906 2 2 10 4 3518 3519 3516
6907 2 2 10 4 2136 2138 2137
6908 2 2 10 4 2847 4492 4391
6909 2 2 10 4 1480 1631 1498
6910 2 2 10 4 2060 2061 2059
6911 2 2 10 4 414 4943 4374
6912 2 2 10 4 832 845 831
6913 2 2 10 4 3085 4442 2463
6914 2 2 10 4 2723 2807 2806
6915 2 2 10 4 1086 2610 1623
6916 2 2 10 4 526 528 527
6917 2 2 10 4 1247 1248 1246
6918 2 2 10 4 595 596 591
6919 2 2 10 4 1604 2723 2365
6920 2 2 10 4 1471 1474 1473
6921 2 2 10 4 2467 2795 2224
6922 2 2 10 4 938 939 936
6923 2 2 10 4 2068 2155 2066
6924 2 2 10 4 1227 1228 1226
6925 2 2 10 4 1522 1525 1524
6926 2 2 10 4 1564 4427 1565
6927 2 2 10 4 1525 1529 1528
6928 2 2 10 4 2913 4947 2911
6929 2 2 10 4 992 993 990
6930 2 2 10 4 2086 2561 2560
6931 2 2 10 4 4377 5481 3111
6932 2 2 10 4 2082 2224 1587
6933 2 2 10 4 929 931 928
6934 2 2 10 4 1070 1071 1068
6935 2 2 10 4 3503 5419 377
6936 2 2 10 4 2302 3064 2966
6937 2 2 10 4 550 551 549
6938 2 2 10 4 2468 3609 2724
6939 2 2 10 4 973 4389 972
6940 2 2 10 4 2153 3585 3584
6941 2 2 10 4 468 5061 90
6942 2 2 10 4 1262 1273 1270
6943 2 2 10 4 3754 4948 972
6944 2 2 10 4 2232 4513 4178
6945 2 2 10 4 1340 4484 1338
6946 2 2 10 4 2715 4970 4819
6947 2 2 10 4 1700 4335 1699
6948 2 2 10 4 1155 1156 1154
6949 2 2 10 4 4639 4767 2706
6950 2 2 10 4 1511 1512 1510
6951 2 2 10 4 3214 4736 4621
6952 2 2 10 4 827 834 828
6953 2 2 10 4 3876 4440 2516
6954 2 2 10 4 2199 2621 2416
6955 2 2 10 4 4198 4292 2241
6956 2 2 10 4 887 888 886
6957 2 2 10 4 713 4367 710
6958 2 2 10 4 1481 1639 1608
6959 2 2 10 4 4123 4353 2572
6960 2 2 10 4 2160 2161 2159
6961 2 2 10 4 1380 4347 1385
6962 2 2 10 4 1716 1719 1718
6963 2 2 10 4 3478 4810 371
6964 2 2 10 4 2813 4721 2812
6965 2 2 10 4 1133 1135 1134
6966 2 2 10 4 3719 3721 3720
6967 2 2 10 4 528 530 529
6968 2 2 10 4 2917 2918 2916
6969 2 2 10 4 3239 3240 2884
6970 2 2 10 4 1526 1530 1527
6971 2 2 10 4 862 863 860
6972 2 2 10 4 4466 4952 596
6973 2 2 10 4 1817 1850 1849
6974 2 2 10 4 1518 2699 1520
6975 2 2 10 4 1954 2419 2418
6976 2 2 10 4 1650 2229 1924
6977 2 2 10 4 1275 1276 1265
6978 2 2 10 4 3137 3630 2469
6979 2 2 10 4 3090 3211 3141
6980 2 2 10 4 1508 1514 1507
6981 2 2 10 4 1 4827 97
6982 2 2 10 4 1529 1540 1539
6983 2 2 10 4 1850 1852 1851
6984 2 2 10 4 2419 2998 2549
6985 2 2 10 4 844 4432 843
6986 2 2 10 4 1505 1507 1503
6987 2 2 10 4 1913 4331 1910
6988 2 2 10 4 1217 1218 1210
6989 2 2 10 4 1878 1968 1879
6990 2 2 10 4 520 524 522
6991 2 2 10 4 3586 4848 4320
6992 2 2 10 4 1209 1210 1201
6993 2 2 10 4 552 553 551
6994 2 2 10 4 933 5152 4973
6995 2 2 10 4 431 5182 81
6996 2 2 10 4 1639 2194 2149
6997 2 2 10 4 2062 2063 2061
6998 2 2 10 4 196 4807 195
6999 2 2 10 4 4645 5220 3401
7000 2 2 10 4 3308 3309 1966
7001 2 2 10 4 1936 4456 1322
7002 2 2 10 4 2048 2334 2333
7003 2 2 10 4 2166 4301 2186
7004 2 2 10 4 3213 3214 2960
7005 2 2 10 4 1944 4449 1945
7006 2 2 10 4 1530 1532 1531
7007 2 2 10 4 2112 2984 1617
7008 2 2 10 4 2962 5270 3063
7009 2 2 10 4 2650 4600 2487
7010 2 2 10 4 2368 3282 2751
7011 2 2 10 4 1467 1476 1472
7012 2 2 10 4 1371 1375 1374
7013 2 2 10 4 2484 2821 2161
7014 2 2 10 4 1284 4682 4321
7015 2 2 10 4 1718 5065 1717
7016 2 2 10 4 150 4716 499
7017 2 2 10 4 465 4716 151
7018 2 2 10 4 1578 4255 4231
7019 2 2 10 4 745 5383 4452
7020 2 2 10 4 1179 1181 1180
7021 2 2 10 4 1778 1779 1776
7022 2 2 10 4 698 723 722
7023 2 2 10 4 2334 3113 3112
7024 2 2 10 4 1501 2705 1499
7025 2 2 10 4 1052 1053 1051
7026 2 2 10 4 2721 4554 3266
7027 2 2 10 4 857 4510 858
7028 2 2 10 4 3881 5430 4004
7029 2 2 10 4 3018 4464 3023
7030 2 2 10 4 3972 4741 388
7031 2 2 10 4 3885 4615 3886
7032 2 2 10 4 3617 3747 3620
7033 2 2 10 4 1229 1230 1228
7034 2 2 10 4 3839 4763 4747
7035 2 2 10 4 846 1432 845
7036 2 2 10 4 1570 5540 3349
7037 2 2 10 4 1190 2656 1172
7038 2 2 10 4 4571 4854 1939
7039 2 2 10 4 1513 1516 1512
7040 2 2 10 4 2648 2771 2649
7041 2 2 10 4 1515 2242 1514
7042 2 2 10 4 1772 1773 1771
7043 2 2 10 4 1540 1900 1899
7044 2 2 10 4 1062 1063 1060
7045 2 2 10 4 2313 2767 2312
7046 2 2 10 4 2268 2702 2576
7047 2 2 10 4 469 5135 3965
7048 2 2 10 4 530 532 531
7049 2 2 10 4 130 5020 415
7050 2 2 10 4 2493 5398 3935
7051 2 2 10 4 1643 4478 1090
7052 2 2 10 4 3337 4739 2747
7053 2 2 10 4 889 890 888
7054 2 2 10 4 1038 4526 1034
7055 2 2 10 4 2107 4507 1640
7056 2 2 10 4 3721 3724 3722
7057 2 2 10 4 3234 3388 3257
7058 2 2 10 4 516 1609 518
7059 2 2 10 4 1135 1137 1136
7060 2 2 10 4 2431 2613 2430
7061 2 2 10 4 1576 1652 1575
7062 2 2 10 4 1476 1482 1479
7063 2 2 10 4 1486 1488 1487
7064 2 2 10 4 554 555 553
7065 2 2 10 4 2621 3294 3292
7066 2 2 10 4 2854 2855 2531
7067 2 2 10 4 4053 4470 2261
7068 2 2 10 4 678 4524 668
7069 2 2 10 4 1720 1724 1722
7070 2 2 10 4 4583 4944 481
7071 2 2 10 4 988 1436 987
7072 2 2 10 4 1281 4507 1279
7073 2 2 10 4 4136 4482 3319
7074 2 2 10 4 3234 4279 3388
7075 2 2 10 4 3142 4744 3070
7076 2 2 10 4 603 1535 598
7077 2 2 10 4 1728 4270 2005
7078 2 2 10 4 2091 2457 2071
7079 2 2 10 4 1662 1663 1660
7080 2 2 10 4 2923 4891 2696
7081 2 2 10 4 2842 4029 4028
7082 2 2 10 4 2835 4750 3375
7083 2 2 10 4 2978 4749 2980
7084 2 2 10 4 3430 4496 3429
7085 2 2 10 4 3042 4750 2836
7086 2 2 10 4 1398 1461 1400
7087 2 2 10 4 2413 2414 2051
7088 2 2 10 4 3396 4717 2808
7089 2 2 10 4 3057 3271 2821
7090 2 2 10 4 2194 2820 2735
7091 2 2 10 4 4220 4759 795
7092 2 2 10 4 809 4379 808
7093 2 2 10 4 2064 2070 2063
7094 2 2 10 4 2050 2051 1561
7095 2 2 10 4 823 4500 802
7096 2 2 10 4 3995 4477 2490
7097 2 2 10 4 1532 1715 1533
7098 2 2 10 4 2369 2865 2864
7099 2 2 10 4 996 4316 994
7100 2 2 10 4 1233 1234 1232
7101 2 2 10 4 2515 4301 2166
7102 2 2 10 4 1910 4331 1912
7103 2 2 10 4 691 693 692
7104 2 2 10 4 2771 3693 3358
7105 2 2 10 4 985 5393 3372
7106 2 2 10 4 2862 4715 4526
7107 2 2 10 4 2578 2580 2579
7108 2 2 10 4 3253 4622 2995
7109 2 2 10 4 4631 5245 3260
7110 2 2 10 4 3158 3226 3157
7111 2 2 10 4 2302 2966 2632
7112 2 2 10 4 2245 2371 2243
7113 2 2 10 4 2767 5474 4684
7114 2 2 10 4 4713 4755 1703
7115 2 2 10 4 344 5214 414
7116 2 2 10 4 3186 3303 2613
7117 2 2 10 4 726 727 719
7118 2 2 10 4 985 5206 986
7119 2 2 10 4 3518 5157 3520
7120 2 2 10 4 2776 4480 2359
7121 2 2 10 4 1024 2476 1594
7122 2 2 10 4 346 5601 347
7123 2 2 10 4 2421 2698 2371
7124 2 2 10 4 3477 4798 367
7125 2 2 10 4 246 5598 247
7126 2 2 10 4 4193 4967 2536
7127 2 2 10 4 3956 3957 1251
7128 2 2 10 4 3120 4833 3122
7129 2 2 10 4 627 2260 630
7130 2 2 10 4 3632 4869 4510
7131 2 2 10 4 2631 4625 1591
7132 2 2 10 4 2177 2179 2178
7133 2 2 10 4 2885 5031 3216
7134 2 2 10 4 891 892 890
7135 2 2 10 4 1181 1183 1182
7136 2 2 10 4 2709 4446 1434
7137 2 2 10 4 676 5422 3827
7138 2 2 10 4 2117 2118 2116
7139 2 2 10 4 1699 4335 2015
7140 2 2 10 4 532 534 533
7141 2 2 10 4 571 578 575
7142 2 2 10 4 1988 1989 1986
7143 2 2 10 4 1892 5453 4352
7144 2 2 10 4 1755 4595 1752
7145 2 2 10 4 2241 2270 1708
7146 2 2 10 4 1044 4401 1043
7147 2 2 10 4 2500 3581 2502
7148 2 2 10 4 1569 4098 1336
7149 2 2 10 4 671 4531 674
7150 2 2 10 4 3425 5633 3778
7151 2 2 10 4 1774 1775 1773
7152 2 2 10 4 1482 1958 1496
7153 2 2 10 4 1629 4757 2251
7154 2 2 10 4 3309 4538 1966
7155 2 2 10 4 3676 5013 663
7156 2 2 10 4 2829 4392 3354
7157 2 2 10 4 618 5104 3651
7158 2 2 10 4 1137 1139 1138
7159 2 2 10 4 1301 1305 1304
7160 2 2 10 4 418 5175 4439
7161 2 2 10 4 1832 4638 1870
7162 2 2 10 4 570 4406 574
7163 2 2 10 4 4371 5249 1425
7164 2 2 10 4 2076 2077 1445
7165 2 2 10 4 2749 2750 2262
7166 2 2 10 4 3983 4711 430
7167 2 2 10 4 256 5240 407
7168 2 2 10 4 1611 2667 2452
7169 2 2 10 4 946 947 944
7170 2 2 10 4 3429 4496 3432
7171 2 2 10 4 3113 5522 3112
7172 2 2 10 4 2900 2901 2698
7173 2 2 10 4 3576 3804 3575
7174 2 2 10 4 1376 1382 1378
7175 2 2 10 4 3412 4494 3415
7176 2 2 10 4 2849 4492 2847
7177 2 2 10 4 1087 4478 1086
7178 2 2 10 4 2023 2432 2025
7179 2 2 10 4 978 4246 977
7180 2 2 10 4 239 5380 240
7181 2 2 10 4 683 4412 684
7182 2 2 10 4 2956 4493 2326
7183 2 2 10 4 1784 1785 1782
7184 2 2 10 4 3681 5336 3936
7185 2 2 10 4 2984 4419 1617
7186 2 2 10 4 1006 1015 999
7187 2 2 10 4 1402 1418 1404
7188 2 2 10 4 1458 2720 877
7189 2 2 10 4 4752 4976 3777
7190 2 2 10 4 4029 4559 4028
7191 2 2 10 4 2667 2843 2668
7192 2 2 10 4 2580 2582 2581
7193 2 2 10 4 2656 4545 1172
7194 2 2 10 4 872 1560 870
7195 2 2 10 4 2078 2079 2077
7196 2 2 10 4 3094 3541 3093
7197 2 2 10 4 2193 4675 2753
7198 2 2 10 4 3000 3197 2345
7199 2 2 10 4 1237 1238 1236
7200 2 2 10 4 3475 5404 419
7201 2 2 10 4 1183 1191 1184
7202 2 2 10 4 2200 4480 2199
7203 2 2 10 4 2592 4449 1944
7204 2 2 10 4 2005 4270 2754
7205 2 2 10 4 389 4417 102
7206 2 2 10 4 622 624 623
7207 2 2 10 4 3198 4281 3167
7208 2 2 10 4 1175 4425 1176
7209 2 2 10 4 651 4677 606
7210 2 2 10 4 1399 4580 1397
7211 2 2 10 4 3642 5542 789
7212 2 2 10 4 1394 1437 1396
7213 2 2 10 4 3707 4766 3463
7214 2 2 10 4 1553 1554 1546
7215 2 2 10 4 893 894 892
7216 2 2 10 4 2097 2311 2095
7217 2 2 10 4 1066 4295 1064
7218 2 2 10 4 2209 2388 2210
7219 2 2 10 4 1667 1669 1665
7220 2 2 10 4 3248 3249 2901
7221 2 2 10 4 607 619 605
7222 2 2 10 4 3698 5610 3242
7223 2 2 10 4 1258 4818 1267
7224 2 2 10 4 2179 2374 2373
7225 2 2 10 4 3236 5142 4197
7226 2 2 10 4 534 536 535
7227 2 2 10 4 848 4361 846
7228 2 2 10 4 3390 3960 3392
7229 2 2 10 4 2449 2734 2014
7230 2 2 10 4 1914 2035 1911
7231 2 2 10 4 1658 1670 1657
7232 2 2 10 4 1894 1895 1861
7233 2 2 10 4 1058 1442 1057
7234 2 2 10 4 2340 2483 2079
7235 2 2 10 4 2119 2120 2118
7236 2 2 10 4 3790 4899 1360
7237 2 2 10 4 2649 4513 4203
7238 2 2 10 4 3520 3521 3519
7239 2 2 10 4 736 745 739
7240 2 2 10 4 1139 1141 1140
7241 2 2 10 4 1390 4284 1389
7242 2 2 10 4 3234 3257 3235
7243 2 2 10 4 1898 2006 1895
7244 2 2 10 4 704 4445 703
7245 2 2 10 4 371 5472 3456
7246 2 2 10 4 1968 4433 1879
7247 2 2 10 4 2669 2670 2202
7248 2 2 10 4 799 4634 801
7249 2 2 10 4 1292 1294 1293
7250 2 2 10 4 4940 5571 3276
7251 2 2 10 4 940 941 939
7252 2 2 10 4 932 4451 931
7253 2 2 10 4 2946 4325 4319
7254 2 2 10 4 2388 3230 3228
7255 2 2 10 4 1555 1621 1554
7256 2 2 10 4 2283 2679 2129
7257 2 2 10 4 1738 2174 1944
7258 2 2 10 4 994 1005 993
7259 2 2 10 4 821 833 798
7260 2 2 10 4 1136 5595 1259
7261 2 2 10 4 2467 2796 2795
7262 2 2 10 4 1605 2104 2103
7263 2 2 10 4 1906 1908 1907
7264 2 2 10 4 1977 2422 2180
7265 2 2 10 4 2927 2930 2929
7266 2 2 10 4 4021 5017 525
7267 2 2 10 4 1412 4950 4709
7268 2 2 10 4 632 642 634
7269 2 2 10 4 3100 3101 2734
7270 2 2 10 4 4220 4999 4759
7271 2 2 10 4 834 4479 835
7272 2 2 10 4 3943 4128 406
7273 2 2 10 4 876 877 874
7274 2 2 10 4 397 5466 3993
7275 2 2 10 4 2005 2196 1727
7276 2 2 10 4 1346 2599 1344
7277 2 2 10 4 1191 1198 1192
7278 2 2 10 4 3037 3275 2483
7279 2 2 10 4 3228 5252 4789
7280 2 2 10 4 2166 2185 2164
7281 2 2 10 4 283 5309 411
7282 2 2 10 4 977 4389 973
7283 2 2 10 4 330 4915 4705
7284 2 2 10 4 950 951 948
7285 2 2 10 4 419 5315 281
7286 2 2 10 4 2671 2879 2670
7287 2 2 10 4 2007 2089 2006
7288 2 2 10 4 895 896 894
7289 2 2 10 4 2374 2376 2375
7290 2 2 10 4 2422 3184 2423
7291 2 2 10 4 1239 1240 1238
7292 2 2 10 4 2308 2799 2798
7293 2 2 10 4 1993 2046 1991
7294 2 2 10 4 876 878 877
7295 2 2 10 4 2104 2793 2433
7296 2 2 10 4 1141 1143 1142
7297 2 2 10 4 856 4375 854
7298 2 2 10 4 3228 4789 3229
7299 2 2 10 4 979 5261 4022
7300 2 2 10 4 701 4533 681
7301 2 2 10 4 624 628 625
7302 2 2 10 4 536 538 537
7303 2 2 10 4 930 4796 4616
7304 2 2 10 4 1788 1789 1786
7305 2 2 10 4 2994 2997 2996
7306 2 2 10 4 3257 3258 3235
7307 2 2 10 4 427 5415 126
7308 2 2 10 4 2150 2151 2085
7309 2 2 10 4 3274 4488 2855
7310 2 2 10 4 2910 2912 2911
7311 2 2 10 4 3134 5521 3588
7312 2 2 10 4 854 1619 853
7313 2 2 10 4 4591 5578 4135
7314 2 2 10 4 2610 2611 1623
7315 2 2 10 4 3325 5496 3525
7316 2 2 10 4 1603 5473 3858
7317 2 2 10 4 1674 2647 1967
7318 2 2 10 4 868 1041 866
7319 2 2 10 4 2695 2922 2696
7320 2 2 10 4 2211 2841 2252
7321 2 2 10 4 1632 4322 1634
7322 2 2 10 4 746 751 741
7323 2 2 10 4 3474 5186 4422
7324 2 2 10 4 1569 5425 4098
7325 2 2 10 4 410 5339 342
7326 2 2 10 4 1780 1839 1779
7327 2 2 10 4 2520 4804 3082
7328 2 2 10 4 2439 4804 2438
7329 2 2 10 4 1622 2027 1621
7330 2 2 10 4 2308 2309 2089
7331 2 2 10 4 4144 4472 1489
7332 2 2 10 4 2086 4530 2561
7333 2 2 10 4 2655 2906 2763
7334 2 2 10 4 1805 1860 1859
7335 2 2 10 4 2793 3832 2794
7336 2 2 10 4 2710 4667 1740
7337 2 2 10 4 1715 4493 1716
7338 2 2 10 4 2403 5266 4482
7339 2 2 10 4 2686 2687 2685
7340 2 2 10 4 2501 4498 2500
7341 2 2 10 4 2133 4535 2136
7342 2 2 10 4 1243 1244 1242
7343 2 2 10 4 1719 4323 1720
7344 2 2 10 4 2346 2755 2099
7345 2 2 10 4 2768 4971 3654
7346 2 2 10 4 1102 1327 1103
7347 2 2 10 4 942 1638 941
7348 2 2 10 4 2797 4810 3135
7349 2 2 10 4 4867 5611 2838
7350 2 2 10 4 1237 1455 1239
7351 2 2 10 4 1699 2015 2014
7352 2 2 10 4 2361 2362 2151
7353 2 2 10 4 614 1583 610
7354 2 2 10 4 1294 1296 1295
7355 2 2 10 4 2931 2934 2933
7356 2 2 10 4 1576 4231 1652
7357 2 2 10 4 83 4949 82
7358 2 2 10 4 696 5042 650
7359 2 2 10 4 2433 2733 2103
7360 2 2 10 4 1686 2107 1640
7361 2 2 10 4 1910 1912 1911
7362 2 2 10 4 112 5423 3875
7363 2 2 10 4 2350 4035 2347
7364 2 2 10 4 2912 3148 2913
7365 2 2 10 4 1198 1202 1199
7366 2 2 10 4 1898 2456 2007
7367 2 2 10 4 538 540 539
7368 2 2 10 4 1605 2003 833
7369 2 2 10 4 2119 2282 2129
7370 2 2 10 4 4106 4634 799
7371 2 2 10 4 4120 4540 3880
7372 2 2 10 4 778 4643 777
7373 2 2 10 4 2922 2924 2923
7374 2 2 10 4 1557 1648 1647
7375 2 2 10 4 3191 5532 4470
7376 2 2 10 4 2340 3038 3037
7377 2 2 10 4 2688 3166 2687
7378 2 2 10 4 2903 4165 2879
7379 2 2 10 4 2376 2601 2600
7380 2 2 10 4 3051 3277 2886
7381 2 2 10 4 405 5302 133
7382 2 2 10 4 3990 5609 5148
7383 2 2 10 4 2888 4755 4713
7384 2 2 10 4 2798 2800 2309
7385 2 2 10 4 1690 4040 1687
7386 2 2 10 4 1143 1145 1144
7387 2 2 10 4 954 955 952
7388 2 2 10 4 2423 5132 5008
7389 2 2 10 4 897 898 896
7390 2 2 10 4 770 784 783
7391 2 2 10 4 2595 4442 3371
7392 2 2 10 4 1033 1444 1042
7393 2 2 10 4 2147 2354 2168
7394 2 2 10 4 2718 4811 4164
7395 2 2 10 4 2857 4505 2858
7396 2 2 10 4 1310 1735 1312
7397 2 2 10 4 3582 3583 2502
7398 2 2 10 4 2952 5425 4033
7399 2 2 10 4 193 5322 479
7400 2 2 10 4 2703 2704 2106
7401 2 2 10 4 1455 1614 1563
7402 2 2 10 4 1117 1264 1119
7403 2 2 10 4 402 5322 194
7404 2 2 10 4 761 5248 754
7405 2 2 10 4 1016 1018 1013
7406 2 2 10 4 2463 2595 2594
7407 2 2 10 4 3089 4370 2582
7408 2 2 10 4 1955 5505 3646
7409 2 2 10 4 1705 4737 1704
7410 2 2 10 4 1086 1623 1084
7411 2 2 10 4 5005 5174 3835
7412 2 2 10 4 1809 4585 1820
7413 2 2 10 4 2477 2738 1594
7414 2 2 10 4 1886 2633 2228
7415 2 2 10 4 1625 4986 1124
7416 2 2 10 4 4446 4522 1434
7417 2 2 10 4 1801 4719 3932
7418 2 2 10 4 3148 3150 3149
7419 2 2 10 4 636 1588 638
7420 2 2 10 4 2282 2344 2283
7421 2 2 10 4 2215 4308 1644
7422 2 2 10 4 1350 1372 1348
7423 2 2 10 4 1860 1893 1861
7424 2 2 10 4 1140 5431 1138
7425 2 2 10 4 2363 3315 2362
7426 2 2 10 4 1704 4335 1700
7427 2 2 10 4 2763 4498 2653
7428 2 2 10 4 1614 2087 1615
7429 2 2 10 4 1238 4102 1236
7430 2 2 10 4 2924 2926 2925
7431 2 2 10 4 1221 1227 1226
7432 2 2 10 4 784 786 785
7433 2 2 10 4 1575 4523 1572
7434 2 2 10 4 2707 3029 2457
7435 2 2 10 4 2774 4824 2672
7436 2 2 10 4 1458 2882 2881
7437 2 2 10 4 1628 2263 2262
7438 2 2 10 4 3048 4485 3505
7439 2 2 10 4 2199 2416 2110
7440 2 2 10 4 1296 1299 1298
7441 2 2 10 4 2814 2907 2815
7442 2 2 10 4 1939 4447 1667
7443 2 2 10 4 1202 1205 1203
7444 2 2 10 4 2196 4255 1727
7445 2 2 10 4 3792 5081 3791
7446 2 2 10 4 2015 2450 2449
7447 2 2 10 4 2750 5458 3912
7448 2 2 10 4 3167 3169 3166
7449 2 2 10 4 909 927 907
7450 2 2 10 4 540 542 541
7451 2 2 10 4 2989 2991 2990
7452 2 2 10 4 899 900 898
7453 2 2 10 4 1064 1098 1063
7454 2 2 10 4 1109 4393 1111
7455 2 2 10 4 2401 5039 2207
7456 2 2 10 4 2668 3104 2452
7457 2 2 10 4 2854 5158 2856
7458 2 2 10 4 1611 2451 1487
7459 2 2 10 4 1426 4662 813
7460 2 2 10 4 4132 4453 695
7461 2 2 10 4 2344 2481 2345
7462 2 2 10 4 1593 4625 2030
7463 2 2 10 4 4071 5211 3793
7464 2 2 10 4 1912 1915 1914
7465 2 2 10 4 1581 4572 2669
7466 2 2 10 4 2906 3918 3189
7467 2 2 10 4 2421 3036 2900
7468 2 2 10 4 2379 4234 1745
7469 2 2 10 4 4025 5030 462
7470 2 2 10 4 2935 2953 2937
7471 2 2 10 4 1893 2303 1894
7472 2 2 10 4 749 762 755
7473 2 2 10 4 2991 2993 2992
7474 2 2 10 4 3083 4839 2730
7475 2 2 10 4 1752 4595 1749
7476 2 2 10 4 3851 4815 2728
7477 2 2 10 4 1122 4986 1446
7478 2 2 10 4 1145 1147 1146
7479 2 2 10 4 1547 1549 1548
7480 2 2 10 4 3912 5074 2750
7481 2 2 10 4 3981 5539 2172
7482 2 2 10 4 808 4379 1538
7483 2 2 10 4 808 1538 1537
7484 2 2 10 4 1108 1413 1109
7485 2 2 10 4 1299 1450 1449
7486 2 2 10 4 2753 3208 2752
7487 2 2 10 4 3150 3152 3151
7488 2 2 10 4 792 794 793
7489 2 2 10 4 1051 4548 1048
7490 2 2 10 4 1333 2573 2390
7491 2 2 10 4 1406 1567 1564
7492 2 2 10 4 3974 5576 2229
7493 2 2 10 4 1444 1595 1445
7494 2 2 10 4 2241 2415 2270
7495 2 2 10 4 516 517 514
7496 2 2 10 4 436 5278 71
7497 2 2 10 4 2610 4416 2612
7498 2 2 10 4 2268 2576 2266
7499 2 2 10 4 1205 1211 1206
7500 2 2 10 4 846 4361 1432
7501 2 2 10 4 1123 1215 1125
7502 2 2 10 4 1915 2164 2163
7503 2 2 10 4 2897 4966 3933
7504 2 2 10 4 1567 1978 1564
7505 2 2 10 4 5424 5480 3289
7506 2 2 10 4 645 657 640
7507 2 2 10 4 3681 3936 2603
7508 2 2 10 4 739 4452 743
7509 2 2 10 4 1305 1644 1306
7510 2 2 10 4 1396 4423 1398
7511 2 2 10 4 3105 3304 3104
7512 2 2 10 4 99 4945 98
7513 2 2 10 4 1515 2244 2243
7514 2 2 10 4 1486 1487 1484
7515 2 2 10 4 2369 2551 2074
7516 2 2 10 4 1504 4908 1509
7517 2 2 10 4 2050 2498 2413
7518 2 2 10 4 4870 4908 1502
7519 2 2 10 4 1948 2299 2297
7520 2 2 10 4 901 902 900
7521 2 2 10 4 1302 5156 1128
7522 2 2 10 4 2278 4837 4267
7523 2 2 10 4 1549 1551 1550
7524 2 2 10 4 2263 2889 2749
7525 2 2 10 4 4798 5054 2764
7526 2 2 10 4 1595 2204 2076
7527 2 2 10 4 4526 4715 1444
7528 2 2 10 4 3292 3293 2416
7529 2 2 10 4 1477 4651 4127
7530 2 2 10 4 1114 2708 1434
7531 2 2 10 4 1572 4523 1571
7532 2 2 10 4 4236 4500 823
7533 2 2 10 4 542 544 543
7534 2 2 10 4 3690 5575 5055
7535 2 2 10 4 2484 3058 3057
7536 2 2 10 4 1147 1149 1148
7537 2 2 10 4 2487 4600 2761
7538 2 2 10 4 4384 4923 3187
7539 2 2 10 4 1585 4591 4068
7540 2 2 10 4 960 962 958
7541 2 2 10 4 205 4820 464
7542 2 2 10 4 498 4820 206
7543 2 2 10 4 4142 5009 448
7544 2 2 10 4 1034 4526 1033
7545 2 2 10 4 851 4361 848
7546 2 2 10 4 2861 4505 3051
7547 2 2 10 4 766 768 757
7548 2 2 10 4 2154 2190 2189
7549 2 2 10 4 1321 1643 1090
7550 2 2 10 4 2707 4773 3029
7551 2 2 10 4 668 4524 667
7552 2 2 10 4 513 516 514
7553 2 2 10 4 552 572 554
7554 2 2 10 4 1571 4284 1390
7555 2 2 10 4 2406 2745 2710
7556 2 2 10 4 1158 1597 1160
7557 2 2 10 4 4486 4698 1092
7558 2 2 10 4 643 663 647
7559 2 2 10 4 2258 2850 2382
7560 2 2 10 4 1029 4090 1025
7561 2 2 10 4 3004 3006 3005
7562 2 2 10 4 1227 1459 1229
7563 2 2 10 4 1354 1596 1352
7564 2 2 10 4 1086 4478 2610
7565 2 2 10 4 1899 2042 1539
7566 2 2 10 4 2766 5011 4395
7567 2 2 10 4 1024 1594 1020
7568 2 2 10 4 913 1598 911
7569 2 2 10 4 1902 1952 1900
7570 2 2 10 4 1230 1233 1232
7571 2 2 10 4 2500 2502 2352
7572 2 2 10 4 987 4549 984
7573 2 2 10 4 2114 2117 2116
7574 2 2 10 4 2455 4322 1671
7575 2 2 10 4 2190 2620 2555
7576 2 2 10 4 1798 1800 1796
7577 2 2 10 4 2474 2776 2359
7578 2 2 10 4 2745 4064 2746
7579 2 2 10 4 1450 1927 1926
7580 2 2 10 4 89 5061 408
7581 2 2 10 4 3936 5597 2683
7582 2 2 10 4 2696 4523 2105
7583 2 2 10 4 1155 1189 1172
7584 2 2 10 4 4061 5489 5204
7585 2 2 10 4 2831 3396 2808
7586 2 2 10 4 4853 5626 3227
7587 2 2 10 4 1635 1636 955
7588 2 2 10 4 1211 1213 1212
7589 2 2 10 4 3117 3251 3115
7590 2 2 10 4 1694 1712 1692
7591 2 2 10 4 680 1500 1499
7592 2 2 10 4 3941 4712 3942
7593 2 2 10 4 2996 4460 3254
7594 2 2 10 4 2993 4358 2994
7595 2 2 10 4 1538 2049 1561
7596 2 2 10 4 3569 3576 3575
7597 2 2 10 4 670 4531 671
7598 2 2 10 4 688 4550 691
7599 2 2 10 4 544 546 545
7600 2 2 10 4 1648 2697 1966
7601 2 2 10 4 2139 4539 2177
7602 2 2 10 4 2639 4487 2640
7603 2 2 10 4 1316 2016 1318
7604 2 2 10 4 916 5092 1004
7605 2 2 10 4 2629 4851 2888
7606 2 2 10 4 4500 4845 800
7607 2 2 10 4 1551 1556 1552
7608 2 2 10 4 3589 3590 2755
7609 2 2 10 4 2244 2294 2245
7610 2 2 10 4 1043 2863 2862
7611 2 2 10 4 1149 1151 1150
7612 2 2 10 4 2414 2722 2721
7613 2 2 10 4 1209 1223 1217
7614 2 2 10 4 609 5274 4318
7615 2 2 10 4 1876 1880 1878
7616 2 2 10 4 2498 3140 3139
7617 2 2 10 4 593 4402 601
7618 2 2 10 4 3098 4259 3099
7619 2 2 10 4 903 904 902
7620 2 2 10 4 2549 3143 2418
7621 2 2 10 4 2708 2827 2709
7622 2 2 10 4 2864 3373 2551
7623 2 2 10 4 1851 1953 1849
7624 2 2 10 4 4197 5296 3236
7625 2 2 10 4 1801 1816 1791
7626 2 2 10 4 2174 2740 2592
7627 2 2 10 4 2199 4480 2621
7628 2 2 10 4 3072 4861 3142
7629 2 2 10 4 3291 4861 3074
7630 2 2 10 4 3511 3553 3512
7631 2 2 10 4 1644 4308 1306
7632 2 2 10 4 571 575 570
7633 2 2 10 4 2881 4892 2720
7634 2 2 10 4 2272 2528 2273
7635 2 2 10 4 1427 1586 863
7636 2 2 10 4 1234 1237 1236
7637 2 2 10 4 3355 5607 566
7638 2 2 10 4 2941 3252 2943
7639 2 2 10 4 1473 1475 1470
7640 2 2 10 4 1567 4476 4161
7641 2 2 10 4 1961 1971 1962
7642 2 2 10 4 2216 5418 2492
7643 2 2 10 4 2625 4713 4469
7644 2 2 10 4 4166 4867 2296
7645 2 2 10 4 2386 4867 3287
7646 2 2 10 4 1459 1616 1559
7647 2 2 10 4 1213 1220 1214
7648 2 2 10 4 1358 1383 1356
7649 2 2 10 4 2647 2648 1967
7650 2 2 10 4 4266 4889 3164
7651 2 2 10 4 1971 2706 2158
7652 2 2 10 4 1790 1791 1789
7653 2 2 10 4 2384 2522 2042
7654 2 2 10 4 1591 4625 1593
7655 2 2 10 4 2754 3096 2523
7656 2 2 10 4 681 4533 680
7657 2 2 10 4 1996 1997 1498
7658 2 2 10 4 1492 1980 1490
7659 2 2 10 4 546 548 547
7660 2 2 10 4 1518 1519 683
7661 2 2 10 4 965 1601 963
7662 2 2 10 4 3846 4952 4466
7663 2 2 10 4 771 821 798
7664 2 2 10 4 518 519 517
7665 2 2 10 4 1611 4567 2667
7666 2 2 10 4 906 1002 904
7667 2 2 10 4 1906 1907 1904
7668 2 2 10 4 905 906 904
7669 2 2 10 4 2827 2829 2828
7670 2 2 10 4 1469 1470 1468
7671 2 2 10 4 546 1599 548
7672 2 2 10 4 2174 2741 2740
7673 2 2 10 4 3038 5414 4343
7674 2 2 10 4 1162 1185 1164
7675 2 2 10 4 864 1427 863
7676 2 2 10 4 2132 4535 2133
7677 2 2 10 4 2531 2921 2530
7678 2 2 10 4 1757 1863 1755
7679 2 2 10 4 820 4679 819
7680 2 2 10 4 1103 4611 1105
7681 2 2 10 4 559 715 561
7682 2 2 10 4 2958 4901 3213
7683 2 2 10 4 1971 2158 1972
7684 2 2 10 4 2808 4717 2809
7685 2 2 10 4 2528 2711 2657
7686 2 2 10 4 860 4543 859
7687 2 2 10 4 3249 4062 4061
7688 2 2 10 4 1108 2700 1413
7689 2 2 10 4 1189 1200 1190
7690 2 2 10 4 2048 2332 1978
7691 2 2 10 4 917 930 915
7692 2 2 10 4 1500 1502 1501
7693 2 2 10 4 2621 4459 3294
7694 2 2 10 4 1616 2053 1617
7695 2 2 10 4 1151 1153 1152
7696 2 2 10 4 661 717 654
7697 2 2 10 4 4094 5305 4093
7698 2 2 10 4 705 5551 3761
7699 2 2 10 4 408 5010 3938
7700 2 2 10 4 1979 4331 1913
7701 2 2 10 4 2333 3180 2332
7702 2 2 10 4 994 4316 1005
7703 2 2 10 4 2655 2763 2653
7704 2 2 10 4 1223 1258 1257
7705 2 2 10 4 1149 1193 1151
7706 2 2 10 4 571 4635 4037
7707 2 2 10 4 1674 4427 2647
7708 2 2 10 4 1200 1208 1201
7709 2 2 10 4 587 4410 583
7710 2 2 10 4 520 521 519
7711 2 2 10 4 1805 1859 1802
7712 2 2 10 4 2615 3316 3173
7713 2 2 10 4 1604 2292 1175
7714 2 2 10 4 1471 1473 1470
7715 2 2 10 4 2190 2873 2620
7716 2 2 10 4 1551 1923 1556
7717 2 2 10 4 2829 3354 3353
7718 2 2 10 4 258 4603 259
7719 2 2 10 4 1502 1504 1503
7720 2 2 10 4 140 4609 139
7721 2 2 10 4 1817 1848 1816
7722 2 2 10 4 522 523 521
7723 2 2 10 4 1699 2014 1696
7724 2 2 10 4 1435 2169 1453
7725 2 2 10 4 1211 1260 1213
7726 2 2 10 4 835 4479 838
7727 2 2 10 4 3338 3355 3143
7728 2 2 10 4 1450 1928 1927
7729 2 2 10 4 1954 2417 1953
7730 2 2 10 4 1828 4413 1826
7731 2 2 10 4 1631 1996 1498
7732 2 2 10 4 1048 4548 1047
7733 2 2 10 4 874 4461 872
7734 2 2 10 4 3523 5157 4322
7735 2 2 10 4 1258 1266 1265
7736 2 2 10 4 2122 2141 2124
7737 2 2 10 4 4336 5135 3954
7738 2 2 10 4 1657 4536 1517
7739 2 2 10 4 2138 4539 2139
7740 2 2 10 4 2082 2467 2224
7741 2 2 10 4 2861 3051 2886
7742 2 2 10 4 548 550 549
7743 2 2 10 4 659 716 665
7744 2 2 10 4 1153 1155 1154
7745 2 2 10 4 1525 1528 1524
7746 2 2 10 4 2561 3269 2560
7747 2 2 10 4 39 4495 38
7748 2 2 10 4 2723 2806 2365
7749 2 2 10 4 1240 1243 1242
7750 2 2 10 4 687 4550 688
7751 2 2 10 4 1033 1042 1031
7752 2 2 10 4 3573 4764 4421
7753 2 2 10 4 525 526 523
7754 2 2 10 4 2683 4456 1936
7755 2 2 10 4 1720 4323 1724
7756 2 2 10 4 984 4549 983
7757 2 2 10 4 1504 1506 1505
7758 2 2 10 4 1305 2191 1644
7759 2 2 10 4 1910 1911 1908
7760 2 2 10 4 819 4379 809
7761 2 2 10 4 542 573 544
7762 2 2 10 4 1266 1319 1275
7763 2 2 10 4 3177 3589 2755
7764 2 2 10 4 1648 1966 1649
7765 2 2 10 4 3679 5170 3680
7766 2 2 10 4 1520 1521 1519
7767 2 2 10 4 1517 4536 1516
7768 2 2 10 4 2158 2160 2159
7769 2 2 10 4 3640 4301 2515
7770 2 2 10 4 1054 4565 1053
7771 2 2 10 4 3150 3563 3152
7772 2 2 10 4 1057 4565 1054
7773 2 2 10 4 1244 1247 1246
7774 2 2 10 4 1652 2105 1575
7775 2 2 10 4 956 1635 955
7776 2 2 10 4 3861 4914 1934
7777 2 2 10 4 1477 1478 1475
7778 2 2 10 4 3882 4695 3884
7779 2 2 10 4 1792 1801 1791
7780 2 2 10 4 1047 4401 1044
7781 2 2 10 4 1628 2262 1494
7782 2 2 10 4 3004 3008 3006
7783 2 2 10 4 2086 2173 1586
7784 2 2 10 4 3123 3134 3121
7785 2 2 10 4 1529 1539 1528
7786 2 2 10 4 2415 3088 3052
7787 2 2 10 4 5096 5306 2903
7788 2 2 10 4 1098 2964 1063
7789 2 2 10 4 4251 4585 3060
7790 2 2 10 4 2392 2393 1997
7791 2 2 10 4 1319 1742 1587
7792 2 2 10 4 1616 4987 2054
7793 2 2 10 4 3778 5633 3450
7794 2 2 10 4 969 971 967
7795 2 2 10 4 1761 1843 1759
7796 2 2 10 4 936 4546 935
7797 2 2 10 4 2368 2751 2107
7798 2 2 10 4 563 2034 565
7799 2 2 10 4 1068 4426 1066
7800 2 2 10 4 1870 4706 1872
7801 2 2 10 4 1522 1523 1521
7802 2 2 10 4 550 552 551
7803 2 2 10 4 983 4246 978
7804 2 2 10 4 574 4406 1428
7805 2 2 10 4 4005 4829 1372
7806 2 2 10 4 703 2784 2666
7807 2 2 10 4 2030 2397 2396
7808 2 2 10 4 2560 2562 2173
7809 2 2 10 4 4676 5484 2985
7810 2 2 10 4 3029 3030 2457
7811 2 2 10 4 1505 1508 1507
7812 2 2 10 4 2419 2549 2418
7813 2 2 10 4 1043 4401 2863
7814 2 2 10 4 1114 1434 1115
7815 2 2 10 4 900 1003 898
7816 2 2 10 4 2419 5196 2998
7817 2 2 10 4 808 1537 781
7818 2 2 10 4 4127 5125 3202
7819 2 2 10 4 1480 1481 1478
7820 2 2 10 4 2924 3372 2926
7821 2 2 10 4 684 4412 687
7822 2 2 10 4 1850 1851 1849
7823 2 2 10 4 1462 1463 1002
7824 2 2 10 4 935 4451 932
7825 2 2 10 4 1524 1526 1523
7826 2 2 10 4 3541 3691 3558
7827 2 2 10 4 1547 2719 1549
7828 2 2 10 4 3060 4138 3059
7829 2 2 10 4 1742 2261 2082
7830 2 2 10 4 784 788 786
7831 2 2 10 4 2365 3090 2292
7832 2 2 10 4 1440 4339 1073
7833 2 2 10 4 1385 4347 1393
7834 2 2 10 4 2160 2484 2161
7835 2 2 10 4 1176 4425 1179
7836 2 2 10 4 1227 1229 1228
7837 2 2 10 4 1127 1600 1129
7838 2 2 10 4 707 4445 704
7839 2 2 10 4 1155 1172 1156
7840 2 2 10 4 1209 1217 1210
7841 2 2 10 4 1606 2369 2074
7842 2 2 10 4 2509 2676 2138
7843 2 2 10 4 1247 4434 1424
7844 2 2 10 4 931 1963 982
7845 2 2 10 4 1102 1581 1327
7846 2 2 10 4 2741 2958 2957
7847 2 2 10 4 2089 4441 2006
7848 2 2 10 4 1143 1194 1145
7849 2 2 10 4 2769 2772 2450
7850 2 2 10 4 2947 2950 2949
7851 2 2 10 4 2334 3112 2333
7852 2 2 10 4 1540 1899 1539
7853 2 2 10 4 1168 1188 1170
7854 2 2 10 4 2126 2366 2130
7855 2 2 10 4 3166 3243 2687
7856 2 2 10 4 538 1602 540
7857 2 2 10 4 1839 1846 1779
7858 2 2 10 4 1464 1465 1463
7859 2 2 10 4 1366 1381 1362
7860 2 2 10 4 1198 1216 1202
7861 2 2 10 4 1619 1630 853
7862 2 2 10 4 2621 3292 2416
7863 2 2 10 4 4066 5577 3352
7864 2 2 10 4 939 4546 936
7865 2 2 10 4 923 981 921
7866 2 2 10 4 1294 1941 1296
7867 2 2 10 4 2006 4441 2725
7868 2 2 10 4 3394 5292 1636
7869 2 2 10 4 1508 1515 1514
7870 2 2 10 4 2693 2831 2808
7871 2 2 10 4 2362 2851 2151
7872 2 2 10 4 680 1499 678
7873 2 2 10 4 1330 4593 1333
7874 2 2 10 4 1328 4593 1330
7875 2 2 10 4 2487 2761 2303
7876 2 2 10 4 3210 4911 2981
7877 2 2 10 4 2979 4911 3256
7878 2 2 10 4 3254 5082 3253
7879 2 2 10 4 882 1026 880
7880 2 2 10 4 1130 5329 1302
7881 2 2 10 4 2958 2960 2959
7882 2 2 10 4 1672 4914 2008
7883 2 2 10 4 1466 1467 1465
7884 2 2 10 4 2064 4428 2070
7885 2 2 10 4 806 816 812
7886 2 2 10 4 624 759 628
7887 2 2 10 4 2523 2832 2196
7888 2 2 10 4 2443 4672 2445
7889 2 2 10 4 1934 4914 1633
7890 2 2 10 4 2374 2742 2376
7891 2 2 10 4 552 554 553
7892 2 2 10 4 1823 1829 1821
7893 2 2 10 4 2879 2880 2670
7894 2 2 10 4 2315 4658 2316
7895 2 2 10 4 1043 2862 1038
7896 2 2 10 4 941 1685 939
7897 2 2 10 4 2527 4508 2526
7898 2 2 10 4 2563 4509 1867
7899 2 2 10 4 2892 2894 2290
7900 2 2 10 4 674 1518 683
7901 2 2 10 4 567 571 570
7902 2 2 10 4 1442 1536 1057
7903 2 2 10 4 1428 4402 593
7904 2 2 10 4 1670 2684 1657
7905 2 2 10 4 3064 4577 2966
7906 2 2 10 4 870 4450 868
7907 2 2 10 4 2677 2868 834
7908 2 2 10 4 1621 1916 1554
7909 2 2 10 4 2388 3231 3230
7910 2 2 10 4 1923 2312 1938
7911 2 2 10 4 988 4431 1436
7912 2 2 10 4 534 576 536
7913 2 2 10 4 2484 3057 2821
7914 2 2 10 4 827 2677 834
7915 2 2 10 4 1515 2243 2242
7916 2 2 10 4 1173 1604 1175
7917 2 2 10 4 3511 3512 2294
7918 2 2 10 4 575 4406 570
7919 2 2 10 4 3866 4839 413
7920 2 2 10 4 894 1012 892
7921 2 2 10 4 1441 5059 3962
7922 2 2 10 4 613 4424 617
7923 2 2 10 4 703 2666 701
7924 2 2 10 4 1716 4493 1719
7925 2 2 10 4 2595 2596 2594
7926 2 2 10 4 1137 1195 1139
7927 2 2 10 4 1928 2430 1961
7928 2 2 10 4 2580 3089 2582
7929 2 2 10 4 1765 1862 1763
7930 2 2 10 4 2377 4645 4175
7931 2 2 10 4 2177 2470 2179
7932 2 2 10 4 691 1951 693
7933 2 2 10 4 1181 1186 1183
7934 2 2 10 4 2918 3342 2916
7935 2 2 10 4 2050 2413 2051
7936 2 2 10 4 3719 3723 3721
7937 2 2 10 4 3132 3225 3129
7938 2 2 10 4 1775 1844 1773
7939 2 2 10 4 1094 4720 3701
7940 2 2 10 4 888 1019 886
7941 2 2 10 4 1053 1558 1051
7942 2 2 10 4 2136 2509 2138
7943 2 2 10 4 3661 5377 2891
7944 2 2 10 4 1436 1541 987
7945 2 2 10 4 1963 2823 2272
7946 2 2 10 4 554 569 555
7947 2 2 10 4 2061 2895 2059
7948 2 2 10 4 3543 3545 2676
7949 2 2 10 4 1131 1207 1133
7950 2 2 10 4 931 982 928
7951 2 2 10 4 2070 2323 2063
7952 2 2 10 4 2522 3055 3054
7953 2 2 10 4 1516 1740 1512
7954 2 2 10 4 1476 2370 1482
7955 2 2 10 4 1532 2193 1715
7956 2 2 10 4 526 577 528
7957 2 2 10 4 530 1603 532
7958 2 2 10 4 1516 2075 1740
7959 2 2 10 4 1432 2002 1460
7960 2 2 10 4 2771 3697 3693
7961 2 2 10 4 4054 4470 4053
7962 2 2 10 4 1053 3003 1558
7963 2 2 10 4 1432 1460 845
7964 2 2 10 4 838 4572 839
7965 2 2 10 4 3267 4919 2817
7966 2 2 10 4 2816 4919 3333
7967 2 2 10 4 3057 3349 3271
7968 2 2 10 4 1526 1534 1530
7969 2 2 10 4 1510 1566 1506
7970 2 2 10 4 2245 2421 2371
7971 2 2 10 4 2702 4146 2576
7972 2 2 10 4 2191 2214 2213
7973 2 2 10 4 157 4917 156
7974 2 2 10 4 2613 3357 2430
7975 2 2 10 4 1488 1611 1487
7976 2 2 10 4 2462 4656 2459
7977 2 2 10 4 1436 1542 1541
7978 2 2 10 4 2214 2531 2530
7979 2 2 10 4 3008 3034 3009
7980 2 2 10 4 2241 4292 2415
7981 2 2 10 4 4904 5219 390
7982 2 2 10 4 2421 2900 2698
7983 2 2 10 4 2070 2324 2323
7984 2 2 10 4 2193 2326 1715
7985 2 2 10 4 2066 4428 2064
7986 2 2 10 4 990 4431 988
7987 2 2 10 4 4516 5455 619
7988 2 2 10 4 3908 4629 3009
7989 2 2 10 4 2634 4519 2636
7990 2 2 10 4 1604 4647 2723
7991 2 2 10 4 3034 4007 3035
7992 2 2 10 4 1951 2209 693
7993 2 2 10 4 2476 2477 1594
7994 2 2 10 4 2633 2634 2228
7995 2 2 10 4 1958 4436 1496
7996 2 2 10 4 3007 4886 3005
7997 2 2 10 4 3167 4281 3169
7998 2 2 10 4 5319 5342 1958
7999 2 2 10 4 1725 4901 4528
8000 2 2 10 4 2075 2810 2406
8001 2 2 10 4 2002 2558 2154
8002 2 2 10 4 3752 5433 1382
8003 2 2 10 4 2117 2119 2118
8004 2 2 10 4 2667 2668 2452
8005 2 2 10 4 839 4572 1102
8006 2 2 10 4 2076 2078 2077
8007 2 2 10 4 3581 3582 2502
8008 2 2 10 4 1775 2988 1844
8009 2 2 10 4 1286 4435 1288
8010 2 2 10 4 2900 3248 2901
8011 2 2 10 4 70 4608 69
8012 2 2 10 4 2189 4620 1460
8013 2 2 10 4 788 790 789
8014 2 2 10 4 3000 3916 3197
8015 2 2 10 4 2078 2340 2079
8016 2 2 10 4 2005 2523 2196
8017 2 2 10 4 710 4367 711
8018 2 2 10 4 2519 5027 4084
8019 2 2 10 4 694 4906 690
8020 2 2 10 4 1542 1544 1543
8021 2 2 10 4 790 792 791
8022 2 2 10 4 2679 4576 2129
8023 2 2 10 4 1458 2881 2720
8024 2 2 10 4 2324 2482 2329
8025 2 2 10 4 4604 4796 930
8026 2 2 10 4 1496 4436 1650
8027 2 2 10 4 2752 2955 2326
8028 2 2 10 4 1544 1546 1545
8029 2 2 10 4 1519 4412 683
8030 2 2 10 4 1894 1898 1895
8031 2 2 10 4 1499 4524 678
8032 2 2 10 4 2482 3299 2547
8033 2 2 10 4 1776 4586 1775
8034 2 2 10 4 2633 2635 2634
8035 2 2 10 4 1556 4632 1557
8036 2 2 10 4 4482 5266 3404
8037 2 2 10 4 2449 3100 2734
8038 2 2 10 4 2862 4526 1038
8039 2 2 10 4 2547 4517 3103
8040 2 2 10 4 2562 4403 2173
8041 2 2 10 4 1581 2202 2201
8042 2 2 10 4 1237 1239 1238
8043 2 2 10 4 1951 4550 3196
8044 2 2 10 4 4243 4643 1537
8045 2 2 10 4 432 5423 113
8046 2 2 10 4 1847 1855 1846
8047 2 2 10 4 2119 2129 2120
8048 2 2 10 4 2340 3037 2483
8049 2 2 10 4 1779 4586 1776
8050 2 2 10 4 1898 2007 2006
8051 2 2 10 4 1670 2685 2684
8052 2 2 10 4 1442 1714 1536
8053 2 2 10 4 1886 4433 2633
8054 2 2 10 4 2143 2364 1630
8055 2 2 10 4 2104 2433 2103
8056 2 2 10 4 2500 4498 3581
8057 2 2 10 4 583 4410 584
8058 2 2 10 4 1867 1977 1855
8059 2 2 10 4 1233 4409 1234
8060 2 2 10 4 1652 2106 2105
8061 2 2 10 4 7 4827 1
8062 2 2 10 4 1064 4295 1098
8063 2 2 10 4 2526 3247 2364
8064 2 2 10 4 2635 3996 2830
8065 2 2 10 4 4616 4796 3346
8066 2 2 10 4 859 4375 856
8067 2 2 10 4 2909 2910 2596
8068 2 2 10 4 1326 4933 508
8069 2 2 10 4 2106 2695 2105
8070 2 2 10 4 3819 4950 1412
8071 2 2 10 4 759 769 760
8072 2 2 10 4 813 4662 815
8073 2 2 10 4 3837 4555 2530
8074 2 2 10 4 2007 2308 2089
8075 2 2 10 4 821 1605 833
8076 2 2 10 4 854 4375 1619
8077 2 2 10 4 4201 4722 3094
8078 2 2 10 4 1863 4595 1755
8079 2 2 10 4 2793 2794 2433
8080 2 2 10 4 769 2085 770
8081 2 2 10 4 759 760 628
8082 2 2 10 4 1839 1847 1846
8083 2 2 10 4 1126 5156 1625
8084 2 2 10 4 2595 2909 2596
8085 2 2 10 4 878 1458 877
8086 2 2 10 4 1070 4339 1071
8087 2 2 10 4 1806 4785 4101
8088 2 2 10 4 1619 2143 1630
8089 2 2 10 4 1714 2188 1536
8090 2 2 10 4 2308 2798 2309
8091 2 2 10 4 1714 2274 2188
8092 2 2 10 4 2685 2689 2684
8093 2 2 10 4 2328 4939 2403
8094 2 2 10 4 1860 1861 1859
8095 2 2 10 4 3992 4736 3987
8096 2 2 10 4 2274 2641 2639
8097 2 2 10 4 3832 3833 2794
8098 2 2 10 4 2906 3189 2763
8099 2 2 10 4 2641 3551 3344
8100 2 2 10 4 1455 1563 1239
8101 2 2 10 4 506 4933 3203
8102 2 2 10 4 2274 2639 2188
8103 2 2 10 4 2015 2449 2014
8104 2 2 10 4 2641 3344 2639
8105 2 2 10 4 2282 2283 2129
8106 2 2 10 4 1605 2103 2003
8107 2 2 10 4 1312 4499 1314
8108 2 2 10 4 1466 4578 1469
8109 2 2 10 4 3521 5159 3519
8110 2 2 10 4 2798 3311 2800
8111 2 2 10 4 1912 1914 1911
8112 2 2 10 4 1581 2201 1327
8113 2 2 10 4 4820 5362 464
8114 2 2 10 4 2680 4549 1541
8115 2 2 10 4 4030 5230 1585
8116 2 2 10 4 479 5043 4615
8117 2 2 10 4 3651 5366 1079
8118 2 2 10 4 2635 2830 2634
8119 2 2 10 4 769 770 760
8120 2 2 10 4 788 789 786
8121 2 2 10 4 1614 1615 1563
8122 2 2 10 4 1703 4755 1693
8123 2 2 10 4 1444 1445 1042
8124 2 2 10 4 2344 2345 2283
8125 2 2 10 4 3996 4063 2830
8126 2 2 10 4 1098 2965 2964
8127 2 2 10 4 1893 1894 1861
8128 2 2 10 4 127 5434 427
8129 2 2 10 4 1847 1867 1855
8130 2 2 10 4 2415 3052 2270
8131 2 2 10 4 1867 2307 1977
8132 2 2 10 4 2143 2526 2364
8133 2 2 10 4 2988 2989 1844
8134 2 2 10 4 2180 4850 1855
8135 2 2 10 4 1951 2399 2209
8136 2 2 10 4 2263 2749 2262
8137 2 2 10 4 2526 3259 3247
8138 2 2 10 4 4028 4559 2256
8139 2 2 10 4 2647 2811 2648
8140 2 2 10 4 4189 4943 3386
8141 2 2 10 4 2668 3105 3104
8142 2 2 10 4 1611 2452 2451
8143 2 2 10 4 2481 3000 2345
8144 2 2 10 4 1538 1561 1537
8145 2 2 10 4 3008 3009 3006
8146 2 2 10 4 1915 2163 1914
8147 2 2 10 4 3826 4878 1645
8148 2 2 10 4 2191 2213 1644
8149 2 2 10 4 2324 2329 2323
8150 2 2 10 4 516 518 517
8151 2 2 10 4 2193 2752 2326
8152 2 2 10 4 1404 4476 1406
8153 2 2 10 4 4009 5413 4483
8154 2 2 10 4 2202 2814 2201
8155 2 2 10 4 1595 2076 1445
8156 2 2 10 4 1542 1543 1541
8157 2 2 10 4 2498 3139 2413
8158 2 2 10 4 674 4531 1518
8159 2 2 10 4 2244 2245 2243
8160 2 2 10 4 3299 3300 2547
8161 2 2 10 4 2075 2406 1740
8162 2 2 10 4 1845 4413 1828
8163 2 2 10 4 2482 2547 2329
8164 2 2 10 4 2873 3334 2620
8165 2 2 10 4 1908 4429 1907
8166 2 2 10 4 790 791 789
8167 2 2 10 4 695 4453 698
8168 2 2 10 4 792 793 791
8169 2 2 10 4 3003 3004 1558
8170 2 2 10 4 2889 3556 2749
8171 2 2 10 4 1546 1547 1545
8172 2 2 10 4 1923 1938 1556
8173 2 2 10 4 2700 2701 1413
8174 2 2 10 4 906 1462 1002
8175 2 2 10 4 1544 1545 1543
8176 2 2 10 4 1459 1559 1229
8177 2 2 10 4 2369 2864 2551
8178 2 2 10 4 1567 2048 1978
8179 2 2 10 4 2273 4614 982
8180 2 2 10 4 1714 4817 2275
8181 2 2 10 4 1500 1501 1499
8182 2 2 10 4 2292 4425 1175
8183 2 2 10 4 2741 2957 2740
8184 2 2 10 4 1474 4651 1473
8185 2 2 10 4 2677 2869 2868
8186 2 2 10 4 801 4634 804
8187 2 2 10 4 2002 2154 1460
8188 2 2 10 4 1928 1961 1927
8189 2 2 10 4 2708 2709 1434
8190 2 2 10 4 2697 3308 1966
8191 2 2 10 4 3034 3035 3009
8192 2 2 10 4 1443 5312 3848
8193 2 2 10 4 4211 4676 486
8194 2 2 10 4 1801 1817 1816
8195 2 2 10 4 1223 1257 1217
8196 2 2 10 4 1963 2272 982
8197 2 2 10 4 1899 2384 2042
8198 2 2 10 4 1189 1190 1172
8199 2 2 10 4 2658 4798 2764
8200 2 2 10 4 1604 2365 2292
8201 2 2 10 4 2509 3543 2676
8202 2 2 10 4 3983 4944 4711
8203 2 2 10 4 2784 3380 2666
8204 2 2 10 4 1851 1954 1953
8205 2 2 10 4 2985 5484 2544
8206 2 2 10 4 1996 2392 1997
8207 2 2 10 4 1473 1477 1475
8208 2 2 10 4 1427 2086 1586
8209 2 2 10 4 2214 2530 2213
8210 2 2 10 4 2827 2828 2709
8211 2 2 10 4 2549 3338 3143
8212 2 2 10 4 1243 4434 1244
8213 2 2 10 4 2864 3374 3373
8214 2 2 10 4 4273 4623 1042
8215 2 2 10 4 2829 3353 2828
8216 2 2 10 4 1365 4457 1371
8217 2 2 10 4 522 525 523
8218 2 2 10 4 3671 4964 2898
8219 2 2 10 4 2003 4438 2436
8220 2 2 10 4 1817 1849 1848
8221 2 2 10 4 2048 2333 2332
8222 2 2 10 4 2312 2314 1938
8223 2 2 10 4 1518 1520 1519
8224 2 2 10 4 815 4662 827
8225 2 2 10 4 1208 1209 1201
8226 2 2 10 4 1616 1617 1559
8227 2 2 10 4 1200 1201 1190
8228 2 2 10 4 1258 1265 1257
8229 2 2 10 4 3284 5622 5081
8230 2 2 10 4 2049 2050 1561
8231 2 2 10 4 2086 2560 2173
8232 2 2 10 4 457 5054 3477
8233 2 2 10 4 520 522 521
8234 2 2 10 4 1954 2418 2417
8235 2 2 10 4 1462 1464 1463
8236 2 2 10 4 2384 4448 2522
8237 2 2 10 4 1502 1503 1501
8238 2 2 10 4 1480 1498 1481
8239 2 2 10 4 525 4455 526
8240 2 2 10 4 1522 1524 1523
8241 2 2 10 4 1477 1480 1478
8242 2 2 10 4 1266 1275 1265
8243 2 2 10 4 2531 4488 2921
8244 2 2 10 4 2053 2112 1617
8245 2 2 10 4 1520 1522 1521
8246 2 2 10 4 1742 2082 1587
8247 2 2 10 4 3602 4778 3601
8248 2 2 10 4 1466 1468 1467
8249 2 2 10 4 2958 2959 2957
8250 2 2 10 4 1504 1505 1503
8251 2 2 10 4 1464 1466 1465
8252 2 2 10 4 2994 4358 2997
8253 2 2 10 4 1660 4454 1658
8254 2 2 10 4 518 520 519
8255 2 2 10 4 4462 4817 1442
8256 2 2 10 4 1319 1587 1275
8257 2 2 10 4 2591 5517 2624
8258 2 2 10 4 2475 4961 2904
8259 2 2 10 4 863 4543 860
8260 2 2 10 4 392 5177 4148
8261 2 2 10 4 3078 4958 3079
8262 2 2 10 4 1808 4785 1806
8263 2 2 10 4 601 4402 2440
8264 2 2 10 4 1060 4462 1058
8265 2 2 10 4 1658 4454 1670
8266 2 2 10 4 3068 4690 3066
8267 2 2 10 4 5326 5393 4022
8268 2 2 10 4 3005 4548 1558
8269 2 2 10 4 2855 4488 2531
8270 2 2 10 4 426 4669 248
8271 2 2 10 4 3149 5453 3182
8272 2 2 10 4 1259 5595 4889
8273 2 2 10 4 598 4466 595
8274 2 2 10 4 1058 4462 1442
8275 2 2 10 4 2071 4467 2068
8276 2 2 10 4 5133 5351 3181
8277 2 2 10 4 179 4940 363
8278 2 2 10 4 486 4940 180
8279 2 2 10 4 2440 4424 613
8280 2 2 10 4 1522 4598 1525
8281 2 2 10 4 625 4465 627
8282 2 2 10 4 2224 4596 1587
8283 2 2 10 4 1943 5437 3525
8284 2 2 10 4 719 4471 713
8285 2 2 10 4 557 5070 3924
8286 2 2 10 4 535 5536 533
8287 2 2 10 4 2891 5449 3661
8288 2 2 10 4 628 4465 625
8289 2 2 10 4 2183 4722 4201
8290 2 2 10 4 1327 4611 1103
8291 2 2 10 4 4221 4761 2183
8292 2 2 10 4 1872 4706 2144
8293 2 2 10 4 1462 4644 2682
8294 2 2 10 4 3283 4628 3284
8295 2 2 10 4 1782 4475 1780
8296 2 2 10 4 1443 4410 587
8297 2 2 10 4 2213 4555 2215
8298 2 2 10 4 944 4473 942
8299 2 2 10 4 4712 5550 3942
8300 2 2 10 4 2311 4573 4420
8301 2 2 10 4 4638 4706 1870
8302 2 2 10 4 1272 4481 1301
8303 2 2 10 4 2640 4857 2188
8304 2 2 10 4 4584 4936 4304
8305 2 2 10 4 1568 4435 1286
8306 2 2 10 4 2666 4533 701
8307 2 2 10 4 3500 4991 3497
8308 2 2 10 4 4289 4588 1859
8309 2 2 10 4 1105 4611 1108
8310 2 2 10 4 4274 4776 374
8311 2 2 10 4 703 4445 2784
8312 2 2 10 4 1978 4427 1564
8313 2 2 10 4 942 4473 1638
8314 2 2 10 4 1780 4475 1839
8315 2 2 10 4 4419 4659 1559
8316 2 2 10 4 2733 4439 4438
8317 2 2 10 4 2463 4442 2595
8318 2 2 10 4 1507 4612 1503
8319 2 2 10 4 2509 4535 3544
8320 2 2 10 4 2136 4535 2509
8321 2 2 10 4 3271 4847 2821
8322 2 2 10 4 2815 4830 2201
8323 2 2 10 4 1210 4613 1201
8324 2 2 10 4 1665 4489 1662
8325 2 2 10 4 178 4994 177
8326 2 2 10 4 2654 4768 2655
8327 2 2 10 4 3381 5515 3137
8328 2 2 10 4 861 4869 3951
8329 2 2 10 4 1111 4393 1114
8330 2 2 10 4 2168 4520 2387
8331 2 2 10 4 3511 5617 2746
8332 2 2 10 4 3253 5335 4622
8333 2 2 10 4 1413 4393 1109
8334 2 2 10 4 605 4491 603
8335 2 2 10 4 931 4451 1963
8336 2 2 10 4 2279 5007 2278
8337 2 2 10 4 515 4599 513
8338 2 2 10 4 520 4626 524
8339 2 2 10 4 1954 4655 2419
8340 2 2 10 4 3678 4990 3795
8341 2 2 10 4 132 5302 470
8342 2 2 10 4 4446 4768 2654
8343 2 2 10 4 4082 5576 3974
8344 2 2 10 4 3775 4976 3031
8345 2 2 10 4 821 4584 4303
8346 2 2 10 4 630 4501 632
8347 2 2 10 4 1320 5201 3109
8348 2 2 10 4 3214 4621 2960
8349 2 2 10 4 2030 4625 2397
8350 2 2 10 4 4964 5089 2898
8351 2 2 10 4 617 4424 622
8352 2 2 10 4 5484 5519 2544
8353 2 2 10 4 4399 4798 2658
8354 2 2 10 4 1033 4526 1444
8355 2 2 10 4 3380 4908 4870
8356 2 2 10 4 2521 5027 2519
8357 2 2 10 4 1333 4593 2573
8358 2 2 10 4 3977 4732 658
8359 2 2 10 4 3351 5449 5221
8360 2 2 10 4 330 4705 331
8361 2 2 10 4 2025 4512 2211
8362 2 2 10 4 4143 5041 2837
8363 2 2 10 4 2779 4918 4730
8364 2 2 10 4 470 5302 3591
8365 2 2 10 4 1115 4522 1117
8366 2 2 10 4 3889 5514 3891
8367 2 2 10 4 5336 5597 3936
8368 2 2 10 4 1558 4548 1051
8369 2 2 10 4 2369 4617 2865
8370 2 2 10 4 5048 5630 4073
8371 2 2 10 4 2155 4428 2066
8372 2 2 10 4 732 5483 3865
8373 2 2 10 4 3649 4842 3650
8374 2 2 10 4 993 4431 990
8375 2 2 10 4 1448 4457 1365
8376 2 2 10 4 2682 4578 1464
8377 2 2 10 4 2099 4515 2097
8378 2 2 10 4 2895 4818 4497
8379 2 2 10 4 610 4516 607
8380 2 2 10 4 2888 4713 2627
8381 2 2 10 4 1635 4874 1636
8382 2 2 10 4 2652 4751 2654
8383 2 2 10 4 4594 5610 1601
8384 2 2 10 4 1726 4528 1738
8385 2 2 10 4 2382 4556 2857
8386 2 2 10 4 4037 4702 3567
8387 2 2 10 4 773 4553 766
8388 2 2 10 4 2259 4860 4855
8389 2 2 10 4 2035 4429 1911
8390 2 2 10 4 4497 4818 1223
8391 2 2 10 4 3077 5036 3076
8392 2 2 10 4 1288 4435 1292
8393 2 2 10 4 4831 4987 1459
8394 2 2 10 4 2445 4672 2578
8395 2 2 10 4 1634 4772 1420
8396 2 2 10 4 4721 5344 2812
8397 2 2 10 4 1308 4521 1310
8398 2 2 10 4 3359 4770 2757
8399 2 2 10 4 1022 4834 4790
8400 2 2 10 4 3919 5417 1804
8401 2 2 10 4 5287 5487 3738
8402 2 2 10 4 3099 4500 4236
8403 2 2 10 4 1541 4549 987
8404 2 2 10 4 4995 5180 1956
8405 2 2 10 4 1650 4436 2229
8406 2 2 10 4 1267 5367 4369
8407 2 2 10 4 3787 4718 2777
8408 2 2 10 4 3030 5269 4537
8409 2 2 10 4 2637 4995 4365
8410 2 2 10 4 691 4550 1951
8411 2 2 10 4 866 4529 864
8412 2 2 10 4 3006 4629 3007
8413 2 2 10 4 595 4466 596
8414 2 2 10 4 2177 4539 2470
8415 2 2 10 4 2068 4467 2155
8416 2 2 10 4 4214 5303 433
8417 2 2 10 4 634 4532 636
8418 2 2 10 4 1119 4748 1121
8419 2 2 10 4 2868 4479 834
8420 2 2 10 4 4448 5080 4156
8421 2 2 10 4 3666 5428 1196
8422 2 2 10 4 3157 4788 3133
8423 2 2 10 4 1135 4606 1137
8424 2 2 10 4 2105 4523 1575
8425 2 2 10 4 1398 4423 1461
8426 2 2 10 4 1071 4426 1068
8427 2 2 10 4 3068 4744 4690
8428 2 2 10 4 1484 4534 1474
8429 2 2 10 4 1391 5127 1384
8430 2 2 10 4 4031 4972 3724
8431 2 2 10 4 94 5557 93
8432 2 2 10 4 2971 5046 2973
8433 2 2 10 4 414 5214 4724
8434 2 2 10 4 2904 4564 2474
8435 2 2 10 4 516 4599 1609
8436 2 2 10 4 3989 5609 3990
8437 2 2 10 4 1649 4538 1948
8438 2 2 10 4 743 4542 749
8439 2 2 10 4 4308 4521 1308
8440 2 2 10 4 4710 4935 4338
8441 2 2 10 4 2117 4710 4337
8442 2 2 10 4 1234 4409 1237
8443 2 2 10 4 958 4541 956
8444 2 2 10 4 4137 4666 1563
8445 2 2 10 4 1437 4423 1396
8446 2 2 10 4 713 4471 4367
8447 2 2 10 4 4542 5480 762
8448 2 2 10 4 1667 4447 1669
8449 2 2 10 4 3049 4787 3047
8450 2 2 10 4 3229 4789 4103
8451 2 2 10 4 4599 4637 1609
8452 2 2 10 4 1518 4531 2699
8453 2 2 10 4 1156 4545 1158
8454 2 2 10 4 4153 5225 4158
8455 2 2 10 4 151 4716 150
8456 2 2 10 4 3549 5578 4591
8457 2 2 10 4 640 4551 614
8458 2 2 10 4 3900 5103 383
8459 2 2 10 4 1458 4597 2882
8460 2 2 10 4 1356 4566 1354
8461 2 2 10 4 1275 4596 1276
8462 2 2 10 4 966 4758 968
8463 2 2 10 4 2699 4598 1520
8464 2 2 10 4 2733 4438 2103
8465 2 2 10 4 4529 4530 1427
8466 2 2 10 4 3138 5056 2028
8467 2 2 10 4 3716 4742 3714
8468 2 2 10 4 3399 5409 458
8469 2 2 10 4 2256 4559 2258
8470 2 2 10 4 2326 4493 1715
8471 2 2 10 4 2684 4536 1657
8472 2 2 10 4 3217 5032 4960
8473 2 2 10 4 2838 5076 1933
8474 2 2 10 4 1020 4558 1016
8475 2 2 10 4 638 4557 643
8476 2 2 10 4 1352 4560 1350
8477 2 2 10 4 1846 4586 1779
8478 2 2 10 4 3316 5212 3813
8479 2 2 10 4 745 4452 739
8480 2 2 10 4 2352 4563 2350
8481 2 2 10 4 3384 4724 3387
8482 2 2 10 4 2657 4701 3161
8483 2 2 10 4 1218 4710 2114
8484 2 2 10 4 911 4561 909
8485 2 2 10 4 4034 5098 1071
8486 2 2 10 4 2541 5060 2887
8487 2 2 10 4 2110 4571 1940
8488 2 2 10 4 4842 5055 2807
8489 2 2 10 4 1427 4530 2086
8490 2 2 10 4 1536 4565 1057
8491 2 2 10 4 845 4620 831
8492 2 2 10 4 1237 4409 1455
8493 2 2 10 4 3293 4854 4571
8494 2 2 10 4 2593 5147 4142
8495 2 2 10 4 1708 4737 1705
8496 2 2 10 4 1692 4570 1690
8497 2 2 10 4 4714 5239 5074
8498 2 2 10 4 1490 4567 1488
8499 2 2 10 4 3197 5150 4652
8500 2 2 10 4 928 4614 925
8501 2 2 10 4 1314 4569 1316
8502 2 2 10 4 4353 5410 2163
8503 2 2 10 4 2720 4461 877
8504 2 2 10 4 698 4453 723
8505 2 2 10 4 2750 4592 2262
8506 2 2 10 4 1359 4781 1361
8507 2 2 10 4 3393 5364 5190
8508 2 2 10 4 2120 4576 2122
8509 2 2 10 4 2974 5068 3340
8510 2 2 10 4 3256 5068 2976
8511 2 2 10 4 3627 4941 3547
8512 2 2 10 4 2705 4524 1499
8513 2 2 10 4 3640 4759 4301
8514 2 2 10 4 680 4533 1500
8515 2 2 10 4 1685 4546 939
8516 2 2 10 4 1904 4579 1902
8517 2 2 10 4 2775 5073 2716
8518 2 2 10 4 2997 4460 2996
8519 2 2 10 4 2620 4640 3111
8520 2 2 10 4 1371 4457 1375
8521 2 2 10 4 963 4582 960
8522 2 2 10 4 3860 5360 3861
8523 2 2 10 4 880 4597 878
8524 2 2 10 4 1696 4589 1694
8525 2 2 10 4 763 4584 771
8526 2 2 10 4 1802 4588 1798
8527 2 2 10 4 3904 5258 3188
8528 2 2 10 4 3501 5501 376
8529 2 2 10 4 1663 4454 1660
8530 2 2 10 4 915 4587 913
8531 2 2 10 4 3241 5109 2793
8532 2 2 10 4 1557 4632 1648
8533 2 2 10 4 1911 4429 1908
8534 2 2 10 4 1318 4590 1435
8535 2 2 10 4 1244 4434 1247
8536 2 2 10 4 1022 4790 3731
8537 2 2 10 4 1066 4426 4295
8538 2 2 10 4 4400 5353 4186
8539 2 2 10 4 872 4461 1560
8540 2 2 10 4 4210 5088 2796
8541 2 2 10 4 2059 4497 1208
8542 2 2 10 4 4374 4943 2968
8543 2 2 10 4 1501 4612 2705
8544 2 2 10 4 1063 4462 1060
8545 2 2 10 4 4307 5002 2848
8546 2 2 10 4 1190 4613 2656
8547 2 2 10 4 1121 4748 4463
8548 2 2 10 4 3513 5059 3027
8549 2 2 10 4 1794 4719 1792
8550 2 2 10 4 4059 5033 373
8551 2 2 10 4 1297 5251 4703
8552 2 2 10 4 2904 4961 4552
8553 2 2 10 4 1535 4466 598
8554 2 2 10 4 2711 4701 2657
8555 2 2 10 4 3197 4652 2345
8556 2 2 10 4 2457 4467 2071
8557 2 2 10 4 1560 4450 870
8558 2 2 10 4 3031 5117 2678
8559 2 2 10 4 2417 4502 2785
8560 2 2 10 4 4653 5350 3921
8561 2 2 10 4 1848 4504 2153
8562 2 2 10 4 627 4465 2260
8563 2 2 10 4 1125 4574 1127
8564 2 2 10 4 907 4644 906
8565 2 2 10 4 2522 4448 3055
8566 2 2 10 4 927 4644 907
8567 2 2 10 4 1494 4592 1492
8568 2 2 10 4 4885 5199 2977
8569 2 2 10 4 2425 5094 2426
8570 2 2 10 4 526 4455 577
8571 2 2 10 4 5470 5612 4410
8572 2 2 10 4 1662 4489 1663
8573 2 2 10 4 3224 5078 2890
8574 2 2 10 4 2916 4656 2462
8575 2 2 10 4 603 4491 1535
8576 2 2 10 4 4520 5513 5200
8577 2 2 10 4 877 4461 874
8578 2 2 10 4 3344 4487 2639
8579 2 2 10 4 1609 4626 518
8580 2 2 10 4 967 4594 965
8581 2 2 10 4 727 4471 719
8582 2 2 10 4 4079 5134 4078
8583 2 2 10 4 3504 5058 4142
8584 2 2 10 4 4142 5058 2593
8585 2 2 10 4 2859 4892 4860
8586 2 2 10 4 1102 4572 1581
8587 2 2 10 4 864 4529 1427
8588 2 2 10 4 868 4450 1041
8589 2 2 10 4 1327 4830 4611
8590 2 2 10 4 3935 5358 2493
8591 2 2 10 4 947 4474 4473
8592 2 2 10 4 2734 4589 2014
8593 2 2 10 4 2103 4438 2003
8594 2 2 10 4 1966 4538 1649
8595 2 2 10 4 2901 4916 2698
8596 2 2 10 4 491 4932 29
8597 2 2 10 4 411 5309 4749
8598 2 2 10 4 4315 4616 2760
8599 2 2 10 4 2567 4754 4292
8600 2 2 10 4 561 4601 563
8601 2 2 10 4 1172 4545 1156
8602 2 2 10 4 4162 5102 2826
8603 2 2 10 4 1120 4784 1118
8604 2 2 10 4 956 4541 1635
8605 2 2 10 4 947 4473 944
8606 2 2 10 4 3227 5626 5083
8607 2 2 10 4 3822 5370 951
8608 2 2 10 4 1785 4475 1782
8609 2 2 10 4 2260 4501 630
8610 2 2 10 4 1031 4623 1029
8611 2 2 10 4 2833 5115 2381
8612 2 2 10 4 2829 4981 4392
8613 2 2 10 4 919 4604 917
8614 2 2 10 4 1792 4719 1801
8615 2 2 10 4 1481 4514 1639
8616 2 2 10 4 3315 5497 4394
8617 2 2 10 4 2261 5171 4052
8618 2 2 10 4 781 4643 778
8619 2 2 10 4 1301 4481 1305
8620 2 2 10 4 1434 4522 1115
8621 2 2 10 4 1759 4610 1757
8622 2 2 10 4 1514 5336 2203
8623 2 2 10 4 667 4607 661
8624 2 2 10 4 2877 4985 4821
8625 2 2 10 4 3865 5310 732
8626 2 2 10 4 2959 5555 3711
8627 2 2 10 4 5193 5602 3136
8628 2 2 10 4 1586 4543 863
8629 2 2 10 4 3933 5497 3315
8630 2 2 10 4 4285 5063 3041
8631 2 2 10 4 2691 5063 4285
8632 2 2 10 4 4311 4969 4182
8633 2 2 10 4 1852 4655 1851
8634 2 2 10 4 2676 4539 2138
8635 2 2 10 4 3455 5377 3661
8636 2 2 10 4 4301 4759 2665
8637 2 2 10 4 5168 5222 2983
8638 2 2 10 4 831 4679 820
8639 2 2 10 4 1418 4476 1404
8640 2 2 10 4 2801 4813 3552
8641 2 2 10 4 2820 4875 2735
8642 2 2 10 4 2920 5194 2917
8643 2 2 10 4 2747 4739 4183
8644 2 2 10 4 1938 4632 1556
8645 2 2 10 4 2308 4673 2799
8646 2 2 10 4 2770 4951 3326
8647 2 2 10 4 2197 5301 4199
8648 2 2 10 4 4197 5142 509
8649 2 2 10 4 1412 4709 4260
8650 2 2 10 4 1867 4509 2307
8651 2 2 10 4 4420 4573 2707
8652 2 2 10 4 4194 5624 3410
8653 2 2 10 4 2526 4508 3259
8654 2 2 10 4 4579 5000 1952
8655 2 2 10 4 1626 5311 4111
8656 2 2 10 4 2432 4512 2025
8657 2 2 10 4 1467 4527 1476
8658 2 2 10 4 1453 4617 1606
8659 2 2 10 4 2319 5147 2318
8660 2 2 10 4 3585 4998 4509
8661 2 2 10 4 1669 4489 1665
8662 2 2 10 4 2300 5163 3086
8663 2 2 10 4 3668 4880 2802
8664 2 2 10 4 3321 5077 2364
8665 2 2 10 4 2558 4631 4630
8666 2 2 10 4 1952 4660 1900
8667 2 2 10 4 1230 4659 1233
8668 2 2 10 4 3065 5215 3067
8669 2 2 10 4 3211 5354 3141
8670 2 2 10 4 1473 4651 1477
8671 2 2 10 4 4320 4848 1789
8672 2 2 10 4 619 4491 605
8673 2 2 10 4 1488 4567 1611
8674 2 2 10 4 1516 4536 2075
8675 2 2 10 4 3070 4744 3068
8676 2 2 10 4 1735 4499 1312
8677 2 2 10 4 3477 5054 4798
8678 2 2 10 4 4254 4838 4249
8679 2 2 10 4 1209 4497 1223
8680 2 2 10 4 95 4963 94
8681 2 2 10 4 1229 4659 1230
8682 2 2 10 4 1053 4565 3003
8683 2 2 10 4 1508 4649 4385
8684 2 2 10 4 3143 4502 2418
8685 2 2 10 4 165 4723 164
8686 2 2 10 4 1900 4660 1899
8687 2 2 10 4 607 4516 619
8688 2 2 10 4 2508 5372 4057
8689 2 2 10 4 1953 4504 1849
8690 2 2 10 4 2824 4745 2823
8691 2 2 10 4 2097 4515 2311
8692 2 2 10 4 2830 4519 2634
8693 2 2 10 4 3558 5038 3093
8694 2 2 10 4 3236 5296 3233
8695 2 2 10 4 2269 5163 1975
8696 2 2 10 4 1420 4772 1077
8697 2 2 10 4 827 4662 2677
8698 2 2 10 4 665 4624 670
8699 2 2 10 4 4469 4713 1703
8700 2 2 10 4 2414 4653 2722
8701 2 2 10 4 514 5262 512
8702 2 2 10 4 4352 5453 3151
8703 2 2 10 4 2413 4653 2414
8704 2 2 10 4 4671 5545 3773
8705 2 2 10 4 2980 4749 3320
8706 2 2 10 4 3980 5400 3979
8707 2 2 10 4 2836 4750 2835
8708 2 2 10 4 30 4978 491
8709 2 2 10 4 374 4978 31
8710 2 2 10 4 4215 5627 2392
8711 2 2 10 4 579 4966 2897
8712 2 2 10 4 2129 4576 2120
8713 2 2 10 4 3300 4517 2547
8714 2 2 10 4 1898 4665 2456
8715 2 2 10 4 177 5160 176
8716 2 2 10 4 5094 5146 2426
8717 2 2 10 4 1114 4393 2708
8718 2 2 10 4 2809 4717 3219
8719 2 2 10 4 3071 5179 3170
8720 2 2 10 4 3802 5412 2806
8721 2 2 10 4 4520 5200 3834
8722 2 2 10 4 1932 4780 2455
8723 2 2 10 4 632 4501 642
8724 2 2 10 4 3626 5391 3625
8725 2 2 10 4 3078 5256 4958
8726 2 2 10 4 3583 4563 2502
8727 2 2 10 4 2270 4737 1708
8728 2 2 10 4 1648 4632 2697
8729 2 2 10 4 1997 4514 1498
8730 2 2 10 4 3633 5373 3046
8731 2 2 10 4 367 4798 4399
8732 2 2 10 4 1406 4476 1567
8733 2 2 10 4 2172 5539 5297
8734 2 2 10 4 4776 5596 374
8735 2 2 10 4 2738 4558 1594
8736 2 2 10 4 4395 4642 1528
8737 2 2 10 4 1807 4888 4585
8738 2 2 10 4 4866 5599 3910
8739 2 2 10 4 2554 4757 1629
8740 2 2 10 4 1220 4831 1221
8741 2 2 10 4 686 4805 685
8742 2 2 10 4 365 5524 5073
8743 2 2 10 4 1394 4747 1437
8744 2 2 10 4 2937 4698 2939
8745 2 2 10 4 511 5142 515
8746 2 2 10 4 2451 4534 1487
8747 2 2 10 4 510 5184 1326
8748 2 2 10 4 642 4532 634
8749 2 2 10 4 2691 5012 2611
8750 2 2 10 4 2661 5186 2971
8751 2 2 10 4 4042 4671 2379
8752 2 2 10 4 2211 4512 2841
8753 2 2 10 4 2354 4520 2168
8754 2 2 10 4 1108 4611 2700
8755 2 2 10 4 3945 4987 4831
8756 2 2 10 4 4292 4754 3592
8757 2 2 10 4 690 4906 689
8758 2 2 10 4 2648 4562 2771
8759 2 2 10 4 2982 5168 2983
8760 2 2 10 4 1775 4586 2988
8761 2 2 10 4 3040 5408 4812
8762 2 2 10 4 2517 5198 2412
8763 2 2 10 4 2632 4760 3295
8764 2 2 10 4 3991 4734 3992
8765 2 2 10 4 2975 5199 2978
8766 2 2 10 4 3567 4702 3569
8767 2 2 10 4 2755 4515 2099
8768 2 2 10 4 2843 4663 2668
8769 2 2 10 4 3101 5250 2734
8770 2 2 10 4 4474 5370 3822
8771 2 2 10 4 2283 4652 2679
8772 2 2 10 4 565 4635 567
8773 2 2 10 4 2366 5101 4004
8774 2 2 10 4 1583 4516 610
8775 2 2 10 4 843 5176 5112
8776 2 2 10 4 1738 4528 2174
8777 2 2 10 4 2779 4730 3678
8778 2 2 10 4 878 4597 1458
8779 2 2 10 4 1763 4636 1761
8780 2 2 10 4 2081 5207 3661
8781 2 2 10 4 2084 5207 1733
8782 2 2 10 4 428 5022 3931
8783 2 2 10 4 1117 4522 1264
8784 2 2 10 4 1208 4497 1209
8785 2 2 10 4 4346 5325 3458
8786 2 2 10 4 2897 4726 4406
8787 2 2 10 4 1771 4910 1768
8788 2 2 10 4 2421 4661 3036
8789 2 2 10 4 792 4699 794
8790 2 2 10 4 614 4551 1583
8791 2 2 10 4 5166 5167 1147
8792 2 2 10 4 1310 4521 1735
8793 2 2 10 4 3999 5320 3998
8794 2 2 10 4 3724 4972 3722
8795 2 2 10 4 426 5598 4962
8796 2 2 10 4 1849 4504 1848
8797 2 2 10 4 2418 4502 2417
8798 2 2 10 4 3274 5484 4676
8799 2 2 10 4 4789 5252 2289
8800 2 2 10 4 1041 4529 866
8801 2 2 10 4 1240 4666 1243
8802 2 2 10 4 2964 4817 4462
8803 2 2 10 4 2667 4714 2843
8804 2 2 10 4 4556 5635 3931
8805 2 2 10 4 2530 4555 2213
8806 2 2 10 4 4119 4811 2718
8807 2 2 10 4 3163 4754 2567
8808 2 2 10 4 2775 5512 3900
8809 2 2 10 4 2507 5220 2378
8810 2 2 10 4 1685 4547 4546
8811 2 2 10 4 3827 4984 3828
8812 2 2 10 4 2472 4887 2471
8813 2 2 10 4 2517 5535 4145
8814 2 2 10 4 3463 4766 3464
8815 2 2 10 4 1554 4568 1546
8816 2 2 10 4 636 4532 1588
8817 2 2 10 4 3138 5094 5056
8818 2 2 10 4 2618 4812 4504
8819 2 2 10 4 4093 5305 4743
8820 2 2 10 4 4103 4789 3559
8821 2 2 10 4 1000 4937 1007
8822 2 2 10 4 10 4731 9
8823 2 2 10 4 4442 5516 724
8824 2 2 10 4 3590 4515 2755
8825 2 2 10 4 909 4561 927
8826 2 2 10 4 1350 4560 1372
8827 2 2 10 4 1016 4558 1018
8828 2 2 10 4 1588 4557 638
8829 2 2 10 4 3852 5586 1015
8830 2 2 10 4 3300 4518 4517
8831 2 2 10 4 3293 4571 2416
8832 2 2 10 4 1547 4568 2719
8833 2 2 10 4 4540 5430 3880
8834 2 2 10 4 3114 4828 3116
8835 2 2 10 4 4452 4542 743
8836 2 2 10 4 1498 4514 1481
8837 2 2 10 4 4544 4910 1771
8838 2 2 10 4 4361 4685 3110
8839 2 2 10 4 1239 4666 1240
8840 2 2 10 4 417 4809 84
8841 2 2 10 4 3908 4873 2893
8842 2 2 10 4 1487 4534 1484
8843 2 2 10 4 4285 5012 2691
8844 2 2 10 4 2209 4575 2388
8845 2 2 10 4 1170 4647 1173
8846 2 2 10 4 4168 5251 3513
8847 2 2 10 4 3111 5405 2555
8848 2 2 10 4 1948 4538 2299
8849 2 2 10 4 5127 5321 3580
8850 2 2 10 4 1010 4834 1022
8851 2 2 10 4 766 4553 768
8852 2 2 10 4 2850 4556 2382
8853 2 2 10 4 2723 4729 2807
8854 2 2 10 4 4539 4806 2470
8855 2 2 10 4 3340 5243 2972
8856 2 2 10 4 2970 5243 3684
8857 2 2 10 4 4431 4771 2681
8858 2 2 10 4 749 4542 762
8859 2 2 10 4 1448 5577 4066
8860 2 2 10 4 2765 5249 2659
8861 2 2 10 4 2966 4760 2632
8862 2 2 10 4 925 4650 923
8863 2 2 10 4 962 4541 958
8864 2 2 10 4 1468 4527 1467
8865 2 2 10 4 5180 5614 4104
8866 2 2 10 4 1977 4581 2422
8867 2 2 10 4 1158 4545 1597
8868 2 2 10 4 3389 4874 2782
8869 2 2 10 4 1137 4606 1195
8870 2 2 10 4 373 5033 22
8871 2 2 10 4 21 5033 492
8872 2 2 10 4 2761 4665 2303
8873 2 2 10 4 5386 5573 971
8874 2 2 10 4 4232 4648 1845
8875 2 2 10 4 657 4551 640
8876 2 2 10 4 3923 4728 473
8877 2 2 10 4 2350 4563 4035
8878 2 2 10 4 98 4945 4734
8879 2 2 10 4 4534 4651 1474
8880 2 2 10 4 1409 5259 1410
8881 2 2 10 4 3401 4822 404
8882 2 2 10 4 2114 4710 2117
8883 2 2 10 4 884 4654 882
8884 2 2 10 4 3367 5069 5064
8885 2 2 10 4 4836 5387 384
8886 2 2 10 4 1902 4579 1952
8887 2 2 10 4 1690 4570 4040
8888 2 2 10 4 2456 4673 2007
8889 2 2 10 4 1596 4560 1352
8890 2 2 10 4 2474 4564 2776
8891 2 2 10 4 1354 4566 1596
8892 2 2 10 4 643 4557 663
8893 2 2 10 4 1305 4481 2191
8894 2 2 10 4 2305 4780 1932
8895 2 2 10 4 1393 4747 1394
8896 2 2 10 4 2174 4528 2741
8897 2 2 10 4 3414 5353 4400
8898 2 2 10 4 3030 4467 2457
8899 2 2 10 4 657 4641 4551
8900 2 2 10 4 3662 5233 2748
8901 2 2 10 4 1598 4561 911
8902 2 2 10 4 2258 4559 2850
8903 2 2 10 4 3408 4837 3449
8904 2 2 10 4 2964 4462 1063
8905 2 2 10 4 577 4964 4668
8906 2 2 10 4 1464 4578 1466
8907 2 2 10 4 960 4582 962
8908 2 2 10 4 1594 4558 1020
8909 2 2 10 4 3512 4661 2294
8910 2 2 10 4 3410 5265 4194
8911 2 2 10 4 2502 4563 2352
8912 2 2 10 4 4406 4726 1428
8913 2 2 10 4 4057 5260 4058
8914 2 2 10 4 3109 5124 3735
8915 2 2 10 4 1475 4633 1470
8916 2 2 10 4 2713 4819 4514
8917 2 2 10 4 1980 4567 1490
8918 2 2 10 4 913 4587 1598
8919 2 2 10 4 1383 4566 1356
8920 2 2 10 4 2416 4571 2110
8921 2 2 10 4 1712 4570 1692
8922 2 2 10 4 1526 4642 1534
8923 2 2 10 4 2303 4665 1894
8924 2 2 10 4 2172 5297 4525
8925 2 2 10 4 1798 4588 1800
8926 2 2 10 4 1566 4649 1506
8927 2 2 10 4 2902 5563 5191
8928 2 2 10 4 4759 4999 2665
8929 2 2 10 4 1316 4569 2016
8930 2 2 10 4 2594 4648 4232
8931 2 2 10 4 4188 5288 3195
8932 2 2 10 4 1796 4765 1794
8933 2 2 10 4 5261 5326 4022
8934 2 2 10 4 1971 4639 2706
8935 2 2 10 4 1215 4574 1125
8936 2 2 10 4 2426 5146 2853
8937 2 2 10 4 1129 4670 1131
8938 2 2 10 4 5028 5192 3008
8939 2 2 10 4 1694 4589 1712
8940 2 2 10 4 2016 4590 1318
8941 2 2 10 4 3357 4639 2430
8942 2 2 10 4 4874 5378 2986
8943 2 2 10 4 1460 4620 845
8944 2 2 10 4 195 4807 402
8945 2 2 10 4 513 4599 516
8946 2 2 10 4 2687 4602 2685
8947 2 2 10 4 1444 4715 1595
8948 2 2 10 4 2122 4576 2141
8949 2 2 10 4 1546 4568 1547
8950 2 2 10 4 4237 5213 3635
8951 2 2 10 4 982 4614 928
8952 2 2 10 4 1907 4579 1904
8953 2 2 10 4 1375 5569 5548
8954 2 2 10 4 771 4584 821
8955 2 2 10 4 2651 4816 3642
8956 2 2 10 4 2811 4562 2648
8957 2 2 10 4 1601 4582 963
8958 2 2 10 4 4437 4694 902
8959 2 2 10 4 2895 4497 2059
8960 2 2 10 4 3614 5178 1097
8961 2 2 10 4 3086 4912 3250
8962 2 2 10 4 4436 4707 2229
8963 2 2 10 4 930 4587 915
8964 2 2 10 4 1026 4597 880
8965 2 2 10 4 2307 4581 1977
8966 2 2 10 4 770 4605 784
8967 2 2 10 4 3152 4732 3341
8968 2 2 10 4 2399 4575 2209
8969 2 2 10 4 1587 4596 1275
8970 2 2 10 4 1520 4598 1522
8971 2 2 10 4 2190 4630 2873
8972 2 2 10 4 2294 4661 2245
8973 2 2 10 4 886 4664 884
8974 2 2 10 4 2623 5547 2622
8975 2 2 10 4 2953 4698 2937
8976 2 2 10 4 1859 4588 1802
8977 2 2 10 4 3945 4831 1220
8978 2 2 10 4 1435 4590 2169
8979 2 2 10 4 5079 5315 419
8980 2 2 10 4 2014 4589 1696
8981 2 2 10 4 1492 4592 1980
8982 2 2 10 4 3931 5635 3930
8983 2 2 10 4 965 4594 1601
8984 2 2 10 4 2491 4743 2053
8985 2 2 10 4 2436 4753 2693
8986 2 2 10 4 1729 5341 1731
8987 2 2 10 4 2636 4761 4221
8988 2 2 10 4 3009 4629 3006
8989 2 2 10 4 4275 4776 4274
8990 2 2 10 4 1476 4527 2370
8991 2 2 10 4 1524 4642 1526
8992 2 2 10 4 1506 4649 1505
8993 2 2 10 4 2085 4605 770
8994 2 2 10 4 4111 5222 2540
8995 2 2 10 4 2676 4806 4539
8996 2 2 10 4 2685 4602 2689
8997 2 2 10 4 2488 5541 2650
8998 2 2 10 4 2496 5352 2565
8999 2 2 10 4 2560 4740 2562
9000 2 2 10 4 784 4605 788
9001 2 2 10 4 715 4601 561
9002 2 2 10 4 1512 4667 1510
9003 2 2 10 4 1679 5226 1729
9004 2 2 10 4 2262 4592 1494
9005 2 2 10 4 3115 4872 3113
9006 2 2 10 4 1216 4687 4506
9007 2 2 10 4 528 4668 530
9008 2 2 10 4 560 4844 558
9009 2 2 10 4 1127 4574 1600
9010 2 2 10 4 917 4604 930
9011 2 2 10 4 971 4594 967
9012 2 2 10 4 1916 4568 1554
9013 2 2 10 4 1757 4610 1863
9014 2 2 10 4 3586 5044 4848
9015 2 2 10 4 3243 4602 2687
9016 2 2 10 4 1201 4613 1190
9017 2 2 10 4 2596 4648 2594
9018 2 2 10 4 563 4601 2034
9019 2 2 10 4 661 4607 717
9020 2 2 10 4 1503 4612 1501
9021 2 2 10 4 452 5523 3665
9022 2 2 10 4 2053 4743 2112
9023 2 2 10 4 2558 4630 2154
9024 2 2 10 4 4280 5337 366
9025 2 2 10 4 546 4697 1599
9026 2 2 10 4 2752 4738 2955
9027 2 2 10 4 4421 4764 2043
9028 2 2 10 4 4164 5504 4163
9029 2 2 10 4 2388 4575 3231
9030 2 2 10 4 2523 4646 2832
9031 2 2 10 4 2430 4639 1961
9032 2 2 10 4 4158 5244 4276
9033 2 2 10 4 1843 4610 1759
9034 2 2 10 4 1042 4623 1031
9035 2 2 10 4 3122 4763 3124
9036 2 2 10 4 4191 5387 3106
9037 2 2 10 4 4499 4569 1314
9038 2 2 10 4 3472 4922 372
9039 2 2 10 4 378 4983 4211
9040 2 2 10 4 2771 4562 3697
9041 2 2 10 4 2327 5398 2493
9042 2 2 10 4 3208 4738 2752
9043 2 2 10 4 3001 5399 2335
9044 2 2 10 4 5112 5176 3190
9045 2 2 10 4 3855 5318 4357
9046 2 2 10 4 4310 4977 1268
9047 2 2 10 4 3220 4843 3218
9048 2 2 10 4 1133 4678 1135
9049 2 2 10 4 2663 5411 2905
9050 2 2 10 4 2332 4840 1978
9051 2 2 10 4 1029 4623 4090
9052 2 2 10 4 4615 4657 3886
9053 2 2 10 4 1530 4675 1532
9054 2 2 10 4 519 4858 517
9055 2 2 10 4 2169 4617 1453
9056 2 2 10 4 3823 5154 5144
9057 2 2 10 4 518 4626 520
9058 2 2 10 4 3979 4627 4537
9059 2 2 10 4 3342 4656 2916
9060 2 2 10 4 1551 4689 1923
9061 2 2 10 4 2585 5212 2586
9062 2 2 10 4 2411 5535 2517
9063 2 2 10 4 1606 4617 2369
9064 2 2 10 4 4167 5482 3379
9065 2 2 10 4 3821 4838 4254
9066 2 2 10 4 2355 5476 2080
9067 2 2 10 4 1789 4848 1786
9068 2 2 10 4 572 4684 554
9069 2 2 10 4 2659 5464 2598
9070 2 2 10 4 2544 5508 2525
9071 2 2 10 4 3334 4640 2620
9072 2 2 10 4 2372 5512 2775
9073 2 2 10 4 3328 4956 3329
9074 2 2 10 4 2063 4680 2061
9075 2 2 10 4 2154 4630 2190
9076 2 2 10 4 3569 4702 3576
9077 2 2 10 4 716 4624 665
9078 2 2 10 4 2781 5512 4190
9079 2 2 10 4 4604 5164 4357
9080 2 2 10 4 4528 4901 2741
9081 2 2 10 4 1273 4898 1270
9082 2 2 10 4 482 4866 3909
9083 2 2 10 4 906 4644 1462
9084 2 2 10 4 4409 4925 2606
9085 2 2 10 4 542 4696 573
9086 2 2 10 4 5040 5166 1194
9087 2 2 10 4 3940 4892 2859
9088 2 2 10 4 3133 4788 3132
9089 2 2 10 4 4507 4799 2575
9090 2 2 10 4 1537 4643 781
9091 2 2 10 4 567 4635 571
9092 2 2 10 4 1470 4633 1468
9093 2 2 10 4 3913 5439 2843
9094 2 2 10 4 4100 5291 1654
9095 2 2 10 4 2034 4635 565
9096 2 2 10 4 1761 4636 1843
9097 2 2 10 4 1862 4636 1763
9098 2 2 10 4 3266 4864 2712
9099 2 2 10 4 4204 5591 3147
9100 2 2 10 4 4786 4961 2475
9101 2 2 10 4 2263 4975 2889
9102 2 2 10 4 2438 4804 2520
9103 2 2 10 4 1961 4639 1971
9104 2 2 10 4 4365 4995 2867
9105 2 2 10 4 2027 5113 4160
9106 2 2 10 4 2743 4853 3227
9107 2 2 10 4 4207 5399 3032
9108 2 2 10 4 3096 4646 2523
9109 2 2 10 4 2144 4863 1874
9110 2 2 10 4 1800 4765 1796
9111 2 2 10 4 1851 4655 1954
9112 2 2 10 4 1173 4647 1604
9113 2 2 10 4 3172 5337 4280
9114 2 2 10 4 23 5121 373
9115 2 2 10 4 493 5121 24
9116 2 2 10 4 1528 4642 1524
9117 2 2 10 4 4959 4993 3662
9118 2 2 10 4 3269 4740 2560
9119 2 2 10 4 1198 4687 1216
9120 2 2 10 4 853 4685 851
9121 2 2 10 4 538 4693 1602
9122 2 2 10 4 532 4683 534
9123 2 2 10 4 114 4846 432
9124 2 2 10 4 2832 4746 2196
9125 2 2 10 4 1424 5085 4310
9126 2 2 10 4 3373 4975 2551
9127 2 2 10 4 1559 4659 1229
9128 2 2 10 4 3139 4653 2413
9129 2 2 10 4 3327 4810 2797
9130 2 2 10 4 733 5071 726
9131 2 2 10 4 2802 4880 3643
9132 2 2 10 4 1599 4692 548
9133 2 2 10 4 1188 4647 1170
9134 2 2 10 4 2374 4688 2742
9135 2 2 10 4 1505 4649 1508
9136 2 2 10 4 1413 4859 4393
9137 2 2 10 4 3173 5110 3527
9138 2 2 10 4 4139 4735 1981
9139 2 2 10 4 1740 4667 1512
9140 2 2 10 4 1899 4660 2384
9141 2 2 10 4 530 4668 1603
9142 2 2 10 4 4060 5204 1637
9143 2 2 10 4 3717 4893 3719
9144 2 2 10 4 1131 4670 1207
9145 2 2 10 4 1019 4664 886
9146 2 2 10 4 1532 4675 2193
9147 2 2 10 4 923 4650 981
9148 2 2 10 4 2780 4918 2779
9149 2 2 10 4 534 4683 576
9150 2 2 10 4 2345 4652 2283
9151 2 2 10 4 2659 5249 4371
9152 2 2 10 4 2323 4680 2063
9153 2 2 10 4 1183 4686 1191
9154 2 2 10 4 777 5172 774
9155 2 2 10 4 882 4654 1026
9156 2 2 10 4 4173 5546 4266
9157 2 2 10 4 2492 5418 5109
9158 2 2 10 4 3735 5124 3736
9159 2 2 10 4 4307 5395 5002
9160 2 2 10 4 2668 4663 3105
9161 2 2 10 4 3101 5622 5250
9162 2 2 10 4 1346 4829 2599
9163 2 2 10 4 2179 4688 2374
9164 2 2 10 4 2788 5368 4233
9165 2 2 10 4 584 4966 581
9166 2 2 10 4 3954 5513 4336
9167 2 2 10 4 416 5049 4029
9168 2 2 10 4 2693 4753 2831
9169 2 2 10 4 2694 4852 2692
9170 2 2 10 4 2245 4661 2421
9171 2 2 10 4 4657 5621 3888
9172 2 2 10 4 1273 5333 4067
9173 2 2 10 4 1600 4670 1129
9174 2 2 10 4 577 4668 528
9175 2 2 10 4 1360 4899 1358
9176 2 2 10 4 1191 4687 1198
9177 2 2 10 4 1150 4800 1148
9178 2 2 10 4 624 4704 759
9179 2 2 10 4 5120 5631 425
9180 2 2 10 4 573 4697 544
9181 2 2 10 4 461 4963 95
9182 2 2 10 4 2699 4775 4598
9183 2 2 10 4 1563 4666 1239
9184 2 2 10 4 2719 4689 1549
9185 2 2 10 4 1143 4802 1194
9186 2 2 10 4 1894 4665 1898
9187 2 2 10 4 4611 4830 2700
9188 2 2 10 4 16 4782 15
9189 2 2 10 4 1510 4667 1566
9190 2 2 10 4 896 4691 894
9191 2 2 10 4 3563 4733 3152
9192 2 2 10 4 3257 4735 3258
9193 2 2 10 4 2709 4768 4446
9194 2 2 10 4 3823 5144 3033
9195 2 2 10 4 1630 4685 853
9196 2 2 10 4 3099 4845 4500
9197 2 2 10 4 3743 4671 4430
9198 2 2 10 4 92 4823 91
9199 2 2 10 4 536 4693 538
9200 2 2 10 4 900 4694 1003
9201 2 2 10 4 1227 4831 1459
9202 2 2 10 4 2580 4700 3089
9203 2 2 10 4 2007 4673 2308
9204 2 2 10 4 1534 4675 1530
9205 2 2 10 4 3681 5235 2203
9206 2 2 10 4 4036 5543 4726
9207 2 2 10 4 1426 4895 4662
9208 2 2 10 4 1602 4696 540
9209 2 2 10 4 1207 4678 1133
9210 2 2 10 4 1095 4699 792
9211 2 2 10 4 3174 5583 3175
9212 2 2 10 4 2061 4680 2895
9213 2 2 10 4 4154 5632 5000
9214 2 2 10 4 1012 4752 892
9215 2 2 10 4 2215 5134 4876
9216 2 2 10 4 657 5246 4088
9217 2 2 10 4 1500 4870 1502
9218 2 2 10 4 1811 4785 1808
9219 2 2 10 4 2182 5325 4346
9220 2 2 10 4 4017 5365 4018
9221 2 2 10 4 2950 5394 4407
9222 2 2 10 4 775 5122 4838
9223 2 2 10 4 2578 4700 2580
9224 2 2 10 4 1597 4801 1160
9225 2 2 10 4 540 4696 542
9226 2 2 10 4 206 4820 205
9227 2 2 10 4 1603 4683 532
9228 2 2 10 4 1549 4689 1551
9229 2 2 10 4 576 4693 536
9230 2 2 10 4 894 4691 1012
9231 2 2 10 4 2859 4860 2383
9232 2 2 10 4 1186 4686 1183
9233 2 2 10 4 3491 4849 4095
9234 2 2 10 4 3135 5193 3136
9235 2 2 10 4 1181 4777 1186
9236 2 2 10 4 902 4694 900
9237 2 2 10 4 4020 5017 4014
9238 2 2 10 4 2672 4824 2674
9239 2 2 10 4 851 4685 4361
9240 2 2 10 4 2470 4688 2179
9241 2 2 10 4 2853 4825 2852
9242 2 2 10 4 3745 5595 1138
9243 2 2 10 4 1264 4748 1119
9244 2 2 10 4 1160 4801 1162
9245 2 2 10 4 4619 4893 3717
9246 2 2 10 4 554 4684 569
9247 2 2 10 4 3306 5362 4820
9248 2 2 10 4 4438 4753 2436
9249 2 2 10 4 544 4697 546
9250 2 2 10 4 4422 5186 2660
9251 2 2 10 4 2821 4847 2822
9252 2 2 10 4 2722 4786 2721
9253 2 2 10 4 3792 5488 5081
9254 2 2 10 4 70 5278 4608
9255 2 2 10 4 768 4797 757
9256 2 2 10 4 548 4692 550
9257 2 2 10 4 1162 4801 1185
9258 2 2 10 4 1372 4829 1348
9259 2 2 10 4 5174 5229 4003
9260 2 2 10 4 2674 5409 3328
9261 2 2 10 4 4398 5577 1448
9262 2 2 10 4 622 4704 624
9263 2 2 10 4 2945 4934 2947
9264 2 2 10 4 4605 4894 4309
9265 2 2 10 4 3972 5298 4707
9266 2 2 10 4 4481 4898 4290
9267 2 2 10 4 2828 4768 2709
9268 2 2 10 4 5125 5343 3202
9269 2 2 10 4 2205 4882 2291
9270 2 2 10 4 1824 5300 1892
9271 2 2 10 4 4086 5477 1268
9272 2 2 10 4 1179 4777 1181
9273 2 2 10 4 804 4793 806
9274 2 2 10 4 2826 4997 4137
9275 2 2 10 4 4371 5464 2659
9276 2 2 10 4 757 4797 753
9277 2 2 10 4 892 4752 890
9278 2 2 10 4 447 5256 4171
9279 2 2 10 4 2730 4839 3817
9280 2 2 10 4 1005 4771 993
9281 2 2 10 4 4345 5392 3014
9282 2 2 10 4 3013 5627 4217
9283 2 2 10 4 5615 5621 4590
9284 2 2 10 4 3141 4777 4425
9285 2 2 10 4 1876 4863 1880
9286 2 2 10 4 4725 5445 3295
9287 2 2 10 4 806 4793 816
9288 2 2 10 4 4247 5438 1389
9289 2 2 10 4 2183 4761 4722
9290 2 2 10 4 3375 4932 3335
9291 2 2 10 4 3100 5264 4071
9292 2 2 10 4 2605 5198 5151
9293 2 2 10 4 555 5070 557
9294 2 2 10 4 4620 4679 831
9295 2 2 10 4 1195 4803 1139
9296 2 2 10 4 4614 4650 925
9297 2 2 10 4 4199 5537 2269
9298 2 2 10 4 3087 5506 3865
9299 2 2 10 4 3258 5188 3235
9300 2 2 10 4 3275 5191 2483
9301 2 2 10 4 2606 5327 4252
9302 2 2 10 4 288 4836 289
9303 2 2 10 4 1101 5270 3750
9304 2 2 10 4 1135 4678 4606
9305 2 2 10 4 3331 5588 4130
9306 2 2 10 4 2280 5221 2420
9307 2 2 10 4 5218 5443 3996
9308 2 2 10 4 4747 4763 1437
9309 2 2 10 4 1461 4938 1400
9310 2 2 10 4 2324 4883 2482
9311 2 2 10 4 2908 5295 5015
9312 2 2 10 4 1468 4633 4527
9313 2 2 10 4 3767 5040 3610
9314 2 2 10 4 3928 5438 4247
9315 2 2 10 4 3054 5456 3639
9316 2 2 10 4 1141 4802 1143
9317 2 2 10 4 3654 5173 2727
9318 2 2 10 4 4422 5603 3470
9319 2 2 10 4 1794 4765 4719
9320 2 2 10 4 4425 4777 1179
9321 2 2 10 4 4123 5596 4776
9322 2 2 10 4 4387 5538 1673
9323 2 2 10 4 1139 4803 1141
9324 2 2 10 4 4612 4794 2705
9325 2 2 10 4 1363 4930 1367
9326 2 2 10 4 5097 5339 410
9327 2 2 10 4 4172 5556 2565
9328 2 2 10 4 1299 4923 4384
9329 2 2 10 4 1846 4850 4586
9330 2 2 10 4 5012 5176 4432
9331 2 2 10 4 3773 5620 4671
9332 2 2 10 4 1402 4938 1418
9333 2 2 10 4 3759 5402 3760
9334 2 2 10 4 3832 5418 2387
9335 2 2 10 4 1348 4829 1346
9336 2 2 10 4 2873 5123 3800
9337 2 2 10 4 3305 5544 3949
9338 2 2 10 4 2633 4779 2635
9339 2 2 10 4 3950 4904 3201
9340 2 2 10 4 4822 5380 404
9341 2 2 10 4 4944 5307 4711
9342 2 2 10 4 2236 5435 3704
9343 2 2 10 4 3084 5304 5118
9344 2 2 10 4 4859 4981 2827
9345 2 2 10 4 1276 5216 1265
9346 2 2 10 4 3225 4808 3129
9347 2 2 10 4 2635 5218 3996
9348 2 2 10 4 4223 4764 3571
9349 2 2 10 4 3720 4890 3718
9350 2 2 10 4 434 5371 5088
9351 2 2 10 4 1588 4730 4557
9352 2 2 10 4 4079 4980 4876
9353 2 2 10 4 2701 4981 4859
9354 2 2 10 4 935 4795 4451
9355 2 2 10 4 1622 5113 2027
9356 2 2 10 4 2773 4851 2629
9357 2 2 10 4 1724 5021 1722
9358 2 2 10 4 2911 4947 4648
9359 2 2 10 4 3097 5314 2962
9360 2 2 10 4 1194 4802 4366
9361 2 2 10 4 4439 4753 4438
9362 2 2 10 4 972 4948 969
9363 2 2 10 4 4900 5096 2671
9364 2 2 10 4 2049 5481 4377
9365 2 2 10 4 2851 4894 2151
9366 2 2 10 4 1006 4955 1015
9367 2 2 10 4 4634 4793 804
9368 2 2 10 4 97 4827 4023
9369 2 2 10 4 3910 5169 399
9370 2 2 10 4 3925 5461 1600
9371 2 2 10 4 5029 5065 1721
9372 2 2 10 4 2268 5328 2702
9373 2 2 10 4 4729 5290 3669
9374 2 2 10 4 3074 4861 3072
9375 2 2 10 4 4586 4850 2988
9376 2 2 10 4 5045 5558 1941
9377 2 2 10 4 3994 5138 2770
9378 2 2 10 4 3188 5183 3904
9379 2 2 10 4 2257 5552 3851
9380 2 2 10 4 4424 4704 622
9381 2 2 10 4 3783 5509 4769
9382 2 2 10 4 3833 4728 2794
9383 2 2 10 4 2153 4812 3585
9384 2 2 10 4 2296 4867 2386
9385 2 2 10 4 4672 4700 2578
9386 2 2 10 4 993 4771 4431
9387 2 2 10 4 3444 4869 3632
9388 2 2 10 4 3625 5391 4934
9389 2 2 10 4 4451 4795 2824
9390 2 2 10 4 1996 4832 2392
9391 2 2 10 4 2783 5110 3896
9392 2 2 10 4 3780 5522 1001
9393 2 2 10 4 4089 5282 717
9394 2 2 10 4 1153 5016 4312
9395 2 2 10 4 2614 4879 4412
9396 2 2 10 4 4146 5498 3573
9397 2 2 10 4 3660 4854 3293
9398 2 2 10 4 2880 5397 3946
9399 2 2 10 4 4255 4746 4231
9400 2 2 10 4 3315 4774 2362
9401 2 2 10 4 1075 5126 1440
9402 2 2 10 4 1874 4863 1876
9403 2 2 10 4 2935 5005 2953
9404 2 2 10 4 4493 4826 1719
9405 2 2 10 4 4821 4985 2896
9406 2 2 10 4 4174 5603 4422
9407 2 2 10 4 2269 5537 4362
9408 2 2 10 4 4379 5141 3045
9409 2 2 10 4 3704 5533 2236
9410 2 2 10 4 377 5419 5058
9411 2 2 10 4 884 4664 4654
9412 2 2 10 4 4585 4888 3060
9413 2 2 10 4 762 4936 755
9414 2 2 10 4 711 5111 708
9415 2 2 10 4 2309 4821 2089
9416 2 2 10 4 2796 5088 2795
9417 2 2 10 4 3037 5274 3275
9418 2 2 10 4 2875 4957 2876
9419 2 2 10 4 4118 5502 2601
9420 2 2 10 4 3834 5228 3833
9421 2 2 10 4 4763 4833 1437
9422 2 2 10 4 4509 5565 3585
9423 2 2 10 4 4524 4868 667
9424 2 2 10 4 4865 5563 2902
9425 2 2 10 4 4659 4925 1233
9426 2 2 10 4 1639 4819 2194
9427 2 2 10 4 3706 5341 3707
9428 2 2 10 4 1272 4898 4481
9429 2 2 10 4 2721 4786 4554
9430 2 2 10 4 1536 4857 4565
9431 2 2 10 4 2699 4871 4775
9432 2 2 10 4 4922 5530 3502
9433 2 2 10 4 1099 4999 4220
9434 2 2 10 4 2684 4856 4536
9435 2 2 10 4 3186 5553 3303
9436 2 2 10 4 670 4871 4531
9437 2 2 10 4 2422 4835 3184
9438 2 2 10 4 2390 5625 3633
9439 2 2 10 4 3723 4903 3721
9440 2 2 10 4 3242 5610 5573
9441 2 2 10 4 3105 5303 3304
9442 2 2 10 4 129 4905 128
9443 2 2 10 4 214 4884 215
9444 2 2 10 4 284 4885 285
9445 2 2 10 4 3856 5529 2267
9446 2 2 10 4 2735 4875 2737
9447 2 2 10 4 4370 5334 2851
9448 2 2 10 4 3129 4808 3127
9449 2 2 10 4 3875 5175 418
9450 2 2 10 4 2969 5474 2767
9451 2 2 10 4 3891 5514 5375
9452 2 2 10 4 4546 4795 935
9453 2 2 10 4 3458 5472 4346
9454 2 2 10 4 3284 5488 3282
9455 2 2 10 4 2814 5495 4110
9456 2 2 10 4 4504 4812 2153
9457 2 2 10 4 4081 5570 4080
9458 2 2 10 4 1829 4927 1821
9459 2 2 10 4 3004 5028 3008
9460 2 2 10 4 2957 4907 2740
9461 2 2 10 4 4304 5236 3241
9462 2 2 10 4 2276 4832 1996
9463 2 2 10 4 481 4944 3983
9464 2 2 10 4 3545 4806 2676
9465 2 2 10 4 1218 4935 4710
9466 2 2 10 4 3558 5107 5038
9467 2 2 10 4 1443 5470 4410
9468 2 2 10 4 4471 5564 3530
9469 2 2 10 4 1989 5531 4224
9470 2 2 10 4 4344 5444 2894
9471 2 2 10 4 4152 5000 4155
9472 2 2 10 4 4565 4857 3003
9473 2 2 10 4 3961 4910 4544
9474 2 2 10 4 4679 5141 819
9475 2 2 10 4 1004 5092 4942
9476 2 2 10 4 1786 4848 1785
9477 2 2 10 4 4790 5237 3731
9478 2 2 10 4 4087 5519 3273
9479 2 2 10 4 4536 4856 2075
9480 2 2 10 4 4393 4859 2708
9481 2 2 10 4 3117 4942 3251
9482 2 2 10 4 3355 5494 3143
9483 2 2 10 4 2274 4984 2641
9484 2 2 10 4 4897 5401 476
9485 2 2 10 4 1273 5158 4898
9486 2 2 10 4 1223 4818 1258
9487 2 2 10 4 417 5350 4809
9488 2 2 10 4 3726 4924 3725
9489 2 2 10 4 123 4897 122
9490 2 2 10 4 2981 4911 2979
9491 2 2 10 4 4686 4687 1191
9492 2 2 10 4 2377 5220 4645
9493 2 2 10 4 4514 4819 1639
9494 2 2 10 4 1742 5171 2261
9495 2 2 10 4 1633 4914 1672
9496 2 2 10 4 450 4896 3418
9497 2 2 10 4 4231 4746 2703
9498 2 2 10 4 366 5337 4372
9499 2 2 10 4 3152 4733 4732
9500 2 2 10 4 4811 5160 4164
9501 2 2 10 4 2708 4859 2827
9502 2 2 10 4 2883 4862 4543
9503 2 2 10 4 1719 4826 4323
9504 2 2 10 4 3254 5287 5082
9505 2 2 10 4 5428 5488 1196
9506 2 2 10 4 3853 5426 4928
9507 2 2 10 4 589 5312 1443
9508 2 2 10 4 1296 4923 1299
9509 2 2 10 4 4276 5410 4776
9510 2 2 10 4 2112 4841 2984
9511 2 2 10 4 1268 5477 1254
9512 2 2 10 4 1880 4929 1878
9513 2 2 10 4 1628 5210 2263
9514 2 2 10 4 725 5087 5053
9515 2 2 10 4 4549 4881 983
9516 2 2 10 4 4548 4886 1047
9517 2 2 10 4 2773 4954 4851
9518 2 2 10 4 687 4879 4550
9519 2 2 10 4 4369 5574 1267
9520 2 2 10 4 4666 4997 1243
9521 2 2 10 4 5258 5553 3188
9522 2 2 10 4 396 4917 157
9523 2 2 10 4 4615 5043 2865
9524 2 2 10 4 3597 5634 4771
9525 2 2 10 4 4367 4814 711
9526 2 2 10 4 1270 4898 1272
9527 2 2 10 4 2075 4856 2810
9528 2 2 10 4 722 5483 732
9529 2 2 10 4 2825 5026 3856
9530 2 2 10 4 3639 5567 3208
9531 2 2 10 4 3926 5567 3639
9532 2 2 10 4 4523 4891 1571
9533 2 2 10 4 1442 4817 1714
9534 2 2 10 4 1257 4935 1217
9535 2 2 10 4 2956 4826 4493
9536 2 2 10 4 466 5269 3959
9537 2 2 10 4 3248 5130 3249
9538 2 2 10 4 5044 5389 4364
9539 2 2 10 4 2046 5376 4223
9540 2 2 10 4 5284 5293 3341
9541 2 2 10 4 2817 4919 2816
9542 2 2 10 4 4992 5201 2695
9543 2 2 10 4 2229 5298 3974
9544 2 2 10 4 1852 4985 4655
9545 2 2 10 4 329 4915 330
9546 2 2 10 4 3033 5144 5108
9547 2 2 10 4 4110 5432 2814
9548 2 2 10 4 1939 4854 4447
9549 2 2 10 4 4543 4862 859
9550 2 2 10 4 1221 4831 1227
9551 2 2 10 4 4375 4862 4363
9552 2 2 10 4 2106 4992 2695
9553 2 2 10 4 3120 4902 4833
9554 2 2 10 4 4581 4835 2422
9555 2 2 10 4 3441 5579 3445
9556 2 2 10 4 3287 4920 3288
9557 2 2 10 4 1968 4779 4433
9558 2 2 10 4 517 4858 724
9559 2 2 10 4 664 5018 615
9560 2 2 10 4 5009 5501 3501
9561 2 2 10 4 1185 4979 1164
9562 2 2 10 4 663 5013 647
9563 2 2 10 4 4419 4925 4659
9564 2 2 10 4 4547 4795 4546
9565 2 2 10 4 4249 4838 3064
9566 2 2 10 4 5270 5314 3750
9567 2 2 10 4 4794 4868 2705
9568 2 2 10 4 816 4960 812
9569 2 2 10 4 3207 5330 4348
9570 2 2 10 4 2882 4855 2881
9571 2 2 10 4 4310 5085 4977
9572 2 2 10 4 4347 5433 3752
9573 2 2 10 4 4217 5627 4215
9574 2 2 10 4 2196 4746 4255
9575 2 2 10 4 3359 5440 4770
9576 2 2 10 4 2666 4870 4533
9577 2 2 10 4 3743 5545 4671
9578 2 2 10 4 472 5272 4552
9579 2 2 10 4 3164 4889 3745
9580 2 2 10 4 3916 4917 3197
9581 2 2 10 4 4437 5006 4694
9582 2 2 10 4 2393 5627 3013
9583 2 2 10 4 82 4949 431
9584 2 2 10 4 290 4921 291
9585 2 2 10 4 650 5042 655
9586 2 2 10 4 1018 5037 1013
9587 2 2 10 4 3700 4952 3846
9588 2 2 10 4 2647 4840 2811
9589 2 2 10 4 3711 5555 460
9590 2 2 10 4 2201 4830 1327
9591 2 2 10 4 2297 5185 2585
9592 2 2 10 4 1257 5216 4935
9593 2 2 10 4 1723 5029 1721
9594 2 2 10 4 838 4900 4572
9595 2 2 10 4 4062 5130 492
9596 2 2 10 4 2698 4916 3356
9597 2 2 10 4 1294 5045 1941
9598 2 2 10 4 4662 4895 2677
9599 2 2 10 4 2477 4865 2738
9600 2 2 10 4 5022 5465 4505
9601 2 2 10 4 3672 5083 3673
9602 2 2 10 4 1768 4910 1767
9603 2 2 10 4 4156 5080 4154
9604 2 2 10 4 1287 5566 1285
9605 2 2 10 4 4573 4773 2707
9606 2 2 10 4 2397 4993 2396
9607 2 2 10 4 2857 5022 4505
9608 2 2 10 4 2362 4774 2851
9609 2 2 10 4 1141 4803 4802
9610 2 2 10 4 2744 4878 2813
9611 2 2 10 4 4901 5021 3213
9612 2 2 10 4 2871 5217 3818
9613 2 2 10 4 4876 5134 4079
9614 2 2 10 4 1124 4986 1122
9615 2 2 10 4 4248 5358 3935
9616 2 2 10 4 1609 5365 4626
9617 2 2 10 4 1389 5438 1369
9618 2 2 10 4 5088 5371 3843
9619 2 2 10 4 3802 5575 3690
9620 2 2 10 4 2601 5502 2600
9621 2 2 10 4 3931 5022 4556
9622 2 2 10 4 2085 4894 4605
9623 2 2 10 4 1630 5077 4685
9624 2 2 10 4 508 4933 506
9625 2 2 10 4 3251 4872 3115
9626 2 2 10 4 3653 5479 3032
9627 2 2 10 4 3195 5288 4762
9628 2 2 10 4 4224 5531 2046
9629 2 2 10 4 4259 4845 3099
9630 2 2 10 4 3153 5416 4306
9631 2 2 10 4 763 4936 4584
9632 2 2 10 4 3665 5523 5330
9633 2 2 10 4 1989 5113 1986
9634 2 2 10 4 2919 4982 3515
9635 2 2 10 4 4329 4827 7
9636 2 2 10 4 2215 4876 4308
9637 2 2 10 4 2769 5019 2772
9638 2 2 10 4 4110 5495 2880
9639 2 2 10 4 3946 5397 437
9640 2 2 10 4 2494 4939 2328
9641 2 2 10 4 2002 5195 2558
9642 2 2 10 4 4322 5157 1634
9643 2 2 10 4 2926 5326 2927
9644 2 2 10 4 1437 4833 4423
9645 2 2 10 4 3189 4792 2763
9646 2 2 10 4 3776 5582 3777
9647 2 2 10 4 1637 5204 1321
9648 2 2 10 4 1400 4938 1402
9649 2 2 10 4 180 4940 179
9650 2 2 10 4 4013 5140 4017
9651 2 2 10 4 3721 4903 3724
9652 2 2 10 4 3858 5257 4683
9653 2 2 10 4 5052 5568 4354
9654 2 2 10 4 2763 4792 4498
9655 2 2 10 4 1440 5618 4982
9656 2 2 10 4 4074 5048 4073
9657 2 2 10 4 3902 5258 3904
9658 2 2 10 4 4869 5099 3951
9659 2 2 10 4 2968 4943 4189
9660 2 2 10 4 2467 5532 3191
9661 2 2 10 4 2107 4799 4507
9662 2 2 10 4 2484 5255 3058
9663 2 2 10 4 2784 5093 3380
9664 2 2 10 4 4533 4870 1500
9665 2 2 10 4 952 5292 951
9666 2 2 10 4 2340 5414 3038
9667 2 2 10 4 1855 4850 1846
9668 2 2 10 4 3104 5343 2452
9669 2 2 10 4 2740 4907 2961
9670 2 2 10 4 4492 5253 3267
9671 2 2 10 4 4272 5091 3007
9672 2 2 10 4 4014 5017 4021
9673 2 2 10 4 5079 5404 5168
9674 2 2 10 4 552 5238 572
9675 2 2 10 4 2270 5138 4737
9676 2 2 10 4 4575 5154 3231
9677 2 2 10 4 2229 5576 1924
9678 2 2 10 4 2602 4883 2324
9679 2 2 10 4 3486 5215 457
9680 2 2 10 4 29 4932 28
9681 2 2 10 4 2640 5192 5028
9682 2 2 10 4 3157 5562 4788
9683 2 2 10 4 2907 5090 2908
9684 2 2 10 4 2831 5175 3875
9685 2 2 10 4 2806 5575 3802
9686 2 2 10 4 3413 5602 5193
9687 2 2 10 4 1149 5167 1193
9688 2 2 10 4 4385 5416 3153
9689 2 2 10 4 2864 5043 3374
9690 2 2 10 4 3937 5540 1570
9691 2 2 10 4 2314 4974 1938
9692 2 2 10 4 4368 5574 3103
9693 2 2 10 4 2689 4856 2684
9694 2 2 10 4 4111 5311 5222
9695 2 2 10 4 356 5100 3453
9696 2 2 10 4 3822 5190 4474
9697 2 2 10 4 1151 5016 1153
9698 2 2 10 4 2188 4857 1536
9699 2 2 10 4 4029 5049 4559
9700 2 2 10 4 732 5310 736
9701 2 2 10 4 3519 5223 3516
9702 2 2 10 4 434 5088 4210
9703 2 2 10 4 4572 4900 2669
9704 2 2 10 4 2751 4799 2107
9705 2 2 10 4 4032 4954 2773
9706 2 2 10 4 3268 5114 4273
9707 2 2 10 4 2893 4873 2892
9708 2 2 10 4 4864 5172 777
9709 2 2 10 4 5196 5281 2998
9710 2 2 10 4 4346 5472 3327
9711 2 2 10 4 5428 5457 2751
9712 2 2 10 4 4475 5044 4364
9713 2 2 10 4 2931 5229 2934
9714 2 2 10 4 1197 5503 5162
9715 2 2 10 4 3870 5203 4681
9716 2 2 10 4 2696 4891 4523
9717 2 2 10 4 76 4946 75
9718 2 2 10 4 859 4862 4375
9719 2 2 10 4 3079 4958 4170
9720 2 2 10 4 78 4953 77
9721 2 2 10 4 2701 4859 1413
9722 2 2 10 4 4778 5273 3604
9723 2 2 10 4 3923 5202 2733
9724 2 2 10 4 3587 5011 2766
9725 2 2 10 4 4411 5227 3185
9726 2 2 10 4 4349 4877 3638
9727 2 2 10 4 2151 4894 2085
9728 2 2 10 4 4693 5083 1602
9729 2 2 10 4 2272 5062 2528
9730 2 2 10 4 996 5586 4316
9731 2 2 10 4 725 5053 728
9732 2 2 10 4 3810 5086 3307
9733 2 2 10 4 4919 5601 3333
9734 2 2 10 4 730 5095 3819
9735 2 2 10 4 3808 4931 3809
9736 2 2 10 4 5309 5315 3320
9737 2 2 10 4 1375 5548 1376
9738 2 2 10 4 3722 4972 3726
9739 2 2 10 4 3380 4870 2666
9740 2 2 10 4 4412 4879 687
9741 2 2 10 4 1571 4891 4284
9742 2 2 10 4 983 4881 4246
9743 2 2 10 4 437 5397 4165
9744 2 2 10 4 3104 5511 5343
9745 2 2 10 4 3532 5247 353
9746 2 2 10 4 1636 5292 955
9747 2 2 10 4 4550 4879 3196
9748 2 2 10 4 1047 4886 4401
9749 2 2 10 4 3913 5074 3912
9750 2 2 10 4 3610 5040 2724
9751 2 2 10 4 3385 4967 4193
9752 2 2 10 4 4563 4989 4035
9753 2 2 10 4 2741 4901 2958
9754 2 2 10 4 4964 5473 4668
9755 2 2 10 4 4674 5050 3312
9756 2 2 10 4 3147 5591 4849
9757 2 2 10 4 2126 5101 2366
9758 2 2 10 4 3060 4888 4138
9759 2 2 10 4 3007 5091 4886
9760 2 2 10 4 1358 4899 1383
9761 2 2 10 4 659 5105 716
9762 2 2 10 4 4285 5176 5012
9763 2 2 10 4 3719 4893 3723
9764 2 2 10 4 2680 4881 4549
9765 2 2 10 4 1981 5525 5004
9766 2 2 10 4 755 4936 763
9767 2 2 10 4 4271 5346 3268
9768 2 2 10 4 4701 4887 2472
9769 2 2 10 4 497 5137 4055
9770 2 2 10 4 4433 4779 2633
9771 2 2 10 4 3760 5159 729
9772 2 2 10 4 3888 5621 5615
9773 2 2 10 4 3367 5064 3365
9774 2 2 10 4 3591 5003 3590
9775 2 2 10 4 1382 5433 1378
9776 2 2 10 4 5020 5429 415
9777 2 2 10 4 4479 4900 838
9778 2 2 10 4 3275 5328 5191
9779 2 2 10 4 4603 5623 385
9780 2 2 10 4 912 5277 914
9781 2 2 10 4 419 5404 5079
9782 2 2 10 4 1821 4927 1811
9783 2 2 10 4 4137 4997 4666
9784 2 2 10 4 2141 5101 2124
9785 2 2 10 4 3005 4886 4548
9786 2 2 10 4 4648 4947 1845
9787 2 2 10 4 1502 4908 1504
9788 2 2 10 4 2711 4887 4701
9789 2 2 10 4 4498 4792 3581
9790 2 2 10 4 2551 4975 3212
9791 2 2 10 4 2866 5057 3162
9792 2 2 10 4 1988 5531 1989
9793 2 2 10 4 1326 5184 4912
9794 2 2 10 4 3395 5573 5386
9795 2 2 10 4 2924 5224 3372
9796 2 2 10 4 4349 4998 4877
9797 2 2 10 4 1878 4929 1968
9798 2 2 10 4 2275 5426 4984
9799 2 2 10 4 2677 4895 2869
9800 2 2 10 4 1721 5065 1718
9801 2 2 10 4 3198 5613 4281
9802 2 2 10 4 4531 4871 2699
9803 2 2 10 4 3996 5443 738
9804 2 2 10 4 2705 4868 4524
9805 2 2 10 4 4685 5077 3110
9806 2 2 10 4 596 5312 591
9807 2 2 10 4 3103 5574 4369
9808 2 2 10 4 395 5439 3913
9809 2 2 10 4 4033 5035 2951
9810 2 2 10 4 4772 5126 1077
9811 2 2 10 4 4881 5297 3797
9812 2 2 10 4 581 4966 579
9813 2 2 10 4 4904 5557 3621
9814 2 2 10 4 2869 4895 4843
9815 2 2 10 4 4035 4989 3177
9816 2 2 10 4 4736 5581 4621
9817 2 2 10 4 1168 5145 1188
9818 2 2 10 4 843 5112 810
9819 2 2 10 4 3830 5540 3937
9820 2 2 10 4 4175 5103 2781
9821 2 2 10 4 3583 4989 4563
9822 2 2 10 4 4537 5499 3030
9823 2 2 10 4 3444 5099 4869
9824 2 2 10 4 951 5370 948
9825 2 2 10 4 1262 5333 1273
9826 2 2 10 4 5528 5569 4457
9827 2 2 10 4 2772 5264 2450
9828 2 2 10 4 3497 4991 3499
9829 2 2 10 4 4515 5003 2311
9830 2 2 10 4 914 5092 916
9831 2 2 10 4 458 5446 3476
9832 2 2 10 4 981 5164 921
9833 2 2 10 4 131 5020 130
9834 2 2 10 4 1623 5012 4432
9835 2 2 10 4 2289 5252 1736
9836 2 2 10 4 1217 4935 1218
9837 2 2 10 4 2027 5116 1621
9838 2 2 10 4 2706 5143 2158
9839 2 2 10 4 718 5087 725
9840 2 2 10 4 741 5507 733
9841 2 2 10 4 31 4978 30
9842 2 2 10 4 3837 5580 487
9843 2 2 10 4 460 4945 99
9844 2 2 10 4 810 5112 1099
9845 2 2 10 4 5318 5505 3346
9846 2 2 10 4 1098 5323 2965
9847 2 2 10 4 4508 5381 3999
9848 2 2 10 4 4352 5608 1892
9849 2 2 10 4 4003 5261 979
9850 2 2 10 4 1993 5376 2046
9851 2 2 10 4 3058 5255 4327
9852 2 2 10 4 1320 5224 5201
9853 2 2 10 4 765 5452 5107
9854 2 2 10 4 363 4994 178
9855 2 2 10 4 2756 4969 4311
9856 2 2 10 4 1298 5004 1295
9857 2 2 10 4 2665 4999 4143
9858 2 2 10 4 476 5090 3864
9859 2 2 10 4 5139 5240 255
9860 2 2 10 4 1941 4923 1296
9861 2 2 10 4 746 5369 751
9862 2 2 10 4 3905 5558 5045
9863 2 2 10 4 645 5246 657
9864 2 2 10 4 3111 5481 5405
9865 2 2 10 4 3150 5361 3563
9866 2 2 10 4 2397 5233 4993
9867 2 2 10 4 2848 5002 2849
9868 2 2 10 4 1009 4955 1006
9869 2 2 10 4 3544 5382 4120
9870 2 2 10 4 1380 5433 4347
9871 2 2 10 4 4308 4876 4521
9872 2 2 10 4 1588 4990 4730
9873 2 2 10 4 3586 5389 5044
9874 2 2 10 4 3956 5241 2573
9875 2 2 10 4 4423 4902 1461
9876 2 2 10 4 3119 4942 3117
9877 2 2 10 4 4082 4965 4414
9878 2 2 10 4 1811 4927 4785
9879 2 2 10 4 1211 5510 1260
9880 2 2 10 4 2631 4913 4625
9881 2 2 10 4 786 5542 787
9882 2 2 10 4 5214 5339 3387
9883 2 2 10 4 4654 4664 2987
9884 2 2 10 4 4435 5045 1292
9885 2 2 10 4 4726 5543 1428
9886 2 2 10 4 2884 4995 2637
9887 2 2 10 4 2890 5007 2279
9888 2 2 10 4 4427 4840 2647
9889 2 2 10 4 3598 5634 3597
9890 2 2 10 4 667 4868 4607
9891 2 2 10 4 2826 5102 4997
9892 2 2 10 4 4788 4973 3132
9893 2 2 10 4 3245 5009 3246
9894 2 2 10 4 1003 5441 898
9895 2 2 10 4 1145 5166 1147
9896 2 2 10 4 748 5276 3687
9897 2 2 10 4 2615 5212 3316
9898 2 2 10 4 3894 5624 2251
9899 2 2 10 4 4413 5300 1826
9900 2 2 10 4 1144 5024 1142
9901 2 2 10 4 4905 5434 128
9902 2 2 10 4 4414 4965 2432
9903 2 2 10 4 4813 5604 3552
9904 2 2 10 4 812 4960 1426
9905 2 2 10 4 4670 5461 3561
9906 2 2 10 4 2947 4934 2950
9907 2 2 10 4 4624 4871 670
9908 2 2 10 4 2732 4959 2744
9909 2 2 10 4 3415 5353 3414
9910 2 2 10 4 4994 5504 4164
9911 2 2 10 4 2900 5177 3248
9912 2 2 10 4 1982 5084 3296
9913 2 2 10 4 3696 5271 3704
9914 2 2 10 4 4958 5256 3427
9915 2 2 10 4 924 5119 926
9916 2 2 10 4 4818 5367 1267
9917 2 2 10 4 1233 4925 4409
9918 2 2 10 4 2599 5462 4484
9919 2 2 10 4 888 5187 1019
9920 2 2 10 4 4474 5190 3604
9921 2 2 10 4 1717 5154 3823
9922 2 2 10 4 3048 5373 4485
9923 2 2 10 4 2960 5555 2959
9924 2 2 10 4 3469 5050 4674
9925 2 2 10 4 2204 5444 4618
9926 2 2 10 4 423 5395 4334
9927 2 2 10 4 1097 5066 3655
9928 2 2 10 4 4461 5025 1560
9929 2 2 10 4 2914 5098 4034
9930 2 2 10 4 1968 4929 4924
9931 2 2 10 4 3621 4963 3200
9932 2 2 10 4 717 5282 654
9933 2 2 10 4 3990 5148 429
9934 2 2 10 4 2986 5378 5034
9935 2 2 10 4 1144 5162 5024
9936 2 2 10 4 3918 5267 435
9937 2 2 10 4 2719 5052 4354
9938 2 2 10 4 4212 5286 378
9939 2 2 10 4 1015 5586 999
9940 2 2 10 4 2880 5495 2670
9941 2 2 10 4 3951 5099 1618
9942 2 2 10 4 2878 5027 2521
9943 2 2 10 4 2961 5135 4336
9944 2 2 10 4 3353 5051 2828
9945 2 2 10 4 3590 5003 4515
9946 2 2 10 4 4622 5335 1767
9947 2 2 10 4 4660 5080 2384
9948 2 2 10 4 2640 5028 4857
9949 2 2 10 4 4985 5196 4655
9950 2 2 10 4 3766 4996 3765
9951 2 2 10 4 2896 4985 1852
9952 2 2 10 4 1216 5203 1202
9953 2 2 10 4 969 4948 971
9954 2 2 10 4 2180 5008 4850
9955 2 2 10 4 3039 5385 3238
9956 2 2 10 4 2704 5268 4490
9957 2 2 10 4 3213 5594 3214
9958 2 2 10 4 2876 5293 5284
9959 2 2 10 4 3453 5377 3455
9960 2 2 10 4 4252 5585 2504
9961 2 2 10 4 3175 5583 4962
9962 2 2 10 4 4946 5493 440
9963 2 2 10 4 4981 5295 4392
9964 2 2 10 4 2163 5244 1914
9965 2 2 10 4 3526 5496 3488
9966 2 2 10 4 4485 4909 3505
9967 2 2 10 4 4734 4945 3992
9968 2 2 10 4 4895 5032 4843
9969 2 2 10 4 1164 4979 1166
9970 2 2 10 4 4660 5632 5080
9971 2 2 10 4 1767 5335 1765
9972 2 2 10 4 3194 5217 2871
9973 2 2 10 4 2749 5458 2750
9974 2 2 10 4 4681 5203 1216
9975 2 2 10 4 4676 4983 3274
9976 2 2 10 4 4211 4983 4676
9977 2 2 10 4 3134 5338 3121
9978 2 2 10 4 250 5023 421
9979 2 2 10 4 2703 5268 2704
9980 2 2 10 4 2194 4970 2820
9981 2 2 10 4 3122 4833 4763
9982 2 2 10 4 2046 5531 1991
9983 2 2 10 4 3998 5320 3997
9984 2 2 10 4 2799 5390 2798
9985 2 2 10 4 3132 4973 3225
9986 2 2 10 4 3080 5036 3077
9987 2 2 10 4 3669 5290 3670
9988 2 2 10 4 2449 5264 3100
9989 2 2 10 4 90 5061 89
9990 2 2 10 4 3898 5258 3902
9991 2 2 10 4 4862 5232 4363
9992 2 2 10 4 5039 5128 2428
9993 2 2 10 4 4024 5165 4025
9994 2 2 10 4 4819 4970 2194
9995 2 2 10 4 2207 5039 2428
9996 2 2 10 4 2396 4993 2732
9997 2 2 10 4 3311 4988 2800
9998 2 2 10 4 4418 5127 3580
9999 2 2 10 4 1423 5127 4418
10000 2 2 10 4 3520 5157 3523
10001 2 2 10 4 2894 5444 2290
10002 2 2 10 4 3353 5267 5051
10003 2 2 10 4 1978 4840 4427
10004 2 2 10 4 2886 5031 2885
10005 2 2 10 4 974 5174 4003
10006 2 2 10 4 2837 5041 3190
10007 2 2 10 4 1722 5021 1725
10008 2 2 10 4 2965 5323 4388
10009 2 2 10 4 4316 5586 3852
10010 2 2 10 4 3710 5131 4633
10011 2 2 10 4 5366 5494 1079
10012 2 2 10 4 2824 5349 4745
10013 2 2 10 4 3949 5544 1669
10014 2 2 10 4 4559 5049 2850
10015 2 2 10 4 919 5164 4604
10016 2 2 10 4 4732 4733 658
10017 2 2 10 4 4026 5120 425
10018 2 2 10 4 2704 4992 2106
10019 2 2 10 4 2827 4981 2829
10020 2 2 10 4 3093 5038 3092
10021 2 2 10 4 1845 4947 4413
10022 2 2 10 4 3182 5300 4413
10023 2 2 10 4 1426 5032 4895
10024 2 2 10 4 2744 4959 4878
10025 2 2 10 4 3309 4941 4538
10026 2 2 10 4 390 5219 4823
10027 2 2 10 4 22 5033 21
10028 2 2 10 4 947 5370 4474
10029 2 2 10 4 2934 5005 2935
10030 2 2 10 4 647 5013 652
10031 2 2 10 4 1459 4987 1616
10032 2 2 10 4 4052 5171 4518
10033 2 2 10 4 2973 5046 2977
10034 2 2 10 4 4554 5357 3266
10035 2 2 10 4 5060 5404 3475
10036 2 2 10 4 4703 5251 3050
10037 2 2 10 4 4825 5460 3433
10038 2 2 10 4 3274 4983 4488
10039 2 2 10 4 4982 5618 3515
10040 2 2 10 4 5421 5546 3685
10041 2 2 10 4 2966 5248 4760
10042 2 2 10 4 4720 5390 2799
10043 2 2 10 4 4838 5122 3064
10044 2 2 10 4 4170 5129 3325
10045 2 2 10 4 3095 5086 4658
10046 2 2 10 4 478 5205 3878
10047 2 2 10 4 3312 5050 3002
10048 2 2 10 4 4018 5365 4637
10049 2 2 10 4 2720 5025 4461
10050 2 2 10 4 3108 5141 4679
10051 2 2 10 4 2275 4984 2274
10052 2 2 10 4 3930 5635 5049
10053 2 2 10 4 1892 5608 1823
10054 2 2 10 4 4817 4928 2275
10055 2 2 10 4 276 5047 277
10056 2 2 10 4 3767 5167 5166
10057 2 2 10 4 343 5339 5214
10058 2 2 10 4 4898 5158 4290
10059 2 2 10 4 689 4906 4903
10060 2 2 10 4 3190 5176 4285
10061 2 2 10 4 3314 5340 3945
10062 2 2 10 4 4350 5030 2715
10063 2 2 10 4 3793 5211 3794
10064 2 2 10 4 1482 5427 1958
10065 2 2 10 4 2376 5374 2601
10066 2 2 10 4 2764 5054 3065
10067 2 2 10 4 4118 5048 2491
10068 2 2 10 4 4562 5509 1008
10069 2 2 10 4 4485 5373 2314
10070 2 2 10 4 2028 5056 2571
10071 2 2 10 4 3268 5346 5114
10072 2 2 10 4 2806 5412 2365
10073 2 2 10 4 2776 5010 4459
10074 2 2 10 4 4669 5583 3174
10075 2 2 10 4 4737 5138 3994
10076 2 2 10 4 4984 5426 3828
10077 2 2 10 4 3953 5200 3954
10078 2 2 10 4 2202 5495 2814
10079 2 2 10 4 3095 5420 5086
10080 2 2 10 4 4171 5256 3078
10081 2 2 10 4 2593 5058 4185
10082 2 2 10 4 1013 5037 1009
10083 2 2 10 4 4608 5465 428
10084 2 2 10 4 3326 5019 2769
10085 2 2 10 4 3012 5060 2541
10086 2 2 10 4 378 5286 4983
10087 2 2 10 4 3076 5197 3291
10088 2 2 10 4 3187 5183 3188
10089 2 2 10 4 3488 5129 3487
10090 2 2 10 4 3800 5123 438
10091 2 2 10 4 3027 5059 4279
10092 2 2 10 4 2261 5532 2082
10093 2 2 10 4 2815 5015 4830
10094 2 2 10 4 3041 5063 3042
10095 2 2 10 4 2879 5397 2880
10096 2 2 10 4 2965 4928 2964
10097 2 2 10 4 3080 5106 5036
10098 2 2 10 4 4625 4913 2397
10099 2 2 10 4 986 5206 989
10100 2 2 10 4 4382 5634 3598
10101 2 2 10 4 2828 5051 4768
10102 2 2 10 4 4671 5620 2379
10103 2 2 10 4 2883 5232 4862
10104 2 2 10 4 5002 5395 423
10105 2 2 10 4 1128 5156 1126
10106 2 2 10 4 2976 5068 2974
10107 2 2 10 4 5134 5161 4078
10108 2 2 10 4 4022 5393 985
10109 2 2 10 4 926 5152 929
10110 2 2 10 4 2716 5073 3204
10111 2 2 10 4 3208 5567 4738
10112 2 2 10 4 4935 5216 4338
10113 2 2 10 4 4623 5114 4090
10114 2 2 10 4 4336 5513 2354
10115 2 2 10 4 787 5542 4816
10116 2 2 10 4 4903 4906 3724
10117 2 2 10 4 3939 5228 409
10118 2 2 10 4 2611 5012 1623
10119 2 2 10 4 3385 5097 4967
10120 2 2 10 4 3320 5079 2982
10121 2 2 10 4 4833 4902 4423
10122 2 2 10 4 3321 5195 5077
10123 2 2 10 4 525 5017 4455
10124 2 2 10 4 1243 4997 4434
10125 2 2 10 4 4752 5187 890
10126 2 2 10 4 2492 5236 3289
10127 2 2 10 4 4855 4860 2881
10128 2 2 10 4 3166 5619 3243
10129 2 2 10 4 1193 5016 1151
10130 2 2 10 4 282 5315 5309
10131 2 2 10 4 2762 5085 4162
10132 2 2 10 4 4992 5124 3109
10133 2 2 10 4 1725 5021 4901
10134 2 2 10 4 3674 5257 3858
10135 2 2 10 4 1094 5390 4720
10136 2 2 10 4 1933 5076 2305
10137 2 2 10 4 4470 5532 2261
10138 2 2 10 4 5141 5405 3045
10139 2 2 10 4 4704 5133 4010
10140 2 2 10 4 3922 5202 3923
10141 2 2 10 4 2988 5008 2989
10142 2 2 10 4 3301 5631 3299
10143 2 2 10 4 3921 5350 417
10144 2 2 10 4 572 4909 4684
10145 2 2 10 4 3954 5135 469
10146 2 2 10 4 3387 5097 3385
10147 2 2 10 4 3096 4937 4646
10148 2 2 10 4 2700 5015 2701
10149 2 2 10 4 4408 5496 3526
10150 2 2 10 4 4099 5321 1391
10151 2 2 10 4 3870 5510 5203
10152 2 2 10 4 4392 5295 2908
10153 2 2 10 4 3092 5094 2425
10154 2 2 10 4 2311 5003 4573
10155 2 2 10 4 485 5160 4811
10156 2 2 10 4 2732 4993 4959
10157 2 2 10 4 4381 5560 360
10158 2 2 10 4 1440 4982 4339
10159 2 2 10 4 1382 5548 5459
10160 2 2 10 4 2655 5051 2906
10161 2 2 10 4 4599 5014 4637
10162 2 2 10 4 1009 5037 4955
10163 2 2 10 4 2865 5043 2864
10164 2 2 10 4 2722 4961 4786
10165 2 2 10 4 1393 5155 4747
10166 2 2 10 4 3750 5314 1040
10167 2 2 10 4 5038 5107 2571
10168 2 2 10 4 2891 5100 3224
10169 2 2 10 4 2812 5344 4853
10170 2 2 10 4 3761 5402 3759
10171 2 2 10 4 4848 5044 1785
10172 2 2 10 4 3336 5506 3087
10173 2 2 10 4 5159 5223 3519
10174 2 2 10 4 3843 5371 3000
10175 2 2 10 4 1654 5291 4991
10176 2 2 10 4 4989 5429 3177
10177 2 2 10 4 4225 5099 3444
10178 2 2 10 4 5099 5283 1618
10179 2 2 10 4 3940 5025 4892
10180 2 2 10 4 3323 5106 3080
10181 2 2 10 4 3517 5126 4772
10182 2 2 10 4 4538 4941 2299
10183 2 2 10 4 4045 5569 3159
10184 2 2 10 4 3043 5319 3524
10185 2 2 10 4 458 5409 4824
10186 2 2 10 4 3003 5028 3004
10187 2 2 10 4 2441 5006 4437
10188 2 2 10 4 4618 5414 2078
10189 2 2 10 4 4977 5085 2762
10190 2 2 10 4 4073 5630 4075
10191 2 2 10 4 1569 5462 4033
10192 2 2 10 4 2814 5432 2907
10193 2 2 10 4 5250 5622 4628
10194 2 2 10 4 4556 5022 2857
10195 2 2 10 4 1384 5127 1423
10196 2 2 10 4 584 5612 4394
10197 2 2 10 4 1077 5126 1075
10198 2 2 10 4 4540 5382 2132
10199 2 2 10 4 768 4971 4797
10200 2 2 10 4 5056 5094 3092
10201 2 2 10 4 2381 5115 2899
10202 2 2 10 4 524 5600 4021
10203 2 2 10 4 3138 5146 5094
10204 2 2 10 4 5293 5608 4352
10205 2 2 10 4 4976 5117 3031
10206 2 2 10 4 3012 5222 5168
10207 2 2 10 4 2251 5624 4194
10208 2 2 10 4 1292 5045 1294
10209 2 2 10 4 619 4968 4491
10210 2 2 10 4 2035 5225 4429
10211 2 2 10 4 3551 5042 3344
10212 2 2 10 4 4532 4990 1588
10213 2 2 10 4 515 5014 4599
10214 2 2 10 4 2807 5055 2806
10215 2 2 10 4 4495 5356 488
10216 2 2 10 4 3573 5498 3572
10217 2 2 10 4 3304 5511 3104
10218 2 2 10 4 4309 5334 1095
10219 2 2 10 4 4176 5533 3097
10220 2 2 10 4 3588 5355 998
10221 2 2 10 4 5106 5259 1409
10222 2 2 10 4 4692 5238 550
10223 2 2 10 4 4627 5499 4537
10224 2 2 10 4 726 5071 727
10225 2 2 10 4 1012 5117 4976
10226 2 2 10 4 3988 5345 3989
10227 2 2 10 4 4112 5490 3435
10228 2 2 10 4 4273 5114 4623
10229 2 2 10 4 1735 5001 4499
10230 2 2 10 4 509 5142 511
10231 2 2 10 4 3347 5457 3666
10232 2 2 10 4 3219 5471 3221
10233 2 2 10 4 430 5324 4731
10234 2 2 10 4 4130 5588 1383
10235 2 2 10 4 4875 5467 2737
10236 2 2 10 4 3604 5273 4474
10237 2 2 10 4 2793 5109 3832
10238 2 2 10 4 3338 5607 3355
10239 2 2 10 4 1146 5162 1144
10240 2 2 10 4 5450 5599 4688
10241 2 2 10 4 2959 5492 2957
10242 2 2 10 4 3154 5612 5470
10243 2 2 10 4 1012 4976 4752
10244 2 2 10 4 4155 5225 4153
10245 2 2 10 4 3000 5371 3916
10246 2 2 10 4 254 5139 255
10247 2 2 10 4 4609 5631 3301
10248 2 2 10 4 1968 4924 4779
10249 2 2 10 4 24 5121 23
10250 2 2 10 4 2318 5147 2593
10251 2 2 10 4 4181 5146 3138
10252 2 2 10 4 3033 5108 4286
10253 2 2 10 4 4988 5281 2800
10254 2 2 10 4 4474 5273 4473
10255 2 2 10 4 4270 5237 2754
10256 2 2 10 4 3694 5435 4178
10257 2 2 10 4 3393 5190 3822
10258 2 2 10 4 4771 5634 2681
10259 2 2 10 4 4857 5028 3003
10260 2 2 10 4 4521 4980 1735
10261 2 2 10 4 4804 5299 3082
10262 2 2 10 4 724 5262 514
10263 2 2 10 4 1986 5113 1622
10264 2 2 10 4 3515 5618 3517
10265 2 2 10 4 4007 5294 696
10266 2 2 10 4 3751 5459 3155
10267 2 2 10 4 4850 5008 2988
10268 2 2 10 4 313 5149 314
10269 2 2 10 4 3851 5552 5231
10270 2 2 10 4 2823 5062 2272
10271 2 2 10 4 4836 5603 3107
10272 2 2 10 4 3154 5470 3847
10273 2 2 10 4 4096 5628 4097
10274 2 2 10 4 1570 5331 1225
10275 2 2 10 4 4797 5369 753
10276 2 2 10 4 3904 5558 3905
10277 2 2 10 4 3851 5231 4815
10278 2 2 10 4 708 5111 707
10279 2 2 10 4 4998 5408 4877
10280 2 2 10 4 81 5182 80
10281 2 2 10 4 4212 5580 5286
10282 2 2 10 4 4730 4990 3678
10283 2 2 10 4 1975 5163 2300
10284 2 2 10 4 2841 5208 2842
10285 2 2 10 4 176 5160 485
10286 2 2 10 4 3880 5430 3881
10287 2 2 10 4 3242 5573 3395
10288 2 2 10 4 4773 5454 405
10289 2 2 10 4 1387 5197 4085
10290 2 2 10 4 4263 5597 2242
10291 2 2 10 4 3109 5201 4992
10292 2 2 10 4 4939 5266 2403
10293 2 2 10 4 3139 5350 4653
10294 2 2 10 4 4924 4929 3725
10295 2 2 10 4 4217 5362 3013
10296 2 2 10 4 1196 5488 3792
10297 2 2 10 4 2785 5104 3040
10298 2 2 10 4 4980 5001 1735
10299 2 2 10 4 1410 5259 1573
10300 2 2 10 4 2384 5080 4448
10301 2 2 10 4 3245 5501 5009
10302 2 2 10 4 4090 5114 2476
10303 2 2 10 4 3235 5188 3236
10304 2 2 10 4 2884 5180 4995
10305 2 2 10 4 3767 5166 5040
10306 2 2 10 4 569 5070 555
10307 2 2 10 4 3619 5549 3616
10308 2 2 10 4 5115 5213 2899
10309 2 2 10 4 5327 5585 4252
10310 2 2 10 4 5297 5539 3797
10311 2 2 10 4 3069 5179 3071
10312 2 2 10 4 2364 5077 1630
10313 2 2 10 4 1132 5421 5329
10314 2 2 10 4 4192 5308 1685
10315 2 2 10 4 2964 4928 4817
10316 2 2 10 4 3159 5569 5528
10317 2 2 10 4 5014 5188 3258
10318 2 2 10 4 762 5424 4936
10319 2 2 10 4 4768 5051 2655
10320 2 2 10 4 3888 5615 3889
10321 2 2 10 4 652 5105 659
10322 2 2 10 4 1186 5354 4268
10323 2 2 10 4 3765 5592 3767
10324 2 2 10 4 4618 5444 4344
10325 2 2 10 4 774 5172 773
10326 2 2 10 4 2112 5305 4841
10327 2 2 10 4 4788 5562 4047
10328 2 2 10 4 768 5173 4971
10329 2 2 10 4 4830 5015 2700
10330 2 2 10 4 4403 5232 2883
10331 2 2 10 4 2124 5101 2126
10332 2 2 10 4 4712 5208 2841
10333 2 2 10 4 1267 5574 4368
10334 2 2 10 4 4878 4959 1645
10335 2 2 10 4 918 5316 920
10336 2 2 10 4 3865 5506 5310
10337 2 2 10 4 489 5406 4782
10338 2 2 10 4 4886 5091 4401
10339 2 2 10 4 1938 4974 4632
10340 2 2 10 4 3974 5298 3971
10341 2 2 10 4 4867 5584 3287
10342 2 2 10 4 5051 5267 2906
10343 2 2 10 4 3726 5443 5218
10344 2 2 10 4 3286 5623 2833
10345 2 2 10 4 425 5631 4609
10346 2 2 10 4 1219 5431 1140
10347 2 2 10 4 512 5184 510
10348 2 2 10 4 1785 5044 4475
10349 2 2 10 4 2886 5254 5031
10350 2 2 10 4 4529 5442 4530
10351 2 2 10 4 2912 5095 3148
10352 2 2 10 4 896 5441 4691
10353 2 2 10 4 1095 5334 4370
10354 2 2 10 4 3666 5457 5428
10355 2 2 10 4 3584 5389 3586
10356 2 2 10 4 2660 5186 2661
10357 2 2 10 4 2571 5107 3098
10358 2 2 10 4 3257 5525 4735
10359 2 2 10 4 4178 5435 2236
10360 2 2 10 4 3088 5503 3052
10361 2 2 10 4 4436 5342 4707
10362 2 2 10 4 4691 5441 3381
10363 2 2 10 4 428 5465 5022
10364 2 2 10 4 2795 5088 3843
10365 2 2 10 4 662 5422 676
10366 2 2 10 4 5013 5105 652
10367 2 2 10 4 592 5491 568
10368 2 2 10 4 3289 5480 3290
10369 2 2 10 4 5035 5462 2599
10370 2 2 10 4 4483 5413 2761
10371 2 2 10 4 2412 5198 2605
10372 2 2 10 4 5058 5419 4185
10373 2 2 10 4 2977 5199 2975
10374 2 2 10 4 5548 5569 4045
10375 2 2 10 4 4955 5057 1015
10376 2 2 10 4 1132 5329 1130
10377 2 2 10 4 1618 5283 4030
10378 2 2 10 4 3370 5403 2967
10379 2 2 10 4 4479 5096 4900
10380 2 2 10 4 3270 5455 3192
10381 2 2 10 4 439 5432 4110
10382 2 2 10 4 4225 5283 5099
10383 2 2 10 4 4632 4974 2697
10384 2 2 10 4 2000 5171 1742
10385 2 2 10 4 492 5130 4278
10386 2 2 10 4 422 5601 4919
10387 2 2 10 4 4979 5145 1166
10388 2 2 10 4 4564 5010 2776
10389 2 2 10 4 3250 5516 3085
10390 2 2 10 4 4434 5102 1424
10391 2 2 10 4 460 5555 4621
10392 2 2 10 4 4194 5265 3178
10393 2 2 10 4 4658 5086 3810
10394 2 2 10 4 5008 5132 2989
10395 2 2 10 4 3683 5577 4398
10396 2 2 10 4 1733 5207 2081
10397 2 2 10 4 2756 5589 4969
10398 2 2 10 4 476 5401 5090
10399 2 2 10 4 1291 5566 1287
10400 2 2 10 4 4753 5175 2831
10401 2 2 10 4 3008 5192 3034
10402 2 2 10 4 4290 5158 2854
10403 2 2 10 4 4424 5133 4704
10404 2 2 10 4 4633 5131 4527
10405 2 2 10 4 1678 5226 1679
10406 2 2 10 4 5092 5277 3251
10407 2 2 10 4 4738 5567 480
10408 2 2 10 4 4760 5248 761
10409 2 2 10 4 4306 5416 1566
10410 2 2 10 4 5007 5078 3449
10411 2 2 10 4 3458 5325 3459
10412 2 2 10 4 5073 5524 3204
10413 2 2 10 4 1621 5116 1916
10414 2 2 10 4 3069 5280 5179
10415 2 2 10 4 3760 5402 5194
10416 2 2 10 4 3214 5594 4791
10417 2 2 10 4 4993 5233 3662
10418 2 2 10 4 3136 5602 4400
10419 2 2 10 4 3940 5118 5025
10420 2 2 10 4 4417 5492 2959
10421 2 2 10 4 3107 5387 4836
10422 2 2 10 4 4372 5337 3178
10423 2 2 10 4 4120 5382 4540
10424 2 2 10 4 5114 5346 2476
10425 2 2 10 4 962 5034 4541
10426 2 2 10 4 2378 5220 2377
10427 2 2 10 4 3523 5276 3522
10428 2 2 10 4 3225 5152 5119
10429 2 2 10 4 3707 5226 4766
10430 2 2 10 4 3777 5187 4752
10431 2 2 10 4 3042 5388 4750
10432 2 2 10 4 2540 5222 3012
10433 2 2 10 4 2899 5213 4237
10434 2 2 10 4 1843 5628 4096
10435 2 2 10 4 5145 5290 1188
10436 2 2 10 4 2889 5136 3556
10437 2 2 10 4 1166 5145 1168
10438 2 2 10 4 3064 5122 4577
10439 2 2 10 4 4080 5001 4980
10440 2 2 10 4 3184 5178 3185
10441 2 2 10 4 343 5214 344
10442 2 2 10 4 3282 5428 2751
10443 2 2 10 4 437 5469 3874
10444 2 2 10 4 3680 5235 3681
10445 2 2 10 4 2989 5132 2991
10446 2 2 10 4 4394 5497 584
10447 2 2 10 4 4095 5591 2604
10448 2 2 10 4 566 5607 564
10449 2 2 10 4 3459 5325 4257
10450 2 2 10 4 4401 5091 2863
10451 2 2 10 4 4403 5381 5232
10452 2 2 10 4 2917 5194 2918
10453 2 2 10 4 4023 5317 4281
10454 2 2 10 4 3828 5426 3853
10455 2 2 10 4 2158 5143 2160
10456 2 2 10 4 2141 5587 4695
10457 2 2 10 4 2132 5382 4535
10458 2 2 10 4 133 5302 132
10459 2 2 10 4 3506 5238 4692
10460 2 2 10 4 2590 5517 2591
10461 2 2 10 4 4987 5340 2054
10462 2 2 10 4 3455 5234 3454
10463 2 2 10 4 71 5278 70
10464 2 2 10 4 3445 5579 5230
10465 2 2 10 4 1389 5605 4247
10466 2 2 10 4 5192 5294 3034
10467 2 2 10 4 487 5580 4212
10468 2 2 10 4 4871 5069 4775
10469 2 2 10 4 4534 5125 4651
10470 2 2 10 4 461 5613 4963
10471 2 2 10 4 3341 5293 4352
10472 2 2 10 4 3050 5251 4168
10473 2 2 10 4 3052 5138 2270
10474 2 2 10 4 2471 5210 1628
10475 2 2 10 4 3249 5130 4062
10476 2 2 10 4 921 5164 919
10477 2 2 10 4 4343 5414 4618
10478 2 2 10 4 1635 5378 4874
10479 2 2 10 4 3992 5581 4736
10480 2 2 10 4 3516 5223 2920
10481 2 2 10 4 2972 5243 2970
10482 2 2 10 4 1071 5098 4426
10483 2 2 10 4 1712 5250 4628
10484 2 2 10 4 819 5141 4379
10485 2 2 10 4 5343 5511 3202
10486 2 2 10 4 1980 5239 4714
10487 2 2 10 4 3165 5249 2765
10488 2 2 10 4 3524 5463 3709
10489 2 2 10 4 3169 5317 4329
10490 2 2 10 4 3266 5357 5172
10491 2 2 10 4 3530 5564 3370
10492 2 2 10 4 2236 5533 4176
10493 2 2 10 4 4997 5102 4434
10494 2 2 10 4 255 5240 256
10495 2 2 10 4 1134 5421 1132
10496 2 2 10 4 914 5277 5092
10497 2 2 10 4 2832 5268 4746
10498 2 2 10 4 379 5242 4208
10499 2 2 10 4 4281 5317 3169
10500 2 2 10 4 3110 5195 2002
10501 2 2 10 4 3119 5338 4942
10502 2 2 10 4 1276 5347 5216
10503 2 2 10 4 2887 5395 4307
10504 2 2 10 4 2440 5133 4424
10505 2 2 10 4 5279 5529 3856
10506 2 2 10 4 4641 5384 4551
10507 2 2 10 4 4631 5123 4630
10508 2 2 10 4 4762 5288 368
10509 2 2 10 4 1573 5348 4117
10510 2 2 10 4 4066 5528 1448
10511 2 2 10 4 4955 5037 3162
10512 2 2 10 4 4345 5359 496
10513 2 2 10 4 444 5265 3410
10514 2 2 10 4 1638 5273 4778
10515 2 2 10 4 3240 5180 2884
10516 2 2 10 4 4876 4980 4521
10517 2 2 10 4 1194 5166 1145
10518 2 2 10 4 4794 5067 4868
10519 2 2 10 4 1673 5538 4099
10520 2 2 10 4 4555 5134 2215
10521 2 2 10 4 3085 5516 4442
10522 2 2 10 4 390 5557 4904
10523 2 2 10 4 4892 5025 2720
10524 2 2 10 4 3055 5356 4495
10525 2 2 10 4 3058 5485 3057
10526 2 2 10 4 5259 5348 1573
10527 2 2 10 4 480 5567 3926
10528 2 2 10 4 4112 5629 5490
10529 2 2 10 4 433 5303 4114
10530 2 2 10 4 3837 5161 4555
10531 2 2 10 4 4769 5509 2811
10532 2 2 10 4 2754 5237 4790
10533 2 2 10 4 4097 5287 3740
10534 2 2 10 4 3036 5177 2900
10535 2 2 10 4 3067 5280 3069
10536 2 2 10 4 3108 5405 5141
10537 2 2 10 4 4455 5089 577
10538 2 2 10 4 4348 5291 4100
10539 2 2 10 4 2299 5185 2297
10540 2 2 10 4 5072 5406 489
10541 2 2 10 4 4747 5155 3839
10542 2 2 10 4 2451 5343 5125
10543 2 2 10 4 3010 5323 4295
10544 2 2 10 4 5066 5178 3184
10545 2 2 10 4 4925 5327 2606
10546 2 2 10 4 4942 5092 3251
10547 2 2 10 4 4630 5123 2873
10548 2 2 10 4 3549 5579 3441
10549 2 2 10 4 4347 5155 1393
10550 2 2 10 4 3100 5181 3101
10551 2 2 10 4 3445 5283 4225
10552 2 2 10 4 3354 5401 4897
10553 2 2 10 4 890 5187 888
10554 2 2 10 4 3339 5288 4188
10555 2 2 10 4 4525 5297 2680
10556 2 2 10 4 4814 5549 711
10557 2 2 10 4 4021 5600 4012
10558 2 2 10 4 4568 5052 2719
10559 2 2 10 4 3512 5072 4661
10560 2 2 10 4 2877 5196 4985
10561 2 2 10 4 1188 5290 4729
10562 2 2 10 4 3233 5296 3232
10563 2 2 10 4 4983 5286 4488
10564 2 2 10 4 4770 5440 927
10565 2 2 10 4 2985 5571 4676
10566 2 2 10 4 2868 5096 4479
10567 2 2 10 4 1560 5118 4450
10568 2 2 10 4 927 5440 4644
10569 2 2 10 4 3277 5254 2886
10570 2 2 10 4 4835 5066 3184
10571 2 2 10 4 4487 5294 5192
10572 2 2 10 4 4334 5395 2887
10573 2 2 10 4 194 5322 193
10574 2 2 10 4 2155 5499 4627
10575 2 2 10 4 1147 5167 1149
10576 2 2 10 4 3221 5471 4846
10577 2 2 10 4 3392 5364 3393
10578 2 2 10 4 2586 5212 2615
10579 2 2 10 4 3266 5172 4864
10580 2 2 10 4 4583 5466 2745
10581 2 2 10 4 459 5299 3784
10582 2 2 10 4 4489 5544 3305
10583 2 2 10 4 4816 5542 3642
10584 2 2 10 4 5232 5381 2527
10585 2 2 10 4 2800 5281 2877
10586 2 2 10 4 3146 5500 3145
10587 2 2 10 4 4487 5192 2640
10588 2 2 10 4 4419 5327 4925
10589 2 2 10 4 3544 5205 3543
10590 2 2 10 4 2420 5449 2891
10591 2 2 10 4 4843 5032 3218
10592 2 2 10 4 464 5362 4217
10593 2 2 10 4 3580 5321 3579
10594 2 2 10 4 4117 5437 1943
10595 2 2 10 4 5200 5513 3954
10596 2 2 10 4 1597 5604 4813
10597 2 2 10 4 4815 5231 1026
10598 2 2 10 4 4661 5072 3036
10599 2 2 10 4 3462 5313 3706
10600 2 2 10 4 5348 5437 4117
10601 2 2 10 4 2483 5191 4271
10602 2 2 10 4 2983 5311 3210
10603 2 2 10 4 4912 5184 3250
10604 2 2 10 4 4963 5613 3200
10605 2 2 10 4 1138 5595 1136
10606 2 2 10 4 1916 5052 4568
10607 2 2 10 4 1321 5204 1643
10608 2 2 10 4 5191 5328 2902
10609 2 2 10 4 4762 5151 3195
10610 2 2 10 4 4257 5325 2182
10611 2 2 10 4 4271 5563 5346
10612 2 2 10 4 533 5536 730
10613 2 2 10 4 4484 5462 1569
10614 2 2 10 4 4388 5323 3010
10615 2 2 10 4 2902 5328 2268
10616 2 2 10 4 3034 5294 4007
10617 2 2 10 4 2811 5509 4562
10618 2 2 10 4 2906 5267 3918
10619 2 2 10 4 3159 5528 4066
10620 2 2 10 4 3193 5547 2623
10621 2 2 10 4 3237 5369 4797
10622 2 2 10 4 282 5309 283
10623 2 2 10 4 113 5423 112
10624 2 2 10 4 3665 5330 3207
10625 2 2 10 4 3659 5219 3660
10626 2 2 10 4 4240 5237 4270
10627 2 2 10 4 5301 5436 4199
10628 2 2 10 4 128 5434 127
10629 2 2 10 4 3323 5348 5259
10630 2 2 10 4 2930 5229 2931
10631 2 2 10 4 4326 5572 1195
10632 2 2 10 4 4439 5175 4753
10633 2 2 10 4 281 5315 282
10634 2 2 10 4 4545 5604 1597
10635 2 2 10 4 4749 5309 3320
10636 2 2 10 4 5082 5287 4097
10637 2 2 10 4 1202 5203 1205
10638 2 2 10 4 2838 5611 5076
10639 2 2 10 4 126 5415 125
10640 2 2 10 4 1826 5300 1824
10641 2 2 10 4 5025 5118 1560
10642 2 2 10 4 3225 5119 4808
10643 2 2 10 4 3178 5337 3172
10644 2 2 10 4 3706 5313 5234
10645 2 2 10 4 2451 5125 4534
10646 2 2 10 4 2242 5336 1514
10647 2 2 10 4 2695 5201 2922
10648 2 2 10 4 1731 5341 2084
10649 2 2 10 4 4530 5442 3216
10650 2 2 10 4 5080 5632 4154
10651 2 2 10 4 981 5606 4356
10652 2 2 10 4 707 5209 4445
10653 2 2 10 4 1026 5231 4597
10654 2 2 10 4 4099 5538 5321
10655 2 2 10 4 3137 5515 3631
10656 2 2 10 4 4432 5176 843
10657 2 2 10 4 3258 5590 5014
10658 2 2 10 4 4093 5559 4074
10659 2 2 10 4 3324 5348 3323
10660 2 2 10 4 2869 5306 2868
10661 2 2 10 4 3101 5181 5081
10662 2 2 10 4 4735 5525 1981
10663 2 2 10 4 2810 5307 4944
10664 2 2 10 4 2555 5405 3108
10665 2 2 10 4 5111 5209 707
10666 2 2 10 4 3606 5308 4192
10667 2 2 10 4 649 5246 645
10668 2 2 10 4 3053 5352 2496
10669 2 2 10 4 4186 5353 2187
10670 2 2 10 4 5104 5366 3651
10671 2 2 10 4 2440 5351 5133
10672 2 2 10 4 342 5339 343
10673 2 2 10 4 3151 5453 3149
10674 2 2 10 4 2833 5623 4603
10675 2 2 10 4 2851 5334 4894
10676 2 2 10 4 2387 5418 2216
10677 2 2 10 4 2681 5634 4382
10678 2 2 10 4 3183 5534 3280
10679 2 2 10 4 4960 5032 1426
10680 2 2 10 4 438 5123 4631
10681 2 2 10 4 3230 5252 3228
10682 2 2 10 4 4971 5173 3654
10683 2 2 10 4 4527 5131 2370
10684 2 2 10 4 1099 5112 5041
10685 2 2 10 4 2565 5556 4219
10686 2 2 10 4 4651 5125 4127
10687 2 2 10 4 4097 5628 4636
10688 2 2 10 4 2750 5239 4592
10689 2 2 10 4 4655 5196 2419
10690 2 2 10 4 3013 5362 3306
10691 2 2 10 4 4691 5117 1012
10692 2 2 10 4 5296 5482 3232
10693 2 2 10 4 591 5312 589
10694 2 2 10 4 3671 5473 4964
10695 2 2 10 4 4183 5372 2508
10696 2 2 10 4 2016 5615 4590
10697 2 2 10 4 1265 5216 1257
10698 2 2 10 4 4277 5285 493
10699 2 2 10 4 3145 5358 4248
10700 2 2 10 4 3052 5503 4951
10701 2 2 10 4 3125 5521 3123
10702 2 2 10 4 4756 5582 3776
10703 2 2 10 4 2991 5227 2993
10704 2 2 10 4 3254 5487 5287
10705 2 2 10 4 4708 5306 2869
10706 2 2 10 4 4233 5368 2439
10707 2 2 10 4 2470 5450 4688
10708 2 2 10 4 2733 5202 4439
10709 2 2 10 4 2922 5224 2924
10710 2 2 10 4 3051 5465 4608
10711 2 2 10 4 3308 5241 3309
10712 2 2 10 4 4776 5410 4123
10713 2 2 10 4 5132 5227 2991
10714 2 2 10 4 4363 5232 2527
10715 2 2 10 4 3322 5468 3011
10716 2 2 10 4 3276 5571 2985
10717 2 2 10 4 3106 5387 3107
10718 2 2 10 4 3324 5437 5348
10719 2 2 10 4 5143 5255 2160
10720 2 2 10 4 3123 5521 3134
10721 2 2 10 4 3556 5136 4807
10722 2 2 10 4 1914 5244 2035
10723 2 2 10 4 5436 5537 4199
10724 2 2 10 4 1256 5333 1262
10725 2 2 10 4 2537 5398 2327
10726 2 2 10 4 4812 5408 3585
10727 2 2 10 4 4931 5474 2969
10728 2 2 10 4 4457 5569 1375
10729 2 2 10 4 4724 5214 3387
10730 2 2 10 4 2558 5245 4631
10731 2 2 10 4 2774 5446 4824
10732 2 2 10 4 2335 5399 4207
10733 2 2 10 4 3288 5407 3286
10734 2 2 10 4 4965 5550 2432
10735 2 2 10 4 3670 5145 4979
10736 2 2 10 4 4394 5612 3154
10737 2 2 10 4 3584 5565 5389
10738 2 2 10 4 4112 5460 2853
10739 2 2 10 4 3525 5496 4408
10740 2 2 10 4 4467 5499 2155
10741 2 2 10 4 1097 5178 5066
10742 2 2 10 4 654 5282 649
10743 2 2 10 4 3512 5406 5072
10744 2 2 10 4 577 5089 4964
10745 2 2 10 4 550 5238 552
10746 2 2 10 4 3215 5411 2663
10747 2 2 10 4 4746 5268 2703
10748 2 2 10 4 2160 5255 2484
10749 2 2 10 4 4576 5587 2141
10750 2 2 10 4 4735 5590 3258
10751 2 2 10 4 4680 5367 2895
10752 2 2 10 4 4826 5609 3989
10753 2 2 10 4 2680 5297 4881
10754 2 2 10 4 3162 5057 4955
10755 2 2 10 4 642 5593 4532
10756 2 2 10 4 4338 5347 3061
10757 2 2 10 4 5119 5152 926
10758 2 2 10 4 2849 5253 4492
10759 2 2 10 4 404 5380 239
10760 2 2 10 4 4185 5419 3062
10761 2 2 10 4 4554 5527 5357
10762 2 2 10 4 4711 5307 2689
10763 2 2 10 4 4589 5250 1712
10764 2 2 10 4 4359 5475 720
10765 2 2 10 4 4553 5173 768
10766 2 2 10 4 1585 5230 4591
10767 2 2 10 4 720 5475 4988
10768 2 2 10 4 2624 5385 3270
10769 2 2 10 4 3456 5472 3458
10770 2 2 10 4 3910 5450 5169
10771 2 2 10 4 2761 5413 4665
10772 2 2 10 4 445 5479 3653
10773 2 2 10 4 4577 5248 2966
10774 2 2 10 4 4607 5170 717
10775 2 2 10 4 4558 5279 1018
10776 2 2 10 4 4496 5260 3432
10777 2 2 10 4 1958 5427 5319
10778 2 2 10 4 2450 5264 2449
10779 2 2 10 4 3525 5437 3324
10780 2 2 10 4 4277 5388 5285
10781 2 2 10 4 5014 5590 4637
10782 2 2 10 4 4675 5379 2753
10783 2 2 10 4 4235 5504 363
10784 2 2 10 4 3661 5449 3351
10785 2 2 10 4 4400 5602 3414
10786 2 2 10 4 1534 5379 4675
10787 2 2 10 4 3029 5269 3030
10788 2 2 10 4 4165 5469 437
10789 2 2 10 4 4624 5069 4871
10790 2 2 10 4 3945 5340 4987
10791 2 2 10 4 374 5596 4978
10792 2 2 10 4 4868 5067 4607
10793 2 2 10 4 4936 5424 4304
10794 2 2 10 4 5146 5629 2853
10795 2 2 10 4 2853 5629 4112
10796 2 2 10 4 2745 5466 4064
10797 2 2 10 4 2598 5464 2878
10798 2 2 10 4 5172 5357 773
10799 2 2 10 4 5095 5361 3148
10800 2 2 10 4 3202 5511 2276
10801 2 2 10 4 5201 5224 2922
10802 2 2 10 4 4473 5273 1638
10803 2 2 10 4 3369 5420 3095
10804 2 2 10 4 2080 5476 2306
10805 2 2 10 4 3032 5479 3337
10806 2 2 10 4 3232 5482 4167
10807 2 2 10 4 971 5573 4594
10808 2 2 10 4 5222 5311 2983
10809 2 2 10 4 3046 5373 3048
10810 2 2 10 4 955 5292 952
10811 2 2 10 4 2242 5597 5336
10812 2 2 10 4 2536 5490 4181
10813 2 2 10 4 5389 5565 2563
10814 2 2 10 4 5048 5559 2491
10815 2 2 10 4 1643 5489 4416
10816 2 2 10 4 4169 5501 3245
10817 2 2 10 4 4163 5504 4235
10818 2 2 10 4 1080 5498 4146
10819 2 2 10 4 2785 5366 5104
10820 2 2 10 4 5231 5552 2882
10821 2 2 10 4 4597 5231 2882
10822 2 2 10 4 2525 5508 2762
10823 2 2 10 4 5038 5056 3092
10824 2 2 10 4 2571 5056 5038
10825 2 2 10 4 4942 5338 1004
10826 2 2 10 4 5361 5536 3563
10827 2 2 10 4 4190 5512 2372
10828 2 2 10 4 5001 5375 4499
10829 2 2 10 4 4369 5367 4680
10830 2 2 10 4 4135 5578 2497
10831 2 2 10 4 3204 5524 3206
10832 2 2 10 4 3585 5565 3584
10833 2 2 10 4 5374 5630 2601
10834 2 2 10 4 3685 5546 4173
10835 2 2 10 4 3784 5299 4804
10836 2 2 10 4 3742 5545 3743
10837 2 2 10 4 2791 5530 2789
10838 2 2 10 4 2726 5535 2411
10839 2 2 10 4 454 5518 3481
10840 2 2 10 4 3430 5301 4496
10841 2 2 10 4 3057 5485 3349
10842 2 2 10 4 3193 5384 4641
10843 2 2 10 4 649 5282 5246
10844 2 2 10 4 3414 5602 3413
10845 2 2 10 4 3063 5556 4172
10846 2 2 10 4 5026 5279 3856
10847 2 2 10 4 3272 5484 3274
10848 2 2 10 4 4410 5612 584
10849 2 2 10 4 3346 5505 3345
10850 2 2 10 4 4219 5556 3063
10851 2 2 10 4 4488 5286 2921
10852 2 2 10 4 2008 5584 2838
10853 2 2 10 4 736 5310 745
10854 2 2 10 4 2643 5589 2756
10855 2 2 10 4 5286 5580 2921
10856 2 2 10 4 2169 5621 4657
10857 2 2 10 4 362 5388 4277
10858 2 2 10 4 4122 5596 4123
10859 2 2 10 4 3107 5603 4174
10860 2 2 10 4 3171 5611 4166
10861 2 2 10 4 2927 5326 2930
10862 2 2 10 4 3531 5633 3425
10863 2 2 10 4 2604 5591 4204
10864 2 2 10 4 4552 5272 2904
10865 2 2 10 4 4807 5136 402
10866 2 2 10 4 3121 5338 3119
10867 2 2 10 4 3910 5599 5450
10868 2 2 10 4 2043 5376 1993
10869 2 2 10 4 753 5369 746
10870 2 2 10 4 5077 5195 3110
10871 2 2 10 4 2734 5250 4589
10872 2 2 10 4 1958 5342 4436
10873 2 2 10 4 4380 5614 3240
10874 2 2 10 4 3997 5320 4740
10875 2 2 10 4 5107 5452 3098
10876 2 2 10 4 4267 5520 2208
10877 2 2 10 4 2762 5508 4977
10878 2 2 10 4 4977 5508 4087
10879 2 2 10 4 1600 5461 4670
10880 2 2 10 4 2738 5529 5279
10881 2 2 10 4 1378 5433 1380
10882 2 2 10 4 2876 5541 2488
10883 2 2 10 4 3272 5519 5484
10884 2 2 10 4 3288 5360 5153
10885 2 2 10 4 1369 5438 1368
10886 2 2 10 4 1254 5477 1256
10887 2 2 10 4 948 5370 947
10888 2 2 10 4 3153 5617 3511
10889 2 2 10 4 2868 5306 5096
10890 2 2 10 4 2890 5078 5007
10891 2 2 10 4 3287 5584 4920
10892 2 2 10 4 4920 5584 2008
10893 2 2 10 4 2605 5151 4896
10894 2 2 10 4 4766 5226 1678
10895 2 2 10 4 3545 5169 4806
10896 2 2 10 4 3797 5539 3757
10897 2 2 10 4 93 5557 390
10898 2 2 10 4 247 5598 426
10899 2 2 10 4 347 5601 422
10900 2 2 10 4 2704 5124 4992
10901 2 2 10 4 1765 5335 1862
10902 2 2 10 4 5128 5540 3830
10903 2 2 10 4 1256 5477 5333
10904 2 2 10 4 3014 5392 4350
10905 2 2 10 4 4877 5408 3040
10906 2 2 10 4 2737 5467 3044
10907 2 2 10 4 2476 5346 2477
10908 2 2 10 4 3045 5481 2049
10909 2 2 10 4 4295 5323 1098
10910 2 2 10 4 5067 5170 4607
10911 2 2 10 4 4750 5388 362
10912 2 2 10 4 2452 5343 2451
10913 2 2 10 4 4731 5324 3243
10914 2 2 10 4 4990 5593 3795
10915 2 2 10 4 5321 5538 3579
10916 2 2 10 4 2930 5326 5261
10917 2 2 10 4 4566 5588 3331
10918 2 2 10 4 2904 5272 4564
10919 2 2 10 4 3314 5502 5340
10920 2 2 10 4 4592 5239 1980
10921 2 2 10 4 2909 5451 4709
10922 2 2 10 4 5187 5582 1019
10923 2 2 10 4 3585 5408 4998
10924 2 2 10 4 4707 5298 2229
10925 2 2 10 4 3011 5468 4641
10926 2 2 10 4 2527 5381 4508
10927 2 2 10 4 4555 5161 5134
10928 2 2 10 4 3273 5519 3272
10929 2 2 10 4 723 5483 722
10930 2 2 10 4 5081 5181 3791
10931 2 2 10 4 3148 5361 3150
10932 2 2 10 4 4364 5389 2563
10933 2 2 10 4 2984 5327 4419
10934 2 2 10 4 3591 5454 5003
10935 2 2 10 4 3761 5551 5402
10936 2 2 10 4 3529 5486 3530
10937 2 2 10 4 2903 5306 4708
10938 2 2 10 4 2738 5279 4558
10939 2 2 10 4 4025 5165 5030
10940 2 2 10 4 584 5497 4966
10941 2 2 10 4 4683 5257 576
10942 2 2 10 4 4123 5410 4353
10943 2 2 10 4 2742 5374 2376
10944 2 2 10 4 5011 5379 1534
10945 2 2 10 4 4779 5218 2635
10946 2 2 10 4 3608 5349 4547
10947 2 2 10 4 5209 5332 4445
10948 2 2 10 4 4894 5334 4309
10949 2 2 10 4 515 5188 5014
10950 2 2 10 4 2798 5390 3311
10951 2 2 10 4 3188 5553 3186
10952 2 2 10 4 4402 5351 2440
10953 2 2 10 4 4827 5317 4023
10954 2 2 10 4 2600 5502 3314
10955 2 2 10 4 5003 5454 4573
10956 2 2 10 4 4362 5537 3483
10957 2 2 10 4 1685 5308 4547
10958 2 2 10 4 2838 5584 4867
10959 2 2 10 4 3587 5379 5011
10960 2 2 10 4 4970 5165 2820
10961 2 2 10 4 3177 5429 3589
10962 2 2 10 4 5203 5510 1205
10963 2 2 10 4 389 5492 4417
10964 2 2 10 4 3371 5451 2909
10965 2 2 10 4 4973 5152 3225
10966 2 2 10 4 4165 5397 2879
10967 2 2 10 4 4329 5317 4827
10968 2 2 10 4 2984 5585 5327
10969 2 2 10 4 4783 5274 609
10970 2 2 10 4 5034 5378 4541
10971 2 2 10 4 4732 5284 3341
10972 2 2 10 4 4354 5568 2969
10973 2 2 10 4 2934 5174 5005
10974 2 2 10 4 3090 5561 3211
10975 2 2 10 4 3372 5393 2926
10976 2 2 10 4 4138 5417 3059
10977 2 2 10 4 3222 5469 4165
10978 2 2 10 4 3147 5560 4381
10979 2 2 10 4 4450 5304 1041
10980 2 2 10 4 4823 5219 3659
10981 2 2 10 4 2078 5414 2340
10982 2 2 10 4 3589 5429 5020
10983 2 2 10 4 4074 5559 5048
10984 2 2 10 4 730 5361 5095
10985 2 2 10 4 5004 5525 3388
10986 2 2 10 4 1924 5576 2019
10987 2 2 10 4 5490 5629 4181
10988 2 2 10 4 773 5357 4553
10989 2 2 10 4 3579 5538 4387
10990 2 2 10 4 1991 5531 1988
10991 2 2 10 4 5049 5635 2850
10992 2 2 10 4 5118 5304 4450
10993 2 2 10 4 2789 5530 4922
10994 2 2 10 4 3680 5170 5067
10995 2 2 10 4 4445 5332 2784
10996 2 2 10 4 999 5586 996
10997 2 2 10 4 5041 5112 3190
10998 2 2 10 4 4392 5401 3354
10999 2 2 10 4 2290 5444 2204
11000 2 2 10 4 4547 5349 4795
11001 2 2 10 4 426 5583 4669
11002 2 2 10 4 4637 5365 1609
11003 2 2 10 4 1566 5416 4649
11004 2 2 10 4 2305 5445 4780
11005 2 2 10 4 4743 5305 2112
11006 2 2 10 4 4740 5320 2562
11007 2 2 10 4 3553 5406 3512
11008 2 2 10 4 2365 5412 3090
11009 2 2 10 4 3556 5458 2749
11010 2 2 10 4 2370 5427 1482
11011 2 2 10 4 3972 5616 4741
11012 2 2 10 4 1724 5594 5021
11013 2 2 10 4 4644 5440 2682
11014 2 2 10 4 1018 5279 5026
11015 2 2 10 4 3098 5452 4259
11016 2 2 10 4 4460 5487 3254
11017 2 2 10 4 4889 5595 3745
11018 2 2 10 4 898 5441 896
11019 2 2 10 4 4541 5378 1635
11020 2 2 10 4 2921 5580 3837
11021 2 2 10 4 3403 5266 4939
11022 2 2 10 4 4764 5376 2043
11023 2 2 10 4 3055 5456 3054
11024 2 2 10 4 2656 5604 4545
11025 2 2 10 4 789 5542 786
11026 2 2 10 4 4502 5366 2785
11027 2 2 10 4 2957 5492 4907
11028 2 2 10 4 4306 5617 3153
11029 2 2 10 4 3200 5613 3198
11030 2 2 10 4 2573 5625 2390
11031 2 2 10 4 2702 5478 4146
11032 2 2 10 4 4535 5382 3544
11033 2 2 10 4 1193 5592 4996
11034 2 2 10 4 3243 5324 4602
11035 2 2 10 4 4795 5349 2824
11036 2 2 10 4 4448 5356 3055
11037 2 2 10 4 751 5507 741
11038 2 2 10 4 4717 5471 3219
11039 2 2 10 4 5554 5587 2679
11040 2 2 10 4 2670 5495 2202
11041 2 2 10 4 573 5344 4697
11042 2 2 10 4 5000 5632 1952
11043 2 2 10 4 2563 5565 4509
11044 2 2 10 4 2784 5332 5093
11045 2 2 10 4 3670 5290 5145
11046 2 2 10 4 5169 5450 4806
11047 2 2 10 4 3388 5525 3257
11048 2 2 10 4 4853 5344 573
11049 2 2 10 4 5304 5442 1041
11050 2 2 10 4 3993 5466 4583
11051 2 2 10 4 1205 5510 1211
11052 2 2 10 4 4849 5591 4095
11053 2 2 10 4 4707 5616 3972
11054 2 2 10 4 4824 5446 458
11055 2 2 10 4 5126 5618 1440
11056 2 2 10 4 4665 5413 2456
11057 2 2 10 4 1376 5548 1382
11058 2 2 10 4 2379 5620 4234
11059 2 2 10 4 4621 5555 2960
11060 2 2 10 4 2082 5532 2467
11061 2 2 10 4 2203 5235 4794
11062 2 2 10 4 4499 5375 4569
11063 2 2 10 4 4551 5384 1583
11064 2 2 10 4 4913 5233 2397
11065 2 2 10 4 5346 5563 2477
11066 2 2 10 4 1428 5543 4402
11067 2 2 10 4 3226 5562 3157
11068 2 2 10 4 3251 5277 4872
11069 2 2 10 4 2746 5617 4306
11070 2 2 10 4 5342 5616 4707
11071 2 2 10 4 5075 5593 642
11072 2 2 10 4 4591 5579 3549
11073 2 2 10 4 4996 5592 3765
11074 2 2 10 4 4782 5406 3553
11075 2 2 10 4 5079 5168 2982
11076 2 2 10 4 2895 5367 4818
11077 2 2 10 4 2918 5551 3342
11078 2 2 10 4 4652 5554 2679
11079 2 2 10 4 2679 5587 4576
11080 2 2 10 4 2370 5463 5427
11081 2 2 10 4 5074 5239 2750
11082 2 2 10 4 2742 5599 4866
11083 2 2 10 4 3726 5218 4924
11084 2 2 10 4 4924 5218 4779
11085 2 2 10 4 5173 5527 2727
11086 2 2 10 4 5015 5295 2701
11087 2 2 10 4 4505 5465 3051
11088 2 2 10 4 3979 5400 4627
11089 2 2 10 4 3760 5223 5159
11090 2 2 10 4 4856 5307 2810
11091 2 2 10 4 2843 5439 4663
11092 2 2 10 4 1823 5608 1829
11093 2 2 10 4 5402 5551 2918
11094 2 2 10 4 3169 5619 3166
11095 2 2 10 4 5191 5563 4271
11096 2 2 10 4 3688 5445 4725
11097 2 2 10 4 2877 5281 5196
11098 2 2 10 4 4777 5354 1186
11099 2 2 10 4 3097 5533 5271
11100 2 2 10 4 1019 5582 4756
11101 2 2 10 4 4284 5605 1389
11102 2 2 10 4 2891 5377 5100
11103 2 2 10 4 2956 5609 4826
11104 2 2 10 4 3977 5284 4732
11105 2 2 10 4 2392 5627 2393
11106 2 2 10 4 5083 5626 1602
11107 2 2 10 4 4080 5570 5001
11108 2 2 10 4 4783 5478 2702
11109 2 2 10 4 2701 5295 4981
11110 2 2 10 4 4796 5318 3346
11111 2 2 10 4 2853 5460 4825
11112 2 2 10 4 1041 5442 4529
11113 2 2 10 4 2689 5307 4856
11114 2 2 10 4 4676 5571 486
11115 2 2 10 4 5167 5592 1193
11116 2 2 10 4 1448 5528 4457
11117 2 2 10 4 5093 5332 3748
11118 2 2 10 4 4573 5454 4773
11119 2 2 10 4 3143 5494 4502
11120 2 2 10 4 5405 5481 3045
11121 2 2 10 4 4791 5594 1724
11122 2 2 10 4 3952 5605 4284
11123 2 2 10 4 2727 5527 4554
11124 2 2 10 4 5403 5564 727
11125 2 2 10 4 4780 5445 3688
11126 2 2 10 4 4775 5363 2195
11127 2 2 10 4 4806 5450 2470
11128 2 2 10 4 5204 5489 1643
11129 2 2 10 4 4223 5376 4764
11130 2 2 10 4 4791 5345 3988
11131 2 2 10 4 4824 5409 2674
11132 2 2 10 4 4991 5291 3499
11133 2 2 10 4 4621 5581 460
11134 2 2 10 4 4508 5493 3259
11135 2 2 10 4 4637 5590 4018
11136 2 2 10 4 4402 5543 5351
11137 2 2 10 4 727 5564 4471
11138 2 2 10 4 3320 5315 5079
11139 2 2 10 4 4668 5473 1603
11140 2 2 10 4 2432 5550 4512
11141 2 2 10 4 3145 5500 5358
11142 2 2 10 4 2354 5513 4520
11143 2 2 10 4 3259 5493 4946
11144 2 2 10 4 1669 5544 4489
11145 2 2 10 4 5427 5463 3524
11146 2 2 10 4 432 5471 4717
11147 2 2 10 4 1952 5632 4660
11148 2 2 10 4 4649 5416 4385
11149 2 2 10 4 5081 5622 3101
11150 2 2 10 4 5262 5516 3250
11151 2 2 10 4 3160 5606 4650
11152 2 2 10 4 4641 5468 3193
11153 2 2 10 4 4569 5514 2016
11154 2 2 10 4 3030 5499 4467
11155 2 2 10 4 4957 5293 2876
11156 2 2 10 4 5331 5485 3058
11157 2 2 10 4 2491 5559 4743
11158 2 2 10 4 4907 5492 389
11159 2 2 10 4 5067 5235 3680
11160 2 2 10 4 5412 5561 3090
11161 2 2 10 4 5216 5347 4338
11162 2 2 10 4 3141 5354 4777
11163 2 2 10 4 3637 5478 4783
11164 2 2 10 4 5069 5363 4775
11165 2 2 10 4 3367 5363 5069
11166 2 2 10 4 4741 5616 3144
11167 2 2 10 4 3323 5259 5106
11168 2 2 10 4 5357 5527 4553
11169 2 2 10 4 4502 5494 5366
11170 2 2 10 4 4684 5474 569
11171 2 2 10 4 1195 5572 4803
11172 2 2 10 4 1383 5588 4566
11173 2 2 10 4 4846 5471 432
11174 2 2 10 4 4628 5622 3284
11175 2 2 10 4 3370 5564 5403
11176 2 2 10 4 5229 5261 4003
11177 2 2 10 4 5183 5558 3904
11178 2 2 10 4 4822 5526 3053
11179 2 2 10 4 4688 5599 2742
11180 2 2 10 4 1602 5626 4696
11181 2 2 10 4 4743 5559 4093
11182 2 2 10 4 4794 5235 5067
11183 2 2 10 4 4033 5462 5035
11184 2 2 10 4 2850 5635 4556
11185 2 2 10 4 5375 5514 4569
11186 2 2 10 4 4948 5386 971
11187 2 2 10 4 4590 5621 2169
11188 2 2 10 4 5162 5503 3088
11189 2 2 10 4 4650 5606 981
11190 2 2 10 4 4972 5443 3726
11191 2 2 10 4 2930 5261 5229
11192 2 2 10 4 4934 5391 2950
11193 2 2 10 4 2751 5457 4799
11194 2 2 10 4 3387 5339 5097
11195 2 2 10 4 4636 5628 1843
11196 2 2 10 4 4865 5529 2738
11197 2 2 10 4 2882 5552 4855
11198 2 2 10 4 4978 5596 4122
11199 2 2 10 4 4841 5585 2984
11200 2 2 10 4 4849 5560 3147
11201 2 2 10 4 2477 5563 4865
11202 2 2 10 4 5234 5313 3454
11203 2 2 10 4 5215 5280 3067
11204 2 2 10 4 3486 5280 5215
11205 2 2 10 4 5153 5407 3288
11206 2 2 10 4 460 5581 4945
11207 2 2 10 4 363 5504 4994
11208 2 2 10 4 5168 5404 3012
11209 2 2 10 4 5355 5521 3125
11210 2 2 10 4 2969 5568 4931
11211 2 2 10 4 3767 5592 5167
11212 2 2 10 4 4966 5497 3933
11213 2 2 10 4 4931 5568 3809
11214 2 2 10 4 3012 5404 5060
11215 2 2 10 4 5100 5377 3453
11216 2 2 10 4 5021 5594 3213
11217 2 2 10 4 3777 5582 5187
11218 2 2 10 4 5236 5424 3289
11219 2 2 10 4 4951 5503 1197
11220 2 2 10 4 5153 5360 3422
11221 2 2 10 4 5071 5403 727
11222 2 2 10 4 5420 5566 1291
11223 2 2 10 4 4803 5572 3091
11224 2 2 10 4 4928 5426 2275
11225 2 2 10 4 5289 5500 3146
11226 2 2 10 4 4962 5583 426
11227 2 2 10 4 5076 5611 3171
11228 2 2 10 4 3053 5526 5352
11229 2 2 10 4 730 5536 5361
11230 2 2 10 4 4532 5593 4990
11231 2 2 10 4 4945 5581 3992
11232 2 2 10 4 4075 5630 5374
11233 2 2 10 4 3795 5593 5075
11234 2 2 10 4 3308 5625 5241
11235 2 2 10 4 5109 5418 3832
11236 2 2 10 4 3240 5614 5180
11237 2 2 10 4 5150 5554 4652
11238 2 2 10 4 5131 5463 2370
11239 2 2 10 4 5194 5402 2918
11240 2 2 10 4 3349 5540 5128
11241 2 2 10 4 4304 5424 5236
11242 2 2 10 4 5319 5427 3524
11243 2 2 10 4 3523 5447 5276
11244 2 2 10 4 5055 5575 2806
11245 2 2 10 4 5276 5447 3687
11246 2 2 10 4 4553 5527 5173
11247 2 2 10 4 5407 5623 3286
11248 2 2 10 4 385 5623 5407
11249 2 2 10 4 3884 5554 5150
11250 2 2 10 4 3144 5616 5342
11251 2 2 10 4 5241 5625 2573
11252 2 2 10 4 3430 5436 5301
11253 2 2 10 4 5468 5547 3193
11254 2 2 10 4 5140 5600 524
11255 2 2 10 4 5271 5533 3704
11256 2 2 10 4 5230 5579 4591
11257 2 2 10 4 3211 5561 5448
11258 2 2 10 4 4181 5629 5146
11259 2 2 10 4 724 5516 5262
11260 2 2 10 4 2494 5500 5289
11261 2 2 10 4 3517 5618 5126
11262 2 2 10 4 5310 5506 745
11263 2 2 10 4 5284 5541 2876
11264 2 2 10 4 1570 5485 5331
11265 2 2 10 4 3483 5537 5436
11266 2 2 10 4 3588 5521 5355
11267 2 2 10 4 5514 5615 2016
11268 2 2 10 4 3977 5541 5284
11269 2 2 10 4 3369 5566 5420
11270 2 2 10 4 3322 5547 5468
11271 2 2 10 4 5448 5561 2142
11272 2 2 10 4 3889 5615 5514
$EndElements
