$MeshFormat
2.2 0 8
$EndMeshFormat
$PhysicalNames
5
1 1 "topo"
1 2 "base"
1 3 "lados"
1 4 "furos"
2 10 "aleta"
$EndPhysicalNames
$Nodes
3455
1 -2 0 0
2 2 0 0
3 -3 3.5 0
4 3 3.5 0
5 -1.25 1.75 0
6 1.75 1.75 0
7 -1.904761904761905 0 0
8 -1.80952380952381 0 0
9 -1.714285714285714 0 0
10 -1.619047619047619 0 0
11 -1.523809523809524 0 0
12 -1.428571428571429 0 0
13 -1.333333333333333 0 0
14 -1.238095238095239 0 0
15 -1.142857142857143 0 0
16 -1.047619047619049 0 0
17 -0.9523809523809534 0 0
18 -0.8571428571428585 0 0
19 -0.7619047619047636 0 0
20 -0.6666666666666687 0 0
21 -0.5714285714285736 0 0
22 -0.4761904761904787 0 0
23 -0.3809523809523836 0 0
24 -0.2857142857142887 0 0
25 -0.1904761904761936 0 0
26 -0.0952380952380989 0 0
27 -3.774758283725532e-15 0 0
28 0.09523809523809135 0 0
29 0.1904761904761862 0 0
30 0.2857142857142811 0 0
31 0.380952380952376 0 0
32 0.4761904761904709 0 0
33 0.5714285714285658 0 0
34 0.6666666666666607 0 0
35 0.7619047619047561 0 0
36 0.857142857142851 0 0
37 0.9523809523809459 0 0
38 1.047619047619041 0 0
39 1.142857142857136 0 0
40 1.238095238095232 0 0
41 1.333333333333328 0 0
42 1.428571428571424 0 0
43 1.52380952380952 0 0
44 1.619047619047616 0 0
45 1.714285714285712 0 0
46 1.809523809523808 0 0
47 1.904761904761904 0 0
48 -2.97358403428477 3.407544119996697 0
49 -2.947168068569541 3.315088239993393 0
50 -2.920752102854312 3.22263235999009 0
51 -2.894336137139082 3.130176479986786 0
52 -2.867920171423852 3.037720599983483 0
53 -2.841504205708623 2.94526471998018 0
54 -2.815088239993393 2.852808839976877 0
55 -2.788672274278164 2.760352959973573 0
56 -2.762256308562934 2.66789707997027 0
57 -2.735840342847704 2.575441199966967 0
58 -2.709424377132475 2.482985319963663 0
59 -2.683008411417246 2.39052943996036 0
60 -2.656592445702016 2.298073559957056 0
61 -2.630176479986786 2.205617679953753 0
62 -2.603760514271557 2.11316179995045 0
63 -2.577344548556328 2.020705919947146 0
64 -2.550928582841098 1.928250039943843 0
65 -2.524512617125869 1.83579415994054 0
66 -2.498098143965961 1.743343503880862 0
67 -2.472016479736558 1.652057679077955 0
68 -2.446356587957168 1.562248057850087 0
69 -2.420891277286846 1.473119470503962 0
70 -2.395393151997621 1.383876031991675 0
71 -2.369636392320486 1.293727373121701 0
72 -2.343407554297983 1.20192644004294 0
73 -2.316991588582753 1.109470560039637 0
74 -2.290575622867524 1.017014680036334 0
75 -2.264159657152295 0.9245588000330311 0
76 -2.237743691437065 0.8321029200297283 0
77 -2.211327725721836 0.739647040026425 0
78 -2.184911760006606 0.6471911600231222 0
79 -2.158495794291377 0.5547352800198193 0
80 -2.132079828576147 0.4622794000165156 0
81 -2.105663862860918 0.3698235200132127 0
82 -2.079247897145688 0.2773676400099094 0
83 -2.052831931430459 0.1849117600066061 0
84 -2.02641596571523 0.09245588000330374 0
85 2.02641588425257 0.09245559488399464 0
86 2.05283176850514 0.1849111897679893 0
87 2.07924765275771 0.2773667846519839 0
88 2.10566353701028 0.3698223795359786 0
89 2.13207942126285 0.4622779744199731 0
90 2.158495305515419 0.5547335693039679 0
91 2.184911189767989 0.6471891641879626 0
92 2.211327074020559 0.7396447590719571 0
93 2.237742958273129 0.8321003539559516 0
94 2.264158842525699 0.9245559488399462 0
95 2.290574726778269 1.017011543723941 0
96 2.316990611030839 1.109467138607935 0
97 2.343406495283409 1.20192273349193 0
98 2.369635375968351 1.293723815889229 0
99 2.395392574228577 1.383874009800018 0
100 2.420890141145156 1.473115494008044 0
101 2.446355803542385 1.562245312398347 0
102 2.472015203346471 1.652053211712647 0
103 2.498099024021764 1.743346584076174 0
104 2.524514083453743 1.835799292088102 0
105 2.550929967706313 1.928254886972096 0
106 2.577345851958883 2.020710481856091 0
107 2.603761736211453 2.113166076740085 0
108 2.630177620464023 2.205621671624079 0
109 2.656593504716593 2.298077266508074 0
110 2.683009388969162 2.390532861392068 0
111 2.709425273221732 2.482988456276062 0
112 2.735841157474302 2.575444051160056 0
113 2.762257041726872 2.667899646044051 0
114 2.788672925979442 2.760355240928045 0
115 2.815088810232011 2.852810835812039 0
116 2.841504694484581 2.945266430696033 0
117 2.867920578737151 3.037722025580028 0
118 2.894336462989721 3.130177620464023 0
119 2.920752347242291 3.222633215348017 0
120 2.947168231494861 3.315088810232012 0
121 2.97358411574743 3.407544405116005 0
122 2.903225806451613 3.5 0
123 2.806451612903226 3.5 0
124 2.709677419354838 3.5 0
125 2.612903225806451 3.5 0
126 2.516129032258064 3.5 0
127 2.419354838709676 3.5 0
128 2.322580645161289 3.5 0
129 2.225806451612902 3.5 0
130 2.129032258064514 3.5 0
131 2.032258064516127 3.5 0
132 1.935483870967739 3.5 0
133 1.838709677419352 3.5 0
134 1.741935483870964 3.5 0
135 1.645161290322577 3.5 0
136 1.54838709677419 3.5 0
137 1.451612903225802 3.5 0
138 1.354838709677415 3.5 0
139 1.258064516129027 3.5 0
140 1.16129032258064 3.5 0
141 1.064516129032252 3.5 0
142 0.9677419354838648 3.5 0
143 0.8709677419354773 3.5 0
144 0.7741935483870899 3.5 0
145 0.6774193548387024 3.5 0
146 0.580645161290315 3.5 0
147 0.4838709677419275 3.5 0
148 0.38709677419354 3.5 0
149 0.2903225806451526 3.5 0
150 0.1935483870967651 3.5 0
151 0.09677419354837768 3.5 0
152 -1.021405182655144e-14 3.5 0
153 -0.09677419354839722 3.5 0
154 -0.1935483870967842 3.5 0
155 -0.2903225806451704 3.5 0
156 -0.3870967741935574 3.5 0
157 -0.4838709677419444 3.5 0
158 -0.5806451612903314 3.5 0
159 -0.6774193548387175 3.5 0
160 -0.7741935483871045 3.5 0
161 -0.8709677419354915 3.5 0
162 -0.9677419354838777 3.5 0
163 -1.064516129032264 3.5 0
164 -1.161290322580651 3.5 0
165 -1.258064516129038 3.5 0
166 -1.354838709677424 3.5 0
167 -1.451612903225811 3.5 0
168 -1.548387096774198 3.5 0
169 -1.645161290322585 3.5 0
170 -1.741935483870972 3.5 0
171 -1.838709677419359 3.5 0
172 -1.935483870967746 3.5 0
173 -2.032258064516132 3.5 0
174 -2.129032258064519 3.5 0
175 -2.225806451612906 3.5 0
176 -2.322580645161293 3.5 0
177 -2.419354838709679 3.5 0
178 -2.516129032258066 3.5 0
179 -2.612903225806453 3.5 0
180 -2.709677419354839 3.5 0
181 -2.806451612903226 3.5 0
182 -2.903225806451613 3.5 0
183 -1.252929894054913 1.788162321054719 0
184 -1.261650901986267 1.825430149648798 0
185 -1.275958610759736 1.86092995946674 0
186 -1.295517659808321 1.893829665054655 0
187 -1.319869601599803 1.92335812519806 0
188 -1.348443647258341 1.948823217818357 0
189 -1.380570045371934 1.969628062727736 0
190 -1.415495780397874 1.98528501199489 0
191 -1.452402222708833 1.995427079999214 0
192 -1.490424316577491 1.999816545262703 0
193 -1.5286708563496 1.998350522439919 0
194 -1.566245375549166 1.991063373863285 0
195 -1.602267159292835 1.978125904119137 0
196 -1.635891887500305 1.959841356532987 0
197 -1.666331425041391 1.936638305402991 0
198 -1.692872294955486 1.90906061058164 0
199 -1.7148924017468 1.877754669861777 0
200 -1.731875612775524 1.843454267960192 0
201 -1.743423855969445 1.806963377225784 0
202 -1.749266450295935 1.769137313209123 0
203 -1.749266450295935 1.730862686790876 0
204 -1.743423855969445 1.693036622774215 0
205 -1.731875612775523 1.656545732039807 0
206 -1.7148924017468 1.622245330138222 0
207 -1.692872294955485 1.590939389418359 0
208 -1.666331425041391 1.563361694597009 0
209 -1.635891887500304 1.540158643467012 0
210 -1.602267159292834 1.521874095880862 0
211 -1.566245375549164 1.508936626136714 0
212 -1.528670856349599 1.501649477560081 0
213 -1.49042431657749 1.500183454737298 0
214 -1.452402222708831 1.504572920000787 0
215 -1.415495780397873 1.51471498800511 0
216 -1.380570045371933 1.530371937272265 0
217 -1.34844364725834 1.551176782181644 0
218 -1.319869601599803 1.57664187480194 0
219 -1.29551765980832 1.606170334945345 0
220 -1.275958610759736 1.63907004053326 0
221 -1.261650901986267 1.674569850351202 0
222 -1.252929894054913 1.711837678945282 0
223 1.747070105945087 1.788162321054719 0
224 1.738349098013733 1.825430149648798 0
225 1.724041389240264 1.86092995946674 0
226 1.704482340191679 1.893829665054655 0
227 1.680130398400197 1.92335812519806 0
228 1.651556352741659 1.948823217818357 0
229 1.619429954628066 1.969628062727736 0
230 1.584504219602126 1.98528501199489 0
231 1.547597777291167 1.995427079999214 0
232 1.509575683422509 1.999816545262703 0
233 1.4713291436504 1.998350522439919 0
234 1.433754624450834 1.991063373863285 0
235 1.397732840707165 1.978125904119137 0
236 1.364108112499695 1.959841356532987 0
237 1.333668574958609 1.936638305402991 0
238 1.307127705044514 1.90906061058164 0
239 1.2851075982532 1.877754669861777 0
240 1.268124387224476 1.843454267960192 0
241 1.256576144030555 1.806963377225784 0
242 1.250733549704065 1.769137313209123 0
243 1.250733549704065 1.730862686790876 0
244 1.256576144030555 1.693036622774215 0
245 1.268124387224477 1.656545732039807 0
246 1.2851075982532 1.622245330138222 0
247 1.307127705044515 1.590939389418359 0
248 1.333668574958609 1.563361694597009 0
249 1.364108112499696 1.540158643467012 0
250 1.397732840707166 1.521874095880862 0
251 1.433754624450836 1.508936626136714 0
252 1.471329143650401 1.501649477560081 0
253 1.50957568342251 1.500183454737298 0
254 1.547597777291169 1.504572920000787 0
255 1.584504219602127 1.51471498800511 0
256 1.619429954628067 1.530371937272265 0
257 1.65155635274166 1.551176782181644 0
258 1.680130398400197 1.57664187480194 0
259 1.70448234019168 1.606170334945345 0
260 1.724041389240264 1.63907004053326 0
261 1.738349098013733 1.674569850351202 0
262 1.747070105945087 1.711837678945282 0
263 -1.225196138216189 1.686789841921367 0
264 -1.225280756174405 1.822775014353646 0
265 1.224839046766413 1.708871217920285 0
266 1.229063980006542 1.831975835148462 0
267 1.262122896102824 1.589159828636224 0
268 -1.280266094907016 1.572762537152532 0
269 -1.284080218322456 1.927955042024445 0
270 0.04761904761904381 0.08247860988423206 0
271 -0.05780794446086882 3.418707760051026 0
272 1.296600243226704 1.944367008516459 0
273 1.364477963449089 1.502615150243836 0
274 -1.384473597073783 1.49229688886038 0
275 -1.385700551132054 2.00591567265866 0
276 1.61533477829516 2.010361351881834 0
277 -1.594170410803004 2.015921633905829 0
278 1.405424035212075 2.015700607329688 0
279 -0.4252384218427065 0.07507802417253284 0
280 0.4449272198047963 3.413224956635581 0
281 0.5286144893989749 0.07779804571994609 0
282 1.491571503756776 1.470180505708558 0
283 -0.5235601240937064 3.417841132280984 0
284 -1.512327251647149 1.46861066612323 0
285 -0.8124025423167028 0.0763117637399513 0
286 0.8117432603089223 3.406822925812659 0
287 0.9087765242936007 0.0882313022737482 0
288 -0.9182266179099376 3.423336011558041 0
289 1.883722237285851 3.420239095424702 0
290 -1.878323205612113 3.417563568955314 0
291 -1.187266761950701 0.07984742152867996 0
292 1.281950394620144 0.07881764010018166 0
293 1.203950911122449 3.41975763940487 0
294 -1.699310980976118 1.947883256418275 0
295 -1.302687721675236 3.418371141363617 0
296 -2.616625901194938 2.457506555175947 0
297 2.622114932245998 2.463883817879398 0
298 1.715854961004344 1.932999111799051 0
299 2.086272601389981 0.6376904764909916 0
300 -2.090515647452769 0.620487009172914 0
301 1.617814103108583 1.487193748457685 0
302 -1.642245698689728 1.49836563726848 0
303 -1.768653569076635 1.833349602769037 0
304 1.777181380004104 1.814725824394209 0
305 1.714871776425233 1.568274294339103 0
306 -1.727673067048217 1.588942353184238 0
307 -2.170636638632269 0.9181862032557166 0
308 2.161417329972587 0.902300756244439 0
309 -1.771633453994476 1.708466952426935 0
310 -2.510483390601836 2.089810757323685 0
311 1.772993658289177 1.686505207827741 0
312 2.511039850260196 2.086435681874987 0
313 2.274623639844507 3.419763755209154 0
314 -2.275456797659059 3.427739874735664 0
315 -1.571428571428572 0.08247860988423206 0
316 -1.591383917348108 3.423355675139657 0
317 1.596774193548383 3.416191089956344 0
318 -2.700556390272664 2.739113231672896 0
319 2.68691413781572 2.747766972367664 0
320 1.564641544190304 0.08312898448775319 0
321 -2.235545360748924 1.178994143178832 0
322 2.250413071485868 1.178490787956006 0
323 -2.437322555830146 1.812796108294309 0
324 2.438441158002501 1.804713276480931 0
325 1.489667175179676 2.030350310785477 0
326 -1.509183234057699 2.031158191173079 0
327 -2.344180882282132 1.456283950677215 0
328 2.334933863834021 1.449152550062171 0
329 2.776948141862235 3.013565366094759 0
330 -2.779945748554563 3.011156092646428 0
331 -2.01766554980694 0.3450997144996688 0
332 2.012386700992453 0.3464714089201362 0
333 -2.557490576991084 3.421521348475334 0
334 2.563396479257997 3.419308660996369 0
335 -2.381047207403495 1.635213273864277 0
336 2.390148745728551 1.630898721683643 0
337 0.1471801504978045 3.417583191734332 0
338 -0.258047348124887 3.409226679497598 0
339 2.090505629543051 3.419794230458417 0
340 1.01481454449927 3.422151597391643 0
341 1.397776625825585 3.408032435630222 0
342 0.6290322580645087 3.416191089956344 0
343 -1.112903225806458 3.423192090354937 0
344 -0.7308687843171826 3.422051019600191 0
345 -2.086042039462445 3.414678208412879 0
346 -2.567103136892265 2.27364028451316 0
347 2.570248502258064 2.277460030362251 0
348 1.770902378832199 0.08644185819748529 0
349 -1.387924355568224 0.07913390522317965 0
350 -0.1417411589587062 0.08023559711099493 0
351 -1.761904761904762 0.07701687218419129 0
352 -0.6183405533204482 0.08867417030749625 0
353 0.7122438207546079 0.07561088478083389 0
354 -0.9983149018925028 0.07730921290260984 0
355 0.2445268941566403 0.07659126461025956 0
356 1.095238095238088 0.08247860988423206 0
357 2.820376751964514 3.196079558338879 0
358 -2.826657371744272 3.203508292077634 0
359 1.961735093239162 0.1675508708524511 0
360 -1.960318331042024 0.168556191244698 0
361 -2.757047035868831 3.424246858589752 0
362 2.75327736921379 3.436834821883383 0
363 1.39930910557645 1.483787800078855 0
364 1.366605278213346 1.463321711422052 0
365 1.33131998115017 1.48281415869163 0
366 1.332407730233804 1.443120526011398 0
367 1.367668744586292 1.424150533361475 0
368 1.333176215369696 1.403773006348243 0
369 1.367322433383792 1.384705962337998 0
370 1.332507096077052 1.363348490010303 0
371 1.370596045502205 1.342530319972794 0
372 1.332161457784752 1.320188736320976 0
373 1.293501671838017 1.342494781931237 0
374 1.292352191906302 1.296094746064423 0
375 1.250216914944559 1.320974764359861 0
376 1.249464790436051 1.270405727937007 0
377 1.20466305623821 1.297479021207326 0
378 1.203460956098164 1.242473038238851 0
379 1.15560163353415 1.271358141295126 0
380 1.153997541955104 1.212651207402233 0
381 1.102124323545714 1.24068414319044 0
382 1.371402613315643 1.298242880700232 0
383 1.210185205095513 1.187290612063344 0
384 1.100377015321892 1.180330113455452 0
385 1.042934075934556 1.212797605501938 0
386 1.043076739531916 1.141938624534362 0
387 0.9778167013153196 1.182985583967094 0
388 0.9774664101712258 1.104921240978352 0
389 0.9104126892211402 1.145168792468121 0
390 0.9119547659229696 1.225761387870586 0
391 0.8428055491631458 1.186756572611808 0
392 0.8447496523862481 1.268472496946236 0
393 0.772007497293814 1.22968020135293 0
394 0.7748481557890102 1.313929617995346 0
395 0.6993108701188373 1.273880032716132 0
396 0.7043053051604229 1.360091978004474 0
397 0.6225011623673607 1.317881059146045 0
398 0.629016093045437 1.409345139836409 0
399 0.543629288030568 1.365854257536813 0
400 0.5489091091999364 1.461933080989424 0
401 0.4634079626804348 1.418022677116746 0
402 0.4683804818157293 1.514800684238896 0
403 0.3817133365234904 1.470801540019599 0
404 0.3868409681874184 1.567866066500883 0
405 0.2999128440818783 1.523787996609347 0
406 0.3049414432962479 1.621147677554195 0
407 0.2180772943563748 1.576877595126835 0
408 0.2231118759354495 1.674237737609395 0
409 0.1362679256695883 1.62991682244574 0
410 0.1412978045807871 1.727286714386974 0
411 0.2281385656272193 1.771615744101157 0
412 0.1472452552908173 1.826074330936769 0
413 0.238792448702236 1.874275390017514 0
414 0.05963995749942405 1.780565242070424 0
415 0.06561329167875946 1.879391187969722 0
416 0.131237767028368 1.53254804860501 0
417 -0.02211510983185183 1.833691823465942 0
418 -0.01707614721900122 1.931076262585004 0
419 -0.1041336097362622 1.886411675156772 0
420 -0.09906757432778784 1.983837754705354 0
421 -0.1859377233269501 1.939461998908843 0
422 -0.180906935085873 2.036833728419316 0
423 -0.09406683010079317 2.081163157278448 0
424 -0.1758818255550723 2.134196701534743 0
425 -0.08904266702172046 2.178524670994745 0
426 0.4585609396134327 1.320713890446997 0
427 -0.2627225692784945 2.089866287760857 0
428 -0.2576937011377093 2.187235056536233 0
429 -0.3445339248825262 2.142905444553214 0
430 -0.339504343643641 2.240275312903723 0
431 0.7686679418925411 1.144712732797487 0
432 -0.1909725398140717 1.842084057962796 0
433 -0.4263443618756737 2.195946017815038 0
434 -0.4213146275349745 2.293316122243792 0
435 -0.5087330254363229 2.249216251044541 0
436 -0.5143763043021905 2.152238469264098 0
437 -0.5032212227517918 2.346395300407237 0
438 -0.5908746427031132 2.302731769468175 0
439 -0.4162225086253548 2.390538953421192 0
440 0.5538880840407105 1.558532013264358 0
441 -0.5850018485252668 2.399434281038648 0
442 -0.6721390788225726 2.355649341609265 0
443 -0.6667451391135633 2.452439074680565 0
444 -0.7561856442652669 2.409020839033656 0
445 -0.7484670282618708 2.505307168400824 0
446 -0.836427310109652 2.461576310409329 0
447 -0.6614356257060491 2.549702540933211 0
448 1.046306555879449 1.065151816674375 0
449 1.100820618803644 1.302093528783023 0
450 -0.8296037498103683 2.55762540564035 0
451 -0.9177062235404568 2.515108388339191 0
452 0.9760684788452729 1.02410277904509 0
453 1.051403908614941 0.9822106949619387 0
454 0.9730278927496308 0.9370820872131134 0
455 1.055064307534127 0.8927280905350412 0
456 -0.7585316822597876 2.316889937412112 0
457 -0.9105002586757769 2.610026356764196 0
458 -0.9951769124833034 2.566286539686932 0
459 0.9723980616412679 0.8446203340148275 0
460 0.7809951779289124 1.395787548990665 0
461 -1.002201481187674 2.47545915407457 0
462 -1.074781031997061 2.524396151178334 0
463 -1.072681109615843 2.613894169231477 0
464 -1.150764662681127 2.572152193598303 0
465 -1.142584597853785 2.661708449292913 0
466 -1.226590824727408 2.618322062950993 0
467 -1.230722796446773 2.520424849976355 0
468 -1.304382281628085 2.575047621519839 0
469 -1.303347812285587 2.663323593187609 0
470 -1.380822676556723 2.619027551226371 0
471 -1.381172838722622 2.707852345603878 0
472 -1.457171169148126 2.661697101638815 0
473 -1.44939404702799 2.584494409521342 0
474 -1.527877520165339 2.620963191784798 0
475 -1.533994271804314 2.705336656754699 0
476 -1.608123332581247 2.656401246562212 0
477 -1.596558878676794 2.566807917766293 0
478 -1.678722577875592 2.606993800077209 0
479 -1.675977245843883 2.524039675075354 0
480 -1.748140396981268 2.560256635940926 0
481 -1.754452616907049 2.646510609512289 0
482 -1.742139951348684 2.483744442354892 0
483 -1.814417982736761 2.515511167354164 0
484 -1.806281218011411 2.444950985548318 0
485 -1.879378252811272 2.473532288337439 0
486 -1.870153182175422 2.394209293160175 0
487 1.056470098385424 0.7987606560347316 0
488 1.138460956559018 0.8492576309009672 0
489 -1.944613811883023 2.429590823841308 0
490 -1.937600663653789 2.353676581802318 0
491 -1.951180453610212 2.509964922208285 0
492 1.141204591445124 0.7534459753922937 0
493 1.224615544686388 0.805145185890527 0
494 0.9734215663435826 0.7490213469526816 0
495 0.8886235190184056 0.7966277215215261 0
496 -1.673519017843113 2.435759105827294 0
497 1.226437304351811 0.7088760894658841 0
498 1.310505175985849 0.7605219229862434 0
499 -1.876839833602963 2.320193224663625 0
500 -1.933882116959462 2.280917688325145 0
501 -1.997601979607406 2.311216314650797 0
502 -1.99181396749367 2.239931793039476 0
503 0.8895120602018904 0.7000652948216908 0
504 0.8057503266730156 0.7469712234759729 0
505 1.312598602450954 0.6632161432637975 0
506 1.394691057729449 0.7152531754666396 0
507 1.392681689270918 0.8110890941635485 0
508 1.476341426442563 0.7665916558854522 0
509 1.472209273125241 0.8590258174584753 0
510 1.481362835835546 0.6704569366037014 0
511 1.298167092962778 1.462007532778663 0
512 1.552947625246681 0.8170693354166749 0
513 1.546879882233492 0.9146857153904251 0
514 0.8054981147490908 0.650844239946315 0
515 0.7217662971939319 0.6977747382439015 0
516 -2.055511436488981 2.269489842129818 0
517 -2.046371799852661 2.199381816785507 0
518 -1.984548406197705 2.172350642990992 0
519 -2.036811489736257 2.132311879126918 0
520 -1.979052049127129 2.107192406397916 0
521 -2.030175387644107 2.069094362222013 0
522 1.625047291202744 0.8665702179496473 0
523 1.626228247425748 0.9483820135973329 0
524 0.8900206022376894 0.6026541552770048 0
525 0.7213326825373155 0.6017227848831896 0
526 0.6367209769204002 0.6501381845497201 0
527 0.6361479721529514 0.7479955242924734 0
528 0.5523970580725999 0.6980618395495266 0
529 0.5531105572329691 0.6024724826723067 0
530 0.467873247791306 0.6498755823004425 0
531 0.4662046906367914 0.7435161665450591 0
532 0.3842777834054594 0.6976392405122993 0
533 0.3810250572484749 0.7921323184800682 0
534 0.3004070514125314 0.7471648943534146 0
535 0.2980872527635432 0.8436622245396852 0
536 0.214795613087439 0.7962841317249181 0
537 0.2085188594770383 0.8916177750036709 0
538 0.129149789048137 0.8435352798773121 0
539 0.1333555278590463 0.7493338643920384 0
540 0.04620383101691134 0.7961695214518327 0
541 0.04386703395040752 0.8907614287554939 0
542 -0.03830555660392363 0.8429727701249394 0
543 -0.04060668145139261 0.939091627767789 0
544 -0.1222541676873365 0.8922151792367981 0
545 -0.1246161373367066 0.9884708916486712 0
546 -0.2079749610924293 0.9409290868519828 0
547 -0.2093518123907177 1.037227473378575 0
548 -0.2934334790689246 0.9883513984122934 0
549 -0.2933629418740881 1.086708863068697 0
550 -0.378095353885378 1.036784047537576 0
551 -0.3778920428305343 1.135309901788141 0
552 -0.4627117578540275 1.085238351396719 0
553 -0.4631084177519948 1.182742934801376 0
554 -0.5474653319159291 1.133441535878425 0
555 -0.5478973236608184 1.230888057099444 0
556 -0.6282857052853037 1.18185648038778 0
557 -0.6310819813941633 1.08436670869416 0
558 -0.7074818447412385 1.132221213666964 0
559 -0.7136553358827011 1.03643177889247 0
560 -0.7936563365928151 1.082844701488549 0
561 -0.6277921838671727 1.281788270809657 0
562 -0.7983484028371188 0.987646101288263 0
563 -0.8802386138632763 1.034353437365268 0
564 -0.8788511435532628 0.9390757072336275 0
565 -0.9622381485114995 0.9855160629091494 0
566 -0.9619692075475405 0.8908065642306249 0
567 -1.045895494817503 0.9345888771428827 0
568 -0.2895613719351942 0.8937500997259247 0
569 -1.043708038773641 0.8420246830115823 0
570 -1.12759369992111 0.8858344814874244 0
571 -0.8749447817973819 0.8437929544487885 0
572 -0.8754986170643525 1.133115734836312 0
573 -1.124970417229738 0.7934294312726693 0
574 -1.206903773208095 0.8406684551136592 0
575 -1.208051030522754 0.9335715267381541 0
576 -1.283390740806847 0.8882962245708641 0
577 -1.285477570618584 0.7926059128704392 0
578 -1.363709052369492 0.8403579794071887 0
579 -1.35885512037469 0.9444489489081478 0
580 -1.433614019706147 0.8904143159911497 0
581 -1.444495420443894 0.7963231694444637 0
582 -1.437903285555797 0.973640942719502 0
583 -1.507048764323118 0.9236854607949685 0
584 -1.502321670014481 1.021776890507367 0
585 -1.43516854731281 1.044207879546593 0
586 -0.03395641826918389 0.7487287574357415 0
587 -1.56900732894925 0.9775604241724521 0
588 -1.568707825473199 1.051124591142087 0
589 -1.631521584129257 1.017000732254102 0
590 -1.632074765316324 1.086836362054377 0
591 -1.640112606066562 0.9445676945692301 0
592 -0.378979723268295 1.231572840833806 0
593 -1.691572346723884 1.05509551195219 0
594 -1.692812677761254 1.12239886306515 0
595 -1.751217819765052 1.089872150570852 0
596 -1.751546636816653 1.157042673540413 0
597 -1.633983611908768 1.150936158374345 0
598 -1.809179500312464 1.124934953531953 0
599 -1.805355807389152 1.190776304609774 0
600 -1.975049876510784 2.045723413228341 0
601 -2.023053572148753 2.009322064721881 0
602 -2.079409975491013 2.031659506791858 0
603 -2.070739075392936 1.97180145075705 0
604 -1.927493023899078 2.078571907611078 0
605 -2.015410475738644 1.949082941270836 0
606 -2.061432965235448 1.913408846366454 0
607 -2.008460647559698 1.89343115577536 0
608 -2.0524015832934 1.857869459489943 0
609 0.3834031003087159 0.6007668640507973 0
610 -1.747512033927048 1.221919682223746 0
611 -1.804379882351241 1.250416480048674 0
612 -1.811016009595368 1.054944544747517 0
613 1.41068965115954 1.321875396262063 0
614 1.412044819050841 1.27620477035683 0
615 1.451106583339456 1.301131678327371 0
616 1.453547976798194 1.253703472656002 0
617 1.494044076807883 1.279757374044368 0
618 -2.003534553852238 1.83741964450229 0
619 -2.043811531197044 1.803649958235651 0
620 -1.857742690865469 1.224196623174394 0
621 -1.854146277110857 1.285231045280358 0
622 -0.04693179695563366 1.04159029710016 0
623 1.696597865176933 0.9105115272349669 0
624 1.696827930895704 0.9915012601916343 0
625 1.701609548361833 0.8254055283947208 0
626 -1.996680000647178 1.783984976211705 0
627 -2.035352273025196 1.75134279602013 0
628 -1.987874500515987 1.732797460990843 0
629 -2.029035586435262 1.695506686502624 0
630 -1.980468144598253 1.681001836454343 0
631 -2.019649959424346 1.647290839740816 0
632 -1.972722481061653 1.630392160040475 0
633 -2.012625199723533 1.597867521253852 0
634 -1.964433021668159 1.579396693231686 0
635 -2.00476907454225 1.546920907060781 0
636 1.229946208451293 0.6115063442668491 0
637 -2.115047407283183 2.229104458064382 0
638 -2.125469490634957 2.300109667261802 0
639 -2.129813375745672 1.993881078231711 0
640 1.49700608994393 1.230017791849643 0
641 1.53821918368596 1.257481765277393 0
642 1.453781153671211 1.203572635331415 0
643 -1.795266163756672 1.304515381167409 0
644 -1.956317347988118 1.528789555689283 0
645 -1.997675767783355 1.494810696382372 0
646 -2.080773252357871 1.768342305692541 0
647 -1.923261182898847 2.024331305482535 0
648 -1.881920878881061 2.051375732392755 0
649 -1.908297421232675 1.259688070036764 0
650 -2.06866504302962 1.62034132847503 0
651 1.208533020409149 1.348965263658372 0
652 -1.049432831428713 1.030694589691193 0
653 1.765325466820566 0.9540645467507696 0
654 1.767833968414203 1.047624182001174 0
655 0.3742378111226413 0.8909532920294529 0
656 1.316264625975857 0.565765412747341 0
657 1.233211840888987 0.5140501618350664 0
658 1.319706946968623 0.4683169674419443 0
659 -1.614459611288347 2.74680376855406 0
660 1.536720304620272 1.31042995979715 0
661 1.578523770399607 1.284880214662918 0
662 1.582093918345815 1.236799634430327 0
663 1.623750433472475 1.264283328594898 0
664 -1.081682175311756 2.444084379240639 0
665 -0.5478803596892862 1.327925671482506 0
666 -0.6315143183620414 1.377522524467184 0
667 -0.548780846905452 1.423276029073214 0
668 -0.630165250619255 1.470799668212472 0
669 -0.7085727405266777 1.42708066762421 0
670 -0.7054183055050802 1.516777880164946 0
671 -0.7779263107659207 1.472435288383269 0
672 -0.7801201622757002 1.549605557586964 0
673 -0.8428021654220783 1.512731157064394 0
674 -0.8432430998966042 1.582961490234134 0
675 -0.7814697286431237 1.625876815467752 0
676 -0.8451485037517806 1.653642869651559 0
677 -0.7870231696028198 1.691865299939605 0
678 -0.8463934319280977 1.723023506927726 0
679 -0.904127887655456 1.547997444571985 0
680 -0.7912706117733395 1.755833843613608 0
681 -0.8501852391322022 1.787906007312546 0
682 -0.719454507633756 1.734616172568622 0
683 -0.8967347408563779 1.74955986291505 0
684 -0.9113604564854687 1.811097878760669 0
685 -0.8550110597699168 1.85087363088715 0
686 -0.9102427012494373 1.879698917688846 0
687 -0.8576947035666391 1.914675691996014 0
688 -0.914353988307542 1.941075164360629 0
689 -0.9037628446255692 1.481638330352848 0
690 -0.9595273743589614 1.51387089309666 0
691 -0.9610335495055837 1.453678185430569 0
692 -1.011961142134888 1.485496023326534 0
693 -1.014201370986146 1.427076476237958 0
694 -1.015979313901365 1.547834937200423 0
695 -0.5491313096969915 1.519136592356315 0
696 -0.9645033106203722 1.908950850293861 0
697 -0.9689945500532993 1.966542177039079 0
698 -1.061834408685216 1.457380927418776 0
699 -1.06424938566137 1.401660238667612 0
700 -1.109837689438914 1.43044649072646 0
701 -1.11265837983876 1.376780357686638 0
702 -1.157050355578474 1.404478251873264 0
703 -1.159019709478358 1.353226231154113 0
704 -1.015495387391085 1.934078342890261 0
705 -1.019954610565003 1.98931866986957 0
706 -0.974933743426319 2.022260818729464 0
707 -1.026110836875799 2.044444939107656 0
708 -1.202540432748674 1.379129013790175 0
709 -1.20357330218914 1.329416370259539 0
710 -1.244605809542719 1.353060443753684 0
711 -1.247042123043693 1.304927664066857 0
712 -1.291525276266661 1.334443073792788 0
713 -1.012170132541727 1.88092940633638 0
714 -0.862011250110908 1.978129787082163 0
715 -0.8011911287238149 1.949904854831673 0
716 -1.075745280829278 2.008206109366427 0
717 -1.078575539446702 2.065861859425246 0
718 -1.032889762230023 2.0998009505004 0
719 -1.085123890782497 2.11971458217578 0
720 -1.127858029258101 2.087030869819756 0
721 -1.135787941719621 2.138829383468119 0
722 -1.175202231105444 2.108142294643418 0
723 -1.184224336184 2.155956457821356 0
724 -1.292322750382684 1.28280671864837 0
725 -1.336214835264419 1.309276071409144 0
726 -1.24973142166065 1.251870095376254 0
727 -1.041141340430376 2.154860372259259 0
728 -1.114692305773016 1.323531229506669 0
729 -1.222196386830958 2.127098647879266 0
730 -1.231284840789088 2.172947251597162 0
731 -1.103119593089444 1.482855391546681 0
732 -1.268924169150664 2.143412384859811 0
733 -1.276853860594383 2.190892566973145 0
734 -1.313763778801599 2.16066849224713 0
735 -1.321883067827383 2.20809860815287 0
736 -1.361315156225948 2.170396550347452 0
737 -1.367283201969899 2.223823467331133 0
738 -1.404316868991739 2.194565774531077 0
739 -1.411973309982301 2.242516927466954 0
740 -1.449309165702932 2.213245680528348 0
741 -1.458817706624678 2.261411606084634 0
742 -1.495563083717069 2.232113508317851 0
743 -1.286309827011492 2.240763040506666 0
744 -1.41847552446064 2.293583108816178 0
745 0.2949242735530992 1.42646685124982 0
746 -0.627550959765459 0.9897147464740338 0
747 0.388519681959721 1.663096237173858 0
748 0.04942741296124898 1.585588905215346 0
749 0.0443976274661003 1.488218947829193 0
750 -0.03741266059748353 1.541259981984166 0
751 0.07218282473418379 1.976932264081267 0
752 -0.2727825279340382 1.89512532337739 0
753 -0.2526644398256082 2.284604431569572 0
754 -0.2106704256421075 1.136993117479594 0
755 -2.18718017134911 2.257941787864433 0
756 -2.198602726180675 2.337349021482111 0
757 -1.876405202327731 2.004265740767845 0
758 -1.057681943763563 1.903906585788129 0
759 -1.055221410037183 1.855111641269839 0
760 -0.4657767407920369 1.471054145481737 0
761 -0.8240728419182484 2.65471414718637 0
762 -0.9057210089831315 2.70674797036827 0
763 -0.8191709443764588 2.751770978259164 0
764 -0.9011471408713462 2.804467986023336 0
765 -0.8145114305676009 2.849169614289553 0
766 -0.89654231767336 2.901856082502481 0
767 -0.8098943097186195 2.946561904011004 0
768 -0.7278560926389197 2.893874647178318 0
769 -0.7232450748897687 2.991266428230304 0
770 -0.6412064907776621 2.938579328967213 0
771 -0.8919315843973867 2.999249060156664 0
772 -0.9751496105525496 2.954660729236904 0
773 1.399269704175254 0.9013439274612636 0
774 -1.149970844142028 2.191028443637713 0
775 1.832919931239373 0.9985847066260679 0
776 1.841973250149094 1.077741124402631 0
777 1.619964653509467 1.311522559686392 0
778 1.663201743323713 1.292834366281481 0
779 -1.872316848135149 1.093332542453904 0
780 -1.874519971319454 1.016920215841384 0
781 -1.951007303767895 1.762641767614326 0
782 -0.9094163882137147 1.420248430261114 0
783 -1.469118421858039 2.313332722584175 0
784 -0.6365968537226185 3.03597053020142 0
785 -0.5545584265271866 2.98328337688157 0
786 -0.559167568889728 2.885892376093471 0
787 -0.4725198602344443 2.930596279706611 0
788 -0.4771289788295542 2.833205288167484 0
789 -0.3904813260863532 2.877909169342341 0
790 -0.3858721896807471 2.975300168041763 0
791 -0.3038336790562529 2.92261304831485 0
792 -0.308442806929303 2.825222052968841 0
793 -0.2217951660040068 2.869925929404152 0
794 -0.2264042934913574 2.772534934274808 0
795 -0.1397566535197064 2.817238810322886 0
796 -0.1443957686536107 2.719905938773811 0
797 -0.05772313923009711 2.764561378412031 0
798 -0.0531090136197107 2.861942686339991 0
799 0.02807878424139747 2.807933841267557 0
800 0.02417775213748715 2.711645898838484 0
801 0.1093542482550771 2.756380252597926 0
802 0.106073782061109 2.659121520799136 0
803 0.1904832269810307 2.702727953097349 0
804 0.1883973950465861 2.606490333496829 0
805 0.273865873844538 2.649820754625108 0
806 0.2702408584976868 2.553571440058095 0
807 0.356855990138197 2.598236686982057 0
808 0.3583450462157328 2.693654390272924 0
809 0.4431353224672628 2.6427919497969 0
810 0.4388638178679664 2.545509251609643 0
811 0.5256273478667475 2.590402224341683 0
812 0.5209713232863514 2.492867843737243 0
813 0.6077905405540207 2.537820109316636 0
814 0.6033956755028004 2.440385456857284 0
815 0.6898467229608147 2.485149608534561 0
816 0.6852375953154062 2.387758613353547 0
817 0.7688257356626648 2.432608514021686 0
818 0.7758339481259917 2.529647742324961 0
819 0.8552041991524831 2.478827315348724 0
820 0.8623869950803943 2.573508352925155 0
821 0.9434383741073497 2.52401393891797 0
822 0.7750157762460614 2.331515669690983 0
823 0.9469568595926627 2.618006806923598 0
824 1.038494657202911 2.553347489723285 0
825 1.032837090285963 2.659536917767864 0
826 1.117416503626936 2.608804029747837 0
827 1.018551069885077 2.465402868266798 0
828 1.115887149066229 2.705277419123042 0
829 1.197123825953374 2.655486712837512 0
830 0.5303788263984193 2.687914842157007 0
831 0.9486203123485527 2.712992449530797 0
832 1.199174524059166 2.750951538679522 0
833 1.279495992589727 2.699672541244182 0
834 1.276113045677014 2.60793384374692 0
835 1.355127539911609 2.649816830304648 0
836 1.349807655706641 2.566276606664753 0
837 1.428876597576769 2.603066287436756 0
838 1.435202263749854 2.689199185941452 0
839 1.505913835658546 2.638905741938025 0
840 1.503750695921135 2.560107875991227 0
841 1.576826172281187 2.590261886182025 0
842 1.584113268129716 2.674138146974274 0
843 1.653184768353637 2.623562542928535 0
844 1.638536440617959 2.53515492559136 0
845 1.720416338530783 2.555278560695092 0
846 1.732186776534202 2.656025665909119 0
847 1.799984536359137 2.600065417947054 0
848 1.79721460195843 2.513887995043643 0
849 1.814056845856009 2.693462062506546 0
850 1.86659085302483 2.548321362469068 0
851 1.858855751967468 2.465521319298014 0
852 1.929845384495897 2.49562967612941 0
853 1.91567039929814 2.415735399387598 0
854 1.848332535010111 2.388205486584765 0
855 1.902732157863979 2.341139568424172 0
856 1.972388579174132 2.365845314643197 0
857 1.958208656673907 2.294135279201248 0
858 0.6837209250060261 2.292261590010982 0
859 0.7589280028652992 2.23863555100754 0
860 2.027944560576083 2.317559576021968 0
861 2.013682323471887 2.246146399521054 0
862 1.88432227799617 2.261368346757429 0
863 0.1094314606796046 2.850222191448855 0
864 0.6783565067063224 2.200512684158614 0
865 0.7529996946015468 2.152324477240704 0
866 0.8308498363830256 2.190571115056758 0
867 0.8225798365628123 2.110005026253831 0
868 0.892462228265883 2.142063772524832 0
869 0.8879621779877153 2.069461868651662 0
870 0.8223306933766987 2.035654384974755 0
871 0.8834175439919622 1.998483833207784 0
872 0.9496987845769651 2.10174246361498 0
873 0.8221220459914769 1.966236370245818 0
874 0.8793008072388566 1.92935529484387 0
875 2.080927815903846 2.269960908720913 0
876 2.098785168413821 2.343015077885314 0
877 2.066059931883474 2.198535863683492 0
878 0.8198700971141971 1.897672472328495 0
879 0.8771237598825575 1.864611969373698 0
880 0.7597849158822086 1.933871453341585 0
881 0.932699637500799 1.895094318194732 0
882 0.9306546791901986 1.833527420224324 0
883 0.8785506493510743 1.802317465358602 0
884 0.9297693923698797 1.773025461533243 0
885 0.8781117402656626 1.742604043662587 0
886 0.9293976218229677 1.713199885546701 0
887 0.9791894553483758 1.804875547968104 0
888 2.000957468790236 2.174112183506994 0
889 2.050058666133753 2.130430616996781 0
890 1.992564892684753 2.104458969874616 0
891 2.038385206637173 2.066144592742092 0
892 1.980331263251851 2.047881025255753 0
893 2.024796669198915 2.007734483933616 0
894 2.083721891963969 2.025322077173977 0
895 2.069084238907858 1.966166688241901 0
896 2.012209132846584 1.950024943285829 0
897 2.053910168009545 1.909542246321905 0
898 2.000095578528273 1.893462819199218 0
899 2.039598196548429 1.85551252061523 0
900 1.982875761162775 1.835863250010692 0
901 2.025004036085898 1.801130334064061 0
902 2.079235814379252 1.817041600450151 0
903 2.064344137143248 1.763437312612711 0
904 2.011522467095064 1.749216733866667 0
905 2.048578586944152 1.711194653281018 0
906 1.997286356535205 1.698896208847088 0
907 2.033551926216737 1.660384342709837 0
908 1.98293103813336 1.648358136772917 0
909 2.018798407299919 1.610105475190723 0
910 1.969318407516257 1.59732341169361 0
911 2.004399206377876 1.559863055117447 0
912 1.954795406414495 1.547051461202794 0
913 1.989905779953325 1.509489439707774 0
914 1.941170877074089 1.496124059190603 0
915 1.975717576440559 1.458337360106734 0
916 1.925702661608201 1.44448828341711 0
917 1.961078910985352 1.406049472478553 0
918 1.906853406953178 1.393512259073852 0
919 1.945803575226353 1.352397843764128 0
920 1.960540124803943 1.933813607733963 0
921 1.937371605454953 2.081360144939212 0
922 2.016355167908205 1.424551808987132 0
923 2.128961888637662 1.982999296268272 0
924 2.063846531185765 1.624646303759812 0
925 1.890879067828636 1.339258421926935 0
926 2.128732215880421 2.220159734593569 0
927 1.856731568939243 1.379404088249316 0
928 1.283533678331567 2.795863217015962 0
929 1.202089070380523 2.847766151606863 0
930 1.288460163367278 2.892733176905334 0
931 1.206068212278874 2.944903584825046 0
932 1.292410279931288 2.990153646011697 0
933 1.374786980584927 2.937984603674955 0
934 0.8784314430461271 1.682743200114787 0
935 0.9299317657445836 1.654314114959035 0
936 0.9784822030245377 1.683060548616103 0
937 0.9793279738228997 1.62760972380274 0
938 0.8248475684987084 1.710240298709377 0
939 0.5168455967580925 2.395369053786412 0
940 2.120723981744039 1.776885665273262 0
941 0.1831563637050705 2.509137516082656 0
942 1.930280145983077 1.294904248973669 0
943 0.9569773926608729 2.169541103705966 0
944 1.010040777231836 2.13103525169798 0
945 1.956319756421996 1.735138279360459 0
946 -0.2198185048373923 2.965960157713504 0
947 0.01971124319337389 2.614473576757247 0
948 1.024194200353018 1.649873896070508 0
949 1.02612371436269 1.600130960203024 0
950 0.9833790925694039 1.575103565702026 0
951 1.029208996594275 1.550040314119884 0
952 1.017308383762 2.196026298578841 0
953 1.068074250929973 2.157516150392873 0
954 1.06149051391512 2.097373191780345 0
955 1.115487523135883 2.123076491429913 0
956 1.121559102475826 2.179698389393289 0
957 1.167670758528382 2.145159538669767 0
958 1.173990152785465 2.199394888688591 0
959 1.217497403712881 2.167926902420189 0
960 1.223136905766199 2.220244827137981 0
961 1.266248488583623 2.18802861999117 0
962 1.271499804273009 2.241342737342125 0
963 1.316120211283779 2.211658795450791 0
964 1.321006463030456 2.261644883069808 0
965 1.363397420221668 2.230287597381194 0
966 1.10927236343291 2.068116284222159 0
967 1.274010719057958 2.292978526699673 0
968 1.369423099438751 2.281970949732629 0
969 1.412043444237062 2.250219476433934 0
970 1.259282681060398 2.137162227158388 0
971 1.41839658739398 2.302343024226062 0
972 1.460255391220869 2.269698572214138 0
973 1.071014294219033 1.575714491361475 0
974 1.073004773625399 1.527807635014107 0
975 1.03144509553981 1.498977720796829 0
976 1.378752385728176 3.035430645564662 0
977 1.461133523371855 2.983262786589636 0
978 1.945940218219405 2.58039559830288 0
979 1.132827265828396 2.238438145207989 0
980 1.658296084678468 1.339695215823308 0
981 1.49931183050705 1.1779807035492 0
982 1.210013480864476 3.042276826238139 0
983 1.123678218577579 2.996974818526351 0
984 1.903159043279863 1.527947843075613 0
985 1.45898032674968 2.216498800106283 0
986 1.50348435944734 2.239530658510438 0
987 1.508884191752401 2.288226031645362 0
988 1.548914875822937 2.255348261545678 0
989 1.546276530063686 2.203456143126113 0
990 1.590285364325946 2.221437689611579 0
991 1.596187542135097 2.271594869024208 0
992 1.634499454183631 2.237984603422184 0
993 1.627129978686746 2.189218255985845 0
994 1.670643615316443 2.204382817403443 0
995 -1.918054577461279 1.560456093877652 0
996 -1.909672917534208 1.512075327128104 0
997 -1.537038152098948 2.799159413132912 0
998 -1.620416511816216 2.842804199125243 0
999 -1.539150239640203 2.895637420732416 0
1000 -1.624229657102345 2.940116612985799 0
1001 -1.541607819973816 2.991743028962209 0
1002 -1.706526022826771 2.887950864251382 0
1003 -1.710217617559992 2.985538805052195 0
1004 -1.792836973420736 2.933808994882031 0
1005 -1.455949158167559 2.946420742711056 0
1006 -1.796318658052637 3.031268830646823 0
1007 -1.878986464503662 2.979568075960191 0
1008 -1.458798359322081 3.043185795028053 0
1009 -1.373374358329648 2.998260212429735 0
1010 -1.042017873837865 0.7461301697329925 0
1011 -1.123820346849878 0.6966624124686038 0
1012 -1.040324913257716 0.6488691903898343 0
1013 -1.123777111110053 0.5987365631382047 0
1014 -1.039578698265429 0.5512354633153151 0
1015 -1.123680321173288 0.5019178043844321 0
1016 -1.207973021830253 0.5493462328490184 0
1017 -0.9555637048723975 0.600665626265207 0
1018 -0.9549156386570725 0.5031517312929914 0
1019 -0.8708123035426933 0.552470908704779 0
1020 -1.207811566458677 0.4526049718353682 0
1021 -1.292562189105064 0.5008076348753383 0
1022 -1.838076299277766 2.030926868389181 0
1023 -1.843189292348374 2.084261385248547 0
1024 -1.797760733775574 2.056892629990574 0
1025 -1.800380157649354 2.103028770356587 0
1026 -1.759773030482944 2.082360357171671 0
1027 -1.762255425913906 2.127698814820582 0
1028 -1.723145821873666 2.107252358418059 0
1029 -1.72448372836897 2.15220596867778 0
1030 -1.685087318639528 2.132007272542538 0
1031 -1.686749361020354 2.177355125435388 0
1032 1.742192356562676 2.749527735118185 0
1033 1.828577663207964 2.788863727419598 0
1034 -0.8701760914176735 0.4549734808466903 0
1035 -0.7860611329511462 0.5042769986931301 0
1036 -0.9845425898094936 2.134211275292962 0
1037 -0.993314366141738 2.195357256796319 0
1038 -1.01800920644149 1.371760099550405 0
1039 -1.336152844747081 1.260051650601624 0
1040 -1.377886879027427 1.286321326928232 0
1041 -0.9713118136239041 3.052035844248728 0
1042 -2.106353686422922 1.876759332960809 0
1043 -1.965669353546087 1.874190339459958 0
1044 -0.4671668297600775 1.566870318038219 0
1045 -1.245808315695172 1.402676023430586 0
1046 1.660159599929181 2.157930626925184 0
1047 1.704791277216031 2.17204846021105 0
1048 1.693653539172967 2.127636517981725 0
1049 1.738138977468361 2.140819884936672 0
1050 1.727730985470453 2.097264565856711 0
1051 1.833753560346873 0.9200658361537113 0
1052 -1.1722427312663 2.058930791351766 0
1053 1.75206085470398 2.845047883716872 0
1054 1.841874792097826 2.882853147232842 0
1055 1.918402107861839 2.82607699474547 0
1056 1.931672893083746 2.920767197998059 0
1057 2.009147860083665 2.861674692617286 0
1058 2.021753111430592 2.958049086136379 0
1059 2.099274532146188 2.898848880970877 0
1060 1.855741810739821 2.984052059771902 0
1061 2.111778192042838 2.995486105052142 0
1062 2.189288616011577 2.936312249108746 0
1063 2.176810124704743 2.839610868546741 0
1064 2.266800780876075 2.877133824639064 0
1065 2.25432066888627 2.780437579571115 0
1066 2.279279151095722 2.973834272123576 0
1067 2.356783798132441 2.914674569466607 0
1068 2.369263169850867 3.011372491340892 0
1069 2.034272070375983 3.054632885108262 0
1070 -0.8057694509675193 2.019367540180791 0
1071 1.898324544642372 1.037127692115996 0
1072 1.669885190349026 1.244424600073051 0
1073 1.880609868582352 1.290881818884933 0
1074 2.04534232967803 1.522536757449621 0
1075 1.645210348986438 2.28909797401814 0
1076 1.604457131063854 2.326193405984918 0
1077 1.374443576402287 2.336932966221757 0
1078 0.6183174719393713 1.222693560271316 0
1079 -2.049649269853602 1.513980466419659 0
1080 -2.04206849803972 1.456952283259866 0
1081 1.989343536593163 1.310313128116419 0
1082 -1.261950113986059 2.101525554730895 0
1083 -1.882432730010432 3.077006366195171 0
1084 -1.96509468201605 3.02530184376502 0
1085 -1.961647138189789 2.927862642275733 0
1086 -2.04775581454539 2.973596828496003 0
1087 -2.044308250108235 2.876157736775279 0
1088 -2.130416729787941 2.921891680112866 0
1089 -2.126969227728157 2.824452647534723 0
1090 -2.213077666423329 2.870186551992377 0
1091 -2.207564862387528 2.776636098613419 0
1092 -2.216525164916062 2.967625581195427 0
1093 -2.299186092341302 2.915920444334781 0
1094 -2.302633591559625 3.013359479441454 0
1095 -2.385294518578951 2.961654337849211 0
1096 -2.388742018486743 3.059093373128722 0
1097 -2.381847018478453 2.864215306400352 0
1098 -2.219972661936045 3.065064625535546 0
1099 1.451284183478145 1.147662141123305 0
1100 1.371713479557036 1.250780458389974 0
1101 -1.377736724608323 1.33376393922417 0
1102 -1.419395237722003 1.312285384795057 0
1103 -1.42107486322288 1.264679344077788 0
1104 -1.46230482527393 1.291527704823535 0
1105 -1.465121453528464 1.242554654838149 0
1106 -1.504848847860661 1.270741657001602 0
1107 -0.7407205966007592 1.987951937268038 0
1108 1.357178924204368 2.186590708692024 0
1109 -1.425477642045295 2.348299971871498 0
1110 -0.5499492283279641 3.080674400714552 0
1111 1.465098936350301 3.080714568606804 0
1112 1.236646325165638 0.4166084758563253 0
1113 -1.645752597208091 2.156936857964868 0
1114 -1.647984645813146 2.202527549452833 0
1115 -1.690676966523634 2.225016985990908 0
1116 -1.648821921341632 2.252389765037544 0
1117 -0.7854249775943437 0.4067796973494087 0
1118 -0.7013080916618533 0.4560806313756611 0
1119 -0.701944797131137 0.5535786594750018 0
1120 -0.6171909782446618 0.5053812597579519 0
1121 -0.6178276447354449 0.6028792370685214 0
1122 -0.5330736908902427 0.554681656679221 0
1123 -0.5324370721529594 0.4571837429977901 0
1124 -0.4483197214290212 0.5064840553711947 0
1125 -1.941855980908137 1.058722357308317 0
1126 0.8233704420292325 1.647837958284501 0
1127 2.12426813625581 3.092154994919108 0
1128 -0.3133862910099192 2.727808045837907 0
1129 -0.886879056983376 3.096657099500092 0
1130 1.621517142238968 2.144026728099286 0
1131 1.93926462862476 1.634568340023364 0
1132 -1.713636960983302 3.082979486613039 0
1133 1.111985745842612 1.551369784441581 0
1134 1.115143523322188 1.506773637951074 0
1135 1.113695939092936 1.597449725169141 0
1136 -0.04244236184327424 1.443889812052405 0
1137 0.03936787607363636 1.390848852199144 0
1138 -1.93485630619503 1.662939713281486 0
1139 -0.4476831000849067 0.40898613820277 0
1140 -0.3635657383693641 0.4582864359041459 0
1141 -0.3642023634808704 0.5557843581031907 0
1142 -0.2794483753768285 0.5075867319026224 0
1143 -0.2788117509261283 0.4100888105846274 0
1144 -0.1946943866474775 0.4593891048661123 0
1145 -1.833989316671688 1.984852410794065 0
1146 1.716682564647667 2.220559364754892 0
1147 -1.123168572820709 0.4045675501171284 0
1148 -0.5337103327606979 0.6521796012447836 0
1149 1.061242097079882 2.042919352025908 0
1150 1.105956910712814 2.01593185920063 0
1151 1.150291062360051 2.038395999749575 0
1152 1.14682195583566 1.989008922977658 0
1153 1.104769412259128 1.968880047886296 0
1154 -0.3852878742631949 1.514378986293892 0
1155 -1.479355361104712 2.368975037540367 0
1156 -1.501832337818981 1.317746195398488 0
1157 -1.542620365766363 1.298373009530009 0
1158 2.446766827450324 2.952215249833658 0
1159 2.459246104544767 3.048913399151061 0
1160 1.127614628074991 3.094384522074211 0
1161 1.041278678910408 3.049082627194177 0
1162 1.972503686906316 1.247815620073491 0
1163 -1.413859224163216 1.357071322633944 0
1164 -1.292013204038642 0.4034351818389796 0
1165 -1.376775556710485 0.4516617049672764 0
1166 -1.400041645667089 2.158027569263393 0
1167 -1.487734480916637 2.184119026097893 0
1168 2.434287476180862 2.855517282638665 0
1169 -1.376037097401396 3.094732006164171 0
1170 1.622630239549319 1.359178674646686 0
1171 -1.873298276842168 1.541652782286871 0
1172 -1.865340707346892 1.495731063084745 0
1173 -1.901123657447418 1.464924033086903 0
1174 1.322745820005883 0.3708544521648796 0
1175 1.405911396335383 0.422398704333923 0
1176 1.701316702135818 1.320929002601523 0
1177 1.696426033229553 1.366813477599879 0
1178 0.7656547719012228 1.678770365821835 0
1179 -1.097231706261154 1.875480588200569 0
1180 -1.095322809876331 1.830667644636619 0
1181 -1.054485201114721 1.809132945901496 0
1182 -1.101423817243327 1.785917580492092 0
1183 -1.055328206925602 1.764385763474821 0
1184 -1.092975562228535 1.740997149478428 0
1185 -1.053311712402067 1.72017863493149 0
1186 -1.090679915020143 1.696762987623964 0
1187 -1.538568971659443 1.343197417847973 0
1188 -1.578504451458043 1.324676261992616 0
1189 -1.571647474750334 1.366836531066028 0
1190 -1.611905809789327 1.350232086355164 0
1191 1.771440866815326 2.110302381241803 0
1192 1.760543648201766 2.067631048557548 0
1193 2.381742768061606 3.10806984602387 0
1194 0.9136623940870946 1.305724362516763 0
1195 1.270808540492156 2.525909797635708 0
1196 1.658337605916981 2.344968297177675 0
1197 0.96545453494855 2.236474215392206 0
1198 1.142693008842739 1.943699888018703 0
1199 1.104262793592085 1.92390552869433 0
1200 -1.80239358507749 2.159715836605752 0
1201 0.8005042137743344 0.8515727813611087 0
1202 1.150484624869668 0.4623596895998454 0
1203 -2.097679083780144 1.478391169155903 0
1204 -2.088490265750021 1.416654643982693 0
1205 -1.968542141055924 3.122740853546324 0
1206 -2.267052457461107 2.29047863885799 0
1207 -2.275756348473468 2.379197738254606 0
1208 -2.261987864345596 2.205942942464977 0
1209 -2.184824786064614 2.427352197940956 0
1210 -2.282912644285442 2.473788270359432 0
1211 -2.467955444728255 2.90994919908094 0
1212 -1.618417332562491 1.306830131963285 0
1213 0.7778687326791245 2.624862153545058 0
1214 -1.290356235948448 3.048193347819218 0
1215 -1.290316551364395 2.951735545130662 0
1216 0.2655771091822936 2.456382451071399 0
1217 0.1784251858745036 2.411774672080176 0
1218 0.2609370580552692 2.359032680531875 0
1219 0.174068048129175 2.314036236851748 0
1220 0.2559168125897678 2.262673202025594 0
1221 0.09043625566155203 2.366043039219517 0
1222 -0.7463221439333318 2.059982950980742 0
1223 -1.694857144542866 2.276187979599728 0
1224 1.546985672888924 3.029544288766574 0
1225 -0.9319424233172382 2.171248454904276 0
1226 1.382707913537592 3.132853789930876 0
1227 0.6722338519012803 2.114791751805967 0
1228 0.597432788378111 2.15968007734071 0
1229 0.591756732555651 2.071168741713229 0
1230 0.5138849885813186 2.117261621078611 0
1231 0.5082014075397832 2.026133920794961 0
1232 0.7645963350538432 1.610715173112115 0
1233 1.427757968665349 2.359595859408953 0
1234 -1.461977482313247 3.140441710221103 0
1235 1.551361702966812 3.12616659636688 0
1236 1.152026808358635 1.529084250083311 0
1237 1.153997013578359 1.487985192562589 0
1238 1.118251149726855 1.461445302612999 0
1239 1.18666678496395 2.009341252445433 0
1240 -0.6184643204768958 0.7003772269208641 0
1241 -0.8695424229613359 0.3574795126239869 0
1242 -2.040860813986582 2.778718766755278 0
1243 -0.968843785332123 3.149346968921997 0
1244 0.4282031935509738 2.073340159083816 0
1245 -1.945854180854941 0.9787714544265683 0
1246 -1.873425728776775 0.9343592739324849 0
1247 -1.950131815543922 0.8924613040434555 0
1248 -1.875106797176737 0.8435403400273929 0
1249 -1.654512331281983 1.332808867132655 0
1250 -1.648223631305129 1.383195879306005 0
1251 -0.534346968309023 0.7496775373842242 0
1252 -0.2800850002762544 0.6050846538196561 0
1253 -0.6319877287874285 3.133361524435155 0
1254 -0.2752822852979838 1.801657441844795 0
1255 -0.3570252673038928 1.854802057287121 0
1256 -1.422574903940804 1.213723874782242 0
1257 -1.377720733312837 1.37768363985744 0
1258 -0.9428416230168246 2.238829226534247 0
1259 0.8264287244862099 1.583187961306755 0
1260 1.503819062809612 1.120207871314371 0
1261 1.153899631934381 0.3649180567416157 0
1262 1.067789575986367 0.410671341773124 0
1263 -0.531800465209936 0.3596858450475806 0
1264 -1.722877411116372 2.064873632907814 0
1265 2.471725446476399 3.14561138710828 0
1266 1.401774907567743 1.405049965611614 0
1267 -0.1940577620925916 0.3618911834087934 0
1268 -0.1099403975827768 0.4111914773800436 0
1269 -1.856338945772605 1.449931331154747 0
1270 -1.822516826656258 1.480037136526748 0
1271 1.4088618160063 0.3250733690035177 0
1272 1.491420300633269 0.3767814338296844 0
1273 -1.29391291014048 3.147398422031566 0
1274 1.131066029113178 1.019558982358842 0
1275 1.190613582300184 1.510919825609377 0
1276 -1.376163951151604 0.3541880274637219 0
1277 -1.460917806827214 0.4024016545003453 0
1278 -1.461545372079773 0.4999008837276002 0
1279 -1.545673088764511 0.4506176382751479 0
1280 -1.546406241327021 0.5490936685194321 0
1281 -1.630439939221387 0.4989868321740549 0
1282 -1.63091672529992 0.6002353147878394 0
1283 -1.715154615244825 0.5480785027480106 0
1284 -1.714544721788095 0.4497339422742237 0
1285 2.037000604205791 1.264730030219309 0
1286 2.018843928053054 1.197960741976066 0
1287 -1.79929091655979 0.4979466135318287 0
1288 2.046761893719983 3.151306943972523 0
1289 2.162197294612112 2.741559613432865 0
1290 2.241842961761223 2.683735751674406 0
1291 1.719643195093457 2.055270996319143 0
1292 -1.545045283277768 0.3531180199520763 0
1293 -1.052172604755609 1.676082372330362 0
1294 -1.089896896128408 1.653924667576769 0
1295 1.782561209991558 2.155580228120997 0
1296 -2.46450794448277 2.812510168102739 0
1297 2.012953440730425 2.523513509943873 0
1298 1.072096580693017 1.948149974088365 0
1299 1.045214988513037 3.146506298056526 0
1300 0.9588776230118039 3.101198774439875 0
1301 0.9549435564356524 3.003777630232618 0
1302 0.8725416064636723 3.055894332883144 0
1303 0.8686079026405169 2.958473770311622 0
1304 0.7862060241074179 3.010590734177075 0
1305 0.7901397394725541 3.108011338899621 0
1306 0.7038041551843622 3.06270773317342 0
1307 0.6998704375754704 2.965287120256004 0
1308 0.6174685701246574 3.017404124639973 0
1309 0.6214022878682222 3.114824738017151 0
1310 0.5350667031405384 3.069521130691935 0
1311 0.5311329854507834 2.972100517509632 0
1312 0.4487311184576953 3.024217523529116 0
1313 0.4526648361348947 3.121638136665948 0
1314 0.3654085637126008 3.074878835988317 0
1315 0.3622420858242563 2.978671300802147 0
1316 0.2798146441694469 3.030747870882363 0
1317 0.2828234116564004 3.126706051155189 0
1318 0.197377967221024 3.082809839098869 0
1319 -1.127550160863866 1.759841516976628 0
1320 2.145107017648021 2.046633385120101 0
1321 2.195246089064563 2.000350294717536 0
1322 2.211640576477597 2.069863594111741 0
1323 2.266199132905124 2.019836093015404 0
1324 2.280717534751362 2.090469797202874 0
1325 2.243153631376047 1.949080100272586 0
1326 -1.869923342172112 1.959241775735979 0
1327 -1.829806999987496 1.942602024664455 0
1328 -1.893431785502766 1.417893929429846 0
1329 -2.032986038217614 1.394800108627597 0
1330 -2.078658392790882 1.353378005471032 0
1331 -2.142589929116844 1.375113877284328 0
1332 1.14046024489798 1.901122534164367 0
1333 1.103254620480558 1.881153465829646 0
1334 1.18502737406851 1.921688794605309 0
1335 -1.470239657252518 1.190316142061612 0
1336 1.751303788464707 2.027018008376455 0
1337 1.79074158268006 2.038661260440756 0
1338 1.781237959258973 1.999021508916974 0
1339 1.823378850314387 2.00931410423823 0
1340 1.811231725490006 1.970609146331271 0
1341 -0.2781751266780356 0.3125908895382692 0
1342 -1.409761603507695 1.398661804094639 0
1343 -1.812868776135178 1.435949327529587 0
1344 -1.780545541128892 1.465100334845342 0
1345 -1.770936364874452 1.422101133923753 0
1346 -1.740009437620131 1.450991999656853 0
1347 1.138269447778123 1.859307609624163 0
1348 1.101873769216777 1.839781008219442 0
1349 1.136170101138658 1.818207238439118 0
1350 1.100730953319285 1.799147427618647 0
1351 1.134473033769918 1.777775023630297 0
1352 1.099112905660319 1.758719545529182 0
1353 -1.798995568781938 0.5979472506460741 0
1354 1.694059598834516 1.070514115422741 0
1355 -1.863083979023114 1.916498404300856 0
1356 1.190852220214385 1.466026260551728 0
1357 -0.04747202587257675 1.346519597256054 0
1358 0.03433819065240765 1.293478678824909 0
1359 -0.1277428815250556 1.399481031281742 0
1360 2.136750917534225 3.188844214431969 0
1361 1.452971330704089 1.086566900040033 0
1362 1.39730513334343 1.1172705222638 0
1363 1.849857395300219 1.980354568558306 0
1364 1.839052757863699 1.941322505866653 0
1365 0.1688144961953043 2.216357236399889 0
1366 -1.518335149022095 2.332119867425162 0
1367 -1.649715662092868 2.305824516415641 0
1368 0.758192587564712 1.861863179764913 0
1369 0.696843925159339 1.899443404998212 0
1370 -0.7368888161392955 1.914618541342827 0
1371 -0.6710761450233416 1.954716527831314 0
1372 -2.196051366733902 2.530561054792597 0
1373 -2.29058905295 2.566077263210473 0
1374 1.132864330430065 1.737105313774466 0
1375 -0.1955812937517507 1.745363271724525 0
1376 -0.109303772971448 0.3136935558486469 0
1377 -0.0251864084137328 0.3629938497558449 0
1378 -0.02582303305119455 0.4604917713218708 0
1379 0.05893095614918345 0.4122941436560821 0
1380 -0.5637766177004021 2.788501412920122 0
1381 -2.369124202743896 2.424384881621107 0
1382 0.6937945251066725 1.822973724155514 0
1383 0.6278833302829652 1.861386564141361 0
1384 0.6259540942576316 1.775167121540596 0
1385 0.5495855526494867 1.822069232791765 0
1386 -1.37294269701964 2.32701231748568 0
1387 -1.379727695865811 2.385877323906691 0
1388 -1.322179536882848 2.362319014564468 0
1389 -1.738783654809413 2.246740696790588 0
1390 -1.607557079703893 2.181009302979107 0
1391 -1.605479209533928 2.137248784720698 0
1392 -1.798666464298856 0.4003086131294566 0
1393 -1.885881122672818 3.174445976864737 0
1394 -0.8825526536047217 3.194037839649375 0
1395 -0.5453400895886509 3.178065400531031 0
1396 0.9628120787459583 3.19862434347551 0
1397 2.518470411899176 2.893807262125435 0
1398 1.538753821270994 2.932418980740512 0
1399 1.071210657178136 0.3132309237182755 0
1400 0.9851102109969654 0.358984917050869 0
1401 0.05956758078316086 0.3147962220947325 0
1402 0.1436849453535004 0.3640965159851031 0
1403 0.143048320718108 0.4615944375483232 0
1404 0.2278023099247445 0.4133968098742713 0
1405 -0.7847891905115889 0.309282891646417 0
1406 -1.012037200674299 2.26058639481641 0
1407 -1.879669636518831 1.586082749683458 0
1408 -1.839865951140699 1.569488589430886 0
1409 -1.844613443812823 1.609252667472773 0
1410 1.633234474074854 3.075024324490539 0
1411 1.637676673690554 3.171512942355242 0
1412 2.317285590330787 1.96174146683261 0
1413 0.2284389345597649 0.315898888311545 0
1414 0.312556299131666 0.365199182199841 0
1415 -1.291417340512417 0.3059858943297622 0
1416 0.2013058832410932 3.180221279276117 0
1417 0.115117688330481 3.135150709163767 0
1418 -1.689536009771276 1.359040711352366 0
1419 -2.339715656742557 2.2388262519664 0
1420 2.39422206917408 3.204767841887532 0
1421 -0.5503297649930857 1.614673232322468 0
1422 -1.748798325273522 1.491709005388974 0
1423 -1.050469346009164 3.10251884376946 0
1424 0.2879179372905622 3.218926484193125 0
1425 -2.13912771809775 2.059175496583992 0
1426 -2.193517310315062 2.018434819264253 0
1427 -2.015660717592232 1.02394224900185 0
1428 -2.004330091597541 1.112928280184805 0
1429 1.13156292973625 3.191814759039669 0
1430 1.613654461850267 2.384532531330528 0
1431 0.3131929237667339 0.2677012606370517 0
1432 0.3973102883387515 0.3170015545251914 0
1433 -1.498577314078624 1.360520577082439 0
1434 -1.101408570472059 1.921130392592185 0
1435 -1.136536131883932 1.895344167999961 0
1436 -1.140570665519064 1.93761436821305 0
1437 -1.173300164003812 1.914009622523226 0
1438 -1.177306002853915 1.954699031417699 0
1439 2.549228793906295 3.086454913823741 0
1440 2.561708106265028 3.18315297514305 0
1441 -0.668517883496068 1.87682797226865 0
1442 -0.5980061853267278 1.918502157311815 0
1443 -0.6061050665174806 1.835669491452589 0
1444 1.739486713454609 1.348276273035341 0
1445 1.733277175534179 1.393336166871111 0
1446 1.745010005639809 1.30048079403661 0
1447 1.693226850847621 1.410886804614663 0
1448 1.727776117354914 1.435814655630967 0
1449 -2.340560595236632 2.154853908974527 0
1450 -1.796729659656137 1.96699818881603 0
1451 -1.792569670372497 1.925904903330877 0
1452 -1.011975220445138 1.699281285628647 0
1453 1.064829446992735 1.861320506940885 0
1454 -1.533206389367902 2.38843410577485 0
1455 -1.125361681193074 1.674221910714256 0
1456 -1.12661105612071 1.632532398909592 0
1457 -0.9514115996591664 2.309316747832016 0
1458 0.4252316982184823 1.966203915222832 0
1459 0.342712190898493 2.026337705752159 0
1460 1.837754222518982 2.050389289851807 0
1461 -2.085200748318981 1.070896099492879 0
1462 -2.080244955943861 1.154575989387606 0
1463 1.380054285539505 2.396394230787262 0
1464 -1.54613296574373 1.252064553834009 0
1465 1.192279002117197 2.053693089820061 0
1466 1.225985018498957 2.027239774916883 0
1467 1.800226695511618 1.933607270206455 0
1468 1.829749026845232 1.904411639351196 0
1469 1.713402701480665 2.014979896990963 0
1470 1.297730687402902 1.49996337726357 0
1471 1.188588367431314 1.549405805887229 0
1472 -1.744067853005029 2.301987333776722 0
1473 -1.883888188928946 0.5464309743363647 0
1474 1.223566263887734 0.9007132128481503 0
1475 -1.9568445431149 0.7981075711745726 0
1476 2.134790739106763 1.830830145934256 0
1477 2.179366658242397 1.789778177896394 0
1478 2.163677399641538 1.730195827919555 0
1479 2.227248589401261 1.745995947840941 0
1480 2.207440170803629 1.683550277706513 0
1481 1.15730817636736 0.2674767432645364 0
1482 -1.050389958263884 3.201667004246717 0
1483 -1.971989869809935 3.220180027778317 0
1484 2.51082424074156 2.796485447690182 0
1485 1.222538415471534 1.986421037782611 0
1486 -2.12778426729435 1.294267127968191 0
1487 -0.7806113201323411 1.39709717590482 0
1488 -0.4685391816108615 1.662602047455305 0
1489 1.672722017201256 2.405722453405104 0
1490 1.690697085456619 1.45307806696522 0
1491 1.722528028454456 1.474462086505761 0
1492 1.759670092431916 1.460457191579223 0
1493 1.75244157648241 1.501020586181284 0
1494 1.791521729742664 1.484806667376274 0
1495 1.787710828511352 1.522679417459955 0
1496 1.657894096609334 1.43052840490059 0
1497 -1.089675219586534 1.611160194186349 0
1498 -1.127178799170139 1.590948881764423 0
1499 -1.162345735449112 1.611715484332332 0
1500 -1.163431380916269 1.571707978108001 0
1501 -1.197180698619769 1.592421053321411 0
1502 -1.198545906285888 1.553033309727902 0
1503 -1.786045224796506 2.84183403996329 0
1504 -1.010748739687635 1.652184805329684 0
1505 -1.462623045423579 0.59956128717585 0
1506 1.869085837996851 1.91288909152368 0
1507 1.858333488910829 1.875513548561657 0
1508 1.717086486575577 3.119510444759467 0
1509 1.723600817012811 3.216676134660085 0
1510 1.799191367661692 3.152207222771035 0
1511 1.555382826159364 3.223460371241949 0
1512 1.449073129084677 1.352927904352204 0
1513 1.94920278984698 1.183318576357334 0
1514 1.992981121472427 1.128042675609131 0
1515 2.075515969170613 1.141879754432642 0
1516 2.049552490979637 1.067340700787212 0
1517 -0.8689064303666794 0.2599824317091426 0
1518 1.097579781371395 1.718525392314605 0
1519 1.131363101492433 1.696729247931859 0
1520 1.062378056699659 1.739994406125161 0
1521 0.7016301716101612 1.646684651478331 0
1522 0.4277325731124618 2.166424609973611 0
1523 1.494864640828713 0.2793379778903247 0
1524 1.577521482796666 0.331027330418177 0
1525 1.57419537387372 0.4283047413546113 0
1526 1.660208599244461 0.382686985076353 0
1527 1.656785687077657 0.4801223546562623 0
1528 1.742869968088904 0.4343907410704388 0
1529 1.739442764644999 0.5318334608578659 0
1530 1.746292995285073 0.336954574884746 0
1531 1.825538173050124 0.4860840960883845 0
1532 1.82211210895894 0.5835250823798177 0
1533 1.509954335223737 1.057312534200879 0
1534 -1.015047309151248 1.786849088888206 0
1535 -1.298700505902686 2.75645010952829 0
1536 -1.660679302356527 1.286823707894472 0
1537 1.736013972761945 0.6292787741876213 0
1538 1.818685851872848 0.680966383020658 0
1539 -0.6273785999674928 3.230752520243391 0
1540 1.908209561821865 0.5377724701637681 0
1541 1.063631331232336 0.5080363135996864 0
1542 0.8973937706808658 0.983922240693525 0
1543 -0.9603815702383287 1.681092997277394 0
1544 -0.2970637558525819 1.700191205667254 0
1545 1.398455039452176 1.052110657941673 0
1546 1.339523106166906 1.085197338550777 0
1547 -0.462473793153558 0.9874980770953259 0
1548 0.1211780795291988 1.337807944226256 0
1549 0.1161484026671275 1.240437763918364 0
1550 -0.9536603992448059 0.3081800376768571 0
1551 0.2029886635978219 1.284767602994584 0
1552 0.1979586790242556 1.187396942843816 0
1553 0.2847989498491141 1.231726798164668 0
1554 0.2798087561288576 1.134278014255982 0
1555 0.1929754477886918 1.08993564845479 0
1556 0.3666087196181392 1.178685196094858 0
1557 1.990236383478114 2.766706676490377 0
1558 0.3147810480923404 1.81931177824623 0
1559 -0.2033328519547994 1.647418650223021 0
1560 -1.290956827619382 0.5973168678802914 0
1561 -2.05465076196238 3.168474873201559 0
1562 2.331825335245464 2.721278013992926 0
1563 2.319346247903572 2.624579421505258 0
1564 2.218787907871112 2.572802470055781 0
1565 2.306866982319776 2.527881246605318 0
1566 2.396849616669652 2.565422900629267 0
1567 2.38437031248139 2.468724815378662 0
1568 2.299294522515498 2.430549926222153 0
1569 2.372587070568065 2.372212997575937 0
1570 -0.4633015773832861 3.125378281543989 0
1571 -0.4586924474756302 3.222769277800762 0
1572 -0.3766539354679517 3.170082158735827 0
1573 -0.02729296489813323 1.736093239930883 0
1574 -1.713917774356053 0.3520340403983295 0
1575 -1.798040045229489 0.3027536391790568 0
1576 -0.4817850612851702 2.735905337843346 0
1577 -0.006334687307323702 2.125437079354164 0
1578 -0.4495929772821355 0.701479907281815 0
1579 -2.378399518272645 2.766776275464383 0
1580 -2.461060444220068 2.715071137186858 0
1581 -0.3537743494104198 1.948812820547772 0
1582 -0.4470464805573457 0.3114882234584608 0
1583 0.7015057668928029 1.571368207737436 0
1584 -2.550063404138663 2.858263625289422 0
1585 -2.553971709898281 2.955686352378436 0
1586 2.28385960040909 2.334599051083354 0
1587 2.359305015168015 2.276739291411675 0
1588 -0.8713687121160865 0.6498268330750296 0
1589 -0.9827495745174113 2.755964567206763 0
1590 1.895079545090218 1.883856789560107 0
1591 1.884538560058376 1.844366861152078 0
1592 1.682196961222345 2.040749335845669 0
1593 -0.7372225450858088 2.699366767513801 0
1594 1.438338555872143 2.419138824990809 0
1595 -1.87552954848673 2.250819316458677 0
1596 -1.170345563272369 1.872639360587813 0
1597 0.9508928945837818 2.906579850315517 0
1598 0.8645375125379215 2.861313623380505 0
1599 -1.713561233237201 0.2553517138262644 0
1600 -1.3271090476788 2.433957758350008 0
1601 -1.270044142954378 2.400422021432687 0
1602 -1.490211664764354 2.429975442623137 0
1603 -0.5315363296032194 0.2589471701499981 0
1604 -0.8752024275962277 2.055458703208334 0
1605 -0.3814772816775345 1.422222776905024 0
1606 -2.200079429069929 1.329488498910643 0
1607 -2.020438223558079 2.463751382244086 0
1608 -2.027383362759299 2.549506200825142 0
1609 -1.953838970466331 2.597770946178582 0
1610 -0.05250169963978313 1.249149414781743 0
1611 1.027481137736111 2.263331615836834 0
1612 0.9764655093292266 2.310847900950579 0
1613 2.243984571991927 1.820752410361691 0
1614 0.1186514408691556 3.231938939965576 0
1615 0.03269732345681273 3.187238468298151 0
1616 0.02884444853576486 3.089945675125636 0
1617 -0.05356429252694653 3.142051812593664 0
1618 0.3966736637036201 0.414499476088066 0
1619 0.4818063284353877 0.3656557429919138 0
1620 -0.3720448077603181 3.26747315409804 0
1621 -0.2929540779485476 3.213074929417408 0
1622 1.32609992094298 0.2734069207261141 0
1623 -1.145436589296649 1.978267925594219 0
1624 1.165872150466883 1.754723130769868 0
1625 0.988532611455385 0.2615448962040119 0
1626 0.9044109280701275 0.3041388870570314 0
1627 0.8974621948077437 0.4058549632328377 0
1628 0.8153931678246497 0.3538460939352268 0
1629 0.8219095096728257 0.2520585861096047 0
1630 0.7336641575745451 0.3013672670051635 0
1631 0.7304821288534076 0.4016680083949158 0
1632 -1.376942377167078 1.418132327098551 0
1633 -1.342732232597273 1.398431313316342 0
1634 -1.342518613826986 1.437404687049309 0
1635 -1.808422031472677 1.595730795929973 0
1636 -1.802548911068524 1.555753872536039 0
1637 -1.813990834622061 1.635184951056386 0
1638 -1.849937900851743 1.650479847738702 0
1639 -0.6188518874725704 0.797450196433052 0
1640 -0.7031768083468946 0.7485040403006122 0
1641 -1.710488790497674 1.476843659814195 0
1642 -1.701183878155531 1.439397734866872 0
1643 -1.905414492579765 1.930233390458401 0
1644 -0.8810497936261239 2.217021096749703 0
1645 -2.011179400441909 1.331168389273676 0
1646 -1.203423823738296 1.888645554449012 0
1647 1.225656226058682 1.5333385764626 0
1648 0.4821273901333206 0.2686962426135733 0
1649 1.259004340912677 2.003344272398596 0
1650 1.261263361686463 2.043825925300935 0
1651 1.295094359626634 2.018773427533907 0
1652 1.298040255968991 2.059092203152269 0
1653 0.3628939257728871 1.083180337110172 0
1654 0.4487650956924805 1.125979988976596 0
1655 1.044113403355619 2.333178304179094 0
1656 1.558833875245177 1.102162379939416 0
1657 1.824003928054174 1.508638974635493 0
1658 1.818643239559599 1.548132235703021 0
1659 1.827280487203621 1.464147235681974 0
1660 -0.4527456651677513 0.7989638099673555 0
1661 -0.3668676837010712 0.750265985689027 0
1662 1.479409427468273 2.379964861363584 0
1663 -1.204713342188056 3.001746244706992 0
1664 -1.204214050289883 2.904624664365639 0
1665 0.5473492797118286 1.73545898148428 0
1666 1.790272131156464 1.892750073544925 0
1667 2.130277907775309 1.087464735906668 0
1668 1.332180867202005 2.032568390181573 0
1669 1.336423992884653 2.072293832128883 0
1670 0.2258525163845647 0.5107121749930139 0
1671 0.1425332703492774 0.5584810732513694 0
1672 -1.569118033010124 2.159302046339041 0
1673 -1.568178190555277 2.117610288834246 0
1674 -1.599382990171303 2.094981408565886 0
1675 -2.650574452685543 2.908040664333118 0
1676 -2.18366098516332 1.949580228526604 0
1677 -2.250583657247971 1.975120476936533 0
1678 -2.240221996933177 1.901210680620499 0
1679 -2.311024836172324 1.928622212001224 0
1680 -1.797219384133742 0.890741115733819 0
1681 -1.796292954129507 0.7969820496629643 0
1682 1.841267061933973 1.838427709370654 0
1683 1.871551484620035 1.807065445960422 0
1684 0.2772559523295192 2.933960794915054 0
1685 0.3584618161030356 2.881493303248952 0
1686 -0.2974242688379072 1.471596562345034 0
1687 -0.2964312416123713 1.384590797468407 0
1688 0.3432561639635728 2.306334104693368 0
1689 1.339974731894568 1.148875764998794 0
1690 1.816494280370234 2.123757982197356 0
1691 1.828974131894712 2.170279605005609 0
1692 1.697757951311831 2.305934515572059 0
1693 -0.05493570947265489 3.045950837226326 0
1694 -2.29757220311541 1.852877702305904 0
1695 -2.227964278004403 1.826431056728307 0
1696 -2.283955409423144 1.778104593386819 0
1697 -2.20261012561151 1.753407644308117 0
1698 1.668372682608114 2.807350132021456 0
1699 -1.092500565676256 1.569659223931755 0
1700 1.835443109650542 1.797206979948176 0
1701 1.86072640698253 1.768985584351937 0
1702 1.827045681030486 1.759675484238952 0
1703 1.850391728396016 1.731162027074457 0
1704 -0.04809818265148218 3.236565986017329 0
1705 -1.424929507778243 1.160055567577442 0
1706 1.34085936292235 1.017082136058465 0
1707 1.279031493803907 1.051363656956721 0
1708 -1.563139592815621 2.07647163142444 0
1709 -1.539339258458166 2.097783600293042 0
1710 2.029384005894853 2.612093589451456 0
1711 2.638457334079038 3.125804033422003 0
1712 2.65156507096489 3.220995839849104 0
1713 -1.913021613173866 1.197062145151329 0
1714 -1.961547496107483 1.228780890590595 0
1715 1.921142206608564 2.022567416321998 0
1716 1.912640248247305 1.813689638177777 0
1717 -0.6007293353458989 2.00617982440012 0
1718 -1.715282646051259 1.518511069680316 0
1719 2.293247591946272 1.762334328794868 0
1720 -1.374587152000191 0.2583859017662662 0
1721 1.783916419903371 1.557822272683976 0
1722 1.813442485023763 1.586420156802612 0
1723 -0.1369893605921237 3.102231183351274 0
1724 -1.905117766736302 1.324714879522745 0
1725 2.06019009907657 3.245741328392237 0
1726 2.147224232560045 3.278405339327335 0
1727 -1.566357507718644 2.207507482234893 0
1728 -1.940474994850483 1.429966734812032 0
1729 2.623075896120985 3.017519628918206 0
1730 1.686606598488108 1.49286853713403 0
1731 -0.5224750535761286 1.964930467885107 0
1732 -2.267656927144832 1.705367127392158 0
1733 -2.200660333598004 1.679979979579582 0
1734 -2.255917815317206 1.633167151505786 0
1735 -2.189121075390217 1.613270218159228 0
1736 -2.24026135327733 1.565710004204981 0
1737 -1.261520604848751 2.336163587934918 0
1738 -1.209515826489571 2.374360920752665 0
1739 -1.200453898451628 2.309731176449273 0
1740 1.971967886428473 3.209855986933046 0
1741 -2.322089774270101 2.003985615536069 0
1742 -2.387846514693044 1.956570105161467 0
1743 -1.377177971754865 1.184414541150048 0
1744 -1.37659961392891 1.127792843230169 0
1745 -1.323271803364433 1.155341786587914 0
1746 -1.32500074734568 1.092458232169315 0
1747 -1.267630817047438 1.122657865475627 0
1748 -1.269769650783445 1.055072825646318 0
1749 -1.209254154779294 1.087457620830768 0
1750 -1.206260145100583 1.15568873214078 0
1751 -1.148722300715809 1.120536618473072 0
1752 -1.145963596478929 1.189122651847164 0
1753 -1.08850698641045 1.153792186503078 0
1754 -1.086165156526102 1.220539557557389 0
1755 -1.02806011374873 1.186892744484346 0
1756 -1.025248082046912 1.252234686057182 0
1757 -0.9671792591313124 1.221376992806832 0
1758 -1.883225406923279 0.6454546154311958 0
1759 1.813736724878277 3.244442229704402 0
1760 1.098203839950917 1.677957129795545 0
1761 -0.002204329057348432 2.222851375162861 0
1762 -0.08401421849007117 2.275892792745861 0
1763 2.054611335047663 1.329788344149241 0
1764 2.104834905144381 1.282031055496026 0
1765 2.124109784987018 1.352438426454808 0
1766 2.17514177568024 1.301291721567933 0
1767 2.194506698265215 1.374021295924891 0
1768 2.13048638349575 1.427160662365258 0
1769 -1.549481956967715 2.451756161100832 0
1770 1.570667680829306 0.5259075641162894 0
1771 1.735260541588711 3.322371547411614 0
1772 -0.7038549467256483 0.8460727927296396 0
1773 1.264095708422434 1.480733362132494 0
1774 1.264990424899721 1.441712374935971 0
1775 -0.568361029296518 2.691176246226882 0
1776 -0.4865754236388717 2.638548889924187 0
1777 -1.411787739568751 1.437807617079656 0
1778 -1.445668876343901 1.411988950532192 0
1779 -0.7140262387113534 3.186048644333423 0
1780 2.226400890022008 3.22519418906182 0
1781 -0.6159799150024421 0.3098454294295236 0
1782 -0.2956484854929108 3.117363642442801 0
1783 0.5665513685850914 0.3163304815325672 0
1784 0.5656451284698547 0.4077143504040013 0
1785 -1.165721881431706 1.532287536210782 0
1786 -1.200591239515361 1.51398049465705 0
1787 -1.4754004103618 1.134521498511556 0
1788 -1.523648711483069 1.168607801300147 0
1789 1.784205872704507 1.331611373133473 0
1790 -0.9671815405002407 1.62510208113509 0
1791 1.291940501011612 1.241988867725384 0
1792 -2.108038495451983 1.536559908640957 0
1793 -1.149807429250292 2.347258951095682 0
1794 -1.394111603182449 2.462661309162827 0
1795 2.459301069221898 2.409973857631937 0
1796 0.9086031498961096 2.282755203762502 0
1797 -1.60356201268066 2.278109393911202 0
1798 1.321756000378751 2.372226886240026 0
1799 0.02738461049942542 2.994856380166702 0
1800 -1.622789289111553 1.258800157473548 0
1801 0.2545991444627533 2.167851134238611 0
1802 0.1675721434807713 2.119857545692484 0
1803 1.777020583887304 1.602169734688637 0
1804 1.807603518671808 1.62637212537005 0
1805 1.844031114753491 1.61122122096971 0
1806 1.83922380377027 1.64986954198309 0
1807 1.886321785937359 1.739116780750043 0
1808 1.87773651939523 1.70252031765094 0
1809 0.444189631215906 1.029492928802573 0
1810 0.5304364411609486 1.072830709482828 0
1811 0.5268968991234537 0.9778332790678909 0
1812 0.6123568154472374 1.020033686959189 0
1813 0.6093568233490461 0.9258064132892243 0
1814 0.6933006728275879 0.9691476928920451 0
1815 1.800341545865223 2.203606605734399 0
1816 1.790844057637786 1.282058495175161 0
1817 1.749997483528549 1.251346361649311 0
1818 1.797638321117913 1.224938898569857 0
1819 1.751236320151252 1.191135863416237 0
1820 -1.666346861173882 1.237989602713075 0
1821 0.7029777406601476 1.977688689464169 0
1822 -1.289784416047272 0.20715498165535 0
1823 -1.207344707224372 0.2590106867565858 0
1824 -1.379824178115364 2.803553863635334 0
1825 0.4685166796312708 1.792120903588658 0
1826 2.207522547078165 1.447642755684877 0
1827 2.155693953026725 1.497239203570895 0
1828 2.224004659314294 1.519049657132021 0
1829 2.173229005382046 1.564089220663954 0
1830 1.582778738052243 0.2370337289504167 0
1831 -1.802990749749237 1.392199362815162 0
1832 -1.757887620803709 1.37593031738343 0
1833 2.272046593132689 2.231587720906614 0
1834 -2.211593934321523 1.405101611976221 0
1835 0.5668182667530363 0.2206062991757345 0
1836 -2.156379546672006 1.502012878673239 0
1837 -1.232707746911711 1.533428726943293 0
1838 -1.235614290253694 1.4955910609972 0
1839 -1.19981032933989 1.474041941087775 0
1840 -1.268368578837443 1.515720675488709 0
1841 -1.271494639354583 1.477109779796841 0
1842 -1.30328245177684 1.497224077860086 0
1843 0.2234913846538807 0.6058858631090829 0
1844 -1.132401487240761 3.153455371277927 0
1845 -1.134365286968284 3.249750545788429 0
1846 1.704742630865659 3.016625860138494 0
1847 -2.197961996655642 2.092426117158486 0
1848 -2.05608480086806 3.262694971894345 0
1849 -2.140423634338264 3.213672303249046 0
1850 1.497026402218126 2.438060968662763 0
1851 1.864935592351895 2.137930200781839 0
1852 -0.9659435360506876 1.285807633305097 0
1853 -0.9045875476848809 1.255534183314521 0
1854 -1.895317610095817 1.889244025165782 0
1855 -1.856989645584586 1.875012010736293 0
1856 -1.888087907867766 1.848836393300445 0
1857 -1.850983704474881 1.8344744811284 0
1858 -1.881944368971152 1.80888023736062 0
1859 -1.844802101507996 1.79519298708533 0
1860 -1.875084082377649 1.769902071675029 0
1861 -1.840292088235473 1.756049309299139 0
1862 -1.868574826323171 1.729530029939684 0
1863 -1.920294084200045 1.822483026430884 0
1864 -1.807757757815933 1.775831470969419 0
1865 0.2748589907369886 2.839688150798306 0
1866 -1.197646020612375 1.630410954537638 0
1867 -1.309333525058256 1.418463957691059 0
1868 -1.056622599742748 3.290392494048576 0
1869 -1.78045396596774 1.621290119289245 0
1870 2.31770969050144 1.834593607245716 0
1871 -1.140493977334273 2.285514142577315 0
1872 -1.09640492303029 2.317872618657304 0
1873 -2.204049600747134 2.613922485951214 0
1874 0.9156700738681153 2.353667615410476 0
1875 1.68025621613262 2.00087523417057 0
1876 -1.183308283653296 1.994259337164807 0
1877 -1.213435977168424 1.973048069624576 0
1878 -1.22030346244563 2.009851342326871 0
1879 -1.249643034256085 1.989112874983391 0
1880 -1.256663567622305 2.025319325562889 0
1881 -1.28577543014701 2.004268355841794 0
1882 -1.292961019605285 2.039981668142127 0
1883 -1.322694923299671 2.017303161228299 0
1884 -1.32896756166025 2.05552622476303 0
1885 -1.221035483730657 2.046462369380076 0
1886 1.170334417539843 1.838994182782689 0
1887 -1.891542769221568 3.267716797990506 0
1888 -1.8035873430937 3.225456527811813 0
1889 2.240281286808114 1.586864403887063 0
1890 1.132472950787434 1.657917617927245 0
1891 1.164629933573361 1.674575674848993 0
1892 1.164918670472455 1.63742875945061 0
1893 1.196953321910141 1.653726297659004 0
1894 1.193680045913987 1.618464144351594 0
1895 -2.638545481042565 3.010919633641669 0
1896 -2.557224875072939 3.054706440857944 0
1897 -2.642564139093791 3.101480065673308 0
1898 -2.560958871568832 3.150561153385665 0
1899 -2.646891354716582 3.196732387769934 0
1900 -2.565558826732294 3.245848004708679 0
1901 -2.478490022083905 3.201907595038518 0
1902 -2.487608222385539 3.291392127053037 0
1903 -2.396646159130981 3.252526116781971 0
1904 -2.65221247754418 3.294004892651548 0
1905 1.433583814136289 1.461389855325632 0
1906 -1.820873350799929 1.861697230101729 0
1907 -2.02990428739475 0.8504004753173589 0
1908 -2.40770115824111 3.348886214281586 0
1909 1.984832121023581 3.302743369424358 0
1910 -2.42816262041354 2.201405673538138 0
1911 -2.423625162037872 2.277825411118521 0
1912 -2.038550294220818 2.631626719160512 0
1913 -1.713913318395524 0.8486834005478416 0
1914 -1.713822481255133 0.7515195699961636 0
1915 -1.629215644868764 0.7981769715889824 0
1916 -1.760912974297824 1.945567653850417 0
1917 -1.763891963529851 1.988350990747163 0
1918 -1.960440212351718 2.681190750024006 0
1919 1.305589287200497 2.096175918229296 0
1920 1.342579221110511 2.110537916157343 0
1921 1.375932917681065 2.084290239622359 0
1922 1.380164896422831 2.124667391484163 0
1923 1.412294010924162 2.099632522704014 0
1924 1.419911270687334 2.140746083182278 0
1925 1.448324096708559 2.115894461968813 0
1926 1.441724575018422 2.077600207352623 0
1927 1.47798655671152 2.092523523053355 0
1928 1.484350052891029 2.130536546371525 0
1929 1.514901105278819 2.10538410327894 0
1930 1.521787310665262 2.14302887497771 0
1931 1.551232332193441 2.118296188639664 0
1932 1.544090379461599 2.078454474868761 0
1933 1.581453370287788 2.09337087965769 0
1934 1.575231260754418 2.055629263405593 0
1935 1.613402980669367 2.068695321714491 0
1936 -1.149031765138409 1.050213675233218 0
1937 0.5348535180799646 0.8852102826580421 0
1938 1.891253119698705 2.191155136986857 0
1939 -2.040298938046202 0.7557278642171603 0
1940 -2.339247657331103 1.71978406261695 0
1941 -1.604157329839088 2.330763691668956 0
1942 0.2245971830689087 0.2185508481803593 0
1943 2.605871886451248 2.839477654951208 0
1944 -1.832567575299459 1.717672799514084 0
1945 -0.549327184405213 1.704719919650656 0
1946 -0.4545317271789989 1.744019035629462 0
1947 -1.120164689451626 2.956180940950618 0
1948 -1.116462891951306 2.859255774826567 0
1949 -1.752604351337443 1.525774369460393 0
1950 1.907642208226454 0.4422515264205593 0
1951 1.982371764657949 0.4894684393200885 0
1952 -0.6242084221614828 1.657682174980185 0
1953 -1.817603812718612 3.332784104438747 0
1954 -1.722531927958625 3.279279917249155 0
1955 -0.7815749021572594 0.2163176449590045 0
1956 2.576010169660861 3.275482097685302 0
1957 -0.9530840141898415 0.2154235679661429 0
1958 -1.038255547345472 0.2604680250220803 0
1959 1.507158657765165 0.1702521087718578 0
1960 2.664955168744582 3.309491629828303 0
1961 2.1034910129236 2.552085610437656 0
1962 1.159127575746791 1.602501131659114 0
1963 1.393711598767831 2.456906047190619 0
1964 -1.230692372145688 1.612547482827414 0
1965 -1.756116008631571 1.907432286539323 0
1966 2.247346036753427 1.321535823323687 0
1967 -0.7070376601544961 3.278827649117307 0
1968 -1.798586983579852 0.2125446654991869 0
1969 -2.137444114910719 3.322396297239422 0
1970 -2.224933170369353 3.259673659455701 0
1971 -0.4495421309391455 0.2149465982354875 0
1972 1.804840626403797 1.166365981659687 0
1973 1.855774868984105 1.202269738050156 0
1974 2.209083158037942 2.396756198555526 0
1975 1.328311808815803 1.993483935630091 0
1976 1.486253069901035 2.171891130063003 0
1977 -0.6152812097014848 0.2128876356823313 0
1978 0.7627603859830981 1.790852720502862 0
1979 -1.672691219166366 1.465578277377359 0
1980 2.075269625872697 2.467068947762772 0
1981 2.157449541882804 2.115985151876507 0
1982 1.873752873408323 1.636083593106954 0
1983 1.880255124447396 1.596544326082005 0
1984 -2.126712027768038 1.655416694947697 0
1985 -1.66266901800308 1.426797891289039 0
1986 -1.633855338033172 1.457562211174875 0
1987 -1.185205191167859 2.245363369569413 0
1988 1.682765924674441 2.909390817104839 0
1989 2.144992167576983 1.67365858981469 0
1990 1.815045651224364 1.724803216883013 0
1991 -0.8676256093196706 2.140374715734764 0
1992 -0.8122244322702059 2.184105836626277 0
1993 -1.78919617583468 2.265735960197349 0
1994 -1.731834005565336 3.381934975772299 0
1995 -1.878100429876844 0.3554810898161258 0
1996 -2.140537389822982 2.117671200745426 0
1997 -2.408981981410536 2.037393543662551 0
1998 -2.273313062472353 1.355412383172859 0
1999 -2.376111858147358 2.671191479219501 0
2000 -2.459926278462503 2.621330430661507 0
2001 -2.5416310437673 2.664069985745068 0
2002 -2.547684421787078 2.574786769709961 0
2003 -2.456128646017589 2.508966828416355 0
2004 -0.9031310392182141 1.328208402865541 0
2005 -0.8423527444921275 1.291166849259394 0
2006 -1.552364233936676 1.473339798237244 0
2007 -1.537205010454302 1.438117560648641 0
2008 -1.575449523066568 1.445984328807356 0
2009 -1.499741360754041 1.437224793109734 0
2010 -1.554714804132739 2.032363601879676 0
2011 -1.639101320962873 2.000301489396195 0
2012 -1.62727978330695 2.039130612002739 0
2013 -1.659964691166678 2.030236395141042 0
2014 -1.654661173358221 2.066391690084875 0
2015 1.575267838627321 1.477757198794726 0
2016 1.599835014996217 1.453336529236312 0
2017 1.570097833157257 1.438690453157998 0
2018 1.599644619716442 1.42007081103695 0
2019 1.563954278415501 1.402098090914055 0
2020 1.533911949993646 1.424132907511874 0
2021 1.528305333395515 1.38586049012628 0
2022 1.498187589401177 1.408384920348095 0
2023 1.557782004011957 1.360812110740808 0
2024 -1.216531432900567 1.723305662055481 0
2025 -1.187692632527491 1.696569929843534 0
2026 -1.212064405841402 1.760588159891291 0
2027 -1.67235314643887 1.972419078026412 0
2028 -1.709816835510368 1.985432712819768 0
2029 1.269951822375041 1.917552029933464 0
2030 1.248781206216256 1.886041553952997 0
2031 1.231229811736466 1.920903538962234 0
2032 1.218479539842954 1.797193488492877 0
2033 1.287049630949609 1.557800914722502 0
2034 -1.46895657350996 2.029798679983372 0
2035 -1.487757708066782 2.063685974120861 0
2036 -1.448124808805412 2.063041808172852 0
2037 -1.466993437934149 2.097672783380994 0
2038 -1.430285830787421 2.097376001429113 0
2039 -1.409638734417586 2.064919392863268 0
2040 -1.451698955864416 2.130738306222585 0
2041 -1.390954754777408 2.095499282700832 0
2042 1.534669680789484 2.033850235804779 0
2043 -1.261155281187271 1.895844159596731 0
2044 1.863115341558434 1.493486628825582 0
2045 -1.469418012882335 1.468674527234171 0
2046 0.3018759498665002 0.1615107495892807 0
2047 -1.595751293991434 1.483107582060363 0
2048 1.248827597329817 1.628591722232055 0
2049 2.161009889615737 1.228137992411434 0
2050 1.446158444274471 2.032294511804362 0
2051 -1.182112234620366 1.731427792146796 0
2052 2.106193452003603 1.001540228821031 0
2053 2.023830652580866 0.9871666504303211 0
2054 -1.176178841780867 1.768495101762347 0
2055 2.874177685794836 3.381429056481848 0
2056 -2.87955459031967 3.37162857788347 0
2057 -1.986093249348612 0.6016392747295936 0
2058 -1.969993576944363 0.4964470824974634 0
2059 -1.791586785402608 2.325976647869198 0
2060 -1.743658786134726 2.358258227585658 0
2061 2.359006725796482 2.189336678912838 0
2062 2.434169721189338 2.218188737198127 0
2063 -0.6245926068128577 3.317628806132808 0
2064 -0.9744754650981235 1.727635801771375 0
2065 1.22122866792529 1.7509089735058 0
2066 -0.281268324546771 1.610422389206811 0
2067 -0.2209938180739358 1.544566697004132 0
2068 1.624506464026886 2.452465825910397 0
2069 1.950540495946331 2.224641293033903 0
2070 -2.150079680272355 1.709858325525364 0
2071 -1.051624281064258 1.589442913053667 0
2072 -2.158387586574779 1.119974217708035 0
2073 -2.16063602441616 1.027448227640368 0
2074 -2.15080117985412 1.202455316993242 0
2075 -1.65287633079627 2.363164121627182 0
2076 0.7417857921424021 0.210020308615545 0
2077 -0.4651704366733654 3.330645880913553 0
2078 -0.3600422646932753 3.362812234279514 0
2079 0.7020728708317436 0.8838970979871843 0
2080 -1.010377761914398 2.389254038760433 0
2081 -1.141215071137142 1.259822877149536 0
2082 1.31374544163319 2.132759076470579 0
2083 -1.331764616608694 1.024688076111925 0
2084 1.224878869530009 1.569005004142551 0
2085 1.914250023938737 2.148466661647837 0
2086 -1.250352123425682 1.93079210415404 0
2087 1.25869187914873 2.089842823971623 0
2088 1.213855395270607 2.117595261988938 0
2089 1.689750382425736 1.533976535941054 0
2090 -0.7364219549142219 1.848140967320512 0
2091 1.742753845532136 1.894318445610637 0
2092 -1.674438620914203 1.52843264996198 0
2093 0.5771141915338807 1.987757138077403 0
2094 -2.158081011698667 1.79967428697559 0
2095 -1.773374575711938 1.668770955200754 0
2096 2.294385920961434 1.535225847945496 0
2097 -1.919842130805058 1.611520233026738 0
2098 -1.455818040212019 1.342823118126517 0
2099 1.750669826501508 1.122414702772218 0
2100 1.694127121261922 1.140665437687655 0
2101 1.96959202034193 1.988153932477749 0
2102 1.920560083710079 1.967116834541556 0
2103 1.712010056213756 1.974812672418718 0
2104 1.556930024837263 2.15783855444467 0
2105 -1.237177572200866 1.864515575133526 0
2106 -1.624364744743803 1.422871544213208 0
2107 -1.206003511670258 2.807074533742721 0
2108 -1.31512377447649 1.956744148871393 0
2109 1.491262950189526 1.369347887539611 0
2110 1.461373311137257 1.395068837541222 0
2111 -1.880155952023713 2.642471705564108 0
2112 -1.88901213527731 2.736680190099896 0
2113 0.7068639815419623 1.730133674230324 0
2114 1.761938980758851 1.855570893825544 0
2115 1.801538867101312 1.850330280919237 0
2116 -1.488016888603717 2.131895523876315 0
2117 1.465240212312746 0.9459264472376818 0
2118 1.569548108372019 1.037276154557735 0
2119 1.94832504779902 1.877724597925164 0
2120 1.25476880250342 1.958214188423435 0
2121 -0.9015925892618554 1.684698998657497 0
2122 1.949831832403838 1.683142789898413 0
2123 -1.822957411416512 1.678513835866339 0
2124 -1.782881356602907 2.211451768305718 0
2125 -1.058852896314755 1.512285953106893 0
2126 -1.942412201656244 1.713946793523822 0
2127 -1.897165041925125 1.693721318710726 0
2128 -0.8460947270529081 1.216428135831878 0
2129 -0.7709429947293849 1.254678730571502 0
2130 1.767214939329103 1.646135847866846 0
2131 1.314349294540397 0.8580477341090975 0
2132 0.9849385737349317 1.743102880944136 0
2133 -1.213691951598128 2.440957485290382 0
2134 -1.355566047335494 1.513159134962028 0
2135 -1.928566642387623 1.37852356233493 0
2136 1.687408657219913 2.470552566856866 0
2137 1.735962538572924 2.421092772979094 0
2138 -2.626382296097508 2.611660860638531 0
2139 -0.9609764627603014 1.075367741947332 0
2140 -1.531191577944977 1.380509529717475 0
2141 0.3401317732969968 1.928880448206262 0
2142 0.2487981141990308 1.974672064093966 0
2143 1.198621187717769 2.565406953747955 0
2144 1.200973224047438 2.480807202187311 0
2145 1.129198580390574 2.518914632754501 0
2146 1.140635717601815 2.437050174441739 0
2147 1.203401698038709 2.402955927669804 0
2148 1.146947051500475 2.366019810732559 0
2149 1.222072486197944 2.333748722748759 0
2150 -1.576046265475429 1.121887178765767 0
2151 -1.123203523719214 1.717578661110492 0
2152 1.268750705156249 0.9723450700118554 0
2153 1.208398424282426 1.027046741357328 0
2154 1.215404128027043 1.090185691326877 0
2155 1.066860937777289 1.619920845415625 0
2156 1.651847737654324 2.117600075944519 0
2157 1.405309270124452 2.201440360366883 0
2158 -1.153525100885634 1.460029523292303 0
2159 -1.120002314590905 2.039073900523513 0
2160 1.915769854080823 1.115404250217997 0
2161 1.885956126965751 2.062628889140463 0
2162 -1.966918303009617 1.989716640908001 0
2163 -1.960947412927085 1.933338914174364 0
2164 -0.6267581904585902 1.56546367390752 0
2165 -0.923490626417582 2.428694096182354 0
2166 -0.8496588671025952 2.365157779589391 0
2167 1.533472856788258 1.465156036079676 0
2168 -1.42435454897781 2.026247229577919 0
2169 2.206761602707149 2.3040272111003 0
2170 -0.9619032570331096 1.851746223209775 0
2171 1.570742317060112 2.509985611265651 0
2172 -1.305188801499133 2.117761042833711 0
2173 -1.33942307165535 2.133447620722499 0
2174 -1.630701538985917 0.7029295835550027 0
2175 -1.536054040514672 0.7647745230301388 0
2176 -1.711310857412462 1.26544717981337 0
2177 -1.929091307327569 2.213250401177316 0
2178 -1.872485264577531 2.186298830248224 0
2179 -1.921028958226514 2.140096669450704 0
2180 1.974682072347921 1.782420195714492 0
2181 -2.729234497453881 3.150262000247043 0
2182 1.871703493021612 1.439213503925268 0
2183 0.936342262249061 1.960084401712567 0
2184 0.9833333692126931 1.923594942759866 0
2185 0.9854923840346713 1.97899681794608 0
2186 0.9792973278777244 1.863404409903338 0
2187 0.952144656063421 2.027305099420818 0
2188 -1.37645041273285 2.53510181723586 0
2189 1.660207213562917 1.386243367683563 0
2190 -2.074864921768964 1.233065804334152 0
2191 0.6157781296860672 1.123347750213974 0
2192 1.680627001635865 2.08380157312665 0
2193 -1.081069747815178 2.258924720413185 0
2194 -1.757314402493792 2.032110645670159 0
2195 -1.063804846935927 1.959028115749368 0
2196 0.6303000644802615 1.689189073313745 0
2197 -1.643211451059525 2.106682187954646 0
2198 -1.134673503176611 1.852909954123664 0
2199 -1.169926059989273 1.833678756282051 0
2200 -1.135892648148952 1.815057419842364 0
2201 0.8261030961677951 0.15850969987773 0
2202 0.847587836336432 1.349032678856982 0
2203 0.9171342701154446 1.379484272212321 0
2204 0.9769775773609841 1.339919244834737 0
2205 0.9807684682217055 1.406207961142765 0
2206 0.9258762779623118 1.44810000276417 0
2207 1.032516456030272 1.371530807458805 0
2208 0.9875624272630169 1.262311431924826 0
2209 1.039161304669646 1.434561388289336 0
2210 1.082764272825688 1.39487715278038 0
2211 1.038188228749817 1.31356267744947 0
2212 0.8521247516184208 1.437399938828625 0
2213 0.7761034958837219 1.47434173666325 0
2214 0.886404439553572 1.494837312511158 0
2215 0.9379630117157021 1.506898357903374 0
2216 0.8961410620840543 1.555886673795323 0
2217 -1.127678292395005 2.758628653846158 0
2218 1.1820337455815 1.963912303832877 0
2219 1.559469252331902 2.362489943388633 0
2220 2.164233470693806 2.480508298288956 0
2221 -2.101463279555167 2.497806628488879 0
2222 -2.085698879552085 2.413410439891664 0
2223 -1.498507855494062 2.491651286469903 0
2224 1.175664918608887 1.879788602403797 0
2225 1.775906193390208 1.770004123302985 0
2226 -1.840119400297501 1.348064859326571 0
2227 2.590206562188851 2.73384118889003 0
2228 2.49930252521831 2.699122881906131 0
2229 2.577053916781303 2.634559036168618 0
2230 2.70843769240096 2.843282951693742 0
2231 -0.9062415769865184 1.615794103887088 0
2232 0.6428975656362257 1.508971493177824 0
2233 2.65720268951034 2.924048614888688 0
2234 1.757941862315528 1.931432252905753 0
2235 -1.825250985880601 1.900852768131839 0
2236 -1.796876729046033 0.7007331407609296 0
2237 0.4736385078670224 1.877665332429629 0
2238 0.7076125674533404 1.442756499990037 0
2239 1.009121918834708 2.069866819612419 0
2240 2.107633881626164 1.541726100877131 0
2241 1.990282237879172 0.587962613195284 0
2242 -2.129238060460904 0.816904997606323 0
2243 1.367445917232934 2.00331954651746 0
2244 1.372517482153119 2.042938897669718 0
2245 -2.267765423376903 1.270359350556125 0
2246 1.836055694480608 2.315886298700349 0
2247 1.779319017181334 2.358699818452478 0
2248 1.780398323138424 2.294263673264417 0
2249 -0.7139632904163676 1.331774881711239 0
2250 -1.789789781564757 1.887363481690391 0
2251 -1.199535594707806 1.429230021707273 0
2252 -1.866047199091786 2.131433982899545 0
2253 -1.782322531855372 1.743176168077524 0
2254 1.729010523459892 1.532086091246037 0
2255 1.725161572719037 0.7282305167090333 0
2256 1.646171748229176 0.6775165295756485 0
2257 1.810671586901626 0.7835472905475775 0
2258 1.900595245665543 0.7335124693265995 0
2259 1.900845399489821 0.8209432215864276 0
2260 1.984332820731155 0.7829694801045399 0
2261 1.975958093188882 0.8998613171748404 0
2262 2.066395900563028 0.8360146403898197 0
2263 2.069471257375725 0.7433512108989477 0
2264 -1.308008435665707 1.378925334058707 0
2265 -2.365568475430582 1.53750819122368 0
2266 -1.832458114070995 1.525421825804397 0
2267 -1.36917217229281 2.063404753961168 0
2268 -1.598379335801075 2.401177344294749 0
2269 -1.557171000098125 0.8534413198865278 0
2270 -1.457102337381726 0.6986826139562474 0
2271 -1.369573939292423 0.7425786850116871 0
2272 1.489959490103737 1.326802931820991 0
2273 2.416500676858595 1.717476088611422 0
2274 2.728074401948883 3.163789139799617 0
2275 -1.463377869076564 1.379565344804581 0
2276 -0.971697251814118 1.800836921227643 0
2277 2.143346689492466 2.643580970219807 0
2278 -1.164648597837465 1.657919494324811 0
2279 1.025746498871835 1.704802484214021 0
2280 -1.306985448618928 1.457070760107956 0
2281 -1.4251657130147 1.477682037398353 0
2282 1.164321575254201 1.712829715954611 0
2283 -1.907739793126222 1.742167565251877 0
2284 1.135971512507264 0.9380877971014394 0
2285 1.173151777658903 1.797770524741681 0
2286 0.742802685732904 2.061813001671632 0
2287 1.164313946974072 2.090328352468019 0
2288 1.281105773401848 1.117805997674751 0
2289 -1.729996411246352 1.411336699632844 0
2290 -1.283403149583573 0.6972949665225225 0
2291 1.023435748995388 1.831279277170729 0
2292 1.027276353092201 1.7802122800794 0
2293 1.469564543368088 1.438975617247507 0
2294 1.626743251936881 1.099890268504146 0
2295 1.590616387980154 1.144027742829425 0
2296 -1.300781663953897 1.539880080446905 0
2297 -2.087903900509354 1.715078893236029 0
2298 -1.531502582854555 2.135654515630083 0
2299 1.816966525314985 1.414560684123454 0
2300 2.087424884825216 1.483870964099939 0
2301 -0.3893462332821809 1.703187425569394 0
2302 -0.788064553354199 0.7961028114959907 0
2303 -2.481600670055672 1.988608460294679 0
2304 0.8192724145595461 1.832021514553794 0
2305 -1.267737009516669 1.193686135405299 0
2306 -0.6758892770951653 2.263440087338369 0
2307 -0.596947017498729 2.207389097602568 0
2308 -0.6783081760400395 2.174866590399281 0
2309 -0.6118970104950828 2.103392482155546 0
2310 1.991281191916124 2.442768476180988 0
2311 2.226710768757699 1.088845199440437 0
2312 1.93013219422673 1.772362201628587 0
2313 -1.314730137380585 2.298157525135597 0
2314 1.277514697914843 1.180048266967992 0
2315 1.395206655926416 1.186406185206256 0
2316 1.960327500737219 2.671712236623478 0
2317 -0.4373150659917019 1.912591388254699 0
2318 -1.787389427232049 1.513829075268037 0
2319 -0.632874082892164 1.750710798542367 0
2320 0.003172228955728211 2.320581752305261 0
2321 -0.07892686327982563 2.373322660329611 0
2322 1.270404106049511 2.441698228348357 0
2323 -1.151421490936316 2.485764473789235 0
2324 -1.294484469483418 2.853550318535109 0
2325 -1.531672068784374 2.178168355452333 0
2326 -0.7012960897756462 1.613712495408733 0
2327 2.449511015014341 1.896419710368101 0
2328 -1.702017817818808 1.557660739299853 0
2329 1.255239095995013 1.366393332861044 0
2330 1.216607476195496 1.397407936676524 0
2331 1.169314778375901 1.378153553085504 0
2332 1.159988625103258 1.326426407957448 0
2333 1.265454495743087 1.521418915001277 0
2334 -1.893404055866842 1.643408644920827 0
2335 1.652635152375757 1.511423380614158 0
2336 1.656802705654314 1.470595353726054 0
2337 -2.008381890095813 2.386642618290482 0
2338 0.4705813066981853 1.608059478307536 0
2339 1.400343725666929 1.443233219718209 0
2340 -1.808991014408867 1.82224384089672 0
2341 1.331981954202303 1.519668663280349 0
2342 0.3718224492354674 1.276174437885563 0
2343 0.340775629833106 2.119598710714499 0
2344 -1.714411276435627 0.6502405604156705 0
2345 -1.543967321488806 0.652546165170752 0
2346 0.007966224804772847 2.418963674946444 0
2347 -0.07381225776898452 2.471447231693584 0
2348 -0.1607614422271572 2.426449331443187 0
2349 -0.1554723209666478 2.524127392738017 0
2350 -0.2425506532261427 2.47944447453804 0
2351 -0.2369986318671196 2.577277116881492 0
2352 -0.3240896611258103 2.532402296444343 0
2353 0.09589195547620909 2.4643655788708 0
2354 -0.06866190124195659 2.568454712403163 0
2355 1.818836137601682 2.255451282688877 0
2356 1.506203936764511 2.066695560527375 0
2357 0.08229275438627723 2.170752356449707 0
2358 2.231259991184594 3.3299081597806 0
2359 -1.699337887562028 2.792663891183937 0
2360 -1.27524119460438 1.434927991565854 0
2361 -0.5729948521280248 2.593719430584504 0
2362 -0.4913071235275302 2.541003896949499 0
2363 0.08609657571178136 2.268436999398164 0
2364 0.6008559887421379 2.343891425251521 0
2365 0.515660628885305 2.301038808998791 0
2366 -1.304443007772753 2.49846827915133 0
2367 0.1565989483702557 1.927310035739958 0
2368 -0.988653272786937 2.657972821225421 0
2369 0.9370362637402694 2.434189433807672 0
2370 1.178012492109086 1.422675514963138 0
2371 -0.3184738773105351 2.630348568655508 0
2372 2.111730632534842 1.925440362750496 0
2373 1.903899323447057 1.665225403569308 0
2374 1.088646239552123 2.283911524779602 0
2375 1.399137219412655 0.6180910051473818 0
2376 -1.799837771872535 2.010257343756868 0
2377 0.4852014234877595 0.1602305130027146 0
2378 1.402191151785807 0.9821890255270991 0
2379 -1.716199437732356 2.022813285226931 0
2380 1.369690349014588 2.840744983433412 0
2381 0.07829523628935889 2.074314478105704 0
2382 1.456186847151442 2.88606209322895 0
2383 1.525786978481313 2.82843101942063 0
2384 1.446320029777473 2.786384628273987 0
2385 1.64973936969472 2.05895728507599 0
2386 0.974080677219332 0.6519215287829667 0
2387 0.9755309932107324 0.554557567984427 0
2388 0.892882257504412 0.505072850194606 0
2389 1.058043697469186 0.7024983516319652 0
2390 -1.627583131572345 3.037353892855693 0
2391 -1.630957062699129 3.134813264681581 0
2392 -0.9571003981350248 0.6981888517927883 0
2393 1.119688187566236 2.899700100764707 0
2394 1.48534608729282 0.5730910837050633 0
2395 1.402495392466029 0.5201511618000776 0
2396 -0.6504131216104911 2.7439041745663 0
2397 2.48462755611836 1.995679462948256 0
2398 2.419905427851558 2.061759824231802 0
2399 -1.544839688877034 3.089033246556888 0
2400 -1.54820029355732 3.18646995336967 0
2401 -1.465381557819024 3.237935001605866 0
2402 -1.54999914065995 3.280265676441262 0
2403 -1.474360135979937 3.334275460179652 0
2404 -1.391809934001975 3.294898542506062 0
2405 0.3767098955824349 1.373546522485907 0
2406 0.4529097025083537 1.223027901018447 0
2407 0.2080296771730282 1.382137956526613 0
2408 0.4296072795648757 2.352261315249906 0
2409 0.4343261097921417 2.44847727460366 0
2410 -1.038495269671128 0.3566412804256178 0
2411 -1.122743774545089 0.3075930127713582 0
2412 -1.127047395801097 0.2168422755540478 0
2413 -0.9756933405720023 2.856676653260582 0
2414 1.296356261873696 3.087566437397053 0
2415 1.300313259822164 3.184986349513447 0
2416 1.386255192268993 3.229631857520966 0
2417 1.306995140669718 3.275298453909851 0
2418 1.219010350494645 3.234705138611741 0
2419 1.944497287372481 3.017910968622327 0
2420 1.872231262969405 3.084485697268545 0
2421 1.146726542810656 0.5596321853217612 0
2422 0.8063470152519432 0.5536938727200094 0
2423 0.7215280627537222 0.5045740608109481 0
2424 1.214145151811037 3.139289005479043 0
2425 1.140226403993067 3.281883697426883 0
2426 1.050530615844022 3.241590715342891 0
2427 0.9660646690688273 3.288337459163344 0
2428 0.8792831186010526 3.247851561656545 0
2429 -1.8725072368116 2.887663068163872 0
2430 -0.4638621226239016 1.279211851903014 0
2431 1.960368980134286 3.114903837119986 0
2432 -0.7956415529565889 3.237968090310529 0
2433 -0.7879637471225689 3.337359885861759 0
2434 -1.71745294523819 3.180640826141905 0
2435 -0.8771415821726047 3.286276524858959 0
2436 -0.800503018688105 3.141220514443022 0
2437 -1.039022613042553 0.453865334330906 0
2438 0.6402436434575153 0.5526580055306491 0
2439 0.3071805944543101 1.718833360715626 0
2440 2.316030830455079 3.263201002625941 0
2441 -1.380933799564246 3.193172834355542 0
2442 -1.296395509322713 3.253804375441093 0
2443 -0.1220947002830118 1.593412960879887 0
2444 1.239997333924955 0.3191634988382714 0
2445 1.241789257515994 0.2249683134839815 0
2446 1.152339513547258 0.1660318708755115 0
2447 1.325415463256499 0.1644354072156449 0
2448 1.073452006088104 0.2152199048679315 0
2449 1.001488071527019 0.1362351144382075 0
2450 0.9177134472641657 0.190898475747693 0
2451 2.304068930008368 3.16690756597756 0
2452 2.407280555498857 3.299682294412782 0
2453 2.084259217049302 2.801398836061476 0
2454 -1.948247733881905 2.825747827632346 0
2455 -0.7872646120308895 0.6990544183261069 0
2456 2.214171105302987 3.129435899067175 0
2457 -0.732498207830085 2.796545787098379 0
2458 -0.1261426041228993 1.49582626422748 0
2459 1.468968995312204 3.178064927983737 0
2460 1.469653693817645 3.271141090191647 0
2461 1.552643330861184 3.328150733510793 0
2462 1.037315758957518 2.951725665707919 0
2463 1.034060105357566 2.854352643416316 0
2464 -2.223227121481927 3.162435168983558 0
2465 -1.799884960008513 3.128633002378915 0
2466 0.2130649346134939 1.479499429581383 0
2467 0.05449286187543374 1.68301351162114 0
2468 -0.8051814017822153 3.043935442577558 0
2469 2.20175756662802 3.03295859229663 0
2470 -2.315795942247326 3.298108034746268 0
2471 -2.051203228890757 3.071035814668205 0
2472 1.41276353048313 0.2248920996907142 0
2473 1.418646245874745 0.1418748286231213 0
2474 0.9804010939564263 0.4571963256392584 0
2475 -1.207416527599984 0.3555328829415307 0
2476 0.3522629917093295 2.501020446901744 0
2477 2.486870591137862 2.601883384776452 0
2478 2.557763196412723 2.534230716807323 0
2479 2.469894623991419 2.504937105949282 0
2480 -0.6996159358599545 0.2617506877451048 0
2481 -0.6994886873933105 0.1653884896546585 0
2482 -0.5330934619547081 0.1549385638525909 0
2483 -2.137223608224772 3.116668917798948 0
2484 -2.306048915006007 3.110787099444873 0
2485 -1.377422057438857 0.5487344363465212 0
2486 2.409333759788746 2.661850937763509 0
2487 2.42164637494458 2.758705003796485 0
2488 0.4720839171303488 0.5558816262161266 0
2489 -1.460134022431076 0.3051884586527875 0
2490 -1.543632686519433 0.2570024338630372 0
2491 -1.453554391148845 0.216092987839539 0
2492 -0.7006120949381029 0.3586038027261682 0
2493 -0.9543020724990946 0.4057152295328417 0
2494 -0.9666622156661038 3.243194721309529 0
2495 -1.976502171224932 3.30918938500707 0
2496 1.641744313746031 3.268715190548249 0
2497 0.2898789848318276 1.329136694884526 0
2498 -0.7866722092037723 0.6017141279796592 0
2499 1.663926298210901 0.2858430320168124 0
2500 1.74790719809889 0.2425889043471692 0
2501 1.827731690171743 0.2915644725344886 0
2502 1.818231570573838 0.1791306262229422 0
2503 1.667041638928675 0.1878346278606327 0
2504 -0.4679107019072815 3.027987287460324 0
2505 -0.3814352399966535 3.072685930451292 0
2506 -0.3015733377762394 3.019852699481251 0
2507 0.7822495304551096 2.913213542170241 0
2508 0.6959329238974299 2.867873744008912 0
2509 0.7780580230710523 2.816284192133753 0
2510 0.6940572405207035 2.771282588580593 0
2511 0.612349074729391 2.823047405143722 0
2512 0.86285516873792 2.765104007553338 0
2513 -0.6458196832412146 2.841216287803967 0
2514 -0.8626745889311622 0.1606751244248186 0
2515 -2.133849534716827 3.019313907967832 0
2516 0.1262126603139709 1.435176863161267 0
2517 -2.126468390764117 2.740273588477764 0
2518 -0.7185900527635815 3.088633847370147 0
2519 2.291713781824595 3.07042977780495 0
2520 -0.1327207646281955 1.302108146115206 0
2521 -0.1378039424217161 1.20280936845125 0
2522 -0.2143383240295168 1.244280256902597 0
2523 -0.05587969856726899 1.150319635788619 0
2524 -0.2968547263912764 1.185753096481597 0
2525 -1.629082380525375 0.3041936526675508 0
2526 0.03001106726720254 1.196524257457833 0
2527 -0.3650710007540924 0.6531965781616276 0
2528 -0.280701783529951 0.7019868936092488 0
2529 -0.1972582842527914 0.6542134299610287 0
2530 -0.19968347395987 0.7498754190969703 0
2531 -0.1955461192876005 0.5568584400238983 0
2532 -0.1124391235361177 0.6055366992480842 0
2533 1.988768597049818 0.6868212451352771 0
2534 -2.292410493837788 2.729622040296992 0
2535 -0.5456698446536132 3.271111666508429 0
2536 0.7077374549913436 3.16012836204686 0
2537 0.6253359359128706 3.212245353821209 0
2538 0.7116709440999649 3.257548984204018 0
2539 0.6284903604610153 3.311343555664875 0
2540 0.544720069777532 3.264722120912544 0
2541 0.7156053078367144 3.354969571200192 0
2542 0.5399484347038586 3.360192109255941 0
2543 0.4587167481896746 3.308886825496128 0
2544 0.3831067792923484 3.342783349213025 0
2545 0.3844883767591399 3.253388727822262 0
2546 -0.1090481150151726 1.789219231680616 0
2547 0.1116708551832509 1.143780746987756 0
2548 0.1138791975209856 1.040628582595925 0
2549 0.1878992686591209 0.9926564828870668 0
2550 -0.3952009755822006 2.780620551691654 0
2551 2.529373715428321 2.989000288512417 0
2552 0.2929089338688282 0.9417462681997995 0
2553 0.280107669577672 1.039579952849303 0
2554 1.827512883403348 0.3890228283251453 0
2555 -0.4489950144328433 0.6039676928069722 0
2556 -0.6165547695349926 0.4077967852224458 0
2557 2.484605050254814 3.241284032791459 0
2558 2.505342283533281 3.344647362585252 0
2559 2.419180572311023 3.398163967510247 0
2560 -0.01226389141561752 2.028111021858091 0
2561 -0.3490409174691174 2.045623292303956 0
2562 1.652551414426946 0.5785979288022989 0
2563 -0.7025583986541722 0.6510179516784613 0
2564 -0.3628145371696678 0.2634499784847515 0
2565 -0.3715511075701866 0.1579636362382859 0
2566 -0.2792747165721299 0.2138146922064248 0
2567 -0.2807540382575186 0.1150243373520206 0
2568 -0.1880728073846819 0.1573983057830761 0
2569 -0.5376157775466499 0.8466856926296753 0
2570 -0.2798802696382838 3.305489690642397 0
2571 -0.1883173587329874 3.334664045758391 0
2572 -0.5471050401134149 1.035921067279509 0
2573 -0.2675275037508155 1.992620575219689 0
2574 -1.891628539691226 0.2536049529464428 0
2575 -0.3630161222975747 0.3608150793621709 0
2576 1.904775600541364 0.6350933772035676 0
2577 -0.1929252223437794 0.2625973768512546 0
2578 -0.1086671483637898 0.2161956343223157 0
2579 -0.02454978378450378 0.2654959282007976 0
2580 0.06038874037809432 0.2175694094656486 0
2581 -0.01413928810219156 0.1643769802814636 0
2582 0.1379836020944517 0.1420404986260144 0
2583 -2.733599569932752 3.245534564450976 0
2584 -2.813384415763392 3.298512604958626 0
2585 -2.543699472889439 2.761032785719649 0
2586 -0.3292928037450873 2.434856629591611 0
2587 0.5413428867256805 3.16691913772161 0
2588 -1.629783864655531 0.4014473542902306 0
2589 -0.1349054164914481 3.194337600993151 0
2590 -0.1362977062834054 2.913072054345898 0
2591 2.743092470693798 3.254054134286131 0
2592 2.844505074647557 3.284215884750878 0
2593 -0.2314689493839588 2.675113361015563 0
2594 0.1424434977063135 0.2621587304439008 0
2595 0.2024182876885137 3.272901837030812 0
2596 0.05831459389055111 0.5096901842439374 0
2597 0.0574990910853575 0.6069285178253887 0
2598 -0.02636752483426039 0.5572589983329161 0
2599 0.03854414947838587 3.287635198142199 0
2600 -2.295414275290174 2.820559452850384 0
2601 -0.2475947856818767 2.381988913405422 0
2602 -0.3344747340854559 2.337645224921714 0
2603 -0.1658026952775891 2.32897022353497 0
2604 0.3090632270774787 0.4622846272665053 0
2605 -0.4980068316976285 2.443673691612308 0
2606 -0.3764851165103982 0.9410516005105485 0
2607 -0.06267444129433572 2.666974511142431 0
2608 0.4439639223949476 2.73837427858808 0
2609 0.1945824604163864 2.986998635011395 0
2610 -0.4325772957339953 2.09928534205754 0
2611 -2.471339835352988 3.00765282734273 0
2612 -2.474824190966759 3.105075631441732 0
2613 0.6124173385023214 2.635227722936291 0
2614 0.4444068778784196 2.927451960340414 0
2615 -1.881637098950983 0.4515379167952549 0
2616 -0.170849924551295 2.231570646152687 0
2617 0.1113107173875129 3.039242489881202 0
2618 0.7046286520271113 1.073056901905974 0
2619 0.7719812540608197 1.004070205873105 0
2620 0.3975395321671805 0.2186413288006244 0
2621 0.3901546267464446 0.1145558549569607 0
2622 -0.1107375521886657 0.5085215534284462 0
2623 -1.626474251659648 0.213369511663559 0
2624 -0.1147376789767498 1.691684365778461 0
2625 0.6139922099241251 2.920065469322273 0
2626 0.5285212877980173 2.875774213615521 0
2627 2.344277405710948 2.81795771235081 0
2628 -2.392379979835158 3.15627122775316 0
2629 -2.309838548011792 3.206633551194255 0
2630 -0.0329362883197826 1.638508827568314 0
2631 0.7980062909141178 3.302852600878421 0
2632 0.8762875196795116 3.152835400760339 0
2633 0.7938541779597573 3.204871374740967 0
2634 1.835831769432289 1.320575111860764 0
2635 -1.634231836665368 3.232603558166669 0
2636 1.915002265597787 0.3428915589522543 0
2637 1.985602850256971 0.260621514391896 0
2638 0.6939273749160659 2.58200708049909 0
2639 0.1011338185419282 2.562000893746031 0
2640 -0.5796165192283298 2.496642651560277 0
2641 0.5337586341398165 1.172451786415007 0
2642 -1.27743847791551 0.9774897704153739 0
2643 -2.177419354838711 3.416191089956345 0
2644 1.988488525508117 3.40270629889112 0
2645 0.9185463434129814 3.422230285879395 0
2646 1.788647667446833 3.417139221647058 0
2647 1.69354838709677 3.416191089956344 0
2648 1.293988503684007 3.417333565333437 0
2649 0.04347396678361918 3.396828979220478 0
2650 2.663079652776614 3.412981074175907 0
2651 -1.209050104150179 3.419045827333042 0
2652 -1.401080680981407 3.402110782614018 0
2653 1.110077883318944 3.422589168401289 0
2654 1.50116352477824 3.417229843635365 0
2655 0.241430166212009 3.418965578458209 0
2656 -1.980590567355923 3.404254940685452 0
2657 -1.015387792024224 3.425075431816325 0
2658 2.182383332774617 3.420783457816911 0
2659 -2.656527053257141 3.40042886207946 0
2660 1.848953072604563 1.572967227508115 0
2661 1.879547484518717 1.951507455830994 0
2662 -0.6550014012467258 2.646724863284842 0
2663 -0.1497194779688733 2.622212664400252 0
2664 -1.697367595639401 1.19000813429889 0
2665 -1.237593646310439 1.572806332622106 0
2666 1.836865818471108 1.690477287951375 0
2667 -2.59025449254495 2.36669708263761 0
2668 -2.526947404714133 2.430360825898314 0
2669 -2.063106735829002 0.5289594190446139 0
2670 -2.523980156330442 2.176899718160226 0
2671 -2.722179656083023 2.831480947189785 0
2672 -2.75318472749542 2.921940194673057 0
2673 -1.98597077347597 0.2540165973831416 0
2674 2.596751352438778 2.372183986045382 0
2675 2.527296537193068 2.185458652401353 0
2676 1.110167040419788 1.10499570250544 0
2677 1.117575845439454 2.802204102330292 0
2678 -0.4001325830950687 2.68316966524892 0
2679 1.404887529630342 1.366172871694312 0
2680 0.3476611187112471 2.403918045508659 0
2681 1.744894912272104 1.989204580367951 0
2682 -2.175389652334096 1.874402442743476 0
2683 -1.237917393992587 1.452262803097588 0
2684 -1.613647714330971 2.48543944421285 0
2685 -1.258064516129036 3.332418362916186 0
2686 1.66760845499097 0.09630830575577476 0
2687 -1.852287911239906 0.07779530111967747 0
2688 -1.09314369358832 0.07702723676267298 0
2689 1.855895440272814 0.08144544205714377 0
2690 -1.666666666666667 0.07617163841806684 0
2691 -1.288102174396752 0.1006318426494623 0
2692 0.6182987821587032 0.07635954081771645 0
2693 -1.480921881336458 0.07804703339217411 0
2694 2.446398826788688 2.31400660953835 0
2695 -1.202101930991778 1.22118458721133 0
2696 1.143459953353694 0.6567375333341081 0
2697 -1.635153497075958 3.340949635255536 0
2698 -0.4107492633347078 2.487598333426722 0
2699 -0.4052649070735049 2.585590414850879 0
2700 1.059342271999822 0.6050262842915024 0
2701 -0.8734239982040581 0.7473493868845758 0
2702 1.566467129737974 0.6263549718853136 0
2703 1.558795885836318 0.7230469702166982 0
2704 1.299108431204184 1.423129500626651 0
2705 1.488508882416612 0.473679408733775 0
2706 1.766539499539738 1.420561762437702 0
2707 1.775927089284794 1.378636290835259 0
2708 -0.742556710316581 2.602378921931277 0
2709 -1.965539155141919 0.7032634470591006 0
2710 0.8078257079009598 0.4564681884729767 0
2711 1.410873529239673 2.054994392736664 0
2712 1.866751845946814 2.018319933842231 0
2713 0.01370484716755715 2.516617611402878 0
2714 2.198469261052518 0.9968780285591126 0
2715 0.9484306037228523 2.809545448653997 0
2716 -2.494276142532743 2.335309660542345 0
2717 0.253463249455336 2.072185626948372 0
2718 1.227792235113653 1.494865295906013 0
2719 2.061625181877344 2.70617532037991 0
2720 -0.3719940843361488 1.613800347653518 0
2721 -0.5193569175750909 2.05451873279906 0
2722 -1.346490759358475 1.987387779155944 0
2723 -2.463929624909984 3.427409588296316 0
2724 -0.1285029185938731 1.088875881647992 0
2725 -0.1451612903225907 3.417873912816542 0
2726 1.520806016464201 1.350650676004968 0
2727 0.9842006674751229 1.469360441075059 0
2728 -0.7926933663537137 0.8927875697945531 0
2729 -0.825011610276659 2.266470270613236 0
2730 -1.770139862929643 1.584069036738867 0
2731 2.174935329536768 1.937406637489285 0
2732 2.218210541722923 1.87954505838141 0
2733 2.102945529472538 1.723241960435713 0
2734 1.428370040480118 2.524220456495192 0
2735 1.767007778226088 2.943784752137042 0
2736 -0.9258652013295668 2.105573374131982 0
2737 -0.8117930971063195 2.094253615308821 0
2738 -0.4357565999594089 2.004293673974689 0
2739 -1.698190933689772 1.315032458000453 0
2740 -1.744313077701807 1.302930956989156 0
2741 -0.963281099936483 1.570508341838579 0
2742 2.262095888183334 1.401395049206228 0
2743 -1.691536749126807 1.399680327948056 0
2744 1.191263572036794 0.07851421496831379 0
2745 -1.912195302707251 1.783263410047675 0
2746 -0.3820708291375478 1.328747724352556 0
2747 -1.805747508608061 0.9766731626874239 0
2748 -1.725947390819325 0.9391360256754551 0
2749 -0.4649746968042932 1.375406366533009 0
2750 -1.129708651192117 1.550349018129891 0
2751 2.66842443643422 2.649334937136257 0
2752 1.361142180234671 2.743951187706932 0
2753 0.8619287974617502 2.669283271324145 0
2754 -1.028934289551743 1.116433765527759 0
2755 1.630476623430664 1.215109806604548 0
2756 1.023411962668468 1.888818134956705 0
2757 -0.6197024079717239 0.8933321641458367 0
2758 -0.8453273928438302 1.443448417588272 0
2759 0.1638195206890245 2.024379030659307 0
2760 0.7676026433256272 1.542872652765481 0
2761 -1.880387336805716 0.7451890311502285 0
2762 -1.914303747548858 1.976523534574587 0
2763 0.7783061714877878 2.720088514508094 0
2764 -2.041398761852412 0.4358703772552937 0
2765 -2.630341313261282 2.80125945706164 0
2766 -0.2828140885214799 0.7979804076398376 0
2767 -0.9218765462743925 1.999777976398216 0
2768 -0.03093566746088522 0.654271583855913 0
2769 2.799974408469943 3.102836475727278 0
2770 0.8950776965366523 0.892926969147936 0
2771 -2.454019002231192 1.898920395729384 0
2772 1.063615347537282 1.991916801221703 0
2773 -0.9588607163825851 0.7947154350168921 0
2774 -1.686045826779479 2.088131047772287 0
2775 -1.521298439397475 1.091802996021796 0
2776 1.856288367812573 1.534976797519656 0
2777 0.1414757118552932 0.6537500552699438 0
2778 -1.37351355945659 0.6473614761488533 0
2779 1.033374475371121 2.756706334019219 0
2780 1.454130163344644 2.153287809543804 0
2781 -1.135133202642097 0.9699286726395527 0
2782 -1.209617380118894 3.099782285092027 0
2783 1.918923980185213 1.583559032086917 0
2784 -1.506532346444553 2.278715635408411 0
2785 -1.540624441799201 2.24439183668474 0
2786 -1.107128960899802 1.962298289264882 0
2787 1.468331932519825 2.32270831063915 0
2788 -1.380289883647253 1.456138455630286 0
2789 2.063933630470927 1.390640969793491 0
2790 -1.33898970628587 1.355420561943098 0
2791 0.4768770922941667 0.4610004810875949 0
2792 -0.04839982180851937 0.07862172395686562 0
2793 1.261663507505718 2.377377823879465 0
2794 1.120315367866363 1.358805796249231 0
2795 -1.608861294636467 2.228488283867823 0
2796 1.390673051874995 3.314018742931089 0
2797 -1.231644673292498 1.651402894965521 0
2798 1.07528731550213 2.219170294628836 0
2799 1.156291214693776 2.298460690392552 0
2800 0.6546228919045902 0.2547706810420864 0
2801 0.03218364902116599 1.092611476837022 0
2802 0.4386739936677293 2.833549212577245 0
2803 0.1214149396099738 3.32632260992068 0
2804 0.5544541236086674 1.647684381776434 0
2805 -0.6257803135036932 3.408212537719849 0
2806 -0.2109113678065927 1.444822858938736 0
2807 0.3565029606404706 2.788190080674124 0
2808 -0.9054763482776353 0.07519015866183421 0
2809 -1.457627679149883 2.755465921400958 0
2810 -1.204709195948047 0.7488215592961762 0
2811 0.5377267990289203 1.269406713726089 0
2812 1.078514705320831 2.39639532761537 0
2813 1.07709324132357 1.48163315359008 0
2814 0.8813340077190073 1.620397187279805 0
2815 -1.958102480745661 1.292100869525827 0
2816 -1.848631007244923 1.402554420958864 0
2817 -1.206112186907893 0.645637757788863 0
2818 1.973297009771853 1.055886988398715 0
2819 -0.9663806986290222 1.398126040866413 0
2820 1.299570272723249 1.383807997097664 0
2821 0.6028087169577988 2.249576487241202 0
2822 2.749487508543563 2.927685664102115 0
2823 -2.119602539460088 0.7124591889006942 0
2824 0.5434372025976043 0.7909526070668627 0
2825 -1.042295612537293 0.162043571818272 0
2826 1.513649152450124 2.725430622253791 0
2827 -1.758782968581876 1.86728164135627 0
2828 -2.121231623382399 1.929972229931017 0
2829 -1.509118326365081 1.221733427591984 0
2830 -1.713680760802795 0.1578987877192786 0
2831 1.292443736909137 1.980469221087268 0
2832 1.662869186809283 2.709980806792092 0
2833 1.56069829558693 2.431665448162768 0
2834 2.095262457410568 1.870898598102908 0
2835 0.8976879975469433 2.214473590272899 0
2836 -1.098888858164773 2.174721231466048 0
2837 1.335924003091827 1.211885309655532 0
2838 -1.582759439688835 1.279478038567748 0
2839 1.68102367650453 2.251467237335054 0
2840 -1.689525456981484 2.699165625620688 0
2841 -1.624319014218053 1.20730536394482 0
2842 -1.501002892294865 3.420867616278313 0
2843 1.631934133108824 1.022415327552722 0
2844 0.1113969069931149 2.943493583268068 0
2845 -1.217484257472454 2.71091790042478 0
2846 1.804110115219926 2.080187461282291 0
2847 0.6536804110746511 0.3473362201840449 0
2848 1.803965142154391 1.662808126554504 0
2849 1.736396279585521 1.599808327085208 0
2850 -1.861455462771579 1.160175612746082 0
2851 -1.857702063545828 1.689564082032307 0
2852 1.714169852010712 2.362949088893529 0
2853 -0.8567764191997964 1.374226147690584 0
2854 -0.8231990596433215 3.422831081293394 0
2855 1.065543240492927 1.819199427500422 0
2856 1.225371742272259 2.276346902735217 0
2857 -1.068103601161025 1.348493424307447 0
2858 -2.347714964346638 2.326516345508892 0
2859 1.88147444628889 2.638771309075315 0
2860 2.227177673786093 2.152944807505613 0
2861 1.540600174362478 1.209082625289315 0
2862 1.907171303649478 1.234862860751383 0
2863 1.617874815634691 2.973847602546138 0
2864 1.23293790039589 1.665483069554137 0
2865 1.06788620374081 1.903086425188678 0
2866 1.899052900634278 0.9575059503561389 0
2867 -2.358526372191696 1.793174437433431 0
2868 -2.101266844848006 1.815849680865453 0
2869 1.916306558268468 1.922696399553191 0
2870 1.769847608549375 0.8742677455044403 0
2871 -1.37847550605691 1.236938425693194 0
2872 -1.932625117713675 1.129792054348975 0
2873 -1.051676463562921 1.632764047554602 0
2874 -0.4264083741358687 3.424890160940909 0
2875 -1.200547825892727 1.850668613803622 0
2876 -1.344305588276467 2.09552335128368 0
2877 1.915529310044705 1.711199498716104 0
2878 1.555533503620712 2.306712337760933 0
2879 -0.9792012141440052 2.076450556271026 0
2880 1.751894646000401 2.189744450307435 0
2881 -1.74803591487324 1.019107827144687 0
2882 1.706259228957758 1.274908232281317 0
2883 -1.011754093615351 1.830767704472223 0
2884 -1.563038756144398 1.407214401664563 0
2885 0.9337006089238369 1.598413215218431 0
2886 -0.7093009032560609 0.9409975255541327 0
2887 2.339876085760045 2.039529627484634 0
2888 0.6467712141593647 0.4517638254891492 0
2889 -1.375085696745051 2.901452805013667 0
2890 -0.5431238570585853 0.9447105809573346 0
2891 2.084348264504697 1.672608181561433 0
2892 -1.236472585633189 2.220655995620405 0
2893 -2.117113011433046 2.579684966719511 0
2894 -1.884516189125756 2.550692770026779 0
2895 1.211829078404042 1.887898946046507 0
2896 0.33903197628105 2.21426292696222 0
2897 0.6949806343117004 2.675178545866789 0
2898 -1.155339320636064 2.412427022159796 0
2899 -1.201704342056696 1.276917031348949 0
2900 -0.4582025136012755 0.8959749925645146 0
2901 -1.782056715674639 2.745620437834426 0
2902 -1.015625313652692 1.743778628432748 0
2903 -2.090386626626782 0.9815082026421866 0
2904 1.057527003139207 3.337488805056626 0
2905 -2.25859744713402 2.045439807471532 0
2906 1.340043559083307 2.432456739994687 0
2907 1.57592197904031 2.019703615180194 0
2908 -1.247448707415584 2.275139115869379 0
2909 0.823159890397657 1.768648379181507 0
2910 -0.3723759162572736 0.8472372050165866 0
2911 2.049844727420737 2.390655088047757 0
2912 -0.2030658604813395 0.8447644161580787 0
2913 0.03964998624912344 0.9845439033646137 0
2914 0.5130729323763119 2.208963163410952 0
2915 2.095624954785077 1.210988636170672 0
2916 0.8406083357166336 1.106741610282338 0
2917 -1.579315798953685 1.178181915409676 0
2918 2.054194731690072 1.572405530197073 0
2919 -1.092925634649025 1.094334167085664 0
2920 -2.374385247372301 1.873826826820953 0
2921 -1.37173203430308 2.273033461157443 0
2922 1.455258115536255 1.023714419684139 0
2923 -1.729120874524791 2.197477807976437 0
2924 -0.80166645851979 1.88688707117038 0
2925 -1.211993480012274 3.197727376834707 0
2926 0.6127095175579484 2.726679444383395 0
2927 2.149625550352318 0.8001771137014564 0
2928 -0.1194799132644584 0.796968059549825 0
2929 1.327573880280516 2.312564227462519 0
2930 -1.296385919991097 1.240170883330156 0
2931 -0.9665820820411752 3.342696922533936 0
2932 2.340766148198357 1.702312141217832 0
2933 -0.7177839292186849 0.07712328018159753 0
2934 -0.1156254801238844 0.7015989915245939 0
2935 -0.2146715800508081 1.342489448253906 0
2936 0.05227367934775654 0.7015303833718098 0
2937 -1.299517515900304 2.078452272286464 0
2938 -1.525774050895802 2.066108261049298 0
2939 1.230883693902028 1.456842960314628 0
2940 0.4260195845483906 2.258666503724707 0
2941 0.2201102468046284 0.7002735084074128 0
2942 0.5291407068825981 2.779685401805444 0
2943 -2.062251598967389 1.568381072164336 0
2944 -2.153786519414321 1.445161721393977 0
2945 1.235286880056736 3.33384835278226 0
2946 -0.795647758097529 1.818164229686513 0
2947 -1.43590884896997 2.410978811721702 0
2948 -0.6790054093801228 2.028764545269417 0
2949 -2.086259124896864 2.094666184030083 0
2950 -1.697946683164643 2.329301190123657 0
2951 0.3038357694904681 0.6510670758239505 0
2952 2.029103213023157 1.473558528436348 0
2953 1.168659270576016 1.140791142653643 0
2954 2.077957919273602 0.9222246561826075 0
2955 -1.94940596138118 1.47892960355385 0
2956 -2.068348213054521 2.34095987488498 0
2957 0.2738304179503596 2.745960813412395 0
2958 -1.457194311897718 2.85168582392412 0
2959 2.097117487746876 2.089370203409468 0
2960 -0.963922612515397 1.153291035107121 0
2961 0.9108823281897666 1.06686771055663 0
2962 0.6307792960448048 1.603738303458021 0
2963 -1.208113046963585 1.012289015250564 0
2964 1.696414740831623 1.195918997219534 0
2965 0.3045360361097273 0.5579873498459815 0
2966 1.332582374444529 1.26986349980942 0
2967 -2.0191154174029 0.9404510204733152 0
2968 -1.12757752998862 3.053566249132015 0
2969 -2.356595846139004 2.513090233771466 0
2970 1.900346017674045 3.268504414334158 0
2971 0.5591219254573698 0.5052484618999715 0
2972 0.3897683720424504 0.5093263649567035 0
2973 1.246513230111236 1.224441302586516 0
2974 0.1925318664901674 2.797652440753026 0
2975 1.41725881700074 1.234133504388095 0
2976 -1.15228602768748 3.338395000907103 0
2977 2.115920985255402 1.610537318428432 0
2978 -0.5229484775460989 1.87735329802174 0
2979 -0.7503548722759789 2.137855143185528 0
2980 1.433120503921454 1.421699452509627 0
2981 2.005187692705277 1.368956927881494 0
2982 0.9950585042498561 2.382280241704998 0
2983 -1.592796290901843 2.054157734312589 0
2984 0.6964517604929569 1.177895196542969 0
2985 -2.809153959196727 3.104512595723639 0
2986 0.8317808431272194 2.265436131195129 0
2987 1.634955611932632 0.7729731830437372 0
2988 0.1933429396076301 2.892002632699118 0
2989 -1.53280299049129 0.1604484377824482 0
2990 0.7700036163286872 1.995052779939592 0
2991 -2.016034544532101 1.195631236968443 0
2992 -1.778496179490723 1.800825574906225 0
2993 -1.212992316974005 1.93236047167053 0
2994 2.065335514301266 0.5260405962860442 0
2995 0.02843933863781583 2.898706519936928 0
2996 -2.232096639279476 1.075956486583146 0
2997 -1.438638044190223 2.172258482481675 0
2998 -1.356488448249322 2.030747853515126 0
2999 1.254518863374524 1.554382016205607 0
3000 -2.736452467784951 3.338150868309452 0
3001 -0.05394329424978934 2.951722444535136 0
3002 1.582280626607506 1.330525774371044 0
3003 -1.211136038481126 0.1689751426295139 0
3004 1.777899274617355 1.728664415316919 0
3005 -2.120732702510761 1.591651889369018 0
3006 1.774633411618896 1.96298134993725 0
3007 1.20268061725365 1.854361311146895 0
3008 0.7193297764996844 0.7918426758857131 0
3009 2.307864373592367 1.622506866219915 0
3010 -0.1374694171714742 3.007354987849239 0
3011 -0.2211971005650183 3.064233833240887 0
3012 -0.04179585073006323 3.327769174679611 0
3013 0.3711361708842996 3.167875230640308 0
3014 2.64947017712271 2.552077945161578 0
3015 1.851060186519663 2.093485512535535 0
3016 0.6594105732748412 0.1613371722809844 0
3017 2.396250547209066 1.975702415271665 0
3018 2.356837643794442 1.899990702031642 0
3019 -1.332387653698488 2.248775220456742 0
3020 -1.342372532574354 1.481676699238633 0
3021 0.8357452421080854 2.38064307915907 0
3022 0.1227433078943953 0.9341567077197335 0
3023 -0.2162755844451053 3.158357710967133 0
3024 -1.801681237037278 3.426456529833272 0
3025 2.333154331685954 3.353664505880964 0
3026 -1.761378623940698 2.170462471911909 0
3027 1.129046920524978 1.415471751344549 0
3028 0.8095238095238038 0.07250876015685259 0
3029 -1.99082498973754 1.43756735989387 0
3030 1.59259293975197 2.770902011916352 0
3031 1.228486282131622 2.066223217809952 0
3032 0.8868131381463504 3.338865617996306 0
3033 -1.021493426273367 1.313546852047334 0
3034 -1.170877625351607 1.498326187494907 0
3035 -1.369175077301372 0.1693114475095117 0
3036 -1.96065634501779 1.815960507093767 0
3037 1.480264983675714 0.07765751240632102 0
3038 2.710712200875389 3.068442404898216 0
3039 -1.381021142808312 1.067344143407727 0
3040 -0.2972244040816359 1.286239027382145 0
3041 -1.602894007397178 1.392116726566533 0
3042 -2.014034272047251 1.263245089937701 0
3043 -2.419172246190862 1.719500979744782 0
3044 -1.55728219119105 2.292301296341285 0
3045 0.3206448274872484 0.07053157383130015 0
3046 -1.728345704181367 1.344051933828987 0
3047 0.2902313731083834 3.327170996590664 0
3048 1.071008301852878 1.779454617370563 0
3049 0.4617084593475338 3.215235977403441 0
3050 0.3392878713169833 3.420212540668627 0
3051 -1.008833792567248 1.60592479594583 0
3052 -1.16347356203861 1.30684713770317 0
3053 1.839268221928778 3.338499516319407 0
3054 1.900364632228032 2.734722702729022 0
3055 0.4688353372374259 1.701668495323281 0
3056 -1.26400567678624 1.600671345616131 0
3057 1.792395666846585 1.448906708239726 0
3058 1.263197026898705 1.405481701535449 0
3059 1.939724782148691 0.08130478206438729 0
3060 -1.938038472088198 0.08208473406823402 0
3061 1.018451538969456 2.01568384285635 0
3062 -0.2060501627374547 3.247033985503594 0
3063 0.765402681144124 0.9278729596083335 0
3064 -1.277466165992075 1.964746797788776 0
3065 -1.048525111716391 3.006270297004185 0
3066 0.3850820151900312 1.762394298463545 0
3067 1.182323456269219 2.246577090832466 0
3068 1.886307039957696 3.179066564688529 0
3069 1.650342805842244 2.024127860136184 0
3070 -1.07887217329903 1.280929236537768 0
3071 1.615403418120078 2.106494622387549 0
3072 1.810618595562651 1.818934363152478 0
3073 1.214661018812581 1.95273229337603 0
3074 -1.687235828132545 2.046143899786868 0
3075 -1.490436379385634 1.401101944298663 0
3076 -1.8739486392554 0.166568184131076 0
3077 0.3655981488391544 0.9919340979559971 0
3078 -2.243534920136371 3.349646342943681 0
3079 -1.815752814772333 2.599890850471124 0
3080 -1.42776755340962 1.103451594274647 0
3081 -1.057647173717429 2.211844668644049 0
3082 2.226853218586852 1.258796879247476 0
3083 2.166364667764507 1.153628777470402 0
3084 2.069052105684916 3.334104194657793 0
3085 1.069478317374523 1.700110790674886 0
3086 -1.257242471835447 2.063080794985557 0
3087 -2.621379193005262 2.706304345931234 0
3088 0.5596236030304405 1.904114580860943 0
3089 2.374143189840956 1.534674626775429 0
3090 2.18921715997844 1.627244441026732 0
3091 -2.180147124381886 2.167830761030425 0
3092 0.3880807838860498 1.858931910381441 0
3093 1.866295667698397 1.668835228852333 0
3094 -2.370967741935486 3.430923491182432 0
3095 -2.574944544492991 3.332088795982909 0
3096 1.749854947441956 1.564913712623646 0
3097 -1.955871665468424 0.3999584140392702 0
3098 2.282863611619594 1.890950557520943 0
3099 1.649944018203295 1.984811728084614 0
3100 -0.750108866954009 2.22706426760534 0
3101 1.941062214844351 1.837166641307951 0
3102 -2.196395132068845 1.255112887521407 0
3103 -1.724520204693521 1.919845660536375 0
3104 1.728793417112741 2.269651698472549 0
3105 2.363940881273632 1.776986157635064 0
3106 -2.309448250286201 1.590212886797328 0
3107 -1.097788428615968 1.526496824754843 0
3108 1.340702314864445 0.9494799428946004 0
3109 2.043923390685635 0.4288309146401814 0
3110 -1.553761162248228 2.50980415859251 0
3111 -2.310663571496567 1.6567489004353 0
3112 -1.154443625452262 1.69698135123896 0
3113 -1.21489061977236 2.0854492748879 0
3114 1.195208321846978 1.772446423501545 0
3115 -1.201365612497204 1.664618623118574 0
3116 1.47234813758972 2.059892822704638 0
3117 -2.293884551494722 1.511134931846347 0
3118 -2.213066451376816 1.48954295533884 0
3119 -1.930078307780748 1.898065854928361 0
3120 -1.883991339170517 1.373475297509641 0
3121 1.516344761986354 0.9932063080715727 0
3122 0.4504580064402722 0.9338200118697952 0
3123 1.895600542653262 1.777027578885207 0
3124 -1.736504797194406 2.41733801661995 0
3125 -1.047605764176679 2.90763506737549 0
3126 2.270242769730726 1.698819269605721 0
3127 1.334291804680935 2.495058307407168 0
3128 0.9863379008843016 1.524479247900421 0
3129 -0.1234375816602963 3.27771527629143 0
3130 2.300355319398987 1.264528070978322 0
3131 1.586463620578034 2.13183911658179 0
3132 -0.6837841199882324 1.804218209994604 0
3133 -0.3488420468674168 0.06961319955256795 0
3134 2.535983940712935 2.442559662988655 0
3135 1.516340756134867 2.341165201982689 0
3136 -0.9308651511928303 2.052411979863693 0
3137 1.786000222839707 3.050111006141081 0
3138 1.545111912424305 1.158725253405913 0
3139 -1.335985573648404 1.212439816619232 0
3140 -1.06066429799753 2.710155778296136 0
3141 -1.134739575585442 1.511291442226623 0
3142 -2.261231649762947 2.123961922636506 0
3143 -1.975340926988553 1.385054204927999 0
3144 -0.9114565526897702 1.195949216379333 0
3145 -1.828645085079066 2.217127149526451 0
3146 -0.5189960737582504 0.07130440398636972 0
3147 1.798650287132418 2.434188269517886 0
3148 -0.6937981738401064 1.230355178026425 0
3149 1.738968028069759 1.957369121035918 0
3150 1.149899539698754 1.567576166523931 0
3151 -2.452072754344025 2.409036892496021 0
3152 -1.923042669754986 1.863322605383301 0
3153 1.645161290322576 3.350351499966192 0
3154 1.602096419454506 2.038872393098393 0
3155 2.701844640350717 2.989363035679549 0
3156 2.153263360282573 1.88105371096393 0
3157 -1.502085686591826 2.0961272021195 0
3158 -1.585109188815649 1.230905130216389 0
3159 1.391974320328038 2.164185858024296 0
3160 -2.091492788589074 2.158084658710292 0
3161 -1.747358043630685 1.626821240270199 0
3162 -1.197431559583233 2.19719030364921 0
3163 2.109669403819432 2.152798097195102 0
3164 -1.205097565758591 1.794204059074689 0
3165 0.7247111512886281 3.435301652253599 0
3166 -1.118234189242834 2.000303319989268 0
3167 0.8276833935786663 1.518462274959163 0
3168 -1.791701943377944 1.352286719230446 0
3169 1.028063111080867 1.950088982938021 0
3170 0.6589478017092067 2.032720536221154 0
3171 -0.7812454490034675 1.174940615736939 0
3172 -1.016117542413159 2.319886182331058 0
3173 1.195548130470335 1.688008917764571 0
3174 -1.28323138611287 1.400319378420268 0
3175 -2.337810598984525 2.079236792936277 0
3176 -2.647115145522458 2.533907217787775 0
3177 -1.450766593885863 2.463735237058861 0
3178 0.458369381020958 0.8394307797748803 0
3179 -1.682613992301706 2.006290693972349 0
3180 2.442875897894069 2.1404667836906 0
3181 2.133399238571566 2.407673135792302 0
3182 -0.7829913309681621 1.323554555264266 0
3183 1.075711285480693 1.344894269559411 0
3184 1.682173252703811 1.958060784532474 0
3185 2.31837011605688 1.346366583489891 0
3186 1.588100443455107 2.174636081308214 0
3187 -1.099541200586927 2.379667800672822 0
3188 1.50628741126913 1.440574812646489 0
3189 -1.390163171872951 2.039342961373179 0
3190 -1.155022516480163 2.016680949482705 0
3191 0.1458297537503788 0.06621255664685988 0
3192 2.767227421772338 3.358711298149805 0
3193 1.063862260993873 1.661345687632124 0
3194 1.592557363792127 1.382721293940757 0
3195 -1.738713442052332 1.554979764306588 0
3196 -0.9338493192467359 1.651672045239267 0
3197 -2.089860762249075 0.9043520937055618 0
3198 1.917417564076987 1.854675288105152 0
3199 1.736522428476626 0.1588796119971227 0
3200 -1.051809026934989 2.808052749135283 0
3201 -2.277841199669578 1.433936136679371 0
3202 1.19022007352638 1.585024947922421 0
3203 -1.190382495515209 2.025236957941245 0
3204 -1.732067668261483 1.963532966072363 0
3205 -2.061304250868671 1.29502488339695 0
3206 -2.169607974457318 1.555942113826858 0
3207 -1.68320857654 1.496805257113555 0
3208 2.264588575874249 1.470493172006159 0
3209 1.194938826527536 1.729973681686905 0
3210 1.766927637656988 2.240871696979811 0
3211 1.63103788659066 1.408236440797328 0
3212 1.901392389846925 1.48035746651803 0
3213 2.353049284635964 2.111813976812984 0
3214 -1.687437968522454 0.9949815583191328 0
3215 -2.427969582571489 2.11941508297654 0
3216 0.6212991946225865 0.8392797778503003 0
3217 -1.623466337759568 2.072268726584147 0
3218 -0.3387096774193639 3.438041718171402 0
3219 0.7191444078383435 1.508062118066806 0
3220 -2.71577949293293 3.066922743621189 0
3221 -1.627516741894477 0.8751246455875441 0
3222 -1.796350997646023 2.383300211241219 0
3223 1.835635710958927 1.257841033962858 0
3224 -1.605520905497011 1.446375116610006 0
3225 1.367057835780767 0.07350369264729983 0
3226 1.08731738386061 1.438429799161059 0
3227 1.198742066460379 1.824059068462521 0
3228 -2.047332738764416 3.342642760647834 0
3229 1.430045876268295 1.388183806341796 0
3230 -1.388659291207128 1.010066753077618 0
3231 -0.9664590936369803 1.344912396651861 0
3232 1.238551640195338 0.1425534893287264 0
3233 1.350847356542803 2.148488129956128 0
3234 1.134573840951372 1.626475738594124 0
3235 1.102654068657246 1.637081458764509 0
3236 -0.6931775224249113 2.100972342398103 0
3237 1.814262331999617 1.36453293128903 0
3238 1.236349321227138 1.427306249767768 0
3239 0.5322580645161211 3.439176184261778 0
3240 1.596627000537753 0.1558493329357373 0
3241 -1.719460499025902 1.378007998029137 0
3242 -1.887935870489363 2.097147935520526 0
3243 -1.442644538514769 1.450317807838263 0
3244 1.024806466152661 1.742409653723566 0
3245 0.2005349834233369 3.35258884274694 0
3246 -0.4362342710092672 1.825840936934506 0
3247 1.899025728170161 2.106972474399396 0
3248 -0.7314744232622837 1.665934821027242 0
3249 1.881515917665922 1.563199045254461 0
3250 -2.380389702286356 2.590609756846911 0
3251 0.9999999999999929 0.05980340360086367 0
3252 -0.5336701349248704 1.789718913371887 0
3253 1.323026495281989 1.962959965433959 0
3254 0.571668707014663 0.139266314199419 0
3255 -2.689282906157214 2.660083343635979 0
3256 2.140914544242299 0.7097611295305208 0
3257 -1.261749587556645 1.547191725443039 0
3258 0.5010252967627853 1.949439273855833 0
3259 -1.549458129512692 1.209177243734712 0
3260 1.604357860403587 2.870390093958321 0
3261 -2.490046600741533 2.24902907509192 0
3262 1.46164060343232 3.34865463590411 0
3263 2.516289357401858 2.347983448850631 0
3264 1.919331424684074 3.346538538878749 0
3265 1.317098820987941 2.171673752217938 0
3266 2.489194068353458 3.428576484643294 0
3267 -1.150155577076107 1.740894009525917 0
3268 1.223209373594683 1.604194097556446 0
3269 2.35377880554249 3.434318445720073 0
3270 -1.550379916671764 3.359942812658884 0
3271 -1.123839526168438 2.233003323929879 0
3272 -2.066393303433324 1.666726888580439 0
3273 -0.2173516961582777 0.07053164804921819 0
3274 1.454359757082039 2.467317803406583 0
3275 1.897575777295736 0.2351220575288699 0
3276 2.204591065648922 2.230768705516517 0
3277 -0.1002040449235778 0.1393656482909433 0
3278 1.164777264750615 1.075137204256219 0
3279 -2.211421798060632 2.693524655345123 0
3280 -2.295455948635466 2.644686249903394 0
3281 -1.669093638836591 3.429248057233498 0
3282 1.801353908951279 1.69865165090671 0
3283 -1.580171288266307 0.9148759090021448 0
3284 1.572626915637941 0.9756903819016467 0
3285 -1.953476315698906 1.341165722119564 0
3286 -1.83688762377983 2.286557657850185 0
3287 -1.332255362309457 3.345426305352827 0
3288 -2.22316529027703 0.9862731256726476 0
3289 1.804969119699233 1.788047172883202 0
3290 -0.8946839903943125 2.293145554135013 0
3291 0.8434124103437648 1.03284708658749 0
3292 1.286828353418815 0.918820003209238 0
3293 -0.1120072640924537 3.352197949698001 0
3294 1.903758202546202 1.61966867698679 0
3295 1.853318863911057 1.142347905101975 0
3296 -1.506766649830181 2.157061017443298 0
3297 1.826161393989591 1.872657797038003 0
3298 -2.040409905889918 0.6787153568158926 0
3299 -1.700901123026632 2.380764132356749 0
3300 2.243009152182655 1.643797051689189 0
3301 -0.3590494546049816 1.774177537779789 0
3302 0.4522226793552052 0.07051688273592416 0
3303 2.16858834910893 2.17430550872359 0
3304 1.945902913888383 1.80520467840449 0
3305 1.504308020628319 2.202300693833792 0
3306 0.8533630170491183 2.322803539843632 0
3307 -1.169485542674194 1.803126522011925 0
3308 -1.760843091600149 1.266353400501718 0
3309 1.58351910052416 1.192131432230999 0
3310 1.6405347890266 1.165870209074238 0
3311 -1.907515232577281 3.345328253040527 0
3312 1.843913397242221 2.214098767592396 0
3313 -0.9842267553379371 1.763440179331719 0
3314 1.747930484682894 2.479000033018516 0
3315 1.510029689281682 2.494726631611837 0
3316 -1.520035898154509 1.411817486269258 0
3317 -1.059430252563946 1.551679040728623 0
3318 1.714978096648422 1.505433669502511 0
3319 2.243881784103777 2.485371309474517 0
3320 2.597729089395965 3.35003400005731 0
3321 -1.770843405256774 1.548631440419807 0
3322 -1.469014663584381 1.437504594890044 0
3323 -0.9499422470016322 0.1368448509036253 0
3324 1.054784852047964 1.264081429970611 0
3325 -1.417062538602362 2.128315756996273 0
3326 -1.137408549803348 0.1399137509135648 0
3327 -1.874552265547385 1.669293473350641 0
3328 1.081078946080242 2.474222098560339 0
3329 1.153143481465895 1.451266541170373 0
3330 1.156701536442385 3.35899712328944 0
3331 -1.73585806150557 1.998448120107277 0
3332 1.230597437681219 1.140154066294265 0
3333 -1.510609405771598 2.553365983412671 0
3334 1.437804587255747 2.18239492252567 0
3335 -0.8675176377403456 3.364126281292706 0
3336 -1.468031367367175 2.156851227657064 0
3337 0.7754165837278533 1.733854232301817 0
3338 -1.472391324099237 1.079152171772392 0
3339 1.839353028545117 0.8555170323588219 0
3340 -1.876207407851598 1.618533894669103 0
3341 -2.12815237027465 2.659379507383927 0
3342 1.200755566484371 2.084694082418321 0
3343 1.887571803216878 1.987973241819017 0
3344 -1.79137043769597 1.8543355393169 0
3345 1.219121647828904 1.634091866270647 0
3346 1.758609842167535 1.530983066616259 0
3347 0.6398350097136637 1.94241859494242 0
3348 -1.946281726640164 0.3169588916592758 0
3349 -1.210620964023958 3.274419132377504 0
3350 -2.135272798825922 1.841671435886332 0
3351 -1.268868629093963 2.456279595972051 0
3352 -0.9181304486845053 2.36207820349148 0
3353 -2.137425601947883 2.364890367085317 0
3354 -1.81397990620357 1.739486701522368 0
3355 1.945464327425287 2.174812871177262 0
3356 1.632254550131813 1.447209417134925 0
3357 -0.5539146962707597 3.347401587836074 0
3358 1.955377199044412 0.9942283660994087 0
3359 -1.31167770947807 1.987854531902902 0
3360 -1.836928566620595 2.352155993925525 0
3361 -0.6952486223821597 3.352815979686383 0
3362 0.2106352031633384 0.1375187048102495 0
3363 -1.194943444350214 1.821138258508186 0
3364 -0.7705044724964575 0.1406377832923091 0
3365 -1.595376456021302 1.422751707350018 0
3366 2.184650461383573 1.842201463125227 0
3367 1.740717391320527 2.322322314433023 0
3368 -2.709010638694763 2.983220064943714 0
3369 1.896247536094489 1.175640666095769 0
3370 1.209263024589658 1.434347353289475 0
3371 -1.857327866727083 2.812480822410105 0
3372 2.295299439796615 2.156078326116169 0
3373 1.523110991219113 2.175703079289057 0
3374 0.8360310295259679 0.9450725666621285 0
3375 -0.7453157904814157 1.792194684636772 0
3376 1.711862090680938 1.232982445159736 0
3377 1.893177629180233 0.1481867639873227 0
3378 -1.561766611462468 2.352924779851277 0
3379 -1.779460729864491 1.772242631790573 0
3380 -1.27662492933522 1.369257107707928 0
3381 2.495091246712571 2.260650187142303 0
3382 -2.051835969489504 2.708542778975569 0
3383 -1.434561532298452 0.1405347640611083 0
3384 2.82087197922716 3.435395035303007 0
3385 -2.827504513289252 3.431972495599138 0
3386 0.9430658713540685 1.553843965437059 0
3387 -1.241872086320409 1.959981775221906 0
3388 -1.619047619047622 0.1356137237734849 0
3389 2.14638594740433 2.286760600105544 0
3390 -2.332072937748434 1.384647175128564 0
3391 -1.818676759059227 2.678969839054955 0
3392 -2.882506969831034 3.282853986890618 0
3393 1.300586405753353 1.529098955419038 0
3394 -1.973634803976909 2.756898268255915 0
3395 -1.807065979930083 0.13604111395666 0
3396 1.232095853820993 1.860746382851011 0
3397 1.973033834595671 0.4080781880914039 0
3398 -0.4607986455660957 0.139778109590309 0
3399 -1.841142041194292 2.159310677019255 0
3400 1.751168298010548 1.621795987543488 0
3401 1.642204101554871 2.08710977564984 0
3402 -1.578884600560828 2.249386209591355 0
3403 1.918471597679947 1.743332952200481 0
3404 -1.490043816370824 0.8476651844531886 0
3405 1.097987917265992 2.339290842041046 0
3406 -0.6814725011290552 1.686790357945629 0
3407 -1.231256041307494 1.905347144303256 0
3408 1.285531512762276 2.156697434857802 0
3409 -1.526700437618237 2.213071615301712 0
3410 -1.96249201214943 1.173883556322136 0
3411 -0.9447066295595297 1.76095471929821 0
3412 -2.55741057889243 2.498482254867976 0
3413 1.19432619332848 0.9674319612950801 0
3414 1.798637534341006 1.750652340533037 0
3415 -1.830351559451122 2.126705292556048 0
3416 -2.502220418524237 3.363935860823753 0
3417 -2.330160140793061 3.373769101528688 0
3418 -1.147011381889365 1.783724248149306 0
3419 0.7821977067523271 1.075140596688782 0
3420 1.279407587364475 2.113247569759279 0
3421 -1.375517125867437 2.130201688552355 0
3422 -2.130119135882961 1.760368522767182 0
3423 -1.049925228527554 2.29518456279528 0
3424 2.143072026398136 3.355234601453294 0
3425 1.893804749372958 0.8929284408847573 0
3426 -1.803139678798998 1.707073220134153 0
3427 0.9677419354838627 3.365857787995965 0
3428 1.281415318684177 2.337779237406088 0
3429 -0.935578199002843 1.720788475983905 0
3430 -0.3125058788761008 1.547523586455841 0
3431 -0.923796655209101 1.372025351276377 0
3432 1.802818176978165 1.115097334757837 0
3433 -1.681242290805813 0.8994304111421398 0
3434 -1.35478111152992 2.487503629846074 0
3435 -1.326857799434351 1.51751455588277 0
3436 2.158612882290795 2.351334191541961 0
3437 0.7569094941099728 0.1373407663629356 0
3438 -1.064516129032265 3.366476992853416 0
3439 2.583201534787988 2.93390730408811 0
3440 0.06892263234461939 0.1484872068010052 0
3441 -1.434853847707096 1.379126940233962 0
3442 1.324944040422208 3.349706310117372 0
3443 -2.802788604605219 3.372902281068087 0
3444 1.949226222343494 2.129342012166509 0
3445 1.527288790252072 2.396294856212345 0
3446 -1.44098431810555 2.519204746112743 0
3447 1.069833006453468 0.1467998807070447 0
3448 -1.055623530678402 2.342698901807284 0
3449 2.385288077717271 1.842540690752291 0
3450 1.460779852753064 1.476027707897765 0
3451 2.06132791162928 1.441885890472415 0
3452 -1.705634337038198 1.22884114976227 0
3453 -2.416369711061243 2.352199674755837 0
3454 -1.762786980074708 1.33381352328026 0
3455 1.627915433833338 2.04125758006737 0
$EndNodes
$Elements
6912
1 1 2 2 1 1 7
2 1 2 2 1 7 8
3 1 2 2 1 8 9
4 1 2 2 1 9 10
5 1 2 2 1 10 11
6 1 2 2 1 11 12
7 1 2 2 1 12 13
8 1 2 2 1 13 14
9 1 2 2 1 14 15
10 1 2 2 1 15 16
11 1 2 2 1 16 17
12 1 2 2 1 17 18
13 1 2 2 1 18 19
14 1 2 2 1 19 20
15 1 2 2 1 20 21
16 1 2 2 1 21 22
17 1 2 2 1 22 23
18 1 2 2 1 23 24
19 1 2 2 1 24 25
20 1 2 2 1 25 26
21 1 2 2 1 26 27
22 1 2 2 1 27 28
23 1 2 2 1 28 29
24 1 2 2 1 29 30
25 1 2 2 1 30 31
26 1 2 2 1 31 32
27 1 2 2 1 32 33
28 1 2 2 1 33 34
29 1 2 2 1 34 35
30 1 2 2 1 35 36
31 1 2 2 1 36 37
32 1 2 2 1 37 38
33 1 2 2 1 38 39
34 1 2 2 1 39 40
35 1 2 2 1 40 41
36 1 2 2 1 41 42
37 1 2 2 1 42 43
38 1 2 2 1 43 44
39 1 2 2 1 44 45
40 1 2 2 1 45 46
41 1 2 2 1 46 47
42 1 2 2 1 47 2
43 1 2 3 2 3 48
44 1 2 3 2 48 49
45 1 2 3 2 49 50
46 1 2 3 2 50 51
47 1 2 3 2 51 52
48 1 2 3 2 52 53
49 1 2 3 2 53 54
50 1 2 3 2 54 55
51 1 2 3 2 55 56
52 1 2 3 2 56 57
53 1 2 3 2 57 58
54 1 2 3 2 58 59
55 1 2 3 2 59 60
56 1 2 3 2 60 61
57 1 2 3 2 61 62
58 1 2 3 2 62 63
59 1 2 3 2 63 64
60 1 2 3 2 64 65
61 1 2 3 2 65 66
62 1 2 3 2 66 67
63 1 2 3 2 67 68
64 1 2 3 2 68 69
65 1 2 3 2 69 70
66 1 2 3 2 70 71
67 1 2 3 2 71 72
68 1 2 3 2 72 73
69 1 2 3 2 73 74
70 1 2 3 2 74 75
71 1 2 3 2 75 76
72 1 2 3 2 76 77
73 1 2 3 2 77 78
74 1 2 3 2 78 79
75 1 2 3 2 79 80
76 1 2 3 2 80 81
77 1 2 3 2 81 82
78 1 2 3 2 82 83
79 1 2 3 2 83 84
80 1 2 3 2 84 1
81 1 2 3 3 2 85
82 1 2 3 3 85 86
83 1 2 3 3 86 87
84 1 2 3 3 87 88
85 1 2 3 3 88 89
86 1 2 3 3 89 90
87 1 2 3 3 90 91
88 1 2 3 3 91 92
89 1 2 3 3 92 93
90 1 2 3 3 93 94
91 1 2 3 3 94 95
92 1 2 3 3 95 96
93 1 2 3 3 96 97
94 1 2 3 3 97 98
95 1 2 3 3 98 99
96 1 2 3 3 99 100
97 1 2 3 3 100 101
98 1 2 3 3 101 102
99 1 2 3 3 102 103
100 1 2 3 3 103 104
101 1 2 3 3 104 105
102 1 2 3 3 105 106
103 1 2 3 3 106 107
104 1 2 3 3 107 108
105 1 2 3 3 108 109
106 1 2 3 3 109 110
107 1 2 3 3 110 111
108 1 2 3 3 111 112
109 1 2 3 3 112 113
110 1 2 3 3 113 114
111 1 2 3 3 114 115
112 1 2 3 3 115 116
113 1 2 3 3 116 117
114 1 2 3 3 117 118
115 1 2 3 3 118 119
116 1 2 3 3 119 120
117 1 2 3 3 120 121
118 1 2 3 3 121 4
119 1 2 1 4 4 122
120 1 2 1 4 122 123
121 1 2 1 4 123 124
122 1 2 1 4 124 125
123 1 2 1 4 125 126
124 1 2 1 4 126 127
125 1 2 1 4 127 128
126 1 2 1 4 128 129
127 1 2 1 4 129 130
128 1 2 1 4 130 131
129 1 2 1 4 131 132
130 1 2 1 4 132 133
131 1 2 1 4 133 134
132 1 2 1 4 134 135
133 1 2 1 4 135 136
134 1 2 1 4 136 137
135 1 2 1 4 137 138
136 1 2 1 4 138 139
137 1 2 1 4 139 140
138 1 2 1 4 140 141
139 1 2 1 4 141 142
140 1 2 1 4 142 143
141 1 2 1 4 143 144
142 1 2 1 4 144 145
143 1 2 1 4 145 146
144 1 2 1 4 146 147
145 1 2 1 4 147 148
146 1 2 1 4 148 149
147 1 2 1 4 149 150
148 1 2 1 4 150 151
149 1 2 1 4 151 152
150 1 2 1 4 152 153
151 1 2 1 4 153 154
152 1 2 1 4 154 155
153 1 2 1 4 155 156
154 1 2 1 4 156 157
155 1 2 1 4 157 158
156 1 2 1 4 158 159
157 1 2 1 4 159 160
158 1 2 1 4 160 161
159 1 2 1 4 161 162
160 1 2 1 4 162 163
161 1 2 1 4 163 164
162 1 2 1 4 164 165
163 1 2 1 4 165 166
164 1 2 1 4 166 167
165 1 2 1 4 167 168
166 1 2 1 4 168 169
167 1 2 1 4 169 170
168 1 2 1 4 170 171
169 1 2 1 4 171 172
170 1 2 1 4 172 173
171 1 2 1 4 173 174
172 1 2 1 4 174 175
173 1 2 1 4 175 176
174 1 2 1 4 176 177
175 1 2 1 4 177 178
176 1 2 1 4 178 179
177 1 2 1 4 179 180
178 1 2 1 4 180 181
179 1 2 1 4 181 182
180 1 2 1 4 182 3
181 1 2 4 5 5 183
182 1 2 4 5 183 184
183 1 2 4 5 184 185
184 1 2 4 5 185 186
185 1 2 4 5 186 187
186 1 2 4 5 187 188
187 1 2 4 5 188 189
188 1 2 4 5 189 190
189 1 2 4 5 190 191
190 1 2 4 5 191 192
191 1 2 4 5 192 193
192 1 2 4 5 193 194
193 1 2 4 5 194 195
194 1 2 4 5 195 196
195 1 2 4 5 196 197
196 1 2 4 5 197 198
197 1 2 4 5 198 199
198 1 2 4 5 199 200
199 1 2 4 5 200 201
200 1 2 4 5 201 202
201 1 2 4 5 202 203
202 1 2 4 5 203 204
203 1 2 4 5 204 205
204 1 2 4 5 205 206
205 1 2 4 5 206 207
206 1 2 4 5 207 208
207 1 2 4 5 208 209
208 1 2 4 5 209 210
209 1 2 4 5 210 211
210 1 2 4 5 211 212
211 1 2 4 5 212 213
212 1 2 4 5 213 214
213 1 2 4 5 214 215
214 1 2 4 5 215 216
215 1 2 4 5 216 217
216 1 2 4 5 217 218
217 1 2 4 5 218 219
218 1 2 4 5 219 220
219 1 2 4 5 220 221
220 1 2 4 5 221 222
221 1 2 4 5 222 5
222 1 2 4 6 6 223
223 1 2 4 6 223 224
224 1 2 4 6 224 225
225 1 2 4 6 225 226
226 1 2 4 6 226 227
227 1 2 4 6 227 228
228 1 2 4 6 228 229
229 1 2 4 6 229 230
230 1 2 4 6 230 231
231 1 2 4 6 231 232
232 1 2 4 6 232 233
233 1 2 4 6 233 234
234 1 2 4 6 234 235
235 1 2 4 6 235 236
236 1 2 4 6 236 237
237 1 2 4 6 237 238
238 1 2 4 6 238 239
239 1 2 4 6 239 240
240 1 2 4 6 240 241
241 1 2 4 6 241 242
242 1 2 4 6 242 243
243 1 2 4 6 243 244
244 1 2 4 6 244 245
245 1 2 4 6 245 246
246 1 2 4 6 246 247
247 1 2 4 6 247 248
248 1 2 4 6 248 249
249 1 2 4 6 249 250
250 1 2 4 6 250 251
251 1 2 4 6 251 252
252 1 2 4 6 252 253
253 1 2 4 6 253 254
254 1 2 4 6 254 255
255 1 2 4 6 255 256
256 1 2 4 6 256 257
257 1 2 4 6 257 258
258 1 2 4 6 258 259
259 1 2 4 6 259 260
260 1 2 4 6 260 261
261 1 2 4 6 261 262
262 1 2 4 6 262 6
263 2 2 10 4 319 2230 1943
264 2 2 10 4 2369 3021 1874
265 2 2 10 4 3145 3399 1200
266 2 2 10 4 2104 3186 989
267 2 2 10 4 2078 2570 338
268 2 2 10 4 670 2326 672
269 2 2 10 4 1869 2095 1637
270 2 2 10 4 1938 2069 862
271 2 2 10 4 1932 2042 1934
272 2 2 10 4 2649 3012 2599
273 2 2 10 4 1936 2781 652
274 2 2 10 4 2118 2294 1656
275 2 2 10 4 654 2099 1354
276 2 2 10 4 2315 2975 1100
277 2 2 10 4 338 3218 2078
278 2 2 10 4 1513 2160 1514
279 2 2 10 4 3002 3194 2023
280 2 2 10 4 2124 3145 1200
281 2 2 10 4 597 2841 2664
282 2 2 10 4 604 2179 520
283 2 2 10 4 646 2297 627
284 2 2 10 4 1515 3083 2915
285 2 2 10 4 2023 2726 660
286 2 2 10 4 1612 2982 1874
287 2 2 10 4 2706 2707 2299
288 2 2 10 4 2268 2684 496
289 2 2 10 4 2160 2818 1514
290 2 2 10 4 348 2689 2502
291 2 2 10 4 862 3312 1938
292 2 2 10 4 1839 2251 2158
293 2 2 10 4 2031 3073 1334
294 2 2 10 4 2003 3151 1381
295 2 2 10 4 2095 2123 1637
296 2 2 10 4 1943 2227 319
297 2 2 10 4 1339 2712 1460
298 2 2 10 4 1381 2969 2003
299 2 2 10 4 236 2243 1975
300 2 2 10 4 2121 3196 2231
301 2 2 10 4 1170 3194 3002
302 2 2 10 4 2197 2774 2014
303 2 2 10 4 743 2908 2313
304 2 2 10 4 1100 2837 2315
305 2 2 10 4 2281 2788 274
306 2 2 10 4 2298 3157 2116
307 2 2 10 4 579 2642 2083
308 2 2 10 4 3091 3142 1847
309 2 2 10 4 1777 2788 2281
310 2 2 10 4 627 2297 629
311 2 2 10 4 2075 2268 496
312 2 2 10 4 1979 1986 302
313 2 2 10 4 1863 3152 3036
314 2 2 10 4 1986 2047 302
315 2 2 10 4 989 3186 990
316 2 2 10 4 306 3161 2730
317 2 2 10 4 2599 2803 2649
318 2 2 10 4 2026 3164 183
319 2 2 10 4 1985 2743 1250
320 2 2 10 4 819 3021 2369
321 2 2 10 4 1961 2220 1564
322 2 2 10 4 1885 3113 3086
323 2 2 10 4 1921 2711 1923
324 2 2 10 4 352 2482 1977
325 2 2 10 4 1643 2762 2163
326 2 2 10 4 2194 2376 1917
327 2 2 10 4 1977 2481 352
328 2 2 10 4 650 3272 1984
329 2 2 10 4 3029 3143 1728
330 2 2 10 4 1666 2234 2091
331 2 2 10 4 1819 2964 2100
332 2 2 10 4 2664 2841 1820
333 2 2 10 4 660 3002 2023
334 2 2 10 4 307 2903 2073
335 2 2 10 4 2074 2190 1486
336 2 2 10 4 2502 3199 348
337 2 2 10 4 2136 3314 845
338 2 2 10 4 650 3005 2943
339 2 2 10 4 1250 2106 1985
340 2 2 10 4 1564 2277 1961
341 2 2 10 4 844 2136 845
342 2 2 10 4 3099 3184 1875
343 2 2 10 4 1709 3157 2298
344 2 2 10 4 199 3103 1965
345 2 2 10 4 3086 3113 1082
346 2 2 10 4 2200 3418 1182
347 2 2 10 4 1060 3137 2735
348 2 2 10 4 1965 2827 199
349 2 2 10 4 1964 2797 220
350 2 2 10 4 183 3164 264
351 2 2 10 4 2849 3096 1803
352 2 2 10 4 2915 3083 2049
353 2 2 10 4 572 3171 2128
354 2 2 10 4 576 2642 579
355 2 2 10 4 1043 2163 607
356 2 2 10 4 2301 2720 1544
357 2 2 10 4 2322 2793 1798
358 2 2 10 4 1831 2816 2226
359 2 2 10 4 1778 3322 3075
360 2 2 10 4 2011 3179 2027
361 2 2 10 4 654 3432 2099
362 2 2 10 4 1715 3343 2102
363 2 2 10 4 2123 2851 1638
364 2 2 10 4 967 3428 2149
365 2 2 10 4 2305 2695 726
366 2 2 10 4 1942 2594 2582
367 2 2 10 4 1209 2222 2221
368 2 2 10 4 2918 2977 924
369 2 2 10 4 672 2326 675
370 2 2 10 4 302 3207 1979
371 2 2 10 4 1544 2720 2066
372 2 2 10 4 2118 2843 2294
373 2 2 10 4 1991 2736 1604
374 2 2 10 4 1803 3096 1721
375 2 2 10 4 2185 2187 2183
376 2 2 10 4 2091 2114 1666
377 2 2 10 4 220 3056 1964
378 2 2 10 4 1334 2895 2031
379 2 2 10 4 1030 2774 2197
380 2 2 10 4 1182 3418 1319
381 2 2 10 4 1050 2192 1291
382 2 2 10 4 1659 2182 2044
383 2 2 10 4 2618 2984 2191
384 2 2 10 4 922 2981 2789
385 2 2 10 4 824 3328 2145
386 2 2 10 4 1932 2356 2042
387 2 2 10 4 71 2245 1998
388 2 2 10 4 1363 2712 1339
389 2 2 10 4 228 3184 3099
390 2 2 10 4 2158 2251 702
391 2 2 10 4 300 2669 2057
392 2 2 10 4 1984 3005 650
393 2 2 10 4 1769 2684 2268
394 2 2 10 4 1652 2087 1650
395 2 2 10 4 1822 3035 2691
396 2 2 10 4 1778 3075 2275
397 2 2 10 4 1170 3211 3194
398 2 2 10 4 2745 3036 781
399 2 2 10 4 2944 3118 1834
400 2 2 10 4 2244 2711 1921
401 2 2 10 4 3047 3050 2655
402 2 2 10 4 2314 2973 383
403 2 2 10 4 1298 3169 2865
404 2 2 10 4 1239 2218 1485
405 2 2 10 4 444 2166 456
406 2 2 10 4 1992 3100 2729
407 2 2 10 4 1996 3160 3091
408 2 2 10 4 2670 3215 1910
409 2 2 10 4 1992 2729 1644
410 2 2 10 4 2730 3161 1869
411 2 2 10 4 1669 2244 1921
412 2 2 10 4 560 3171 572
413 2 2 10 4 1485 2120 1649
414 2 2 10 4 1819 2100 2099
415 2 2 10 4 1384 2113 1382
416 2 2 10 4 1073 3223 2862
417 2 2 10 4 1863 3036 2745
418 2 2 10 4 1382 2113 1978
419 2 2 10 4 985 3334 1976
420 2 2 10 4 1180 2200 1182
421 2 2 10 4 2865 3169 2756
422 2 2 10 4 2541 2631 286
423 2 2 10 4 2109 2110 1512
424 2 2 10 4 3036 3152 1043
425 2 2 10 4 2789 2981 1763
426 2 2 10 4 2119 2869 1590
427 2 2 10 4 431 2984 2618
428 2 2 10 4 1924 3334 3159
429 2 2 10 4 1909 3084 2644
430 2 2 10 4 2183 2187 871
431 2 2 10 4 2257 2870 625
432 2 2 10 4 2278 3112 2025
433 2 2 10 4 2263 2533 299
434 2 2 10 4 652 2919 1936
435 2 2 10 4 1558 2141 413
436 2 2 10 4 2404 2652 2403
437 2 2 10 4 1885 3203 1052
438 2 2 10 4 2163 2762 2162
439 2 2 10 4 1407 2097 995
440 2 2 10 4 1163 2098 1102
441 2 2 10 4 1190 3041 1250
442 2 2 10 4 1052 3113 1885
443 2 2 10 4 1975 3253 236
444 2 2 10 4 520 2179 518
445 2 2 10 4 1926 2711 2050
446 2 2 10 4 1291 2192 1592
447 2 2 10 4 2267 2876 2041
448 2 2 10 4 2073 3288 307
449 2 2 10 4 2129 3148 2249
450 2 2 10 4 2185 3061 2187
451 2 2 10 4 2876 3421 2041
452 2 2 10 4 2099 2100 1354
453 2 2 10 4 3091 3160 637
454 2 2 10 4 2313 2908 1737
455 2 2 10 4 2691 3003 1822
456 2 2 10 4 2214 3167 2212
457 2 2 10 4 1625 2449 2448
458 2 2 10 4 1976 3305 985
459 2 2 10 4 2121 2231 676
460 2 2 10 4 1668 2244 1669
461 2 2 10 4 1919 2087 1652
462 2 2 10 4 2182 3212 2044
463 2 2 10 4 1960 3192 2650
464 2 2 10 4 2013 3179 2011
465 2 2 10 4 1904 3095 2659
466 2 2 10 4 936 2279 2132
467 2 2 10 4 1708 2983 2010
468 2 2 10 4 2240 2977 2918
469 2 2 10 4 2735 3137 1846
470 2 2 10 4 2072 2074 321
471 2 2 10 4 2080 3172 1457
472 2 2 10 4 1987 3162 774
473 2 2 10 4 2133 2323 467
474 2 2 10 4 1250 3041 2106
475 2 2 10 4 1467 2234 1666
476 2 2 10 4 1836 3118 2944
477 2 2 10 4 2217 2845 465
478 2 2 10 4 1728 3143 2135
479 2 2 10 4 2025 3115 2278
480 2 2 10 4 2582 2594 2580
481 2 2 10 4 2017 2167 2020
482 2 2 10 4 2036 2168 2039
483 2 2 10 4 2107 2845 2217
484 2 2 10 4 385 2208 387
485 2 2 10 4 597 2664 594
486 2 2 10 4 1790 2741 2231
487 2 2 10 4 2226 3168 1831
488 2 2 10 4 824 2145 826
489 2 2 10 4 896 2101 920
490 2 2 10 4 2055 3384 3192
491 2 2 10 4 48 2056 182
492 2 2 10 4 122 2055 121
493 2 2 10 4 1798 2906 2322
494 2 2 10 4 3061 3169 2772
495 2 2 10 4 2255 2257 625
496 2 2 10 4 712 2790 725
497 2 2 10 4 1804 2130 1803
498 2 2 10 4 2069 3355 888
499 2 2 10 4 2096 3089 3009
500 2 2 10 4 2101 2102 920
501 2 2 10 4 2164 2326 670
502 2 2 10 4 1043 3119 2163
503 2 2 10 4 1209 2221 1372
504 2 2 10 4 1629 2450 1626
505 2 2 10 4 652 2781 567
506 2 2 10 4 2734 3127 1963
507 2 2 10 4 1816 3223 2634
508 2 2 10 4 646 3422 2297
509 2 2 10 4 1750 2695 2305
510 2 2 10 4 2141 2142 413
511 2 2 10 4 120 2592 119
512 2 2 10 4 1869 3161 2095
513 2 2 10 4 310 2303 1997
514 2 2 10 4 72 2245 71
515 2 2 10 4 2943 3005 1792
516 2 2 10 4 1274 3413 2153
517 2 2 10 4 1625 2450 2449
518 2 2 10 4 1138 2127 2126
519 2 2 10 4 2404 3287 2652
520 2 2 10 4 2707 3237 2299
521 2 2 10 4 604 3242 2179
522 2 2 10 4 304 2115 2114
523 2 2 10 4 1655 2982 1612
524 2 2 10 4 1715 2102 2101
525 2 2 10 4 2650 3192 362
526 2 2 10 4 345 2643 1969
527 2 2 10 4 2264 2790 712
528 2 2 10 4 2379 3179 3074
529 2 2 10 4 2261 3358 2866
530 2 2 10 4 2682 2828 1676
531 2 2 10 4 2055 3192 2592
532 2 2 10 4 1486 3102 2074
533 2 2 10 4 2206 2212 2203
534 2 2 10 4 844 2171 2068
535 2 2 10 4 1100 2966 2837
536 2 2 10 4 77 2242 76
537 2 2 10 4 2227 2751 319
538 2 2 10 4 2189 3211 1170
539 2 2 10 4 1453 2756 2291
540 2 2 10 4 1208 3142 3091
541 2 2 10 4 1646 3407 2105
542 2 2 10 4 1496 2189 1447
543 2 2 10 4 2243 2244 1668
544 2 2 10 4 1042 2828 2682
545 2 2 10 4 2266 2318 1636
546 2 2 10 4 2010 2983 277
547 2 2 10 4 2862 3223 1973
548 2 2 10 4 1422 2318 1344
549 2 2 10 4 1905 2980 2293
550 2 2 10 4 2034 2168 2036
551 2 2 10 4 2015 2167 2017
552 2 2 10 4 2006 2047 2008
553 2 2 10 4 2009 2045 284
554 2 2 10 4 2057 3298 300
555 2 2 10 4 698 2125 731
556 2 2 10 4 1862 2283 2127
557 2 2 10 4 2011 2027 196
558 2 2 10 4 2032 2065 242
559 2 2 10 4 194 2010 277
560 2 2 10 4 1135 3150 1962
561 2 2 10 4 1449 3215 3175
562 2 2 10 4 1024 2376 2194
563 2 2 10 4 2009 3322 2045
564 2 2 10 4 1821 2990 2286
565 2 2 10 4 3009 3089 336
566 2 2 10 4 975 2727 2209
567 2 2 10 4 2149 3428 2793
568 2 2 10 4 944 2239 954
569 2 2 10 4 383 3332 2314
570 2 2 10 4 2231 2741 679
571 2 2 10 4 2150 2775 1788
572 2 2 10 4 3081 3271 2836
573 2 2 10 4 954 2239 1149
574 2 2 10 4 1460 2712 2161
575 2 2 10 4 1988 2735 1846
576 2 2 10 4 2837 2966 1791
577 2 2 10 4 2309 2948 1717
578 2 2 10 4 2991 3042 2190
579 2 2 10 4 2544 3050 3047
580 2 2 10 4 2042 2907 1934
581 2 2 10 4 1997 3215 310
582 2 2 10 4 2582 3362 1942
583 2 2 10 4 299 2533 2241
584 2 2 10 4 1151 2287 966
585 2 2 10 4 2665 3056 268
586 2 2 10 4 2659 3000 1904
587 2 2 10 4 1986 3224 2047
588 2 2 10 4 1447 2189 1177
589 2 2 10 4 280 2543 2542
590 2 2 10 4 887 2186 882
591 2 2 10 4 2209 2813 975
592 2 2 10 4 87 2637 86
593 2 2 10 4 2166 2729 456
594 2 2 10 4 2107 2324 1535
595 2 2 10 4 268 3257 2665
596 2 2 10 4 2276 2883 1534
597 2 2 10 4 984 2776 2044
598 2 2 10 4 2712 3343 1715
599 2 2 10 4 3008 3216 527
600 2 2 10 4 398 2238 2232
601 2 2 10 4 908 2122 1131
602 2 2 10 4 1846 2863 1988
603 2 2 10 4 2833 3315 1850
604 2 2 10 4 170 3024 1994
605 2 2 10 4 1975 2243 1668
606 2 2 10 4 1604 2737 1991
607 2 2 10 4 1996 3091 1847
608 2 2 10 4 774 3271 1987
609 2 2 10 4 2050 3116 1926
610 2 2 10 4 1944 2851 2123
611 2 2 10 4 493 2131 1474
612 2 2 10 4 2149 2856 967
613 2 2 10 4 2521 2522 754
614 2 2 10 4 2081 3070 728
615 2 2 10 4 2644 3084 339
616 2 2 10 4 2053 3358 2261
617 2 2 10 4 1074 2300 2240
618 2 2 10 4 2305 3139 1745
619 2 2 10 4 335 3111 1940
620 2 2 10 4 1994 3281 170
621 2 2 10 4 2646 2647 1771
622 2 2 10 4 1771 3053 2646
623 2 2 10 4 1465 2287 1151
624 2 2 10 4 1138 2126 630
625 2 2 10 4 2522 2524 754
626 2 2 10 4 2092 2328 1718
627 2 2 10 4 1457 3352 2080
628 2 2 10 4 1998 3390 71
629 2 2 10 4 2187 3061 2239
630 2 2 10 4 271 3012 2649
631 2 2 10 4 2127 2283 2126
632 2 2 10 4 716 2786 2195
633 2 2 10 4 2089 2335 1730
634 2 2 10 4 2203 2212 2202
635 2 2 10 4 924 2977 2891
636 2 2 10 4 1603 2482 1971
637 2 2 10 4 716 3166 2786
638 2 2 10 4 2867 3043 1940
639 2 2 10 4 827 3328 824
640 2 2 10 4 537 2552 2549
641 2 2 10 4 1163 3441 2098
642 2 2 10 4 2105 3407 2043
643 2 2 10 4 2177 2178 1595
644 2 2 10 4 2978 3252 3246
645 2 2 10 4 2068 2136 844
646 2 2 10 4 1152 2218 1239
647 2 2 10 4 694 3051 2071
648 2 2 10 4 1372 2893 1873
649 2 2 10 4 2229 2751 2227
650 2 2 10 4 2074 3102 321
651 2 2 10 4 2318 3321 1636
652 2 2 10 4 605 2163 2162
653 2 2 10 4 1138 2334 2127
654 2 2 10 4 1910 3261 2670
655 2 2 10 4 1959 3037 320
656 2 2 10 4 936 2132 886
657 2 2 10 4 2077 2874 283
658 2 2 10 4 607 2163 605
659 2 2 10 4 2170 2883 2276
660 2 2 10 4 2010 2938 1708
661 2 2 10 4 2171 3315 2833
662 2 2 10 4 1458 3092 2237
663 2 2 10 4 308 2714 2052
664 2 2 10 4 861 2069 888
665 2 2 10 4 1874 2982 2369
666 2 2 10 4 1667 2714 2311
667 2 2 10 4 321 2245 72
668 2 2 10 4 1512 2272 2109
669 2 2 10 4 2249 3148 561
670 2 2 10 4 836 3127 2734
671 2 2 10 4 1917 3331 2194
672 2 2 10 4 2255 2987 2256
673 2 2 10 4 1583 2962 2232
674 2 2 10 4 1940 3043 335
675 2 2 10 4 565 2139 652
676 2 2 10 4 3037 3225 42
677 2 2 10 4 2212 3167 2213
678 2 2 10 4 2930 3139 2305
679 2 2 10 4 2279 3193 3085
680 2 2 10 4 1949 2318 1422
681 2 2 10 4 1664 2324 2107
682 2 2 10 4 3159 3334 2157
683 2 2 10 4 5 2026 183
684 2 2 10 4 239 2030 240
685 2 2 10 4 2574 2673 360
686 2 2 10 4 1407 3340 2097
687 2 2 10 4 2095 3161 205
688 2 2 10 4 2175 2270 581
689 2 2 10 4 758 2195 1434
690 2 2 10 4 957 2287 2088
691 2 2 10 4 76 2242 307
692 2 2 10 4 2232 2962 440
693 2 2 10 4 1816 2634 1789
694 2 2 10 4 2083 3230 579
695 2 2 10 4 2079 3216 3008
696 2 2 10 4 1675 2672 2671
697 2 2 10 4 2044 3212 984
698 2 2 10 4 2114 2115 1666
699 2 2 10 4 2088 3031 2087
700 2 2 10 4 736 3421 2173
701 2 2 10 4 920 2869 2119
702 2 2 10 4 2154 3332 2953
703 2 2 10 4 1108 2157 965
704 2 2 10 4 115 2230 114
705 2 2 10 4 1319 2151 1184
706 2 2 10 4 2319 3132 682
707 2 2 10 4 323 3043 2867
708 2 2 10 4 1384 2196 2113
709 2 2 10 4 310 3215 2670
710 2 2 10 4 1596 2198 1435
711 2 2 10 4 2621 3045 31
712 2 2 10 4 467 2323 464
713 2 2 10 4 1714 3042 2991
714 2 2 10 4 2165 2166 446
715 2 2 10 4 754 2724 2521
716 2 2 10 4 1977 2482 1603
717 2 2 10 4 995 2097 634
718 2 2 10 4 1938 3355 2069
719 2 2 10 4 2085 3355 1938
720 2 2 10 4 1485 3073 2120
721 2 2 10 4 387 2208 390
722 2 2 10 4 2110 3229 1512
723 2 2 10 4 668 2164 670
724 2 2 10 4 1166 3421 736
725 2 2 10 4 1194 2203 2202
726 2 2 10 4 2666 2848 1806
727 2 2 10 4 581 3404 2175
728 2 2 10 4 2552 2553 2549
729 2 2 10 4 63 2303 310
730 2 2 10 4 2334 3327 2127
731 2 2 10 4 1045 2683 2360
732 2 2 10 4 31 3302 2621
733 2 2 10 4 893 2101 896
734 2 2 10 4 1471 3202 3150
735 2 2 10 4 114 2230 319
736 2 2 10 4 2935 3040 2522
737 2 2 10 4 2262 2927 308
738 2 2 10 4 1687 3040 2935
739 2 2 10 4 2052 2954 308
740 2 2 10 4 728 3052 2081
741 2 2 10 4 887 2291 2186
742 2 2 10 4 2118 3284 2843
743 2 2 10 4 321 3102 2245
744 2 2 10 4 2092 3207 302
745 2 2 10 4 267 3268 2084
746 2 2 10 4 496 3299 2075
747 2 2 10 4 2139 2754 652
748 2 2 10 4 2251 2683 1045
749 2 2 10 4 2221 2893 1372
750 2 2 10 4 500 2177 1595
751 2 2 10 4 2047 3224 2008
752 2 2 10 4 1102 2098 1104
753 2 2 10 4 2521 2724 2523
754 2 2 10 4 283 3357 2077
755 2 2 10 4 686 2170 684
756 2 2 10 4 1071 2818 2160
757 2 2 10 4 2286 3170 1821
758 2 2 10 4 1408 2266 1636
759 2 2 10 4 2249 3182 2129
760 2 2 10 4 1961 2277 1710
761 2 2 10 4 2722 2998 275
762 2 2 10 4 1953 3024 290
763 2 2 10 4 1334 3073 2218
764 2 2 10 4 1259 3167 2216
765 2 2 10 4 287 2450 2201
766 2 2 10 4 1759 3068 2970
767 2 2 10 4 320 3240 1959
768 2 2 10 4 308 2954 2262
769 2 2 10 4 1833 3276 2860
770 2 2 10 4 2052 2714 1667
771 2 2 10 4 1048 2192 1050
772 2 2 10 4 1962 3234 1135
773 2 2 10 4 1923 2711 1926
774 2 2 10 4 286 3165 2541
775 2 2 10 4 1788 2775 1787
776 2 2 10 4 605 2162 601
777 2 2 10 4 1490 2336 1496
778 2 2 10 4 2449 2450 287
779 2 2 10 4 2122 2373 1131
780 2 2 10 4 2287 3342 2088
781 2 2 10 4 2095 3426 2123
782 2 2 10 4 1842 3435 3020
783 2 2 10 4 2143 2144 1195
784 2 2 10 4 2103 3184 298
785 2 2 10 4 385 3324 2208
786 2 2 10 4 309 3426 2095
787 2 2 10 4 949 2155 948
788 2 2 10 4 2542 3239 280
789 2 2 10 4 622 2913 2801
790 2 2 10 4 2005 3182 2853
791 2 2 10 4 2120 2831 1649
792 2 2 10 4 970 2088 2087
793 2 2 10 4 1868 2976 1845
794 2 2 10 4 2277 2719 1710
795 2 2 10 4 2170 2276 684
796 2 2 10 4 2032 3227 2285
797 2 2 10 4 1510 3068 1759
798 2 2 10 4 2141 3092 1458
799 2 2 10 4 717 2159 716
800 2 2 10 4 1659 2299 2182
801 2 2 10 4 625 2987 2255
802 2 2 10 4 2284 3413 1274
803 2 2 10 4 1686 2806 2067
804 2 2 10 4 1194 2202 392
805 2 2 10 4 2755 2964 1072
806 2 2 10 4 1946 3301 3246
807 2 2 10 4 2297 3422 2070
808 2 2 10 4 2880 3210 1146
809 2 2 10 4 2285 3114 2032
810 2 2 10 4 2891 2977 1989
811 2 2 10 4 2953 3278 2154
812 2 2 10 4 2545 3047 1424
813 2 2 10 4 2301 3301 1946
814 2 2 10 4 1171 2266 1408
815 2 2 10 4 290 3311 1953
816 2 2 10 4 2201 2450 1629
817 2 2 10 4 1626 2450 1625
818 2 2 10 4 2216 2814 1259
819 2 2 10 4 704 2195 758
820 2 2 10 4 1969 3228 345
821 2 2 10 4 2185 3169 3061
822 2 2 10 4 2198 2200 1180
823 2 2 10 4 2801 2913 2548
824 2 2 10 4 2112 3371 2454
825 2 2 10 4 2030 3396 240
826 2 2 10 4 367 2339 364
827 2 2 10 4 1698 3260 3030
828 2 2 10 4 2070 3422 1697
829 2 2 10 4 2454 3394 2112
830 2 2 10 4 371 2679 369
831 2 2 10 4 3194 3211 2018
832 2 2 10 4 2438 2971 2888
833 2 2 10 4 2156 2192 1048
834 2 2 10 4 446 2166 444
835 2 2 10 4 900 3304 2180
836 2 2 10 4 900 2180 901
837 2 2 10 4 1353 2236 1758
838 2 2 10 4 2057 2669 2058
839 2 2 10 4 3132 3375 682
840 2 2 10 4 1687 2806 1686
841 2 2 10 4 2206 2214 2212
842 2 2 10 4 2086 3064 269
843 2 2 10 4 575 2642 576
844 2 2 10 4 660 2272 617
845 2 2 10 4 1535 2845 2107
846 2 2 10 4 1435 2198 1179
847 2 2 10 4 2014 3217 2197
848 2 2 10 4 827 2982 2812
849 2 2 10 4 2098 3441 2275
850 2 2 10 4 1624 3209 3114
851 2 2 10 4 1313 3049 3013
852 2 2 10 4 2158 3141 3034
853 2 2 10 4 1248 2761 1681
854 2 2 10 4 1976 3334 2780
855 2 2 10 4 121 4 122
856 2 2 10 4 3 48 182
857 2 2 10 4 2788 3020 274
858 2 2 10 4 3030 3260 2383
859 2 2 10 4 509 2117 773
860 2 2 10 4 1596 2199 2198
861 2 2 10 4 293 2945 2648
862 2 2 10 4 2570 2571 338
863 2 2 10 4 2473 3225 3037
864 2 2 10 4 369 2679 1266
865 2 2 10 4 119 2592 357
866 2 2 10 4 2055 2592 120
867 2 2 10 4 2174 2344 1282
868 2 2 10 4 732 2172 1082
869 2 2 10 4 3075 3322 2009
870 2 2 10 4 1687 2935 2806
871 2 2 10 4 2132 2292 887
872 2 2 10 4 3101 3304 900
873 2 2 10 4 1665 2196 1384
874 2 2 10 4 1637 2123 1638
875 2 2 10 4 321 2996 2072
876 2 2 10 4 451 2165 446
877 2 2 10 4 2067 3430 1686
878 2 2 10 4 2309 3236 2948
879 2 2 10 4 2313 3019 743
880 2 2 10 4 2994 3109 89
881 2 2 10 4 920 2119 898
882 2 2 10 4 453 2284 1274
883 2 2 10 4 1026 2194 1264
884 2 2 10 4 692 2125 698
885 2 2 10 4 2261 2954 2053
886 2 2 10 4 2634 3223 1073
887 2 2 10 4 3020 3435 2134
888 2 2 10 4 2042 2356 325
889 2 2 10 4 776 3432 654
890 2 2 10 4 948 3193 2279
891 2 2 10 4 2340 2992 303
892 2 2 10 4 1697 3422 2094
893 2 2 10 4 2291 2756 2186
894 2 2 10 4 2218 3073 1485
895 2 2 10 4 1804 2848 2130
896 2 2 10 4 328 3185 99
897 2 2 10 4 2544 3047 2545
898 2 2 10 4 1215 2324 1664
899 2 2 10 4 2216 3167 2214
900 2 2 10 4 2782 2925 1273
901 2 2 10 4 1868 3438 2976
902 2 2 10 4 2691 3035 349
903 2 2 10 4 2033 3393 248
904 2 2 10 4 2534 3280 3279
905 2 2 10 4 1730 2336 1490
906 2 2 10 4 2032 3114 2065
907 2 2 10 4 2191 2984 1078
908 2 2 10 4 867 2286 870
909 2 2 10 4 2741 3051 694
910 2 2 10 4 1200 3026 2124
911 2 2 10 4 2229 3014 2751
912 2 2 10 4 273 2341 365
913 2 2 10 4 2659 3095 333
914 2 2 10 4 834 2143 1195
915 2 2 10 4 2860 3372 1833
916 2 2 10 4 2339 2980 1905
917 2 2 10 4 2171 2833 2068
918 2 2 10 4 1906 2235 1855
919 2 2 10 4 1250 2743 1418
920 2 2 10 4 2812 3328 827
921 2 2 10 4 264 2875 2105
922 2 2 10 4 2086 3387 3064
923 2 2 10 4 1982 3294 2373
924 2 2 10 4 2105 2875 1646
925 2 2 10 4 1344 2318 1270
926 2 2 10 4 3150 3202 1962
927 2 2 10 4 3114 3209 2065
928 2 2 10 4 1590 3198 2119
929 2 2 10 4 2050 2711 278
930 2 2 10 4 855 2246 862
931 2 2 10 4 2755 3310 2964
932 2 2 10 4 2840 2901 481
933 2 2 10 4 2181 2583 358
934 2 2 10 4 2292 2855 2291
935 2 2 10 4 2279 3244 2132
936 2 2 10 4 3279 3280 1873
937 2 2 10 4 2248 2355 2246
938 2 2 10 4 1886 2224 1347
939 2 2 10 4 86 2637 359
940 2 2 10 4 1459 2142 2141
941 2 2 10 4 64 2303 63
942 2 2 10 4 3211 3356 2018
943 2 2 10 4 2742 3185 328
944 2 2 10 4 2238 3219 2232
945 2 2 10 4 298 3149 2103
946 2 2 10 4 1840 2296 1842
947 2 2 10 4 2316 2719 1557
948 2 2 10 4 700 2158 702
949 2 2 10 4 578 2271 577
950 2 2 10 4 1078 2641 2191
951 2 2 10 4 2276 3411 684
952 2 2 10 4 3112 3267 2051
953 2 2 10 4 882 2186 881
954 2 2 10 4 304 3072 2115
955 2 2 10 4 2018 3356 2016
956 2 2 10 4 1187 2140 1189
957 2 2 10 4 2290 2778 1560
958 2 2 10 4 1046 2156 1048
959 2 2 10 4 274 3020 2134
960 2 2 10 4 317 2654 2461
961 2 2 10 4 2079 3008 1201
962 2 2 10 4 1282 2345 2174
963 2 2 10 4 2173 3421 2876
964 2 2 10 4 518 2179 2177
965 2 2 10 4 2125 3107 731
966 2 2 10 4 1513 3369 2160
967 2 2 10 4 1589 3200 3140
968 2 2 10 4 872 2239 944
969 2 2 10 4 1730 3318 2089
970 2 2 10 4 871 2187 869
971 2 2 10 4 1194 2204 2203
972 2 2 10 4 2523 2724 622
973 2 2 10 4 2131 3292 1474
974 2 2 10 4 2374 2798 979
975 2 2 10 4 2355 3312 862
976 2 2 10 4 1842 3020 2280
977 2 2 10 4 2188 2366 468
978 2 2 10 4 1855 2235 1355
979 2 2 10 4 2478 3014 2229
980 2 2 10 4 731 3141 2158
981 2 2 10 4 2843 3284 523
982 2 2 10 4 1689 2288 1546
983 2 2 10 4 301 3356 2336
984 2 2 10 4 2016 3356 301
985 2 2 10 4 1201 3063 2079
986 2 2 10 4 2206 2215 2214
987 2 2 10 4 1506 2869 2661
988 2 2 10 4 360 3076 2574
989 2 2 10 4 2945 3442 2648
990 2 2 10 4 332 2637 87
991 2 2 10 4 2884 3316 2007
992 2 2 10 4 1238 3226 3027
993 2 2 10 4 966 2287 955
994 2 2 10 4 1391 2197 1674
995 2 2 10 4 666 2249 561
996 2 2 10 4 2051 2054 2026
997 2 2 10 4 2204 2205 2203
998 2 2 10 4 584 3338 2775
999 2 2 10 4 2193 3271 3081
1000 2 2 10 4 2163 3119 1643
1001 2 2 10 4 2048 3268 267
1002 2 2 10 4 3103 3204 1916
1003 2 2 10 4 2567 3133 24
1004 2 2 10 4 455 2284 453
1005 2 2 10 4 2153 3278 1274
1006 2 2 10 4 1177 2189 980
1007 2 2 10 4 584 2775 588
1008 2 2 10 4 498 2131 493
1009 2 2 10 4 1840 3257 2296
1010 2 2 10 4 2721 2738 2610
1011 2 2 10 4 1209 3353 2222
1012 2 2 10 4 1842 2280 1841
1013 2 2 10 4 695 2164 668
1014 2 2 10 4 655 3178 3122
1015 2 2 10 4 865 2286 867
1016 2 2 10 4 248 3393 2341
1017 2 2 10 4 3058 3238 2330
1018 2 2 10 4 622 2801 2523
1019 2 2 10 4 2299 3057 2706
1020 2 2 10 4 412 2367 415
1021 2 2 10 4 2120 3073 2031
1022 2 2 10 4 1667 3083 1515
1023 2 2 10 4 3110 3333 477
1024 2 2 10 4 2117 2378 773
1025 2 2 10 4 2649 2803 337
1026 2 2 10 4 2240 2300 1827
1027 2 2 10 4 2207 2209 2205
1028 2 2 10 4 2539 2541 342
1029 2 2 10 4 2853 3182 1487
1030 2 2 10 4 674 679 673
1031 2 2 10 4 1451 2250 1965
1032 2 2 10 4 757 1145 1022
1033 2 2 10 4 647 757 648
1034 2 2 10 4 672 673 671
1035 2 2 10 4 1179 2198 1180
1036 2 2 10 4 1991 2737 1992
1037 2 2 10 4 758 1179 759
1038 2 2 10 4 1717 2721 2309
1039 2 2 10 4 2094 2682 1695
1040 2 2 10 4 2308 3100 2979
1041 2 2 10 4 2126 2283 781
1042 2 2 10 4 704 758 713
1043 2 2 10 4 921 1715 892
1044 2 2 10 4 1171 1408 1407
1045 2 2 10 4 670 671 669
1046 2 2 10 4 954 966 955
1047 2 2 10 4 869 872 868
1048 2 2 10 4 1914 2344 2174
1049 2 2 10 4 600 647 604
1050 2 2 10 4 906 2122 908
1051 2 2 10 4 2148 2149 2147
1052 2 2 10 4 854 2246 855
1053 2 2 10 4 1769 2268 1454
1054 2 2 10 4 867 868 866
1055 2 2 10 4 24 3273 2567
1056 2 2 10 4 1266 2339 367
1057 2 2 10 4 694 2125 692
1058 2 2 10 4 313 2658 2358
1059 2 2 10 4 840 2171 841
1060 2 2 10 4 363 1905 251
1061 2 2 10 4 2029 2030 239
1062 2 2 10 4 2024 2026 5
1063 2 2 10 4 2866 3425 2261
1064 2 2 10 4 1150 1152 1151
1065 2 2 10 4 3122 3178 1937
1066 2 2 10 4 3140 3200 2217
1067 2 2 10 4 2997 3325 1166
1068 2 2 10 4 1329 3143 3029
1069 2 2 10 4 1875 3184 2103
1070 2 2 10 4 1949 3321 2318
1071 2 2 10 4 869 2187 872
1072 2 2 10 4 867 869 868
1073 2 2 10 4 1152 1239 1151
1074 2 2 10 4 2084 2999 267
1075 2 2 10 4 3170 3347 1821
1076 2 2 10 4 826 2145 2143
1077 2 2 10 4 1906 2250 2235
1078 2 2 10 4 2204 2207 2205
1079 2 2 10 4 500 1595 499
1080 2 2 10 4 2913 3022 2548
1081 2 2 10 4 865 867 866
1082 2 2 10 4 513 3121 2117
1083 2 2 10 4 1917 2376 1450
1084 2 2 10 4 322 3082 2049
1085 2 2 10 4 2329 3058 2330
1086 2 2 10 4 2202 2212 460
1087 2 2 10 4 462 664 461
1088 2 2 10 4 2888 2971 1784
1089 2 2 10 4 2091 2234 298
1090 2 2 10 4 2006 2007 284
1091 2 2 10 4 2015 2016 301
1092 2 2 10 4 2027 2028 294
1093 2 2 10 4 2043 2086 269
1094 2 2 10 4 2034 2035 326
1095 2 2 10 4 2089 2254 305
1096 2 2 10 4 301 2336 2335
1097 2 2 10 4 303 3344 2340
1098 2 2 10 4 328 3089 2096
1099 2 2 10 4 1353 2344 2236
1100 2 2 10 4 327 2265 69
1101 2 2 10 4 731 2158 700
1102 2 2 10 4 2194 2379 1264
1103 2 2 10 4 2056 3385 182
1104 2 2 10 4 122 3384 2055
1105 2 2 10 4 954 955 953
1106 2 2 10 4 102 2273 336
1107 2 2 10 4 2271 2778 2290
1108 2 2 10 4 1910 3215 1449
1109 2 2 10 4 2207 2210 2209
1110 2 2 10 4 676 2231 674
1111 2 2 10 4 647 648 604
1112 2 2 10 4 2127 2851 1862
1113 2 2 10 4 1130 2156 1046
1114 2 2 10 4 757 1022 648
1115 2 2 10 4 1627 2710 1628
1116 2 2 10 4 2035 3157 2938
1117 2 2 10 4 670 672 671
1118 2 2 10 4 2177 2179 2178
1119 2 2 10 4 2671 2765 1675
1120 2 2 10 4 2668 3151 2003
1121 2 2 10 4 630 2126 628
1122 2 2 10 4 2247 2248 2246
1123 2 2 10 4 944 954 953
1124 2 2 10 4 672 674 673
1125 2 2 10 4 698 731 700
1126 2 2 10 4 898 2119 900
1127 2 2 10 4 1884 2876 2267
1128 2 2 10 4 618 1043 607
1129 2 2 10 4 993 1130 1046
1130 2 2 10 4 722 1052 720
1131 2 2 10 4 2270 2345 1505
1132 2 2 10 4 2365 2940 2914
1133 2 2 10 4 865 866 859
1134 2 2 10 4 482 496 479
1135 2 2 10 4 660 2726 2272
1136 2 2 10 4 590 597 594
1137 2 2 10 4 1150 1151 966
1138 2 2 10 4 2115 3072 1682
1139 2 2 10 4 1710 2719 2316
1140 2 2 10 4 980 1170 777
1141 2 2 10 4 3246 3252 1946
1142 2 2 10 4 2146 2147 2144
1143 2 2 10 4 513 2117 509
1144 2 2 10 4 896 920 898
1145 2 2 10 4 582 585 584
1146 2 2 10 4 1883 2998 2722
1147 2 2 10 4 1156 1433 1187
1148 2 2 10 4 654 1354 624
1149 2 2 10 4 2209 2727 2205
1150 2 2 10 4 937 948 936
1151 2 2 10 4 904 945 906
1152 2 2 10 4 690 694 692
1153 2 2 10 4 1718 3207 2092
1154 2 2 10 4 732 1082 729
1155 2 2 10 4 2292 3048 2855
1156 2 2 10 4 1682 3297 2115
1157 2 2 10 4 1697 2094 1695
1158 2 2 10 4 2730 3195 306
1159 2 2 10 4 2192 2385 1592
1160 2 2 10 4 2293 3450 1905
1161 2 2 10 4 879 881 874
1162 2 2 10 4 1647 2718 2333
1163 2 2 10 4 888 890 889
1164 2 2 10 4 851 854 853
1165 2 2 10 4 628 781 626
1166 2 2 10 4 1133 1135 973
1167 2 2 10 4 3187 3448 2080
1168 2 2 10 4 2049 3083 322
1169 2 2 10 4 668 670 669
1170 2 2 10 4 921 2161 1715
1171 2 2 10 4 600 604 520
1172 2 2 10 4 1984 3272 2297
1173 2 2 10 4 1024 2194 1026
1174 2 2 10 4 959 970 961
1175 2 2 10 4 708 1045 710
1176 2 2 10 4 758 759 713
1177 2 2 10 4 1434 1435 1179
1178 2 2 10 4 734 2172 732
1179 2 2 10 4 881 2184 2183
1180 2 2 10 4 2024 2051 2026
1181 2 2 10 4 884 887 882
1182 2 2 10 4 1408 1409 1407
1183 2 2 10 4 1050 1291 1192
1184 2 2 10 4 1297 2310 1980
1185 2 2 10 4 980 2189 1170
1186 2 2 10 4 2548 3022 2549
1187 2 2 10 4 596 610 599
1188 2 2 10 4 2235 2250 1451
1189 2 2 10 4 1171 1407 995
1190 2 2 10 4 855 862 857
1191 2 2 10 4 1445 1447 1177
1192 2 2 10 4 1590 2869 1506
1193 2 2 10 4 1347 2224 1332
1194 2 2 10 4 1179 1180 759
1195 2 2 10 4 1101 1163 1102
1196 2 2 10 4 379 2332 449
1197 2 2 10 4 1965 3103 1916
1198 2 2 10 4 890 892 891
1199 2 2 10 4 2025 3112 2051
1200 2 2 10 4 736 2173 734
1201 2 2 10 4 1433 2140 1187
1202 2 2 10 4 394 2202 460
1203 2 2 10 4 3192 3384 362
1204 2 2 10 4 697 704 696
1205 2 2 10 4 2631 3032 286
1206 2 2 10 4 1386 2921 2313
1207 2 2 10 4 918 2182 927
1208 2 2 10 4 890 921 892
1209 2 2 10 4 643 3308 2740
1210 2 2 10 4 1370 2924 2090
1211 2 2 10 4 307 3197 2903
1212 2 2 10 4 2088 3342 3031
1213 2 2 10 4 2230 2233 1943
1214 2 2 10 4 834 1195 836
1215 2 2 10 4 704 713 696
1216 2 2 10 4 2781 2963 575
1217 2 2 10 4 2175 3404 2269
1218 2 2 10 4 1026 1264 1028
1219 2 2 10 4 881 2186 2184
1220 2 2 10 4 1735 1984 1733
1221 2 2 10 4 908 1131 910
1222 2 2 10 4 519 520 518
1223 2 2 10 4 642 2315 1099
1224 2 2 10 4 473 2188 470
1225 2 2 10 4 716 2195 705
1226 2 2 10 4 3175 3215 1997
1227 2 2 10 4 681 683 678
1228 2 2 10 4 945 2122 906
1229 2 2 10 4 1101 1257 1163
1230 2 2 10 4 668 669 666
1231 2 2 10 4 357 2591 2274
1232 2 2 10 4 2453 2719 1289
1233 2 2 10 4 490 499 486
1234 2 2 10 4 2359 2901 2840
1235 2 2 10 4 611 643 621
1236 2 2 10 4 563 2139 565
1237 2 2 10 4 3274 3315 2734
1238 2 2 10 4 965 2157 969
1239 2 2 10 4 2046 3362 355
1240 2 2 10 4 834 836 835
1241 2 2 10 4 3074 3179 2013
1242 2 2 10 4 684 3411 683
1243 2 2 10 4 1939 2709 1475
1244 2 2 10 4 679 690 689
1245 2 2 10 4 1030 2197 1113
1246 2 2 10 4 1257 1342 1163
1247 2 2 10 4 509 773 507
1248 2 2 10 4 365 2341 1470
1249 2 2 10 4 502 2177 500
1250 2 2 10 4 1835 2800 1783
1251 2 2 10 4 513 3284 3121
1252 2 2 10 4 467 3351 2133
1253 2 2 10 4 996 1171 995
1254 2 2 10 4 470 2188 468
1255 2 2 10 4 886 2132 884
1256 2 2 10 4 916 2182 918
1257 2 2 10 4 571 2728 564
1258 2 2 10 4 1326 1327 1145
1259 2 2 10 4 632 1138 630
1260 2 2 10 4 392 2202 394
1261 2 2 10 4 2175 2345 2270
1262 2 2 10 4 1674 2983 1708
1263 2 2 10 4 2124 2923 1389
1264 2 2 10 4 1275 1471 1236
1265 2 2 10 4 1184 2151 1186
1266 2 2 10 4 1455 2278 1456
1267 2 2 10 4 879 882 881
1268 2 2 10 4 521 600 520
1269 2 2 10 4 916 3212 2182
1270 2 2 10 4 963 1108 965
1271 2 2 10 4 1733 2070 1697
1272 2 2 10 4 678 2121 676
1273 2 2 10 4 725 2790 1101
1274 2 2 10 4 674 2231 679
1275 2 2 10 4 945 2877 2122
1276 2 2 10 4 2816 3120 2226
1277 2 2 10 4 1113 2197 1391
1278 2 2 10 4 969 2157 985
1279 2 2 10 4 2300 3451 1768
1280 2 2 10 4 2248 3210 2355
1281 2 2 10 4 854 855 853
1282 2 2 10 4 857 2069 861
1283 2 2 10 4 738 1166 736
1284 2 2 10 4 2100 2294 1354
1285 2 2 10 4 1450 2376 1145
1286 2 2 10 4 2914 2940 1522
1287 2 2 10 4 1478 2733 1989
1288 2 2 10 4 2146 2148 2147
1289 2 2 10 4 1754 2081 1752
1290 2 2 10 4 1182 1319 1184
1291 2 2 10 4 628 2126 781
1292 2 2 10 4 702 2251 708
1293 2 2 10 4 1131 2783 910
1294 2 2 10 4 1239 1485 1466
1295 2 2 10 4 2859 3054 849
1296 2 2 10 4 957 2088 959
1297 2 2 10 4 935 936 886
1298 2 2 10 4 1391 1673 1672
1299 2 2 10 4 1739 1987 1871
1300 2 2 10 4 2188 3434 2366
1301 2 2 10 4 579 582 580
1302 2 2 10 4 2130 3400 1803
1303 2 2 10 4 2187 2239 872
1304 2 2 10 4 974 1133 973
1305 2 2 10 4 518 2177 502
1306 2 2 10 4 572 2139 563
1307 2 2 10 4 861 888 877
1308 2 2 10 4 1327 1450 1145
1309 2 2 10 4 2029 2120 2031
1310 2 2 10 4 364 2339 363
1311 2 2 10 4 751 2759 2381
1312 2 2 10 4 2800 2847 1783
1313 2 2 10 4 565 652 567
1314 2 2 10 4 299 3256 2263
1315 2 2 10 4 901 2180 904
1316 2 2 10 4 2799 2856 2149
1317 2 2 10 4 1332 1334 1198
1318 2 2 10 4 2709 2761 1475
1319 2 2 10 4 874 2183 871
1320 2 2 10 4 3013 3049 2545
1321 2 2 10 4 1459 2717 2142
1322 2 2 10 4 841 2171 844
1323 2 2 10 4 1022 2376 1024
1324 2 2 10 4 690 692 691
1325 2 2 10 4 1759 3053 1771
1326 2 2 10 4 2857 3070 3033
1327 2 2 10 4 2193 3081 1406
1328 2 2 10 4 682 3406 2319
1329 2 2 10 4 705 2195 704
1330 2 2 10 4 1186 2151 1455
1331 2 2 10 4 734 2173 2172
1332 2 2 10 4 725 1101 1040
1333 2 2 10 4 912 2783 984
1334 2 2 10 4 581 2271 578
1335 2 2 10 4 912 984 914
1336 2 2 10 4 2333 2718 1773
1337 2 2 10 4 1149 1150 966
1338 2 2 10 4 57 3176 2138
1339 2 2 10 4 2782 2968 1844
1340 2 2 10 4 1186 1455 1294
1341 2 2 10 4 250 363 251
1342 2 2 10 4 260 2130 261
1343 2 2 10 4 195 2011 196
1344 2 2 10 4 204 2095 205
1345 2 2 10 4 241 2032 242
1346 2 2 10 4 238 2029 239
1347 2 2 10 4 222 2024 5
1348 2 2 10 4 247 2033 248
1349 2 2 10 4 217 2296 218
1350 2 2 10 4 193 2010 194
1351 2 2 10 4 235 2243 236
1352 2 2 10 4 216 2134 217
1353 2 2 10 4 202 2253 203
1354 2 2 10 4 688 696 686
1355 2 2 10 4 3118 3206 1736
1356 2 2 10 4 355 3045 2046
1357 2 2 10 4 2294 2295 1656
1358 2 2 10 4 610 611 599
1359 2 2 10 4 466 467 464
1360 2 2 10 4 1974 2169 1586
1361 2 2 10 4 1445 1448 1447
1362 2 2 10 4 2071 3317 694
1363 2 2 10 4 582 584 583
1364 2 2 10 4 588 2150 590
1365 2 2 10 4 1270 2266 1172
1366 2 2 10 4 2144 2322 1195
1367 2 2 10 4 884 2132 887
1368 2 2 10 4 517 518 502
1369 2 2 10 4 1611 2798 2374
1370 2 2 10 4 664 2080 461
1371 2 2 10 4 1198 2218 1152
1372 2 2 10 4 2836 3271 774
1373 2 2 10 4 1108 3159 2157
1374 2 2 10 4 1291 1336 1192
1375 2 2 10 4 892 2101 893
1376 2 2 10 4 1462 2190 2074
1377 2 2 10 4 1134 1236 1133
1378 2 2 10 4 2481 2933 352
1379 2 2 10 4 2246 2355 862
1380 2 2 10 4 618 3036 1043
1381 2 2 10 4 396 2238 398
1382 2 2 10 4 829 2143 834
1383 2 2 10 4 1586 2169 1833
1384 2 2 10 4 1750 2305 1747
1385 2 2 10 4 2179 2252 2178
1386 2 2 10 4 1505 2778 2270
1387 2 2 10 4 862 2069 857
1388 2 2 10 4 1801 2717 2343
1389 2 2 10 4 549 2524 551
1390 2 2 10 4 2979 3100 1992
1391 2 2 10 4 872 944 943
1392 2 2 10 4 1829 2240 1827
1393 2 2 10 4 821 827 824
1394 2 2 10 4 644 995 634
1395 2 2 10 4 1455 3112 2278
1396 2 2 10 4 896 898 897
1397 2 2 10 4 2736 3136 1604
1398 2 2 10 4 291 3003 2691
1399 2 2 10 4 1156 1187 1157
1400 2 2 10 4 720 2159 717
1401 2 2 10 4 2280 2360 1841
1402 2 2 10 4 1839 2683 2251
1403 2 2 10 4 969 985 972
1404 2 2 10 4 692 698 693
1405 2 2 10 4 1113 1391 1390
1406 2 2 10 4 560 572 563
1407 2 2 10 4 1945 2319 1952
1408 2 2 10 4 2236 2344 1914
1409 2 2 10 4 2666 3282 2848
1410 2 2 10 4 1172 2266 1171
1411 2 2 10 4 2061 3213 3180
1412 2 2 10 4 1153 1198 1152
1413 2 2 10 4 477 3333 474
1414 2 2 10 4 2188 3446 1794
1415 2 2 10 4 2138 3255 57
1416 2 2 10 4 1681 2761 2236
1417 2 2 10 4 1945 1952 1421
1418 2 2 10 4 512 513 509
1419 2 2 10 4 681 684 683
1420 2 2 10 4 621 2226 1724
1421 2 2 10 4 2384 2752 838
1422 2 2 10 4 1783 2847 1784
1423 2 2 10 4 2093 3347 3170
1424 2 2 10 4 1448 1490 1447
1425 2 2 10 4 576 579 578
1426 2 2 10 4 2847 2888 1784
1427 2 2 10 4 742 1167 740
1428 2 2 10 4 1346 1422 1344
1429 2 2 10 4 951 973 949
1430 2 2 10 4 1170 3002 777
1431 2 2 10 4 3267 3418 2054
1432 2 2 10 4 2197 3217 1674
1433 2 2 10 4 1436 1437 1435
1434 2 2 10 4 490 500 499
1435 2 2 10 4 390 1194 392
1436 2 2 10 4 615 1512 613
1437 2 2 10 4 584 588 587
1438 2 2 10 4 1689 2314 2288
1439 2 2 10 4 1343 1344 1270
1440 2 2 10 4 1391 1674 1673
1441 2 2 10 4 1237 1275 1236
1442 2 2 10 4 634 2097 632
1443 2 2 10 4 1984 2070 1733
1444 2 2 10 4 683 2121 678
1445 2 2 10 4 1133 3150 1135
1446 2 2 10 4 722 3113 1052
1447 2 2 10 4 643 2226 621
1448 2 2 10 4 2835 2986 866
1449 2 2 10 4 898 900 899
1450 2 2 10 4 2689 3377 2502
1451 2 2 10 4 2005 2853 2004
1452 2 2 10 4 342 2542 2539
1453 2 2 10 4 1270 2318 2266
1454 2 2 10 4 2388 2710 1627
1455 2 2 10 4 2799 3067 2856
1456 2 2 10 4 1936 2963 2781
1457 2 2 10 4 1951 3109 2994
1458 2 2 10 4 77 2823 2242
1459 2 2 10 4 1187 1189 1188
1460 2 2 10 4 864 865 859
1461 2 2 10 4 570 575 574
1462 2 2 10 4 845 3314 848
1463 2 2 10 4 2772 3169 1298
1464 2 2 10 4 1747 2305 1745
1465 2 2 10 4 1844 2925 2782
1466 2 2 10 4 606 607 605
1467 2 2 10 4 1104 2098 1156
1468 2 2 10 4 458 461 451
1469 2 2 10 4 2008 2884 2007
1470 2 2 10 4 522 523 513
1471 2 2 10 4 1815 3210 2880
1472 2 2 10 4 1675 3368 2672
1473 2 2 10 4 854 2247 2246
1474 2 2 10 4 632 2097 1138
1475 2 2 10 4 2087 3031 1650
1476 2 2 10 4 698 700 699
1477 2 2 10 4 458 462 461
1478 2 2 10 4 2384 2826 2383
1479 2 2 10 4 707 716 705
1480 2 2 10 4 1239 1466 1465
1481 2 2 10 4 2757 2886 1772
1482 2 2 10 4 2335 2336 1730
1483 2 2 10 4 944 953 952
1484 2 2 10 4 601 2162 600
1485 2 2 10 4 986 989 988
1486 2 2 10 4 893 896 895
1487 2 2 10 4 2172 2937 1082
1488 2 2 10 4 664 3187 2080
1489 2 2 10 4 826 2143 829
1490 2 2 10 4 2271 2290 577
1491 2 2 10 4 390 2208 1194
1492 2 2 10 4 2147 2793 2322
1493 2 2 10 4 837 840 839
1494 2 2 10 4 265 3173 2864
1495 2 2 10 4 1319 3267 2151
1496 2 2 10 4 1104 1156 1106
1497 2 2 10 4 870 871 869
1498 2 2 10 4 2768 2934 2532
1499 2 2 10 4 2367 2759 751
1500 2 2 10 4 386 2676 384
1501 2 2 10 4 1290 2277 1564
1502 2 2 10 4 1289 2277 1290
1503 2 2 10 4 2182 2299 927
1504 2 2 10 4 1289 2719 2277
1505 2 2 10 4 2766 2910 1661
1506 2 2 10 4 472 473 470
1507 2 2 10 4 2791 2972 1618
1508 2 2 10 4 721 722 720
1509 2 2 10 4 1199 1332 1198
1510 2 2 10 4 1768 3451 2789
1511 2 2 10 4 2137 2852 2247
1512 2 2 10 4 781 3036 626
1513 2 2 10 4 1475 2761 1248
1514 2 2 10 4 484 3222 3124
1515 2 2 10 4 993 1046 994
1516 2 2 10 4 588 590 589
1517 2 2 10 4 257 2335 2089
1518 2 2 10 4 191 2168 2034
1519 2 2 10 4 212 2006 284
1520 2 2 10 4 208 2328 2092
1521 2 2 10 4 185 2105 2043
1522 2 2 10 4 226 2091 298
1523 2 2 10 4 304 2114 224
1524 2 2 10 4 215 2281 274
1525 2 2 10 4 246 2048 267
1526 2 2 10 4 255 2015 301
1527 2 2 10 4 306 2328 207
1528 2 2 10 4 254 2167 2015
1529 2 2 10 4 234 2050 278
1530 2 2 10 4 2045 2281 214
1531 2 2 10 4 325 2050 233
1532 2 2 10 4 211 2047 2006
1533 2 2 10 4 243 2065 265
1534 2 2 10 4 197 2027 294
1535 2 2 10 4 264 2105 184
1536 2 2 10 4 269 2108 187
1537 2 2 10 4 209 2092 302
1538 2 2 10 4 302 2047 210
1539 2 2 10 4 186 2043 269
1540 2 2 10 4 284 2045 213
1541 2 2 10 4 282 2167 253
1542 2 2 10 4 225 2114 2091
1543 2 2 10 4 223 2225 304
1544 2 2 10 4 192 2034 326
1545 2 2 10 4 232 2042 325
1546 2 2 10 4 258 2089 305
1547 2 2 10 4 275 2168 190
1548 2 2 10 4 249 2341 273
1549 2 2 10 4 301 2335 256
1550 2 2 10 4 1345 1346 1344
1551 2 2 10 4 1374 2282 1624
1552 2 2 10 4 1462 2991 2190
1553 2 2 10 4 1844 2968 1423
1554 2 2 10 4 708 2251 1045
1555 2 2 10 4 2777 2936 2597
1556 2 2 10 4 478 479 477
1557 2 2 10 4 2302 2728 571
1558 2 2 10 4 479 2684 477
1559 2 2 10 4 2373 3093 1982
1560 2 2 10 4 1408 1635 1409
1561 2 2 10 4 613 2679 371
1562 2 2 10 4 2180 2312 945
1563 2 2 10 4 959 2088 970
1564 2 2 10 4 2581 2792 270
1565 2 2 10 4 2147 2322 2144
1566 2 2 10 4 1099 2315 1362
1567 2 2 10 4 948 2279 936
1568 2 2 10 4 973 2155 949
1569 2 2 10 4 1269 1270 1172
1570 2 2 10 4 594 2664 596
1571 2 2 10 4 311 3282 3004
1572 2 2 10 4 2098 2275 1433
1573 2 2 10 4 955 957 956
1574 2 2 10 4 2152 3413 1474
1575 2 2 10 4 415 2367 751
1576 2 2 10 4 413 2367 412
1577 2 2 10 4 1788 2917 2150
1578 2 2 10 4 2040 3325 2997
1579 2 2 10 4 935 937 936
1580 2 2 10 4 608 618 607
1581 2 2 10 4 918 927 925
1582 2 2 10 4 758 1434 1179
1583 2 2 10 4 1275 1647 1471
1584 2 2 10 4 1624 2285 1351
1585 2 2 10 4 2158 3034 1839
1586 2 2 10 4 220 2797 221
1587 2 2 10 4 1752 2695 1750
1588 2 2 10 4 603 605 601
1589 2 2 10 4 358 2985 2181
1590 2 2 10 4 623 624 523
1591 2 2 10 4 1952 2164 1421
1592 2 2 10 4 829 834 833
1593 2 2 10 4 1167 2997 740
1594 2 2 10 4 888 889 877
1595 2 2 10 4 1854 1855 1355
1596 2 2 10 4 2174 2345 2175
1597 2 2 10 4 2094 3350 2682
1598 2 2 10 4 937 949 948
1599 2 2 10 4 881 2183 874
1600 2 2 10 4 1913 2748 1680
1601 2 2 10 4 728 3070 2857
1602 2 2 10 4 394 460 396
1603 2 2 10 4 700 702 701
1604 2 2 10 4 1794 3446 3177
1605 2 2 10 4 508 509 507
1606 2 2 10 4 2802 2942 2626
1607 2 2 10 4 2729 3100 456
1608 2 2 10 4 858 859 822
1609 2 2 10 4 2108 2722 188
1610 2 2 10 4 189 2722 275
1611 2 2 10 4 738 2997 1166
1612 2 2 10 4 1505 2345 1280
1613 2 2 10 4 641 660 617
1614 2 2 10 4 2155 3193 948
1615 2 2 10 4 1627 2474 2388
1616 2 2 10 4 1577 2560 2381
1617 2 2 10 4 2140 3316 2884
1618 2 2 10 4 1074 2952 2300
1619 2 2 10 4 1715 2101 892
1620 2 2 10 4 2343 2717 1459
1621 2 2 10 4 890 891 889
1622 2 2 10 4 1485 1649 1466
1623 2 2 10 4 723 729 722
1624 2 2 10 4 726 2930 2305
1625 2 2 10 4 1546 2288 1707
1626 2 2 10 4 904 2180 945
1627 2 2 10 4 357 2592 2591
1628 2 2 10 4 1388 2313 1737
1629 2 2 10 4 719 720 717
1630 2 2 10 4 1456 1499 1498
1631 2 2 10 4 1794 3434 2188
1632 2 2 10 4 841 844 843
1633 2 2 10 4 1046 1048 1047
1634 2 2 10 4 990 993 992
1635 2 2 10 4 2247 3147 2137
1636 2 2 10 4 2512 2763 2753
1637 2 2 10 4 480 482 479
1638 2 2 10 4 2583 2584 358
1639 2 2 10 4 1332 2224 1334
1640 2 2 10 4 2097 3340 2334
1641 2 2 10 4 2654 3262 2461
1642 2 2 10 4 2932 3105 1719
1643 2 2 10 4 476 477 474
1644 2 2 10 4 1333 1347 1332
1645 2 2 10 4 1101 1102 1040
1646 2 2 10 4 493 1474 488
1647 2 2 10 4 590 594 593
1648 2 2 10 4 873 874 871
1649 2 2 10 4 2844 2988 2609
1650 2 2 10 4 1257 1632 1342
1651 2 2 10 4 679 689 673
1652 2 2 10 4 1613 3098 2732
1653 2 2 10 4 778 980 777
1654 2 2 10 4 1355 2235 1327
1655 2 2 10 4 68 2265 335
1656 2 2 10 4 696 2170 686
1657 2 2 10 4 688 697 696
1658 2 2 10 4 2035 2938 326
1659 2 2 10 4 1437 1596 1435
1660 2 2 10 4 1327 1451 1450
1661 2 2 10 4 259 2849 260
1662 2 2 10 4 1455 1456 1294
1663 2 2 10 4 466 468 467
1664 2 2 10 4 757 1326 1145
1665 2 2 10 4 2215 2216 2214
1666 2 2 10 4 2329 2330 651
1667 2 2 10 4 2159 3166 716
1668 2 2 10 4 1707 2288 2154
1669 2 2 10 4 1362 2315 1689
1670 2 2 10 4 1022 1024 1023
1671 2 2 10 4 1558 3092 2141
1672 2 2 10 4 2184 2185 2183
1673 2 2 10 4 1797 3044 1941
1674 2 2 10 4 1291 1469 1336
1675 2 2 10 4 1082 3113 729
1676 2 2 10 4 575 576 574
1677 2 2 10 4 510 2703 508
1678 2 2 10 4 619 626 618
1679 2 2 10 4 324 2273 103
1680 2 2 10 4 517 519 518
1681 2 2 10 4 1280 2345 1282
1682 2 2 10 4 2315 2837 1689
1683 2 2 10 4 848 851 850
1684 2 2 10 4 1028 2774 1030
1685 2 2 10 4 356 2744 2446
1686 2 2 10 4 675 676 674
1687 2 2 10 4 1421 2164 695
1688 2 2 10 4 1674 3217 2983
1689 2 2 10 4 679 2741 690
1690 2 2 10 4 1406 3081 1037
1691 2 2 10 4 590 2150 597
1692 2 2 10 4 955 2287 957
1693 2 2 10 4 697 705 704
1694 2 2 10 4 671 1487 669
1695 2 2 10 4 1993 3286 3145
1696 2 2 10 4 2033 2999 2333
1697 2 2 10 4 585 3338 584
1698 2 2 10 4 653 654 624
1699 2 2 10 4 2205 2206 2203
1700 2 2 10 4 1434 1436 1435
1701 2 2 10 4 399 2811 397
1702 2 2 10 4 1189 3041 1190
1703 2 2 10 4 957 959 958
1704 2 2 10 4 1631 2710 2423
1705 2 2 10 4 892 893 891
1706 2 2 10 4 2715 2779 2463
1707 2 2 10 4 2236 2761 1758
1708 2 2 10 4 2145 2146 2144
1709 2 2 10 4 887 2292 2291
1710 2 2 10 4 2142 2367 413
1711 2 2 10 4 702 708 703
1712 2 2 10 4 2121 3429 1543
1713 2 2 10 4 600 2162 647
1714 2 2 10 4 2307 2309 436
1715 2 2 10 4 2780 3334 1924
1716 2 2 10 4 519 521 520
1717 2 2 10 4 836 837 835
1718 2 2 10 4 484 3124 482
1719 2 2 10 4 644 996 995
1720 2 2 10 4 1604 2767 714
1721 2 2 10 4 904 906 905
1722 2 2 10 4 280 2544 2543
1723 2 2 10 4 663 777 661
1724 2 2 10 4 400 2232 440
1725 2 2 10 4 730 732 729
1726 2 2 10 4 1696 1697 1695
1727 2 2 10 4 834 835 833
1728 2 2 10 4 1474 3292 2152
1729 2 2 10 4 2167 3188 2020
1730 2 2 10 4 2168 3189 2039
1731 2 2 10 4 1754 3070 2081
1732 2 2 10 4 464 2323 462
1733 2 2 10 4 1474 2284 488
1734 2 2 10 4 483 484 482
1735 2 2 10 4 2701 2773 2392
1736 2 2 10 4 985 986 972
1737 2 2 10 4 1048 1050 1049
1738 2 2 10 4 1586 1833 1587
1739 2 2 10 4 1984 2297 2070
1740 2 2 10 4 1856 1857 1855
1741 2 2 10 4 1176 1177 980
1742 2 2 10 4 594 596 595
1743 2 2 10 4 1665 2804 2196
1744 2 2 10 4 1731 2738 2721
1745 2 2 10 4 878 879 874
1746 2 2 10 4 2802 2807 2608
1747 2 2 10 4 1391 1672 1390
1748 2 2 10 4 845 848 847
1749 2 2 10 4 2179 3242 2252
1750 2 2 10 4 361 3000 2659
1751 2 2 10 4 1877 3387 2993
1752 2 2 10 4 2332 2794 449
1753 2 2 10 4 780 2747 612
1754 2 2 10 4 996 1172 1171
1755 2 2 10 4 103 2273 102
1756 2 2 10 4 2420 3137 1060
1757 2 2 10 4 2314 2837 1791
1758 2 2 10 4 1826 1827 1768
1759 2 2 10 4 2608 2807 808
1760 2 2 10 4 954 1149 966
1761 2 2 10 4 375 2329 651
1762 2 2 10 4 2224 2895 1334
1763 2 2 10 4 2306 2308 2307
1764 2 2 10 4 1519 2282 1374
1765 2 2 10 4 1346 1641 1422
1766 2 2 10 4 961 3408 3265
1767 2 2 10 4 2166 3352 3290
1768 2 2 10 4 488 2284 455
1769 2 2 10 4 1827 2300 1768
1770 2 2 10 4 671 2758 1487
1771 2 2 10 4 851 853 852
1772 2 2 10 4 2438 2888 2423
1773 2 2 10 4 2097 2334 1138
1774 2 2 10 4 690 691 689
1775 2 2 10 4 836 2734 837
1776 2 2 10 4 3044 3378 1941
1777 2 2 10 4 1351 2285 1349
1778 2 2 10 4 579 580 578
1779 2 2 10 4 627 628 626
1780 2 2 10 4 951 974 973
1781 2 2 10 4 3055 3066 747
1782 2 2 10 4 521 601 600
1783 2 2 10 4 2388 2474 2387
1784 2 2 10 4 1340 1467 1364
1785 2 2 10 4 819 2369 821
1786 2 2 10 4 1456 2278 1499
1787 2 2 10 4 1836 3206 3118
1788 2 2 10 4 1724 3120 2135
1789 2 2 10 4 1802 2759 2717
1790 2 2 10 4 1190 1250 1249
1791 2 2 10 4 775 776 654
1792 2 2 10 4 901 904 903
1793 2 2 10 4 1052 2159 720
1794 2 2 10 4 1467 3006 2234
1795 2 2 10 4 1694 1695 1678
1796 2 2 10 4 2810 2817 1011
1797 2 2 10 4 1180 1182 1181
1798 2 2 10 4 1362 1689 1546
1799 2 2 10 4 2201 3028 287
1800 2 2 10 4 1145 2376 1022
1801 2 2 10 4 2655 3245 3047
1802 2 2 10 4 1326 1355 1327
1803 2 2 10 4 2162 2762 647
1804 2 2 10 4 551 2524 592
1805 2 2 10 4 754 2524 549
1806 2 2 10 4 444 456 442
1807 2 2 10 4 1024 1026 1025
1808 2 2 10 4 201 2992 202
1809 2 2 10 4 102 336 101
1810 2 2 10 4 959 961 960
1811 2 2 10 4 1674 1708 1673
1812 2 2 10 4 68 335 67
1813 2 2 10 4 872 943 868
1814 2 2 10 4 1349 1886 1347
1815 2 2 10 4 373 2820 2329
1816 2 2 10 4 2753 2763 1213
1817 2 2 10 4 70 327 69
1818 2 2 10 4 741 2784 742
1819 2 2 10 4 100 328 99
1820 2 2 10 4 859 2986 822
1821 2 2 10 4 667 668 666
1822 2 2 10 4 708 710 709
1823 2 2 10 4 508 2703 512
1824 2 2 10 4 1628 2710 1631
1825 2 2 10 4 1678 2682 1676
1826 2 2 10 4 2199 2200 2198
1827 2 2 10 4 2686 3199 2503
1828 2 2 10 4 677 678 676
1829 2 2 10 4 906 908 907
1830 2 2 10 4 2734 3315 840
1831 2 2 10 4 1876 1877 1438
1832 2 2 10 4 1732 1733 1697
1833 2 2 10 4 115 2822 2230
1834 2 2 10 4 582 583 580
1835 2 2 10 4 572 2960 2139
1836 2 2 10 4 2220 3319 1564
1837 2 2 10 4 1348 1349 1347
1838 2 2 10 4 461 2165 451
1839 2 2 10 4 941 2353 1217
1840 2 2 10 4 1365 2357 1802
1841 2 2 10 4 1436 1438 1437
1842 2 2 10 4 1334 2218 1198
1843 2 2 10 4 883 884 882
1844 2 2 10 4 1767 1768 1765
1845 2 2 10 4 974 1134 1133
1846 2 2 10 4 1796 2986 2835
1847 2 2 10 4 733 734 732
1848 2 2 10 4 2320 2363 1221
1849 2 2 10 4 1448 1491 1490
1850 2 2 10 4 2061 3180 2062
1851 2 2 10 4 1150 1153 1152
1852 2 2 10 4 2562 2702 1770
1853 2 2 10 4 265 2864 244
1854 2 2 10 4 245 2864 2048
1855 2 2 10 4 485 486 484
1856 2 2 10 4 435 2307 436
1857 2 2 10 4 615 2272 1512
1858 2 2 10 4 1490 1496 1447
1859 2 2 10 4 507 2131 498
1860 2 2 10 4 1050 1192 1191
1861 2 2 10 4 1857 1906 1855
1862 2 2 10 4 1356 2718 1275
1863 2 2 10 4 596 599 598
1864 2 2 10 4 2730 3321 3195
1865 2 2 10 4 1993 3145 2124
1866 2 2 10 4 1802 2717 1801
1867 2 2 10 4 398 2232 400
1868 2 2 10 4 1499 1501 1500
1869 2 2 10 4 104 2327 324
1870 2 2 10 4 567 2781 570
1871 2 2 10 4 1444 1445 1177
1872 2 2 10 4 979 2799 2374
1873 2 2 10 4 855 857 856
1874 2 2 10 4 1543 3196 2121
1875 2 2 10 4 1365 2363 2357
1876 2 2 10 4 1828 1829 1827
1877 2 2 10 4 1499 1500 1498
1878 2 2 10 4 2132 3244 2292
1879 2 2 10 4 816 822 817
1880 2 2 10 4 65 2771 64
1881 2 2 10 4 2208 3324 2211
1882 2 2 10 4 2190 3205 1486
1883 2 2 10 4 1433 3075 2140
1884 2 2 10 4 2270 2271 581
1885 2 2 10 4 2212 2213 460
1886 2 2 10 4 1978 2304 1368
1887 2 2 10 4 1825 3092 3066
1888 2 2 10 4 1346 2289 1642
1889 2 2 10 4 692 693 691
1890 2 2 10 4 2253 3426 309
1891 2 2 10 4 2709 3298 2057
1892 2 2 10 4 2826 3030 2383
1893 2 2 10 4 1952 2326 2164
1894 2 2 10 4 2346 2713 2347
1895 2 2 10 4 462 2323 664
1896 2 2 10 4 2148 2799 2149
1897 2 2 10 4 707 717 716
1898 2 2 10 4 1522 2896 2343
1899 2 2 10 4 2696 2700 2421
1900 2 2 10 4 989 990 988
1901 2 2 10 4 231 2907 2042
1902 2 2 10 4 276 2907 230
1903 2 2 10 4 896 897 895
1904 2 2 10 4 1507 1682 1591
1905 2 2 10 4 1890 1891 1519
1906 2 2 10 4 1156 1157 1106
1907 2 2 10 4 2296 3257 268
1908 2 2 10 4 2166 3290 2729
1909 2 2 10 4 629 630 628
1910 2 2 10 4 840 841 839
1911 2 2 10 4 1656 3138 1260
1912 2 2 10 4 2240 2918 1074
1913 2 2 10 4 1478 1989 1480
1914 2 2 10 4 1833 2061 1587
1915 2 2 10 4 2175 2269 1915
1916 2 2 10 4 1471 3150 1236
1917 2 2 10 4 2783 3249 984
1918 2 2 10 4 472 474 473
1919 2 2 10 4 1071 2160 776
1920 2 2 10 4 104 324 103
1921 2 2 10 4 2140 2884 1189
1922 2 2 10 4 1557 2719 2453
1923 2 2 10 4 66 323 65
1924 2 2 10 4 2195 2786 1434
1925 2 2 10 4 506 507 498
1926 2 2 10 4 2733 2891 1989
1927 2 2 10 4 773 3108 2131
1928 2 2 10 4 848 3147 851
1929 2 2 10 4 448 2676 386
1930 2 2 10 4 3354 3426 2253
1931 2 2 10 4 584 587 583
1932 2 2 10 4 961 963 962
1933 2 2 10 4 617 2272 615
1934 2 2 10 4 624 2843 523
1935 2 2 10 4 1239 1465 1151
1936 2 2 10 4 2381 2560 751
1937 2 2 10 4 1577 2381 2357
1938 2 2 10 4 990 3186 993
1939 2 2 10 4 611 3308 643
1940 2 2 10 4 888 3444 890
1941 2 2 10 4 1026 1028 1027
1942 2 2 10 4 2161 3015 1460
1943 2 2 10 4 2080 3352 2165
1944 2 2 10 4 69 2265 68
1945 2 2 10 4 710 712 711
1946 2 2 10 4 2379 3074 1264
1947 2 2 10 4 1134 1237 1236
1948 2 2 10 4 508 512 509
1949 2 2 10 4 1156 2098 1433
1950 2 2 10 4 1734 1735 1733
1951 2 2 10 4 2138 3176 2002
1952 2 2 10 4 867 870 869
1953 2 2 10 4 680 681 678
1954 2 2 10 4 908 910 909
1955 2 2 10 4 1221 2346 2320
1956 2 2 10 4 665 666 561
1957 2 2 10 4 1319 3418 3267
1958 2 2 10 4 1707 2154 2153
1959 2 2 10 4 1568 1974 1586
1960 2 2 10 4 1227 2286 865
1961 2 2 10 4 1632 1777 1342
1962 2 2 10 4 2737 2979 1992
1963 2 2 10 4 219 3056 220
1964 2 2 10 4 898 899 897
1965 2 2 10 4 1647 2084 1471
1966 2 2 10 4 1512 3229 2679
1967 2 2 10 4 1884 2937 2876
1968 2 2 10 4 292 3225 2447
1969 2 2 10 4 1336 1338 1337
1970 2 2 10 4 1374 1624 1351
1971 2 2 10 4 611 621 620
1972 2 2 10 4 735 736 734
1973 2 2 10 4 2953 3332 383
1974 2 2 10 4 1187 1188 1157
1975 2 2 10 4 456 2306 442
1976 2 2 10 4 564 2728 562
1977 2 2 10 4 2887 3017 2398
1978 2 2 10 4 1269 1343 1270
1979 2 2 10 4 489 490 486
1980 2 2 10 4 1182 1184 1183
1981 2 2 10 4 1878 1879 1877
1982 2 2 10 4 1194 2208 2204
1983 2 2 10 4 1437 1646 1596
1984 2 2 10 4 1987 3271 1871
1985 2 2 10 4 2230 2822 2233
1986 2 2 10 4 1658 1721 1495
1987 2 2 10 4 947 2607 2354
1988 2 2 10 4 2333 3393 2033
1989 2 2 10 4 1221 2363 1219
1990 2 2 10 4 689 2758 673
1991 2 2 10 4 436 2721 2610
1992 2 2 10 4 1751 1752 1750
1993 2 2 10 4 944 952 943
1994 2 2 10 4 512 522 513
1995 2 2 10 4 1858 1859 1857
1996 2 2 10 4 821 2369 827
1997 2 2 10 4 698 699 693
1998 2 2 10 4 1386 2313 1388
1999 2 2 10 4 2237 3092 1825
2000 2 2 10 4 2355 3210 1815
2001 2 2 10 4 1350 1351 1349
2002 2 2 10 4 1370 2090 1441
2003 2 2 10 4 1835 3016 2800
2004 2 2 10 4 2143 2145 2144
2005 2 2 10 4 885 886 884
2006 2 2 10 4 961 3265 963
2007 2 2 10 4 200 2827 303
2008 2 2 10 4 2380 2752 2384
2009 2 2 10 4 1522 2940 2896
2010 2 2 10 4 1512 2679 613
2011 2 2 10 4 560 563 562
2012 2 2 10 4 73 321 72
2013 2 2 10 4 563 565 564
2014 2 2 10 4 97 322 96
2015 2 2 10 4 1923 1926 1925
2016 2 2 10 4 1859 2340 1857
2017 2 2 10 4 1864 2340 1859
2018 2 2 10 4 1908 3416 1902
2019 2 2 10 4 858 864 859
2020 2 2 10 4 2006 2008 2007
2021 2 2 10 4 2015 2017 2016
2022 2 2 10 4 2007 2009 284
2023 2 2 10 4 2034 2036 2035
2024 2 2 10 4 571 2701 2302
2025 2 2 10 4 955 956 953
2026 2 2 10 4 2387 2474 1541
2027 2 2 10 4 64 2771 2303
2028 2 2 10 4 603 606 605
2029 2 2 10 4 658 2395 656
2030 2 2 10 4 311 3004 262
2031 2 2 10 4 6 3004 2225
2032 2 2 10 4 2349 2663 2351
2033 2 2 10 4 1737 1739 1738
2034 2 2 10 4 2295 3138 1656
2035 2 2 10 4 1993 2124 1389
2036 2 2 10 4 2993 3387 2086
2037 2 2 10 4 984 3212 914
2038 2 2 10 4 757 2762 1326
2039 2 2 10 4 857 861 860
2040 2 2 10 4 2309 2721 436
2041 2 2 10 4 1765 2789 1763
2042 2 2 10 4 1635 1637 1409
2043 2 2 10 4 3060 3076 360
2044 2 2 10 4 1231 2093 1229
2045 2 2 10 4 2102 2869 920
2046 2 2 10 4 1153 1199 1198
2047 2 2 10 4 641 661 660
2048 2 2 10 4 1682 1700 1683
2049 2 2 10 4 1382 1978 1368
2050 2 2 10 4 1854 1856 1855
2051 2 2 10 4 631 632 630
2052 2 2 10 4 2827 3344 303
2053 2 2 10 4 1343 1345 1344
2054 2 2 10 4 1749 1750 1747
2055 2 2 10 4 565 567 566
2056 2 2 10 4 819 821 820
2057 2 2 10 4 588 589 587
2058 2 2 10 4 1503 2359 1002
2059 2 2 10 4 1467 1468 1364
2060 2 2 10 4 831 2715 2512
2061 2 2 10 4 426 2405 2342
2062 2 2 10 4 1217 2353 1221
2063 2 2 10 4 2274 2769 357
2064 2 2 10 4 2216 2885 2814
2065 2 2 10 4 2094 3422 2868
2066 2 2 10 4 773 2131 507
2067 2 2 10 4 963 965 964
2068 2 2 10 4 821 824 823
2069 2 2 10 4 1135 2155 973
2070 2 2 10 4 1491 1730 1490
2071 2 2 10 4 2687 3076 3060
2072 2 2 10 4 1388 1737 1601
2073 2 2 10 4 685 686 684
2074 2 2 10 4 1237 1356 1275
2075 2 2 10 4 228 3099 229
2076 2 2 10 4 864 1227 865
2077 2 2 10 4 2308 2309 2307
2078 2 2 10 4 1028 1030 1029
2079 2 2 10 4 719 721 720
2080 2 2 10 4 1520 3048 2292
2081 2 2 10 4 2906 3127 2322
2082 2 2 10 4 2723 3416 1908
2083 2 2 10 4 2204 2211 2207
2084 2 2 10 4 1408 1636 1635
2085 2 2 10 4 1283 2344 1353
2086 2 2 10 4 1282 2344 1283
2087 2 2 10 4 198 3103 199
2088 2 2 10 4 1219 2363 1365
2089 2 2 10 4 712 725 724
2090 2 2 10 4 989 3373 2104
2091 2 2 10 4 2921 3019 2313
2092 2 2 10 4 1488 1945 1421
2093 2 2 10 4 1352 1374 1351
2094 2 2 10 4 993 994 992
2095 2 2 10 4 1649 1650 1466
2096 2 2 10 4 844 845 843
2097 2 2 10 4 454 2770 459
2098 2 2 10 4 3010 3011 946
2099 2 2 10 4 900 901 899
2100 2 2 10 4 468 2366 467
2101 2 2 10 4 1589 2368 762
2102 2 2 10 4 463 464 462
2103 2 2 10 4 2373 3294 1131
2104 2 2 10 4 3276 3389 926
2105 2 2 10 4 816 858 822
2106 2 2 10 4 910 912 911
2107 2 2 10 4 2394 2705 1770
2108 2 2 10 4 2029 2031 2030
2109 2 2 10 4 363 2339 1905
2110 2 2 10 4 1189 1190 1188
2111 2 2 10 4 476 478 477
2112 2 2 10 4 2658 3424 2358
2113 2 2 10 4 1336 2681 1338
2114 2 2 10 4 606 608 607
2115 2 2 10 4 501 502 500
2116 2 2 10 4 2924 2946 2090
2117 2 2 10 4 558 560 559
2118 2 2 10 4 643 3168 2226
2119 2 2 10 4 1451 1916 1450
2120 2 2 10 4 746 2886 2757
2121 2 2 10 4 941 2639 2353
2122 2 2 10 4 1184 1186 1185
2123 2 2 10 4 1502 1837 1786
2124 2 2 10 4 2342 2406 426
2125 2 2 10 4 2263 2927 2262
2126 2 2 10 4 2351 2663 2593
2127 2 2 10 4 1876 1878 1877
2128 2 2 10 4 453 1274 448
2129 2 2 10 4 2938 3157 1709
2130 2 2 10 4 2351 2593 2371
2131 2 2 10 4 506 508 507
2132 2 2 10 4 1641 1718 1422
2133 2 2 10 4 1467 1666 1468
2134 2 2 10 4 1297 1980 1961
2135 2 2 10 4 3018 3449 2327
2136 2 2 10 4 1649 1651 1650
2137 2 2 10 4 2161 2712 1715
2138 2 2 10 4 325 3116 2050
2139 2 2 10 4 1609 2894 2111
2140 2 2 10 4 1682 1683 1591
2141 2 2 10 4 522 623 523
2142 2 2 10 4 737 738 736
2143 2 2 10 4 1753 1754 1752
2144 2 2 10 4 1770 2702 2394
2145 2 2 10 4 373 2329 375
2146 2 2 10 4 1929 1932 1931
2147 2 2 10 4 2322 3127 1195
2148 2 2 10 4 1518 1519 1374
2149 2 2 10 4 700 701 699
2150 2 2 10 4 1633 1634 1632
2151 2 2 10 4 824 826 825
2152 2 2 10 4 2209 3226 2813
2153 2 2 10 4 817 819 818
2154 2 2 10 4 400 440 402
2155 2 2 10 4 1866 2797 1964
2156 2 2 10 4 450 451 446
2157 2 2 10 4 1327 2235 1451
2158 2 2 10 4 2310 2911 1980
2159 2 2 10 4 1022 1023 648
2160 2 2 10 4 1541 2700 2387
2161 2 2 10 4 2353 2713 2346
2162 2 2 10 4 1044 1421 695
2163 2 2 10 4 440 2962 2804
2164 2 2 10 4 567 570 569
2165 2 2 10 4 2371 2593 1128
2166 2 2 10 4 1338 1340 1339
2167 2 2 10 4 934 935 886
2168 2 2 10 4 568 2910 2766
2169 2 2 10 4 621 1724 649
2170 2 2 10 4 782 2758 689
2171 2 2 10 4 2257 3339 2870
2172 2 2 10 4 1673 2298 1672
2173 2 2 10 4 1739 1871 1793
2174 2 2 10 4 586 2934 2768
2175 2 2 10 4 672 675 674
2176 2 2 10 4 1346 1642 1641
2177 2 2 10 4 2957 2974 803
2178 2 2 10 4 1469 2681 1336
2179 2 2 10 4 571 2773 2701
2180 2 2 10 4 831 2779 2715
2181 2 2 10 4 721 723 722
2182 2 2 10 4 2208 2211 2204
2183 2 2 10 4 1499 1866 1501
2184 2 2 10 4 1891 2282 1519
2185 2 2 10 4 810 2409 812
2186 2 2 10 4 2316 3054 2859
2187 2 2 10 4 445 446 444
2188 2 2 10 4 539 2936 2777
2189 2 2 10 4 1428 1462 1461
2190 2 2 10 4 1046 1047 994
2191 2 2 10 4 2317 2738 1731
2192 2 2 10 4 2124 3026 2923
2193 2 2 10 4 2941 2951 534
2194 2 2 10 4 861 877 875
2195 2 2 10 4 2420 3068 1510
2196 2 2 10 4 457 458 451
2197 2 2 10 4 1291 1592 1469
2198 2 2 10 4 1568 1586 1569
2199 2 2 10 4 2357 2363 1761
2200 2 2 10 4 1761 2363 2320
2201 2 2 10 4 2357 2381 1802
2202 2 2 10 4 478 480 479
2203 2 2 10 4 2395 2705 2394
2204 2 2 10 4 2324 2889 1824
2205 2 2 10 4 2488 2972 2791
2206 2 2 10 4 2194 3331 2379
2207 2 2 10 4 870 873 871
2208 2 2 10 4 1921 1923 1922
2209 2 2 10 4 1860 1861 1859
2210 2 2 10 4 1175 2395 658
2211 2 2 10 4 1199 1333 1332
2212 2 2 10 4 590 593 589
2213 2 2 10 4 633 634 632
2214 2 2 10 4 1078 2811 2641
2215 2 2 10 4 1274 2676 448
2216 2 2 10 4 2986 3306 822
2217 2 2 10 4 2362 2640 2605
2218 2 2 10 4 2389 2700 2696
2219 2 2 10 4 1150 2772 1153
2220 2 2 10 4 1345 2289 1346
2221 2 2 10 4 1923 1925 1924
2222 2 2 10 4 656 2395 2375
2223 2 2 10 4 2912 2928 544
2224 2 2 10 4 375 651 377
2225 2 2 10 4 1501 1502 1500
2226 2 2 10 4 2889 2958 1824
2227 2 2 10 4 1349 2285 1886
2228 2 2 10 4 2544 2545 2543
2229 2 2 10 4 1890 1892 1891
2230 2 2 10 4 1857 2340 1906
2231 2 2 10 4 1856 1858 1857
2232 2 2 10 4 1326 2762 1643
2233 2 2 10 4 2051 3267 2054
2234 2 2 10 4 1806 3093 2666
2235 2 2 10 4 2361 2640 2362
2236 2 2 10 4 1858 1860 1859
2237 2 2 10 4 2539 2542 2540
2238 2 2 10 4 2294 3310 2295
2239 2 2 10 4 1125 1428 1427
2240 2 2 10 4 939 2365 2364
2241 2 2 10 4 945 3403 2877
2242 2 2 10 4 2408 2680 1688
2243 2 2 10 4 1878 1880 1879
2244 2 2 10 4 1642 1979 1641
2245 2 2 10 4 965 969 968
2246 2 2 10 4 2206 2727 2215
2247 2 2 10 4 2256 2987 2703
2248 2 2 10 4 2256 2702 2562
2249 2 2 10 4 1669 1921 1920
2250 2 2 10 4 287 3251 2449
2251 2 2 10 4 1030 1113 1031
2252 2 2 10 4 1492 1493 1491
2253 2 2 10 4 1221 2353 2346
2254 2 2 10 4 2328 3195 1718
2255 2 2 10 4 1708 1709 1673
2256 2 2 10 4 1167 3336 2997
2257 2 2 10 4 312 2398 2397
2258 2 2 10 4 1695 2682 1678
2259 2 2 10 4 1713 2872 2850
2260 2 2 10 4 2299 3237 927
2261 2 2 10 4 826 829 828
2262 2 2 10 4 725 1040 1039
2263 2 2 10 4 608 619 618
2264 2 2 10 4 1927 2356 1929
2265 2 2 10 4 713 2170 696
2266 2 2 10 4 2270 2778 2271
2267 2 2 10 4 404 2338 747
2268 2 2 10 4 663 778 777
2269 2 2 10 4 2607 2663 2354
2270 2 2 10 4 1880 1881 1879
2271 2 2 10 4 912 914 913
2272 2 2 10 4 2354 2663 2349
2273 2 2 10 4 1496 3211 2189
2274 2 2 10 4 2608 2942 2802
2275 2 2 10 4 1002 2359 998
2276 2 2 10 4 2241 2994 299
2277 2 2 10 4 1892 1893 1891
2278 2 2 10 4 438 2307 435
2279 2 2 10 4 1246 2747 780
2280 2 2 10 4 2571 2725 338
2281 2 2 10 4 105 2327 104
2282 2 2 10 4 2221 2222 1607
2283 2 2 10 4 2323 2898 664
2284 2 2 10 4 2652 2842 2403
2285 2 2 10 4 2327 3449 324
2286 2 2 10 4 2530 2928 2912
2287 2 2 10 4 2542 2543 2540
2288 2 2 10 4 1257 1633 1632
2289 2 2 10 4 1905 3450 251
2290 2 2 10 4 447 2640 2361
2291 2 2 10 4 687 688 686
2292 2 2 10 4 1867 2280 1634
2293 2 2 10 4 957 958 956
2294 2 2 10 4 1837 1840 1838
2295 2 2 10 4 1837 1838 1786
2296 2 2 10 4 2081 2695 1752
2297 2 2 10 4 377 2332 379
2298 2 2 10 4 623 653 624
2299 2 2 10 4 264 3363 2875
2300 2 2 10 4 739 740 738
2301 2 2 10 4 1760 1890 1519
2302 2 2 10 4 2669 2764 2058
2303 2 2 10 4 1186 1294 1293
2304 2 2 10 4 1658 1722 1721
2305 2 2 10 4 2062 3180 2675
2306 2 2 10 4 465 466 464
2307 2 2 10 4 1494 1495 1493
2308 2 2 10 4 486 3222 484
2309 2 2 10 4 1755 1756 1754
2310 2 2 10 4 2361 2662 447
2311 2 2 10 4 939 2364 814
2312 2 2 10 4 2409 2680 2408
2313 2 2 10 4 570 574 573
2314 2 2 10 4 555 561 556
2315 2 2 10 4 2365 2821 2364
2316 2 2 10 4 1777 1778 1342
2317 2 2 10 4 810 2476 2409
2318 2 2 10 4 812 2409 939
2319 2 2 10 4 1700 1701 1683
2320 2 2 10 4 2222 2337 1607
2321 2 2 10 4 1657 1658 1495
2322 2 2 10 4 702 703 701
2323 2 2 10 4 2868 3422 646
2324 2 2 10 4 1412 3098 3018
2325 2 2 10 4 2482 3398 1971
2326 2 2 10 4 661 3002 660
2327 2 2 10 4 848 850 847
2328 2 2 10 4 1556 2406 2342
2329 2 2 10 4 1654 2406 1556
2330 2 2 10 4 2748 2881 2747
2331 2 2 10 4 1073 2862 942
2332 2 2 10 4 516 517 502
2333 2 2 10 4 929 2677 832
2334 2 2 10 4 496 2684 479
2335 2 2 10 4 2347 2713 2354
2336 2 2 10 4 1244 2343 1459
2337 2 2 10 4 1926 1927 1925
2338 2 2 10 4 2036 2037 2035
2339 2 2 10 4 2017 2018 2016
2340 2 2 10 4 1843 2951 2941
2341 2 2 10 4 2731 2732 1325
2342 2 2 10 4 2103 2681 1469
2343 2 2 10 4 1841 2683 1838
2344 2 2 10 4 401 2405 426
2345 2 2 10 4 669 2249 666
2346 2 2 10 4 2186 2756 2184
2347 2 2 10 4 1881 3359 3064
2348 2 2 10 4 1635 1869 1637
2349 2 2 10 4 1637 1638 1409
2350 2 2 10 4 251 3450 252
2351 2 2 10 4 322 2311 96
2352 2 2 10 4 1871 2193 1872
2353 2 2 10 4 1555 2553 1554
2354 2 2 10 4 1180 1181 759
2355 2 2 10 4 2242 3197 307
2356 2 2 10 4 2373 2877 1808
2357 2 2 10 4 2391 2635 2434
2358 2 2 10 4 1340 1364 1363
2359 2 2 10 4 2275 3441 1778
2360 2 2 10 4 2113 3337 1978
2361 2 2 10 4 1651 1652 1650
2362 2 2 10 4 2421 2700 1541
2363 2 2 10 4 723 730 729
2364 2 2 10 4 1501 2665 1502
2365 2 2 10 4 2306 2307 438
2366 2 2 10 4 487 2389 492
2367 2 2 10 4 2252 3242 1023
2368 2 2 10 4 2693 3383 2989
2369 2 2 10 4 2352 2699 2698
2370 2 2 10 4 1462 2074 2072
2371 2 2 10 4 1412 3017 2887
2372 2 2 10 4 1451 1965 1916
2373 2 2 10 4 1916 1917 1450
2374 2 2 10 4 837 2734 840
2375 2 2 10 4 596 2664 610
2376 2 2 10 4 236 3253 237
2377 2 2 10 4 863 2988 2844
2378 2 2 10 4 1718 1949 1422
2379 2 2 10 4 2758 2853 1487
2380 2 2 10 4 1737 2908 1739
2381 2 2 10 4 2809 2958 997
2382 2 2 10 4 1681 1913 1680
2383 2 2 10 4 1048 1049 1047
2384 2 2 10 4 344 2854 2433
2385 2 2 10 4 1234 2401 2400
2386 2 2 10 4 2702 2703 510
2387 2 2 10 4 1929 2356 1932
2388 2 2 10 4 1932 1933 1931
2389 2 2 10 4 2260 2261 2259
2390 2 2 10 4 494 2389 487
2391 2 2 10 4 379 449 381
2392 2 2 10 4 480 483 482
2393 2 2 10 4 1861 1864 1859
2394 2 2 10 4 560 562 559
2395 2 2 10 4 442 2306 438
2396 2 2 10 4 1700 1702 1701
2397 2 2 10 4 1592 1875 1469
2398 2 2 10 4 1722 1803 1721
2399 2 2 10 4 1860 1862 1861
2400 2 2 10 4 985 3305 986
2401 2 2 10 4 2512 2753 831
2402 2 2 10 4 1499 2278 1866
2403 2 2 10 4 1866 1964 1501
2404 2 2 10 4 2375 2394 510
2405 2 2 10 4 819 820 818
2406 2 2 10 4 745 2497 2405
2407 2 2 10 4 2096 3208 328
2408 2 2 10 4 2306 3100 2308
2409 2 2 10 4 778 1176 980
2410 2 2 10 4 1586 1587 1569
2411 2 2 10 4 1468 1507 1506
2412 2 2 10 4 1333 1348 1347
2413 2 2 10 4 2022 2293 2110
2414 2 2 10 4 873 878 874
2415 2 2 10 4 594 595 593
2416 2 2 10 4 1125 2872 1428
2417 2 2 10 4 1234 2400 2399
2418 2 2 10 4 2262 2954 2261
2419 2 2 10 4 1502 2665 1837
2420 2 2 10 4 665 667 666
2421 2 2 10 4 1008 2399 1001
2422 2 2 10 4 904 905 903
2423 2 2 10 4 2549 2553 1555
2424 2 2 10 4 1554 2553 1653
2425 2 2 10 4 635 644 634
2426 2 2 10 4 443 444 442
2427 2 2 10 4 1642 1985 1979
2428 2 2 10 4 2851 3327 1638
2429 2 2 10 4 2400 2635 2391
2430 2 2 10 4 667 695 668
2431 2 2 10 4 1248 1680 1246
2432 2 2 10 4 369 1266 367
2433 2 2 10 4 335 3043 67
2434 2 2 10 4 1651 1668 1652
2435 2 2 10 4 2434 2635 1954
2436 2 2 10 4 1510 3137 2420
2437 2 2 10 4 1694 1696 1695
2438 2 2 10 4 2405 2497 2342
2439 2 2 10 4 1880 1882 1881
2440 2 2 10 4 2003 3412 2668
2441 2 2 10 4 879 2304 883
2442 2 2 10 4 1234 2441 2401
2443 2 2 10 4 1892 1894 1893
2444 2 2 10 4 977 2382 1398
2445 2 2 10 4 1340 3006 1467
2446 2 2 10 4 1840 1841 1838
2447 2 2 10 4 217 3435 2296
2448 2 2 10 4 2134 3435 217
2449 2 2 10 4 505 2375 506
2450 2 2 10 4 3176 3412 2002
2451 2 2 10 4 939 2408 2365
2452 2 2 10 4 2382 2384 2383
2453 2 2 10 4 445 450 446
2454 2 2 10 4 2100 3310 2294
2455 2 2 10 4 555 665 561
2456 2 2 10 4 879 883 882
2457 2 2 10 4 1250 1418 1249
2458 2 2 10 4 440 2338 402
2459 2 2 10 4 1862 1944 1861
2460 2 2 10 4 2401 2441 2404
2461 2 2 10 4 2314 3332 2288
2462 2 2 10 4 1234 2399 1008
2463 2 2 10 4 2380 2382 933
2464 2 2 10 4 1128 2678 2371
2465 2 2 10 4 2017 2019 2018
2466 2 2 10 4 2036 2038 2037
2467 2 2 10 4 933 2382 977
2468 2 2 10 4 2354 2713 947
2469 2 2 10 4 2382 2383 1398
2470 2 2 10 4 3027 3329 1238
2471 2 2 10 4 1001 2399 2390
2472 2 2 10 4 1870 3098 1613
2473 2 2 10 4 745 2405 403
2474 2 2 10 4 969 972 971
2475 2 2 10 4 1003 2390 1132
2476 2 2 10 4 556 558 557
2477 2 2 10 4 1588 2392 1017
2478 2 2 10 4 1654 2641 2406
2479 2 2 10 4 2273 2932 336
2480 2 2 10 4 816 817 815
2481 2 2 10 4 2401 2402 2400
2482 2 2 10 4 2260 2262 2261
2483 2 2 10 4 1932 1934 1933
2484 2 2 10 4 2232 3219 1583
2485 2 2 10 4 487 488 455
2486 2 2 10 4 2390 2391 1132
2487 2 2 10 4 1702 1703 1701
2488 2 2 10 4 1875 2103 1469
2489 2 2 10 4 1722 1804 1803
2490 2 2 10 4 930 2380 933
2491 2 2 10 4 1273 2442 2441
2492 2 2 10 4 592 2430 553
2493 2 2 10 4 2396 2457 1593
2494 2 2 10 4 443 445 444
2495 2 2 10 4 1985 1986 1979
2496 2 2 10 4 2386 2389 494
2497 2 2 10 4 1651 1975 1668
2498 2 2 10 4 1668 1669 1652
2499 2 2 10 4 1882 1883 1881
2500 2 2 10 4 1000 2390 1003
2501 2 2 10 4 1892 1962 1894
2502 2 2 10 4 1840 1842 1841
2503 2 2 10 4 829 833 832
2504 2 2 10 4 1017 2392 1012
2505 2 2 10 4 2418 2425 1429
2506 2 2 10 4 1429 2424 2418
2507 2 2 10 4 2380 2384 2382
2508 2 2 10 4 2375 2395 2394
2509 2 2 10 4 2017 2020 2019
2510 2 2 10 4 2036 2039 2038
2511 2 2 10 4 851 852 850
2512 2 2 10 4 925 2634 1073
2513 2 2 10 4 962 2856 960
2514 2 2 10 4 558 559 557
2515 2 2 10 4 1299 2426 1396
2516 2 2 10 4 1288 2431 1069
2517 2 2 10 4 1823 2412 2411
2518 2 2 10 4 817 818 815
2519 2 2 10 4 2401 2403 2402
2520 2 2 10 4 1934 1935 1933
2521 2 2 10 4 1593 2457 763
2522 2 2 10 4 2390 2399 2391
2523 2 2 10 4 2418 2424 2415
2524 2 2 10 4 1702 1990 1703
2525 2 2 10 4 1722 1805 1804
2526 2 2 10 4 2411 2475 1823
2527 2 2 10 4 2426 2427 1396
2528 2 2 10 4 745 2466 2407
2529 2 2 10 4 503 2386 494
2530 2 2 10 4 1069 2431 2419
2531 2 2 10 4 2533 2576 2241
2532 2 2 10 4 806 2476 807
2533 2 2 10 4 1147 2475 2411
2534 2 2 10 4 1429 2426 1299
2535 2 2 10 4 2391 2434 1132
2536 2 2 10 4 1985 2106 1986
2537 2 2 10 4 2415 2424 2414
2538 2 2 10 4 772 2413 766
2539 2 2 10 4 1740 2431 1288
2540 2 2 10 4 1882 1884 1883
2541 2 2 10 4 1226 2414 976
2542 2 2 10 4 2441 2442 2404
2543 2 2 10 4 1069 2419 1058
2544 2 2 10 4 931 2393 929
2545 2 2 10 4 1147 2411 2410
2546 2 2 10 4 2407 2497 745
2547 2 2 10 4 1113 1390 1114
2548 2 2 10 4 1888 2465 2434
2549 2 2 10 4 1964 2665 1501
2550 2 2 10 4 1226 2415 2414
2551 2 2 10 4 2258 2576 2533
2552 2 2 10 4 2425 2426 1429
2553 2 2 10 4 807 2476 810
2554 2 2 10 4 1216 2476 806
2555 2 2 10 4 206 3161 306
2556 2 2 10 4 2410 2437 1147
2557 2 2 10 4 2039 2041 2038
2558 2 2 10 4 2020 2021 2019
2559 2 2 10 4 939 2409 2408
2560 2 2 10 4 405 2466 745
2561 2 2 10 4 1202 2421 1541
2562 2 2 10 4 2437 2493 1018
2563 2 2 10 4 766 2413 764
2564 2 2 10 4 2401 2404 2403
2565 2 2 10 4 1888 2434 1954
2566 2 2 10 4 2399 2400 2391
2567 2 2 10 4 976 2414 932
2568 2 2 10 4 2434 2465 1132
2569 2 2 10 4 1058 2419 1056
2570 2 2 10 4 552 2572 1547
2571 2 2 10 4 524 2422 2388
2572 2 2 10 4 1805 1806 1804
2573 2 2 10 4 2427 2428 1396
2574 2 2 10 4 408 2439 411
2575 2 2 10 4 1553 2497 1551
2576 2 2 10 4 2290 2817 2810
2577 2 2 10 4 2410 2493 2437
2578 2 2 10 4 2457 2513 768
2579 2 2 10 4 1160 2424 1429
2580 2 2 10 4 1059 2453 1063
2581 2 2 10 4 1014 2437 1018
2582 2 2 10 4 657 2421 1202
2583 2 2 10 4 554 2572 552
2584 2 2 10 4 411 2439 1558
2585 2 2 10 4 1226 2416 2415
2586 2 2 10 4 2020 2022 2021
2587 2 2 10 4 2039 2267 2041
2588 2 2 10 4 2396 2513 2457
2589 2 2 10 4 514 2422 524
2590 2 2 10 4 406 2439 408
2591 2 2 10 4 2632 2633 1305
2592 2 2 10 4 2342 2497 1553
2593 2 2 10 4 1551 2497 2407
2594 2 2 10 4 1085 2429 1007
2595 2 2 10 4 1063 2453 1289
2596 2 2 10 4 765 2457 768
2597 2 2 10 4 982 2424 1160
2598 2 2 10 4 1057 2453 1059
2599 2 2 10 4 1243 2494 1482
2600 2 2 10 4 1511 2461 2460
2601 2 2 10 4 416 2516 2466
2602 2 2 10 4 1235 2459 1111
2603 2 2 10 4 1085 2454 2429
2604 2 2 10 4 1625 2448 1399
2605 2 2 10 4 1597 2463 2462
2606 2 2 10 4 1007 2429 1004
2607 2 2 10 4 1511 2460 2459
2608 2 2 10 4 1301 2462 1161
2609 2 2 10 4 1481 2446 2445
2610 2 2 10 4 1481 2445 2444
2611 2 2 10 4 1394 2436 2432
2612 2 2 10 4 2466 2516 2407
2613 2 2 10 4 1147 2437 1015
2614 2 2 10 4 2416 2417 2415
2615 2 2 10 4 1511 2459 1235
2616 2 2 10 4 1482 2494 1868
2617 2 2 10 4 1394 2494 1243
2618 2 2 10 4 1111 2459 1226
2619 2 2 10 4 2432 2435 1394
2620 2 2 10 4 1129 2436 1394
2621 2 2 10 4 1399 2448 1481
2622 2 2 10 4 416 2466 407
2623 2 2 10 4 1083 2465 1393
2624 2 2 10 4 1597 2462 1301
2625 2 2 10 4 1226 2459 2416
2626 2 2 10 4 1481 2444 1261
2627 2 2 10 4 1509 2496 1411
2628 2 2 10 4 1161 2462 983
2629 2 2 10 4 529 2438 526
2630 2 2 10 4 1129 2468 2436
2631 2 2 10 4 1136 2458 1359
2632 2 2 10 4 1393 2465 1888
2633 2 2 10 4 769 2518 2468
2634 2 2 10 4 1771 2496 1509
2635 2 2 10 4 1411 2496 1511
2636 2 2 10 4 1006 2465 1083
2637 2 2 10 4 1420 2452 2440
2638 2 2 10 4 1511 2496 2461
2639 2 2 10 4 1261 2444 1112
2640 2 2 10 4 2440 2451 1420
2641 2 2 10 4 1481 2448 2446
2642 2 2 10 4 750 2458 1136
2643 2 2 10 4 2624 2630 1573
2644 2 2 10 4 1780 2451 2440
2645 2 2 10 4 2417 2418 2415
2646 2 2 10 4 1440 2557 1265
2647 2 2 10 4 2435 2494 1394
2648 2 2 10 4 1780 2456 2451
2649 2 2 10 4 526 2438 525
2650 2 2 10 4 2468 2518 2436
2651 2 2 10 4 1242 2454 1087
2652 2 2 10 4 1087 2454 1085
2653 2 2 10 4 2447 2473 2472
2654 2 2 10 4 2443 2458 750
2655 2 2 10 4 1271 2472 1523
2656 2 2 10 4 1956 2558 2557
2657 2 2 10 4 1588 2498 2455
2658 2 2 10 4 1415 2475 1164
2659 2 2 10 4 769 2468 767
2660 2 2 10 4 750 2630 2443
2661 2 2 10 4 1573 2630 2467
2662 2 2 10 4 414 2467 410
2663 2 2 10 4 2444 2445 1622
2664 2 2 10 4 2428 2632 1396
2665 2 2 10 4 1956 2557 1440
2666 2 2 10 4 1265 2557 1420
2667 2 2 10 4 1523 2472 1959
2668 2 2 10 4 1622 2472 1271
2669 2 2 10 4 1823 2475 1415
2670 2 2 10 4 1360 2456 1780
2671 2 2 10 4 1127 2456 1360
2672 2 2 10 4 2443 2630 2624
2673 2 2 10 4 1127 2469 2456
2674 2 2 10 4 1573 2467 414
2675 2 2 10 4 1169 2441 1234
2676 2 2 10 4 1164 2475 1020
2677 2 2 10 4 1174 2444 1622
2678 2 2 10 4 2456 2519 2451
2679 2 2 10 4 1019 2498 1588
2680 2 2 10 4 1061 2469 1127
2681 2 2 10 4 1420 2557 2452
2682 2 2 10 4 2469 2519 2456
2683 2 2 10 4 410 2467 409
2684 2 2 10 4 1241 2493 1550
2685 2 2 10 4 1165 2485 1278
2686 2 2 10 4 1094 2484 1096
2687 2 2 10 4 771 2468 1129
2688 2 2 10 4 1098 2483 2464
2689 2 2 10 4 2464 2484 1098
2690 2 2 10 4 2628 2629 1903
2691 2 2 10 4 2445 2447 1622
2692 2 2 10 4 2459 2460 2416
2693 2 2 10 4 1098 2484 1094
2694 2 2 10 4 1098 2515 2483
2695 2 2 10 4 1550 2493 2410
2696 2 2 10 4 1278 2485 1505
2697 2 2 10 4 1021 2485 1165
2698 2 2 10 4 1034 2493 1241
2699 2 2 10 4 2483 2515 2471
2700 2 2 10 4 2484 2628 1096
2701 2 2 10 4 1561 2471 1205
2702 2 2 10 4 1400 2474 1627
2703 2 2 10 4 1119 2563 2498
2704 2 2 10 4 2484 2629 2628
2705 2 2 10 4 1561 2483 2471
2706 2 2 10 4 2447 2472 1622
2707 2 2 10 4 1795 2479 1567
2708 2 2 10 4 2498 2563 2455
2709 2 2 10 4 2472 2473 1959
2710 2 2 10 4 786 2513 1380
2711 2 2 10 4 1955 2481 2480
2712 2 2 10 4 1567 2479 1566
2713 2 2 10 4 1781 2480 1977
2714 2 2 10 4 2470 2629 1970
2715 2 2 10 4 1781 2492 2480
2716 2 2 10 4 1262 2474 1400
2717 2 2 10 4 1205 2471 1084
2718 2 2 10 4 1566 2479 2477
2719 2 2 10 4 1062 2469 1061
2720 2 2 10 4 1119 2498 1035
2721 2 2 10 4 2477 2486 1566
2722 2 2 10 4 1380 2513 2396
2723 2 2 10 4 2480 2481 1977
2724 2 2 10 4 2480 2492 1405
2725 2 2 10 4 1168 2487 1484
2726 2 2 10 4 770 2513 786
2727 2 2 10 4 2464 2483 1849
2728 2 2 10 4 1849 2483 1561
2729 2 2 10 4 2228 2486 2477
2730 2 2 10 4 2228 2487 2486
2731 2 2 10 4 1548 2516 1137
2732 2 2 10 4 1484 2487 2228
2733 2 2 10 4 1562 2627 1065
2734 2 2 10 4 1405 2492 1117
2735 2 2 10 4 1566 2486 1563
2736 2 2 10 4 1563 2486 1562
2737 2 2 10 4 2407 2516 1548
2738 2 2 10 4 1168 2627 2487
2739 2 2 10 4 2487 2627 1562
2740 2 2 10 4 2489 2491 1720
2741 2 2 10 4 1137 2516 749
2742 2 2 10 4 946 2506 791
2743 2 2 10 4 1781 2556 2492
2744 2 2 10 4 1292 2489 1277
2745 2 2 10 4 790 2506 2505
2746 2 2 10 4 790 2505 2504
2747 2 2 10 4 1292 2490 2489
2748 2 2 10 4 2486 2487 1562
2749 2 2 10 4 791 2506 790
2750 2 2 10 4 2505 2506 1782
2751 2 2 10 4 2428 2633 2632
2752 2 2 10 4 1065 2627 1064
2753 2 2 10 4 790 2504 787
2754 2 2 10 4 784 2518 769
2755 2 2 10 4 2471 2515 1086
2756 2 2 10 4 1277 2489 1276
2757 2 2 10 4 2492 2556 1118
2758 2 2 10 4 2499 2503 2500
2759 2 2 10 4 1292 2525 2490
2760 2 2 10 4 1526 2499 1530
2761 2 2 10 4 787 2504 785
2762 2 2 10 4 2490 2491 2489
2763 2 2 10 4 2509 2512 1598
2764 2 2 10 4 2499 2500 1530
2765 2 2 10 4 1066 2519 2469
2766 2 2 10 4 530 2488 529
2767 2 2 10 4 2507 2509 1598
2768 2 2 10 4 1572 2505 1782
2769 2 2 10 4 1307 2507 1304
2770 2 2 10 4 2525 2623 2490
2771 2 2 10 4 1483 2495 1848
2772 2 2 10 4 1524 2499 1526
2773 2 2 10 4 1307 2508 2507
2774 2 2 10 4 2504 2505 1570
2775 2 2 10 4 1570 2505 1572
2776 2 2 10 4 1559 2624 1375
2777 2 2 10 4 1092 2515 1098
2778 2 2 10 4 1123 2556 1263
2779 2 2 10 4 1110 2504 1570
2780 2 2 10 4 2500 2501 1530
2781 2 2 10 4 1304 2507 1303
2782 2 2 10 4 1307 2625 2508
2783 2 2 10 4 432 2546 419
2784 2 2 10 4 1375 2624 2546
2785 2 2 10 4 1263 2556 1781
2786 2 2 10 4 2436 2518 1779
2787 2 2 10 4 2451 2519 1193
2788 2 2 10 4 1088 2515 1092
2789 2 2 10 4 2508 2509 2507
2790 2 2 10 4 2443 2624 1559
2791 2 2 10 4 1120 2556 1123
2792 2 2 10 4 1517 2514 1955
2793 2 2 10 4 1375 2546 432
2794 2 2 10 4 2501 2554 1530
2795 2 2 10 4 419 2546 417
2796 2 2 10 4 2532 2622 2598
2797 2 2 10 4 1292 2588 2525
2798 2 2 10 4 2508 2625 2511
2799 2 2 10 4 1144 2531 1142
2800 2 2 10 4 1779 2518 1253
2801 2 2 10 4 2500 2502 2501
2802 2 2 10 4 2531 2622 2532
2803 2 2 10 4 1358 2526 1549
2804 2 2 10 4 1252 2528 2527
2805 2 2 10 4 1193 2519 1068
2806 2 2 10 4 1252 2529 2528
2807 2 2 10 4 1252 2527 1141
2808 2 2 10 4 789 2550 792
2809 2 2 10 4 2077 2535 1571
2810 2 2 10 4 2526 2547 1549
2811 2 2 10 4 1142 2531 1252
2812 2 2 10 4 2520 2521 1610
2813 2 2 10 4 1279 2588 1292
2814 2 2 10 4 1089 2517 1242
2815 2 2 10 4 1144 2622 2531
2816 2 2 10 4 2508 2510 2509
2817 2 2 10 4 792 2550 1128
2818 2 2 10 4 1610 2526 1358
2819 2 2 10 4 2527 2555 1141
2820 2 2 10 4 1357 2520 1610
2821 2 2 10 4 1091 2600 2534
2822 2 2 10 4 751 2560 418
2823 2 2 10 4 1571 2535 1395
2824 2 2 10 4 1121 2563 1119
2825 2 2 10 4 1148 2555 1578
2826 2 2 10 4 788 2550 789
2827 2 2 10 4 1397 2551 1158
2828 2 2 10 4 2529 2530 2528
2829 2 2 10 4 1252 2531 2529
2830 2 2 10 4 1578 2555 2527
2831 2 2 10 4 1552 2547 1555
2832 2 2 10 4 1549 2547 1552
2833 2 2 10 4 2521 2523 1610
2834 2 2 10 4 2520 2522 2521
2835 2 2 10 4 1439 2551 1729
2836 2 2 10 4 1090 2600 1091
2837 2 2 10 4 1122 2555 1148
2838 2 2 10 4 2508 2511 2510
2839 2 2 10 4 1527 2562 1770
2840 2 2 10 4 2540 2587 2537
2841 2 2 10 4 2536 2537 1309
2842 2 2 10 4 2537 2587 1309
2843 2 2 10 4 1531 2554 1950
2844 2 2 10 4 2547 2548 1555
2845 2 2 10 4 1539 2535 2063
2846 2 2 10 4 1306 2536 1309
2847 2 2 10 4 1159 2551 1439
2848 2 2 10 4 2531 2532 2529
2849 2 2 10 4 423 2560 1577
2850 2 2 10 4 1141 2555 1124
2851 2 2 10 4 1124 2555 1122
2852 2 2 10 4 2523 2526 1610
2853 2 2 10 4 1528 2554 1531
2854 2 2 10 4 535 2552 537
2855 2 2 10 4 2536 2538 2537
2856 2 2 10 4 1581 2573 2561
2857 2 2 10 4 2568 2578 2577
2858 2 2 10 4 2557 2558 2452
2859 2 2 10 4 420 2560 423
2860 2 2 10 4 1579 2600 1097
2861 2 2 10 4 2568 2577 2566
2862 2 2 10 4 2256 2562 1537
2863 2 2 10 4 2548 2549 1555
2864 2 2 10 4 1268 2622 1144
2865 2 2 10 4 2455 2563 1640
2866 2 2 10 4 1281 2588 1279
2867 2 2 10 4 2566 2577 1341
2868 2 2 10 4 752 2573 1581
2869 2 2 10 4 2534 2600 1579
2870 2 2 10 4 2564 2566 1341
2871 2 2 10 4 1341 2575 2564
2872 2 2 10 4 1097 2600 1093
2873 2 2 10 4 1537 2562 1529
2874 2 2 10 4 1640 2563 1240
2875 2 2 10 4 2538 2539 2537
2876 2 2 10 4 421 2573 752
2877 2 2 10 4 2558 2559 2452
2878 2 2 10 4 2564 2575 1582
2879 2 2 10 4 2561 2573 427
2880 2 2 10 4 1896 2612 1898
2881 2 2 10 4 2538 2541 2539
2882 2 2 10 4 1582 2575 1139
2883 2 2 10 4 1251 2569 1639
2884 2 2 10 4 1143 2575 1341
2885 2 2 10 4 2539 2540 2537
2886 2 2 10 4 427 2573 422
2887 2 2 10 4 1584 2585 1296
2888 2 2 10 4 1096 2612 2611
2889 2 2 10 4 1296 2585 1580
2890 2 2 10 4 1898 2612 1901
2891 2 2 10 4 1096 2611 1095
2892 2 2 10 4 2611 2612 1896
2893 2 2 10 4 2525 2588 1574
2894 2 2 10 4 1140 2575 1143
2895 2 2 10 4 1538 2576 2258
2896 2 2 10 4 2241 2576 1540
2897 2 2 10 4 1620 2570 2078
2898 2 2 10 4 439 2602 2586
2899 2 2 10 4 1574 2588 1284
2900 2 2 10 4 1575 2574 1968
2901 2 2 10 4 1377 2579 1401
2902 2 2 10 4 798 2590 795
2903 2 2 10 4 2577 2578 1376
2904 2 2 10 4 2586 2602 2601
2905 2 2 10 4 2601 2602 753
2906 2 2 10 4 2579 2580 1401
2907 2 2 10 4 1267 2577 1376
2908 2 2 10 4 2579 2581 2580
2909 2 2 10 4 1712 1956 1440
2910 2 2 10 4 1580 2001 2000
2911 2 2 10 4 2580 2594 1401
2912 2 2 10 4 1580 2585 2001
2913 2 2 10 4 1532 2576 1538
2914 2 2 10 4 1762 2616 425
2915 2 2 10 4 1671 2596 1403
2916 2 2 10 4 1617 2589 1723
2917 2 2 10 4 1899 2181 1897
2918 2 2 10 4 1376 2579 1377
2919 2 2 10 4 1671 2597 2596
2920 2 2 10 4 809 2608 808
2921 2 2 10 4 807 809 808
2922 2 2 10 4 812 813 811
2923 2 2 10 4 1310 2587 1313
2924 2 2 10 4 1580 2000 1999
2925 2 2 10 4 1899 2583 2181
2926 2 2 10 4 1903 2470 1908
2927 2 2 10 4 801 863 799
2928 2 2 10 4 1712 2591 1960
2929 2 2 10 4 1217 1221 1219
2930 2 2 10 4 2321 2603 1762
2931 2 2 10 4 810 811 809
2932 2 2 10 4 1317 1318 1316
2933 2 2 10 4 2348 2603 2321
2934 2 2 10 4 1414 2604 1404
2935 2 2 10 4 1704 2589 1617
2936 2 2 10 4 2601 2603 2348
2937 2 2 10 4 1404 2604 1670
2938 2 2 10 4 794 2593 796
2939 2 2 10 4 1416 2595 1614
2940 2 2 10 4 1403 2596 1379
2941 2 2 10 4 2578 2579 1376
2942 2 2 10 4 1316 2609 1684
2943 2 2 10 4 1618 2604 1414
2944 2 2 10 4 550 2606 548
2945 2 2 10 4 800 2607 947
2946 2 2 10 4 1296 1580 1579
2947 2 2 10 4 1585 1896 1895
2948 2 2 10 4 1577 1761 425
2949 2 2 10 4 1547 2606 550
2950 2 2 10 4 795 2590 793
2951 2 2 10 4 1783 1784 1619
2952 2 2 10 4 2274 2591 1712
2953 2 2 10 4 2352 2586 2350
2954 2 2 10 4 2603 2616 1762
2955 2 2 10 4 1648 1783 1619
2956 2 2 10 4 2350 2601 2348
2957 2 2 10 4 2565 2566 2564
2958 2 2 10 4 2596 2598 1378
2959 2 2 10 4 1951 2241 1540
2960 2 2 10 4 2228 2477 2229
2961 2 2 10 4 1950 1951 1540
2962 2 2 10 4 2001 2002 2000
2963 2 2 10 4 2567 2568 2566
2964 2 2 10 4 423 1577 425
2965 2 2 10 4 434 439 437
2966 2 2 10 4 1401 2594 1402
2967 2 2 10 4 1413 2594 1942
2968 2 2 10 4 1424 2595 1416
2969 2 2 10 4 1995 2574 1575
2970 2 2 10 4 1577 2357 1761
2971 2 2 10 4 1615 2599 1704
2972 2 2 10 4 1617 1723 1693
2973 2 2 10 4 2347 2354 2349
2974 2 2 10 4 424 427 422
2975 2 2 10 4 811 2613 830
2976 2 2 10 4 814 815 813
2977 2 2 10 4 1416 1417 1318
2978 2 2 10 4 1365 1802 1801
2979 2 2 10 4 1431 1432 1414
2980 2 2 10 4 1811 1937 1813
2981 2 2 10 4 2349 2351 2350
2982 2 2 10 4 428 430 429
2983 2 2 10 4 430 434 433
2984 2 2 10 4 434 437 435
2985 2 2 10 4 437 441 438
2986 2 2 10 4 1095 1211 1097
2987 2 2 10 4 1341 2577 1267
2988 2 2 10 4 1402 1403 1379
2989 2 2 10 4 1670 1671 1403
2990 2 2 10 4 1585 1675 1584
2991 2 2 10 4 1585 2611 1896
2992 2 2 10 4 1898 1901 1900
2993 2 2 10 4 1904 2583 1899
2994 2 2 10 4 2351 2352 2350
2995 2 2 10 4 428 753 430
2996 2 2 10 4 430 2602 434
2997 2 2 10 4 435 436 433
2998 2 2 10 4 547 548 546
2999 2 2 10 4 753 2603 2601
3000 2 2 10 4 797 800 799
3001 2 2 10 4 800 801 799
3002 2 2 10 4 1312 2614 1311
3003 2 2 10 4 1314 1317 1316
3004 2 2 10 4 1318 2609 1316
3005 2 2 10 4 1617 1693 1616
3006 2 2 10 4 2002 2003 2000
3007 2 2 10 4 2347 2348 2321
3008 2 2 10 4 2347 2349 2348
3009 2 2 10 4 2578 2581 2579
3010 2 2 10 4 424 428 427
3011 2 2 10 4 1140 1143 1142
3012 2 2 10 4 1711 1712 1440
3013 2 2 10 4 1575 1968 1599
3014 2 2 10 4 1670 1843 1671
3015 2 2 10 4 2228 2229 2227
3016 2 2 10 4 804 805 803
3017 2 2 10 4 1377 1379 1378
3018 2 2 10 4 1432 1618 1414
3019 2 2 10 4 1758 2057 1473
3020 2 2 10 4 2001 2138 2002
3021 2 2 10 4 2349 2350 2348
3022 2 2 10 4 794 796 795
3023 2 2 10 4 800 802 801
3024 2 2 10 4 800 947 802
3025 2 2 10 4 804 806 805
3026 2 2 10 4 807 810 809
3027 2 2 10 4 810 812 811
3028 2 2 10 4 812 814 813
3029 2 2 10 4 814 816 815
3030 2 2 10 4 1413 1431 1414
3031 2 2 10 4 1615 1616 1417
3032 2 2 10 4 1896 1898 1897
3033 2 2 10 4 545 547 546
3034 2 2 10 4 547 754 549
3035 2 2 10 4 811 830 809
3036 2 2 10 4 813 2613 811
3037 2 2 10 4 1211 1585 1584
3038 2 2 10 4 1392 1995 1575
3039 2 2 10 4 1402 1404 1403
3040 2 2 10 4 1538 2257 2255
3041 2 2 10 4 1653 1809 1654
3042 2 2 10 4 1712 1960 1956
3043 2 2 10 4 2258 2259 2257
3044 2 2 10 4 556 557 554
3045 2 2 10 4 1377 1401 1379
3046 2 2 10 4 1404 1670 1403
3047 2 2 10 4 2527 2528 1661
3048 2 2 10 4 547 549 548
3049 2 2 10 4 553 554 552
3050 2 2 10 4 802 804 803
3051 2 2 10 4 1095 2611 1211
3052 2 2 10 4 1143 1341 1267
3053 2 2 10 4 1217 1218 1216
3054 2 2 10 4 1219 1220 1218
3055 2 2 10 4 1581 2317 1255
3056 2 2 10 4 1267 1376 1268
3057 2 2 10 4 1401 1402 1379
3058 2 2 10 4 1402 1413 1404
3059 2 2 10 4 1653 1654 1556
3060 2 2 10 4 2066 2067 1559
3061 2 2 10 4 2302 2455 1640
3062 2 2 10 4 1811 1813 1812
3063 2 2 10 4 1898 1899 1897
3064 2 2 10 4 1900 1904 1899
3065 2 2 10 4 2067 2458 2443
3066 2 2 10 4 541 543 542
3067 2 2 10 4 548 568 546
3068 2 2 10 4 551 592 553
3069 2 2 10 4 1413 1942 1431
3070 2 2 10 4 2255 2256 1537
3071 2 2 10 4 1556 2342 1553
3072 2 2 10 4 1781 1977 1603
3073 2 2 10 4 1615 1704 1617
3074 2 2 10 4 541 542 540
3075 2 2 10 4 549 551 550
3076 2 2 10 4 551 553 552
3077 2 2 10 4 553 555 554
3078 2 2 10 4 796 2607 797
3079 2 2 10 4 830 2608 809
3080 2 2 10 4 1296 1579 1097
3081 2 2 10 4 1416 1614 1417
3082 2 2 10 4 1544 2066 1559
3083 2 2 10 4 1811 1812 1810
3084 2 2 10 4 436 2610 433
3085 2 2 10 4 441 443 442
3086 2 2 10 4 549 550 548
3087 2 2 10 4 548 2606 568
3088 2 2 10 4 551 552 550
3089 2 2 10 4 555 556 554
3090 2 2 10 4 792 1128 794
3091 2 2 10 4 797 2607 800
3092 2 2 10 4 1316 1684 1315
3093 2 2 10 4 1402 2594 1413
3094 2 2 10 4 1603 1971 1582
3095 2 2 10 4 1971 2564 1582
3096 2 2 10 4 542 586 540
3097 2 2 10 4 797 798 795
3098 2 2 10 4 1580 1999 1579
3099 2 2 10 4 1615 1617 1616
3100 2 2 10 4 1761 1762 425
3101 2 2 10 4 1143 1267 1144
3102 2 2 10 4 1392 1574 1284
3103 2 2 10 4 1353 1473 1287
3104 2 2 10 4 1314 1315 1312
3105 2 2 10 4 1353 1758 1473
3106 2 2 10 4 1379 2596 1378
3107 2 2 10 4 1432 1648 1619
3108 2 2 10 4 2058 2615 1473
3109 2 2 10 4 1554 1653 1556
3110 2 2 10 4 1575 1599 1574
3111 2 2 10 4 1693 1799 1616
3112 2 2 10 4 1648 2377 1835
3113 2 2 10 4 2320 2321 1762
3114 2 2 10 4 1812 2191 1810
3115 2 2 10 4 2346 2347 2321
3116 2 2 10 4 538 541 540
3117 2 2 10 4 543 544 542
3118 2 2 10 4 543 545 544
3119 2 2 10 4 1267 1268 1144
3120 2 2 10 4 1377 1378 1268
3121 2 2 10 4 1283 1353 1287
3122 2 2 10 4 1544 1559 1375
3123 2 2 10 4 1898 1900 1899
3124 2 2 10 4 1903 1908 1902
3125 2 2 10 4 793 2590 946
3126 2 2 10 4 941 1216 806
3127 2 2 10 4 1143 1144 1142
3128 2 2 10 4 1313 1314 1312
3129 2 2 10 4 1578 2527 1661
3130 2 2 10 4 1614 2599 1615
3131 2 2 10 4 1814 2619 2618
3132 2 2 10 4 2351 2371 2352
3133 2 2 10 4 753 2602 430
3134 2 2 10 4 1552 1555 1554
3135 2 2 10 4 1554 1556 1553
3136 2 2 10 4 545 546 544
3137 2 2 10 4 1140 1142 1141
3138 2 2 10 4 1317 1416 1318
3139 2 2 10 4 1413 1414 1404
3140 2 2 10 4 2586 2601 2350
3141 2 2 10 4 752 1581 1255
3142 2 2 10 4 1128 2593 794
3143 2 2 10 4 1684 1685 1315
3144 2 2 10 4 1538 2255 1537
3145 2 2 10 4 1809 1811 1810
3146 2 2 10 4 1813 2079 1814
3147 2 2 10 4 2565 2567 2566
3148 2 2 10 4 543 622 545
3149 2 2 10 4 1365 1801 1220
3150 2 2 10 4 1310 1313 1312
3151 2 2 10 4 1538 2258 2257
3152 2 2 10 4 1772 2302 1640
3153 2 2 10 4 1809 1810 1654
3154 2 2 10 4 1684 1865 1685
3155 2 2 10 4 1901 1903 1902
3156 2 2 10 4 2597 2598 2596
3157 2 2 10 4 425 2616 424
3158 2 2 10 4 1254 1544 1375
3159 2 2 10 4 1263 1781 1603
3160 2 2 10 4 1392 1575 1574
3161 2 2 10 4 2057 2058 1473
3162 2 2 10 4 1263 1603 1582
3163 2 2 10 4 1318 2617 2609
3164 2 2 10 4 2067 2443 1559
3165 2 2 10 4 1942 2046 1431
3166 2 2 10 4 1532 1538 1537
3167 2 2 10 4 1599 2525 1574
3168 2 2 10 4 1639 1772 1640
3169 2 2 10 4 1813 1814 1812
3170 2 2 10 4 1971 2565 2564
3171 2 2 10 4 1254 1375 432
3172 2 2 10 4 429 2610 2561
3173 2 2 10 4 434 2602 439
3174 2 2 10 4 538 540 539
3175 2 2 10 4 1616 2617 1417
3176 2 2 10 4 1432 1619 1618
3177 2 2 10 4 1648 1835 1783
3178 2 2 10 4 1376 1377 1268
3179 2 2 10 4 1317 1424 1416
3180 2 2 10 4 439 2605 437
3181 2 2 10 4 2258 2260 2259
3182 2 2 10 4 552 1547 550
3183 2 2 10 4 1211 2611 1585
3184 2 2 10 4 1761 2320 1762
3185 2 2 10 4 752 1255 1254
3186 2 2 10 4 1540 2576 1532
3187 2 2 10 4 753 2616 2603
3188 2 2 10 4 1142 1252 1141
3189 2 2 10 4 1314 1316 1315
3190 2 2 10 4 1552 1554 1553
3191 2 2 10 4 794 795 793
3192 2 2 10 4 1287 1392 1284
3193 2 2 10 4 1439 1711 1440
3194 2 2 10 4 1578 1661 1660
3195 2 2 10 4 2320 2346 2321
3196 2 2 10 4 424 2616 428
3197 2 2 10 4 430 433 429
3198 2 2 10 4 434 435 433
3199 2 2 10 4 1439 1729 1711
3200 2 2 10 4 437 2605 441
3201 2 2 10 4 796 797 795
3202 2 2 10 4 812 939 814
3203 2 2 10 4 1569 1795 1567
3204 2 2 10 4 1660 2569 1251
3205 2 2 10 4 1614 1615 1417
3206 2 2 10 4 1565 1568 1567
3207 2 2 10 4 428 429 427
3208 2 2 10 4 437 438 435
3209 2 2 10 4 441 442 438
3210 2 2 10 4 797 799 798
3211 2 2 10 4 1572 1782 1621
3212 2 2 10 4 428 2616 753
3213 2 2 10 4 433 2610 429
3214 2 2 10 4 941 1217 1216
3215 2 2 10 4 1211 1584 1296
3216 2 2 10 4 1531 1950 1540
3217 2 2 10 4 429 2561 427
3218 2 2 10 4 802 803 801
3219 2 2 10 4 806 807 805
3220 2 2 10 4 1568 1569 1567
3221 2 2 10 4 423 425 424
3222 2 2 10 4 804 941 806
3223 2 2 10 4 807 808 805
3224 2 2 10 4 1220 1688 1218
3225 2 2 10 4 1417 2617 1318
3226 2 2 10 4 1484 2228 2227
3227 2 2 10 4 1217 1219 1218
3228 2 2 10 4 2361 2362 1776
3229 2 2 10 4 2477 2478 2229
3230 2 2 10 4 792 794 793
3231 2 2 10 4 1219 1365 1220
3232 2 2 10 4 1309 2587 1310
3233 2 2 10 4 1211 1296 1097
3234 2 2 10 4 1620 2078 2077
3235 2 2 10 4 1814 2618 1812
3236 2 2 10 4 1901 1902 1900
3237 2 2 10 4 1896 1897 1895
3238 2 2 10 4 1585 1895 1675
3239 2 2 10 4 1310 1312 1311
3240 2 2 10 4 2433 2435 2432
3241 2 2 10 4 423 424 422
3242 2 2 10 4 1315 2614 1312
3243 2 2 10 4 1392 2615 1995
3244 2 2 10 4 1685 2614 1315
3245 2 2 10 4 1999 2534 1579
3246 2 2 10 4 793 946 791
3247 2 2 10 4 1799 2617 1616
3248 2 2 10 4 2477 2479 2478
3249 2 2 10 4 1552 1553 1551
3250 2 2 10 4 1621 2570 1620
3251 2 2 10 4 1310 1311 1308
3252 2 2 10 4 538 539 536
3253 2 2 10 4 1095 1097 1093
3254 2 2 10 4 1812 2618 2191
3255 2 2 10 4 752 1254 432
3256 2 2 10 4 1284 2588 1281
3257 2 2 10 4 1094 1096 1095
3258 2 2 10 4 1139 2575 1140
3259 2 2 10 4 1263 1582 1139
3260 2 2 10 4 1140 1141 1124
3261 2 2 10 4 1283 1287 1284
3262 2 2 10 4 1639 1640 1240
3263 2 2 10 4 1531 1540 1532
3264 2 2 10 4 1711 2274 1712
3265 2 2 10 4 1473 2615 1287
3266 2 2 10 4 1578 1660 1251
3267 2 2 10 4 1648 2620 2377
3268 2 2 10 4 1532 1537 1529
3269 2 2 10 4 1287 2615 1392
3270 2 2 10 4 1431 2620 1432
3271 2 2 10 4 1432 2620 1648
3272 2 2 10 4 2046 2620 1431
3273 2 2 10 4 1775 2361 1776
3274 2 2 10 4 1565 1567 1566
3275 2 2 10 4 1484 2227 1943
3276 2 2 10 4 1572 1621 1620
3277 2 2 10 4 2432 2436 1779
3278 2 2 10 4 1967 2433 2432
3279 2 2 10 4 792 793 791
3280 2 2 10 4 1620 2077 1571
3281 2 2 10 4 1309 1310 1308
3282 2 2 10 4 1420 2451 1193
3283 2 2 10 4 1439 1440 1265
3284 2 2 10 4 1551 2407 1548
3285 2 2 10 4 422 2573 421
3286 2 2 10 4 1549 1552 1551
3287 2 2 10 4 421 752 432
3288 2 2 10 4 420 423 422
3289 2 2 10 4 537 538 536
3290 2 2 10 4 1123 1263 1139
3291 2 2 10 4 1283 1284 1281
3292 2 2 10 4 1148 1578 1251
3293 2 2 10 4 1251 1639 1240
3294 2 2 10 4 1531 1532 1529
3295 2 2 10 4 1139 1140 1124
3296 2 2 10 4 1092 1098 1094
3297 2 2 10 4 2076 2201 1629
3298 2 2 10 4 1094 1095 1093
3299 2 2 10 4 2411 2412 1958
3300 2 2 10 4 2620 2621 2377
3301 2 2 10 4 2046 2621 2620
3302 2 2 10 4 1484 1943 1397
3303 2 2 10 4 1159 1439 1265
3304 2 2 10 4 1306 1309 1308
3305 2 2 10 4 1565 1566 1563
3306 2 2 10 4 1265 1420 1193
3307 2 2 10 4 1967 2432 1779
3308 2 2 10 4 789 792 791
3309 2 2 10 4 1775 1776 1576
3310 2 2 10 4 1539 2063 1967
3311 2 2 10 4 1572 1620 1571
3312 2 2 10 4 1380 2396 1775
3313 2 2 10 4 421 432 419
3314 2 2 10 4 1549 1551 1548
3315 2 2 10 4 420 422 421
3316 2 2 10 4 535 537 536
3317 2 2 10 4 655 2552 535
3318 2 2 10 4 1282 1283 1281
3319 2 2 10 4 1123 1139 1124
3320 2 2 10 4 1240 2563 1121
3321 2 2 10 4 1148 1251 1240
3322 2 2 10 4 2410 2411 1958
3323 2 2 10 4 1628 1631 1630
3324 2 2 10 4 1529 2562 1527
3325 2 2 10 4 1530 2554 1528
3326 2 2 10 4 1528 1531 1529
3327 2 2 10 4 1630 2076 1629
3328 2 2 10 4 1092 1094 1093
3329 2 2 10 4 1970 2464 1849
3330 2 2 10 4 1093 2600 1090
3331 2 2 10 4 1159 1265 1193
3332 2 2 10 4 1564 1565 1563
3333 2 2 10 4 1168 1484 1397
3334 2 2 10 4 1306 1308 1307
3335 2 2 10 4 1539 1967 1779
3336 2 2 10 4 789 791 790
3337 2 2 10 4 1380 1775 1576
3338 2 2 10 4 1570 1572 1571
3339 2 2 10 4 1576 2550 788
3340 2 2 10 4 1378 2622 1268
3341 2 2 10 4 420 421 419
3342 2 2 10 4 418 2560 420
3343 2 2 10 4 1358 1549 1548
3344 2 2 10 4 533 655 535
3345 2 2 10 4 535 536 534
3346 2 2 10 4 1280 1282 1281
3347 2 2 10 4 1148 1240 1121
3348 2 2 10 4 1550 2410 1958
3349 2 2 10 4 1123 1124 1122
3350 2 2 10 4 1528 1529 1527
3351 2 2 10 4 1628 1630 1629
3352 2 2 10 4 1526 1530 1528
3353 2 2 10 4 1969 1970 1849
3354 2 2 10 4 1091 2517 1089
3355 2 2 10 4 1954 1994 1953
3356 2 2 10 4 1092 1093 1090
3357 2 2 10 4 2598 2622 1378
3358 2 2 10 4 1159 1193 1068
3359 2 2 10 4 1290 1564 1563
3360 2 2 10 4 1780 2440 2358
3361 2 2 10 4 1158 2551 1159
3362 2 2 10 4 1168 1397 1158
3363 2 2 10 4 1306 1307 1304
3364 2 2 10 4 1305 2536 1306
3365 2 2 10 4 1759 1771 1509
3366 2 2 10 4 1482 1868 1845
3367 2 2 10 4 1395 2535 1539
3368 2 2 10 4 1570 1571 1395
3369 2 2 10 4 1380 1576 788
3370 2 2 10 4 1539 1779 1253
3371 2 2 10 4 789 790 787
3372 2 2 10 4 1359 2520 1357
3373 2 2 10 4 418 420 419
3374 2 2 10 4 1357 1610 1358
3375 2 2 10 4 1358 1548 1137
3376 2 2 10 4 533 535 534
3377 2 2 10 4 1280 1281 1279
3378 2 2 10 4 1120 1123 1122
3379 2 2 10 4 1122 1148 1121
3380 2 2 10 4 1550 1958 1957
3381 2 2 10 4 1957 2514 1517
3382 2 2 10 4 1278 1505 1280
3383 2 2 10 4 1527 1770 1525
3384 2 2 10 4 1628 1629 1626
3385 2 2 10 4 1526 1528 1527
3386 2 2 10 4 1848 1969 1849
3387 2 2 10 4 1088 1092 1090
3388 2 2 10 4 1090 1091 1089
3389 2 2 10 4 1888 1954 1953
3390 2 2 10 4 1780 2358 1726
3391 2 2 10 4 1067 1168 1158
3392 2 2 10 4 1158 1159 1068
3393 2 2 10 4 1290 1563 1562
3394 2 2 10 4 1303 2507 1598
3395 2 2 10 4 1305 1306 1304
3396 2 2 10 4 1510 1759 1509
3397 2 2 10 4 788 789 787
3398 2 2 10 4 1482 1845 1844
3399 2 2 10 4 1395 1539 1253
3400 2 2 10 4 786 1380 788
3401 2 2 10 4 1110 1570 1395
3402 2 2 10 4 415 751 418
3403 2 2 10 4 417 2546 1573
3404 2 2 10 4 1136 1359 1357
3405 2 2 10 4 1357 1358 1137
3406 2 2 10 4 418 419 417
3407 2 2 10 4 609 2488 530
3408 2 2 10 4 533 534 532
3409 2 2 10 4 1279 1292 1277
3410 2 2 10 4 1822 1823 1415
3411 2 2 10 4 1550 1957 1517
3412 2 2 10 4 1120 1122 1121
3413 2 2 10 4 1955 2480 1405
3414 2 2 10 4 1278 1280 1279
3415 2 2 10 4 1830 2503 2499
3416 2 2 10 4 1526 1527 1525
3417 2 2 10 4 1627 1628 1626
3418 2 2 10 4 1848 1849 1561
3419 2 2 10 4 1089 1242 1087
3420 2 2 10 4 1088 1090 1089
3421 2 2 10 4 1888 1953 1887
3422 2 2 10 4 2107 2217 1948
3423 2 2 10 4 1308 2625 1307
3424 2 2 10 4 1067 1158 1068
3425 2 2 10 4 1360 1780 1726
3426 2 2 10 4 1068 2519 1066
3427 2 2 10 4 1290 1562 1065
3428 2 2 10 4 1725 1909 1740
3429 2 2 10 4 1508 1510 1509
3430 2 2 10 4 1302 1305 1304
3431 2 2 10 4 1303 1598 1597
3432 2 2 10 4 1253 2518 784
3433 2 2 10 4 786 788 787
3434 2 2 10 4 1482 1844 1423
3435 2 2 10 4 1110 1395 1253
3436 2 2 10 4 1599 2623 2525
3437 2 2 10 4 415 418 417
3438 2 2 10 4 1136 1357 1137
3439 2 2 10 4 417 1573 414
3440 2 2 10 4 531 533 532
3441 2 2 10 4 532 609 530
3442 2 2 10 4 1311 2625 1308
3443 2 2 10 4 2546 2624 1573
3444 2 2 10 4 1241 1550 1517
3445 2 2 10 4 1276 2489 1720
3446 2 2 10 4 1118 2556 1120
3447 2 2 10 4 1517 1955 1405
3448 2 2 10 4 1278 1279 1277
3449 2 2 10 4 1120 1121 1119
3450 2 2 10 4 1720 1822 1415
3451 2 2 10 4 1311 2626 2625
3452 2 2 10 4 2625 2626 2511
3453 2 2 10 4 1523 1959 1830
3454 2 2 10 4 1400 1627 1626
3455 2 2 10 4 1524 1526 1525
3456 2 2 10 4 1830 2499 1524
3457 2 2 10 4 2614 2626 1311
3458 2 2 10 4 1088 1089 1087
3459 2 2 10 4 1086 2515 1088
3460 2 2 10 4 1887 2495 1483
3461 2 2 10 4 1483 1848 1561
3462 2 2 10 4 1664 2107 1948
3463 2 2 10 4 1393 1888 1887
3464 2 2 10 4 1725 1740 1288
3465 2 2 10 4 1289 1290 1065
3466 2 2 10 4 1067 1068 1066
3467 2 2 10 4 1360 1726 1725
3468 2 2 10 4 1508 1509 1411
3469 2 2 10 4 1302 1304 1303
3470 2 2 10 4 1410 1846 1508
3471 2 2 10 4 1303 1597 1301
3472 2 2 10 4 1110 1253 784
3473 2 2 10 4 1243 1482 1423
3474 2 2 10 4 786 787 785
3475 2 2 10 4 785 2504 1110
3476 2 2 10 4 1136 1137 749
3477 2 2 10 4 415 417 414
3478 2 2 10 4 531 532 530
3479 2 2 10 4 1241 1517 1405
3480 2 2 10 4 1276 1720 1415
3481 2 2 10 4 1118 1120 1119
3482 2 2 10 4 1165 1278 1277
3483 2 2 10 4 1400 1626 1625
3484 2 2 10 4 1524 1525 1272
3485 2 2 10 4 1523 1830 1524
3486 2 2 10 4 1483 1561 1205
3487 2 2 10 4 1664 1948 1947
3488 2 2 10 4 1086 1088 1087
3489 2 2 10 4 1393 1887 1483
3490 2 2 10 4 1067 2627 1168
3491 2 2 10 4 1066 2469 1062
3492 2 2 10 4 1360 1725 1288
3493 2 2 10 4 1063 1289 1065
3494 2 2 10 4 1064 1067 1066
3495 2 2 10 4 1302 1303 1301
3496 2 2 10 4 1411 1511 1235
3497 2 2 10 4 1410 1508 1411
3498 2 2 10 4 1243 1423 1041
3499 2 2 10 4 1129 1394 1243
3500 2 2 10 4 785 1110 784
3501 2 2 10 4 770 786 785
3502 2 2 10 4 750 1136 749
3503 2 2 10 4 412 415 414
3504 2 2 10 4 411 1558 413
3505 2 2 10 4 528 531 530
3506 2 2 10 4 1165 1277 1276
3507 2 2 10 4 1117 2492 1118
3508 2 2 10 4 1241 1405 1117
3509 2 2 10 4 1118 1119 1035
3510 2 2 10 4 1276 1415 1164
3511 2 2 10 4 1400 1625 1399
3512 2 2 10 4 1523 1524 1272
3513 2 2 10 4 1064 2627 1067
3514 2 2 10 4 1393 1483 1205
3515 2 2 10 4 1664 1947 1663
3516 2 2 10 4 1084 2471 1086
3517 2 2 10 4 1086 1087 1085
3518 2 2 10 4 1127 1360 1288
3519 2 2 10 4 1064 1066 1062
3520 2 2 10 4 1063 1065 1064
3521 2 2 10 4 1300 1302 1301
3522 2 2 10 4 1410 1411 1235
3523 2 2 10 4 770 785 784
3524 2 2 10 4 1129 1243 1041
3525 2 2 10 4 748 750 749
3526 2 2 10 4 749 2516 416
3527 2 2 10 4 411 413 412
3528 2 2 10 4 412 414 410
3529 2 2 10 4 528 530 529
3530 2 2 10 4 1034 1241 1117
3531 2 2 10 4 1165 1276 1164
3532 2 2 10 4 1117 1118 1035
3533 2 2 10 4 1271 1523 1272
3534 2 2 10 4 1399 1481 1261
3535 2 2 10 4 1541 2474 1262
3536 2 2 10 4 1262 1400 1399
3537 2 2 10 4 1903 2629 2470
3538 2 2 10 4 1083 1393 1205
3539 2 2 10 4 1084 1086 1085
3540 2 2 10 4 1215 1664 1663
3541 2 2 10 4 1063 1064 1062
3542 2 2 10 4 1127 1288 1069
3543 2 2 10 4 1299 1396 1300
3544 2 2 10 4 1224 1410 1235
3545 2 2 10 4 1300 1301 1161
3546 2 2 10 4 1970 2629 2464
3547 2 2 10 4 768 2513 770
3548 2 2 10 4 771 1129 1041
3549 2 2 10 4 770 784 769
3550 2 2 10 4 748 749 416
3551 2 2 10 4 409 2467 748
3552 2 2 10 4 411 412 410
3553 2 2 10 4 528 529 526
3554 2 2 10 4 1096 2628 2612
3555 2 2 10 4 1901 2628 1903
3556 2 2 10 4 1035 2498 1019
3557 2 2 10 4 1034 1117 1035
3558 2 2 10 4 1021 1165 1164
3559 2 2 10 4 1560 2485 1021
3560 2 2 10 4 1202 1541 1262
3561 2 2 10 4 1174 1622 1271
3562 2 2 10 4 1271 1272 1175
3563 2 2 10 4 1262 1399 1261
3564 2 2 10 4 1083 1205 1084
3565 2 2 10 4 1215 1663 1214
3566 2 2 10 4 1273 2441 1169
3567 2 2 10 4 1084 1085 1007
3568 2 2 10 4 2612 2628 1901
3569 2 2 10 4 1061 1127 1069
3570 2 2 10 4 1059 1063 1062
3571 2 2 10 4 977 1398 1224
3572 2 2 10 4 1299 1300 1161
3573 2 2 10 4 1160 1429 1299
3574 2 2 10 4 1224 1235 1111
3575 2 2 10 4 771 1041 772
3576 2 2 10 4 768 770 769
3577 2 2 10 4 408 411 410
3578 2 2 10 4 409 748 416
3579 2 2 10 4 525 2438 2423
3580 2 2 10 4 527 528 526
3581 2 2 10 4 1018 2493 1034
3582 2 2 10 4 1034 1035 1019
3583 2 2 10 4 1021 1164 1020
3584 2 2 10 4 1020 2475 1147
3585 2 2 10 4 1016 1560 1021
3586 2 2 10 4 1202 1262 1261
3587 2 2 10 4 1174 1271 1175
3588 2 2 10 4 2464 2629 2484
3589 2 2 10 4 1009 1215 1214
3590 2 2 10 4 1083 1084 1007
3591 2 2 10 4 1214 1273 1169
3592 2 2 10 4 748 2630 750
3593 2 2 10 4 1059 1062 1061
3594 2 2 10 4 1061 1069 1058
3595 2 2 10 4 1160 1299 1161
3596 2 2 10 4 1111 1226 976
3597 2 2 10 4 977 1224 1111
3598 2 2 10 4 2462 2463 2393
3599 2 2 10 4 767 2468 771
3600 2 2 10 4 771 772 766
3601 2 2 10 4 768 769 767
3602 2 2 10 4 409 416 407
3603 2 2 10 4 408 410 409
3604 2 2 10 4 515 527 526
3605 2 2 10 4 524 2388 2387
3606 2 2 10 4 525 2423 2422
3607 2 2 10 4 2467 2630 748
3608 2 2 10 4 1019 1588 1017
3609 2 2 10 4 1016 1021 1020
3610 2 2 10 4 1018 1034 1019
3611 2 2 10 4 1020 1147 1015
3612 2 2 10 4 1112 2444 1174
3613 2 2 10 4 1202 1261 1112
3614 2 2 10 4 1174 1175 658
3615 2 2 10 4 1009 1214 1169
3616 2 2 10 4 1169 1234 1008
3617 2 2 10 4 1132 2465 1006
3618 2 2 10 4 1006 1083 1007
3619 2 2 10 4 1059 1061 1058
3620 2 2 10 4 2419 2431 2420
3621 2 2 10 4 1160 1161 983
3622 2 2 10 4 977 1111 976
3623 2 2 10 4 983 2462 2393
3624 2 2 10 4 767 771 766
3625 2 2 10 4 765 768 767
3626 2 2 10 4 408 409 407
3627 2 2 10 4 525 2422 514
3628 2 2 10 4 515 526 525
3629 2 2 10 4 524 2387 2386
3630 2 2 10 4 1018 1019 1017
3631 2 2 10 4 1016 1020 1015
3632 2 2 10 4 657 1202 1112
3633 2 2 10 4 1112 1174 658
3634 2 2 10 4 1003 1132 1006
3635 2 2 10 4 1006 1007 1004
3636 2 2 10 4 1004 2429 1503
3637 2 2 10 4 1009 1169 1008
3638 2 2 10 4 1470 2333 1773
3639 2 2 10 4 1557 2453 1057
3640 2 2 10 4 2419 2420 1060
3641 2 2 10 4 1057 1059 1058
3642 2 2 10 4 982 1160 983
3643 2 2 10 4 983 2393 931
3644 2 2 10 4 2414 2424 982
3645 2 2 10 4 933 977 976
3646 2 2 10 4 765 767 766
3647 2 2 10 4 406 408 407
3648 2 2 10 4 747 2439 406
3649 2 2 10 4 407 2466 405
3650 2 2 10 4 515 525 514
3651 2 2 10 4 524 2386 503
3652 2 2 10 4 1013 1016 1015
3653 2 2 10 4 1014 1018 1017
3654 2 2 10 4 1015 2437 1014
3655 2 2 10 4 657 1112 658
3656 2 2 10 4 1004 1503 1002
3657 2 2 10 4 1003 1006 1004
3658 2 2 10 4 1005 1009 1008
3659 2 2 10 4 1396 2632 1300
3660 2 2 10 4 1302 2632 1305
3661 2 2 10 4 2538 2631 2541
3662 2 2 10 4 1470 1773 511
3663 2 2 10 4 1055 1557 1057
3664 2 2 10 4 1057 1058 1056
3665 2 2 10 4 1056 2419 1060
3666 2 2 10 4 933 976 932
3667 2 2 10 4 932 2414 982
3668 2 2 10 4 982 983 931
3669 2 2 10 4 1305 2633 2536
3670 2 2 10 4 763 2457 765
3671 2 2 10 4 764 2413 1589
3672 2 2 10 4 765 766 764
3673 2 2 10 4 1300 2632 1302
3674 2 2 10 4 2631 2633 2428
3675 2 2 10 4 2538 2633 2631
3676 2 2 10 4 818 2638 815
3677 2 2 10 4 404 747 406
3678 2 2 10 4 406 407 405
3679 2 2 10 4 504 515 514
3680 2 2 10 4 514 524 503
3681 2 2 10 4 1013 1015 1014
3682 2 2 10 4 1014 1017 1012
3683 2 2 10 4 2536 2633 2538
3684 2 2 10 4 636 2421 657
3685 2 2 10 4 657 658 656
3686 2 2 10 4 1005 1008 1001
3687 2 2 10 4 1003 1004 1002
3688 2 2 10 4 557 2572 554
3689 2 2 10 4 365 1470 511
3690 2 2 10 4 1056 1060 1054
3691 2 2 10 4 1055 1057 1056
3692 2 2 10 4 930 933 932
3693 2 2 10 4 932 982 931
3694 2 2 10 4 950 951 949
3695 2 2 10 4 763 765 764
3696 2 2 10 4 764 1589 762
3697 2 2 10 4 405 745 403
3698 2 2 10 4 404 406 405
3699 2 2 10 4 495 1201 504
3700 2 2 10 4 504 514 503
3701 2 2 10 4 2258 2533 2260
3702 2 2 10 4 1013 1014 1012
3703 2 2 10 4 656 2375 505
3704 2 2 10 4 636 657 656
3705 2 2 10 4 999 1005 1001
3706 2 2 10 4 1001 2390 1000
3707 2 2 10 4 1000 1003 1002
3708 2 2 10 4 365 511 366
3709 2 2 10 4 366 367 364
3710 2 2 10 4 1605 1687 1686
3711 2 2 10 4 746 2572 557
3712 2 2 10 4 2402 2635 2400
3713 2 2 10 4 1055 1056 1054
3714 2 2 10 4 930 932 931
3715 2 2 10 4 445 2708 450
3716 2 2 10 4 761 1593 763
3717 2 2 10 4 763 764 762
3718 2 2 10 4 619 627 626
3719 2 2 10 4 404 405 403
3720 2 2 10 4 576 578 577
3721 2 2 10 4 2554 2636 1950
3722 2 2 10 4 336 3089 101
3723 2 2 10 4 1459 2141 1458
3724 2 2 10 4 495 504 503
3725 2 2 10 4 1102 1104 1103
3726 2 2 10 4 1273 2925 2442
3727 2 2 10 4 1703 2666 1808
3728 2 2 10 4 815 2638 813
3729 2 2 10 4 914 916 915
3730 2 2 10 4 1012 2392 1010
3731 2 2 10 4 1011 1013 1012
3732 2 2 10 4 636 656 505
3733 2 2 10 4 804 2639 941
3734 2 2 10 4 947 2639 802
3735 2 2 10 4 2636 2637 332
3736 2 2 10 4 855 856 853
3737 2 2 10 4 999 1001 1000
3738 2 2 10 4 1000 1002 998
3739 2 2 10 4 1990 2666 1703
3740 2 2 10 4 2644 3264 1909
3741 2 2 10 4 1867 2360 2280
3742 2 2 10 4 2501 2636 2554
3743 2 2 10 4 2260 2533 2263
3744 2 2 10 4 1232 1259 1126
3745 2 2 10 4 2012 2014 2013
3746 2 2 10 4 365 366 364
3747 2 2 10 4 1605 1686 1154
3748 2 2 10 4 492 493 488
3749 2 2 10 4 553 2430 555
3750 2 2 10 4 559 746 557
3751 2 2 10 4 2402 2697 2635
3752 2 2 10 4 1033 1055 1054
3753 2 2 10 4 1053 1988 1698
3754 2 2 10 4 813 2638 2613
3755 2 2 10 4 928 2380 930
3756 2 2 10 4 930 931 929
3757 2 2 10 4 426 2811 399
3758 2 2 10 4 802 2639 804
3759 2 2 10 4 2106 3224 1986
3760 2 2 10 4 2605 2640 441
3761 2 2 10 4 761 763 762
3762 2 2 10 4 2389 2696 492
3763 2 2 10 4 506 2375 510
3764 2 2 10 4 1810 2641 1654
3765 2 2 10 4 1767 1826 1768
3766 2 2 10 4 1929 1931 1930
3767 2 2 10 4 443 2640 447
3768 2 2 10 4 402 404 403
3769 2 2 10 4 403 2405 401
3770 2 2 10 4 1522 2343 1244
3771 2 2 10 4 1244 1459 1458
3772 2 2 10 4 495 503 494
3773 2 2 10 4 2211 3324 449
3774 2 2 10 4 1024 1025 1023
3775 2 2 10 4 653 775 654
3776 2 2 10 4 1593 2662 2396
3777 2 2 10 4 2022 2110 2109
3778 2 2 10 4 1886 3007 2224
3779 2 2 10 4 1609 2111 1918
3780 2 2 10 4 443 447 445
3781 2 2 10 4 100 3089 328
3782 2 2 10 4 1131 3294 2783
3783 2 2 10 4 1927 1929 1928
3784 2 2 10 4 1213 2638 818
3785 2 2 10 4 1633 1867 1634
3786 2 2 10 4 1011 1012 1010
3787 2 2 10 4 397 2811 1078
3788 2 2 10 4 1877 2993 1438
3789 2 2 10 4 2447 3225 2473
3790 2 2 10 4 497 636 505
3791 2 2 10 4 505 506 498
3792 2 2 10 4 1914 1915 1913
3793 2 2 10 4 1264 2774 1028
3794 2 2 10 4 298 3184 227
3795 2 2 10 4 441 2640 443
3796 2 2 10 4 959 960 958
3797 2 2 10 4 999 1000 998
3798 2 2 10 4 1775 2662 2361
3799 2 2 10 4 2473 3037 1959
3800 2 2 10 4 1757 1852 1756
3801 2 2 10 4 796 2663 2607
3802 2 2 10 4 469 470 468
3803 2 2 10 4 1676 2828 639
3804 2 2 10 4 741 742 740
3805 2 2 10 4 1776 2699 2678
3806 2 2 10 4 2191 2641 1810
3807 2 2 10 4 947 2713 2639
3808 2 2 10 4 956 2798 953
3809 2 2 10 4 2260 2263 2262
3810 2 2 10 4 927 2634 925
3811 2 2 10 4 2393 2677 929
3812 2 2 10 4 1456 1498 1497
3813 2 2 10 4 273 365 364
3814 2 2 10 4 2012 2013 2011
3815 2 2 10 4 2025 2051 2024
3816 2 2 10 4 240 3396 266
3817 2 2 10 4 708 709 703
3818 2 2 10 4 2503 3240 2686
3819 2 2 10 4 760 1605 1154
3820 2 2 10 4 2639 2713 2353
3821 2 2 10 4 817 3021 819
3822 2 2 10 4 2698 2699 2362
3823 2 2 10 4 1448 1492 1491
3824 2 2 10 4 1372 1873 1373
3825 2 2 10 4 675 677 676
3826 2 2 10 4 1865 2974 2957
3827 2 2 10 4 1033 1054 1053
3828 2 2 10 4 1053 1698 1032
3829 2 2 10 4 906 907 905
3830 2 2 10 4 2550 2678 1128
3831 2 2 10 4 1776 2678 1576
3832 2 2 10 4 928 930 929
3833 2 2 10 4 1718 3195 1949
3834 2 2 10 4 66 3043 323
3835 2 2 10 4 1593 2708 2662
3836 2 2 10 4 2089 3318 2254
3837 2 2 10 4 1688 2680 1218
3838 2 2 10 4 2476 2680 2409
3839 2 2 10 4 1216 2680 2476
3840 2 2 10 4 761 762 457
3841 2 2 10 4 450 2708 761
3842 2 2 10 4 1044 1488 1421
3843 2 2 10 4 2272 2726 2109
3844 2 2 10 4 1275 2718 1647
3845 2 2 10 4 2396 2662 1775
3846 2 2 10 4 2343 2896 1801
3847 2 2 10 4 1864 2992 2340
3848 2 2 10 4 449 3183 2211
3849 2 2 10 4 1696 1732 1697
3850 2 2 10 4 1723 3011 3010
3851 2 2 10 4 2593 2663 796
3852 2 2 10 4 555 2430 665
3853 2 2 10 4 282 3188 2167
3854 2 2 10 4 275 3189 2168
3855 2 2 10 4 1215 2889 2324
3856 2 2 10 4 152 2649 151
3857 2 2 10 4 132 2644 131
3858 2 2 10 4 133 289 132
3859 2 2 10 4 134 2646 133
3860 2 2 10 4 135 2647 134
3861 2 2 10 4 136 317 135
3862 2 2 10 4 138 341 137
3863 2 2 10 4 139 2648 138
3864 2 2 10 4 140 293 139
3865 2 2 10 4 144 286 143
3866 2 2 10 4 146 342 145
3867 2 2 10 4 148 280 147
3868 2 2 10 4 151 337 150
3869 2 2 10 4 124 362 123
3870 2 2 10 4 158 283 157
3871 2 2 10 4 160 344 159
3872 2 2 10 4 172 290 171
3873 2 2 10 4 174 345 173
3874 2 2 10 4 176 314 175
3875 2 2 10 4 179 333 178
3876 2 2 10 4 181 361 180
3877 2 2 10 4 164 343 163
3878 2 2 10 4 131 339 130
3879 2 2 10 4 150 2655 149
3880 2 2 10 4 153 271 152
3881 2 2 10 4 175 2643 174
3882 2 2 10 4 155 338 154
3883 2 2 10 4 162 288 161
3884 2 2 10 4 166 295 165
3885 2 2 10 4 169 316 168
3886 2 2 10 4 126 334 125
3887 2 2 10 4 129 313 128
3888 2 2 10 4 142 340 141
3889 2 2 10 4 143 2645 142
3890 2 2 10 4 167 2652 166
3891 2 2 10 4 137 2654 136
3892 2 2 10 4 165 2651 164
3893 2 2 10 4 163 2657 162
3894 2 2 10 4 125 2650 124
3895 2 2 10 4 141 2653 140
3896 2 2 10 4 173 2656 172
3897 2 2 10 4 130 2658 129
3898 2 2 10 4 180 2659 179
3899 2 2 10 4 390 392 391
3900 2 2 10 4 614 615 613
3901 2 2 10 4 272 2831 2120
3902 2 2 10 4 636 2696 2421
3903 2 2 10 4 460 2238 396
3904 2 2 10 4 402 403 401
3905 2 2 10 4 1907 2242 1939
3906 2 2 10 4 642 2975 2315
3907 2 2 10 4 382 613 371
3908 2 2 10 4 2605 2698 2362
3909 2 2 10 4 730 733 732
3910 2 2 10 4 1230 1522 1244
3911 2 2 10 4 1244 1458 1231
3912 2 2 10 4 1588 2701 2392
3913 2 2 10 4 2387 2700 2386
3914 2 2 10 4 1825 3066 3055
3915 2 2 10 4 459 495 494
3916 2 2 10 4 821 823 820
3917 2 2 10 4 2662 2708 447
3918 2 2 10 4 2352 2698 2586
3919 2 2 10 4 439 2698 2605
3920 2 2 10 4 450 457 451
3921 2 2 10 4 2693 2989 315
3922 2 2 10 4 2678 2699 2371
3923 2 2 10 4 387 390 389
3924 2 2 10 4 1175 2705 2395
3925 2 2 10 4 3174 3380 1045
3926 2 2 10 4 483 485 484
3927 2 2 10 4 2302 2701 2455
3928 2 2 10 4 2022 2109 2021
3929 2 2 10 4 563 564 562
3930 2 2 10 4 447 2708 445
3931 2 2 10 4 2423 2888 1631
3932 2 2 10 4 1272 2705 1175
3933 2 2 10 4 1770 2705 1525
3934 2 2 10 4 1153 2772 1298
3935 2 2 10 4 1050 1191 1049
3936 2 2 10 4 497 498 493
3937 2 2 10 4 105 2397 2327
3938 2 2 10 4 2319 3252 1443
3939 2 2 10 4 2549 3022 537
3940 2 2 10 4 2463 2677 2393
3941 2 2 10 4 596 598 595
3942 2 2 10 4 1560 2817 2290
3943 2 2 10 4 1927 1928 1925
3944 2 2 10 4 1576 2678 2550
3945 2 2 10 4 573 1011 1010
3946 2 2 10 4 1176 1444 1177
3947 2 2 10 4 1070 2737 1604
3948 2 2 10 4 2423 2710 2422
3949 2 2 10 4 1424 3013 2545
3950 2 2 10 4 2359 2840 659
3951 2 2 10 4 878 2304 879
3952 2 2 10 4 2093 3170 1229
3953 2 2 10 4 497 505 498
3954 2 2 10 4 814 2364 816
3955 2 2 10 4 762 2368 457
3956 2 2 10 4 1218 2680 1216
3957 2 2 10 4 1826 1828 1827
3958 2 2 10 4 96 2311 95
3959 2 2 10 4 1053 2735 1988
3960 2 2 10 4 270 3440 2581
3961 2 2 10 4 997 999 998
3962 2 2 10 4 998 2359 659
3963 2 2 10 4 2173 2876 2172
3964 2 2 10 4 854 3147 2247
3965 2 2 10 4 1597 2715 2463
3966 2 2 10 4 2512 2715 1598
3967 2 2 10 4 402 2338 404
3968 2 2 10 4 611 620 599
3969 2 2 10 4 579 3230 582
3970 2 2 10 4 588 2775 2150
3971 2 2 10 4 832 2677 828
3972 2 2 10 4 2643 3078 1969
3973 2 2 10 4 2291 2855 1453
3974 2 2 10 4 1336 1337 1192
3975 2 2 10 4 1954 2697 1994
3976 2 2 10 4 486 3360 3222
3977 2 2 10 4 1259 2814 1126
3978 2 2 10 4 51 358 50
3979 2 2 10 4 80 2669 79
3980 2 2 10 4 49 2056 48
3981 2 2 10 4 53 330 52
3982 2 2 10 4 63 310 62
3983 2 2 10 4 59 296 58
3984 2 2 10 4 61 346 60
3985 2 2 10 4 84 360 83
3986 2 2 10 4 79 300 78
3987 2 2 10 4 76 307 75
3988 2 2 10 4 82 331 81
3989 2 2 10 4 56 318 55
3990 2 2 10 4 55 2671 54
3991 2 2 10 4 62 2670 61
3992 2 2 10 4 83 2673 82
3993 2 2 10 4 60 2667 59
3994 2 2 10 4 54 2672 53
3995 2 2 10 4 117 329 116
3996 2 2 10 4 121 2055 120
3997 2 2 10 4 119 357 118
3998 2 2 10 4 94 308 93
3999 2 2 10 4 107 312 106
4000 2 2 10 4 114 319 113
4001 2 2 10 4 91 299 90
4002 2 2 10 4 88 332 87
4003 2 2 10 4 86 359 85
4004 2 2 10 4 109 347 108
4005 2 2 10 4 111 297 110
4006 2 2 10 4 110 2674 109
4007 2 2 10 4 108 2675 107
4008 2 2 10 4 270 3191 2582
4009 2 2 10 4 2128 3144 572
4010 2 2 10 4 706 707 705
4011 2 2 10 4 2149 2793 2147
4012 2 2 10 4 2311 2714 95
4013 2 2 10 4 2371 2699 2352
4014 2 2 10 4 2718 2939 1773
4015 2 2 10 4 131 2644 339
4016 2 2 10 4 138 2648 341
4017 2 2 10 4 314 2643 175
4018 2 2 10 4 334 2650 125
4019 2 2 10 4 289 2644 132
4020 2 2 10 4 317 2647 135
4021 2 2 10 4 142 2645 340
4022 2 2 10 4 337 2655 150
4023 2 2 10 4 129 2658 313
4024 2 2 10 4 133 2646 289
4025 2 2 10 4 134 2647 2646
4026 2 2 10 4 136 2654 317
4027 2 2 10 4 140 2653 293
4028 2 2 10 4 151 2649 337
4029 2 2 10 4 361 2659 180
4030 2 2 10 4 271 2649 152
4031 2 2 10 4 162 2657 288
4032 2 2 10 4 293 2648 139
4033 2 2 10 4 286 2645 143
4034 2 2 10 4 164 2651 343
4035 2 2 10 4 174 2643 345
4036 2 2 10 4 341 2654 137
4037 2 2 10 4 343 2657 163
4038 2 2 10 4 295 2651 165
4039 2 2 10 4 166 2652 295
4040 2 2 10 4 172 2656 290
4041 2 2 10 4 340 2653 141
4042 2 2 10 4 345 2656 173
4043 2 2 10 4 124 2650 362
4044 2 2 10 4 339 2658 130
4045 2 2 10 4 179 2659 333
4046 2 2 10 4 893 895 894
4047 2 2 10 4 400 402 401
4048 2 2 10 4 2381 2759 1802
4049 2 2 10 4 986 988 987
4050 2 2 10 4 1348 1350 1349
4051 2 2 10 4 1542 2770 454
4052 2 2 10 4 547 2724 754
4053 2 2 10 4 622 2724 545
4054 2 2 10 4 1569 2694 1795
4055 2 2 10 4 820 1213 818
4056 2 2 10 4 837 839 838
4057 2 2 10 4 916 918 917
4058 2 2 10 4 627 629 628
4059 2 2 10 4 2392 2773 1010
4060 2 2 10 4 1587 2694 1569
4061 2 2 10 4 401 426 399
4062 2 2 10 4 645 3029 2955
4063 2 2 10 4 1605 2749 2746
4064 2 2 10 4 2717 2759 2142
4065 2 2 10 4 1488 1946 1945
4066 2 2 10 4 1233 2787 1662
4067 2 2 10 4 1915 3221 1913
4068 2 2 10 4 1045 3380 710
4069 2 2 10 4 278 2244 2243
4070 2 2 10 4 272 2120 2029
4071 2 2 10 4 263 2025 2024
4072 2 2 10 4 273 364 363
4073 2 2 10 4 277 2012 2011
4074 2 2 10 4 323 2771 65
4075 2 2 10 4 1075 2839 1692
4076 2 2 10 4 1060 2735 1054
4077 2 2 10 4 760 1154 1044
4078 2 2 10 4 2586 2698 439
4079 2 2 10 4 2635 2697 1954
4080 2 2 10 4 3118 3201 1834
4081 2 2 10 4 497 2696 636
4082 2 2 10 4 492 497 493
4083 2 2 10 4 1070 1604 714
4084 2 2 10 4 1853 2004 1852
4085 2 2 10 4 2362 2699 1776
4086 2 2 10 4 206 306 207
4087 2 2 10 4 246 267 247
4088 2 2 10 4 194 277 195
4089 2 2 10 4 200 303 201
4090 2 2 10 4 240 266 241
4091 2 2 10 4 208 2092 209
4092 2 2 10 4 212 284 213
4093 2 2 10 4 252 282 253
4094 2 2 10 4 243 265 244
4095 2 2 10 4 190 2168 191
4096 2 2 10 4 237 272 238
4097 2 2 10 4 210 2047 211
4098 2 2 10 4 183 264 184
4099 2 2 10 4 213 2045 214
4100 2 2 10 4 223 304 224
4101 2 2 10 4 253 2167 254
4102 2 2 10 4 211 2006 212
4103 2 2 10 4 257 2089 258
4104 2 2 10 4 196 2027 197
4105 2 2 10 4 226 298 227
4106 2 2 10 4 6 2225 223
4107 2 2 10 4 254 2015 255
4108 2 2 10 4 186 269 187
4109 2 2 10 4 185 2043 186
4110 2 2 10 4 225 2091 226
4111 2 2 10 4 189 275 190
4112 2 2 10 4 242 2065 243
4113 2 2 10 4 221 263 222
4114 2 2 10 4 233 2050 234
4115 2 2 10 4 261 311 262
4116 2 2 10 4 248 2341 249
4117 2 2 10 4 191 2034 192
4118 2 2 10 4 231 2042 232
4119 2 2 10 4 187 2108 188
4120 2 2 10 4 184 2105 185
4121 2 2 10 4 224 2114 225
4122 2 2 10 4 229 276 230
4123 2 2 10 4 218 268 219
4124 2 2 10 4 234 278 235
4125 2 2 10 4 258 305 259
4126 2 2 10 4 203 309 204
4127 2 2 10 4 207 2328 208
4128 2 2 10 4 197 294 198
4129 2 2 10 4 209 302 210
4130 2 2 10 4 249 273 250
4131 2 2 10 4 256 2335 257
4132 2 2 10 4 192 326 193
4133 2 2 10 4 232 325 233
4134 2 2 10 4 245 2048 246
4135 2 2 10 4 215 274 216
4136 2 2 10 4 255 301 256
4137 2 2 10 4 214 2281 215
4138 2 2 10 4 775 1071 776
4139 2 2 10 4 2746 2749 2430
4140 2 2 10 4 2205 2727 2206
4141 2 2 10 4 835 2752 833
4142 2 2 10 4 1502 1786 1785
4143 2 2 10 4 2394 2702 510
4144 2 2 10 4 2386 2700 2389
4145 2 2 10 4 2080 2165 461
4146 2 2 10 4 106 2397 105
4147 2 2 10 4 1233 1662 1594
4148 2 2 10 4 3027 3226 2210
4149 2 2 10 4 2455 2701 1588
4150 2 2 10 4 1581 2738 2317
4151 2 2 10 4 2610 2738 2561
4152 2 2 10 4 1437 2993 1646
4153 2 2 10 4 1525 2705 1272
4154 2 2 10 4 1703 1808 1807
4155 2 2 10 4 961 962 960
4156 2 2 10 4 1104 1106 1105
4157 2 2 10 4 2667 2668 296
4158 2 2 10 4 1372 1373 1210
4159 2 2 10 4 824 825 823
4160 2 2 10 4 1116 1797 1367
4161 2 2 10 4 760 1044 695
4162 2 2 10 4 487 492 488
4163 2 2 10 4 2160 3295 776
4164 2 2 10 4 1026 1027 1025
4165 2 2 10 4 1116 2795 1797
4166 2 2 10 4 1033 1053 1032
4167 2 2 10 4 761 2708 1593
4168 2 2 10 4 392 394 393
4169 2 2 10 4 2756 3169 2184
4170 2 2 10 4 616 617 615
4171 2 2 10 4 928 929 832
4172 2 2 10 4 2174 2175 1915
4173 2 2 10 4 710 711 709
4174 2 2 10 4 1864 3354 2253
4175 2 2 10 4 492 2696 497
4176 2 2 10 4 511 2704 366
4177 2 2 10 4 312 2397 106
4178 2 2 10 4 366 368 367
4179 2 2 10 4 2056 3392 2584
4180 2 2 10 4 1723 3023 3011
4181 2 2 10 4 1732 1734 1733
4182 2 2 10 4 908 909 907
4183 2 2 10 4 1758 2709 2057
4184 2 2 10 4 783 2784 741
4185 2 2 10 4 1636 2730 1635
4186 2 2 10 4 471 472 470
4187 2 2 10 4 295 2685 2651
4188 2 2 10 4 2541 3165 342
4189 2 2 10 4 565 566 564
4190 2 2 10 4 2422 2710 2388
4191 2 2 10 4 677 680 678
4192 2 2 10 4 309 2095 204
4193 2 2 10 4 261 2130 311
4194 2 2 10 4 272 2029 238
4195 2 2 10 4 266 2032 241
4196 2 2 10 4 326 2010 193
4197 2 2 10 4 273 363 250
4198 2 2 10 4 277 2011 195
4199 2 2 10 4 267 2033 247
4200 2 2 10 4 203 2253 309
4201 2 2 10 4 274 2134 216
4202 2 2 10 4 218 2296 268
4203 2 2 10 4 263 2024 222
4204 2 2 10 4 278 2243 235
4205 2 2 10 4 44 320 43
4206 2 2 10 4 41 292 40
4207 2 2 10 4 15 291 14
4208 2 2 10 4 17 354 16
4209 2 2 10 4 35 353 34
4210 2 2 10 4 45 2686 44
4211 2 2 10 4 46 348 45
4212 2 2 10 4 11 315 10
4213 2 2 10 4 21 352 20
4214 2 2 10 4 23 279 22
4215 2 2 10 4 13 349 12
4216 2 2 10 4 39 356 38
4217 2 2 10 4 9 351 8
4218 2 2 10 4 28 270 27
4219 2 2 10 4 19 285 18
4220 2 2 10 4 30 355 29
4221 2 2 10 4 33 281 32
4222 2 2 10 4 37 287 36
4223 2 2 10 4 26 350 25
4224 2 2 10 4 8 2687 7
4225 2 2 10 4 47 2689 46
4226 2 2 10 4 34 2692 33
4227 2 2 10 4 14 2691 13
4228 2 2 10 4 16 2688 15
4229 2 2 10 4 10 2690 9
4230 2 2 10 4 12 2693 11
4231 2 2 10 4 2130 2848 311
4232 2 2 10 4 1155 1366 783
4233 2 2 10 4 1419 1449 1208
4234 2 2 10 4 1680 2747 1246
4235 2 2 10 4 1182 1183 1181
4236 2 2 10 4 2463 2779 2677
4237 2 2 10 4 681 685 684
4238 2 2 10 4 838 2826 2384
4239 2 2 10 4 1173 1269 1172
4240 2 2 10 4 1808 3093 2373
4241 2 2 10 4 1206 1208 755
4242 2 2 10 4 2111 2112 1918
4243 2 2 10 4 2250 2827 1965
4244 2 2 10 4 450 761 457
4245 2 2 10 4 2589 3023 1723
4246 2 2 10 4 733 735 734
4247 2 2 10 4 1639 2757 1772
4248 2 2 10 4 1350 1352 1351
4249 2 2 10 4 1680 2748 2747
4250 2 2 10 4 2449 3251 356
4251 2 2 10 4 2040 2116 2037
4252 2 2 10 4 485 489 486
4253 2 2 10 4 690 2741 694
4254 2 2 10 4 2038 2040 2037
4255 2 2 10 4 1921 1922 1920
4256 2 2 10 4 1623 1876 1438
4257 2 2 10 4 506 510 508
4258 2 2 10 4 1507 1591 1590
4259 2 2 10 4 1598 2715 1597
4260 2 2 10 4 2239 3061 1149
4261 2 2 10 4 2850 2872 779
4262 2 2 10 4 833 928 832
4263 2 2 10 4 2273 3105 2932
4264 2 2 10 4 278 2711 2244
4265 2 2 10 4 673 2758 671
4266 2 2 10 4 1209 1372 1210
4267 2 2 10 4 2509 2763 2512
4268 2 2 10 4 348 3199 2686
4269 2 2 10 4 826 828 825
4270 2 2 10 4 346 2667 60
4271 2 2 10 4 82 2673 331
4272 2 2 10 4 79 2669 300
4273 2 2 10 4 318 2671 55
4274 2 2 10 4 61 2670 346
4275 2 2 10 4 310 2670 62
4276 2 2 10 4 2671 2672 54
4277 2 2 10 4 59 2667 296
4278 2 2 10 4 360 2673 83
4279 2 2 10 4 53 2672 330
4280 2 2 10 4 347 2675 108
4281 2 2 10 4 297 2674 110
4282 2 2 10 4 107 2675 312
4283 2 2 10 4 109 2674 347
4284 2 2 10 4 490 501 500
4285 2 2 10 4 1675 2765 1584
4286 2 2 10 4 883 885 884
4287 2 2 10 4 852 2310 1297
4288 2 2 10 4 1444 2707 1445
4289 2 2 10 4 1611 2374 1655
4290 2 2 10 4 333 2723 178
4291 2 2 10 4 655 3077 2552
4292 2 2 10 4 458 463 462
4293 2 2 10 4 1838 2683 1839
4294 2 2 10 4 1488 2720 2301
4295 2 2 10 4 1828 1889 1829
4296 2 2 10 4 2360 2683 1841
4297 2 2 10 4 1492 1494 1493
4298 2 2 10 4 1709 2298 1673
4299 2 2 10 4 2528 2766 1661
4300 2 2 10 4 2156 3401 2192
4301 2 2 10 4 1330 1645 1329
4302 2 2 10 4 1204 1329 1080
4303 2 2 10 4 816 2364 858
4304 2 2 10 4 153 2725 271
4305 2 2 10 4 338 2725 154
4306 2 2 10 4 829 832 828
4307 2 2 10 4 602 603 601
4308 2 2 10 4 1321 2731 1325
4309 2 2 10 4 1729 3439 2233
4310 2 2 10 4 1773 1774 511
4311 2 2 10 4 1632 2788 1777
4312 2 2 10 4 3309 3310 2755
4313 2 2 10 4 2078 2874 2077
4314 2 2 10 4 647 2762 757
4315 2 2 10 4 2667 2716 2668
4316 2 2 10 4 2267 2998 1884
4317 2 2 10 4 2282 3209 1624
4318 2 2 10 4 2330 2331 651
4319 2 2 10 4 868 2835 866
4320 2 2 10 4 1650 3031 1466
4321 2 2 10 4 352 3146 2482
4322 2 2 10 4 1643 1854 1355
4323 2 2 10 4 857 860 856
4324 2 2 10 4 2066 3430 2067
4325 2 2 10 4 918 925 919
4326 2 2 10 4 2598 2768 2532
4327 2 2 10 4 567 569 566
4328 2 2 10 4 2225 3289 304
4329 2 2 10 4 592 2746 2430
4330 2 2 10 4 2565 3398 279
4331 2 2 10 4 1749 1751 1750
4332 2 2 10 4 1210 1381 1207
4333 2 2 10 4 1907 1939 1475
4334 2 2 10 4 1703 1807 1701
4335 2 2 10 4 545 2724 547
4336 2 2 10 4 760 2749 1605
4337 2 2 10 4 1671 2777 2597
4338 2 2 10 4 713 2883 2170
4339 2 2 10 4 1560 2778 2485
4340 2 2 10 4 1230 1244 1231
4341 2 2 10 4 575 2963 2642
4342 2 2 10 4 629 631 630
4343 2 2 10 4 3221 3433 1913
4344 2 2 10 4 2062 2694 1587
4345 2 2 10 4 2330 2370 2331
4346 2 2 10 4 3355 3444 888
4347 2 2 10 4 1154 2720 1044
4348 2 2 10 4 178 2723 177
4349 2 2 10 4 1923 1924 1922
4350 2 2 10 4 1130 3071 2156
4351 2 2 10 4 1488 2301 1946
4352 2 2 10 4 1737 1738 1601
4353 2 2 10 4 459 494 487
4354 2 2 10 4 1352 1518 1374
4355 2 2 10 4 570 573 569
4356 2 2 10 4 3004 3282 1990
4357 2 2 10 4 394 396 395
4358 2 2 10 4 2681 3006 1338
4359 2 2 10 4 1214 2782 1273
4360 2 2 10 4 963 964 962
4361 2 2 10 4 1635 2730 1869
4362 2 2 10 4 2872 3410 1428
4363 2 2 10 4 718 719 717
4364 2 2 10 4 838 2752 835
4365 2 2 10 4 1980 2220 1961
4366 2 2 10 4 1335 1788 1787
4367 2 2 10 4 2294 2843 1354
4368 2 2 10 4 1445 2707 2706
4369 2 2 10 4 1772 2728 2302
4370 2 2 10 4 711 2899 709
4371 2 2 10 4 2754 2919 652
4372 2 2 10 4 640 641 617
4373 2 2 10 4 1619 2791 1618
4374 2 2 10 4 1768 2789 1765
4375 2 2 10 4 490 2337 501
4376 2 2 10 4 154 2725 153
4377 2 2 10 4 1974 3319 2220
4378 2 2 10 4 459 2770 495
4379 2 2 10 4 3064 3359 2108
4380 2 2 10 4 1829 2977 2240
4381 2 2 10 4 990 992 991
4382 2 2 10 4 97 3130 322
4383 2 2 10 4 1028 1029 1027
4384 2 2 10 4 2460 2796 2416
4385 2 2 10 4 2442 3287 2404
4386 2 2 10 4 841 843 842
4387 2 2 10 4 368 369 367
4388 2 2 10 4 712 724 711
4389 2 2 10 4 354 2825 2688
4390 2 2 10 4 2028 3179 2379
4391 2 2 10 4 188 2722 189
4392 2 2 10 4 2876 2937 2172
4393 2 2 10 4 2864 3173 1893
4394 2 2 10 4 2893 3341 1873
4395 2 2 10 4 825 831 823
4396 2 2 10 4 2523 2801 2526
4397 2 2 10 4 2547 2801 2548
4398 2 2 10 4 2614 2802 2626
4399 2 2 10 4 2637 3275 359
4400 2 2 10 4 1734 1736 1735
4401 2 2 10 4 2595 2803 1614
4402 2 2 10 4 475 476 474
4403 2 2 10 4 2398 3017 2397
4404 2 2 10 4 910 911 909
4405 2 2 10 4 1167 3409 2325
4406 2 2 10 4 1468 1506 1364
4407 2 2 10 4 570 2781 575
4408 2 2 10 4 2061 2062 1587
4409 2 2 10 4 305 3096 2849
4410 2 2 10 4 1230 1231 1229
4411 2 2 10 4 1805 1982 1806
4412 2 2 10 4 2067 2806 2458
4413 2 2 10 4 1044 2720 1488
4414 2 2 10 4 1978 2909 2304
4415 2 2 10 4 2408 2940 2365
4416 2 2 10 4 2561 2738 1581
4417 2 2 10 4 355 3362 3191
4418 2 2 10 4 1184 1185 1183
4419 2 2 10 4 1835 3254 3016
4420 2 2 10 4 1642 2743 1985
4421 2 2 10 4 3276 3303 2860
4422 2 2 10 4 1054 2735 1053
4423 2 2 10 4 346 2716 2667
4424 2 2 10 4 1535 2324 1824
4425 2 2 10 4 2150 2917 597
4426 2 2 10 4 1758 2761 2709
4427 2 2 10 4 489 2337 490
4428 2 2 10 4 735 737 736
4429 2 2 10 4 2176 3308 610
4430 2 2 10 4 1929 1930 1928
4431 2 2 10 4 1722 2660 1805
4432 2 2 10 4 2269 3404 583
4433 2 2 10 4 1773 2939 1774
4434 2 2 10 4 1338 1339 1337
4435 2 2 10 4 457 2368 458
4436 2 2 10 4 1751 1753 1752
4437 2 2 10 4 1658 2660 1722
4438 2 2 10 4 1928 2780 1925
4439 2 2 10 4 2021 2023 2019
4440 2 2 10 4 2825 3326 2688
4441 2 2 10 4 979 2798 956
4442 2 2 10 4 1011 2817 1013
4443 2 2 10 4 1016 2817 1560
4444 2 2 10 4 366 2704 368
4445 2 2 10 4 2685 3287 2442
4446 2 2 10 4 2256 2703 2702
4447 2 2 10 4 1605 2746 1687
4448 2 2 10 4 2096 3009 1889
4449 2 2 10 4 621 649 620
4450 2 2 10 4 573 1010 569
4451 2 2 10 4 528 2824 531
4452 2 2 10 4 1958 2825 1957
4453 2 2 10 4 885 934 886
4454 2 2 10 4 925 1073 942
4455 2 2 10 4 655 3122 3077
4456 2 2 10 4 566 571 564
4457 2 2 10 4 1225 2736 1991
4458 2 2 10 4 1354 2843 624
4459 2 2 10 4 1914 2174 1915
4460 2 2 10 4 2582 3440 270
4461 2 2 10 4 2580 3440 2582
4462 2 2 10 4 1507 3297 1682
4463 2 2 10 4 1739 1793 1738
4464 2 2 10 4 1494 1657 1495
4465 2 2 10 4 2289 2743 1642
4466 2 2 10 4 1832 2289 1345
4467 2 2 10 4 2570 3062 2571
4468 2 2 10 4 319 2751 113
4469 2 2 10 4 1321 1325 1323
4470 2 2 10 4 651 2332 377
4471 2 2 10 4 2430 2749 665
4472 2 2 10 4 1916 3204 1917
4473 2 2 10 4 1502 1785 1500
4474 2 2 10 4 348 2686 45
4475 2 2 10 4 351 2687 8
4476 2 2 10 4 44 2686 320
4477 2 2 10 4 46 2689 348
4478 2 2 10 4 11 2693 315
4479 2 2 10 4 13 2691 349
4480 2 2 10 4 315 2690 10
4481 2 2 10 4 353 2692 34
4482 2 2 10 4 33 2692 281
4483 2 2 10 4 291 2691 14
4484 2 2 10 4 15 2688 291
4485 2 2 10 4 354 2688 16
4486 2 2 10 4 9 2690 351
4487 2 2 10 4 349 2693 12
4488 2 2 10 4 356 3447 2449
4489 2 2 10 4 2449 3447 2448
4490 2 2 10 4 2617 2844 2609
4491 2 2 10 4 94 2714 308
4492 2 2 10 4 861 875 860
4493 2 2 10 4 848 3314 3147
4494 2 2 10 4 910 2783 912
4495 2 2 10 4 396 398 397
4496 2 2 10 4 1533 1656 1260
4497 2 2 10 4 269 3064 2108
4498 2 2 10 4 667 2749 760
4499 2 2 10 4 1518 1760 1519
4500 2 2 10 4 631 633 632
4501 2 2 10 4 465 3140 2217
4502 2 2 10 4 260 3400 2130
4503 2 2 10 4 3148 3171 558
4504 2 2 10 4 2142 2759 2367
4505 2 2 10 4 967 2856 962
4506 2 2 10 4 2641 2811 2406
4507 2 2 10 4 997 998 659
4508 2 2 10 4 1557 3054 2316
4509 2 2 10 4 116 2822 115
4510 2 2 10 4 40 2744 39
4511 2 2 10 4 1646 2875 1596
4512 2 2 10 4 820 2753 1213
4513 2 2 10 4 400 401 399
4514 2 2 10 4 331 2764 81
4515 2 2 10 4 80 2764 2669
4516 2 2 10 4 2117 2922 2378
4517 2 2 10 4 667 760 695
4518 2 2 10 4 2569 2757 1639
4519 2 2 10 4 1247 1907 1475
4520 2 2 10 4 1428 1461 1427
4521 2 2 10 4 831 2753 823
4522 2 2 10 4 1669 1919 1652
4523 2 2 10 4 1398 2863 1224
4524 2 2 10 4 1410 2863 1846
4525 2 2 10 4 1774 2704 511
4526 2 2 10 4 113 2751 112
4527 2 2 10 4 662 663 661
4528 2 2 10 4 1983 3249 2783
4529 2 2 10 4 2254 3318 1493
4530 2 2 10 4 965 968 964
4531 2 2 10 4 340 2904 2653
4532 2 2 10 4 158 2805 283
4533 2 2 10 4 344 2805 159
4534 2 2 10 4 1030 1031 1029
4535 2 2 10 4 665 2749 667
4536 2 2 10 4 2290 2810 577
4537 2 2 10 4 1651 2831 1975
4538 2 2 10 4 725 1039 724
4539 2 2 10 4 1739 2908 1987
4540 2 2 10 4 1430 2219 1076
4541 2 2 10 4 952 1611 1197
4542 2 2 10 4 2647 3153 1771
4543 2 2 10 4 1162 1513 1286
4544 2 2 10 4 2799 3405 2374
4545 2 2 10 4 1036 2736 1225
4546 2 2 10 4 937 950 949
4547 2 2 10 4 398 400 399
4548 2 2 10 4 928 2752 2380
4549 2 2 10 4 912 913 911
4550 2 2 10 4 1225 1991 1644
4551 2 2 10 4 1149 2772 1150
4552 2 2 10 4 357 2769 118
4553 2 2 10 4 117 2769 329
4554 2 2 10 4 95 2714 94
4555 2 2 10 4 685 687 686
4556 2 2 10 4 1426 1676 639
4557 2 2 10 4 1102 1103 1040
4558 2 2 10 4 73 2996 321
4559 2 2 10 4 1186 1293 1185
4560 2 2 10 4 2283 2745 781
4561 2 2 10 4 1023 3415 2252
4562 2 2 10 4 279 3133 2565
4563 2 2 10 4 1213 2897 2638
4564 2 2 10 4 1009 2889 1215
4565 2 2 10 4 746 2890 2572
4566 2 2 10 4 1448 2706 1492
4567 2 2 10 4 576 577 574
4568 2 2 10 4 2116 3296 2298
4569 2 2 10 4 463 465 464
4570 2 2 10 4 2510 2763 2509
4571 2 2 10 4 737 739 738
4572 2 2 10 4 1866 3115 2797
4573 2 2 10 4 2151 3267 3112
4574 2 2 10 4 2358 3025 313
4575 2 2 10 4 2661 2869 2102
4576 2 2 10 4 2220 3181 1974
4577 2 2 10 4 2569 2900 2890
4578 2 2 10 4 157 2874 156
4579 2 2 10 4 1801 2896 1220
4580 2 2 10 4 1599 2830 2623
4581 2 2 10 4 1677 1678 1676
4582 2 2 10 4 845 847 846
4583 2 2 10 4 1660 2900 2569
4584 2 2 10 4 1753 1755 1754
4585 2 2 10 4 1584 2765 2585
4586 2 2 10 4 1669 1920 1919
4587 2 2 10 4 2784 2785 742
4588 2 2 10 4 1449 3142 1208
4589 2 2 10 4 1716 3123 2312
4590 2 2 10 4 501 516 502
4591 2 2 10 4 2426 2904 2427
4592 2 2 10 4 466 469 468
4593 2 2 10 4 1456 1497 1294
4594 2 2 10 4 3124 3222 2060
4595 2 2 10 4 583 3283 2269
4596 2 2 10 4 1660 2910 2900
4597 2 2 10 4 1681 1914 1913
4598 2 2 10 4 2815 3285 1645
4599 2 2 10 4 2263 3256 2927
4600 2 2 10 4 1831 1832 1345
4601 2 2 10 4 1425 1996 1847
4602 2 2 10 4 2514 2808 285
4603 2 2 10 4 1945 3252 2319
4604 2 2 10 4 459 487 455
4605 2 2 10 4 568 2912 546
4606 2 2 10 4 543 2913 622
4607 2 2 10 4 2115 3297 1666
4608 2 2 10 4 1661 2910 1660
4609 2 2 10 4 2530 2766 2528
4610 2 2 10 4 1895 3368 1675
4611 2 2 10 4 1681 2236 1914
4612 2 2 10 4 1596 2875 2199
4613 2 2 10 4 39 2744 356
4614 2 2 10 4 292 2744 40
4615 2 2 10 4 1340 1363 1339
4616 2 2 10 4 2292 3244 1520
4617 2 2 10 4 2226 3120 1724
4618 2 2 10 4 316 2842 168
4619 2 2 10 4 167 2842 2652
4620 2 2 10 4 2286 2990 870
4621 2 2 10 4 1871 1872 1793
4622 2 2 10 4 1634 2788 1632
4623 2 2 10 4 3108 3292 2131
4624 2 2 10 4 1228 1229 1227
4625 2 2 10 4 1258 1406 1037
4626 2 2 10 4 544 2928 542
4627 2 2 10 4 1489 2137 2136
4628 2 2 10 4 1285 1763 1081
4629 2 2 10 4 2495 3311 2656
4630 2 2 10 4 2435 2931 2494
4631 2 2 10 4 1075 1692 1196
4632 2 2 10 4 2135 3285 1724
4633 2 2 10 4 1516 2053 2052
4634 2 2 10 4 1838 1839 1786
4635 2 2 10 4 1462 2072 1461
4636 2 2 10 4 2520 2935 2522
4637 2 2 10 4 586 2936 540
4638 2 2 10 4 1878 1885 1880
4639 2 2 10 4 2849 3400 260
4640 2 2 10 4 2377 3302 281
4641 2 2 10 4 81 2764 80
4642 2 2 10 4 1337 2846 1192
4643 2 2 10 4 318 2765 2671
4644 2 2 10 4 1764 1765 1763
4645 2 2 10 4 877 926 875
4646 2 2 10 4 997 2958 999
4647 2 2 10 4 539 2941 536
4648 2 2 10 4 1210 2969 1381
4649 2 2 10 4 901 903 902
4650 2 2 10 4 853 2310 852
4651 2 2 10 4 2446 3447 356
4652 2 2 10 4 2418 2945 2425
4653 2 2 10 4 1824 2958 2809
4654 2 2 10 4 160 2854 344
4655 2 2 10 4 288 2854 161
4656 2 2 10 4 742 3409 1167
4657 2 2 10 4 1190 1249 1212
4658 2 2 10 4 1436 1623 1438
4659 2 2 10 4 534 2951 532
4660 2 2 10 4 202 3379 2253
4661 2 2 10 4 633 635 634
4662 2 2 10 4 808 2957 805
4663 2 2 10 4 2824 3178 531
4664 2 2 10 4 199 2827 200
4665 2 2 10 4 1445 2706 1448
4666 2 2 10 4 1862 2851 1944
4667 2 2 10 4 2597 2768 2598
4668 2 2 10 4 2621 3302 2377
4669 2 2 10 4 1248 1681 1680
4670 2 2 10 4 942 2862 1162
4671 2 2 10 4 620 2850 599
4672 2 2 10 4 1398 3260 2863
4673 2 2 10 4 823 2753 820
4674 2 2 10 4 2488 2971 529
4675 2 2 10 4 2532 2934 2529
4676 2 2 10 4 697 706 705
4677 2 2 10 4 2265 3106 335
4678 2 2 10 4 803 2974 801
4679 2 2 10 4 1099 1362 1361
4680 2 2 10 4 893 894 891
4681 2 2 10 4 1790 3051 2741
4682 2 2 10 4 2334 3340 1638
4683 2 2 10 4 2298 2325 1672
4684 2 2 10 4 969 971 968
4685 2 2 10 4 849 1033 1032
4686 2 2 10 4 1672 2325 1727
4687 2 2 10 4 934 2814 935
4688 2 2 10 4 300 2823 78
4689 2 2 10 4 1113 1114 1031
4690 2 2 10 4 1860 2283 1862
4691 2 2 10 4 986 987 972
4692 2 2 10 4 1366 2784 783
4693 2 2 10 4 837 838 835
4694 2 2 10 4 1679 1694 1678
4695 2 2 10 4 3107 3317 1699
4696 2 2 10 4 1322 1981 1320
4697 2 2 10 4 1609 1918 1912
4698 2 2 10 4 1362 1546 1545
4699 2 2 10 4 1101 2790 1257
4700 2 2 10 4 1772 2886 2728
4701 2 2 10 4 1544 3301 2301
4702 2 2 10 4 1672 1727 1390
4703 2 2 10 4 914 915 913
4704 2 2 10 4 1335 2829 1788
4705 2 2 10 4 1611 1655 1612
4706 2 2 10 4 2623 2989 2490
4707 2 2 10 4 3275 3377 359
4708 2 2 10 4 2250 3344 2827
4709 2 2 10 4 1843 2777 1671
4710 2 2 10 4 1724 2815 649
4711 2 2 10 4 2433 3361 344
4712 2 2 10 4 2485 2778 1505
4713 2 2 10 4 1487 2249 669
4714 2 2 10 4 2904 3330 2653
4715 2 2 10 4 2169 3389 3276
4716 2 2 10 4 2677 2779 828
4717 2 2 10 4 1931 2104 1930
4718 2 2 10 4 1230 2914 1522
4719 2 2 10 4 687 714 688
4720 2 2 10 4 118 2769 117
4721 2 2 10 4 863 2995 799
4722 2 2 10 4 3078 3417 2470
4723 2 2 10 4 2123 3426 1944
4724 2 2 10 4 323 2920 2771
4725 2 2 10 4 1589 3140 2368
4726 2 2 10 4 2148 3405 2799
4727 2 2 10 4 1683 1716 1591
4728 2 2 10 4 739 741 740
4729 2 2 10 4 562 2886 559
4730 2 2 10 4 1755 1757 1756
4731 2 2 10 4 2510 2926 2897
4732 2 2 10 4 1507 1590 1506
4733 2 2 10 4 1763 2981 1081
4734 2 2 10 4 1766 1767 1765
4735 2 2 10 4 1209 1210 1207
4736 2 2 10 4 1331 1834 1606
4737 2 2 10 4 580 581 578
4738 2 2 10 4 516 637 517
4739 2 2 10 4 1331 2944 1834
4740 2 2 10 4 2231 3196 1790
4741 2 2 10 4 952 2798 1611
4742 2 2 10 4 2293 3188 282
4743 2 2 10 4 951 975 974
4744 2 2 10 4 1329 3029 1080
4745 2 2 10 4 996 1173 1172
4746 2 2 10 4 1385 2237 1825
4747 2 2 10 4 2511 2926 2510
4748 2 2 10 4 566 2773 571
4749 2 2 10 4 953 2798 952
4750 2 2 10 4 1823 3003 2412
4751 2 2 10 4 327 3117 2265
4752 2 2 10 4 2820 3058 2329
4753 2 2 10 4 1181 2883 759
4754 2 2 10 4 1010 2773 569
4755 2 2 10 4 2366 3351 467
4756 2 2 10 4 1201 3008 504
4757 2 2 10 4 515 3008 527
4758 2 2 10 4 1663 2782 1214
4759 2 2 10 4 2293 2980 2110
4760 2 2 10 4 946 3011 2506
4761 2 2 10 4 1925 2780 1924
4762 2 2 10 4 282 3450 2293
4763 2 2 10 4 2365 2914 2821
4764 2 2 10 4 691 782 689
4765 2 2 10 4 1313 3013 1314
4766 2 2 10 4 1317 3013 1424
4767 2 2 10 4 2511 2942 2926
4768 2 2 10 4 270 2792 27
4769 2 2 10 4 26 2792 350
4770 2 2 10 4 2874 3218 156
4771 2 2 10 4 2109 2726 2021
4772 2 2 10 4 2604 2965 1670
4773 2 2 10 4 1784 2791 1619
4774 2 2 10 4 1228 1230 1229
4775 2 2 10 4 537 3022 538
4776 2 2 10 4 382 614 613
4777 2 2 10 4 90 2994 89
4778 2 2 10 4 2728 2886 562
4779 2 2 10 4 1907 3197 2242
4780 2 2 10 4 2558 3320 334
4781 2 2 10 4 1705 1743 1256
4782 2 2 10 4 1708 2938 1709
4783 2 2 10 4 2992 3379 202
4784 2 2 10 4 2814 2885 935
4785 2 2 10 4 635 645 644
4786 2 2 10 4 390 391 389
4787 2 2 10 4 1546 1707 1706
4788 2 2 10 4 2676 3278 2953
4789 2 2 10 4 2604 2972 2965
4790 2 2 10 4 521 602 601
4791 2 2 10 4 1659 3057 2299
4792 2 2 10 4 2356 3116 325
4793 2 2 10 4 2416 2796 2417
4794 2 2 10 4 1657 2776 1658
4795 2 2 10 4 876 3181 2911
4796 2 2 10 4 71 3390 70
4797 2 2 10 4 2440 3025 2358
4798 2 2 10 4 2559 3025 2452
4799 2 2 10 4 1618 2972 2604
4800 2 2 10 4 1383 3347 3088
4801 2 2 10 4 1326 1643 1355
4802 2 2 10 4 2626 2942 2511
4803 2 2 10 4 825 2779 831
4804 2 2 10 4 1630 2800 2076
4805 2 2 10 4 1919 3420 2087
4806 2 2 10 4 2081 2899 2695
4807 2 2 10 4 940 1478 1477
4808 2 2 10 4 849 3054 1033
4809 2 2 10 4 1325 3098 1412
4810 2 2 10 4 2656 3311 290
4811 2 2 10 4 1744 1745 1743
4812 2 2 10 4 1536 2176 1820
4813 2 2 10 4 285 2808 18
4814 2 2 10 4 17 2808 354
4815 2 2 10 4 1858 2745 1860
4816 2 2 10 4 2526 2801 2547
4817 2 2 10 4 1685 2802 2614
4818 2 2 10 4 1767 2742 1826
4819 2 2 10 4 495 2770 1201
4820 2 2 10 4 1419 1911 1910
4821 2 2 10 4 1614 2803 2599
4822 2 2 10 4 1535 1824 471
4823 2 2 10 4 1942 3362 2046
4824 2 2 10 4 1994 3024 1953
4825 2 2 10 4 2569 2890 2757
4826 2 2 10 4 2427 3032 2428
4827 2 2 10 4 916 917 915
4828 2 2 10 4 2739 2740 2176
4829 2 2 10 4 2955 3029 1728
4830 2 2 10 4 1682 3072 1700
4831 2 2 10 4 1478 1480 1479
4832 2 2 10 4 2757 2890 746
4833 2 2 10 4 171 3024 170
4834 2 2 10 4 1443 3132 2319
4835 2 2 10 4 2545 3049 2543
4836 2 2 10 4 1791 2973 2314
4837 2 2 10 4 3004 3414 2225
4838 2 2 10 4 2133 2898 2323
4839 2 2 10 4 573 2810 1011
4840 2 2 10 4 2685 2976 2651
4841 2 2 10 4 2491 3035 1720
4842 2 2 10 4 2697 3281 1994
4843 2 2 10 4 297 3014 2478
4844 2 2 10 4 1079 1792 1203
4845 2 2 10 4 1685 2807 2802
4846 2 2 10 4 1698 2832 1032
4847 2 2 10 4 880 1368 878
4848 2 2 10 4 1735 3005 1984
4849 2 2 10 4 707 718 717
4850 2 2 10 4 2543 3049 2540
4851 2 2 10 4 1757 1853 1852
4852 2 2 10 4 1729 3038 1711
4853 2 2 10 4 308 2927 93
4854 2 2 10 4 2458 2806 1359
4855 2 2 10 4 280 3050 2544
4856 2 2 10 4 990 991 988
4857 2 2 10 4 2763 2897 1213
4858 2 2 10 4 756 1209 1207
4859 2 2 10 4 1232 2760 1259
4860 2 2 10 4 2406 2811 426
4861 2 2 10 4 897 2372 895
4862 2 2 10 4 2165 3352 2166
4863 2 2 10 4 1104 1105 1103
4864 2 2 10 4 1157 1464 1106
4865 2 2 10 4 841 842 839
4866 2 2 10 4 2805 3357 283
4867 2 2 10 4 726 2899 711
4868 2 2 10 4 27 2792 26
4869 2 2 10 4 1968 2830 1599
4870 2 2 10 4 1778 3441 1342
4871 2 2 10 4 159 2805 158
4872 2 2 10 4 2447 3232 292
4873 2 2 10 4 472 475 474
4874 2 2 10 4 852 1297 978
4875 2 2 10 4 1865 2807 1685
4876 2 2 10 4 1662 1850 1594
4877 2 2 10 4 1707 2153 2152
4878 2 2 10 4 392 393 391
4879 2 2 10 4 614 616 615
4880 2 2 10 4 469 471 470
4881 2 2 10 4 840 3315 2171
4882 2 2 10 4 2587 3049 1313
4883 2 2 10 4 1368 2304 878
4884 2 2 10 4 2911 3181 1980
4885 2 2 10 4 316 3281 2697
4886 2 2 10 4 645 2955 644
4887 2 2 10 4 1516 2818 2053
4888 2 2 10 4 1856 1863 1858
4889 2 2 10 4 2559 3266 127
4890 2 2 10 4 1406 3423 2193
4891 2 2 10 4 1498 1699 1497
4892 2 2 10 4 1797 1941 1367
4893 2 2 10 4 127 3269 2559
4894 2 2 10 4 744 1386 1109
4895 2 2 10 4 2213 2238 460
4896 2 2 10 4 1746 1747 1745
4897 2 2 10 4 1055 3054 1557
4898 2 2 10 4 556 3148 558
4899 2 2 10 4 558 3171 560
4900 2 2 10 4 715 1370 1107
4901 2 2 10 4 2461 3262 2460
4902 2 2 10 4 1721 3346 1495
4903 2 2 10 4 1881 3064 1879
4904 2 2 10 4 1927 3116 2356
4905 2 2 10 4 1633 2264 1867
4906 2 2 10 4 398 399 397
4907 2 2 10 4 2766 2912 568
4908 2 2 10 4 1419 1910 1449
4909 2 2 10 4 1649 2831 1651
4910 2 2 10 4 1155 1454 1366
4911 2 2 10 4 1805 1983 1982
4912 2 2 10 4 1223 1389 1115
4913 2 2 10 4 2804 2962 2196
4914 2 2 10 4 1206 1419 1208
4915 2 2 10 4 833 2752 928
4916 2 2 10 4 1463 1798 1077
4917 2 2 10 4 2079 3063 1814
4918 2 2 10 4 1630 2847 2800
4919 2 2 10 4 1386 1388 1387
4920 2 2 10 4 1013 2817 1016
4921 2 2 10 4 221 2797 263
4922 2 2 10 4 747 3066 2439
4923 2 2 10 4 1134 1238 1237
4924 2 2 10 4 1370 1441 1371
4925 2 2 10 4 330 2985 52
4926 2 2 10 4 51 2985 358
4927 2 2 10 4 2431 3068 2420
4928 2 2 10 4 458 2368 463
4929 2 2 10 4 276 3154 2907
4930 2 2 10 4 828 2779 825
4931 2 2 10 4 1621 3062 2570
4932 2 2 10 4 2618 3419 431
4933 2 2 10 4 1689 2837 2314
4934 2 2 10 4 2675 3381 2062
4935 2 2 10 4 1297 1961 1710
4936 2 2 10 4 1472 1993 1389
4937 2 2 10 4 2146 2812 2148
4938 2 2 10 4 755 3091 637
4939 2 2 10 4 527 2824 528
4940 2 2 10 4 918 919 917
4941 2 2 10 4 2412 2825 1958
4942 2 2 10 4 1191 1690 1295
4943 2 2 10 4 1356 2939 2718
4944 2 2 10 4 2237 3258 1458
4945 2 2 10 4 1222 2737 1070
4946 2 2 10 4 475 997 659
4947 2 2 10 4 1204 1330 1329
4948 2 2 10 4 598 779 612
4949 2 2 10 4 2279 3085 1520
4950 2 2 10 4 1710 2316 978
4951 2 2 10 4 2106 3365 3224
4952 2 2 10 4 18 2808 17
4953 2 2 10 4 1369 1382 1368
4954 2 2 10 4 2530 2912 2766
4955 2 2 10 4 1446 1789 1444
4956 2 2 10 4 2768 2936 586
4957 2 2 10 4 1853 2005 2004
4958 2 2 10 4 2584 3443 2056
4959 2 2 10 4 895 923 894
4960 2 2 10 4 641 662 661
4961 2 2 10 4 699 1038 693
4962 2 2 10 4 952 1197 943
4963 2 2 10 4 610 3452 2176
4964 2 2 10 4 1748 1749 1747
4965 2 2 10 4 1951 2994 2241
4966 2 2 10 4 2760 3219 2213
4967 2 2 10 4 43 3037 42
4968 2 2 10 4 1364 2661 1363
4969 2 2 10 4 2478 3134 297
4970 2 2 10 4 394 395 393
4971 2 2 10 4 1543 2064 1452
4972 2 2 10 4 616 640 617
4973 2 2 10 4 577 2810 574
4974 2 2 10 4 2510 2897 2763
4975 2 2 10 4 1465 3342 2287
4976 2 2 10 4 388 448 386
4977 2 2 10 4 2777 2941 539
4978 2 2 10 4 1388 1601 1600
4979 2 2 10 4 1500 2750 1498
4980 2 2 10 4 1153 1298 1199
4981 2 2 10 4 3191 3362 2582
4982 2 2 10 4 1441 1443 1442
4983 2 2 10 4 370 373 372
4984 2 2 10 4 940 2733 1478
4985 2 2 10 4 1725 3084 1909
4986 2 2 10 4 714 2767 688
4987 2 2 10 4 78 2823 77
4988 2 2 10 4 569 2773 566
4989 2 2 10 4 2297 3272 629
4990 2 2 10 4 31 3045 30
4991 2 2 10 4 1343 1831 1345
4992 2 2 10 4 1972 1973 1818
4993 2 2 10 4 589 591 587
4994 2 2 10 4 2001 3087 2138
4995 2 2 10 4 845 846 843
4996 2 2 10 4 148 3050 280
4997 2 2 10 4 2655 3050 149
4998 2 2 10 4 1489 2852 2137
4999 2 2 10 4 111 3014 297
5000 2 2 10 4 2553 3077 1653
5001 2 2 10 4 2552 3077 2553
5002 2 2 10 4 2242 2823 1939
5003 2 2 10 4 1227 3170 2286
5004 2 2 10 4 1178 2113 1521
5005 2 2 10 4 1799 2844 2617
5006 2 2 10 4 352 2933 20
5007 2 2 10 4 19 2933 285
5008 2 2 10 4 1902 3095 1900
5009 2 2 10 4 2681 3149 3006
5010 2 2 10 4 2901 3391 481
5011 2 2 10 4 864 1228 1227
5012 2 2 10 4 1536 2739 2176
5013 2 2 10 4 2609 2988 1684
5014 2 2 10 4 452 453 448
5015 2 2 10 4 1383 1384 1382
5016 2 2 10 4 777 3002 661
5017 2 2 10 4 901 902 899
5018 2 2 10 4 1173 1328 1269
5019 2 2 10 4 1503 2901 2359
5020 2 2 10 4 1964 3056 2665
5021 2 2 10 4 972 2787 971
5022 2 2 10 4 2676 2953 384
5023 2 2 10 4 2615 3097 1995
5024 2 2 10 4 1190 1212 1188
5025 2 2 10 4 606 1042 608
5026 2 2 10 4 1247 1475 1248
5027 2 2 10 4 2360 3174 1045
5028 2 2 10 4 373 375 374
5029 2 2 10 4 168 2842 167
5030 2 2 10 4 759 2883 713
5031 2 2 10 4 1631 2888 2847
5032 2 2 10 4 1806 2848 1804
5033 2 2 10 4 1631 2847 1630
5034 2 2 10 4 368 370 369
5035 2 2 10 4 1390 2795 1114
5036 2 2 10 4 329 2822 116
5037 2 2 10 4 522 625 623
5038 2 2 10 4 925 942 919
5039 2 2 10 4 680 2946 681
5040 2 2 10 4 491 1607 489
5041 2 2 10 4 454 459 455
5042 2 2 10 4 1690 1851 1691
5043 2 2 10 4 2412 3326 2825
5044 2 2 10 4 574 2810 573
5045 2 2 10 4 1423 3065 1041
5046 2 2 10 4 2597 2936 2768
5047 2 2 10 4 1882 2937 1884
5048 2 2 10 4 779 1125 780
5049 2 2 10 4 2894 3079 2111
5050 2 2 10 4 1438 2993 1437
5051 2 2 10 4 2333 2999 1647
5052 2 2 10 4 602 639 603
5053 2 2 10 4 1808 2877 1807
5054 2 2 10 4 2791 2971 2488
5055 2 2 10 4 1805 2660 1983
5056 2 2 10 4 1 3060 84
5057 2 2 10 4 85 3059 2
5058 2 2 10 4 1366 3378 3044
5059 2 2 10 4 1930 1976 1928
5060 2 2 10 4 1658 2776 2660
5061 2 2 10 4 3295 3432 776
5062 2 2 10 4 2695 2899 726
5063 2 2 10 4 2002 3412 2003
5064 2 2 10 4 2154 3278 2153
5065 2 2 10 4 306 3195 2328
5066 2 2 10 4 721 774 723
5067 2 2 10 4 1604 3136 2767
5068 2 2 10 4 2657 2931 288
5069 2 2 10 4 7 3060 1
5070 2 2 10 4 2 3059 47
5071 2 2 10 4 1789 2707 1444
5072 2 2 10 4 2989 3383 2491
5073 2 2 10 4 1103 2871 1040
5074 2 2 10 4 396 397 395
5075 2 2 10 4 1663 2968 2782
5076 2 2 10 4 1047 1146 994
5077 2 2 10 4 454 455 453
5078 2 2 10 4 975 3128 2727
5079 2 2 10 4 2021 2726 2023
5080 2 2 10 4 2192 3401 2385
5081 2 2 10 4 478 481 480
5082 2 2 10 4 1385 1665 1384
5083 2 2 10 4 1192 2846 1191
5084 2 2 10 4 1325 1412 1323
5085 2 2 10 4 2806 2935 1359
5086 2 2 10 4 1568 3319 1974
5087 2 2 10 4 2285 3227 1886
5088 2 2 10 4 2740 3454 643
5089 2 2 10 4 1811 3122 1937
5090 2 2 10 4 2364 2821 858
5091 2 2 10 4 375 377 376
5092 2 2 10 4 2807 2957 808
5093 2 2 10 4 475 659 476
5094 2 2 10 4 380 383 378
5095 2 2 10 4 1937 3178 2824
5096 2 2 10 4 1106 2829 1105
5097 2 2 10 4 849 1032 846
5098 2 2 10 4 663 1072 778
5099 2 2 10 4 1425 2949 1996
5100 2 2 10 4 1731 2721 1717
5101 2 2 10 4 1497 2873 1294
5102 2 2 10 4 1533 2118 1656
5103 2 2 10 4 591 3214 2748
5104 2 2 10 4 718 727 719
5105 2 2 10 4 1224 2863 1410
5106 2 2 10 4 466 2845 469
5107 2 2 10 4 2219 2878 1076
5108 2 2 10 4 1851 2085 1938
5109 2 2 10 4 161 2854 160
5110 2 2 10 4 2233 3439 1943
5111 2 2 10 4 1125 1427 1245
5112 2 2 10 4 992 1075 991
5113 2 2 10 4 2065 3209 265
5114 2 2 10 4 1666 3297 1468
5115 2 2 10 4 935 2885 937
5116 2 2 10 4 599 2850 598
5117 2 2 10 4 1036 2879 2736
5118 2 2 10 4 1843 2941 2777
5119 2 2 10 4 1493 3318 1491
5120 2 2 10 4 2479 3134 2478
5121 2 2 10 4 322 3130 3082
5122 2 2 10 4 1508 3137 1510
5123 2 2 10 4 958 979 956
5124 2 2 10 4 1736 3206 1735
5125 2 2 10 4 440 2804 2338
5126 2 2 10 4 2326 3248 675
5127 2 2 10 4 1634 3020 2788
5128 2 2 10 4 1608 2221 1607
5129 2 2 10 4 2769 3038 329
5130 2 2 10 4 703 728 701
5131 2 2 10 4 2863 3260 1988
5132 2 2 10 4 491 1609 1608
5133 2 2 10 4 1460 2846 1337
5134 2 2 10 4 1609 1912 1608
5135 2 2 10 4 370 371 369
5136 2 2 10 4 176 3094 314
5137 2 2 10 4 1513 1514 1286
5138 2 2 10 4 377 379 378
5139 2 2 10 4 572 3144 2960
5140 2 2 10 4 905 2733 903
5141 2 2 10 4 1991 1992 1644
5142 2 2 10 4 314 3417 3078
5143 2 2 10 4 2686 3240 320
5144 2 2 10 4 1426 1677 1676
5145 2 2 10 4 1428 2991 1462
5146 2 2 10 4 1506 2661 1364
5147 2 2 10 4 895 2372 923
5148 2 2 10 4 2063 3357 2805
5149 2 2 10 4 1245 1246 780
5150 2 2 10 4 1713 2850 620
5151 2 2 10 4 89 3109 88
5152 2 2 10 4 2031 2895 2030
5153 2 2 10 4 2336 3356 1496
5154 2 2 10 4 938 1126 934
5155 2 2 10 4 1162 2862 1513
5156 2 2 10 4 1498 2750 1699
5157 2 2 10 4 1338 3006 1340
5158 2 2 10 4 2045 3243 2281
5159 2 2 10 4 1418 2739 1249
5160 2 2 10 4 649 1714 1713
5161 2 2 10 4 1799 3001 2995
5162 2 2 10 4 1385 1825 1665
5163 2 2 10 4 873 880 878
5164 2 2 10 4 1333 1453 1348
5165 2 2 10 4 2178 3145 1595
5166 2 2 10 4 839 2826 838
5167 2 2 10 4 376 1791 374
5168 2 2 10 4 1257 2790 1633
5169 2 2 10 4 688 2767 697
5170 2 2 10 4 244 2864 245
5171 2 2 10 4 305 2849 259
5172 2 2 10 4 1920 2082 1919
5173 2 2 10 4 1231 3258 2093
5174 2 2 10 4 626 3036 618
5175 2 2 10 4 452 1542 454
5176 2 2 10 4 1693 3001 1799
5177 2 2 10 4 286 3032 2645
5178 2 2 10 4 379 381 380
5179 2 2 10 4 852 978 850
5180 2 2 10 4 1785 2750 1500
5181 2 2 10 4 1258 1457 1406
5182 2 2 10 4 1285 1764 1763
5183 2 2 10 4 1976 2780 1928
5184 2 2 10 4 3193 3235 1760
5185 2 2 10 4 619 646 627
5186 2 2 10 4 397 1078 395
5187 2 2 10 4 2108 3359 2722
5188 2 2 10 4 1446 1817 1816
5189 2 2 10 4 469 1535 471
5190 2 2 10 4 1691 1815 1295
5191 2 2 10 4 285 3364 2514
5192 2 2 10 4 533 3178 655
5193 2 2 10 4 559 2886 746
5194 2 2 10 4 653 1051 775
5195 2 2 10 4 35 3028 353
5196 2 2 10 4 287 3028 36
5197 2 2 10 4 1247 1248 1246
5198 2 2 10 4 283 2874 157
5199 2 2 10 4 2022 3188 2293
5200 2 2 10 4 1534 2883 1181
5201 2 2 10 4 2004 3231 1852
5202 2 2 10 4 640 2861 641
5203 2 2 10 4 1693 3010 3001
5204 2 2 10 4 1891 3173 2282
5205 2 2 10 4 1677 1679 1678
5206 2 2 10 4 1611 1612 1197
5207 2 2 10 4 3204 3331 1917
5208 2 2 10 4 1005 2889 1009
5209 2 2 10 4 2690 2830 351
5210 2 2 10 4 2572 2890 1547
5211 2 2 10 4 2864 3345 2048
5212 2 2 10 4 1696 1940 1732
5213 2 2 10 4 1494 1659 1657
5214 2 2 10 4 2751 3014 112
5215 2 2 10 4 381 385 384
5216 2 2 10 4 856 2310 853
5217 2 2 10 4 1647 2999 2084
5218 2 2 10 4 2844 2995 863
5219 2 2 10 4 1607 2337 489
5220 2 2 10 4 1472 2060 2059
5221 2 2 10 4 1684 2988 1865
5222 2 2 10 4 1352 1520 1518
5223 2 2 10 4 3173 3209 2282
5224 2 2 10 4 1362 1545 1361
5225 2 2 10 4 353 3016 2692
5226 2 2 10 4 847 849 846
5227 2 2 10 4 1191 1295 1049
5228 2 2 10 4 1293 1504 1452
5229 2 2 10 4 2748 3214 2881
5230 2 2 10 4 1220 2896 1688
5231 2 2 10 4 2500 3199 2502
5232 2 2 10 4 1178 1232 1126
5233 2 2 10 4 740 2997 738
5234 2 2 10 4 2890 2900 1547
5235 2 2 10 4 1266 2980 2339
5236 2 2 10 4 1723 3010 1693
5237 2 2 10 4 598 612 595
5238 2 2 10 4 1176 1446 1444
5239 2 2 10 4 1442 1717 1371
5240 2 2 10 4 1600 1794 1387
5241 2 2 10 4 1764 1766 1765
5242 2 2 10 4 1817 1819 1818
5243 2 2 10 4 1784 2971 2791
5244 2 2 10 4 1430 2833 2219
5245 2 2 10 4 1981 2959 1320
5246 2 2 10 4 2213 3219 2238
5247 2 2 10 4 2638 2897 2613
5248 2 2 10 4 1381 2858 1207
5249 2 2 10 4 1746 2083 1748
5250 2 2 10 4 1547 2900 2606
5251 2 2 10 4 3145 3286 1595
5252 2 2 10 4 1970 3078 2470
5253 2 2 10 4 880 1821 1369
5254 2 2 10 4 2116 3157 2037
5255 2 2 10 4 385 387 386
5256 2 2 10 4 297 3134 2674
5257 2 2 10 4 318 3087 2765
5258 2 2 10 4 2233 3155 1729
5259 2 2 10 4 903 940 902
5260 2 2 10 4 3126 3300 3009
5261 2 2 10 4 2900 2910 2606
5262 2 2 10 4 1937 3216 1813
5263 2 2 10 4 1521 1583 1232
5264 2 2 10 4 2425 2904 2426
5265 2 2 10 4 662 2755 663
5266 2 2 10 4 1249 1536 1212
5267 2 2 10 4 1659 2044 1657
5268 2 2 10 4 1897 3220 1895
5269 2 2 10 4 1834 1998 1606
5270 2 2 10 4 372 382 371
5271 2 2 10 4 2897 2926 2613
5272 2 2 10 4 2606 2910 568
5273 2 2 10 4 1027 1200 1025
5274 2 2 10 4 24 3133 23
5275 2 2 10 4 866 2986 859
5276 2 2 10 4 1819 2099 1972
5277 2 2 10 4 1297 1710 978
5278 2 2 10 4 1546 1706 1545
5279 2 2 10 4 546 2912 544
5280 2 2 10 4 541 2913 543
5281 2 2 10 4 1848 3228 1969
5282 2 2 10 4 909 924 907
5283 2 2 10 4 677 682 680
5284 2 2 10 4 387 389 388
5285 2 2 10 4 350 3277 2568
5286 2 2 10 4 1183 1534 1181
5287 2 2 10 4 276 3099 3069
5288 2 2 10 4 971 1233 1077
5289 2 2 10 4 733 743 735
5290 2 2 10 4 1641 3207 1718
5291 2 2 10 4 1040 2871 1039
5292 2 2 10 4 1504 1790 1543
5293 2 2 10 4 485 491 489
5294 2 2 10 4 3131 3186 2104
5295 2 2 10 4 1114 1116 1115
5296 2 2 10 4 1959 3240 1830
5297 2 2 10 4 330 3220 2985
5298 2 2 10 4 2591 3192 1960
5299 2 2 10 4 2529 2934 2530
5300 2 2 10 4 1294 2873 1293
5301 2 2 10 4 58 3176 57
5302 2 2 10 4 465 2845 466
5303 2 2 10 4 1828 2096 1889
5304 2 2 10 4 1766 1966 1767
5305 2 2 10 4 1705 1744 1743
5306 2 2 10 4 1005 2958 2889
5307 2 2 10 4 715 1070 714
5308 2 2 10 4 1845 2925 1844
5309 2 2 10 4 1749 1936 1751
5310 2 2 10 4 2003 3250 2000
5311 2 2 10 4 2613 2926 830
5312 2 2 10 4 2723 3094 177
5313 2 2 10 4 744 783 741
5314 2 2 10 4 2372 2731 923
5315 2 2 10 4 2303 2771 1742
5316 2 2 10 4 1079 2943 1792
5317 2 2 10 4 542 2928 586
5318 2 2 10 4 342 3165 145
5319 2 2 10 4 144 3165 286
5320 2 2 10 4 342 3239 2542
5321 2 2 10 4 1670 2965 1843
5322 2 2 10 4 2207 3183 2210
5323 2 2 10 4 2078 3218 2874
5324 2 2 10 4 1738 2133 1601
5325 2 2 10 4 2331 2332 651
5326 2 2 10 4 858 2821 864
5327 2 2 10 4 2750 3107 1699
5328 2 2 10 4 1665 3055 2804
5329 2 2 10 4 638 755 637
5330 2 2 10 4 1479 1613 1477
5331 2 2 10 4 471 2809 472
5332 2 2 10 4 2583 3000 2584
5333 2 2 10 4 2494 2931 1868
5334 2 2 10 4 964 967 962
5335 2 2 10 4 1478 1479 1477
5336 2 2 10 4 2932 3126 3009
5337 2 2 10 4 472 2809 475
5338 2 2 10 4 724 726 711
5339 2 2 10 4 1707 2152 1706
5340 2 2 10 4 940 1476 902
5341 2 2 10 4 1536 1800 1212
5342 2 2 10 4 1434 2786 1436
5343 2 2 10 4 1706 2378 1545
5344 2 2 10 4 2648 3442 341
5345 2 2 10 4 2926 2942 830
5346 2 2 10 4 1233 1594 1463
5347 2 2 10 4 1359 2935 2520
5348 2 2 10 4 843 2832 842
5349 2 2 10 4 540 2936 539
5350 2 2 10 4 1191 2846 1690
5351 2 2 10 4 1116 1367 1223
5352 2 2 10 4 1792 1836 1203
5353 2 2 10 4 1079 1080 645
5354 2 2 10 4 1339 1460 1337
5355 2 2 10 4 1860 2745 2283
5356 2 2 10 4 230 2907 231
5357 2 2 10 4 1744 1746 1745
5358 2 2 10 4 2425 3330 2904
5359 2 2 10 4 1998 2245 1606
5360 2 2 10 4 2568 3277 2578
5361 2 2 10 4 649 1713 620
5362 2 2 10 4 2636 3275 2637
5363 2 2 10 4 885 938 934
5364 2 2 10 4 988 2878 987
5365 2 2 10 4 706 2879 707
5366 2 2 10 4 2534 3279 1091
5367 2 2 10 4 1764 2049 1766
5368 2 2 10 4 707 2879 718
5369 2 2 10 4 1107 1222 1070
5370 2 2 10 4 2501 3275 2636
5371 2 2 10 4 598 2850 779
5372 2 2 10 4 991 2878 988
5373 2 2 10 4 1109 1155 783
5374 2 2 10 4 2551 3439 1729
5375 2 2 10 4 1943 3439 1397
5376 2 2 10 4 2765 3087 2585
5377 2 2 10 4 1612 1796 1197
5378 2 2 10 4 1974 3436 2169
5379 2 2 10 4 1688 2940 2408
5380 2 2 10 4 631 650 633
5381 2 2 10 4 875 876 860
5382 2 2 10 4 2340 3344 1906
5383 2 2 10 4 536 2941 534
5384 2 2 10 4 2665 3257 1837
5385 2 2 10 4 830 2942 2608
5386 2 2 10 4 756 1206 755
5387 2 2 10 4 2044 2776 1657
5388 2 2 10 4 1677 1741 1679
5389 2 2 10 4 877 3163 926
5390 2 2 10 4 93 2927 92
5391 2 2 10 4 1254 3301 1544
5392 2 2 10 4 1386 1387 1109
5393 2 2 10 4 597 2917 2841
5394 2 2 10 4 1583 2760 1232
5395 2 2 10 4 473 3446 2188
5396 2 2 10 4 1370 1371 1107
5397 2 2 10 4 1953 3311 1887
5398 2 2 10 4 2278 3115 1866
5399 2 2 10 4 1464 2829 1106
5400 2 2 10 4 1453 2865 2756
5401 2 2 10 4 913 1074 911
5402 2 2 10 4 2275 3075 1433
5403 2 2 10 4 1564 3319 1565
5404 2 2 10 4 1956 3320 2558
5405 2 2 10 4 2704 2820 368
5406 2 2 10 4 2222 2956 2337
5407 2 2 10 4 1941 2268 2075
5408 2 2 10 4 2253 3379 1864
5409 2 2 10 4 880 1369 1368
5410 2 2 10 4 1727 2795 1390
5411 2 2 10 4 1719 1870 1613
5412 2 2 10 4 475 2809 997
5413 2 2 10 4 1105 1335 1256
5414 2 2 10 4 1293 1452 1185
5415 2 2 10 4 2720 3430 2066
5416 2 2 10 4 1753 2754 1755
5417 2 2 10 4 2417 2945 2418
5418 2 2 10 4 1908 3094 2723
5419 2 2 10 4 987 2787 972
5420 2 2 10 4 2454 3371 2429
5421 2 2 10 4 1223 1472 1389
5422 2 2 10 4 2514 3364 1955
5423 2 2 10 4 1967 3361 2433
5424 2 2 10 4 2077 3357 2535
5425 2 2 10 4 1692 2852 1196
5426 2 2 10 4 1638 3340 1409
5427 2 2 10 4 1203 1204 1080
5428 2 2 10 4 1602 1769 1454
5429 2 2 10 4 1746 1748 1747
5430 2 2 10 4 1075 1076 991
5431 2 2 10 4 294 3204 3103
5432 2 2 10 4 2072 2073 1461
5433 2 2 10 4 2684 3110 477
5434 2 2 10 4 718 1036 727
5435 2 2 10 4 891 2959 889
5436 2 2 10 4 532 2951 609
5437 2 2 10 4 971 1077 968
5438 2 2 10 4 2071 3051 2873
5439 2 2 10 4 1514 1515 1286
5440 2 2 10 4 2461 3153 317
5441 2 2 10 4 1114 1115 1031
5442 2 2 10 4 127 3266 126
5443 2 2 10 4 1820 2841 1800
5444 2 2 10 4 1388 1600 1387
5445 2 2 10 4 602 1425 639
5446 2 2 10 4 128 3269 127
5447 2 2 10 4 1441 1442 1371
5448 2 2 10 4 805 2957 803
5449 2 2 10 4 155 3218 338
5450 2 2 10 4 999 2958 1005
5451 2 2 10 4 687 715 714
5452 2 2 10 4 516 638 637
5453 2 2 10 4 2867 2920 323
5454 2 2 10 4 1173 1728 1328
5455 2 2 10 4 469 2845 1535
5456 2 2 10 4 739 744 741
5457 2 2 10 4 942 1081 919
5458 2 2 10 4 635 1079 645
5459 2 2 10 4 1892 3234 1962
5460 2 2 10 4 1331 1486 1330
5461 2 2 10 4 644 2955 996
5462 2 2 10 4 923 1320 894
5463 2 2 10 4 616 642 640
5464 2 2 10 4 917 922 915
5465 2 2 10 4 1472 2059 1993
5466 2 2 10 4 1335 1787 1705
5467 2 2 10 4 1853 2128 2005
5468 2 2 10 4 2119 3101 900
5469 2 2 10 4 1105 1256 1103
5470 2 2 10 4 1699 2071 1497
5471 2 2 10 4 382 1100 614
5472 2 2 10 4 393 431 391
5473 2 2 10 4 2153 3413 2152
5474 2 2 10 4 170 3281 169
5475 2 2 10 4 1023 3242 648
5476 2 2 10 4 1328 3120 2816
5477 2 2 10 4 20 2933 19
5478 2 2 10 4 2896 2940 1688
5479 2 2 10 4 1204 1331 1330
5480 2 2 10 4 1369 1383 1382
5481 2 2 10 4 1600 3351 2366
5482 2 2 10 4 1941 2075 1367
5483 2 2 10 4 1155 1602 1454
5484 2 2 10 4 1690 1691 1295
5485 2 2 10 4 2128 2129 2005
5486 2 2 10 4 937 2885 950
5487 2 2 10 4 1834 3201 1998
5488 2 2 10 4 1947 2968 1663
5489 2 2 10 4 388 452 448
5490 2 2 10 4 2122 2877 2373
5491 2 2 10 4 2656 3228 2495
5492 2 2 10 4 779 780 612
5493 2 2 10 4 2331 2794 2332
5494 2 2 10 4 697 2767 706
5495 2 2 10 4 1446 1816 1789
5496 2 2 10 4 1679 2920 1694
5497 2 2 10 4 923 1321 1320
5498 2 2 10 4 1861 3354 1864
5499 2 2 10 4 1911 3261 1910
5500 2 2 10 4 57 3255 56
5501 2 2 10 4 2046 3045 2621
5502 2 2 10 4 280 3239 147
5503 2 2 10 4 146 3239 342
5504 2 2 10 4 373 374 372
5505 2 2 10 4 519 2949 521
5506 2 2 10 4 2965 2972 609
5507 2 2 10 4 642 981 640
5508 2 2 10 4 2274 3038 2769
5509 2 2 10 4 822 3021 817
5510 2 2 10 4 2113 2196 1521
5511 2 2 10 4 1741 1997 1742
5512 2 2 10 4 1966 2742 1767
5513 2 2 10 4 1909 2970 1740
5514 2 2 10 4 1865 2957 2807
5515 2 2 10 4 529 2971 2438
5516 2 2 10 4 609 2972 2488
5517 2 2 10 4 971 2787 1233
5518 2 2 10 4 2746 3040 1687
5519 2 2 10 4 801 2974 863
5520 2 2 10 4 452 454 453
5521 2 2 10 4 1383 1385 1384
5522 2 2 10 4 1971 3398 2565
5523 2 2 10 4 1913 3433 2748
5524 2 2 10 4 1441 3132 1443
5525 2 2 10 4 1460 3015 2846
5526 2 2 10 4 3075 3316 2140
5527 2 2 10 4 1728 2135 1328
5528 2 2 10 4 375 376 374
5529 2 2 10 4 182 3385 181
5530 2 2 10 4 123 3384 122
5531 2 2 10 4 1321 1323 1322
5532 2 2 10 4 42 3225 41
5533 2 2 10 4 942 1162 1081
5534 2 2 10 4 1099 1260 981
5535 2 2 10 4 1125 1245 780
5536 2 2 10 4 1851 1938 1691
5537 2 2 10 4 2716 3261 1911
5538 2 2 10 4 1815 3312 2355
5539 2 2 10 4 1361 1533 1260
5540 2 2 10 4 1052 3190 2159
5541 2 2 10 4 1425 1426 639
5542 2 2 10 4 1126 2814 934
5543 2 2 10 4 782 2853 2758
5544 2 2 10 4 491 1608 1607
5545 2 2 10 4 2295 3310 3309
5546 2 2 10 4 2584 3392 358
5547 2 2 10 4 1114 2795 1116
5548 2 2 10 4 1196 1430 1076
5549 2 2 10 4 1516 1667 1515
5550 2 2 10 4 377 378 376
5551 2 2 10 4 1036 1225 1037
5552 2 2 10 4 1373 2969 1210
5553 2 2 10 4 1162 1286 1285
5554 2 2 10 4 1428 3410 2991
5555 2 2 10 4 1489 2068 1430
5556 2 2 10 4 1036 1037 727
5557 2 2 10 4 846 2832 843
5558 2 2 10 4 649 2815 1714
5559 2 2 10 4 1225 1644 1258
5560 2 2 10 4 326 2938 2010
5561 2 2 10 4 1075 1196 1076
5562 2 2 10 4 1514 1516 1515
5563 2 2 10 4 1745 3139 1743
5564 2 2 10 4 1322 2860 1981
5565 2 2 10 4 1328 2816 1269
5566 2 2 10 4 1425 1847 1426
5567 2 2 10 4 1863 2745 1858
5568 2 2 10 4 379 380 378
5569 2 2 10 4 1162 1285 1081
5570 2 2 10 4 1690 3015 1851
5571 2 2 10 4 1225 1258 1037
5572 2 2 10 4 541 3022 2913
5573 2 2 10 4 1196 1489 1430
5574 2 2 10 4 1489 2136 2068
5575 2 2 10 4 694 3317 2125
5576 2 2 10 4 1516 2052 1667
5577 2 2 10 4 974 2813 1134
5578 2 2 10 4 1912 3382 3341
5579 2 2 10 4 1245 1247 1246
5580 2 2 10 4 1769 3110 2684
5581 2 2 10 4 3018 3098 1870
5582 2 2 10 4 370 372 371
5583 2 2 10 4 2524 3040 592
5584 2 2 10 4 2522 3040 2524
5585 2 2 10 4 2568 3273 350
5586 2 2 10 4 842 2826 839
5587 2 2 10 4 938 1178 1126
5588 2 2 10 4 381 384 380
5589 2 2 10 4 1741 1742 1679
5590 2 2 10 4 642 1099 981
5591 2 2 10 4 1931 3131 2104
5592 2 2 10 4 1612 1874 1796
5593 2 2 10 4 1798 2929 1077
5594 2 2 10 4 1321 1322 1320
5595 2 2 10 4 1442 1731 1717
5596 2 2 10 4 1099 1361 1260
5597 2 2 10 4 2675 3180 312
5598 2 2 10 4 2747 2881 612
5599 2 2 10 4 1817 1818 1816
5600 2 2 10 4 3134 3263 2674
5601 2 2 10 4 641 2861 662
5602 2 2 10 4 1323 1324 1322
5603 2 2 10 4 1195 3127 836
5604 2 2 10 4 637 3160 517
5605 2 2 10 4 1514 2818 1516
5606 2 2 10 4 2731 3156 2732
5607 2 2 10 4 1504 1543 1452
5608 2 2 10 4 385 386 384
5609 2 2 10 4 940 1477 1476
5610 2 2 10 4 1331 1606 1486
5611 2 2 10 4 2129 3171 3148
5612 2 2 10 4 1819 1972 1818
5613 2 2 10 4 1997 2303 1742
5614 2 2 10 4 1536 1820 1800
5615 2 2 10 4 1178 1521 1232
5616 2 2 10 4 2083 2642 1748
5617 2 2 10 4 1335 1705 1256
5618 2 2 10 4 1602 2223 1769
5619 2 2 10 4 2402 3270 2697
5620 2 2 10 4 744 1109 783
5621 2 2 10 4 1479 1719 1613
5622 2 2 10 4 387 388 386
5623 2 2 10 4 715 1107 1070
5624 2 2 10 4 2490 2989 2491
5625 2 2 10 4 2435 3335 2931
5626 2 2 10 4 1116 1223 1115
5627 2 2 10 4 1233 1463 1077
5628 2 2 10 4 1079 1203 1080
5629 2 2 10 4 1154 3430 2720
5630 2 2 10 4 1348 2855 1350
5631 2 2 10 4 638 756 755
5632 2 2 10 4 277 2983 2012
5633 2 2 10 4 663 2755 1072
5634 2 2 10 4 1852 3033 1756
5635 2 2 10 4 756 1207 1206
5636 2 2 10 4 1594 1963 1463
5637 2 2 10 4 744 2921 1386
5638 2 2 10 4 1743 2871 1256
5639 2 2 10 4 923 2731 1321
5640 2 2 10 4 639 2828 603
5641 2 2 10 4 1419 2858 1911
5642 2 2 10 4 25 3273 24
5643 2 2 10 4 693 2819 691
5644 2 2 10 4 1269 2816 1343
5645 2 2 10 4 715 2924 1370
5646 2 2 10 4 2651 2976 343
5647 2 2 10 4 2657 3438 2931
5648 2 2 10 4 1824 2809 471
5649 2 2 10 4 1443 3252 2978
5650 2 2 10 4 52 2985 51
5651 2 2 10 4 1638 3327 2334
5652 2 2 10 4 799 2995 798
5653 2 2 10 4 1146 3210 3104
5654 2 2 10 4 1839 3034 1786
5655 2 2 10 4 1466 3031 1465
5656 2 2 10 4 2652 3287 295
5657 2 2 10 4 2567 3273 2568
5658 2 2 10 4 712 3380 2264
5659 2 2 10 4 1389 2923 1115
5660 2 2 10 4 2666 3093 1808
5661 2 2 10 4 279 3146 22
5662 2 2 10 4 21 3146 352
5663 2 2 10 4 975 2813 974
5664 2 2 10 4 482 3124 496
5665 2 2 10 4 91 3256 299
5666 2 2 10 4 32 3302 31
5667 2 2 10 4 2304 2909 883
5668 2 2 10 4 943 2835 868
5669 2 2 10 4 1817 3376 1819
5670 2 2 10 4 1884 2998 1883
5671 2 2 10 4 903 2733 940
5672 2 2 10 4 779 2872 1125
5673 2 2 10 4 2445 3232 2447
5674 2 2 10 4 603 2828 606
5675 2 2 10 4 1256 2871 1103
5676 2 2 10 4 1249 2739 1536
5677 2 2 10 4 2280 3020 1634
5678 2 2 10 4 659 2840 476
5679 2 2 10 4 2995 3001 798
5680 2 2 10 4 1624 3114 2285
5681 2 2 10 4 341 3442 2796
5682 2 2 10 4 2873 3051 1504
5683 2 2 10 4 727 2836 719
5684 2 2 10 4 2041 3325 2038
5685 2 2 10 4 899 2834 897
5686 2 2 10 4 1980 3181 2220
5687 2 2 10 4 1731 2978 2317
5688 2 2 10 4 1918 3394 3382
5689 2 2 10 4 1247 2967 1907
5690 2 2 10 4 992 2839 1075
5691 2 2 10 4 1436 2786 1623
5692 2 2 10 4 2071 2873 1497
5693 2 2 10 4 1228 2914 1230
5694 2 2 10 4 1188 2838 1157
5695 2 2 10 4 1356 3329 2370
5696 2 2 10 4 1904 3000 2583
5697 2 2 10 4 2151 3112 1455
5698 2 2 10 4 719 2836 721
5699 2 2 10 4 307 3288 75
5700 2 2 10 4 994 2839 992
5701 2 2 10 4 449 3324 381
5702 2 2 10 4 798 3001 2590
5703 2 2 10 4 729 3113 722
5704 2 2 10 4 2978 3246 2317
5705 2 2 10 4 3017 3018 2327
5706 2 2 10 4 984 3249 2776
5707 2 2 10 4 476 2840 478
5708 2 2 10 4 28 3191 270
5709 2 2 10 4 355 3191 29
5710 2 2 10 4 2023 3194 2019
5711 2 2 10 4 358 3392 50
5712 2 2 10 4 49 3392 2056
5713 2 2 10 4 979 3067 2799
5714 2 2 10 4 691 2819 782
5715 2 2 10 4 2358 3424 1726
5716 2 2 10 4 1807 3123 1701
5717 2 2 10 4 775 2866 1071
5718 2 2 10 4 1822 3003 1823
5719 2 2 10 4 1032 2832 846
5720 2 2 10 4 289 3264 2644
5721 2 2 10 4 3001 3010 2590
5722 2 2 10 4 299 2994 90
5723 2 2 10 4 1645 3285 3143
5724 2 2 10 4 2770 3374 1201
5725 2 2 10 4 2064 2902 1452
5726 2 2 10 4 864 2821 1228
5727 2 2 10 4 504 3008 515
5728 2 2 10 4 2369 2982 827
5729 2 2 10 4 345 3228 2656
5730 2 2 10 4 1807 3403 3123
5731 2 2 10 4 2590 3010 946
5732 2 2 10 4 303 2992 201
5733 2 2 10 4 2506 3011 1782
5734 2 2 10 4 1885 3086 1880
5735 2 2 10 4 1799 2995 2844
5736 2 2 10 4 512 2987 522
5737 2 2 10 4 2599 3012 1704
5738 2 2 10 4 1534 3313 2276
5739 2 2 10 4 1236 3150 1133
5740 2 2 10 4 2868 3350 2094
5741 2 2 10 4 2703 2987 512
5742 2 2 10 4 1314 3013 1317
5743 2 2 10 4 1756 3070 1754
5744 2 2 10 4 822 3306 3021
5745 2 2 10 4 346 3261 2716
5746 2 2 10 4 2041 3421 3325
5747 2 2 10 4 2697 3270 316
5748 2 2 10 4 3011 3023 1782
5749 2 2 10 4 370 2820 373
5750 2 2 10 4 701 2857 699
5751 2 2 10 4 538 3022 541
5752 2 2 10 4 279 3398 3146
5753 2 2 10 4 2970 3053 1759
5754 2 2 10 4 2937 3086 1082
5755 2 2 10 4 267 2999 2033
5756 2 2 10 4 897 2834 2372
5757 2 2 10 4 262 3004 6
5758 2 2 10 4 3289 3414 1702
5759 2 2 10 4 2771 2920 1742
5760 2 2 10 4 356 3251 38
5761 2 2 10 4 37 3251 287
5762 2 2 10 4 3097 3348 1995
5763 2 2 10 4 1782 3023 1621
5764 2 2 10 4 1105 2829 1335
5765 2 2 10 4 1157 2838 1464
5766 2 2 10 4 850 2859 847
5767 2 2 10 4 950 3128 951
5768 2 2 10 4 2210 3226 2209
5769 2 2 10 4 2824 3216 1937
5770 2 2 10 4 2014 3074 2013
5771 2 2 10 4 334 3266 2558
5772 2 2 10 4 2804 3055 2338
5773 2 2 10 4 1199 2865 1333
5774 2 2 10 4 870 2990 873
5775 2 2 10 4 1633 2790 2264
5776 2 2 10 4 1760 3235 1890
5777 2 2 10 4 1987 2908 2892
5778 2 2 10 4 112 3014 111
5779 2 2 10 4 2452 3025 2440
5780 2 2 10 4 1206 2858 1419
5781 2 2 10 4 2970 3068 1740
5782 2 2 10 4 1683 3123 1716
5783 2 2 10 4 608 2868 619
5784 2 2 10 4 1694 2867 1696
5785 2 2 10 4 2846 3015 1690
5786 2 2 10 4 1293 2873 1504
5787 2 2 10 4 2366 3434 1600
5788 2 2 10 4 1643 3119 1854
5789 2 2 10 4 847 2859 849
5790 2 2 10 4 1867 3174 2360
5791 2 2 10 4 623 2870 653
5792 2 2 10 4 1412 3018 3017
5793 2 2 10 4 1889 3090 1829
5794 2 2 10 4 2931 3438 1868
5795 2 2 10 4 2822 3155 2233
5796 2 2 10 4 2574 3348 2673
5797 2 2 10 4 2968 3065 1423
5798 2 2 10 4 583 3404 580
5799 2 2 10 4 1049 2880 1047
5800 2 2 10 4 3069 3455 276
5801 2 2 10 4 595 2881 593
5802 2 2 10 4 2311 3083 1667
5803 2 2 10 4 778 2882 1176
5804 2 2 10 4 2281 3243 1777
5805 2 2 10 4 718 2879 1036
5806 2 2 10 4 1076 2878 991
5807 2 2 10 4 2898 3187 664
5808 2 2 10 4 290 3024 171
5809 2 2 10 4 1134 2813 1238
5810 2 2 10 4 2112 3394 1918
5811 2 2 10 4 3201 3390 1998
5812 2 2 10 4 2797 3115 263
5813 2 2 10 4 2316 2859 978
5814 2 2 10 4 683 3429 2121
5815 2 2 10 4 3096 3346 1721
5816 2 2 10 4 2428 3032 2631
5817 2 2 10 4 1918 3382 1912
5818 2 2 10 4 1645 3042 2815
5819 2 2 10 4 391 2916 389
5820 2 2 10 4 907 2891 905
5821 2 2 10 4 1463 2906 1798
5822 2 2 10 4 730 2892 733
5823 2 2 10 4 383 2973 378
5824 2 2 10 4 1786 3034 1785
5825 2 2 10 4 1882 3086 2937
5826 2 2 10 4 483 2894 485
5827 2 2 10 4 2223 3446 3333
5828 2 2 10 4 981 2861 640
5829 2 2 10 4 2157 3334 985
5830 2 2 10 4 521 2949 602
5831 2 2 10 4 2442 3349 2685
5832 2 2 10 4 1912 2893 1608
5833 2 2 10 4 2319 3406 1952
5834 2 2 10 4 756 3353 1209
5835 2 2 10 4 1461 2903 1427
5836 2 2 10 4 1988 3260 1698
5837 2 2 10 4 2068 2833 1430
5838 2 2 10 4 1720 3035 1822
5839 2 2 10 4 1343 2816 1831
5840 2 2 10 4 1038 2819 693
5841 2 2 10 4 2224 3007 2895
5842 2 2 10 4 737 2921 739
5843 2 2 10 4 996 2955 1173
5844 2 2 10 4 36 3028 35
5845 2 2 10 4 2812 2982 1655
5846 2 2 10 4 1608 2893 2221
5847 2 2 10 4 685 2924 687
5848 2 2 10 4 2565 3133 2567
5849 2 2 10 4 883 2909 885
5850 2 2 10 4 2964 3310 2100
5851 2 2 10 4 860 2911 856
5852 2 2 10 4 1711 3038 2274
5853 2 2 10 4 2774 3074 2014
5854 2 2 10 4 1751 2919 1753
5855 2 2 10 4 1031 2923 1029
5856 2 2 10 4 911 2918 909
5857 2 2 10 4 491 2894 1609
5858 2 2 10 4 894 2959 891
5859 2 2 10 4 1185 2902 1183
5860 2 2 10 4 2210 3183 2794
5861 2 2 10 4 699 2857 1038
5862 2 2 10 4 368 2820 370
5863 2 2 10 4 1935 3071 1933
5864 2 2 10 4 1520 3244 2279
5865 2 2 10 4 1793 2898 1738
5866 2 2 10 4 735 3019 737
5867 2 2 10 4 606 2828 1042
5868 2 2 10 4 680 3375 2946
5869 2 2 10 4 1197 2835 943
5870 2 2 10 4 1385 3088 2237
5871 2 2 10 4 2337 2956 501
5872 2 2 10 4 353 3437 3016
5873 2 2 10 4 902 2834 899
5874 2 2 10 4 1298 2865 1199
5875 2 2 10 4 2397 3017 2327
5876 2 2 10 4 1424 3047 2595
5877 2 2 10 4 1207 2858 1206
5878 2 2 10 4 2331 3027 2794
5879 2 2 10 4 610 3308 611
5880 2 2 10 4 970 3408 961
5881 2 2 10 4 1037 3081 727
5882 2 2 10 4 2917 3158 2841
5883 2 2 10 4 2053 2954 2052
5884 2 2 10 4 2370 3027 2331
5885 2 2 10 4 1212 2838 1188
5886 2 2 10 4 2225 3414 3289
5887 2 2 10 4 2540 3049 2587
5888 2 2 10 4 1791 2966 374
5889 2 2 10 4 2169 3276 1833
5890 2 2 10 4 1742 2920 1679
5891 2 2 10 4 721 2836 774
5892 2 2 10 4 2072 2996 2073
5893 2 2 10 4 452 2961 1542
5894 2 2 10 4 1196 2852 1489
5895 2 2 10 4 1969 3078 1970
5896 2 2 10 4 1146 2839 994
5897 2 2 10 4 2985 3220 2181
5898 2 2 10 4 1130 3131 3071
5899 2 2 10 4 681 2946 685
5900 2 2 10 4 1029 3026 1027
5901 2 2 10 4 2087 3420 970
5902 2 2 10 4 1446 2882 1817
5903 2 2 10 4 478 2840 481
5904 2 2 10 4 1041 3065 772
5905 2 2 10 4 74 2996 73
5906 2 2 10 4 1815 2880 1295
5907 2 2 10 4 2739 3046 2740
5908 2 2 10 4 2254 3096 305
5909 2 2 10 4 2830 3388 2623
5910 2 2 10 4 67 3043 66
5911 2 2 10 4 1208 3091 755
5912 2 2 10 4 2211 3183 2207
5913 2 2 10 4 1042 2868 608
5914 2 2 10 4 1543 3429 2064
5915 2 2 10 4 851 3147 854
5916 2 2 10 4 2969 3250 2003
5917 2 2 10 4 149 3050 148
5918 2 2 10 4 527 3216 2824
5919 2 2 10 4 2821 2914 1228
5920 2 2 10 4 2706 3057 1492
5921 2 2 10 4 1865 2988 2974
5922 2 2 10 4 625 2870 623
5923 2 2 10 4 968 2929 964
5924 2 2 10 4 2783 3294 1983
5925 2 2 10 4 2530 2934 2928
5926 2 2 10 4 1033 3054 1055
5927 2 2 10 4 1418 3046 2739
5928 2 2 10 4 2184 3169 2185
5929 2 2 10 4 1039 2930 724
5930 2 2 10 4 1973 3223 1818
5931 2 2 10 4 1749 2963 1936
5932 2 2 10 4 2103 3149 2681
5933 2 2 10 4 2338 3055 747
5934 2 2 10 4 1453 2855 1348
5935 2 2 10 4 1324 2860 1322
5936 2 2 10 4 1748 2963 1749
5937 2 2 10 4 1472 2950 2060
5938 2 2 10 4 2117 3121 2922
5939 2 2 10 4 1072 2882 778
5940 2 2 10 4 2385 3069 1592
5941 2 2 10 4 523 3284 513
5942 2 2 10 4 3005 3206 1792
5943 2 2 10 4 1047 2880 1146
5944 2 2 10 4 2574 3076 1968
5945 2 2 10 4 2928 2934 586
5946 2 2 10 4 1717 2948 1371
5947 2 2 10 4 880 2990 1821
5948 2 2 10 4 1794 2947 1387
5949 2 2 10 4 2496 3153 2461
5950 2 2 10 4 2268 3378 1454
5951 2 2 10 4 1373 3280 3250
5952 2 2 10 4 320 3037 43
5953 2 2 10 4 3180 3213 2398
5954 2 2 10 4 1729 3155 3038
5955 2 2 10 4 324 3105 2273
5956 2 2 10 4 1843 2965 2951
5957 2 2 10 4 1814 3063 2619
5958 2 2 10 4 1912 3341 2893
5959 2 2 10 4 2081 3052 2899
5960 2 2 10 4 1850 3445 2833
5961 2 2 10 4 2178 3399 3145
5962 2 2 10 4 1771 3153 2496
5963 2 2 10 4 1694 2920 2867
5964 2 2 10 4 3088 3347 2093
5965 2 2 10 4 2059 3360 3286
5966 2 2 10 4 1873 3280 1373
5967 2 2 10 4 728 2857 701
5968 2 2 10 4 322 3083 2311
5969 2 2 10 4 456 3100 2306
5970 2 2 10 4 2646 3053 289
5971 2 2 10 4 2312 3403 945
5972 2 2 10 4 1350 3048 1352
5973 2 2 10 4 2439 3066 1558
5974 2 2 10 4 99 3185 98
5975 2 2 10 4 2248 3367 3104
5976 2 2 10 4 1051 2866 775
5977 2 2 10 4 905 2891 2733
5978 2 2 10 4 2093 3258 3088
5979 2 2 10 4 501 2956 516
5980 2 2 10 4 1592 3069 1875
5981 2 2 10 4 1740 3068 2431
5982 2 2 10 4 281 3254 2377
5983 2 2 10 4 380 2953 383
5984 2 2 10 4 1201 3374 3063
5985 2 2 10 4 978 2859 850
5986 2 2 10 4 522 2987 625
5987 2 2 10 4 1443 2978 1442
5988 2 2 10 4 3012 3129 1704
5989 2 2 10 4 1880 3086 1882
5990 2 2 10 4 1178 3337 2113
5991 2 2 10 4 1237 3329 1356
5992 2 2 10 4 1746 3039 2083
5993 2 2 10 4 2308 3236 2309
5994 2 2 10 4 633 2943 635
5995 2 2 10 4 873 2990 880
5996 2 2 10 4 30 3045 355
5997 2 2 10 4 1333 2865 1453
5998 2 2 10 4 1492 3057 1494
5999 2 2 10 4 3047 3245 2595
6000 2 2 10 4 1476 2834 902
6001 2 2 10 4 1696 2867 1940
6002 2 2 10 4 1698 3030 2832
6003 2 2 10 4 619 2868 646
6004 2 2 10 4 1800 2838 1212
6005 2 2 10 4 2377 3254 1835
6006 2 2 10 4 1515 2915 1286
6007 2 2 10 4 592 3040 2746
6008 2 2 10 4 1427 2967 1245
6009 2 2 10 4 2983 3217 2012
6010 2 2 10 4 653 2870 1051
6011 2 2 10 4 2729 3290 1644
6012 2 2 10 4 2800 3016 2076
6013 2 2 10 4 1952 3406 2326
6014 2 2 10 4 986 3305 989
6015 2 2 10 4 2125 3317 3107
6016 2 2 10 4 1412 2887 1323
6017 2 2 10 4 2740 3308 2176
6018 2 2 10 4 1963 3274 2734
6019 2 2 10 4 3033 3070 1756
6020 2 2 10 4 1493 3346 2254
6021 2 2 10 4 915 2952 913
6022 2 2 10 4 2838 3158 1464
6023 2 2 10 4 2727 3128 2215
6024 2 2 10 4 1774 3058 2704
6025 2 2 10 4 3106 3111 335
6026 2 2 10 4 1595 3286 499
6027 2 2 10 4 1796 2835 1197
6028 2 2 10 4 2931 3335 288
6029 2 2 10 4 2825 3323 1957
6030 2 2 10 4 2951 2965 609
6031 2 2 10 4 2223 3110 1769
6032 2 2 10 4 84 3060 360
6033 2 2 10 4 359 3059 85
6034 2 2 10 4 1078 2984 395
6035 2 2 10 4 3046 3241 1832
6036 2 2 10 4 2834 3156 2372
6037 2 2 10 4 2993 3407 1646
6038 2 2 10 4 1295 2880 1049
6039 2 2 10 4 2378 2922 1545
6040 2 2 10 4 1833 3372 2061
6041 2 2 10 4 2959 3163 889
6042 2 2 10 4 1792 3206 1836
6043 2 2 10 4 382 2966 1100
6044 2 2 10 4 1653 3077 1809
6045 2 2 10 4 268 3056 219
6046 2 2 10 4 1755 2960 1757
6047 2 2 10 4 1176 2882 1446
6048 2 2 10 4 612 2881 595
6049 2 2 10 4 2075 2950 1367
6050 2 2 10 4 1204 2944 1331
6051 2 2 10 4 3104 3367 1692
6052 2 2 10 4 1155 2947 1602
6053 2 2 10 4 2146 3328 2812
6054 2 2 10 4 2892 2908 743
6055 2 2 10 4 1503 3371 2901
6056 2 2 10 4 2901 3371 2112
6057 2 2 10 4 1764 2915 2049
6058 2 2 10 4 376 2973 1791
6059 2 2 10 4 2682 3350 1042
6060 2 2 10 4 1989 3090 1480
6061 2 2 10 4 1677 2905 1741
6062 2 2 10 4 1878 3203 1885
6063 2 2 10 4 431 2916 391
6064 2 2 10 4 2312 3304 1716
6065 2 2 10 4 924 2891 907
6066 2 2 10 4 733 2892 743
6067 2 2 10 4 485 2894 491
6068 2 2 10 4 1470 3393 2333
6069 2 2 10 4 1521 2962 1583
6070 2 2 10 4 963 3265 1108
6071 2 2 10 4 1426 2905 1677
6072 2 2 10 4 1936 2919 1751
6073 2 2 10 4 602 2949 1425
6074 2 2 10 4 1323 2887 1324
6075 2 2 10 4 3065 3125 772
6076 2 2 10 4 909 2918 924
6077 2 2 10 4 389 2961 388
6078 2 2 10 4 1264 3074 2774
6079 2 2 10 4 1738 2898 2133
6080 2 2 10 4 372 2966 382
6081 2 2 10 4 2073 2903 1461
6082 2 2 10 4 743 3019 735
6083 2 2 10 4 1494 3057 1659
6084 2 2 10 4 481 3079 480
6085 2 2 10 4 856 2911 2310
6086 2 2 10 4 1963 2906 1463
6087 2 2 10 4 1352 3048 1520
6088 2 2 10 4 1173 2955 1728
6089 2 2 10 4 1285 2915 1764
6090 2 2 10 4 1183 2902 1534
6091 2 2 10 4 1968 3395 2830
6092 2 2 10 4 1726 3084 1725
6093 2 2 10 4 739 2921 744
6094 2 2 10 4 1367 2950 1223
6095 2 2 10 4 687 2924 715
6096 2 2 10 4 1027 3026 1200
6097 2 2 10 4 1286 2915 1285
6098 2 2 10 4 1107 2948 1222
6099 2 2 10 4 885 2909 938
6100 2 2 10 4 1847 2905 1426
6101 2 2 10 4 2679 3229 1266
6102 2 2 10 4 314 3078 2643
6103 2 2 10 4 1109 2947 1155
6104 2 2 10 4 876 2911 860
6105 2 2 10 4 3015 3247 1851
6106 2 2 10 4 1115 2923 1031
6107 2 2 10 4 1753 2919 2754
6108 2 2 10 4 1716 3198 1591
6109 2 2 10 4 1074 2918 911
6110 2 2 10 4 1361 2922 1533
6111 2 2 10 4 1452 2902 1185
6112 2 2 10 4 499 3360 486
6113 2 2 10 4 2650 3320 1960
6114 2 2 10 4 1203 2944 1204
6115 2 2 10 4 614 2975 616
6116 2 2 10 4 2585 3087 2001
6117 2 2 10 4 2687 3060 7
6118 2 2 10 4 47 3059 2689
6119 2 2 10 4 1545 2922 1361
6120 2 2 10 4 1320 2959 894
6121 2 2 10 4 2215 3386 2216
6122 2 2 10 4 3124 3299 496
6123 2 2 10 4 2974 2988 863
6124 2 2 10 4 1981 3163 2959
6125 2 2 10 4 2787 3135 1662
6126 2 2 10 4 964 2929 967
6127 2 2 10 4 1900 3095 1904
6128 2 2 10 4 724 2930 726
6129 2 2 10 4 2748 3433 591
6130 2 2 10 4 1077 2929 968
6131 2 2 10 4 2234 3149 298
6132 2 2 10 4 1947 3125 3065
6133 2 2 10 4 2054 3164 2026
6134 2 2 10 4 993 3186 1130
6135 2 2 10 4 2927 3256 92
6136 2 2 10 4 2903 2967 1427
6137 2 2 10 4 2674 3263 347
6138 2 2 10 4 177 3094 176
6139 2 2 10 4 3077 3122 1809
6140 2 2 10 4 710 3380 712
6141 2 2 10 4 3006 3149 2234
6142 2 2 10 4 3071 3131 1933
6143 2 2 10 4 1080 3029 645
6144 2 2 10 4 516 2956 638
6145 2 2 10 4 2245 3102 1606
6146 2 2 10 4 635 2943 1079
6147 2 2 10 4 919 2981 917
6148 2 2 10 4 2690 3388 2830
6149 2 2 10 4 2704 3058 2820
6150 2 2 10 4 2830 3395 351
6151 2 2 10 4 2058 3097 2615
6152 2 2 10 4 616 2975 642
6153 2 2 10 4 922 2952 915
6154 2 2 10 4 1130 3186 3131
6155 2 2 10 4 1081 2981 919
6156 2 2 10 4 703 3052 728
6157 2 2 10 4 1645 3143 1329
6158 2 2 10 4 1701 3123 1683
6159 2 2 10 4 463 3140 465
6160 2 2 10 4 395 2984 393
6161 2 2 10 4 1135 3235 2155
6162 2 2 10 4 650 2943 633
6163 2 2 10 4 1836 2944 1203
6164 2 2 10 4 2916 2961 389
6165 2 2 10 4 2269 3221 1915
6166 2 2 10 4 480 3079 483
6167 2 2 10 4 958 3067 979
6168 2 2 10 4 950 3386 3128
6169 2 2 10 4 2642 2963 1748
6170 2 2 10 4 101 3089 100
6171 2 2 10 4 1819 3376 2964
6172 2 2 10 4 1387 2947 1109
6173 2 2 10 4 2925 3349 2442
6174 2 2 10 4 1371 2948 1107
6175 2 2 10 4 2855 3048 1350
6176 2 2 10 4 2949 3160 1996
6177 2 2 10 4 384 2953 380
6178 2 2 10 4 913 2952 1074
6179 2 2 10 4 3263 3381 347
6180 2 2 10 4 519 3160 2949
6181 2 2 10 4 1223 2950 1472
6182 2 2 10 4 1889 3300 3090
6183 2 2 10 4 2754 2960 1755
6184 2 2 10 4 1442 2978 1731
6185 2 2 10 4 2296 3435 1842
6186 2 2 10 4 2904 3427 2427
6187 2 2 10 4 2581 3440 2580
6188 2 2 10 4 582 3230 585
6189 2 2 10 4 2247 3367 2248
6190 2 2 10 4 388 2961 452
6191 2 2 10 4 2742 3208 1826
6192 2 2 10 4 2196 2962 1521
6193 2 2 10 4 1245 2967 1247
6194 2 2 10 4 2417 3442 2945
6195 2 2 10 4 3066 3092 1558
6196 2 2 10 4 374 2966 372
6197 2 2 10 4 2427 3427 3032
6198 2 2 10 4 1222 2979 2737
6199 2 2 10 4 331 3097 2764
6200 2 2 10 4 772 3125 2413
6201 2 2 10 4 589 3214 591
6202 2 2 10 4 1982 3093 1806
6203 2 2 10 4 1504 3051 1790
6204 2 2 10 4 3163 3303 926
6205 2 2 10 4 378 2973 376
6206 2 2 10 4 2378 3108 773
6207 2 2 10 4 1100 2975 614
6208 2 2 10 4 2027 3179 2028
6209 2 2 10 4 914 3212 916
6210 2 2 10 4 2976 3438 343
6211 2 2 10 4 2947 3177 1602
6212 2 2 10 4 2589 3062 3023
6213 2 2 10 4 1474 3413 2284
6214 2 2 10 4 2090 3132 1441
6215 2 2 10 4 774 3162 723
6216 2 2 10 4 1856 3152 1863
6217 2 2 10 4 1825 3055 1665
6218 2 2 10 4 1926 3116 1927
6219 2 2 10 4 1800 3158 2838
6220 2 2 10 4 2558 3266 2559
6221 2 2 10 4 2725 3293 271
6222 2 2 10 4 1933 3131 1931
6223 2 2 10 4 2996 3288 2073
6224 2 2 10 4 2161 3247 3015
6225 2 2 10 4 1520 3085 1518
6226 2 2 10 4 2831 3253 1975
6227 2 2 10 4 1476 3156 2834
6228 2 2 10 4 917 2981 922
6229 2 2 10 4 2732 3366 1613
6230 2 2 10 4 393 2984 431
6231 2 2 10 4 2370 3329 3027
6232 2 2 10 4 1705 3080 1744
6233 2 2 10 4 737 3019 2921
6234 2 2 10 4 2839 3104 1692
6235 2 2 10 4 1809 3122 1811
6236 2 2 10 4 1940 3111 1732
6237 2 2 10 4 1744 3039 1746
6238 2 2 10 4 263 3115 2025
6239 2 2 10 4 3016 3437 2076
6240 2 2 10 4 2448 3447 2446
6241 2 2 10 4 2952 3451 2300
6242 2 2 10 4 2589 3129 3062
6243 2 2 10 4 675 3248 677
6244 2 2 10 4 2634 3237 1789
6245 2 2 10 4 1052 3203 3190
6246 2 2 10 4 334 3320 2650
6247 2 2 10 4 229 3099 276
6248 2 2 10 4 3408 3420 2082
6249 2 2 10 4 2884 3041 1189
6250 2 2 10 4 709 3052 703
6251 2 2 10 4 3106 3117 1736
6252 2 2 10 4 2923 3026 1029
6253 2 2 10 4 474 3333 473
6254 2 2 10 4 1260 3138 981
6255 2 2 10 4 1948 3125 1947
6256 2 2 10 4 2932 3009 336
6257 2 2 10 4 1920 3233 2082
6258 2 2 10 4 2084 3202 1471
6259 2 2 10 4 294 3103 198
6260 2 2 10 4 3290 3352 1457
6261 2 2 10 4 1871 3271 2193
6262 2 2 10 4 1366 3044 2784
6263 2 2 10 4 1518 3085 1760
6264 2 2 10 4 1704 3129 2589
6265 2 2 10 4 2832 3030 842
6266 2 2 10 4 2028 3204 294
6267 2 2 10 4 1613 3366 1477
6268 2 2 10 4 88 3109 332
6269 2 2 10 4 1363 3343 2712
6270 2 2 10 4 2794 3027 2210
6271 2 2 10 4 3087 3255 2138
6272 2 2 10 4 685 2946 2924
6273 2 2 10 4 3090 3300 1480
6274 2 2 10 4 2857 3033 1038
6275 2 2 10 4 842 3030 2826
6276 2 2 10 4 1744 3080 3039
6277 2 2 10 4 1794 3177 2947
6278 2 2 10 4 1342 3441 1163
6279 2 2 10 4 1795 3134 2479
6280 2 2 10 4 1601 3351 1600
6281 2 2 10 4 1486 3205 1330
6282 2 2 10 4 1846 3137 1508
6283 2 2 10 4 2370 3370 1356
6284 2 2 10 4 1787 3080 1705
6285 2 2 10 4 1149 3061 2772
6286 2 2 10 4 960 3067 958
6287 2 2 10 4 1766 3082 1966
6288 2 2 10 4 629 3272 631
6289 2 2 10 4 3125 3200 2413
6290 2 2 10 4 1820 3452 2664
6291 2 2 10 4 1700 3289 1702
6292 2 2 10 4 1706 3108 2378
6293 2 2 10 4 1853 3144 2128
6294 2 2 10 4 344 3361 2805
6295 2 2 10 4 1229 3170 1227
6296 2 2 10 4 1832 3241 2289
6297 2 2 10 4 1719 3126 2932
6298 2 2 10 4 2856 3067 960
6299 2 2 10 4 1373 3250 2969
6300 2 2 10 4 1479 3126 1719
6301 2 2 10 4 2732 3098 1325
6302 2 2 10 4 2139 2960 2754
6303 2 2 10 4 354 3323 2825
6304 2 2 10 4 648 3242 604
6305 2 2 10 4 483 3079 2894
6306 2 2 10 4 3117 3118 1736
6307 2 2 10 4 2252 3399 2178
6308 2 2 10 4 2899 3052 709
6309 2 2 10 4 2794 3183 449
6310 2 2 10 4 561 3148 556
6311 2 2 10 4 2764 3097 2058
6312 2 2 10 4 1995 3348 2574
6313 2 2 10 4 3220 3368 1895
6314 2 2 10 4 2019 3194 2018
6315 2 2 10 4 2592 3192 2591
6316 2 2 10 4 1934 3154 1935
6317 2 2 10 4 2785 3402 1727
6318 2 2 10 4 1990 3282 2666
6319 2 2 10 4 481 3391 3079
6320 2 2 10 4 2037 3157 2035
6321 2 2 10 4 265 3209 3173
6322 2 2 10 4 1948 3200 3125
6323 2 2 10 4 1025 3415 1023
6324 2 2 10 4 591 3283 587
6325 2 2 10 4 74 3288 2996
6326 2 2 10 4 2049 3082 1766
6327 2 2 10 4 1851 3247 2085
6328 2 2 10 4 312 3180 2398
6329 2 2 10 4 1777 3243 1778
6330 2 2 10 4 3146 3398 2482
6331 2 2 10 4 1832 3454 3046
6332 2 2 10 4 304 3289 3072
6333 2 2 10 4 1893 3173 1891
6334 2 2 10 4 1732 3111 1734
6335 2 2 10 4 98 3130 97
6336 2 2 10 4 23 3133 279
6337 2 2 10 4 2325 3409 1727
6338 2 2 10 4 1741 3175 1997
6339 2 2 10 4 1828 3208 2096
6340 2 2 10 4 22 3146 21
6341 2 2 10 4 2784 3044 2785
6342 2 2 10 4 1734 3106 1736
6343 2 2 10 4 328 3208 2742
6344 2 2 10 4 889 3163 877
6345 2 2 10 4 145 3165 144
6346 2 2 10 4 1785 3141 2750
6347 2 2 10 4 341 3262 2654
6348 2 2 10 4 317 3153 2647
6349 2 2 10 4 3286 3360 499
6350 2 2 10 4 531 3178 533
6351 2 2 10 4 517 3160 519
6352 2 2 10 4 921 3247 2161
6353 2 2 10 4 2871 3139 1039
6354 2 2 10 4 205 3161 206
6355 2 2 10 4 2413 3200 1589
6356 2 2 10 4 2760 3167 1259
6357 2 2 10 4 70 3390 327
6358 2 2 10 4 1947 3065 2968
6359 2 2 10 4 1854 3152 1856
6360 2 2 10 4 2998 3189 275
6361 2 2 10 4 1941 3378 2268
6362 2 2 10 4 1950 3397 1951
6363 2 2 10 4 2288 3332 2154
6364 2 2 10 4 2020 3188 2022
6365 2 2 10 4 2039 3189 2267
6366 2 2 10 4 2716 3151 2668
6367 2 2 10 4 1727 3409 2785
6368 2 2 10 4 2878 3135 987
6369 2 2 10 4 1480 3126 1479
6370 2 2 10 4 706 3136 2879
6371 2 2 10 4 3147 3314 2137
6372 2 2 10 4 1957 3323 2514
6373 2 2 10 4 727 3081 2836
6374 2 2 10 4 1719 3105 1870
6375 2 2 10 4 1594 3274 1963
6376 2 2 10 4 300 3298 2823
6377 2 2 10 4 2503 3199 2500
6378 2 2 10 4 331 3348 3097
6379 2 2 10 4 3123 3403 2312
6380 2 2 10 4 2135 3120 1328
6381 2 2 10 4 2217 3200 1948
6382 2 2 10 4 2261 3425 2259
6383 2 2 10 4 1795 3263 3134
6384 2 2 10 4 1979 3207 1641
6385 2 2 10 4 926 3389 875
6386 2 2 10 4 296 3176 58
6387 2 2 10 4 951 3128 975
6388 2 2 10 4 227 3184 228
6389 2 2 10 4 927 3237 2634
6390 2 2 10 4 2922 3121 1533
6391 2 2 10 4 272 3253 2831
6392 2 2 10 4 1962 3202 1894
6393 2 2 10 4 3135 3445 1662
6394 2 2 10 4 2946 3375 2090
6395 2 2 10 4 730 3162 2892
6396 2 2 10 4 2326 3406 3248
6397 2 2 10 4 2219 3445 3135
6398 2 2 10 4 3023 3062 1621
6399 2 2 10 4 2059 3286 1993
6400 2 2 10 4 2446 3232 2445
6401 2 2 10 4 2623 3388 2989
6402 2 2 10 4 1468 3297 1507
6403 2 2 10 4 29 3191 28
6404 2 2 10 4 1691 3312 1815
6405 2 2 10 4 1890 3234 1892
6406 2 2 10 4 2152 3108 1706
6407 2 2 10 4 2008 3365 2884
6408 2 2 10 4 1533 3121 2118
6409 2 2 10 4 2636 3397 1950
6410 2 2 10 4 2980 3229 2110
6411 2 2 10 4 1876 3203 1878
6412 2 2 10 4 332 3397 2636
6413 2 2 10 4 2155 3235 3193
6414 2 2 10 4 1906 3344 2250
6415 2 2 10 4 1457 3172 1406
6416 2 2 10 4 2219 3135 2878
6417 2 2 10 4 1644 3290 1258
6418 2 2 10 4 3333 3446 473
6419 2 2 10 4 1813 3216 2079
6420 2 2 10 4 2012 3217 2014
6421 2 2 10 4 2879 3136 2736
6422 2 2 10 4 1930 3373 1976
6423 2 2 10 4 2881 3214 593
6424 2 2 10 4 3062 3129 2571
6425 2 2 10 4 2181 3220 1897
6426 2 2 10 4 2368 3140 463
6427 2 2 10 4 1383 3088 1385
6428 2 2 10 4 3247 3444 2085
6429 2 2 10 4 2829 3259 1788
6430 2 2 10 4 2559 3269 3025
6431 2 2 10 4 3233 3265 2082
6432 2 2 10 4 2789 3451 922
6433 2 2 10 4 2330 3370 2370
6434 2 2 10 4 2776 3249 2660
6435 2 2 10 4 2043 3407 2086
6436 2 2 10 4 156 3218 155
6437 2 2 10 4 2495 3228 1848
6438 2 2 10 4 723 3162 730
6439 2 2 10 4 1409 3340 1407
6440 2 2 10 4 339 3424 2658
6441 2 2 10 4 2805 3361 2063
6442 2 2 10 4 2180 3304 2312
6443 2 2 10 4 2595 3245 2803
6444 2 2 10 4 2403 3270 2402
6445 2 2 10 4 266 3227 2032
6446 2 2 10 4 347 3381 2675
6447 2 2 10 4 340 3427 2904
6448 2 2 10 4 1793 3187 2898
6449 2 2 10 4 1924 3159 1922
6450 2 2 10 4 2004 3431 3231
6451 2 2 10 4 1830 3240 2503
6452 2 2 10 4 1623 3190 1876
6453 2 2 10 4 1789 3237 2707
6454 2 2 10 4 1757 3144 1853
6455 2 2 10 4 1606 3102 1486
6456 2 2 10 4 2129 3182 2005
6457 2 2 10 4 2815 3042 1714
6458 2 2 10 4 2317 3246 1255
6459 2 2 10 4 2385 3401 1935
6460 2 2 10 4 921 3444 3247
6461 2 2 10 4 890 3444 921
6462 2 2 10 4 2111 3391 2112
6463 2 2 10 4 1978 3337 2909
6464 2 2 10 4 3069 3099 1875
6465 2 2 10 4 3101 3198 1716
6466 2 2 10 4 782 3431 2853
6467 2 2 10 4 1495 3346 1493
6468 2 2 10 4 3038 3155 329
6469 2 2 10 4 1831 3168 1832
6470 2 2 10 4 147 3239 146
6471 2 2 10 4 2960 3144 1757
6472 2 2 10 4 1727 3402 2795
6473 2 2 10 4 2000 3250 1999
6474 2 2 10 4 1369 3347 1383
6475 2 2 10 4 2199 3307 2200
6476 2 2 10 4 3117 3201 3118
6477 2 2 10 4 1911 3453 2716
6478 2 2 10 4 2796 3262 341
6479 2 2 10 4 1487 3182 2249
6480 2 2 10 4 987 3135 2787
6481 2 2 10 4 2379 3331 2028
6482 2 2 10 4 1837 3257 1840
6483 2 2 10 4 2433 3335 2435
6484 2 2 10 4 2970 3264 3053
6485 2 2 10 4 1600 3434 1794
6486 2 2 10 4 2325 3296 1167
6487 2 2 10 4 1946 3252 1945
6488 2 2 10 4 2084 3268 3202
6489 2 2 10 4 2767 3136 706
6490 2 2 10 4 3190 3203 1876
6491 2 2 10 4 662 3309 2755
6492 2 2 10 4 3033 3231 1038
6493 2 2 10 4 2341 3393 1470
6494 2 2 10 4 2841 3158 1800
6495 2 2 10 4 2372 3156 2731
6496 2 2 10 4 1803 3400 2849
6497 2 2 10 4 337 3245 2655
6498 2 2 10 4 2905 3175 1741
6499 2 2 10 4 1743 3139 2871
6500 2 2 10 4 2383 3260 1398
6501 2 2 10 4 3250 3280 1999
6502 2 2 10 4 2460 3262 2796
6503 2 2 10 4 2264 3174 1867
6504 2 2 10 4 41 3225 292
6505 2 2 10 4 2795 3402 1797
6506 2 2 10 4 271 3293 3012
6507 2 2 10 4 1591 3198 1590
6508 2 2 10 4 3246 3301 1255
6509 2 2 10 4 92 3256 91
6510 2 2 10 4 38 3251 37
6511 2 2 10 4 2619 3374 3291
6512 2 2 10 4 970 3420 3408
6513 2 2 10 4 1734 3111 3106
6514 2 2 10 4 2933 3364 285
6515 2 2 10 4 1146 3104 2839
6516 2 2 10 4 329 3155 2822
6517 2 2 10 4 1973 3369 2862
6518 2 2 10 4 2977 3090 1989
6519 2 2 10 4 2267 3189 2998
6520 2 2 10 4 2502 3275 2501
6521 2 2 10 4 1879 3387 1877
6522 2 2 10 4 593 3214 589
6523 2 2 10 4 2578 3277 2581
6524 2 2 10 4 1935 3455 2385
6525 2 2 10 4 2145 3328 2146
6526 2 2 10 4 56 3255 318
6527 2 2 10 4 2128 3171 2129
6528 2 2 10 4 3016 3254 2692
6529 2 2 10 4 1091 3279 2517
6530 2 2 10 4 1872 3187 1793
6531 2 2 10 4 1999 3280 2534
6532 2 2 10 4 3119 3152 1854
6533 2 2 10 4 2007 3316 2009
6534 2 2 10 4 2619 3419 2618
6535 2 2 10 4 126 3266 334
6536 2 2 10 4 1458 3258 1231
6537 2 2 10 4 3079 3391 2111
6538 2 2 10 4 2884 3365 3041
6539 2 2 10 4 3012 3293 3129
6540 2 2 10 4 313 3269 128
6541 2 2 10 4 2502 3377 3275
6542 2 2 10 4 2694 3381 3263
6543 2 2 10 4 1826 3208 1828
6544 2 2 10 4 2664 3452 610
6545 2 2 10 4 237 3253 272
6546 2 2 10 4 1491 3318 1730
6547 2 2 10 4 3003 3326 2412
6548 2 2 10 4 3085 3193 1760
6549 2 2 10 4 316 3270 2842
6550 2 2 10 4 2852 3367 2247
6551 2 2 10 4 2917 3259 3158
6552 2 2 10 4 296 3412 3176
6553 2 2 10 4 2694 3263 1795
6554 2 2 10 4 2259 3339 2257
6555 2 2 10 4 2956 3353 638
6556 2 2 10 4 1902 3416 3095
6557 2 2 10 4 2907 3154 1934
6558 2 2 10 4 2823 3298 1939
6559 2 2 10 4 292 3232 2744
6560 2 2 10 4 169 3281 316
6561 2 2 10 4 1255 3301 1254
6562 2 2 10 4 2945 3330 2425
6563 2 2 10 4 2744 3232 2446
6564 2 2 10 4 1602 3177 2223
6565 2 2 10 4 1222 3236 2979
6566 2 2 10 4 3032 3427 2645
6567 2 2 10 4 2967 3197 1907
6568 2 2 10 4 1887 3311 2495
6569 2 2 10 4 3039 3080 585
6570 2 2 10 4 327 3390 3201
6571 2 2 10 4 2222 3353 2956
6572 2 2 10 4 1922 3233 1920
6573 2 2 10 4 2670 3261 346
6574 2 2 10 4 1565 3319 1568
6575 2 2 10 4 1960 3320 1956
6576 2 2 10 4 2491 3383 3035
6577 2 2 10 4 2086 3407 2993
6578 2 2 10 4 2213 3167 2760
6579 2 2 10 4 3028 3437 353
6580 2 2 10 4 1274 3278 2676
6581 2 2 10 4 75 3288 74
6582 2 2 10 4 295 3287 2685
6583 2 2 10 4 1381 3453 2858
6584 2 2 10 4 1852 3231 3033
6585 2 2 10 4 2127 3327 2851
6586 2 2 10 4 2265 3117 3106
6587 2 2 10 4 2653 3330 293
6588 2 2 10 4 2692 3254 281
6589 2 2 10 4 2792 3277 350
6590 2 2 10 4 1894 3345 1893
6591 2 2 10 4 3042 3205 2190
6592 2 2 10 4 350 3273 25
6593 2 2 10 4 3142 3175 2905
6594 2 2 10 4 1702 3414 1990
6595 2 2 10 4 1847 3142 2905
6596 2 2 10 4 3202 3268 1894
6597 2 2 10 4 1662 3445 1850
6598 2 2 10 4 1039 3139 2930
6599 2 2 10 4 1496 3356 3211
6600 2 2 10 4 1944 3354 1861
6601 2 2 10 4 1330 3205 1645
6602 2 2 10 4 2722 3359 1883
6603 2 2 10 4 1790 3196 1543
6604 2 2 10 4 2082 3420 1919
6605 2 2 10 4 3094 3417 314
6606 2 2 10 4 2535 3357 2063
6607 2 2 10 4 1883 3359 1881
6608 2 2 10 4 2909 3337 938
6609 2 2 10 4 2063 3361 1967
6610 2 2 10 4 1955 3364 2481
6611 2 2 10 4 2750 3141 3107
6612 2 2 10 4 2429 3371 1503
6613 2 2 10 4 1939 3298 2709
6614 2 2 10 4 2786 3166 1623
6615 2 2 10 4 3007 3396 2895
6616 2 2 10 4 288 3335 2854
6617 2 2 10 4 3034 3141 1785
6618 2 2 10 4 2517 3382 1242
6619 2 2 10 4 2514 3323 2808
6620 2 2 10 4 2685 3349 2976
6621 2 2 10 4 2470 3417 1908
6622 2 2 10 4 3382 3394 1242
6623 2 2 10 4 2892 3162 1987
6624 2 2 10 4 1788 3259 2917
6625 2 2 10 4 1242 3394 2454
6626 2 2 10 4 1724 3285 2815
6627 2 2 10 4 1071 3358 2818
6628 2 2 10 4 587 3283 583
6629 2 2 10 4 2038 3325 2040
6630 2 2 10 4 2803 3245 337
6631 2 2 10 4 3341 3382 2517
6632 2 2 10 4 2853 3431 2004
6633 2 2 10 4 2076 3437 2201
6634 2 2 10 4 1397 3439 2551
6635 2 2 10 4 1686 3430 1154
6636 2 2 10 4 2060 3222 2059
6637 2 2 10 4 1963 3127 2906
6638 2 2 10 4 281 3302 32
6639 2 2 10 4 3130 3185 1966
6640 2 2 10 4 333 3416 2723
6641 2 2 10 4 50 3392 49
6642 2 2 10 4 362 3384 123
6643 2 2 10 4 181 3385 361
6644 2 2 10 4 2571 3293 2725
6645 2 2 10 4 2116 3336 3296
6646 2 2 10 4 3159 3233 1922
6647 2 2 10 4 1966 3185 2742
6648 2 2 10 4 2668 3412 296
6649 2 2 10 4 2903 3197 2967
6650 2 2 10 4 2793 3428 1798
6651 2 2 10 4 349 3383 2693
6652 2 2 10 4 381 3324 385
6653 2 2 10 4 1818 3223 1816
6654 2 2 10 4 2743 3241 1418
6655 2 2 10 4 2298 3296 2325
6656 2 2 10 4 2062 3381 2694
6657 2 2 10 4 2991 3410 1714
6658 2 2 10 4 3128 3386 2215
6659 2 2 10 4 1266 3229 2980
6660 2 2 10 4 2673 3348 331
6661 2 2 10 4 677 3248 682
6662 2 2 10 4 981 3138 2861
6663 2 2 10 4 1636 3321 2730
6664 2 2 10 4 3325 3421 1166
6665 2 2 10 4 2102 3343 2661
6666 2 2 10 4 1829 3090 2977
6667 2 2 10 4 1976 3373 3305
6668 2 2 10 4 2645 3427 340
6669 2 2 10 4 3082 3130 1966
6670 2 2 10 4 3221 3283 591
6671 2 2 10 4 1981 3303 3163
6672 2 2 10 4 343 3438 2657
6673 2 2 10 4 2997 3336 2040
6674 2 2 10 4 2842 3270 2403
6675 2 2 10 4 2785 3409 742
6676 2 2 10 4 2672 3368 330
6677 2 2 10 4 2808 3323 354
6678 2 2 10 4 2688 3326 291
6679 2 2 10 4 3064 3387 1879
6680 2 2 10 4 3166 3190 1623
6681 2 2 10 4 2660 3249 1983
6682 2 2 10 4 2895 3396 2030
6683 2 2 10 4 2040 3336 2116
6684 2 2 10 4 2866 3358 1071
6685 2 2 10 4 276 3455 3154
6686 2 2 10 4 2028 3331 3204
6687 2 2 10 4 252 3450 282
6688 2 2 10 4 3307 3363 3164
6689 2 2 10 4 631 3272 650
6690 2 2 10 4 1893 3345 2864
6691 2 2 10 4 2581 3277 2792
6692 2 2 10 4 2374 3405 1655
6693 2 2 10 4 1583 3219 2760
6694 2 2 10 4 2939 3238 1774
6695 2 2 10 4 1238 3329 1237
6696 2 2 10 4 3195 3321 1949
6697 2 2 10 4 580 3404 581
6698 2 2 10 4 1454 3378 1366
6699 2 2 10 4 1464 3259 2829
6700 2 2 10 4 585 3230 3039
6701 2 2 10 4 3007 3227 266
6702 2 2 10 4 2854 3335 2433
6703 2 2 10 4 2112 3391 2901
6704 2 2 10 4 2989 3388 315
6705 2 2 10 4 1850 3274 1594
6706 2 2 10 4 1418 3241 3046
6707 2 2 10 4 2481 3364 2933
6708 2 2 10 4 3156 3366 2732
6709 2 2 10 4 327 3201 3117
6710 2 2 10 4 1850 3315 3274
6711 2 2 10 4 3063 3374 2619
6712 2 2 10 4 315 3388 2690
6713 2 2 10 4 2193 3423 1872
6714 2 2 10 4 2775 3338 1787
6715 2 2 10 4 2137 3314 2136
6716 2 2 10 4 351 3395 2687
6717 2 2 10 4 2813 3226 1238
6718 2 2 10 4 318 3255 3087
6719 2 2 10 4 2979 3236 2308
6720 2 2 10 4 2964 3376 1072
6721 2 2 10 4 1774 3238 3058
6722 2 2 10 4 2090 3375 3132
6723 2 2 10 4 3088 3258 2237
6724 2 2 10 4 1714 3410 1713
6725 2 2 10 4 3009 3300 1889
6726 2 2 10 4 2289 3241 2743
6727 2 2 10 4 1713 3410 2872
6728 2 2 10 4 1038 3231 2819
6729 2 2 10 4 3044 3402 2785
6730 2 2 10 4 359 3377 3059
6731 2 2 10 4 2848 3282 311
6732 2 2 10 4 1983 3294 1982
6733 2 2 10 4 1972 3295 1973
6734 2 2 10 4 1886 3227 3007
6735 2 2 10 4 1043 3152 3119
6736 2 2 10 4 1258 3290 1457
6737 2 2 10 4 2398 3213 2887
6738 2 2 10 4 3039 3230 2083
6739 2 2 10 4 2818 3358 2053
6740 2 2 10 4 1542 3374 2770
6741 2 2 10 4 3021 3306 1874
6742 2 2 10 4 1909 3264 2970
6743 2 2 10 4 3168 3454 1832
6744 2 2 10 4 3291 3374 1542
6745 2 2 10 4 3059 3377 2689
6746 2 2 10 4 2862 3369 1513
6747 2 2 10 4 1938 3312 1691
6748 2 2 10 4 2887 3213 1324
6749 2 2 10 4 2860 3303 1981
6750 2 2 10 4 1735 3206 3005
6751 2 2 10 4 2085 3444 3355
6752 2 2 10 4 2875 3363 2199
6753 2 2 10 4 2812 3405 2148
6754 2 2 10 4 3104 3210 2248
6755 2 2 10 4 3000 3443 2584
6756 2 2 10 4 2948 3236 1222
6757 2 2 10 4 3025 3269 313
6758 2 2 10 4 2885 3386 950
6759 2 2 10 4 938 3337 1178
6760 2 2 10 4 1951 3397 3109
6761 2 2 10 4 1655 3405 2812
6762 2 2 10 4 3084 3424 339
6763 2 2 10 4 638 3353 756
6764 2 2 10 4 2133 3351 1601
6765 2 2 10 4 2861 3309 662
6766 2 2 10 4 98 3185 3130
6767 2 2 10 4 3138 3309 2861
6768 2 2 10 4 1845 3349 2925
6769 2 2 10 4 2054 3307 3164
6770 2 2 10 4 3177 3446 2223
6771 2 2 10 4 1699 3317 2071
6772 2 2 10 4 2104 3373 1930
6773 2 2 10 4 3296 3336 1167
6774 2 2 10 4 1692 3367 2852
6775 2 2 10 4 361 3443 3000
6776 2 2 10 4 293 3330 2945
6777 2 2 10 4 3213 3372 1324
6778 2 2 10 4 3234 3235 1135
6779 2 2 10 4 2796 3442 2417
6780 2 2 10 4 2833 3445 2219
6781 2 2 10 4 2661 3343 1363
6782 2 2 10 4 1821 3347 1369
6783 2 2 10 4 682 3375 680
6784 2 2 10 4 2976 3349 1845
6785 2 2 10 4 1935 3401 3071
6786 2 2 10 4 1108 3265 3233
6787 2 2 10 4 1874 3306 1796
6788 2 2 10 4 875 3389 876
6789 2 2 10 4 1864 3379 2992
6790 2 2 10 4 1798 3428 2929
6791 2 2 10 4 1870 3449 3018
6792 2 2 10 4 1108 3233 3159
6793 2 2 10 4 1645 3205 3042
6794 2 2 10 4 1477 3366 1476
6795 2 2 10 4 2201 3437 3028
6796 2 2 10 4 1200 3415 1025
6797 2 2 10 4 1944 3426 3354
6798 2 2 10 4 2159 3190 3166
6799 2 2 10 4 3107 3141 731
6800 2 2 10 4 1797 3402 3044
6801 2 2 10 4 3151 3453 1381
6802 2 2 10 4 3053 3264 289
6803 2 2 10 4 1356 3370 2939
6804 2 2 10 4 2009 3316 3075
6805 2 2 10 4 2961 3291 1542
6806 2 2 10 4 2064 3313 2902
6807 2 2 10 4 1796 3306 2986
6808 2 2 10 4 2119 3198 3101
6809 2 2 10 4 2877 3403 1807
6810 2 2 10 4 2176 3452 1820
6811 2 2 10 4 291 3326 3003
6812 2 2 10 4 3035 3383 349
6813 2 2 10 4 2916 3291 2961
6814 2 2 10 4 3158 3259 1464
6815 2 2 10 4 1972 3432 3295
6816 2 2 10 4 2099 3432 1972
6817 2 2 10 4 3143 3285 2135
6818 2 2 10 4 1890 3235 3234
6819 2 2 10 4 2075 3299 2950
6820 2 2 10 4 2950 3299 2060
6821 2 2 10 4 922 3451 2952
6822 2 2 10 4 3072 3289 1700
6823 2 2 10 4 2199 3363 3307
6824 2 2 10 4 1716 3304 3101
6825 2 2 10 4 1449 3175 3142
6826 2 2 10 4 2060 3299 3124
6827 2 2 10 4 2819 3431 782
6828 2 2 10 4 1990 3414 3004
6829 2 2 10 4 3041 3365 2106
6830 2 2 10 4 1042 3350 2868
6831 2 2 10 4 2295 3309 3138
6832 2 2 10 4 2858 3453 1911
6833 2 2 10 4 2870 3339 1051
6834 2 2 10 4 330 3368 3220
6835 2 2 10 4 2882 3376 1817
6836 2 2 10 4 1476 3366 3156
6837 2 2 10 4 266 3396 3007
6838 2 2 10 4 2902 3313 1534
6839 2 2 10 4 2061 3372 3213
6840 2 2 10 4 1072 3376 2882
6841 2 2 10 4 2254 3346 3096
6842 2 2 10 4 1324 3372 2860
6843 2 2 10 4 2716 3453 3151
6844 2 2 10 4 3339 3425 1051
6845 2 2 10 4 2216 3386 2885
6846 2 2 10 4 1480 3300 3126
6847 2 2 10 4 3121 3284 2118
6848 2 2 10 4 2152 3292 3108
6849 2 2 10 4 3129 3293 2571
6850 2 2 10 4 3031 3342 1465
6851 2 2 10 4 1787 3338 3080
6852 2 2 10 4 2223 3333 3110
6853 2 2 10 4 3154 3455 1935
6854 2 2 10 4 591 3433 3221
6855 2 2 10 4 3095 3416 333
6856 2 2 10 4 3076 3395 1968
6857 2 2 10 4 2687 3395 3076
6858 2 2 10 4 1051 3425 2866
6859 2 2 10 4 3071 3401 2156
6860 2 2 10 4 3231 3431 2819
6861 2 2 10 4 3224 3365 2008
6862 2 2 10 4 2916 3419 3291
6863 2 2 10 4 1873 3341 3279
6864 2 2 10 4 926 3303 3276
6865 2 2 10 4 2080 3448 3172
6866 2 2 10 4 2048 3345 3268
6867 2 2 10 4 3268 3345 1894
6868 2 2 10 4 2929 3428 967
6869 2 2 10 4 3238 3370 2330
6870 2 2 10 4 1908 3417 3094
6871 2 2 10 4 643 3454 3168
6872 2 2 10 4 2385 3455 3069
6873 2 2 10 4 431 3419 2916
6874 2 2 10 4 3080 3338 585
6875 2 2 10 4 1726 3424 3084
6876 2 2 10 4 2045 3322 3243
6877 2 2 10 4 2269 3283 3221
6878 2 2 10 4 3265 3408 2082
6879 2 2 10 4 3109 3397 332
6880 2 2 10 4 3172 3423 1406
6881 2 2 10 4 3305 3373 989
6882 2 2 10 4 2160 3369 3295
6883 2 2 10 4 2259 3425 3339
6884 2 2 10 4 3164 3363 264
6885 2 2 10 4 3046 3454 2740
6886 2 2 10 4 3243 3322 1778
6887 2 2 10 4 3291 3419 2619
6888 2 2 10 4 3105 3449 1870
6889 2 2 10 4 2939 3370 3238
6890 2 2 10 4 2264 3380 3174
6891 2 2 10 4 3222 3360 2059
6892 2 2 10 4 876 3436 3181
6893 2 2 10 4 3279 3341 2517
6894 2 2 10 4 3295 3369 1973
6895 2 2 10 4 3248 3406 682
6896 2 2 10 4 3313 3411 2276
6897 2 2 10 4 324 3449 3105
6898 2 2 10 4 2056 3443 3385
6899 2 2 10 4 2169 3436 3389
6900 2 2 10 4 2054 3418 3307
6901 2 2 10 4 3181 3436 1974
6902 2 2 10 4 3172 3448 3423
6903 2 2 10 4 3307 3418 2200
6904 2 2 10 4 2064 3411 3313
6905 2 2 10 4 1872 3448 3187
6906 2 2 10 4 2064 3429 3411
6907 2 2 10 4 3399 3415 1200
6908 2 2 10 4 3423 3448 1872
6909 2 2 10 4 3385 3443 361
6910 2 2 10 4 3389 3436 876
6911 2 2 10 4 3411 3429 683
6912 2 2 10 4 2252 3415 3399
$EndElements
