$MeshFormat
2.2 0 8
$EndMeshFormat
$PhysicalNames
5
1 1 "topo"
1 2 "base"
1 3 "lados"
1 4 "furos"
2 10 "aleta"
$EndPhysicalNames
$Nodes
2707
1 -2 0 0
2 2 0 0
3 -3 3.5 0
4 3 3.5 0
5 -1.35 1.75 0
6 1.65 1.75 0
7 -1.904761904761905 0 0
8 -1.80952380952381 0 0
9 -1.714285714285714 0 0
10 -1.619047619047619 0 0
11 -1.523809523809524 0 0
12 -1.428571428571429 0 0
13 -1.333333333333333 0 0
14 -1.238095238095239 0 0
15 -1.142857142857143 0 0
16 -1.047619047619049 0 0
17 -0.9523809523809534 0 0
18 -0.8571428571428585 0 0
19 -0.7619047619047636 0 0
20 -0.6666666666666687 0 0
21 -0.5714285714285736 0 0
22 -0.4761904761904787 0 0
23 -0.3809523809523836 0 0
24 -0.2857142857142887 0 0
25 -0.1904761904761936 0 0
26 -0.0952380952380989 0 0
27 -3.774758283725532e-15 0 0
28 0.09523809523809135 0 0
29 0.1904761904761862 0 0
30 0.2857142857142811 0 0
31 0.380952380952376 0 0
32 0.4761904761904709 0 0
33 0.5714285714285658 0 0
34 0.6666666666666607 0 0
35 0.7619047619047561 0 0
36 0.857142857142851 0 0
37 0.9523809523809459 0 0
38 1.047619047619041 0 0
39 1.142857142857136 0 0
40 1.238095238095232 0 0
41 1.333333333333328 0 0
42 1.428571428571424 0 0
43 1.52380952380952 0 0
44 1.619047619047616 0 0
45 1.714285714285712 0 0
46 1.809523809523808 0 0
47 1.904761904761904 0 0
48 -2.973684210526316 3.407894736842105 0
49 -2.947368421052631 3.31578947368421 0
50 -2.921052631578947 3.223684210526315 0
51 -2.894736842105263 3.13157894736842 0
52 -2.868421052631579 3.039473684210526 0
53 -2.842105263157894 2.947368421052631 0
54 -2.81578947368421 2.855263157894735 0
55 -2.789473684210526 2.763157894736841 0
56 -2.763157894736842 2.671052631578946 0
57 -2.736842105263158 2.578947368421051 0
58 -2.710526315789473 2.486842105263157 0
59 -2.684210526315789 2.394736842105261 0
60 -2.657894736842104 2.302631578947366 0
61 -2.63157894736842 2.210526315789472 0
62 -2.605263157894736 2.118421052631577 0
63 -2.578947368421052 2.026315789473681 0
64 -2.552631578947368 1.934210526315787 0
65 -2.526315789473684 1.842105263157893 0
66 -2.499999999999999 1.749999999999998 0
67 -2.473684210526315 1.657894736842103 0
68 -2.447368421052631 1.565789473684208 0
69 -2.421052631578947 1.473684210526314 0
70 -2.394736842105263 1.381578947368419 0
71 -2.368421052631579 1.289473684210525 0
72 -2.342105263157894 1.19736842105263 0
73 -2.31578947368421 1.105263157894736 0
74 -2.289473684210526 1.013157894736841 0
75 -2.263157894736842 0.9210526315789469 0
76 -2.236842105263158 0.8289473684210518 0
77 -2.210526315789473 0.7368421052631575 0
78 -2.184210526315789 0.6447368421052628 0
79 -2.157894736842105 0.5526315789473681 0
80 -2.131578947368421 0.4605263157894735 0
81 -2.105263157894737 0.3684210526315788 0
82 -2.078947368421052 0.2763157894736836 0
83 -2.052631578947368 0.1842105263157894 0
84 -2.026315789473684 0.09210526315789513 0
85 2.026315789473684 0.09210526315789493 0
86 2.052631578947369 0.1842105263157898 0
87 2.078947368421053 0.2763157894736847 0
88 2.105263157894737 0.3684210526315796 0
89 2.131578947368421 0.4605263157894745 0
90 2.157894736842106 0.5526315789473695 0
91 2.18421052631579 0.6447368421052644 0
92 2.210526315789474 0.7368421052631594 0
93 2.236842105263158 0.828947368421054 0
94 2.263157894736842 0.9210526315789488 0
95 2.289473684210527 1.013157894736844 0
96 2.315789473684211 1.105263157894739 0
97 2.342105263157896 1.197368421052634 0
98 2.36842105263158 1.289473684210528 0
99 2.394736842105264 1.381578947368423 0
100 2.421052631578948 1.473684210526318 0
101 2.447368421052632 1.565789473684213 0
102 2.473684210526316 1.657894736842107 0
103 2.500000000000001 1.750000000000002 0
104 2.526315789473685 1.842105263157897 0
105 2.552631578947369 1.934210526315792 0
106 2.578947368421053 2.026315789473686 0
107 2.605263157894737 2.118421052631581 0
108 2.631578947368421 2.210526315789475 0
109 2.657894736842106 2.30263157894737 0
110 2.68421052631579 2.394736842105264 0
111 2.710526315789474 2.486842105263159 0
112 2.736842105263158 2.578947368421053 0
113 2.763157894736842 2.671052631578948 0
114 2.789473684210527 2.763157894736842 0
115 2.815789473684211 2.855263157894737 0
116 2.842105263157895 2.947368421052632 0
117 2.868421052631579 3.039473684210527 0
118 2.894736842105263 3.131578947368421 0
119 2.921052631578948 3.223684210526316 0
120 2.947368421052632 3.315789473684211 0
121 2.973684210526316 3.407894736842105 0
122 2.903225806451613 3.5 0
123 2.806451612903226 3.5 0
124 2.709677419354838 3.5 0
125 2.612903225806451 3.5 0
126 2.516129032258064 3.5 0
127 2.419354838709676 3.5 0
128 2.322580645161289 3.5 0
129 2.225806451612902 3.5 0
130 2.129032258064514 3.5 0
131 2.032258064516127 3.5 0
132 1.935483870967739 3.5 0
133 1.838709677419352 3.5 0
134 1.741935483870964 3.5 0
135 1.645161290322577 3.5 0
136 1.54838709677419 3.5 0
137 1.451612903225802 3.5 0
138 1.354838709677415 3.5 0
139 1.258064516129027 3.5 0
140 1.16129032258064 3.5 0
141 1.064516129032252 3.5 0
142 0.9677419354838648 3.5 0
143 0.8709677419354773 3.5 0
144 0.7741935483870899 3.5 0
145 0.6774193548387024 3.5 0
146 0.580645161290315 3.5 0
147 0.4838709677419275 3.5 0
148 0.38709677419354 3.5 0
149 0.2903225806451526 3.5 0
150 0.1935483870967651 3.5 0
151 0.09677419354837768 3.5 0
152 -1.021405182655144e-14 3.5 0
153 -0.09677419354839722 3.5 0
154 -0.1935483870967842 3.5 0
155 -0.2903225806451704 3.5 0
156 -0.3870967741935574 3.5 0
157 -0.4838709677419444 3.5 0
158 -0.5806451612903314 3.5 0
159 -0.6774193548387175 3.5 0
160 -0.7741935483871045 3.5 0
161 -0.8709677419354915 3.5 0
162 -0.9677419354838777 3.5 0
163 -1.064516129032264 3.5 0
164 -1.161290322580651 3.5 0
165 -1.258064516129038 3.5 0
166 -1.354838709677424 3.5 0
167 -1.451612903225811 3.5 0
168 -1.548387096774198 3.5 0
169 -1.645161290322585 3.5 0
170 -1.741935483870972 3.5 0
171 -1.838709677419359 3.5 0
172 -1.935483870967746 3.5 0
173 -2.032258064516132 3.5 0
174 -2.129032258064519 3.5 0
175 -2.225806451612906 3.5 0
176 -2.322580645161293 3.5 0
177 -2.419354838709679 3.5 0
178 -2.516129032258066 3.5 0
179 -2.612903225806453 3.5 0
180 -2.709677419354839 3.5 0
181 -2.806451612903226 3.5 0
182 -2.903225806451613 3.5 0
183 -1.354712525830705 1.787303483074728 0
184 -1.36855399799342 1.822263051115257 0
185 -1.390654705886788 1.852682065889303 0
186 -1.41962598075315 1.876649188825302 0
187 -1.453647450843758 1.892658477444273 0
188 -1.490581422070603 1.899704009264241 0
189 -1.528107197187858 1.897343087609303 0
190 -1.56386689373476 1.885724057869903 0
191 -1.595613598462303 1.865576986416369 0
192 -1.621352549156242 1.838167787843872 0
193 -1.639466472883238 1.805218682902702 0
194 -1.648817205197172 1.768799985034646 0
195 -1.648817205197172 1.731200014965355 0
196 -1.639466472883238 1.694781317097299 0
197 -1.621352549156242 1.66183221215613 0
198 -1.595613598462304 1.634423013583632 0
199 -1.563866893734761 1.614275942130097 0
200 -1.528107197187859 1.602656912390697 0
201 -1.490581422070603 1.600295990735759 0
202 -1.453647450843758 1.607341522555727 0
203 -1.419625980753151 1.623350811174698 0
204 -1.390654705886788 1.647317934110697 0
205 -1.36855399799342 1.677736948884743 0
206 -1.354712525830705 1.712696516925272 0
207 1.645287474169295 1.787303483074728 0
208 1.63144600200658 1.822263051115257 0
209 1.609345294113212 1.852682065889303 0
210 1.58037401924685 1.876649188825302 0
211 1.546352549156242 1.892658477444273 0
212 1.509418577929397 1.899704009264241 0
213 1.471892802812142 1.897343087609303 0
214 1.43613310626524 1.885724057869903 0
215 1.404386401537697 1.865576986416369 0
216 1.378647450843758 1.838167787843872 0
217 1.360533527116762 1.805218682902702 0
218 1.351182794802828 1.768799985034646 0
219 1.351182794802828 1.731200014965355 0
220 1.360533527116762 1.694781317097299 0
221 1.378647450843758 1.66183221215613 0
222 1.404386401537696 1.634423013583632 0
223 1.436133106265239 1.614275942130097 0
224 1.471892802812141 1.602656912390697 0
225 1.509418577929397 1.600295990735759 0
226 1.546352549156242 1.607341522555727 0
227 1.580374019246849 1.623350811174698 0
228 1.609345294113212 1.647317934110697 0
229 1.63144600200658 1.677736948884743 0
230 1.645287474169295 1.712696516925272 0
231 0.05041593094805964 0.07696816415096563 0
232 0.04850048265105498 3.41602096284281 0
233 -0.4311073867148081 0.07691297931115981 0
234 -0.4357676269059051 3.416036668979768 0
235 0.5265491315486887 0.07150420811274794 0
236 0.533585603228109 3.416531419103136 0
237 -0.8231161961239453 3.415972348132263 0
238 0.9143410050357272 0.07883362564539564 0
239 -0.9128499322359299 0.07526169256618331 0
240 0.9216501814735321 3.417029705848055 0
241 -1.887096774193552 3.416191089956345 0
242 -1.292530051482491 0.07707148745874859 0
243 1.298355363579405 0.0697766846850556 0
244 -1.209677419354845 3.416191089956345 0
245 1.794795552395856 3.418124669803193 0
246 1.309714801109547 3.417520890119639 0
247 2.584251779523934 2.379376749295634 0
248 -2.579234957630586 2.374486161839501 0
249 -2.106133691845371 0.7042720527113622 0
250 2.121429471170312 0.7107347566112669 0
251 2.488427115154784 2.002609807431095 0
252 -2.483039656293724 1.999883905921296 0
253 -2.217332092617339 1.079623677233557 0
254 2.221071824673302 1.081274020617953 0
255 2.182860134491761 3.418599386854044 0
256 -2.692703406324992 2.74240937405311 0
257 2.69076804366321 2.73438055556955 0
258 2.406471081174486 1.715618718450288 0
259 -2.408812306664045 1.718867926281567 0
260 -1.596774193548391 3.416191089956345 0
261 -2.177419354838712 3.416191089956345 0
262 -2.287418150040667 1.364849881070804 0
263 2.29345401604516 1.34699990227396 0
264 2.04366250179089 0.4464290120646102 0
265 -2.043577460046107 0.4495765679708132 0
266 1.571428571428568 0.08247860988423272 0
267 -1.563413914728021 0.07971130254577274 0
268 2.473908559839928 3.418950498619962 0
269 -2.467741935483872 3.416191089956345 0
270 -2.775497660177749 3.016211194836432 0
271 2.775497660177749 3.016211194836433 0
272 -2.661290322580645 3.416191089956345 0
273 2.666177924788963 3.417908936962283 0
274 -0.1451612903225907 3.416191089956345 0
275 0.2425406495411846 3.416152322765307 0
276 -0.6294419108147264 3.416004164910692 0
277 1.600763255011531 3.417884531027629 0
278 0.7276178655433708 3.416781433930488 0
279 1.115682493339751 3.41727619609407 0
280 -1.403225806451618 3.416191089956345 0
281 -1.016129032258071 3.416191089956345 0
282 1.988827845567295 3.418362960172278 0
283 1.989091753656545 0.2491283915757831 0
284 2.537102287114162 2.185057624368178 0
285 2.644714741565434 2.557746127700297 0
286 -2.536878617225589 2.180536963955934 0
287 2.354445028598803 1.542526984310119 0
288 -1.988346971235504 0.2444067145590458 0
289 -2.170234502283013 0.8977901422048533 0
290 -2.355060704231371 1.54156456388586 0
291 -2.63543663219297 2.55943799573857 0
292 2.168214787887396 0.9018207570404828 0
293 -0.1389206103240289 0.07486893579634235 0
294 -1.101491079437604 0.07750746258192653 0
295 -0.619564888425099 0.07539027986044311 0
296 0.7223574309581804 0.07851729065538149 0
297 0.240921355940792 0.07649855249017712 0
298 1.106324704872383 0.07909489090575361 0
299 1.745779722612598 0.07003213554778576 0
300 -1.773437672409422 0.07818853653588409 0
301 -2.828129239125117 3.200421721152219 0
302 2.829736644901496 3.198274834253533 0
303 2.837184767666587 3.424745705995294 0
304 -2.83718476766659 3.424745705995294 0
305 -0.04848999234597729 3.415883445715888 0
306 5.453807331112344e-05 3.331646125085742 0
307 0.09734840204758513 3.331740985337003 0
308 0.04891964820041128 3.247380193917484 0
309 -0.04855726192376296 3.247150978099524 0
310 0.0003753858418285044 3.162876698479785 0
311 0.09787255423987642 3.163103061621644 0
312 0.04931820478945575 3.078559839345381 0
313 -0.04818173299904709 3.078336896409244 0
314 0.0007612932013900506 2.994011931558747 0
315 -0.0967388040563244 2.993789598306698 0
316 -0.04779581446254635 2.909463401585189 0
317 0.0497040307032605 2.909686042474242 0
318 0.001146937827331503 2.825137433986867 0
319 -0.1452955699664834 2.909240757131871 0
320 0.0986467287828917 2.825360103012464 0
321 0.05008964408000463 2.740811496227546 0
322 0.1475893914461172 2.7410341486448 0
323 0.09903233513772351 2.656485559476172 0
324 0.1965320815194056 2.656708213571459 0
325 0.1479750309297231 2.572159628780267 0
326 0.05047528530692776 2.571936975185574 0
327 0.09941798186342342 2.487611045234997 0
328 0.00191823609702408 2.487388391499881 0
329 0.05086093275242316 2.403062461646016 0
330 -0.04663881301707226 2.402839807907873 0
331 0.002303883658169461 2.318513878073411 0
332 -0.09519586211240963 2.318291224334209 0
333 -0.04625316543395055 2.233965294502896 0
334 0.05124658033675333 2.234187948242217 0
335 0.002689531245666383 2.149639364672713 0
336 0.2454747769500193 2.572382282723043 0
337 -0.09481021452486336 2.149416710933558 0
338 -0.04586751784527897 2.065090781103344 0
339 0.05163222792522273 2.065313434842473 0
340 0.003075178834297898 1.980764851273123 0
341 -0.09442456693620258 1.980542197533996 0
342 -0.04548187025662 1.896216267703781 0
343 0.05201787551388154 1.896438921442909 0
344 0.003460826422963412 1.811890337873566 0
345 -0.09403891934753819 1.811667684134437 0
346 0.1009605721934651 1.812112991612694 0
347 -0.04509622266795461 1.727341754304223 0
348 -0.1425959684384562 1.727119100565094 0
349 -0.09365327175887266 1.64279317073488 0
350 -0.1911530175293742 1.642570516995751 0
351 -0.1422103208497906 1.558244587165537 0
352 -0.2397100666202922 1.558021933426408 0
353 -0.2886527632998759 1.642347863256623 0
354 -0.3372098123907939 1.55779927968728 0
355 -0.2882671157112102 1.473473349857065 0
356 -0.3857668614817119 1.473250696117937 0
357 -0.3861525090703775 1.642125209517495 0
358 -0.3368241648021283 1.388924766287722 0
359 -0.43432391057263 1.388702112548594 0
360 -0.3853812138930464 1.304376182718379 0
361 -0.482880959663548 1.304153528979251 0
362 -0.5318236563431316 1.388479458809466 0
363 -0.5803807054340496 1.303930875240122 0
364 -0.5314380087544661 1.219604945409908 0
365 -0.6289377545249675 1.219382291670779 0
366 -0.5799950578453841 1.135056361840565 0
367 -0.6774948036158857 1.134833708101436 0
368 -0.6293234021136334 1.388256805070337 0
369 -0.2878814681225447 1.304598836457508 0
370 -0.04471057507928893 1.558467240904665 0
371 0.2940318260825572 2.656930866326398 0
372 0.3429745225609278 2.572604936332087 0
373 0.3915315716377117 2.6571535144186 0
374 0.4404742682689377 2.572827589108382 0
375 0.4890313173619069 2.657376167056108 0
376 0.5379740140213071 2.573050242503439 0
377 0.5865310631091976 2.657598826015445 0
378 0.6354737597849198 2.573272897055268 0
379 0.5869167106933568 2.48872431363091 0
380 0.6844164564626061 2.48894696752967 0
381 0.7329735055533113 2.573495551125627 0
382 0.7819159986994333 2.489258748203913 0
383 0.7340590142636022 2.404646020013285 0
384 0.8304732174011821 2.573733059409152 0
385 0.879415611200572 2.489539760353657 0
386 0.9279729353063513 2.573967915307454 0
387 0.9769155336484079 2.489685047334463 0
388 1.025472705878853 2.574179708280064 0
389 1.070535749053279 2.492080092300902 0
390 1.122325867388749 2.574762617095997 0
391 1.170632400209523 2.479770234842032 0
392 1.220150666680107 2.572956561481599 0
393 1.269414931084831 2.49028289008056 0
394 1.317918385554886 2.574556097245045 0
395 1.367339099674667 2.48746703315684 0
396 1.41553353064599 2.574501812877758 0
397 1.464928815801825 2.487137112101097 0
398 1.513067504696034 2.574586214466679 0
399 1.562519480016167 2.486282625659519 0
400 1.610588108253766 2.574606302817327 0
401 1.025858390452918 2.405288999032938 0
402 -0.628552106936302 1.050507778271222 0
403 -0.7260518527068036 1.050285124532093 0
404 -0.7749945493863873 1.134611054362308 0
405 -0.8235515984773052 1.050062470792965 0
406 -0.8724942951568889 1.134388400623179 0
407 -0.9210513442478068 1.049839817053836 0
408 1.44057787595564 1.923334296919305 0
409 1.660040476773776 2.48629351672035 0
410 1.708094872153324 2.574759901878666 0
411 -0.7746089017977218 0.9657365409627505 0
412 -0.9699940409273907 1.13416574688405 0
413 -1.018551090018308 1.049617163314707 0
414 1.757041360136354 2.490423984518719 0
415 1.80547070902825 2.575944742345597 0
416 -1.067493786697892 1.133943093144921 0
417 -1.11605083578881 1.049394509575578 0
418 -1.067108139109226 0.9650685797453642 0
419 -1.164607884879727 0.9648459260062352 0
420 -1.213550581559312 1.049171855836449 0
421 -1.262107630650229 0.9646232722671055 0
422 -1.311050327329813 1.04894920209732 0
423 -1.417324633497116 1.586768006605439 0
424 -1.018936737606974 1.218491676714264 0
425 -0.1441385587920056 2.402617154164412 0
426 -1.35960737642073 0.9644006185279766 0
427 -1.408550073100315 1.048726548358191 0
428 -1.213164933970645 0.880297342436891 0
429 1.464055081316993 2.659395564096263 0
430 -0.5310523611658003 1.050730432010351 0
431 0.9765300344259826 2.658494591365286 0
432 1.756548663831253 2.660110307721174 0
433 1.854031200032925 2.66046659850584 0
434 1.854434689074345 2.491456783472467 0
435 1.805901731888022 2.405358969062616 0
436 -1.457107122191232 0.9641779647888473 0
437 -1.506049818870816 1.048503894619061 0
438 1.903367212160367 2.406980667864122 0
439 1.854826390532104 2.320883305748506 0
440 1.572899959660606 1.917686210177515 0
441 0.537588366423049 2.74192475713637 0
442 1.805089077005627 2.744788073767864 0
443 1.902584807210068 2.745041909484292 0
444 1.323812219318584 2.40337300145057 0
445 1.952145211346349 2.322501027261362 0
446 1.902909397552774 2.2385720164401 0
447 2.000855848157936 2.407515536424317 0
448 -1.554606867961733 0.9639553110497175 0
449 -1.505664171282149 0.8796293812195035 0
450 -1.603549564641318 1.048281240879932 0
451 -1.554978734416959 1.126795086329709 0
452 -1.511388927758752 1.568978177014983 0
453 -1.651505651695857 1.131532527680839 0
454 1.853642779791487 2.829362642318287 0
455 1.95114196784448 2.829589626887604 0
456 1.808604708082408 2.236289794194982 0
457 1.862168810543418 2.160013253270895 0
458 1.950328498837273 2.15754815760745 0
459 1.900314772024661 2.069921574219402 0
460 1.646987702557952 1.858678535175982 0
461 -1.603163917052651 0.8794067274803736 0
462 -1.554221220373065 0.7950807976501599 0
463 1.994691926450219 2.076819524026114 0
464 1.952428723609619 1.996032572353938 0
465 -0.1942387147901171 2.993568118451106 0
466 -0.2427953448547403 2.909018300983745 0
467 -0.2917381959691263 2.993345212730399 0
468 -0.3402950513814718 2.908795638576884 0
469 -0.3892380465630556 2.993123209020536 0
470 -0.4377948080828845 2.908573092129435 0
471 -0.4867383824048256 2.99290314447085 0
472 -0.535295297336895 2.908353112013594 0
473 -0.4863519354121353 2.824024716541077 0
474 -0.5838516941374131 2.82380209801308 0
475 -0.5349088891729648 2.739475762761649 0
476 -0.6324086189701685 2.739253047868476 0
477 -0.5834659020110933 2.654927039926362 0
478 -0.6809656416545137 2.654704363523881 0
479 -0.6320229410040366 2.570378416548436 0
480 -0.7295226850065931 2.57015575672218 0
481 -0.7784653808747765 2.654481685738131 0
482 -0.8270224287719521 2.56993309602673 0
483 -0.7806410976447462 2.482244215673449 0
484 -0.8778384461277942 2.480342688774242 0
485 -0.9248986691683239 2.568870138888055 0
486 -0.975173074449443 2.479315401131844 0
487 -0.9260262475843344 2.3938177371978 0
488 -1.022433644469238 2.568373329329925 0
489 -1.07057896992448 2.484939206470967 0
490 -1.119590286779807 2.569079393198806 0
491 -1.168102894767991 2.490265440988196 0
492 -1.217036878486731 2.56993634083521 0
493 -1.265837385385201 2.485420109028864 0
494 -1.314566889388664 2.569123174686775 0
495 -1.363078207240076 2.484271247045204 0
496 -1.412028525362709 2.568647734570145 0
497 -1.460579223338536 2.484057020135772 0
498 -1.509522131222703 2.568384354637855 0
499 -1.558079282473626 2.484321603560192 0
500 -1.607020905903125 2.568236119791931 0
501 -1.655579276054466 2.484349078205611 0
502 -1.704520531127914 2.568067557663898 0
503 -1.465923682354004 1.92629574399176 0
504 -1.753077918075878 2.483684508204575 0
505 -1.802020072850192 2.567780266881105 0
506 -1.753462933009935 2.652290488244114 0
507 -1.850962629734961 2.652050668510562 0
508 -1.460965116900754 2.652933171971791 0
509 -1.071044673953052 2.65359701923704 0
510 -1.850577088450724 2.483220910669039 0
511 -1.801634239936335 2.398832051205599 0
512 -1.557937731005993 1.923377126626149 0
513 -1.21051011918058 2.397467361481692 0
514 -1.802405556913113 2.736589997032392 0
515 -1.899905290641664 2.736362940333517 0
516 -1.899134011100087 2.398619886285918 0
517 -1.850515173973965 2.314097236187473 0
518 -0.6327952694533622 2.908132919118594 0
519 -1.947745045648057 2.314029309808557 0
520 -1.899800695508334 2.229131693286471 0
521 -1.996642757778628 2.398378831138997 0
522 -1.51170167486527 2.399819655249754 0
523 -1.851348235156806 2.820909247220931 0
524 -1.94884797794211 2.820685480755433 0
525 -1.996394448251557 2.229417488488217 0
526 -1.94864754645761 2.144670304077069 0
527 -1.636959316288777 1.871334436891014 0
528 -1.811099274700298 2.233056391563347 0
529 1.902199289755472 2.913915412356808 0
530 1.999698905391889 2.914139076622988 0
531 2.048641620662064 2.829813002431772 0
532 2.09719865426082 2.914361706301959 0
533 1.804699547083401 2.913692734557503 0
534 2.146141351456818 2.830035772461721 0
535 2.194698397503748 2.914584379668411 0
536 -1.90029092685621 2.905233499076006 0
537 -1.997790671884131 2.905010566221597 0
538 -2.046347721368936 2.820461936330929 0
539 -2.095290417141165 2.90478771791383 0
540 -1.80279118083816 2.90545605805937 0
541 -2.143847466664155 2.820239102114269 0
542 -2.192790162747784 2.904565002065143 0
543 -1.651720966143566 0.7948581439110294 0
544 -1.60277826946398 0.7105322140808159 0
545 -1.505278523693479 0.7107548678199465 0
546 -1.553835572784395 0.6262062842506024 0
547 -1.456335827013893 0.6264289379897328 0
548 -1.59528320189541 1.215456369790762 0
549 -1.699364822484834 1.217052568277337 0
550 -1.747721867799437 1.133330484780184 0
551 -1.793133731725058 1.217266347623676 0
552 -1.74816545098837 1.29768826346457 0
553 -1.593904545888536 1.593190023488206 0
554 -1.839343263459686 1.2956288769765 0
555 -1.675681356566691 1.704892694303472 0
556 -1.789581552098548 1.377161912238138 0
557 -1.878242987789531 1.37260707028974 0
558 -1.838450524521804 1.447400410196506 0
559 -1.915044541697976 1.445824789047916 0
560 -1.874308979101828 1.512085478897537 0
561 -1.952275486294372 1.514489799987041 0
562 -1.901632993115287 1.584843933692579 0
563 -1.679671862782841 1.79153999320169 0
564 -1.990494618954971 1.583744400196153 0
565 -1.947251608762107 1.649274030342448 0
566 -2.24134721232904 2.820016408342096 0
567 -2.29028990847428 2.904342331700386 0
568 2.039974673276155 1.998979658228194 0
569 1.994908225465758 1.921832409152301 0
570 1.679949501077004 1.772732908622746 0
571 2.2436410943101 2.830258448853881 0
572 2.292198142854402 2.914807036667782 0
573 2.089380069392984 2.078655625329167 0
574 -2.04490773943516 2.145033432740374 0
575 -1.504892876104809 0.5418803544203885 0
576 -1.407393130334307 0.54210300815952 0
577 -1.602392621875312 0.541657700681256 0
578 -2.04673336746723 2.9893362764279 0
579 -1.996019412294324 2.062023401080141 0
580 -2.029023305424598 1.653601571659756 0
581 1.762956640400608 2.156750301466327 0
582 -1.357554847205853 1.137219711506605 0
583 -1.898473491668469 2.061651829456012 0
584 -2.093804869143256 2.229291019764344 0
585 0.1468175964284116 3.078782169809405 0
586 -0.5345231936191515 2.570601063616986 0
587 -0.193852578450364 2.824692164897747 0
588 0.1961464801993749 2.82558277133215 0
589 0.2944174734364783 2.48805635273539 0
590 -2.24173285886251 2.988890913843688 0
591 -2.33923260462632 2.988668257643192 0
592 -1.85173387588041 2.989781566117168 0
593 -1.754234130216555 2.99000425988725 0
594 2.195084045240318 2.745709865120478 0
595 1.518987707473274 2.392298036902267 0
596 -0.579609410256718 0.9661818484410077 0
597 -0.4821096644862163 0.9664045021801362 0
598 -0.5306667135771339 0.881855918610793 0
599 -0.4331669678066322 0.8820785723499218 0
600 -0.4817240168975496 0.7975299887805787 0
601 -0.384224271127048 0.7977526425197077 0
602 -0.4327813202179653 0.7132040589503641 0
603 -0.3352815744474636 0.7134267126894933 0
604 -0.2867245253565464 0.7979752962588371 0
605 -0.2377818286769619 0.7136493664286232 0
606 -0.1892247795860447 0.7981979499979666 0
607 -0.1402820829064604 0.7138720201677526 0
608 -0.09172503381554309 0.798420603737096 0
609 -0.04278233713595856 0.7140946739068821 0
610 0.005774711954958568 0.7986432574762254 0
611 0.05471740863454307 0.7143173276460115 0
612 0.1032744577254602 0.7988659112153549 0
613 0.1522171544050447 0.7145399813851414 0
614 0.2007742034959619 0.7990885649544841 0
615 0.2497169001755466 0.7147626351242711 0
616 0.2982739492664634 0.799311218693614 0
617 0.3472166459460484 0.7149852888634007 0
618 0.3957736950369651 0.7995338724327445 0
619 0.3468309983573797 0.8838598022629576 0
620 0.4443307441278812 0.8840824560020886 0
621 0.4932734408074668 0.7997565261718751 0
622 0.5418304898983829 0.8843051097412196 0
623 0.4928877932187974 0.9686310395714328 0
624 0.5903875389892989 0.9688536933105639 0
625 0.6393302356688846 0.8845277634803499 0
626 0.6878872847598004 0.9690763470496946 0
627 0.6389445880802147 1.053402276879908 0
628 0.7364443338507164 1.053624930619039 0
629 0.785387030530302 0.9692990007888256 0
630 0.6875016371711304 1.137950860449253 0
631 0.8339440796212183 1.05384758435817 0
632 0.8828867763008034 0.9695216545279546 0
633 0.9314438253917201 1.0540702380973 0
634 0.9803865220713051 0.9697443082670841 0
635 1.028943571162222 1.05429289183643 0
636 1.077886267841807 0.9699669620062149 0
637 0.9800008744826368 1.138618821666644 0
638 1.126443316932724 1.05451554557556 0
639 1.175386013612309 0.9701896157453442 0
640 1.223943062703226 1.05473819931469 0
641 1.27288575938281 0.9704122694844751 0
642 1.321442808473727 1.054960853053819 0
643 1.443950579617043 1.577497621619157 0
644 1.029329218750891 0.8854183784368674 0
645 1.366094602637064 0.973099229014782 0
646 1.413414447423981 1.058646307525499 0
647 1.32111330564302 0.8864970572861242 0
648 -0.5302810659884668 0.7129814052112349 0
649 1.428449102128066 0.8998674474638513 0
650 1.372172111054612 0.804088605107768 0
651 1.470027263620969 0.8034388755007782 0
652 1.420240069991751 0.7180651478640538 0
653 0.05433176104587575 0.8831918410455688 0
654 1.269808369069791 1.136404829426777 0
655 1.538667443082004 0.7229419486603741 0
656 1.565061434474917 0.8235688557687026 0
657 -0.2863388777678792 0.6291007828592794 0
658 1.46865654610115 0.6331085501636196 0
659 1.371244503759013 0.6329910077361927 0
660 0.2986595968551315 0.6304367052940569 0
661 0.006160359543625729 0.6297687440766688 0
662 1.567786881213722 0.625170957168633 0
663 1.417843157401933 0.5498817170850345 0
664 1.322238311876411 0.5485751231555547 0
665 0.3961593426256333 0.6306593590331866 0
666 0.3476022935347164 0.546110775463843 0
667 0.4451020393052181 0.5463334292029725 0
668 -0.5830802420549207 2.486052475914299 0
669 -0.1926956078836628 2.318068570594347 0
670 -1.700278015234482 0.7103095603416842 0
671 -1.749220711914068 0.7946354901718986 0
672 -0.4813383693088829 0.628655475381021 0
673 -0.5788381150793842 0.6284328216418915 0
674 -0.5298954183998001 0.5441068918116776 0
675 -0.6273951641703014 0.5438842380725473 0
676 -0.6763378608498856 0.6282101679027623 0
677 -0.7248949099408032 0.5436615843334183 0
678 -0.7738376066203873 0.6279875141636333 0
679 -0.8223946557113045 0.5434389305942899 0
680 -0.8713373523908891 0.6277648604245039 0
681 -0.919894401481806 0.5432162768551607 0
682 -0.3375954599794595 1.726673793086837 0
683 -0.4350952057499611 1.726451139347709 0
684 -0.386538156659043 1.810999722917052 0
685 -0.4840379024295446 1.810777069177924 0
686 -0.4354808533386266 1.895325652747267 0
687 -0.5329805991091282 1.895102999008138 0
688 -0.5815376482000463 1.810554415438795 0
689 -0.6304803448796299 1.89488034526901 0
690 -0.679037393970548 1.810331761699667 0
691 -1.327795734290934 1.814903696165592 0
692 -1.317523911484362 1.726943089902844 0
693 -0.7279800906501316 1.894657691529882 0
694 -0.7759456921448489 1.810452383633407 0
695 -0.826005279907797 1.894144788950376 0
696 -0.8733840489899549 1.811046519180867 0
697 -0.9227864934911693 1.892273491724565 0
698 -0.4844235500182101 1.979651582577481 0
699 -0.9788422083068736 1.812278564693093 0
700 -0.9225967634124157 1.730008465953052 0
701 -1.007603875669554 1.898892380723315 0
702 -1.380942116975336 1.889287411453896 0
703 -1.012298638818272 1.726827082556729 0
704 -1.354717250582697 1.647603718617962 0
705 -0.9671510230963547 1.654825045330853 0
706 -1.049637842914212 1.654114738581412 0
707 -0.7767342192079343 1.975437638333668 0
708 -0.9697789397296932 1.971219335820331 0
709 -1.061286260685999 1.965317300626087 0
710 -0.1406677304951278 0.8827465335673101 0
711 0.5900018914006288 1.137728206710121 0
712 0.6385589404915442 1.222276790279466 0
713 0.5410591947210425 1.222054136540334 0
714 0.5896162438119579 1.306602720109679 0
715 0.4921164980414562 1.306380066370547 0
716 0.5406735471323715 1.390928649939892 0
717 0.6368667026632364 1.391901690778716 0
718 0.5890128311833474 1.475602298025852 0
719 0.685169692540889 1.476596182950779 0
720 1.322568261632947 1.793981665854175 0
721 1.342352191263349 1.661489521275014 0
722 0.6374912428987289 1.560196043781752 0
723 0.7349778824399749 1.560426224551976 0
724 0.6862691281212296 1.644617799077579 0
725 0.7837802610208496 1.644833913081043 0
726 0.7349022974283448 1.729122666088718 0
727 0.8347947254621453 1.731074307677927 0
728 0.8828185399047271 1.64958140284805 0
729 0.7838068621380132 1.813989616294585 0
730 0.6859590468164466 1.813448914047483 0
731 0.8837175129104203 1.816016356921722 0
732 0.8325087319756947 1.898525124033781 0
733 0.9290458861125629 1.895198886170756 0
734 1.370074680000321 1.876332036088359 0
735 0.4916945562794636 1.475275423856205 0
736 0.978064286976519 1.819358925097524 0
737 1.020060556124208 1.892682262880711 0
738 0.8807421040790501 1.978919897816678 0
739 0.7833648047472029 1.982022671172986 0
740 0.1495176212843832 1.896661575182037 0
741 0.1984603179639668 1.812335645351822 0
742 0.2470173670548848 1.896884228921165 0
743 0.7909029128131848 1.472602841975146 0
744 0.6350881121946436 2.742147410660387 0
745 0.5861454202374019 2.826473343411239 0
746 0.6836451620718839 2.82669599485992 0
747 0.634702465523348 2.911021924795162 0
748 0.7322022104789863 2.911244578071001 0
749 0.5372027244979488 2.910799273814907 0
750 -1.265974307753266 2.653567947213347 0
751 -2.192404516161379 2.735690476470244 0
752 1.268966756438484 2.65883613100778 0
753 0.4435594489505408 1.221831482801202 0
754 0.3946167522709545 1.306157412631415 0
755 0.3460597031800393 1.221608829062071 0
756 0.8343297272098874 0.8849730709586068 0
757 0.2971170065004529 1.305934758892284 0
758 0.2485599574095377 1.221386175322939 0
759 0.5887830498434257 1.644358055397982 0
760 0.5857597690222894 2.995347854738454 0
761 1.853256506836228 2.998242011861684 0
762 1.755756746692452 2.998019469734992 0
763 2.048255954999204 2.998687656182307 0
764 2.243255446144112 2.999132966736368 0
765 2.340755191826603 2.999355621158935 0
766 -1.701181275345102 1.374212552828024 0
767 -2.093257649944431 2.064705269713309 0
768 -0.7734519590317207 0.4591130007640736 0
769 0.3965449902143008 0.4617848456336291 0
770 0.2990452444437994 0.4615621918944992 0
771 0.4940447359848023 0.4620074993727588 0
772 0.5426017850757197 0.5465560829421019 0
773 0.5915444817553036 0.4622301531118878 0
774 0.6401015308462216 0.5467787366812302 0
775 0.6890442275258053 0.4624528068510159 0
776 0.737601276616723 0.5470013904203592 0
777 0.7865439732963071 0.4626754605901444 0
778 0.8351010223872245 0.5472240441594878 0
779 0.8840437190668089 0.4628981143292732 0
780 0.9326007681577263 0.5474466978986172 0
781 0.9815434648373123 0.4631207680684002 0
782 1.061208630750677 1.823863554895127 0
783 1.109762942460895 1.887296922287844 0
784 1.065253654223796 1.958385526969798 0
785 1.141329177163287 1.955813947457712 0
786 1.106599047314294 2.020672893787782 0
787 1.191027430438823 2.013694188669656 0
788 1.147932596559961 2.082526166623484 0
789 1.225271528389157 2.079977484733189 0
790 1.913155234652947 1.921170165178593 0
791 1.948136472163257 1.837828819425683 0
792 2.033044014201105 1.84583388003396 0
793 1.993089707427866 1.770920003082673 0
794 -1.017009625819864 2.044547051586878 0
795 -1.10118024994589 2.041191709293809 0
796 -1.455950179425223 0.457554424590175 0
797 -1.358450433654722 0.4577770783293076 0
798 -1.309893384563806 0.5423256618986505 0
799 -1.260950687884223 0.4579997320684346 0
800 -1.008391673592212 1.583542874243733 0
801 -1.097098658743399 1.588560493244904 0
802 2.292583790528138 2.74593252260778 0
803 2.244026741360304 2.661383939635783 0
804 -1.844581042898356 1.133052586317831 0
805 -2.289904261906924 2.735467813332336 0
806 -2.240961565746428 2.651141884179998 0
807 1.371106151424049 0.4642713098234588 0
808 1.46904219368982 0.4642340367640625 0
809 -1.977024238632734 1.37360534201158 0
810 2.074370195867987 1.772267154438145 0
811 2.027617362968862 1.702009872525818 0
812 1.942993263587245 1.703923137330482 0
813 1.621218240428251 1.614314371072658 0
814 1.980554616105159 1.63637446967437 0
815 1.671433484924015 1.6852981102105 0
816 1.902883068427887 1.638360928887763 0
817 1.937034729529 1.57110465231254 0
818 1.85777505658477 1.580680684707934 0
819 1.892833504409294 1.515143541972585 0
820 1.820817157245225 1.51948416609196 0
821 1.852220421700745 1.457805254208539 0
822 1.781702706787708 1.463138651936938 0
823 1.535750958785704 1.570728480630176 0
824 1.81278395622893 1.399842548272863 0
825 1.746022804219896 1.406242090252074 0
826 1.779954254860773 1.342364346760448 0
827 1.893688277882487 1.385070219770598 0
828 1.696994210087085 1.355026182527101 0
829 1.732958009707184 1.275208337409016 0
830 2.018221612941158 1.549851682337417 0
831 -1.947772516077884 1.987211309161943 0
832 -1.866207099902078 1.982276569643766 0
833 2.135802910400099 1.996715291366476 0
834 -0.8735207360720776 1.649029674485357 0
835 -1.086702276973466 1.716906607640983 0
836 -0.5784524674907163 0.4595583082423329 0
837 -0.4809527217202153 0.4597809619814639 0
838 -1.143277754917674 1.974190560707001 0
839 -1.178092783867394 2.037079937663942 0
840 -2.290675555015684 3.073216840217246 0
841 -2.388175300785901 3.072994186449252 0
842 1.653056115768879 1.283108818630191 0
843 1.686380998648901 1.204332033831417 0
844 1.780610572918762 1.198074537575488 0
845 1.619082943889604 1.35083242202618 0
846 1.725265233807144 1.118857294629771 0
847 1.819986826455355 1.112636520431071 0
848 2.18644565853365 2.079203612662255 0
849 -2.436732350394422 2.988445603072985 0
850 2.291812495140146 3.083681551042451 0
851 2.389312240892086 3.083904204925727 0
852 2.438254937571334 2.999578275098191 0
853 -1.793675564820381 1.51964418403393 0
854 1.577038437919473 1.290313027266057 0
855 1.549312748414547 1.354816470566885 0
856 -1.061782815279297 2.120248804697048 0
857 -0.9719842932516333 2.12444983952736 0
858 0.8322815782567622 2.066085134033569 0
859 0.7348130072248416 2.066853595514857 0
860 0.4882600324762952 2.995125195737531 0
861 -1.705291434071486 2.905678336528612 0
862 -1.656734384296891 2.990226857355087 0
863 -1.705677080432327 3.074552777077511 0
864 -1.608177334631224 3.074775419205825 0
865 -1.55923463846328 2.990449487240225 0
866 -1.510677588844194 3.074998066636016 0
867 -1.461734892678596 2.990672135554062 0
868 -1.413177843067665 3.075220718021304 0
869 -1.364235146903817 2.990894787598532 0
870 -1.315678097294536 3.075443370687545 0
871 -1.266735401131255 2.991117440478266 0
872 -1.218178351522344 3.07566602370649 0
873 -1.169235655359219 2.991340093555995 0
874 -1.120678605750395 3.075888676817218 0
875 -1.071735909587312 2.99156274668202 0
876 -1.02317883395919 3.076115109206315 0
877 1.273611431904321 0.6327203962873764 0
878 -0.9688370981613907 0.6275422066853742 0
879 1.707199695205996 2.913470904767719 0
880 1.658256973858396 2.99779702615182 0
881 -0.9742361638154321 2.991785399818669 0
882 -0.9256795340429145 3.076344881256346 0
883 0.1996172607299525 1.305712105153151 0
884 0.2481743098208694 1.390260688722496 0
885 0.1510602116390363 1.221163521583807 0
886 -0.3406809922913115 3.077673916806001 0
887 1.187608119730104 2.146849097846247 0
888 1.263199105316789 2.141385823509027 0
889 1.296445774173098 2.078365362931512 0
890 1.332972669146017 2.133675457727934 0
891 2.486811986655714 3.084126858718236 0
892 1.706814025821496 3.082345587417816 0
893 1.6093142760191 3.082122964987449 0
894 1.560757226256208 2.997574386636229 0
895 1.511814529271335 3.081900318837031 0
896 1.463257480017548 2.99735173653247 0
897 1.41431478325993 3.081677666968576 0
898 1.365757734128869 2.997129083711009 0
899 1.316815037429582 3.081455013694165 0
900 1.268257988328697 2.996906430202273 0
901 1.21931529164416 3.081232360070883 0
902 1.170758242550763 2.996683776520846 0
903 1.121815545869934 3.081009706360674 0
904 1.073258496778402 2.996461122796148 0
905 1.024315800098503 3.080787052628764 0
906 1.874465660417696 1.852616069441392 0
907 1.84235368250841 1.914479576941556 0
908 -1.905331917071823 1.91943996666621 0
909 -1.983974690481376 1.915511781303227 0
910 -1.797777761004984 0.7100869066025535 0
911 1.765985942897907 1.031217041456695 0
912 1.420412428516359 0.3797287743278064 0
913 1.322900563398767 0.3795133407775144 0
914 1.517977400212795 0.3778882114016304 0
915 -1.875011919343767 1.653281811572311 0
916 -2.485675046556864 3.072771532964938 0
917 -1.846720457684569 0.7944128364327674 0
918 1.087248795150036 2.14426250158344 0
919 1.506052060285915 1.299529275653045 0
920 1.485089280434257 1.366783851189667 0
921 -1.832796269807489 1.921451751947908 0
922 -1.797175939280461 1.974709154159562 0
923 -0.4855804952932868 2.486275125322495 0
924 -0.534137544476466 2.401726542248865 0
925 -0.4370234456844903 2.570823708594415 0
926 -0.6300946972909647 1.726005831869453 0
927 0.2959600637344684 1.812558299090951 0
928 0.3445171128253864 1.897106882660294 0
929 0.2955744161458027 1.981432812490509 0
930 0.3930712713801182 1.981653788564937 0
931 0.3441309834806896 2.065981116449068 0
932 0.2474030146435504 1.728009715521608 0
933 -2.033320400734342 1.514066033886938 0
934 0.5368170477375873 3.079673797863466 0
935 0.6343168132810089 3.079896440101481 0
936 1.863621250849656 1.025550967717286 0
937 1.808980129931667 0.9439394654982767 0
938 -1.048736034469162 1.514158298710822 0
939 -1.126352378882911 1.517224223908171 0
940 -0.9662605836394516 1.50982449948108 0
941 -1.167506340699494 1.573482085892026 0
942 -1.207611454096943 1.518346403473563 0
943 -1.164484317258005 1.45527764343092 0
944 -1.237024965600649 1.456208342304119 0
945 -1.200451527595162 1.394334643480227 0
946 -1.270417723460683 1.398997313230559 0
947 1.919393569418902 1.109383274567799 0
948 1.135273900161547 1.821137042426882 0
949 1.102765375036726 1.765108918356466 0
950 -1.407007482745637 0.3732284947599624 0
951 -1.504507228516138 0.3730058410208295 0
952 -1.220804102466707 1.974851905894801 0
953 -1.251707825145794 2.036184093901174 0
954 -1.219054822422358 2.092479919039827 0
955 -1.28988483559584 2.088556773896836 0
956 -1.182259954551185 1.917707463728329 0
957 0.3479879411233838 0.3772362620642853 0
958 0.2504881953528821 0.3770136083251563 0
959 -2.341243076508914 2.648007315905922 0
960 -2.289982242850132 2.566107980379273 0
961 1.365835609473243 2.067787094405637 0
962 1.397987567420084 2.125587170475798 0
963 1.430383932690988 2.072127711682438 0
964 1.459082395764107 2.120931534235571 0
965 1.486920798735914 2.069529463276329 0
966 1.516942392984818 2.116318893571934 0
967 1.540981372592099 2.06530754807961 0
968 2.341385570608415 2.661524806325692 0
969 2.292945951846742 2.577044379454513 0
970 1.175436671255169 1.7662062269988 0
971 1.141953051501818 1.715763509671543 0
972 -1.862258887548314 1.867798309608811 0
973 0.4416116969684344 2.066211270166181 0
974 0.3926851816951687 2.150531136421931 0
975 0.4901683908656982 2.150763253806128 0
976 -0.0470244605822132 2.571714321331445 0
977 -2.388285678579663 2.733746799612296 0
978 -0.9202800490704743 0.7120907902547178 0
979 0.1021175149594507 1.30548945141402 0
980 0.05356046586853499 1.220940867844676 0
981 0.7364559208841528 1.215723978379948 0
982 -0.8239372460659709 1.218936984192522 0
983 1.122201193457889 2.912135192966741 0
984 -0.3869238042477084 1.97987423631661 0
985 -0.435866500927292 2.064200166146824 0
986 -0.5333662466977936 2.063977512407696 0
987 0.4412416964410711 2.235080526070294 0
988 -0.3364385172134629 1.220050252888165 0
989 0.3437449605516324 2.23485628084804 0
990 -0.384609918715715 0.9666271559192652 0
991 2.146526995576982 2.661161285996201 0
992 -1.948462338243241 2.651813623135437 0
993 2.390040935605443 2.746045015361862 0
994 0.2000029083186229 1.136837591753595 0
995 1.024701447687061 2.911912539230145 0
996 -0.2389387714429611 1.220272906627293 0
997 -0.190381722352044 1.304821490196637 0
998 0.4393173254751872 3.079451130196348 0
999 0.1953739165456771 3.163335401252535 0
1000 -1.302543050493385 1.456478656390929 0
1001 -1.335294281070028 1.405046465700591 0
1002 1.722071186328653 1.473269269270856 0
1003 -0.5295097708111315 0.3752323784121199 0
1004 -0.4320100250406305 0.3754550321512498 0
1005 1.595146252885899 1.417534199238268 0
1006 1.208917297987017 1.949274110179473 0
1007 -1.258162783405933 2.14987755102704 0
1008 -1.32734287779645 2.143216837584634 0
1009 -1.356919740884779 2.083294310880887 0
1010 -1.393067781290052 2.133239179809976 0
1011 -1.417833110681594 2.077407994403779 0
1012 -1.453516578043784 2.126711980961467 0
1013 -1.47648965310144 2.062705629989613 0
1014 -1.513622841149046 2.118512410500162 0
1015 -1.537683761469233 2.066596059004344 0
1016 -1.57098130075337 2.112365296055851 0
1017 -1.593632417554804 2.063379472699343 0
1018 -1.366996725052235 2.195775849819189 0
1019 0.6404871784348876 0.3779042232816736 0
1020 0.8354866699758909 0.3783495307599296 0
1021 1.834427955083126 1.647721187363415 0
1022 -2.339618251176523 3.157542769500517 0
1023 -2.24211850540456 3.157765422605662 0
1024 1.434201850461335 2.168513916493799 0
1025 -1.550492994035081 2.176682604109939 0
1026 1.462871832337835 3.166226250638906 0
1027 2.04948855216765 2.325283134615771 0
1028 1.199474564841486 1.714382629672122 0
1029 1.173991939220974 1.668485850126292 0
1030 1.114965877272656 1.662976112438842 0
1031 1.150391504484637 1.613425969498889 0
1032 1.086948134645199 1.605771513330563 0
1033 1.126961787419103 1.553172456921021 0
1034 1.198164540235833 1.566107114602749 0
1035 1.16825896654063 1.502461693762627 0
1036 1.234294857582817 1.509898173013118 0
1037 1.099628733345011 1.492791193368523 0
1038 1.207739714004426 1.451648442042291 0
1039 1.269611674512705 1.460695670052511 0
1040 1.247820553903804 1.397886477738243 0
1041 1.17774569138268 1.38717734538381 0
1042 1.293832367567458 1.515086318974031 0
1043 1.32660523018363 1.471212917793375 0
1044 2.117068472948221 1.696058741875623 0
1045 1.325034347686969 2.025115958000856 0
1046 2.340369544211006 3.168230134767494 0
1047 2.242869798440257 3.168007481030283 0
1048 -1.238127597800862 1.334370880186219 0
1049 1.431503866563818 1.304673250381894 0
1050 1.714519753005743 2.233491498829203 0
1051 1.198026278012787 1.817371752650402 0
1052 1.811752069413985 1.857913826096475 0
1053 1.783124558367723 1.906906958799874 0
1054 -1.62835310984883 2.10611038901893 0
1055 -1.362606193408416 1.467040543216618 0
1056 -1.395475835631546 1.410502194685669 0
1057 -1.422851451481496 1.461436260292278 0
1058 -1.452072064642392 1.414160369841664 0
1059 -1.426911077306004 1.360772208171675 0
1060 2.16841155790809 1.769975838158171 0
1061 1.907158035945346 0.9383456105722754 0
1062 1.853316018155667 0.85702925421614 0
1063 -1.32746547586609 1.507869622695081 0
1064 -1.765677001930687 1.920862262627215 0
1065 -1.735490507457982 1.974110408450752 0
1066 -1.761260370307636 2.024743636696274 0
1067 2.233781524969274 1.994391021484507 0
1068 -1.383806650715698 2.027479984518726 0
1069 -2.386944195548505 2.56379476561913 0
1070 -2.33814057527988 2.481534515850074 0
1071 -1.228249999764482 1.576089236354613 0
1072 -1.203867296678756 1.621669685170951 0
1073 -1.48692878887687 1.367084609856377 0
1074 -1.509716654702455 1.427900926885015 0
1075 -2.53423209616551 2.988222949635952 0
1076 1.668420570052041 1.039316432742953 0
1077 -1.657120030784816 3.159101345765625 0
1078 -1.754619776555101 3.158878692028669 0
1079 -1.239504599201218 1.915215249970725 0
1080 -1.212650086880283 1.867566163961618 0
1081 -1.155626775623644 1.865205471318795 0
1082 -1.462120539230379 3.159546648017189 0
1083 1.573672207877129 2.111977479202222 0
1084 1.597399799440535 2.056830060178903 0
1085 1.549078503964379 2.16592876418687 0
1086 2.390224302931832 2.577138536079068 0
1087 2.341867406768114 2.492706121163058 0
1088 -1.267121047685394 3.159991953829205 0
1089 -1.072126411140151 3.160442607540245 0
1090 1.148434443174987 2.223930933852408 0
1091 1.836520649946247 1.801491809548614 0
1092 -1.798163408593655 0.8789614200021121 0
1093 -1.895663154364156 0.87873876626298 0
1094 2.535754683336394 2.999800928879577 0
1095 0.7838154722032981 2.151174775519137 0
1096 1.657871324916728 3.166671550057699 0
1097 1.755371070655015 3.166894204046986 0
1098 1.170372594960637 3.165558289931623 0
1099 -0.4366377980023679 2.401949194532373 0
1100 -0.4848091983572245 2.148526096407971 0
1101 -0.5815237804209403 2.147240044791605 0
1102 0.4397030191915961 2.910576595765134 0
1103 0.5390091495007732 2.235427623092268 0
1104 -1.022793213424229 2.907236816547627 0
1105 -0.9252937861884472 2.907459284810751 0
1106 -1.217792704968006 2.906791510280652 0
1107 -1.412792196512483 2.906346204277813 0
1108 0.8836580714781418 0.6317726277288316 0
1109 0.9811578172486436 0.6319952814679606 0
1110 0.6886585799371386 0.6313273202505736 0
1111 2.24440101981881 2.492502828866143 0
1112 2.293343562952499 2.409129649408809 0
1113 1.41470043080177 2.912803153932763 0
1114 -1.017779794840976 0.7118681365155881 0
1115 1.225032161799375 0.5481638197664132 0
1116 -0.7252805575294696 0.7125360977329769 0
1117 -0.387309451961432 2.14874874978799 0
1118 -0.5807663530227157 1.47280538863968 0
1119 -0.6782660987932174 1.472582734900552 0
1120 0.2015454986732981 0.4613395381553704 0
1121 0.1529884495823806 0.3767909545860275 0
1122 0.7811449072034683 2.826918648262636 0
1123 -2.240664008823755 2.482101449052152 0
1124 -2.289145978996174 2.397661292341936 0
1125 -1.407778777922978 0.7109775215590763 0
1126 -1.017394147252307 0.5429936231160313 0
1127 -0.9684514505727241 0.4586676932858174 0
1128 0.344902760414052 1.728232369260736 0
1129 0.296345711323134 1.643683785691395 0
1130 0.1988459655526323 1.643461131952267 0
1131 0.4419880243615855 1.897342199071443 0
1132 0.5853740903848634 3.164222384824524 0
1133 0.6828738604926154 3.16444502453506 0
1134 -1.188541069742489 1.819169164682205 0
1135 2.283944163866231 2.077900659154335 0
1136 -1.462622970648924 1.307207128675511 0
1137 1.513698754034849 2.01619007642262 0
1138 2.236321113019944 2.162942224700232 0
1139 -1.45556453183655 0.2886799111906171 0
1140 -1.553064277607052 0.2884572574514837 0
1141 1.804348616172743 1.96190746628227 0
1142 1.745864898084848 1.951898381602702 0
1143 -1.543697346048386 1.371940667415921 0
1144 -1.564171265038555 1.430379575855646 0
1145 1.532424903889644 1.229488374248131 0
1146 0.8813045340580175 2.150819500237815 0
1147 1.469414473571964 0.2950300942979833 0
1148 1.566924110738468 0.2951906230038459 0
1149 1.615487437585865 0.3777017366799118 0
1150 1.664427220342065 0.295334734493957 0
1151 1.712984830071831 0.3798702276884645 0
1152 -1.121803425583458 1.379791452157288 0
1153 -1.358064786066048 0.2889025649297507 0
1154 1.226678196625477 1.674280149720186 0
1155 1.304674711473436 2.19650267766895 0
1156 2.584311732426396 3.084349512455966 0
1157 2.535369035746654 3.168675442287348 0
1158 -1.397769545370752 1.299904658594079 0
1159 -1.895277506775485 0.7098642528634231 0
1160 -1.846334810095901 0.6255383230332088 0
1161 -1.021448264300076 2.203308552510602 0
1162 -0.9250452368012031 2.207628406859914 0
1163 1.762922262031935 1.858772805439399 0
1164 1.247661621706277 1.711286201110935 0
1165 1.761927134537328 0.2958686040698222 0
1166 1.810484211699037 0.38046905694529 0
1167 1.764093152479417 0.4609949445642201 0
1168 1.344790498971783 1.522447542672415 0
1169 1.384536265749873 1.488999641310832 0
1170 1.362921877730544 1.433287906857915 0
1171 -1.909403865837341 1.709798397224334 0
1172 -1.84294266819948 1.705303817705188 0
1173 -1.813433257725942 1.657466638538499 0
1174 -1.785407454903584 1.70281777711765 0
1175 -1.757950360744349 1.656648150765027 0
1176 1.316070287833918 1.563663398840426 0
1177 -2.583174792328449 3.072548879716766 0
1178 -2.534617742719631 3.157097462980491 0
1179 -1.943834555866402 0.62531566929408 0
1180 -2.291061201567081 3.24209135252715 0
1181 0.299430892032467 0.2926876784949421 0
1182 0.396930637802969 0.292910332234072 0
1183 1.224527325433651 1.32314807162467 0
1184 1.14573238988027 1.308193637446106 0
1185 -1.811804163972877 1.75005757303318 0
1186 -1.706062726936815 3.24342727172511 0
1187 -0.4805670741315473 0.2909064485819057 0
1188 -0.3830673283610456 0.2911291023210361 0
1189 -0.334510279270129 0.3756776858903805 0
1190 -0.2855675825905439 0.2913517560601666 0
1191 -0.2370105334996276 0.3759003396295109 0
1192 -0.188067836820042 0.2915744097992978 0
1193 -0.1395107877291263 0.3761229933686423 0
1194 -0.09056809104954021 0.2917970635384297 0
1195 -0.5780668199020489 0.2906837948427761 0
1196 1.950966252658941 0.8511681689459971 0
1197 1.897199940230659 0.7698023033975836 0
1198 1.799747658883343 0.7757117972415071 0
1199 1.839458400240548 0.685682627337262 0
1200 -1.507318016653006 2.021633534439497 0
1201 2.291426847527785 3.252556064625902 0
1202 1.049946468796907 1.66135297412294 0
1203 -2.386645701321136 2.397401516865742 0
1204 -2.337690018404457 2.31317020222407 0
1205 1.769712998294569 2.007959645730631 0
1206 1.715237940944633 2.000976926276345 0
1207 1.692661149308192 1.95781003287503 0
1208 2.334979644473567 2.161292031776919 0
1209 -1.254466844421426 1.620991311639411 0
1210 -1.232664510235474 1.664699967015183 0
1211 -1.894861554125992 0.5410073284949353 0
1212 2.390845456188416 2.40855951666738 0
1213 -1.757366403676291 1.746198934428807 0
1214 -1.781863900251832 1.793533237882444 0
1215 0.8328546162927336 2.235525536598817 0
1216 2.211420849875673 1.68878564553116 0
1217 0.6857438039119299 1.982566543692185 0
1218 0.9303498792534006 2.235221750954051 0
1219 -2.193560934785288 3.242085855570932 0
1220 -1.803561979331898 3.242988568977986 0
1221 -0.2416383045633716 2.402394500424439 0
1222 -0.04741010769803071 2.740588838643192 0
1223 0.4898459413985125 2.319648541605607 0
1224 0.1483606785232547 2.403285115385462 0
1225 -0.9738505703505049 2.822910855603909 0
1226 -0.876350833426864 2.823133503610212 0
1227 -1.60200697428664 0.372783187281696 0
1228 -1.650564023377553 0.28823460371235 0
1229 -1.699506720057141 0.3725605335425624 0
1230 -1.748063769148055 0.2880119499732166 0
1231 -1.797006465827643 0.3723378798034278 0
1232 -1.797387062572845 0.5412153247081686 0
1233 1.951528077541954 2.660711525085898 0
1234 0.932215120569059 0.7163212112981745 0
1235 1.02971486633956 0.7165438650373044 0
1236 -0.8277944591347171 2.907685711539745 0
1237 -1.704905807272403 2.736811107715967 0
1238 1.273385708287021 0.801994241570845 0
1239 -0.04201104195862398 0.3763456471077735 0
1240 -0.2901953536544346 2.317845916854956 0
1241 -2.485289400002416 2.903897019496439 0
1242 -2.582789145774093 2.903674366283211 0
1243 1.707589426843841 2.744564677600696 0
1244 -0.2412526569748974 2.233519987024696 0
1245 -0.9692227457500591 0.7964167200849326 0
1246 -0.8717229999795577 0.7966393738240618 0
1247 -0.6348254923294459 2.399393838144123 0
1248 1.07364414436658 2.827586609400493 0
1249 1.171143890137069 2.827809263139722 0
1250 0.3425888938488154 2.741479454300682 0
1251 -2.144618672797212 3.157950050543094 0
1252 -2.096061087705855 3.242264146162415 0
1253 -0.6281664593476357 0.8816332648716645 0
1254 -0.4374091007102857 2.739698254751533 0
1255 -0.09326762417020681 1.473918657335322 0
1256 0.7318165612284148 3.08011909236675 0
1257 0.7803736106821427 3.164667675690453 0
1258 -0.1915386651180398 1.811445030395309 0
1259 -0.4836522548408793 1.641902555778366 0
1260 0.2466316391735473 2.065758695718926 0
1261 -2.191651017842215 2.397901455267303 0
1262 -0.7268231478841349 1.388034151331208 0
1263 -0.1930812554724736 2.486943083993762 0
1264 -2.047118895668173 3.158158972392528 0
1265 -0.2874958205338792 1.13572432305795 0
1266 -0.1899960747633774 1.135946976797078 0
1267 0.3950023998596256 1.137282899231858 0
1268 -1.071350271881248 2.822688228139493 0
1269 0.8347153747985568 0.7160985575590451 0
1270 -0.09095373863820941 0.4606715769379861 0
1271 0.004232121600294815 1.474141311074452 0
1272 -0.2385531238542956 1.051398393227736 0
1273 -2.388560410213434 3.241633492276785 0
1274 -1.85211944008894 3.158620027394321 0
1275 -2.143461819974991 2.651364537484864 0
1276 0.104045752902796 0.4611168844162432 0
1277 -1.901061629167961 3.242723905653126 0
1278 -2.53398808405993 2.816989570440541 0
1279 0.8293163080982372 3.080341745429619 0
1280 -1.212393638793306 0.5425483156377784 0
1281 -1.261336335472891 0.6268742454679919 0
1282 2.487197634245668 2.915252345308822 0
1283 2.584697380015292 2.915474999054768 0
1284 2.536141079458456 2.830598633464029 0
1285 -1.065951196343224 0.4584450395466881 0
1286 -1.017008499663641 0.3741191097164738 0
1287 -1.114508245434141 0.3738964559773434 0
1288 -1.065565548754557 0.2895705261471297 0
1289 -0.9680658029840563 0.2897931798862594 0
1290 -0.1410533780837939 1.051621046966865 0
1291 0.9761443985960133 2.827363955661871 0
1292 -2.143093815808014 2.482453508135379 0
1293 0.9272017019164119 2.911689885492168 0
1294 0.006931654720963354 0.2920197172775594 0
1295 -1.163065294525056 0.2893478724080003 0
1296 0.8778733573723679 3.164890328886255 0
1297 0.004617769188951631 1.305266797674891 0
1298 0.3938454570936347 1.643906439430522 0
1299 0.345288408002712 1.559357855861181 0
1300 0.4423771832837695 1.728440325610171 0
1301 0.2443178130802083 3.079006092502076 0
1302 0.2928745518531027 3.163555327560091 0
1303 -1.60856252707015 3.243451076813911 0
1304 -1.539897194171234 1.474113067187517 0
1305 -1.587018433838228 1.478134052146579 0
1306 -2.632117488491445 3.156874809819493 0
1307 0.7353542738289988 2.23575363946259 0
1308 2.63286878151716 3.168898096026449 0
1309 1.029702720546297 2.027345495042332 0
1310 2.15872408829141 1.610815789960731 0
1311 1.631074315502842 2.106976505925174 0
1312 -0.770644096152827 1.469418612735579 0
1313 -0.7263551707376532 1.556418419993125 0
1314 -0.8243228936546366 1.387811497592079 0
1315 0.6339320308333566 3.248391150420388 0
1316 0.5364321827583591 3.248206630415516 0
1317 1.017893006898744 1.596838505786919 0
1318 -1.700412034744255 2.015629476175176 0
1319 -1.685037855941495 1.972408045959587 0
1320 -1.724592700715001 2.071561753235605 0
1321 0.8289317554088409 3.24873689751148 0
1322 0.9264316837853055 3.248879657625898 0
1323 1.938591871713504 0.6831858749575939 0
1324 1.881899666426421 0.6057022565193599 0
1325 -2.583559897346813 3.241186254708189 0
1326 1.301814235453748 1.346215321161774 0
1327 -1.239635063530024 1.822492771152684 0
1328 -1.218938798896041 1.778669385235315 0
1329 2.388929357724173 3.251568180081348 0
1330 1.706430440271882 3.250315000482308 0
1331 1.803930530419757 3.250386798697321 0
1332 1.852871217489554 3.166940865184615 0
1333 1.901430605023747 3.250465386662941 0
1334 1.950371084909643 3.167110175861247 0
1335 1.998930425874763 3.250655138929407 0
1336 2.047870863468496 3.167318455511189 0
1337 2.09643038996969 3.250782182064155 0
1338 1.608930830077981 3.250032927079772 0
1339 1.743591997326262 0.6929077764718075 0
1340 -1.406633278349124 0.2093649384228105 0
1341 1.367974260434978 1.567967386717545 0
1342 2.583929038841306 3.251930471942399 0
1343 -1.115018964419062 1.217454928465858 0
1344 -1.126532244095123 2.194563325046341 0
1345 -1.075594137203458 2.283439005141574 0
1346 2.004677992889119 0.9325394680317329 0
1347 0.3483637927362593 0.2126513920956898 0
1348 -0.8771316403464822 2.127407677310689 0
1349 -0.8280343275344487 2.210281519544247 0
1350 -1.280393492924533 1.663099900663182 0
1351 -1.258660326231714 1.700035499890652 0
1352 1.990704330616274 0.5962337625587113 0
1353 -1.264070557285958 1.783958377857452 0
1354 -1.617209795966055 1.441079727235073 0
1355 -1.637761508705117 1.486439425958757 0
1356 1.415046968594662 1.445071592316496 0
1357 1.435655778413779 1.492953827422233 0
1358 1.463711491159859 1.457856590979245 0
1359 1.476512181441757 1.499071083128712 0
1360 1.512367994101549 1.468580856059355 0
1361 -2.340003897730095 3.326417282635591 0
1362 2.677488938470411 3.252585637176443 0
1363 -1.755005423098908 3.32775320148712 0
1364 -0.7760091626193756 2.133499888360153 0
1365 -0.7301435129575444 2.211821755404627 0
1366 -0.7837301328708457 2.2991756647761 0
1367 -1.781458430959062 1.614366014478199 0
1368 -1.733719371912261 1.6127583963645 0
1369 -1.847106105273242 0.963287349832325 0
1370 -1.944605851043744 0.9630646960931923 0
1371 -1.993162900134657 0.8785161125238463 0
1372 1.663132706541459 2.002409293110546 0
1373 0.8842916741057663 2.318363871104821 0
1374 -1.006778462666426 1.441664595960937 0
1375 0.5882945015998454 2.151313017774447 0
1376 0.1957608081493402 2.994457251977628 0
1377 0.2932606287531804 2.994680185926758 0
1378 -0.5837563723199689 2.316518432381174 0
1379 -0.2905810012063949 2.486720430275807 0
1380 -0.2420239521461109 2.571269013827358 0
1381 -0.4362521494122081 2.233074680061107 0
1382 0.587476451137124 2.319872866808363 0
1383 -0.9249078402692408 2.738584945159867 0
1384 -0.7788511640430462 2.823359029933584 0
1385 1.122586841046067 2.74326067957109 0
1386 2.195853125493105 2.408536308917983 0
1387 2.146910379156539 2.492381584801069 0
1388 -1.749606359502738 0.9635100035714572 0
1389 -0.9206656966591421 0.8809653036542771 0
1390 -0.6301115232038847 2.063294987984007 0
1391 -1.06672249152056 0.7961940663458038 0
1392 0.05278917069121274 1.558689894643794 0
1393 0.7815305489900641 2.658046610512011 0
1394 -0.3849955663043808 1.135501669318822 0
1395 0.1526028019937127 0.545665467985585 0
1396 -0.2859532301792123 0.4602262694597234 0
1397 1.078657563019145 0.6322179352070916 0
1398 1.127214612110062 0.7167665187764354 0
1399 -0.09249632899287639 1.136169630536206 0
1400 -0.04355363231329214 1.051843700705992 0
1401 -1.115279540611476 0.7116454827764607 0
1402 0.1017318673707936 1.47436396481358 0
1403 0.2439351635209419 3.24776276148753 0
1404 0.3414321605527689 3.248083866876793 0
1405 -1.27918040252858 1.579038179979577 0
1406 1.646016887755778 1.953009905297173 0
1407 -1.793772600298355 2.093806470431311 0
1408 1.618410940922163 1.987735469103973 0
1409 -2.675822121837265 3.247240427095641 0
1410 -2.431940273870524 2.314826145825409 0
1411 -2.383438460581318 2.230250498153004 0
1412 -2.288279221002734 2.229115751960879 0
1413 -2.336758253738424 2.144612415333428 0
1414 -2.239650158038466 2.144624743198162 0
1415 -2.288337079401388 2.062527248890154 0
1416 -1.212247025344171 1.705805572683804 0
1417 -0.3341335531217349 0.2107098581005555 0
1418 2.334250312561188 3.336066361443486 0
1419 2.264768636736985 1.76596626906406 0
1420 2.32820134966956 1.990982338813826 0
1421 2.340898533718811 2.326926120487467 0
1422 2.435571760004321 2.327395236737875 0
1423 -2.036857768943645 0.9606924939991159 0
1424 -1.992673909744899 1.047032367864247 0
1425 1.272552445754009 1.674359257350462 0
1426 1.253269943431789 1.634082920649593 0
1427 -0.0416253943699531 0.2074711337082169 0
1428 -1.563728771496738 1.513580513186745 0
1429 -0.5291241232224647 0.2063578650125624 0
1430 -1.131959027050601 1.812636534581878 0
1431 -1.438652283766896 1.243366468909563 0
1432 -1.474900873042353 1.567562144226891 0
1433 -1.496429538038152 1.537097215898544 0
1434 -1.456699048779439 1.53573423586979 0
1435 -1.476698189419647 1.498936188930114 0
1436 1.646540258903757 1.644069425938567 0
1437 1.685574217855744 1.645260400728005 0
1438 1.710317875850433 1.6802197649578 0
1439 1.726311923152821 1.645887832955464 0
1440 1.703588140793451 1.608350809522296 0
1441 1.748044598931526 1.680603555842088 0
1442 1.748390964210504 1.610951787362116 0
1443 1.731899945924727 1.714674234481135 0
1444 1.771493421497667 1.71546504608251 0
1445 1.750383729456118 1.743751705549842 0
1446 1.728873015047283 1.570686810732073 0
1447 1.67442341578571 1.569932571662452 0
1448 1.315183293363727 1.758060581316519 0
1449 1.288080352567084 1.784749921793254 0
1450 1.295105601603532 1.821119946426329 0
1451 1.570296037397308 1.578902838615975 0
1452 1.55880525012533 1.542030070396578 0
1453 1.596441622793103 1.54863979036536 0
1454 1.583503503297924 1.510726325510449 0
1455 1.624433897488259 1.518360808450417 0
1456 1.624735314802295 1.884724208779077 0
1457 -1.665508553741379 1.667851043903382 0
1458 -1.644953388220125 1.633862077661146 0
1459 1.488611072241252 1.931021822985017 0
1460 1.46286659895659 1.959071372242342 0
1461 1.41978078690035 1.956419030766861 0
1462 1.439862650131857 1.990449731049503 0
1463 1.395874372470747 1.986672200952604 0
1464 1.380147730712578 1.947726848674564 0
1465 -1.42433102234296 1.917034195569537 0
1466 -1.384961138339854 1.931236670674674 0
1467 -1.349501464687947 1.912060572203114 0
1468 -1.350950395217234 1.951473947121629 0
1469 -1.415565100516962 1.956646640822317 0
1470 -1.314940312172368 1.931672924128349 0
1471 -1.315776407432089 1.889721855598752 0
1472 -1.316995496097334 1.976290127970367 0
1473 -1.501248161614374 1.932447046686758 0
1474 1.359319727602928 1.630709465193484 0
1475 1.320380664904421 1.629806641109517 0
1476 -1.378851216255004 1.611345674481253 0
1477 -1.384419846428188 1.570071236368593 0
1478 -1.352123494135442 1.587749127899708 0
1479 -1.658944272930753 1.837380353483077 0
1480 -1.698716006956927 1.828677232950691 0
1481 -1.672906746000249 1.875624104348202 0
1482 -1.714350034802447 1.867823969971081 0
1483 -1.680059701072847 1.746261110996848 0
1484 -1.590909896331994 1.9105534176886 0
1485 -1.584407096925158 1.948959772442122 0
1486 1.478734514667722 1.569042495776152 0
1487 1.673423770096378 1.807676815510116 0
1488 1.532791088492209 1.9262728909789 0
1489 0.442036421257156 0.2115019807810956 0
1490 0.4937908980359039 0.2936192490360749 0
1491 1.662256112586222 1.889605204389352 0
1492 1.7088558675309 1.794303944895417 0
1493 -1.016622852074971 0.2052445963169161 0
1494 -1.55005383483268 1.960856222222568 0
1495 -1.576505106583706 1.987930869907671 0
1496 1.685545944563334 1.859903420357953 0
1497 1.70037718739697 1.89282462236849 0
1498 1.86606064036888 0.460591744932705 0
1499 1.907983873451413 0.380798721890377 0
1500 -1.554472925752321 1.580587261418937 0
1501 -1.589137104310203 1.555127668652171 0
1502 -1.627476295011372 1.571602107628308 0
1503 -1.473645861800471 1.960697380005901 0
1504 0.5387811614524408 0.2162063666512406 0
1505 1.735999732487036 2.055807320996035 0
1506 -1.652254019534797 1.905381061044045 0
1507 -1.69079715487353 1.908683790917951 0
1508 2.057188176438599 0.8511427020881024 0
1509 -1.613866423092969 1.976350231356637 0
1510 -1.842207038099631 0.289737392474366 0
1511 -1.894506211598145 0.3721152260642926 0
1512 -1.715818242737805 1.796807423652311 0
1513 1.557686783051619 1.953130844780355 0
1514 1.781289284990203 1.812615001994894 0
1515 1.281510746461276 1.27695050091256 0
1516 -1.296997735714658 1.619891850496318 0
1517 1.100009973874282 1.376180568686224 0
1518 1.058841332693342 1.300082970324054 0
1519 1.010422747038298 1.387375468611474 0
1520 0.9656640168267572 1.293249002818014 0
1521 1.114248442978934 1.223549751894205 0
1522 0.9073539801665267 1.369436554715389 0
1523 0.9451773785184688 1.469942959943319 0
1524 0.868836222301311 1.283130610817836 0
1525 -1.395364185057786 1.505857117153832 0
1526 -1.681485197012332 1.439892133976644 0
1527 -1.691800328354395 1.499002613519559 0
1528 -1.727420383848548 1.459227269039594 0
1529 1.518356589697717 0.2157920240311255 0
1530 1.420901922654636 0.2115698171569349 0
1531 1.704687535120497 0.778736071554774 0
1532 1.780571916310973 2.072800812589162 0
1533 1.223167556451153 1.78228615342865 0
1534 1.649586938098608 1.398798032084048 0
1535 0.05587435140054836 0.2076937874473486 0
1536 -1.170905190915292 2.286014217068483 0
1537 1.71335895032235 0.2162215010330786 0
1538 1.809736220979737 0.2175746395945661 0
1539 -1.699121072468468 0.2036860201430042 0
1540 -1.273536801615313 1.504551407902322 0
1541 1.309363020934098 1.721464408418626 0
1542 2.282772363131898 1.912078236122136 0
1543 2.377080396259499 1.905686032106673 0
1544 -1.740395177130757 1.823263590907955 0
1545 -1.801323619528134 1.872393090280417 0
1546 -2.097071711205595 1.044717296740274 0
1547 -2.043274341613251 1.131291949110135 0
1548 0.9829900695282934 2.15287286012133 0
1549 -0.6266238689929661 0.206135211273432 0
1550 -0.6755665656725505 0.2904611411036453 0
1551 -0.7241333311087832 0.2101673308960124 0
1552 -0.7730679308339387 0.2909476162581337 0
1553 -0.8216357928750618 0.2111340077234403 0
1554 1.181749236793268 1.90042594761948 0
1555 1.240231435162412 1.900174617788914 0
1556 1.265894641104107 1.943087312837564 0
1557 1.288544702091185 1.897602994796953 0
1558 1.314264642377628 1.940265310068865 0
1559 1.263023915575061 2.027338203256845 0
1560 0.2508682907920902 0.2105703730303601 0
1561 1.394164330807742 1.395850919440478 0
1562 -1.335402698504818 1.685664521378797 0
1563 1.048894974203085 2.229545245996985 0
1564 1.100233729035121 2.32533423910834 0
1565 1.208755609503928 2.306648682532901 0
1566 -1.728502299534604 2.143343899925217 0
1567 -1.433664593373273 2.024513309348859 0
1568 -1.322529018615342 1.770241435243652 0
1569 -1.120960072965201 1.660546316120557 0
1570 1.61055293631394 1.478242780734401 0
1571 -1.309128576751033 0.2074174425291135 0
1572 1.561622156476033 2.020462664550573 0
1573 1.512515788658254 1.964867920873572 0
1574 -1.258807545469395 1.868052177434534 0
1575 -1.753145056372718 1.56994932562494 0
1576 -1.704096236924238 1.57317919408633 0
1577 -1.700336648398169 1.678783470969206 0
1578 -1.711659865134944 1.721458290761615 0
1579 -1.662489370601309 1.300453519679746 0
1580 1.386173729343754 1.533382253644745 0
1581 1.523378789433144 1.535685727553011 0
1582 0.3858331860150911 0.1408920667488527 0
1583 -1.992777252545987 0.7096415991242933 0
1584 -2.038873575672863 0.6215231521925042 0
1585 1.3454368735188 1.850183335062976 0
1586 1.793914604471803 1.755352835200485 0
1587 1.850635706929363 1.745584773394306 0
1588 1.890670978947299 1.787158533251205 0
1589 1.261632062405208 1.558218614953476 0
1590 1.404364261898853 1.594710897760169 0
1591 -1.354492484671465 1.852352756482411 0
1592 1.67644759041894 1.729847813778521 0
1593 1.403606778631227 1.898958300391807 0
1594 0.8243008887530805 1.374783019138263 0
1595 -1.832924153706747 1.788557431408571 0
1596 1.256299481484214 1.812785471781156 0
1597 -0.7693214696922117 0.1234045185314316 0
1598 -1.35690944398799 1.234693349756777 0
1599 -1.580318445016724 1.31656983495804 0
1600 -1.856630574626046 2.145022549838474 0
1601 -1.072868469886358 1.298818402154487 0
1602 -0.9840010255108542 1.298794759912758 0
1603 1.698923391986063 1.526100853182746 0
1604 1.757054049208422 1.520467920387848 0
1605 1.469813488867158 0.1264850099649475 0
1606 1.562763672717261 1.465607086193623 0
1607 -2.437931814847395 2.157663212175608 0
1608 2.271186856133394 1.599198003526245 0
1609 2.199425032411436 1.520548891255854 0
1610 2.695147750510163 3.076140972415189 0
1611 -1.061314671497041 1.789572697785956 0
1612 1.027422203043601 1.740029098246386 0
1613 0.9340157004855068 1.737074129620348 0
1614 -1.318910098588434 2.029005268309082 0
1615 1.268754228525024 1.857846273598258 0
1616 -1.284966670873381 1.829149739450695 0
1617 -2.48413246033939 2.39727347921215 0
1618 2.48835457701045 2.40862880512001 0
1619 1.652426497704861 2.055782236219823 0
1620 -1.517879489001851 1.263853773957597 0
1621 2.634202645204127 2.828960588059824 0
1622 2.678510041748046 2.914625353610593 0
1623 2.586959983893354 2.742972560454655 0
1624 -2.73022614008061 3.175079352579568 0
1625 -1.840551919058233 1.560887968228621 0
1626 1.351839804469148 1.283986338727599 0
1627 -1.096834769127792 1.859839550785062 0
1628 1.45101899282502 1.53776788732697 0
1629 -2.048292322032088 0.7944862438087896 0
1630 1.204589687512644 1.626667459692657 0
1631 -0.8292848359056701 1.551707853484986 0
1632 1.759728275223607 2.318438663725099 0
1633 1.666144727295368 2.307751709809018 0
1634 1.633327076713636 2.229577893003892 0
1635 1.573288619350074 2.297900155638007 0
1636 1.614602534783545 2.392420961529822 0
1637 1.477029803500504 2.311157963728111 0
1638 -1.685565232890062 1.63688014997813 0
1639 2.6216719299533 2.653298527758452 0
1640 2.531706556014631 2.660782991738832 0
1641 -1.637463789072595 1.358120952483329 0
1642 1.690831932567235 2.103530690442265 0
1643 1.641035136298543 0.6985181780094321 0
1644 1.668475037295385 0.6130609919321099 0
1645 1.612955261795938 0.5409657271213448 0
1646 1.778572018731933 0.6121966731748658 0
1647 1.872844541444442 1.979226048777378 0
1648 2.10294686314713 1.527757153548725 0
1649 2.144985754142289 1.439714072485852 0
1650 2.054380160740624 1.455139883062337 0
1651 2.092589281268052 1.36055733145025 0
1652 1.987103203538621 1.386946352242919 0
1653 2.037617522165547 1.278206384845811 0
1654 2.135033472686438 1.272002432740876 0
1655 2.078764618902186 1.190320420788959 0
1656 1.922134716356107 1.294614049711199 0
1657 2.175417970070855 1.18046266692709 0
1658 2.226399385122281 1.263496889268174 0
1659 -0.7761514921523867 1.64123459456098 0
1660 1.42226980424574 2.397019031287332 0
1661 1.384248392444775 2.310720651087655 0
1662 1.629752785591956 1.12870072786638 0
1663 1.575697123661739 1.050333068865335 0
1664 1.616599561494367 0.9623096992583282 0
1665 1.522900988482244 0.9629715321424039 0
1666 -1.168472363809989 1.771629526600843 0
1667 -1.416399407388266 1.542904348534842 0
1668 2.119656105375359 1.101196122432385 0
1669 2.147474413003996 1.007069296808456 0
1670 2.059538027653002 1.027072714500113 0
1671 -1.982389310722653 1.71592823635072 0
1672 -2.063570210815632 1.728150723999336 0
1673 -2.118101181796141 1.660019261981082 0
1674 -2.153234165765131 1.74476432515873 0
1675 -2.21192125724332 1.66904862765018 0
1676 -2.191875599996283 1.566125545184034 0
1677 -2.247433363439065 1.759293799408139 0
1678 -2.189130312873846 1.834621218894286 0
1679 -2.283730608697733 1.849665244647743 0
1680 -1.932449709982146 1.770503698418906 0
1681 -2.217504877760723 1.9217715208964 0
1682 -2.129310664076217 1.91197619015433 0
1683 -2.310643364201724 1.936328743013848 0
1684 -2.374128735091469 1.876896335614672 0
1685 -2.309784557389919 1.691087675836306 0
1686 0.9925001253888113 2.314318283164426 0
1687 1.664999945906191 1.484978011047776 0
1688 -1.652261170151774 2.052770103598527 0
1689 1.710825078863973 0.9516892247804125 0
1690 1.652608163643298 0.863599683069334 0
1691 -0.6858593115232519 2.30771881474024 0
1692 -0.7379885993838747 2.390621805563254 0
1693 1.632223288508998 1.555450421048403 0
1694 -2.63278751194365 2.821098477359903 0
1695 -2.673852819238552 2.905780006469212 0
1696 -2.585777531612107 2.734112663585539 0
1697 2.236942863578774 3.33537590880846 0
1698 -2.087843273514287 1.821599243952546 0
1699 2.043305267096991 3.333704100803767 0
1700 -2.651707393494479 2.655242818878727 0
1701 -2.544780157641302 2.628075366698491 0
1702 -2.538424401507796 2.53691532725782 0
1703 1.529567207184064 1.413153792366285 0
1704 1.848708304865594 3.333506953987164 0
1705 1.789936837855599 1.570127771112512 0
1706 2.308429710657243 1.683531106876088 0
1707 1.876703658781031 1.197769945923074 0
1708 1.975236512548414 1.195033948066139 0
1709 -0.8770873869552016 1.974056283519859 0
1710 1.654111302690074 3.333324829178308 0
1711 -1.755960483729422 2.315072789558443 0
1712 -1.718759464678 2.225955782732527 0
1713 -1.662313060334803 2.315267557300816 0
1714 -1.61191117305848 2.230208533639104 0
1715 -1.564734076547979 2.317066489086697 0
1716 -1.155722818205507 1.719144765607111 0
1717 -0.90903988853733 1.425953279229274 0
1718 -1.942925598769901 1.132597597537313 0
1719 -1.993375372002661 1.215924769141655 0
1720 -2.091396287320783 1.215958538386741 0
1721 -2.041167981787982 1.29856043344692 0
1722 -2.136353414661436 1.302182109432934 0
1723 -2.186577375922408 1.233320645491246 0
1724 -2.076785474441577 1.389466447370218 0
1725 -2.189319334441691 1.384694345244246 0
1726 -2.136451741220698 1.471950965478237 0
1727 -2.237012224019955 1.459719918158149 0
1728 1.332525756997545 1.897994775116809 0
1729 -1.305777738692931 1.344075487315541 0
1730 1.822878818630172 1.275679665787604 0
1731 1.164314620429566 2.389712791110999 0
1732 -1.941576229449642 1.843681698202232 0
1733 -2.488075706581474 2.724313590060727 0
1734 -1.647479288433062 1.532053027234015 0
1735 1.548728380349863 1.141585412509704 0
1736 -2.045708508865179 1.981013741221372 0
1737 2.139798557347352 2.161855498711069 0
1738 2.191931319979402 2.246031661813127 0
1739 0.5838280643267166 3.332187393255142 0
1740 -1.798549056182327 1.04783593340167 0
1741 -2.190736187626982 2.066207203560807 0
1742 0.2919365597030137 3.332157434065302 0
1743 0.3889977581879859 3.332289032521541 0
1744 2.179748543937164 1.918552528414335 0
1745 -0.8793464792361729 2.296015458716135 0
1746 -0.9762496636910898 2.292151311636644 0
1747 -1.038620725016821 2.390195746986464 0
1748 -0.6320942833583236 2.227806669912628 0
1749 1.961992298578603 1.021654470911301 0
1750 1.998740250930239 2.240996402206943 0
1751 0.9417166309212247 2.061523334036362 0
1752 2.373111550839784 2.072327915274613 0
1753 2.4394086860037 2.15258070598132 0
1754 -2.191168839710974 2.229137961189378 0
1755 2.486944979048801 2.745406914079598 0
1756 0.6862554933220899 2.151440329374487 0
1757 0.6372151328130773 2.235586324194599 0
1758 1.755027430766408 0.8617842493934074 0
1759 0.7346824237245306 1.898025208523002 0
1760 0.6370412981166931 1.897809627743144 0
1761 0.5881906598837163 1.98227390132092 0
1762 0.5884380930925428 1.813217381867144 0
1763 -0.09712245943904213 3.162653404683122 0
1764 -0.1460629825973555 3.246946086722228 0
1765 -0.1946229814766555 3.162435490817561 0
1766 -0.2435639498492241 3.246762903801821 0
1767 -0.1950052551670887 3.331319688728133 0
1768 -0.2925050060630043 3.331099367108371 0
1769 -0.3410638371909374 3.246472004862548 0
1770 -0.1456822560243181 3.078116465734443 0
1771 0.7840530306156575 2.319896331418229 0
1772 1.990430063214504 0.7684949016517213 0
1773 0.3903745350674349 3.163774206822252 0
1774 0.1464104714527829 3.247464973458302 0
1775 0.2447035750658669 2.910131393081637 0
1776 -2.045236132334545 2.313813293689004 0
1777 2.188388187430203 1.352326195983587 0
1778 0.0982609806825646 2.994234336734872 0
1779 -0.2921227838416893 3.162207847742019 0
1780 -0.3896227598359037 3.161987781996153 0
1781 -0.4385635463149111 3.246237129768164 0
1782 -0.4871227872910631 3.161765661244837 0
1783 -0.5360632766368365 3.245987610257161 0
1784 -0.5846225809652026 3.161540173021319 0
1785 -0.6335630313474281 3.245761560788337 0
1786 -0.6821223397405604 3.161318035226176 0
1787 -0.7310627298669409 3.24551589020686 0
1788 -0.633181720837305 3.07701645540786 0
1789 -0.7306813111538821 3.076791967112867 0
1790 -0.6825040104182719 3.330218078132697 0
1791 -0.4875045082844848 3.330658722671871 0
1792 -0.6817407916882148 2.992469032986498 0
1793 -0.7792405427550637 2.992248710716873 0
1794 -0.5842389052485062 2.992685240279149 0
1795 -0.4381818553970342 3.077454839237086 0
1796 0.1472037672638832 2.909908649768832 0
1797 0.2936462344608488 2.82580538355236 0
1798 -0.3395236981309895 2.571046360531229 0
1799 -0.2909666487857673 2.655594943775303 0
1800 -0.1934669030532657 2.655817597408878 0
1801 -0.7302944175413097 2.907916718187577 0
1802 -2.094137598832374 2.398149458427654 0
1803 0.3418175309636505 3.079228242991788 0
1804 -0.2424096044386724 2.740143536484268 0
1805 -0.3399093479243592 2.739920881480414 0
1806 -0.0963528311205895 2.824914796195649 0
1807 0.4387672912036265 3.247926147483551 0
1808 -0.2913523282799254 2.824469554615222 0
1809 0.4878742220989611 3.16399980132901 0
1810 0.001532588478291358 2.656262904872275 0
1811 0.5383958985584307 2.404183140481128 0
1812 0.4408731768044052 2.403957877428374 0
1813 -0.5356817274027288 3.077234384906959 0
1814 -0.3888520952985103 2.824247023015761 0
1815 0.2450891512595199 2.741256806287975 0
1816 0.391145980801743 2.826028000590135 0
1817 0.4894252145827915 2.488503694930094 0
1818 0.6363609097674586 2.404347296186466 0
1819 1.078271915430477 0.8010924486066495 0
1820 -1.845912964795689 0.4566848187540917 0
1821 0.8832724238894729 0.8006471411283895 0
1822 0.7857726781189714 0.8004244873892619 0
1823 -2.385861421458993 2.059747105550232 0
1824 -1.74844254197756 0.4568904534770466 0
1825 1.220076165640299 2.74342978789812 0
1826 1.268641899044775 2.828022992644174 0
1827 -1.212007991204639 0.3736738022382176 0
1828 0.006546007132293941 0.4608942306771153 0
1829 2.098300664349936 2.409301360181196 0
1830 2.049403365008629 2.492340450174668 0
1831 -1.16422223729106 0.7959714126066764 0
1832 1.855199933543944 0.2992677128495915 0
1833 -1.700506518925652 1.048037141270778 0
1834 -2.338993903226565 2.819544019139141 0
1835 -1.748834222518153 0.6257614653565347 0
1836 -1.607791688111962 2.905900918991591 0
1837 0.1969177276653003 2.4878336989965 0
1838 0.2458604242889029 2.403507769119845 0
1839 0.1973033751987873 2.318959185551287 0
1840 -1.656348741047571 2.821353562729337 0
1841 -1.558848992465665 2.821575179165615 0
1842 -1.607406045493821 2.737027857038464 0
1843 -1.509906549379369 2.737250995603902 0
1844 -2.691207991871923 3.070873591198855 0
1845 1.560371945664166 3.166288141054546 0
1846 1.511431168001021 3.249773577433038 0
1847 1.413929516709135 3.250385304685352 0
1848 1.458928334954316 3.334326932700076 0
1849 1.361620627529683 3.333880048427678 0
1850 1.315870021942086 3.249462248423959 0
1851 -1.700663662823152 0.8791840737412433 0
1852 -0.236635340586934 0.2116039135042638 0
1853 -0.285425267290947 0.1230181049140253 0
1854 -0.139130329638733 0.2095209536521261 0
1855 -0.8231659508886411 0.8811879573934067 0
1856 -0.774223254209055 0.7968620275631919 0
1857 1.951913151478348 2.491841466254531 0
1858 2.097584302596153 2.745487187104469 0
1859 2.049027345934112 2.660937885799481 0
1860 -0.7245095322506161 0.3749052590827953 0
1861 -0.8220093230041995 0.3747023033684904 0
1862 -1.601621326697966 0.2039086738821378 0
1863 -1.412641379426139 2.399816879368673 0
1864 -1.462548809930095 2.321050115017556 0
1865 -1.368275290886704 2.32497560926725 0
1866 -1.514031526200961 2.248682817394836 0
1867 -1.31493882760015 2.400146046439232 0
1868 -1.27488750545144 2.29862649734907 0
1869 2.731313205402756 3.171150494293413 0
1870 0.737986924205389 0.3781268770208017 0
1871 0.7869296208849728 0.2938009471905867 0
1872 0.8844293666554746 0.2940236009297141 0
1873 0.8358723175645557 0.2094750173603719 0
1874 0.9333720633350573 0.2096976710994989 0
1875 0.9819291124259766 0.2942462546688405 0
1876 1.030871809105559 0.2099203248386248 0
1877 1.079428858196479 0.2944689084079659 0
1878 1.12837155487606 0.2101429785777493 0
1879 1.176928603966982 0.2946915621470914 0
1880 1.127985907287401 0.3790174919773079 0
1881 1.225871300646561 0.2103656323168734 0
1882 0.738372571794054 0.2092523636212444 0
1883 1.274414210499211 0.2949226394398814 0
1884 1.323398427987952 0.2156121921365712 0
1885 1.030486161516897 0.3787948382381825 0
1886 1.079043210607816 0.4633434218075263 0
1887 1.176531649100008 0.4635742689883928 0
1888 -2.240105216997934 2.313433143949666 0
1889 0.9329864157463936 0.3785721844990568 0
1890 0.2019302209037228 0.2928702377732739 0
1891 -1.753848489945968 2.821132082900223 0
1892 -0.8274081121838839 2.738808075528186 0
1893 0.8825053585900193 1.136543910606495 0
1894 -1.114122597845475 0.2050219425777855 0
1895 -1.65201614848454 0.9637290829989171 0
1896 -1.168493419671393 2.653706224558043 0
1897 -1.217408761573461 2.737930649655433 0
1898 -1.314908788000644 2.737729874788839 0
1899 -1.266350369072574 2.822251124304638 0
1900 -1.363849933400571 2.822027561962754 0
1901 -2.193175794771133 3.073433155785465 0
1902 -0.143367263615785 2.064868127364212 0
1903 -0.1919243127067048 1.980319543794867 0
1904 -0.2408670093862886 2.064645473625082 0
1905 -0.5792237626680512 0.7973073350414495 0
1906 1.168983815683567 1.138327184298104 0
1907 1.075618045063518 1.13841946003575 0
1908 0.4936590883961353 0.6308820127723165 0
1909 1.317200395534992 2.912579012969821 0
1910 1.366143043962438 2.828252835290464 0
1911 1.463643071168031 2.828476935093995 0
1912 1.415090397071539 2.743893778879531 0
1913 1.512590918913626 2.744110911521882 0
1914 1.561143712969827 2.828693099385454 0
1915 1.561569241609523 2.659520159934283 0
1916 1.317574548570697 2.743635930489887 0
1917 -0.6785094755926917 1.641375540843836 0
1918 -0.6295430671149095 1.557035993104243 0
1919 1.171356014858142 2.658659645509405 0
1920 -1.258819449591482 1.131275631430295 0
1921 -1.553449925195727 0.457331770851042 0
1922 -0.8227803032999721 0.7123134439938477 0
1923 -2.19211376283492 2.566701327402237 0
1924 -2.094537879748799 2.567013415808597 0
1925 2.439285485846226 2.492907843423816 0
1926 2.544744838695191 2.494322074719662 0
1927 0.1518315068163776 0.8834144947846985 0
1928 0.1028888101367931 0.9677404246149115 0
1929 0.2003885559072941 0.9679630783540418 0
1930 -1.364620793457764 3.159769300877159 0
1931 -1.316063322478717 3.244133366269084 0
1932 -1.218565179593891 3.244340965468266 0
1933 -1.267506694239578 3.328866467196739 0
1934 -1.413562998022517 3.243879960263177 0
1935 -1.511062623681079 3.243604709521648 0
1936 -1.462506185783311 3.328421160912895 0
1937 0.9757587510074758 2.996238469060325 0
1938 -0.4316243774519633 0.2065805187516909 0
1939 1.756143857486637 2.829133594141383 0
1940 0.4447163917165502 0.7152079426025311 0
1941 0.5422161374870523 0.7154305963416612 0
1942 0.7807592591473458 2.995793161797968 0
1943 0.5911588341666372 0.6311046665114455 0
1944 0.6397158832575545 0.7156532500807893 0
1945 0.9807721696599746 0.8008697948675199 0
1946 1.126828964521393 0.8856410321759964 0
1947 -1.363475029560575 2.653245598968003 0
1948 -0.1414390256724614 1.220495560366422 0
1949 -1.949233621951738 2.989559026340577 0
1950 -1.168850396555533 2.822469220964655 0
1951 2.000084686964805 2.745263522798919 0
1952 -1.559620194374748 3.159284308973294 0
1953 1.615854373433554 0.2175747383094353 0
1954 1.664234581738209 0.1302913065353963 0
1955 -1.895073593985411 1.04781175517443 0
1956 0.78507499878286 1.133799410747892 0
1957 -2.242504151958229 3.326639935777512 0
1958 -0.09558150969142032 2.487165737743376 0
1959 -0.6830135095706027 2.483141084760957 0
1960 -0.1888391319973777 0.6293234365984097 0
1961 -0.6759522582442981 0.4593553525280261 0
1962 -0.6767235084385534 0.7970846813023214 0
1963 -1.456748494691552 1.128824429433276 0
1964 0.5907731865779684 0.799979179911005 0
1965 1.32256136381288 0.7178080951803003 0
1966 -0.5325949515204627 1.726228485608581 0
1967 1.512200307253878 2.913024628874558 0
1968 -0.483266607252214 1.473028042378809 0
1969 -0.4339382629839644 1.219827599149036 0
1970 2.341133739487577 2.830462746136697 0
1971 0.4431677523329828 1.390709470215109 0
1972 -0.3387524029156476 2.233297333383295 0
1973 -0.3876950999190538 2.317623263482233 0
1974 -0.4853718104864364 2.3172906901831 0
1975 -0.3391380506898261 2.402171847035499 0
1976 -0.6778139359916221 1.977704774185655 0
1977 0.833750488635489 1.566650043319976 0
1978 0.933290290895062 1.570058188243401 0
1979 1.219700601509031 2.912356111407262 0
1980 0.1499032688730487 1.72778706178248 0
1981 -0.4824953120748825 1.135279015579693 0
1982 -0.4335526153952989 1.050953085749479 0
1983 -0.09133938622687607 0.6295460903375392 0
1984 -0.3838386235383813 0.62887812912015 0
1985 -0.1445242063728377 2.571491667573367 0
1986 0.6832595131135655 2.995570508645136 0
1987 -0.5321816401672325 1.557338084648081 0
1988 -0.1907673699407085 1.473696003596194 0
1989 -0.141824673261126 1.38937007376598 0
1990 0.3456730474198874 1.390483921464018 0
1991 0.2967311908832095 1.474809368792239 0
1992 0.3934598095049702 1.812780952830079 0
1993 0.4908962095845178 1.813001710267206 0
1994 -0.7264375002954691 1.21915963793165 0
1995 -1.164144974534089 1.133214397948185 0
1996 -0.4859661542202878 2.655149686640597 0
1997 -0.6277808117589678 0.7127587514721052 0
1998 0.5402149994937121 1.559841549505528 0
1999 -1.510291942392079 2.906123590989406 0
2000 0.2951879765942044 2.150307526218197 0
2001 0.1976888774107014 2.150084697771991 0
2002 -1.310664679741146 0.8800746886977626 0
2003 -0.1437529112043575 2.23374264076386 0
2004 -0.1923099602953712 2.149194057194425 0
2005 0.1036601053141277 0.6299913978157987 0
2006 0.2975026540891241 1.137060245492727 0
2007 0.3464453507687102 1.052734315662514 0
2008 0.05240352310254703 1.727564408043351 0
2009 -0.2400957142089579 1.726896446825966 0
2010 -0.2890384108885414 1.81122237665618 0
2011 -0.2404813617976233 1.895770960225523 0
2012 -0.337981107568125 1.895548306486395 0
2013 -0.1429816160271216 1.895993613964652 0
2014 0.3923115110372493 2.319409248016822 0
2015 -0.7753801969750524 1.303485567761865 0
2016 -0.3383667551776334 2.064422819897923 0
2017 0.1001892527868522 2.149862022682022 0
2018 -0.4347049475338681 1.557573978021328 0
2019 -0.6778804512045511 1.303708221500994 0
2020 -1.115665188200144 0.8805199961760199 0
2021 -1.899519698197454 2.567510342618915 0
2022 -1.948078226867393 2.482950650681383 0
2023 -0.0431679847246255 0.8829691873064394 0
2024 0.6860483696041119 1.302732265167241 0
2025 0.1980746569931892 1.981210150984414 0
2026 -0.2894240584806805 1.980096890057733 0
2027 -1.31529251436651 2.906569797729383 0
2028 0.684030807932698 2.657821893330563 0
2029 0.7325878570212185 2.74237054599655 0
2030 1.659079313765045 2.659655883036504 0
2031 -0.6771091560272201 0.9659591947018795 0
2032 -1.997405028792304 2.736137381265445 0
2033 1.030100513928228 0.5476693516377464 0
2034 1.127587067874037 0.5479015643922329 0
2035 -0.2393244190316267 1.389147420026851 0
2036 -0.5817797356069818 1.979309797910381 0
2037 -1.022420923300457 2.738326178526338 0
2038 -0.973611812682555 2.653668439549663 0
2039 -1.119928074489191 2.738119586846834 0
2040 -0.289809706118545 2.148971403485568 0
2041 0.09980362942818385 2.31873653181205 0
2042 0.003846474011629029 1.643015824474008 0
2043 0.4925021456301271 1.13750555297099 0
2044 0.8300876026599019 2.742593211218469 0
2045 0.1491319736957175 2.065536088581595 0
2046 0.1005749223744487 1.980987503717758 0
2047 0.7368299814393861 0.8847504172194796 0
2048 0.1502889164617124 1.558912548382925 0
2049 0.1013462197821303 1.643238478213138 0
2050 -1.504135670696841 0.2103012169645933 0
2051 -1.46230739869671 0.1332210086360424 0
2052 -1.655963261357545 2.652522264102944 0
2053 0.7314321073709326 3.248470607775007 0
2054 0.7784250123627882 3.332378821146038 0
2055 0.1025031625481225 1.136614938014464 0
2056 -0.335667222036131 0.8823012260890513 0
2057 -0.2381674762656294 0.8825238798281805 0
2058 0.541444842309713 1.053179623140777 0
2059 1.950756237803117 2.998464780554956 0
2060 -1.651335178253689 0.625983711942169 0
2061 1.365746730413753 1.13857687755344 0
2062 -1.215415338372144 1.226825854697421 0
2063 2.194312749369358 3.083458897305547 0
2064 2.14575570097516 2.998910308326046 0
2065 -0.5810960144211901 1.641647748642093 0
2066 0.8790302813814228 2.658275126650881 0
2067 -0.9696083933387249 0.9652912334844925 0
2068 -1.456721474602563 0.7953034513892903 0
2069 -1.358836081243391 0.6266515917288624 0
2070 0.1533687160476452 0.2102728272320424 0
2071 -0.923707214668939 1.218006747058252 0
2072 -0.3834529759497139 0.4600036157205936 0
2073 0.9318294729803889 0.8851957246977373 0
2074 0.7861583257076399 0.6315499739897026 0
2075 0.6894298751144707 0.2935782934514588 0
2076 1.366523116599765 2.659136552432711 0
2077 -0.8709517572824833 0.4589133280539059 0
2078 -0.7256662051181375 0.8814106111325359 0
2079 -1.120293025295924 2.90701476936174 0
2080 -0.5339679323925168 2.231742768956264 0
2081 -0.7796219060110687 3.161092578676297 0
2082 -0.8285624413765103 3.245290487505218 0
2083 -0.8771214064782035 3.160869480401749 0
2084 -0.9260693110769497 3.2450431412024 0
2085 -0.8775035125519698 3.329777433593449 0
2086 -0.9746265937164329 3.160635392265893 0
2087 -1.023575944550297 3.244805824523395 0
2088 0.6882729323484701 0.8002018336501331 0
2089 -2.447966473141935 2.484348479558101 0
2090 -0.2373961810882944 0.5447748530290664 0
2091 0.4453811059709577 0.377539959647228 0
2092 -0.8721086475682233 0.9655138872236215 0
2093 -0.3360528696247971 1.051175739488608 0
2094 -1.066336843931892 0.6273195529462472 0
2095 -0.6270095690618935 0.3750327057019489 0
2096 0.2493312525868788 0.8836371485238264 0
2097 -0.7268807090677006 1.726170048505958 0
2098 1.902974671287512 2.576135194248035 0
2099 1.073893093145557 2.658732544608984 0
2100 0.9275873441940559 2.742817702108617 0
2101 0.4439450965392117 1.052956969401645 0
2102 0.2501025477642145 0.545888121724714 0
2103 1.610102538848556 2.744244543885841 0
2104 -1.408164425511647 0.8798520349586336 0
2105 -1.945315598922824 0.7942766351693502 0
2106 -0.9191292073844051 0.2081389040103332 0
2107 -1.803176812516437 3.074324129029379 0
2108 -0.8862963627880742 1.318578337474599 0
2109 -1.461349360684596 2.821799203762769 0
2110 -2.094904771193194 2.735913437019904 0
2111 1.663162524544364 0.4576346155787814 0
2112 1.804313846587908 3.082538845754916 0
2113 -0.6813515822832762 2.823582345948647 0
2114 1.371907004438148 0.2960628096894489 0
2115 -1.16962393350918 3.160181292817266 0
2116 -0.7299084166682774 2.739031424756817 0
2117 -0.4323956726292985 0.5443295455508068 0
2118 -1.310279032152478 0.7112001752982053 0
2119 -1.261721983061561 0.7957487588675478 0
2120 -1.018165442429643 0.8807426499151485 0
2121 -2.387814145093857 2.904078053390007 0
2122 -2.628987073325608 2.986244314824777 0
2123 -0.04432492749062373 1.389592727505109 0
2124 -1.699891583649756 0.5414355019727544 0
2125 0.3953880474482956 0.9684083858323013 0
2126 -2.437117907427184 3.157280915065622 0
2127 -2.486059961288226 3.241325581344464 0
2128 -2.535003389273827 3.32597197635175 0
2129 1.072872849189324 3.165335636198812 0
2130 1.121431216253785 3.24930708107816 0
2131 0.2011598510846296 0.6302140515549279 0
2132 -0.2871101729452133 0.9668498096583938 0
2133 -2.045580772133842 2.482706813844711 0
2134 1.609700089088963 2.913247096275335 0
2135 1.224302642633287 0.8859013092629449 0
2136 0.5428630882543042 0.3777761206936594 0
2137 2.486430056565392 3.251373485127712 0
2138 2.52979747852934 3.334271096117235 0
2139 -2.14423311074314 2.989112535237256 0
2140 -2.095676050005094 3.073656248678971 0
2141 1.225467272733531 0.3792513387693308 0
2142 -0.1896104271747118 0.9670724633975227 0
2143 1.658646553407303 2.828892319342738 0
2144 1.175786366810467 0.801397453818073 0
2145 -0.3348959268587966 0.5445521992899365 0
2146 -1.650948394507022 0.4571098579677264 0
2147 -2.045965202664477 2.651583942172986 0
2148 -1.359221728832062 0.7955261051284195 0
2149 -1.997019378034336 2.567261258323672 0
2150 1.901813577583812 3.082764493835612 0
2151 0.7372156290280552 0.7158759038199169 0
2152 -1.796620818238967 0.2034633664038732 0
2153 -1.894078528126993 0.2245472729577447 0
2154 -1.657505677327045 3.327975854629041 0
2155 2.389696705189845 2.91502663101996 0
2156 2.438525845505964 2.830465380895161 0
2157 -1.900676556037174 3.074100488202039 0
2158 -0.09211068140420957 0.9672951171366518 0
2159 1.025064309295709 2.743042680452723 0
2160 -0.8759651249350189 2.654259026156754 0
2161 -1.998176293202961 3.073874065640562 0
2162 2.437869683679859 3.168280386618 0
2163 2.195463505683191 2.576847787052787 0
2164 -0.9195088151201097 0.3743685746560561 0
2165 -1.990173071721104 0.5366681847289891 0
2166 -1.949619129736107 3.158372795202321 0
2167 0.2462458582544029 2.234633326832019 0
2168 0.5910375045525936 0.2946856604993706 0
2169 1.365372086500608 3.166003597417929 0
2170 0.248945604998209 1.052511661923384 0
2171 -0.1884534844087114 0.4604489231988538 0
2172 0.005389064366292299 0.9675177708757814 0
2173 2.193006531488402 3.250778506096885 0
2174 2.633254429105804 3.000023582627165 0
2175 0.8786446517859539 2.827141772416184 0
2176 0.05317481827987469 1.389815381244237 0
2177 -0.8705694787002951 0.2915140976504524 0
2178 0.6405319507494136 0.2129544531402314 0
2179 0.2978883016777936 0.968185732093169 0
2180 0.05510305622321048 0.5454428142464565 0
2181 -2.437074486257317 2.817094842023192 0
2182 1.218838172898336 3.249193014879458 0
2183 1.167603387903497 3.332778321070626 0
2184 -1.412409129654418 2.737497734509676 0
2185 1.023931902986456 3.248895028447462 0
2186 0.05548870381188109 0.3765683008469012 0
2187 -1.998561719555871 3.242652159445835 0
2188 -2.047504660414496 3.327085242061354 0
2189 0.005003416777622595 1.136392284275334 0
2190 1.273879351722023 0.4638915335467777 0
2191 0.1514458592277087 1.052289008184253 0
2192 -0.1398964353177937 0.5449975067681987 0
2193 -1.114893893022806 0.5427709693769052 0
2194 1.999313257803206 3.083013590022542 0
2195 0.8782590051071728 2.996015815404243 0
2196 1.176146538538765 0.6324504421152533 0
2197 -1.163450942113723 0.4582223858075603 0
2198 0.8297019559398896 2.9114673102407 0
2199 -0.04239668954729151 0.5452201605073275 0
2200 0.1044303494111902 0.2927026375271924 0
2201 0.9268160541837265 3.080564398978431 0
2202 0.9753733608254109 3.165000245046189 0
2203 0.9730220313529556 3.332564641010625 0
2204 0.0539461134572083 1.052066354445122 0
2205 1.224784336910586 0.7171895246247137 0
2206 -1.558464001709553 2.652725793857814 0
2207 -0.0439392799019627 1.220718214105549 0
2208 1.267763867562568 3.165484087403002 0
2209 2.096813096546673 3.083195622446443 0
2210 0.3919208042854894 2.488280145565552 0
2211 2.097966965321449 2.57667650727468 0
2212 2.000468929428667 2.576440504806216 0
2213 -1.309507736975136 0.3734511484990908 0
2214 -1.212779286381977 0.7114228290373341 0
2215 -0.09288197658154644 1.305044143935767 0
2216 -1.163836589702391 0.6270968992071198 0
2217 2.145217238213812 3.167256857409083 0
2218 0.2477886342274482 1.559135218205453 0
2219 -1.950004914642638 3.327307895203269 0
2220 0.1487462622359468 2.234410618815264 0
2221 0.2948043832317285 2.319182705537833 0
2222 0.1506745640503716 1.390038034983366 0
2223 0.3433646288473756 2.403732349733969 0
2224 0.3942238514485773 1.475036091631511 0
2225 -1.211628588353963 0.2075338504464799 0
2226 0.1992315804690674 1.474586637316677 0
2227 -1.260565040295548 0.2891252186688715 0
2228 0.4427687458637042 1.559591075575767 0
2229 0.4912899583547681 1.644121156320133 0
2230 -0.09596715720025004 2.65604025179303 0
2231 -0.1449098539734442 2.740366180929025 0
2232 -0.3880807481678926 2.486497777715303 0
2233 -0.3884663992426965 2.655372305962248 0
2234 0.4400886380260407 2.741702099486122 0
2235 0.4886456915296299 2.826250678367318 0
2236 0.3907603140996151 2.994902539451292 0
2237 0.3422032920621417 2.910354016394553 0
2238 -0.2431812179675154 3.077893196070226 0
2239 -0.8281804142556008 3.076567538413546 0
2240 -0.8767377250495666 2.99201287993062 0
2241 -2.142696226031052 2.313612200714433 0
2242 -1.121072122413691 3.244527852166588 0
2243 -1.072536559805309 3.329314553614698 0
2244 1.710576517683445 2.400114634227604 0
2245 0.4905433455603436 1.981933852992009 0
2246 2.082808086084543 1.920970447553357 0
2247 -1.704136638746541 2.399993816209225 0
2248 -2.142293683726411 2.146011726295747 0
2249 0.5393687444856359 2.066628753290123 0
2250 -1.889123641102489 1.217984579940583 0
2251 -1.670541825635071 1.60109759341967 0
2252 0.6371110350713431 2.066846023494503 0
2253 0.539889834206905 1.72865856168021 0
2254 0.6373735749181491 1.728903896359853 0
2255 0.5395162717665665 1.897596445543644 0
2256 -2.290261785214625 1.60363269013781 0
2257 -0.09728977751638661 3.331469218391549 0
2258 -1.94326707791278 0.4565466900809514 0
2259 0.9316398354182811 2.403762402277454 0
2260 1.361361463465818 0.1388730972005723 0
2261 0.1456208765078622 3.415896951346456 0
2262 -0.2420933735301531 3.416089339644459 0
2263 -0.339179999812621 3.415892416888615 0
2264 -2.756686100607325 3.418407909508745 0
2265 -2.808452414164154 3.346052170646099 0
2266 2.758064516129032 3.416191089956346 0
2267 2.809584154123171 3.344734736287709 0
2268 -0.5329965530945731 3.415864088473801 0
2269 -0.3900036945230975 3.330408768728957 0
2270 -2.142126501794424 1.135445292620014 0
2271 -2.17507204542383 0.9960320471721386 0
2272 2.485411881102271 2.578655079261977 0
2273 0.8325625273838854 2.40424452222856 0
2274 -0.7268131118292853 3.4158465172246 0
2275 -0.5846582011383912 3.330053915509797 0
2276 -2.563966098341702 2.271915299245298 0
2277 2.091314709718327 0.6194585768731531 0
2278 2.001429080477926 0.3560364281442312 0
2279 2.512339765440907 2.095158563257488 0
2280 2.068746196088436 0.5314228713032827 0
2281 2.329198687542002 1.449357894191598 0
2282 -2.276866323570824 1.261471577743304 0
2283 -2.615219986922719 2.466881536526194 0
2284 2.422310742186507 1.813588003427095 0
2285 2.567131393009653 2.276914136496311 0
2286 -1.996690378126262 0.3523767515310026 0
2287 1.959708186493533 0.1609480369416945 0
2288 2.143946690256276 0.8042967137087467 0
2289 -0.9202265692912737 3.416065699001605 0
2290 0.1947409129479362 3.331749675902451 0
2291 -0.7795486397634257 3.329539774066864 0
2292 0.6860810760001232 2.319929476530546 0
2293 -1.113919674669171 3.416094047351614 0
2294 -1.741183714772605 1.694692773743164 0
2295 -1.855062100124139 0.06140552275010802 0
2296 1.206271216132694 0.07652410725340131 0
2297 -0.044453345545023 0.07450307680226231 0
2298 -1.007888755011894 0.07532512996293406 0
2299 -1.19966166714401 0.07591545968740787 0
2300 -0.5260445431654344 0.07429579118469487 0
2301 0.1473446432165957 0.0753170583813898 0
2302 1.837200890702501 0.07647163888206343 0
2303 -1.678031770734355 0.0769557852658167 0
2304 0.6281675788860666 0.0758490078065206 0
2305 0.8212910050207152 0.0774146599748935 0
2306 1.013777124299311 0.07779965622328122 0
2307 -0.9750227862000348 3.328641722974961 0
2308 0.3389599281920949 3.416630512283429 0
2309 -1.30764253735816 3.416097244134091 0
2310 2.437619037551898 2.661592223807838 0
2311 -1.170004705883319 3.328081869035657 0
2312 -1.501367188578875 3.416097879587345 0
2313 -1.609424001503781 2.400136366602049 0
2314 -1.365003911792824 3.327536707861765 0
2315 -1.69465098003689 3.416447565303883 0
2316 -1.79153583655213 3.416371697190212 0
2317 -1.560003206979218 3.327005416753669 0
2318 -1.985162427878916 3.41646345831777 0
2319 -2.082055471148078 3.416373875919163 0
2320 0.436667320016651 3.416109051807384 0
2321 -2.275673875720941 3.416455367512084 0
2322 -2.372575108741914 3.416353754421551 0
2323 -1.852502208604501 3.326234248610465 0
2324 -1.348191356656569 1.55106461667193 0
2325 -2.566185182596752 3.416317418539174 0
2326 2.286596402760629 2.245867470871274 0
2327 1.659039427446513 1.609424483925822 0
2328 -2.145001280126475 3.325493688208322 0
2329 -2.437500420748468 3.324783386683947 0
2330 -2.63015374823557 3.326005708934467 0
2331 1.288740011208251 1.599502689895443 0
2332 -1.283091136115394 1.273208548602112 0
2333 -1.122968529117409 2.358197204646864 0
2334 1.973768552446937 1.488595383676114 0
2335 0.486379703286908 3.332208279097712 0
2336 0.9725363499412608 1.659593551317108 0
2337 2.801519399121993 3.107085608585703 0
2338 1.347215284662079 1.97724940908793 0
2339 0.6309315786244887 3.416090159399794 0
2340 -1.246861263716001 1.744088032448099 0
2341 1.673046892857897 2.164721934428459 0
2342 0.6810277765102756 3.332383260987809 0
2343 0.825058104645807 3.416179772654865 0
2344 -1.275299516146654 1.950969593559258 0
2345 -2.143453260252041 0.8063005244398931 0
2346 -1.625494580389077 1.934379502894801 0
2347 -2.330347091580576 1.457044680151865 0
2348 0.8755864615048714 3.332628249299493 0
2349 -1.288026947999086 1.756618541298649 0
2350 -2.514509476580753 2.094538645788954 0
2351 -1.297445534814823 2.209282495764143 0
2352 1.519710471767131 2.241888334368336 0
2353 1.019184646687359 3.416269643402055 0
2354 -1.142520996673552 2.112852869131618 0
2355 -1.316562880230401 1.852862557004609 0
2356 1.713147545962744 1.749939505833161 0
2357 -1.663378525874717 2.163960909675276 0
2358 -1.160614220609507 1.30859936019025 0
2359 1.070142613087301 3.332848485183833 0
2360 1.213308572865823 3.416365355018222 0
2361 -2.464797214014912 1.906975821689301 0
2362 -1.180152970358239 1.665603321121547 0
2363 1.603280624888266 1.946532515708576 0
2364 -1.868711131796356 1.755582066121116 0
2365 1.264492597374829 3.333199979656597 0
2366 -0.8223787681405229 1.727716519178318 0
2367 1.275025417449895 1.742976485636165 0
2368 1.406119229416126 3.417685060207169 0
2369 2.728872036517771 2.836020034549183 0
2370 1.785765123807095 1.673108442166318 0
2371 1.464653331332362 2.02589306811281 0
2372 -2.435506458691337 2.642443698919397 0
2373 1.504301316505696 3.416722954035996 0
2374 1.293167114982869 1.982794246804976 0
2375 1.33915334105611 1.59728021534959 0
2376 -1.482886795866358 2.188381299219996 0
2377 2.385732724575795 2.243476130512416 0
2378 1.556411034540103 3.33367762524247 0
2379 1.698627451386845 3.416611987059002 0
2380 2.382224760031948 1.631189193278279 0
2381 1.751100597005001 3.333711706534549 0
2382 1.892753965724405 3.416706706211722 0
2383 -2.798036487665373 3.105606415224337 0
2384 2.24478499804014 2.329344383328662 0
2385 1.306676397633765 1.411649647705403 0
2386 1.371260842424899 1.914042914137162 0
2387 1.945659402358799 3.333900207794546 0
2388 2.633689640377965 2.462604779816803 0
2389 2.238551296963016 1.434236785759922 0
2390 2.086880467747663 3.416805170091929 0
2391 -1.727716090375141 1.531469279119526 0
2392 2.019096855412744 1.107443491877783 0
2393 -2.380828664179817 1.629806177777976 0
2394 -1.542810547927423 1.993025957696127 0
2395 2.139904275728879 3.33434087578654 0
2396 -1.29715359090103 1.696138320741852 0
2397 2.146959417479803 2.329069622271575 0
2398 2.278901358223566 3.418805643010812 0
2399 1.411106654201027 2.027019245317114 0
2400 2.377749323906965 3.417314429215642 0
2401 1.023029395186169 1.218253060646435 0
2402 1.955933115968551 0.4527540245996664 0
2403 1.866812799701028 1.689964249564976 0
2404 1.483313677496998 1.989984457910799 0
2405 1.514196525215184 0.8770174563517652 0
2406 2.431844181521164 3.334924008434231 0
2407 2.57190284652896 3.416856969606511 0
2408 1.545444142520193 1.505404563252981 0
2409 2.09441299838304 2.243235416179305 0
2410 -2.016303874613695 1.848207473083695 0
2411 2.624783604603194 3.335251265804747 0
2412 2.044558716890184 2.159851770676675 0
2413 1.308376911604415 1.85841207329504 0
2414 -0.8328429928144743 2.385741307644789 0
2415 1.21395934255668 1.228181049136267 0
2416 -2.727866278644348 2.834663954376813 0
2417 -1.391780080984131 0.06877798922701417 0
2418 -1.355176825157404 1.99401859596207 0
2419 1.326505037489923 1.208243054252469 0
2420 1.398862595754918 1.223044627434309 0
2421 -1.605534211619537 1.517045458380535 0
2422 1.297689777071883 2.323467162692217 0
2423 1.230070182928911 2.210476090201672 0
2424 2.465835288214289 1.910313084595771 0
2425 2.319408255865908 1.832226865381466 0
2426 0.729709733504271 1.392725268777575 0
2427 1.083110032369959 1.711021994476285 0
2428 -0.6735658045080459 2.142719175008229 0
2429 -1.607782419356361 2.018113361684907 0
2430 -1.650864165941202 1.999504062182473 0
2431 -2.082769530638813 0.878315356751141 0
2432 0.9776942049978408 1.964382507296681 0
2433 2.067168468859534 1.622788208950664 0
2434 2.087418679574423 0.9439289876937775 0
2435 -0.9236946675657494 2.048515335020466 0
2436 -1.409277344075392 1.994244067750849 0
2437 1.238498979683246 1.595912644394734 0
2438 -1.938320398730065 1.293768101427335 0
2439 -0.7250691316844218 2.057445001644169 0
2440 1.450738103102142 1.407095632809791 0
2441 -1.366416123117535 1.35232413077813 0
2442 1.376745070611425 2.184930004498998 0
2443 -1.220138370756633 2.216462486766495 0
2444 -1.958159996951518 0.1623514757008553 0
2445 -1.087058759290998 1.447422987287394 0
2446 1.604563603694786 1.212921399058647 0
2447 -1.512065545369794 1.971280607326059 0
2448 1.699441422399301 1.829997108075617 0
2449 1.735905602999795 1.823776040550014 0
2450 -1.383186160661369 1.965523984466308 0
2451 -1.44326601359298 1.980486596807823 0
2452 -1.755105039987473 1.867521276590984 0
2453 2.033737789283506 0.6917888002884107 0
2454 -1.518289407918551 1.325331202972689 0
2455 -0.8268748684141736 2.051779785458028 0
2456 -0.9219041692314003 1.576081875188569 0
2457 1.369013253698813 2.016768781552828 0
2458 -2.717029988547353 3.337246913531279 0
2459 -2.345481862864276 1.785032330267582 0
2460 -2.083211141354505 1.574917963064367 0
2461 -1.299909843073997 1.545859019186518 0
2462 2.716993360479991 3.337378400424713 0
2463 -2.398008546545731 1.969456443891368 0
2464 0.3369584001600565 0.07062611053610368 0
2465 1.566569714603203 0.4522939961767918 0
2466 -1.715359897838938 1.760975387580356 0
2467 1.412560801352154 1.556083740518214 0
2468 1.488204825429491 2.176589621919042 0
2469 -1.999369735396443 1.448065768365808 0
2470 1.305839944435391 1.661888617333307 0
2471 1.07575687291058 2.073009000148633 0
2472 1.544842261691124 1.986676283156271 0
2473 -1.121555911825874 1.914789945260902 0
2474 1.137112813870456 1.441426356237892 0
2475 1.459979409595063 1.158796072973654 0
2476 0.9256057549944696 1.212483434438312 0
2477 1.931091174628001 0.08090124666863563 0
2478 -1.936853190841561 0.07735431594491926 0
2479 -2.078758367564581 0.5354709778972311 0
2480 -1.879055792550679 1.809610814219409 0
2481 -1.433793559669136 1.502150849312889 0
2482 -1.822432543675558 2.030869749141064 0
2483 -1.476140770589643 1.45330295179731 0
2484 -2.2574458785195 1.17017309452803 0
2485 1.059325573605773 1.544211132059031 0
2486 1.025000353878291 1.479736394926241 0
2487 1.605268521241934 2.166233858623335 0
2488 0.8698140014339432 1.439521900447926 0
2489 -1.282875367021984 1.904412931227115 0
2490 1.220998256139511 1.85703709637896 0
2491 2.262897143520179 1.175878074685942 0
2492 1.901141905613764 0.2320203803026519 0
2493 2.478053942849231 2.249331044730322 0
2494 -1.560955378257422 2.025113209238648 0
2495 -2.76259077646416 2.920274815747079 0
2496 2.128306644174682 1.845590917599196 0
2497 -1.539057063345617 1.544984969191498 0
2498 1.817174935248347 1.704532755628668 0
2499 -0.6985394005689041 0.06918201325324635 0
2500 1.660620120666925 1.529647215195403 0
2501 1.788559092783924 1.629469191245361 0
2502 1.517142292467627 0.5442758307465811 0
2503 -2.475067514184411 2.243965951937584 0
2504 -1.318231395949882 1.583241626225694 0
2505 -1.519876695495094 1.508317274835543 0
2506 -1.727169115471699 1.901532987501146 0
2507 1.433189496406182 2.233953879656378 0
2508 -2.00648684836389 1.780641866182241 0
2509 -1.316275052036297 1.654707545836371 0
2510 2.757937520349706 2.925976801885494 0
2511 -1.68192238658943 2.111313425985583 0
2512 -1.604891202832311 2.157739215932191 0
2513 -2.436589318018064 1.813312946168502 0
2514 -1.630883967094282 1.602393618123007 0
2515 -2.141001235493323 1.994009949622779 0
2516 0.8326174425004467 1.207234832969438 0
2517 -1.423892570940094 2.244153487597069 0
2518 -1.720053536428144 1.647356249616724 0
2519 1.579936293285068 1.985025174677198 0
2520 1.82161512124809 0.5351780052555466 0
2521 1.8291347802618 2.031387365619439 0
2522 1.376045257730665 1.345860423369525 0
2523 1.718145519349188 0.536671826271145 0
2524 2.565649989466165 2.588960960235844 0
2525 -2.053414827102934 1.899311374810506 0
2526 -2.768074117251035 3.265866640139602 0
2527 -0.3531869060172896 0.06912515736101232 0
2528 2.872777024700071 3.287289271138326 0
2529 2.770947593751705 3.263053612004755 0
2530 -2.87277702470007 3.287289271138325 0
2531 -1.661914358637555 1.569990164736824 0
2532 -0.2176544699304815 0.06882975502924782 0
2533 1.739469692271413 1.898542480232963 0
2534 -1.277299771199126 1.995298300673017 0
2535 2.223902666959121 1.840731775789894 0
2536 -1.470747169503007 2.00529205851868 0
2537 1.720195020815073 1.860844104058602 0
2538 -1.776605712439427 1.832202402776466 0
2539 -2.536028833419978 2.455040877676134 0
2540 1.509792414172991 1.506760370956833 0
2541 1.604891171193839 1.583461727905369 0
2542 2.279796414488079 1.51404312969514 0
2543 0.7817464247189423 1.292614177464844 0
2544 -1.776114912014741 1.453934934806594 0
2545 -0.8938049154365442 1.503611224850228 0
2546 1.370998316012236 1.599425187687024 0
2547 1.641056354010865 1.915887249201706 0
2548 1.919922791995617 1.446712150374151 0
2549 -1.193793833885191 2.151239768527261 0
2550 2.411301868287493 1.984333744086098 0
2551 1.491238441112812 1.534838882227086 0
2552 -1.291831179837543 1.200546210499596 0
2553 -1.043603722091464 1.374638550831339 0
2554 -1.120834231507321 1.761978026443354 0
2555 -1.424072090238505 2.17765235948154 0
2556 1.328425879628182 1.693444462992472 0
2557 -1.923165825437307 0.2966366715172906 0
2558 1.495454475490348 1.065849433567013 0
2559 -0.3843766475059899 0.1421725906269795 0
2560 1.625026840715444 2.025854390663708 0
2561 1.743162396823775 1.785906586591854 0
2562 -0.1861703360440764 0.1426421332890908 0
2563 1.348876698456023 1.936357877466727 0
2564 1.928729325296067 0.5349162575996931 0
2565 -1.335281124915487 1.616972887505426 0
2566 -2.708665594575121 2.976366095644669 0
2567 -0.09023779802878351 0.1471622342330838 0
2568 1.239894092004703 2.404319967682579 0
2569 -0.4802370778489389 0.1464015604747406 0
2570 -2.467288712807558 2.564066790308986 0
2571 -1.743756989708052 1.783305861083219 0
2572 1.675191405911225 1.923024173573038 0
2573 -1.647432201171985 1.962663800840702 0
2574 0.007260499372717348 0.1480191266331796 0
2575 1.46464563008432 1.252204254132012 0
2576 1.281177261012189 1.707985850276285 0
2577 1.243569858491373 1.983709287577798 0
2578 -0.5777388583847084 0.1470699274618257 0
2579 -0.834292537782201 0.06950165052754365 0
2580 -2.241574822826849 2.000295506173444 0
2581 1.288369009487385 1.634633972843721 0
2582 0.1040280987552668 0.1473067716408791 0
2583 -0.6736984744612576 0.1448877964228032 0
2584 2.515019286715551 2.337097333357567 0
2585 1.713365760852699 1.925768233053729 0
2586 0.299757763766375 0.149551025681157 0
2587 1.934555062672439 0.3093209598241131 0
2588 -2.215419217798279 1.311743530231301 0
2589 -1.29747778581294 1.790974358003208 0
2590 0.2022573908569797 0.1496029951430393 0
2591 -1.711617020035814 1.937536010752668 0
2592 -1.620246282201389 1.897445080986966 0
2593 -1.443794282710186 1.568062051558538 0
2594 1.417855499066561 1.523472862369217 0
2595 -2.115574399805923 0.6145351338900331 0
2596 2.069956289268118 0.7726249290780169 0
2597 1.348673840540398 2.247666457655901 0
2598 1.607509758218934 1.912690343148354 0
2599 1.818586225831643 1.604517808500712 0
2600 0.4856706125188861 0.1415294936133487 0
2601 -1.837852070720222 1.61240264004948 0
2602 1.101703156718432 2.418765047476356 0
2603 -1.735156664063854 1.420885760577799 0
2604 0.4320256978975948 0.07075864650184216 0
2605 1.255415220803006 1.772903384813537 0
2606 -1.198430491442034 1.74406749962452 0
2607 1.643588873843769 1.440574249285515 0
2608 -2.11601149062749 0.9497002005188402 0
2609 -0.9659438923188296 1.371925904681782 0
2610 -1.385041869096311 1.53793329525605 0
2611 1.488294815196374 1.422694144680869 0
2612 2.706850646812565 2.986372649369385 0
2613 -0.8706617660964761 0.1421447701528677 0
2614 0.587006832457824 0.1471757532048437 0
2615 -1.593551660527985 1.388569528510477 0
2616 0.688240619463075 0.1510880301415511 0
2617 -1.34629952542906 2.254562787959344 0
2618 -1.843422346676004 2.08336789259934 0
2619 0.7858352411494304 0.1515770509060108 0
2620 -0.9677450921960108 0.149354396228907 0
2621 -2.508064671484218 2.327017130667419 0
2622 0.8847495729223149 0.153805746366025 0
2623 -1.257697700215863 1.544776849379318 0
2624 2.22182195001431 0.9829543189524381 0
2625 -1.817789335927807 1.831256078433666 0
2626 0.9822488382444544 0.1542387877378899 0
2627 1.079748197643316 0.1546306330506488 0
2628 1.897577351911784 1.736792365713089 0
2629 1.765610787531858 0.1519280531241516 0
2630 -1.700816240951323 1.606369216726474 0
2631 -1.065246426201816 0.1498272284005864 0
2632 1.175418910317435 0.1530795447172333 0
2633 1.272239279115313 0.152362318686071 0
2634 1.567246389092565 0.1559792298513956 0
2635 1.666666666666663 0.0545463377928963 0
2636 1.394604259001268 0.06492904114221476 0
2637 1.477645454335587 0.054778532198279 0
2638 1.858560276336384 0.1558825410301605 0
2639 1.442139835826329 0.9856434117097962 0
2640 1.743028606753602 2.104030327412416 0
2641 -1.161284669208699 0.1481282488798725 0
2642 -1.155055476367319 1.621810565201003 0
2643 -1.354907490725771 0.1436585062388205 0
2644 0.9995214254482891 1.536956728020921 0
2645 -1.043405256497707 1.846790073244125 0
2646 -1.689402387786188 1.540170625702802 0
2647 2.341232254062412 1.756264952769672 0
2648 -1.258283813900199 0.1479690851510114 0
2649 2.30371819642024 1.258148184481437 0
2650 1.168379776987845 1.856109955139276 0
2651 1.277972824303711 2.256952214150328 0
2652 1.694938690571984 1.424141599630216 0
2653 1.625563941084095 0.7739872228866762 0
2654 -1.669012128410126 1.936329529603836 0
2655 -1.444546336121475 1.948232111439468 0
2656 -2.061777899728053 1.450925909340343 0
2657 -1.497381606586423 1.190403944411313 0
2658 1.571412130535717 2.218220574993395 0
2659 -1.339678738604853 1.297315946123727 0
2660 -1.067277092517878 1.903558398955887 0
2661 -1.415097130997553 1.186726573234274 0
2662 -1.476190476190475 0.05228164536266666 0
2663 -1.556346163702208 0.1557929087523096 0
2664 1.839732144387872 2.097115794556295 0
2665 -1.751202346699352 1.49454945629493 0
2666 -1.641047907429145 0.1453445368948805 0
2667 -1.790548408824713 2.16819325139664 0
2668 1.846288004791694 1.339514166060543 0
2669 -2.280911481008562 1.525617479503544 0
2670 1.018859642717294 2.091355582620622 0
2671 -1.743245870938654 0.1475673376874362 0
2672 1.638359108672662 1.58651671512294 0
2673 1.300623416977638 1.690566521463265 0
2674 -1.343585023084346 1.882383159778347 0
2675 1.70115560904909 1.709305967836086 0
2676 1.403574158898832 1.930741973340889 0
2677 -2.333842255592779 2.007815878156769 0
2678 -1.8467666142488 0.1480615232314635 0
2679 -1.531655584124403 1.936799746455676 0
2680 1.32531784740621 1.823364615771918 0
2681 1.667875002647643 1.83783054575838 0
2682 1.507993754136238 1.560705728620835 0
2683 -1.617536781721273 1.543908913641776 0
2684 -1.647764587461175 1.403308376899965 0
2685 2.900968610085751 3.377973534615675 0
2686 -2.900872373694679 3.378085561346833 0
2687 -1.119978761882555 2.431355974198843 0
2688 -1.281645208066439 1.724764696856419 0
2689 1.227108423861996 1.744297222187148 0
2690 1.427508167727725 1.364052815438271 0
2691 2.696581049469562 2.638911039911933 0
2692 2.448792963768394 2.062667744142983 0
2693 1.34771306047002 1.388631634116373 0
2694 -1.29179777420545 1.868839852143141 0
2695 1.936180389093879 1.75993250860219 0
2696 -1.799013243564985 1.574605401218802 0
2697 -1.452370992789981 1.478956562583148 0
2698 -1.504465900875614 1.4725140819271 0
2699 1.759424239134713 1.648207242206886 0
2700 1.997321950194596 0.513257981586378 0
2701 1.579303784967826 0.8965940782478943 0
2702 0.8765149665904368 1.505780598123543 0
2703 1.692989445311867 2.043040774130972 0
2704 1.596479206167849 2.015181551834871 0
2705 1.074434924401267 1.435501996366071 0
2706 -0.8435862026635235 1.459303440741576 0
2707 -1.362239244394492 1.517669552871294 0
$EndNodes
$Elements
5416
1 1 2 2 1 1 7
2 1 2 2 1 7 8
3 1 2 2 1 8 9
4 1 2 2 1 9 10
5 1 2 2 1 10 11
6 1 2 2 1 11 12
7 1 2 2 1 12 13
8 1 2 2 1 13 14
9 1 2 2 1 14 15
10 1 2 2 1 15 16
11 1 2 2 1 16 17
12 1 2 2 1 17 18
13 1 2 2 1 18 19
14 1 2 2 1 19 20
15 1 2 2 1 20 21
16 1 2 2 1 21 22
17 1 2 2 1 22 23
18 1 2 2 1 23 24
19 1 2 2 1 24 25
20 1 2 2 1 25 26
21 1 2 2 1 26 27
22 1 2 2 1 27 28
23 1 2 2 1 28 29
24 1 2 2 1 29 30
25 1 2 2 1 30 31
26 1 2 2 1 31 32
27 1 2 2 1 32 33
28 1 2 2 1 33 34
29 1 2 2 1 34 35
30 1 2 2 1 35 36
31 1 2 2 1 36 37
32 1 2 2 1 37 38
33 1 2 2 1 38 39
34 1 2 2 1 39 40
35 1 2 2 1 40 41
36 1 2 2 1 41 42
37 1 2 2 1 42 43
38 1 2 2 1 43 44
39 1 2 2 1 44 45
40 1 2 2 1 45 46
41 1 2 2 1 46 47
42 1 2 2 1 47 2
43 1 2 3 2 3 48
44 1 2 3 2 48 49
45 1 2 3 2 49 50
46 1 2 3 2 50 51
47 1 2 3 2 51 52
48 1 2 3 2 52 53
49 1 2 3 2 53 54
50 1 2 3 2 54 55
51 1 2 3 2 55 56
52 1 2 3 2 56 57
53 1 2 3 2 57 58
54 1 2 3 2 58 59
55 1 2 3 2 59 60
56 1 2 3 2 60 61
57 1 2 3 2 61 62
58 1 2 3 2 62 63
59 1 2 3 2 63 64
60 1 2 3 2 64 65
61 1 2 3 2 65 66
62 1 2 3 2 66 67
63 1 2 3 2 67 68
64 1 2 3 2 68 69
65 1 2 3 2 69 70
66 1 2 3 2 70 71
67 1 2 3 2 71 72
68 1 2 3 2 72 73
69 1 2 3 2 73 74
70 1 2 3 2 74 75
71 1 2 3 2 75 76
72 1 2 3 2 76 77
73 1 2 3 2 77 78
74 1 2 3 2 78 79
75 1 2 3 2 79 80
76 1 2 3 2 80 81
77 1 2 3 2 81 82
78 1 2 3 2 82 83
79 1 2 3 2 83 84
80 1 2 3 2 84 1
81 1 2 3 3 2 85
82 1 2 3 3 85 86
83 1 2 3 3 86 87
84 1 2 3 3 87 88
85 1 2 3 3 88 89
86 1 2 3 3 89 90
87 1 2 3 3 90 91
88 1 2 3 3 91 92
89 1 2 3 3 92 93
90 1 2 3 3 93 94
91 1 2 3 3 94 95
92 1 2 3 3 95 96
93 1 2 3 3 96 97
94 1 2 3 3 97 98
95 1 2 3 3 98 99
96 1 2 3 3 99 100
97 1 2 3 3 100 101
98 1 2 3 3 101 102
99 1 2 3 3 102 103
100 1 2 3 3 103 104
101 1 2 3 3 104 105
102 1 2 3 3 105 106
103 1 2 3 3 106 107
104 1 2 3 3 107 108
105 1 2 3 3 108 109
106 1 2 3 3 109 110
107 1 2 3 3 110 111
108 1 2 3 3 111 112
109 1 2 3 3 112 113
110 1 2 3 3 113 114
111 1 2 3 3 114 115
112 1 2 3 3 115 116
113 1 2 3 3 116 117
114 1 2 3 3 117 118
115 1 2 3 3 118 119
116 1 2 3 3 119 120
117 1 2 3 3 120 121
118 1 2 3 3 121 4
119 1 2 1 4 4 122
120 1 2 1 4 122 123
121 1 2 1 4 123 124
122 1 2 1 4 124 125
123 1 2 1 4 125 126
124 1 2 1 4 126 127
125 1 2 1 4 127 128
126 1 2 1 4 128 129
127 1 2 1 4 129 130
128 1 2 1 4 130 131
129 1 2 1 4 131 132
130 1 2 1 4 132 133
131 1 2 1 4 133 134
132 1 2 1 4 134 135
133 1 2 1 4 135 136
134 1 2 1 4 136 137
135 1 2 1 4 137 138
136 1 2 1 4 138 139
137 1 2 1 4 139 140
138 1 2 1 4 140 141
139 1 2 1 4 141 142
140 1 2 1 4 142 143
141 1 2 1 4 143 144
142 1 2 1 4 144 145
143 1 2 1 4 145 146
144 1 2 1 4 146 147
145 1 2 1 4 147 148
146 1 2 1 4 148 149
147 1 2 1 4 149 150
148 1 2 1 4 150 151
149 1 2 1 4 151 152
150 1 2 1 4 152 153
151 1 2 1 4 153 154
152 1 2 1 4 154 155
153 1 2 1 4 155 156
154 1 2 1 4 156 157
155 1 2 1 4 157 158
156 1 2 1 4 158 159
157 1 2 1 4 159 160
158 1 2 1 4 160 161
159 1 2 1 4 161 162
160 1 2 1 4 162 163
161 1 2 1 4 163 164
162 1 2 1 4 164 165
163 1 2 1 4 165 166
164 1 2 1 4 166 167
165 1 2 1 4 167 168
166 1 2 1 4 168 169
167 1 2 1 4 169 170
168 1 2 1 4 170 171
169 1 2 1 4 171 172
170 1 2 1 4 172 173
171 1 2 1 4 173 174
172 1 2 1 4 174 175
173 1 2 1 4 175 176
174 1 2 1 4 176 177
175 1 2 1 4 177 178
176 1 2 1 4 178 179
177 1 2 1 4 179 180
178 1 2 1 4 180 181
179 1 2 1 4 181 182
180 1 2 1 4 182 3
181 1 2 4 5 5 183
182 1 2 4 5 183 184
183 1 2 4 5 184 185
184 1 2 4 5 185 186
185 1 2 4 5 186 187
186 1 2 4 5 187 188
187 1 2 4 5 188 189
188 1 2 4 5 189 190
189 1 2 4 5 190 191
190 1 2 4 5 191 192
191 1 2 4 5 192 193
192 1 2 4 5 193 194
193 1 2 4 5 194 195
194 1 2 4 5 195 196
195 1 2 4 5 196 197
196 1 2 4 5 197 198
197 1 2 4 5 198 199
198 1 2 4 5 199 200
199 1 2 4 5 200 201
200 1 2 4 5 201 202
201 1 2 4 5 202 203
202 1 2 4 5 203 204
203 1 2 4 5 204 205
204 1 2 4 5 205 206
205 1 2 4 5 206 5
206 1 2 4 6 6 207
207 1 2 4 6 207 208
208 1 2 4 6 208 209
209 1 2 4 6 209 210
210 1 2 4 6 210 211
211 1 2 4 6 211 212
212 1 2 4 6 212 213
213 1 2 4 6 213 214
214 1 2 4 6 214 215
215 1 2 4 6 215 216
216 1 2 4 6 216 217
217 1 2 4 6 217 218
218 1 2 4 6 218 219
219 1 2 4 6 219 220
220 1 2 4 6 220 221
221 1 2 4 6 221 222
222 1 2 4 6 222 223
223 1 2 4 6 223 224
224 1 2 4 6 224 225
225 1 2 4 6 225 226
226 1 2 4 6 226 227
227 1 2 4 6 227 228
228 1 2 4 6 228 229
229 1 2 4 6 229 230
230 1 2 4 6 230 6
231 2 2 10 4 1514 1586 1091
232 2 2 10 4 1437 2327 1440
233 2 2 10 4 2334 2548 1652
234 2 2 10 4 1717 2108 1314
235 2 2 10 4 287 2380 1608
236 2 2 10 4 1717 2609 2108
237 2 2 10 4 581 2640 1532
238 2 2 10 4 1514 2561 1586
239 2 2 10 4 1428 2497 1501
240 2 2 10 4 2258 2286 1511
241 2 2 10 4 1025 1866 1714
242 2 2 10 4 1712 2667 1566
243 2 2 10 4 1528 2603 1526
244 2 2 10 4 809 2469 1724
245 2 2 10 4 563 2466 1483
246 2 2 10 4 787 2577 1559
247 2 2 10 4 253 2271 1546
248 2 2 10 4 942 2623 1540
249 2 2 10 4 1546 2270 253
250 2 2 10 4 1823 2350 252
251 2 2 10 4 1213 2294 1578
252 2 2 10 4 1586 2561 1445
253 2 2 10 4 809 1724 1721
254 2 2 10 4 1512 2466 563
255 2 2 10 4 1360 1703 1606
256 2 2 10 4 1566 2357 1712
257 2 2 10 4 595 1637 1635
258 2 2 10 4 1728 2413 1585
259 2 2 10 4 291 1702 1701
260 2 2 10 4 1548 1563 1218
261 2 2 10 4 1566 2511 2357
262 2 2 10 4 1533 1596 1051
263 2 2 10 4 918 1563 1548
264 2 2 10 4 197 1458 198
265 2 2 10 4 247 1926 1618
266 2 2 10 4 918 2670 2471
267 2 2 10 4 1479 1481 1480
268 2 2 10 4 1459 1573 1460
269 2 2 10 4 1513 1573 1488
270 2 2 10 4 489 1747 486
271 2 2 10 4 1643 2653 655
272 2 2 10 4 1726 2460 1676
273 2 2 10 4 401 1686 1564
274 2 2 10 4 1642 2640 581
275 2 2 10 4 1589 2437 1034
276 2 2 10 4 581 2341 1642
277 2 2 10 4 1021 2498 2370
278 2 2 10 4 933 2460 1726
279 2 2 10 4 1614 2534 953
280 2 2 10 4 1436 2327 1437
281 2 2 10 4 1013 2536 1567
282 2 2 10 4 1199 1646 1324
283 2 2 10 4 1532 2664 581
284 2 2 10 4 1608 2380 1706
285 2 2 10 4 1458 2514 198
286 2 2 10 4 662 1643 655
287 2 2 10 4 853 2391 1575
288 2 2 10 4 1599 2615 1641
289 2 2 10 4 292 2434 1508
290 2 2 10 4 1676 1727 1726
291 2 2 10 4 1676 2669 1727
292 2 2 10 4 734 1728 1585
293 2 2 10 4 1143 2615 1599
294 2 2 10 4 1481 1482 1480
295 2 2 10 4 1200 2536 1013
296 2 2 10 4 2278 2402 1499
297 2 2 10 4 1508 2288 292
298 2 2 10 4 787 1559 789
299 2 2 10 4 1036 1589 1034
300 2 2 10 4 1725 1727 262
301 2 2 10 4 942 1540 944
302 2 2 10 4 484 2414 483
303 2 2 10 4 1603 1687 1002
304 2 2 10 4 2376 2517 1866
305 2 2 10 4 57 1700 56
306 2 2 10 4 1607 2350 1823
307 2 2 10 4 1844 2383 270
308 2 2 10 4 247 2388 1926
309 2 2 10 4 2415 2419 1515
310 2 2 10 4 1169 2594 1580
311 2 2 10 4 1503 2536 2447
312 2 2 10 4 2469 2656 1724
313 2 2 10 4 955 1614 953
314 2 2 10 4 830 2334 1650
315 2 2 10 4 1563 1686 1218
316 2 2 10 4 513 1868 1536
317 2 2 10 4 1652 2548 827
318 2 2 10 4 1501 2497 1500
319 2 2 10 4 1573 2472 1137
320 2 2 10 4 1501 2421 1428
321 2 2 10 4 1570 1606 1005
322 2 2 10 4 291 1701 1700
323 2 2 10 4 827 1656 1652
324 2 2 10 4 1548 2670 918
325 2 2 10 4 548 1599 1579
326 2 2 10 4 249 1584 1583
327 2 2 10 4 486 1747 487
328 2 2 10 4 1526 2603 766
329 2 2 10 4 1536 2333 513
330 2 2 10 4 264 2402 2278
331 2 2 10 4 1513 2472 1573
332 2 2 10 4 1644 1646 1339
333 2 2 10 4 1048 2332 2062
334 2 2 10 4 1588 2695 791
335 2 2 10 4 822 1604 1002
336 2 2 10 4 1603 2500 1687
337 2 2 10 4 2478 2678 2444
338 2 2 10 4 827 2668 1656
339 2 2 10 4 1341 2467 1590
340 2 2 10 4 265 2286 2258
341 2 2 10 4 1476 2565 704
342 2 2 10 4 1573 2404 1460
343 2 2 10 4 459 2521 1647
344 2 2 10 4 830 1650 1648
345 2 2 10 4 1606 1703 1005
346 2 2 10 4 2062 2358 1048
347 2 2 10 4 1562 2509 2396
348 2 2 10 4 1024 2507 2442
349 2 2 10 4 1050 2341 581
350 2 2 10 4 271 2337 1610
351 2 2 10 4 829 1730 826
352 2 2 10 4 1635 1636 595
353 2 2 10 4 2447 2536 1200
354 2 2 10 4 1624 2383 1844
355 2 2 10 4 487 1746 1745
356 2 2 10 4 844 1730 829
357 2 2 10 4 766 2684 1526
358 2 2 10 4 906 1588 791
359 2 2 10 4 1015 2494 1200
360 2 2 10 4 399 1636 409
361 2 2 10 4 2256 2669 1676
362 2 2 10 4 2396 2509 1350
363 2 2 10 4 1612 2336 1202
364 2 2 10 4 548 1579 549
365 2 2 10 4 1686 2259 1373
366 2 2 10 4 1137 2404 1573
367 2 2 10 4 977 2372 959
368 2 2 10 4 654 2419 2415
369 2 2 10 4 1564 2602 401
370 2 2 10 4 1002 1604 1603
371 2 2 10 4 1583 1629 249
372 2 2 10 4 1555 1615 1557
373 2 2 10 4 1357 2594 1169
374 2 2 10 4 1247 1959 1692
375 2 2 10 4 1478 2565 1476
376 2 2 10 4 2024 2543 2426
377 2 2 10 4 1596 2490 1051
378 2 2 10 4 1650 2334 1652
379 2 2 10 4 820 1604 822
380 2 2 10 4 1339 1646 1199
381 2 2 10 4 2270 2484 253
382 2 2 10 4 1732 2508 1680
383 2 2 10 4 2376 2555 2517
384 2 2 10 4 487 1747 1746
385 2 2 10 4 1643 1644 1339
386 2 2 10 4 75 2271 74
387 2 2 10 4 444 1661 1660
388 2 2 10 4 728 1613 727
389 2 2 10 4 945 2358 1152
390 2 2 10 4 2338 2374 1558
391 2 2 10 4 1727 2347 262
392 2 2 10 4 1359 1628 1357
393 2 2 10 4 2607 2652 1687
394 2 2 10 4 1723 2484 2270
395 2 2 10 4 2351 2443 1868
396 2 2 10 4 2507 2597 2442
397 2 2 10 4 1184 2415 1183
398 2 2 10 4 483 2414 1692
399 2 2 10 4 1048 2358 945
400 2 2 10 4 1574 1616 1327
401 2 2 10 4 122 2685 121
402 2 2 10 4 48 2686 182
403 2 2 10 4 649 2405 1665
404 2 2 10 4 2324 2504 1478
405 2 2 10 4 1599 1641 1579
406 2 2 10 4 1715 1864 522
407 2 2 10 4 2426 2543 1594
408 2 2 10 4 1174 2294 1213
409 2 2 10 4 1688 2511 1320
410 2 2 10 4 2444 2678 2153
411 2 2 10 4 1451 2541 227
412 2 2 10 4 907 1647 1141
413 2 2 10 4 1665 2639 649
414 2 2 10 4 459 2664 2521
415 2 2 10 4 1474 2546 222
416 2 2 10 4 1013 1567 1011
417 2 2 10 4 1145 2575 2475
418 2 2 10 4 263 1777 1658
419 2 2 10 4 2403 2498 1021
420 2 2 10 4 2295 2678 2478
421 2 2 10 4 2256 2393 290
422 2 2 10 4 1558 2563 2338
423 2 2 10 4 2520 2523 1167
424 2 2 10 4 1646 2523 2520
425 2 2 10 4 528 2667 1712
426 2 2 10 4 853 2665 2391
427 2 2 10 4 1578 2466 1213
428 2 2 10 4 1685 2393 2256
429 2 2 10 4 2422 2568 1565
430 2 2 10 4 706 1569 801
431 2 2 10 4 1318 1688 1320
432 2 2 10 4 1687 2652 1002
433 2 2 10 4 961 2399 963
434 2 2 10 4 1749 2392 947
435 2 2 10 4 395 1660 397
436 2 2 10 4 557 2438 554
437 2 2 10 4 655 2653 656
438 2 2 10 4 1600 2667 528
439 2 2 10 4 1714 2512 1025
440 2 2 10 4 1005 2607 1570
441 2 2 10 4 1586 1587 1091
442 2 2 10 4 1715 1866 1864
443 2 2 10 4 303 2685 122
444 2 2 10 4 182 2686 304
445 2 2 10 4 1610 2337 1869
446 2 2 10 4 1209 1516 1405
447 2 2 10 4 1440 2327 1447
448 2 2 10 4 444 2422 1661
449 2 2 10 4 961 2457 2399
450 2 2 10 4 56 1700 256
451 2 2 10 4 291 1700 57
452 2 2 10 4 2465 2502 808
453 2 2 10 4 595 1636 399
454 2 2 10 4 782 948 783
455 2 2 10 4 1053 1163 1052
456 2 2 10 4 1168 1341 1176
457 2 2 10 4 907 1052 906
458 2 2 10 4 1173 1174 1172
459 2 2 10 4 970 1533 1051
460 2 2 10 4 1446 1705 1442
461 2 2 10 4 1926 2388 285
462 2 2 10 4 952 1079 956
463 2 2 10 4 548 1620 1599
464 2 2 10 4 1072 1209 1071
465 2 2 10 4 921 1064 922
466 2 2 10 4 1590 2546 1341
467 2 2 10 4 1703 2611 920
468 2 2 10 4 1555 1557 1556
469 2 2 10 4 1751 2432 1309
470 2 2 10 4 1554 2490 1555
471 2 2 10 4 972 1545 921
472 2 2 10 4 908 921 832
473 2 2 10 4 1210 1350 1209
474 2 2 10 4 401 2259 1686
475 2 2 10 4 1554 1555 1006
476 2 2 10 4 790 1647 907
477 2 2 10 4 941 1071 942
478 2 2 10 4 831 832 583
479 2 2 10 4 2331 2375 1475
480 2 2 10 4 285 2524 1926
481 2 2 10 4 736 782 737
482 2 2 10 4 1304 1428 1305
483 2 2 10 4 1733 2372 977
484 2 2 10 4 839 952 838
485 2 2 10 4 1011 1567 1068
486 2 2 10 4 1692 1959 483
487 2 2 10 4 952 2534 2344
488 2 2 10 4 1621 1623 257
489 2 2 10 4 1574 2694 1616
490 2 2 10 4 1580 2467 1341
491 2 2 10 4 1055 1525 1057
492 2 2 10 4 1154 1425 1164
493 2 2 10 4 1154 1164 1028
494 2 2 10 4 1173 1175 1174
495 2 2 10 4 1011 1068 1009
496 2 2 10 4 703 835 706
497 2 2 10 4 1853 2527 24
498 2 2 10 4 24 2532 1853
499 2 2 10 4 835 1569 706
500 2 2 10 4 889 1045 961
501 2 2 10 4 1000 1063 1055
502 2 2 10 4 845 1005 855
503 2 2 10 4 1457 1458 197
504 2 2 10 4 1448 1541 219
505 2 2 10 4 816 1021 818
506 2 2 10 4 1653 1708 1655
507 2 2 10 4 552 766 556
508 2 2 10 4 782 783 737
509 2 2 10 4 1569 2642 801
510 2 2 10 4 970 1051 948
511 2 2 10 4 970 2689 1533
512 2 2 10 4 2111 2523 1645
513 2 2 10 4 1606 2408 1360
514 2 2 10 4 19 2499 1597
515 2 2 10 4 2294 2518 1577
516 2 2 10 4 790 906 791
517 2 2 10 4 558 853 560
518 2 2 10 4 1624 2526 301
519 2 2 10 4 915 1173 1172
520 2 2 10 4 791 2695 793
521 2 2 10 4 1365 1691 1366
522 2 2 10 4 1218 1686 1373
523 2 2 10 4 1043 1168 1042
524 2 2 10 4 581 2664 457
525 2 2 10 4 1327 1353 1328
526 2 2 10 4 1015 1200 1013
527 2 2 10 4 1646 2520 1324
528 2 2 10 4 1327 1616 1353
529 2 2 10 4 728 2336 1613
530 2 2 10 4 1597 2579 19
531 2 2 10 4 1372 1406 1207
532 2 2 10 4 1168 1176 1042
533 2 2 10 4 855 1703 920
534 2 2 10 4 227 2541 813
535 2 2 10 4 952 2344 1079
536 2 2 10 4 907 1053 1052
537 2 2 10 4 1052 1514 1091
538 2 2 10 4 965 1137 967
539 2 2 10 4 1733 2181 1278
540 2 2 10 4 801 941 939
541 2 2 10 4 1459 1460 408
542 2 2 10 4 527 1481 1479
543 2 2 10 4 553 1501 1500
544 2 2 10 4 702 1466 1465
545 2 2 10 4 440 1513 1488
546 2 2 10 4 423 1477 1476
547 2 2 10 4 1483 1578 555
548 2 2 10 4 1436 1437 815
549 2 2 10 4 1479 1480 563
550 2 2 10 4 1488 1573 1459
551 2 2 10 4 790 907 906
552 2 2 10 4 2356 2561 1492
553 2 2 10 4 1575 2696 853
554 2 2 10 4 949 970 948
555 2 2 10 4 1611 1627 1430
556 2 2 10 4 1074 1304 1144
557 2 2 10 4 783 1554 785
558 2 2 10 4 795 838 709
559 2 2 10 4 1714 1866 1715
560 2 2 10 4 915 1172 1171
561 2 2 10 4 1557 2413 1728
562 2 2 10 4 222 2546 1590
563 2 2 10 4 1448 2367 1541
564 2 2 10 4 1247 1692 1691
565 2 2 10 4 785 1006 787
566 2 2 10 4 1079 1574 1080
567 2 2 10 4 4 122 121
568 2 2 10 4 182 3 48
569 2 2 10 4 1868 2617 2351
570 2 2 10 4 2051 2663 267
571 2 2 10 4 1174 1213 1185
572 2 2 10 4 1625 2601 562
573 2 2 10 4 2461 2504 2324
574 2 2 10 4 727 1613 731
575 2 2 10 4 1183 2415 1515
576 2 2 10 4 1636 2244 409
577 2 2 10 4 267 2662 2051
578 2 2 10 4 738 2432 1751
579 2 2 10 4 828 1534 845
580 2 2 10 4 952 956 838
581 2 2 10 4 464 790 569
582 2 2 10 4 256 1696 1694
583 2 2 10 4 1350 1516 1209
584 2 2 10 4 1152 2358 1601
585 2 2 10 4 1616 2694 2355
586 2 2 10 4 1432 2593 202
587 2 2 10 4 1484 2592 191
588 2 2 10 4 1080 1327 1134
589 2 2 10 4 1702 2570 1701
590 2 2 10 4 520 1600 528
591 2 2 10 4 1613 2336 1612
592 2 2 10 4 2410 2508 1732
593 2 2 10 4 699 1611 703
594 2 2 10 4 941 1072 1071
595 2 2 10 4 444 1660 395
596 2 2 10 4 256 1700 1696
597 2 2 10 4 1039 1042 1036
598 2 2 10 4 921 922 832
599 2 2 10 4 1456 2598 210
600 2 2 10 4 2251 2531 2514
601 2 2 10 4 1206 1207 1142
602 2 2 10 4 2600 2614 1504
603 2 2 10 4 1735 2446 1145
604 2 2 10 4 1645 2502 2465
605 2 2 10 4 1169 1580 1168
606 2 2 10 4 783 2650 1554
607 2 2 10 4 289 2271 75
608 2 2 10 4 74 2271 253
609 2 2 10 4 1645 2523 1644
610 2 2 10 4 1080 1574 1327
611 2 2 10 4 1079 1080 956
612 2 2 10 4 1009 1614 955
613 2 2 10 4 1365 1748 1691
614 2 2 10 4 2459 2513 259
615 2 2 10 4 1555 1556 1006
616 2 2 10 4 560 1625 562
617 2 2 10 4 1577 1638 1457
618 2 2 10 4 1662 2446 1735
619 2 2 10 4 2286 2557 1511
620 2 2 10 4 1065 1319 1318
621 2 2 10 4 820 1705 1604
622 2 2 10 4 555 1578 1577
623 2 2 10 4 1028 2689 970
624 2 2 10 4 813 2327 1436
625 2 2 10 4 235 2614 2600
626 2 2 10 4 201 1432 202
627 2 2 10 4 226 1451 227
628 2 2 10 4 196 1457 197
629 2 2 10 4 218 1448 219
630 2 2 10 4 224 1486 225
631 2 2 10 4 216 1585 217
632 2 2 10 4 221 1474 222
633 2 2 10 4 188 1473 189
634 2 2 10 4 209 1456 210
635 2 2 10 4 190 1484 191
636 2 2 10 4 207 1487 208
637 2 2 10 4 562 915 565
638 2 2 10 4 1623 1639 257
639 2 2 10 4 2526 2530 301
640 2 2 10 4 1142 2585 2533
641 2 2 10 4 1595 2625 2480
642 2 2 10 4 971 1028 970
643 2 2 10 4 1054 2511 1688
644 2 2 10 4 921 1545 1064
645 2 2 10 4 2506 2591 1064
646 2 2 10 4 489 2687 1747
647 2 2 10 4 1000 1055 1001
648 2 2 10 4 782 1612 949
649 2 2 10 4 831 908 832
650 2 2 10 4 459 1647 464
651 2 2 10 4 2514 2531 1502
652 2 2 10 4 1209 1405 1071
653 2 2 10 4 1626 2420 1049
654 2 2 10 4 1072 1210 1209
655 2 2 10 4 1565 2568 1731
656 2 2 10 4 2394 2447 1200
657 2 2 10 4 818 1705 820
658 2 2 10 4 1616 2355 691
659 2 2 10 4 1064 1065 922
660 2 2 10 4 967 1572 1084
661 2 2 10 4 743 2426 1594
662 2 2 10 4 889 961 890
663 2 2 10 4 1317 2336 1978
664 2 2 10 4 789 1559 889
665 2 2 10 4 1564 1686 1563
666 2 2 10 4 456 581 457
667 2 2 10 4 1684 2513 2459
668 2 2 10 4 1557 1558 1556
669 2 2 10 4 822 1002 825
670 2 2 10 4 944 1540 1000
671 2 2 10 4 1482 1544 1480
672 2 2 10 4 1481 1507 1482
673 2 2 10 4 785 1554 1006
674 2 2 10 4 1137 1572 967
675 2 2 10 4 819 2334 817
676 2 2 10 4 941 942 939
677 2 2 10 4 549 1579 552
678 2 2 10 4 1604 1705 1446
679 2 2 10 4 2327 2672 1447
680 2 2 10 4 1670 2392 1749
681 2 2 10 4 1594 2488 743
682 2 2 10 4 812 2403 816
683 2 2 10 4 1628 2594 1357
684 2 2 10 4 963 2371 965
685 2 2 10 4 1304 1305 1144
686 2 2 10 4 487 2414 484
687 2 2 10 4 908 972 921
688 2 2 10 4 1707 1708 1656
689 2 2 10 4 795 839 838
690 2 2 10 4 736 737 733
691 2 2 10 4 1176 2375 2331
692 2 2 10 4 944 1000 946
693 2 2 10 4 828 2652 1534
694 2 2 10 4 2325 2330 2128
695 2 2 10 4 579 831 583
696 2 2 10 4 1634 2341 1050
697 2 2 10 4 2497 2505 1433
698 2 2 10 4 818 2599 1705
699 2 2 10 4 1447 2672 1693
700 2 2 10 4 272 2330 2325
701 2 2 10 4 1163 1514 1052
702 2 2 10 4 548 2657 1620
703 2 2 10 4 1657 1668 254
704 2 2 10 4 1210 1351 1350
705 2 2 10 4 789 889 888
706 2 2 10 4 2302 2638 2629
707 2 2 10 4 1434 2481 1667
708 2 2 10 4 556 2544 558
709 2 2 10 4 2302 2629 299
710 2 2 10 4 1428 2421 1305
711 2 2 10 4 963 2399 2371
712 2 2 10 4 1656 1708 1653
713 2 2 10 4 291 2283 1702
714 2 2 10 4 1055 2707 1525
715 2 2 10 4 697 701 699
716 2 2 10 4 959 2372 1069
717 2 2 10 4 1667 2481 1525
718 2 2 10 4 1557 1728 1558
719 2 2 10 4 1010 1011 1009
720 2 2 10 4 1866 2517 1864
721 2 2 10 4 839 953 952
722 2 2 10 4 948 2650 783
723 2 2 10 4 1753 2279 284
724 2 2 10 4 1705 2501 1442
725 2 2 10 4 1060 2535 2496
726 2 2 10 4 1055 1057 1056
727 2 2 10 4 1702 2539 2089
728 2 2 10 4 1707 1730 844
729 2 2 10 4 812 816 814
730 2 2 10 4 1214 2571 1544
731 2 2 10 4 1352 2280 2277
732 2 2 10 4 1029 1154 1028
733 2 2 10 4 552 556 554
734 2 2 10 4 265 2258 2165
735 2 2 10 4 1034 1630 1031
736 2 2 10 4 961 963 962
737 2 2 10 4 1358 1359 1357
738 2 2 10 4 1701 2570 2372
739 2 2 10 4 1718 2250 1719
740 2 2 10 4 2322 2329 1361
741 2 2 10 4 1052 1091 906
742 2 2 10 4 2363 2519 1513
743 2 2 10 4 1049 2522 1626
744 2 2 10 4 269 2329 2322
745 2 2 10 4 1145 2475 1735
746 2 2 10 4 570 2356 1492
747 2 2 10 4 1578 2294 1577
748 2 2 10 4 1042 1589 1036
749 2 2 10 4 703 706 705
750 2 2 10 4 213 1459 408
751 2 2 10 4 527 1479 192
752 2 2 10 4 6 1592 570
753 2 2 10 4 702 1465 186
754 2 2 10 4 553 1500 199
755 2 2 10 4 563 1483 194
756 2 2 10 4 223 1590 643
757 2 2 10 4 215 1593 734
758 2 2 10 4 813 1436 228
759 2 2 10 4 183 1568 691
760 2 2 10 4 206 1562 692
761 2 2 10 4 440 1488 211
762 2 2 10 4 692 1568 5
763 2 2 10 4 423 1476 203
764 2 2 10 4 204 1476 704
765 2 2 10 4 691 1591 184
766 2 2 10 4 185 1591 702
767 2 2 10 4 704 1562 205
768 2 2 10 4 229 1436 815
769 2 2 10 4 408 1593 214
770 2 2 10 4 187 1465 503
771 2 2 10 4 195 1483 555
772 2 2 10 4 193 1479 563
773 2 2 10 4 815 1592 230
774 2 2 10 4 200 1500 452
775 2 2 10 4 212 1488 1459
776 2 2 10 4 1670 1749 1346
777 2 2 10 4 556 2603 2544
778 2 2 10 4 1583 2105 1629
779 2 2 10 4 1629 2105 1371
780 2 2 10 4 1008 1009 955
781 2 2 10 4 1202 2427 1612
782 2 2 10 4 1460 2404 1462
783 2 2 10 4 1356 1357 1169
784 2 2 10 4 2138 2411 2407
785 2 2 10 4 790 791 569
786 2 2 10 4 692 2349 1568
787 2 2 10 4 793 812 811
788 2 2 10 4 2421 2683 1734
789 2 2 10 4 1168 1580 1341
790 2 2 10 4 1632 2244 1633
791 2 2 10 4 699 703 700
792 2 2 10 4 562 2601 915
793 2 2 10 4 1545 2452 1064
794 2 2 10 4 2407 2411 273
795 2 2 10 4 1726 2656 933
796 2 2 10 4 1064 2591 1065
797 2 2 10 4 2287 2638 2477
798 2 2 10 4 1656 2668 1730
799 2 2 10 4 782 949 948
800 2 2 10 4 2496 2535 1744
801 2 2 10 4 2128 2329 269
802 2 2 10 4 397 1660 595
803 2 2 10 4 2605 2689 2367
804 2 2 10 4 1063 2707 1055
805 2 2 10 4 435 2244 1632
806 2 2 10 4 556 558 557
807 2 2 10 4 1327 1328 1134
808 2 2 10 4 1039 1043 1042
809 2 2 10 4 977 2181 1733
810 2 2 10 4 691 2355 1591
811 2 2 10 4 1592 2356 570
812 2 2 10 4 1137 2472 1572
813 2 2 10 4 1631 1659 834
814 2 2 10 4 845 855 854
815 2 2 10 4 1049 2690 2522
816 2 2 10 4 1206 1372 1207
817 2 2 10 4 1978 2336 728
818 2 2 10 4 579 583 526
819 2 2 10 4 269 2325 2128
820 2 2 10 4 1957 2321 1361
821 2 2 10 4 853 1625 560
822 2 2 10 4 1745 2414 487
823 2 2 10 4 2319 2328 2188
824 2 2 10 4 1418 2406 2400
825 2 2 10 4 1600 2618 1407
826 2 2 10 4 1012 2376 1014
827 2 2 10 4 1531 1758 1690
828 2 2 10 4 1174 1185 1172
829 2 2 10 4 261 2328 2319
830 2 2 10 4 2321 2322 1361
831 2 2 10 4 1012 1013 1011
832 2 2 10 4 1465 2655 503
833 2 2 10 4 828 845 842
834 2 2 10 4 1615 2490 1596
835 2 2 10 4 2400 2406 268
836 2 2 10 4 816 818 817
837 2 2 10 4 915 1171 565
838 2 2 10 4 736 1612 782
839 2 2 10 4 583 1600 526
840 2 2 10 4 1721 2438 809
841 2 2 10 4 2452 2506 1064
842 2 2 10 4 1142 2533 1053
843 2 2 10 4 1034 2437 1630
844 2 2 10 4 1562 2396 692
845 2 2 10 4 1568 2589 691
846 2 2 10 4 845 1534 1005
847 2 2 10 4 834 2456 1631
848 2 2 10 4 1599 2454 1143
849 2 2 10 4 1043 1169 1168
850 2 2 10 4 643 2467 1628
851 2 2 10 4 1957 2328 261
852 2 2 10 4 2352 2507 2468
853 2 2 10 4 963 965 964
854 2 2 10 4 1656 1730 1707
855 2 2 10 4 1648 2433 830
856 2 2 10 4 1074 2698 1304
857 2 2 10 4 835 1716 1569
858 2 2 10 4 1696 1733 1278
859 2 2 10 4 1372 1408 1406
860 2 2 10 4 522 2313 1715
861 2 2 10 4 1554 2650 2490
862 2 2 10 4 662 1644 1643
863 2 2 10 4 263 2389 1777
864 2 2 10 4 1408 2519 2363
865 2 2 10 4 706 801 800
866 2 2 10 4 1426 2437 2331
867 2 2 10 4 1408 2363 1406
868 2 2 10 4 286 2350 1607
869 2 2 10 4 2657 2661 1431
870 2 2 10 4 2219 2318 2188
871 2 2 10 4 261 2321 1957
872 2 2 10 4 691 2589 1616
873 2 2 10 4 452 2497 1433
874 2 2 10 4 249 2595 1584
875 2 2 10 4 1516 2504 1405
876 2 2 10 4 2284 2647 258
877 2 2 10 4 1683 2463 1684
878 2 2 10 4 1462 2404 2371
879 2 2 10 4 1367 1368 1175
880 2 2 10 4 2316 2323 1363
881 2 2 10 4 1712 1714 1713
882 2 2 10 4 2443 2549 1344
883 2 2 10 4 2468 2507 1024
884 2 2 10 4 703 1611 835
885 2 2 10 4 708 709 701
886 2 2 10 4 1057 2697 2483
887 2 2 10 4 1699 2395 2390
888 2 2 10 4 783 785 784
889 2 2 10 4 972 2625 1545
890 2 2 10 4 1521 1907 1906
891 2 2 10 4 801 2642 941
892 2 2 10 4 1175 2518 2294
893 2 2 10 4 2425 2647 2284
894 2 2 10 4 812 2628 2403
895 2 2 10 4 241 2323 2316
896 2 2 10 4 2108 2609 1602
897 2 2 10 4 1615 2413 1557
898 2 2 10 4 2318 2319 2188
899 2 2 10 4 1610 2612 271
900 2 2 10 4 2390 2395 255
901 2 2 10 4 953 2534 952
902 2 2 10 4 838 2473 709
903 2 2 10 4 731 736 733
904 2 2 10 4 1633 1634 1050
905 2 2 10 4 2367 2576 1541
906 2 2 10 4 1319 2430 1318
907 2 2 10 4 1005 1703 855
908 2 2 10 4 2089 2570 1702
909 2 2 10 4 2436 2450 2418
910 2 2 10 4 2367 2689 1164
911 2 2 10 4 558 560 559
912 2 2 10 4 1208 2377 2326
913 2 2 10 4 1593 2386 734
914 2 2 10 4 949 971 970
915 2 2 10 4 855 920 919
916 2 2 10 4 2219 2323 241
917 2 2 10 4 549 552 551
918 2 2 10 4 464 1647 790
919 2 2 10 4 832 2482 583
920 2 2 10 4 1541 2556 219
921 2 2 10 4 1068 1614 1009
922 2 2 10 4 1608 2542 287
923 2 2 10 4 1006 2577 787
924 2 2 10 4 1868 2443 1536
925 2 2 10 4 1637 2352 1635
926 2 2 10 4 1704 2387 2382
927 2 2 10 4 1658 2649 263
928 2 2 10 4 839 2354 954
929 2 2 10 4 219 2556 220
930 2 2 10 4 697 699 696
931 2 2 10 4 1071 2623 942
932 2 2 10 4 2521 2664 1532
933 2 2 10 4 2154 2315 1363
934 2 2 10 4 241 2318 2219
935 2 2 10 4 456 457 446
936 2 2 10 4 1542 2535 2425
937 2 2 10 4 528 1712 1711
938 2 2 10 4 2382 2387 282
939 2 2 10 4 1000 1001 946
940 2 2 10 4 1407 2667 1600
941 2 2 10 4 2312 2317 1936
942 2 2 10 4 2480 2625 972
943 2 2 10 4 2265 2530 2526
944 2 2 10 4 920 2611 2440
945 2 2 10 4 795 2354 839
946 2 2 10 4 1472 2534 1614
947 2 2 10 4 947 2392 1708
948 2 2 10 4 1014 1015 1013
949 2 2 10 4 809 2438 557
950 2 2 10 4 2346 2654 1506
951 2 2 10 4 1310 2433 1648
952 2 2 10 4 260 2317 2312
953 2 2 10 4 1185 2364 1172
954 2 2 10 4 2315 2316 1363
955 2 2 10 4 262 2588 1725
956 2 2 10 4 257 2369 1621
957 2 2 10 4 1213 1214 1185
958 2 2 10 4 818 820 819
959 2 2 10 4 889 890 888
960 2 2 10 4 595 1660 1637
961 2 2 10 4 1355 2421 1734
962 2 2 10 4 552 1579 766
963 2 2 10 4 804 2250 1718
964 2 2 10 4 457 459 458
965 2 2 10 4 2165 2479 265
966 2 2 10 4 2371 2399 1462
967 2 2 10 4 1713 2313 2247
968 2 2 10 4 1091 1588 906
969 2 2 10 4 1690 1758 1689
970 2 2 10 4 1521 2415 1184
971 2 2 10 4 1710 2381 2379
972 2 2 10 4 456 1050 581
973 2 2 10 4 2154 2317 260
974 2 2 10 4 1141 1142 1053
975 2 2 10 4 1684 2463 2361
976 2 2 10 4 1341 2375 1176
977 2 2 10 4 1579 1641 766
978 2 2 10 4 1585 2680 217
979 2 2 10 4 1473 2679 189
980 2 2 10 4 1486 2682 225
981 2 2 10 4 1487 2681 208
982 2 2 10 4 911 1689 937
983 2 2 10 4 2363 2598 2547
984 2 2 10 4 1607 2503 286
985 2 2 10 4 1633 2244 1636
986 2 2 10 4 2379 2381 245
987 2 2 10 4 965 967 966
988 2 2 10 4 831 1736 909
989 2 2 10 4 1555 2490 1615
990 2 2 10 4 198 2514 553
991 2 2 10 4 451 548 453
992 2 2 10 4 2309 2314 1933
993 2 2 10 4 801 939 938
994 2 2 10 4 817 2334 830
995 2 2 10 4 252 2463 1823
996 2 2 10 4 435 1632 439
997 2 2 10 4 1693 2500 1447
998 2 2 10 4 1033 1034 1031
999 2 2 10 4 459 464 463
1000 2 2 10 4 908 1732 972
1001 2 2 10 4 2408 2540 1360
1002 2 2 10 4 1409 2526 1624
1003 2 2 10 4 1035 1036 1034
1004 2 2 10 4 280 2314 2309
1005 2 2 10 4 1508 2434 1346
1006 2 2 10 4 889 1559 1045
1007 2 2 10 4 260 2315 2154
1008 2 2 10 4 1669 2434 292
1009 2 2 10 4 1058 1074 1073
1010 2 2 10 4 2528 2685 2267
1011 2 2 10 4 2265 2686 2530
1012 2 2 10 4 1848 2378 2373
1013 2 2 10 4 1936 2314 280
1014 2 2 10 4 815 2675 1592
1015 2 2 10 4 408 2676 1593
1016 2 2 10 4 1591 2674 702
1017 2 2 10 4 1074 1144 1143
1018 2 2 10 4 794 795 709
1019 2 2 10 4 1000 1540 1063
1020 2 2 10 4 1175 2294 1174
1021 2 2 10 4 1716 2606 1416
1022 2 2 10 4 1590 2467 643
1023 2 2 10 4 1691 1692 1366
1024 2 2 10 4 1025 2376 1866
1025 2 2 10 4 554 2438 2250
1026 2 2 10 4 1154 1630 1426
1027 2 2 10 4 1055 1056 1001
1028 2 2 10 4 2373 2378 277
1029 2 2 10 4 1688 2429 1017
1030 2 2 10 4 1595 2364 1185
1031 2 2 10 4 971 1029 1028
1032 2 2 10 4 785 787 786
1033 2 2 10 4 2293 2311 2243
1034 2 2 10 4 1575 1576 1368
1035 2 2 10 4 2409 2412 1737
1036 2 2 10 4 2277 2453 1352
1037 2 2 10 4 560 562 561
1038 2 2 10 4 2477 2638 2302
1039 2 2 10 4 579 1736 831
1040 2 2 10 4 1718 1955 804
1041 2 2 10 4 280 2312 1936
1042 2 2 10 4 548 549 453
1043 2 2 10 4 961 962 890
1044 2 2 10 4 191 2592 527
1045 2 2 10 4 202 2593 423
1046 2 2 10 4 244 2311 2293
1047 2 2 10 4 2439 2455 707
1048 2 2 10 4 1008 1010 1009
1049 2 2 10 4 254 2491 1657
1050 2 2 10 4 1933 2311 244
1051 2 2 10 4 2352 2468 1085
1052 2 2 10 4 1014 2376 1025
1053 2 2 10 4 812 814 811
1054 2 2 10 4 284 2493 1753
1055 2 2 10 4 1680 2480 1732
1056 2 2 10 4 210 2598 440
1057 2 2 10 4 2260 2636 1605
1058 2 2 10 4 1356 1358 1357
1059 2 2 10 4 1460 1461 408
1060 2 2 10 4 527 1506 1481
1061 2 2 10 4 1466 1469 1465
1062 2 2 10 4 553 1502 1501
1063 2 2 10 4 1437 1438 815
1064 2 2 10 4 423 1667 1477
1065 2 2 10 4 1477 1478 1476
1066 2 2 10 4 1480 1512 563
1067 2 2 10 4 702 1467 1466
1068 2 2 10 4 1748 2080 1378
1069 2 2 10 4 1418 2398 1697
1070 2 2 10 4 2528 2529 302
1071 2 2 10 4 526 1600 520
1072 2 2 10 4 552 554 551
1073 2 2 10 4 1715 2313 1713
1074 2 2 10 4 2183 2365 2360
1075 2 2 10 4 1045 2374 2338
1076 2 2 10 4 1445 2561 2356
1077 2 2 10 4 1660 1661 1637
1078 2 2 10 4 699 700 696
1079 2 2 10 4 2289 2307 2085
1080 2 2 10 4 292 2624 1669
1081 2 2 10 4 244 2309 1933
1082 2 2 10 4 1668 1669 254
1083 2 2 10 4 703 705 700
1084 2 2 10 4 1350 2509 1516
1085 2 2 10 4 2331 2581 1426
1086 2 2 10 4 2636 2637 1605
1087 2 2 10 4 2243 2307 281
1088 2 2 10 4 2360 2365 246
1089 2 2 10 4 281 2307 2289
1090 2 2 10 4 1623 1640 1639
1091 2 2 10 4 1418 2400 2398
1092 2 2 10 4 1708 2392 1655
1093 2 2 10 4 1016 1017 1015
1094 2 2 10 4 1544 2538 1214
1095 2 2 10 4 2363 2547 1406
1096 2 2 10 4 1750 2412 2409
1097 2 2 10 4 820 822 821
1098 2 2 10 4 2267 2685 303
1099 2 2 10 4 304 2686 2265
1100 2 2 10 4 1154 1426 1425
1101 2 2 10 4 1736 2515 1682
1102 2 2 10 4 1678 1698 1682
1103 2 2 10 4 1500 2497 452
1104 2 2 10 4 259 2393 1685
1105 2 2 10 4 522 1864 1863
1106 2 2 10 4 520 528 517
1107 2 2 10 4 1706 2380 258
1108 2 2 10 4 301 2383 1624
1109 2 2 10 4 1080 1134 1081
1110 2 2 10 4 1617 2539 248
1111 2 2 10 4 1689 1758 937
1112 2 2 10 4 1685 2459 259
1113 2 2 10 4 464 569 568
1114 2 2 10 4 804 1955 1740
1115 2 2 10 4 2203 2359 2353
1116 2 2 10 4 556 557 554
1117 2 2 10 4 1602 2553 1601
1118 2 2 10 4 1045 2457 961
1119 2 2 10 4 825 2652 828
1120 2 2 10 4 2467 2594 1628
1121 2 2 10 4 281 2293 2243
1122 2 2 10 4 1457 1638 1458
1123 2 2 10 4 2274 2291 1790
1124 2 2 10 4 1076 1689 911
1125 2 2 10 4 1353 2340 1328
1126 2 2 10 4 654 2415 1906
1127 2 2 10 4 2326 2377 1421
1128 2 2 10 4 2085 2291 237
1129 2 2 10 4 967 1084 1083
1130 2 2 10 4 2353 2359 279
1131 2 2 10 4 731 1613 736
1132 2 2 10 4 1346 2434 1670
1133 2 2 10 4 1577 2518 1638
1134 2 2 10 4 1038 1039 1036
1135 2 2 10 4 1416 2340 1351
1136 2 2 10 4 1864 1865 1863
1137 2 2 10 4 237 2291 2274
1138 2 2 10 4 704 2509 1562
1139 2 2 10 4 942 944 943
1140 2 2 10 4 845 854 842
1141 2 2 10 4 707 1709 695
1142 2 2 10 4 1039 2385 1043
1143 2 2 10 4 1364 2455 2439
1144 2 2 10 4 734 2386 1728
1145 2 2 10 4 1205 1206 1142
1146 2 2 10 4 1010 1012 1011
1147 2 2 10 4 2054 2348 2343
1148 2 2 10 4 1536 2443 1344
1149 2 2 10 4 439 456 446
1150 2 2 10 4 1065 1318 1066
1151 2 2 10 4 1865 1868 1867
1152 2 2 10 4 1364 2428 1365
1153 2 2 10 4 1173 1367 1175
1154 2 2 10 4 816 817 814
1155 2 2 10 4 700 2366 696
1156 2 2 10 4 1542 2425 1543
1157 2 2 10 4 1700 1701 1696
1158 2 2 10 4 1382 2292 1818
1159 2 2 10 4 266 2634 1605
1160 2 2 10 4 833 2246 1744
1161 2 2 10 4 662 1645 1644
1162 2 2 10 4 1284 2156 1755
1163 2 2 10 4 237 2289 2085
1164 2 2 10 4 1305 1355 1354
1165 2 2 10 4 1691 1748 1378
1166 2 2 10 4 1101 2080 1748
1167 2 2 10 4 1790 2275 276
1168 2 2 10 4 1057 1058 1056
1169 2 2 10 4 783 784 737
1170 2 2 10 4 1612 2427 949
1171 2 2 10 4 1430 2554 1611
1172 2 2 10 4 270 2566 1844
1173 2 2 10 4 2343 2348 240
1174 2 2 10 4 2268 2275 1791
1175 2 2 10 4 1482 2452 1544
1176 2 2 10 4 1712 2357 1714
1177 2 2 10 4 1662 1663 1076
1178 2 2 10 4 1375 1757 1103
1179 2 2 10 4 493 1867 513
1180 2 2 10 4 1364 2439 2428
1181 2 2 10 4 1358 1360 1359
1182 2 2 10 4 804 1740 550
1183 2 2 10 4 1029 1630 1154
1184 2 2 10 4 1416 2362 1716
1185 2 2 10 4 1567 2436 1068
1186 2 2 10 4 1711 2247 511
1187 2 2 10 4 1848 2368 1849
1188 2 2 10 4 787 789 788
1189 2 2 10 4 963 964 962
1190 2 2 10 4 276 2275 2268
1191 2 2 10 4 562 565 564
1192 2 2 10 4 1740 1833 550
1193 2 2 10 4 1746 1747 1345
1194 2 2 10 4 1353 2349 2340
1195 2 2 10 4 1355 1734 1527
1196 2 2 10 4 1739 2342 2339
1197 2 2 10 4 1525 2610 1667
1198 2 2 10 4 1756 1757 1375
1199 2 2 10 4 1351 2396 1350
1200 2 2 10 4 1043 2385 1170
1201 2 2 10 4 1057 2483 1058
1202 2 2 10 4 1645 2465 2111
1203 2 2 10 4 1732 2480 972
1204 2 2 10 4 440 2363 1513
1205 2 2 10 4 1176 1589 1042
1206 2 2 10 4 706 800 705
1207 2 2 10 4 1161 1746 1345
1208 2 2 10 4 1633 1635 1634
1209 2 2 10 4 1867 1868 513
1210 2 2 10 4 1791 2269 234
1211 2 2 10 4 276 2274 1790
1212 2 2 10 4 1682 2515 1681
1213 2 2 10 4 2483 2698 1074
1214 2 2 10 4 1661 2597 2507
1215 2 2 10 4 1318 2430 1688
1216 2 2 10 4 1435 2481 1434
1217 2 2 10 4 574 579 526
1218 2 2 10 4 1685 2256 1675
1219 2 2 10 4 2425 2535 1419
1220 2 2 10 4 2339 2342 278
1221 2 2 10 4 697 708 701
1222 2 2 10 4 1848 2373 2368
1223 2 2 10 4 2259 2273 1373
1224 2 2 10 4 1440 1447 1446
1225 2 2 10 4 2263 2269 1768
1226 2 2 10 4 1485 2346 1484
1227 2 2 10 4 793 2695 812
1228 2 2 10 4 1103 1757 1382
1229 2 2 10 4 1614 2418 1472
1230 2 2 10 4 1755 2156 993
1231 2 2 10 4 1284 1755 1623
1232 2 2 10 4 1712 1713 1711
1233 2 2 10 4 965 2371 1137
1234 2 2 10 4 1373 2273 1771
1235 2 2 10 4 1519 2486 1523
1236 2 2 10 4 1216 1706 1419
1237 2 2 10 4 731 733 732
1238 2 2 10 4 1757 2292 1382
1239 2 2 10 4 1601 2553 1152
1240 2 2 10 4 1743 2335 2320
1241 2 2 10 4 495 1867 493
1242 2 2 10 4 699 2645 1611
1243 2 2 10 4 1761 2252 2249
1244 2 2 10 4 1629 2345 249
1245 2 2 10 4 1062 1758 1198
1246 2 2 10 4 1668 1670 1669
1247 2 2 10 4 2296 2633 2632
1248 2 2 10 4 234 2269 2263
1249 2 2 10 4 1372 2703 1619
1250 2 2 10 4 1869 2337 302
1251 2 2 10 4 528 1711 517
1252 2 2 10 4 1640 2310 2272
1253 2 2 10 4 1602 2609 2553
1254 2 2 10 4 268 2406 2138
1255 2 2 10 4 234 2268 1791
1256 2 2 10 4 1217 1761 1760
1257 2 2 10 4 445 1750 1027
1258 2 2 10 4 1659 2366 834
1259 2 2 10 4 1054 1688 1017
1260 2 2 10 4 1162 1746 1161
1261 2 2 10 4 847 1707 844
1262 2 2 10 4 1375 2252 1756
1263 2 2 10 4 1767 2262 1768
1264 2 2 10 4 1623 1755 1640
1265 2 2 10 4 1079 2489 1574
1266 2 2 10 4 2320 2335 236
1267 2 2 10 4 1605 2637 266
1268 2 2 10 4 822 825 824
1269 2 2 10 4 1701 1733 1696
1270 2 2 10 4 1755 2310 1640
1271 2 2 10 4 767 2248 1741
1272 2 2 10 4 1217 2252 1761
1273 2 2 10 4 695 697 696
1274 2 2 10 4 558 559 557
1275 2 2 10 4 1217 1760 1759
1276 2 2 10 4 1663 1664 1076
1277 2 2 10 4 1767 2257 274
1278 2 2 10 4 1171 2364 1680
1279 2 2 10 4 1198 1758 1531
1280 2 2 10 4 937 1758 1062
1281 2 2 10 4 2249 2252 1375
1282 2 2 10 4 1771 2273 383
1283 2 2 10 4 1688 2430 2429
1284 2 2 10 4 1818 2292 383
1285 2 2 10 4 954 955 953
1286 2 2 10 4 451 2657 548
1287 2 2 10 4 855 919 854
1288 2 2 10 4 732 1759 729
1289 2 2 10 4 255 2395 1697
1290 2 2 10 4 383 2292 1771
1291 2 2 10 4 525 526 520
1292 2 2 10 4 1762 2255 1993
1293 2 2 10 4 1566 2667 1407
1294 2 2 10 4 733 738 732
1295 2 2 10 4 457 458 446
1296 2 2 10 4 305 2257 306
1297 2 2 10 4 1638 2251 1458
1298 2 2 10 4 729 1759 730
1299 2 2 10 4 1760 2255 1762
1300 2 2 10 4 759 2254 2253
1301 2 2 10 4 907 1141 1053
1302 2 2 10 4 282 2387 1699
1303 2 2 10 4 766 2603 556
1304 2 2 10 4 848 1737 573
1305 2 2 10 4 574 767 579
1306 2 2 10 4 1346 1749 1061
1307 2 2 10 4 1068 2436 2418
1308 2 2 10 4 584 2248 574
1309 2 2 10 4 1761 2255 1760
1310 2 2 10 4 1664 1689 1076
1311 2 2 10 4 1663 1665 1664
1312 2 2 10 4 1146 1751 1548
1313 2 2 10 4 307 2290 2261
1314 2 2 10 4 739 1759 732
1315 2 2 10 4 1745 1746 1162
1316 2 2 10 4 791 793 792
1317 2 2 10 4 2262 2263 1768
1318 2 2 10 4 525 574 526
1319 2 2 10 4 243 2633 2296
1320 2 2 10 4 1061 1749 936
1321 2 2 10 4 1067 1744 1542
1322 2 2 10 4 584 2241 1754
1323 2 2 10 4 858 1751 1146
1324 2 2 10 4 1572 2704 1084
1325 2 2 10 4 1349 1745 1162
1326 2 2 10 4 999 1774 311
1327 2 2 10 4 1664 1690 1689
1328 2 2 10 4 1682 2525 1736
1329 2 2 10 4 1752 1753 1208
1330 2 2 10 4 1776 2241 584
1331 2 2 10 4 882 2086 876
1332 2 2 10 4 2083 2086 882
1333 2 2 10 4 245 2381 1704
1334 2 2 10 4 1403 1774 999
1335 2 2 10 4 1135 1752 1208
1336 2 2 10 4 518 1794 1792
1337 2 2 10 4 1384 2113 1801
1338 2 2 10 4 472 1794 518
1339 2 2 10 4 1802 2133 1292
1340 2 2 10 4 2084 2087 2086
1341 2 2 10 4 876 2086 1089
1342 2 2 10 4 311 1774 308
1343 2 2 10 4 1236 1801 1793
1344 2 2 10 4 1795 1813 471
1345 2 2 10 4 882 2240 2239
1346 2 2 10 4 471 1794 472
1347 2 2 10 4 469 1795 471
1348 2 2 10 4 882 2239 2083
1349 2 2 10 4 2239 2240 1793
1350 2 2 10 4 1792 1801 518
1351 2 2 10 4 471 1813 1794
1352 2 2 10 4 1779 1780 886
1353 2 2 10 4 521 1776 519
1354 2 2 10 4 1793 2240 1236
1355 2 2 10 4 1801 2113 518
1356 2 2 10 4 1384 1801 1236
1357 2 2 10 4 521 1802 1776
1358 2 2 10 4 521 2133 1802
1359 2 2 10 4 1261 1802 1292
1360 2 2 10 4 886 1795 469
1361 2 2 10 4 465 2238 467
1362 2 2 10 4 1780 1795 886
1363 2 2 10 4 1759 1760 730
1364 2 2 10 4 1770 2238 465
1365 2 2 10 4 1793 1801 1792
1366 2 2 10 4 313 1770 315
1367 2 2 10 4 315 1770 465
1368 2 2 10 4 886 2238 1779
1369 2 2 10 4 467 2238 886
1370 2 2 10 4 1763 1770 313
1371 2 2 10 4 1095 1756 859
1372 2 2 10 4 2253 2254 1762
1373 2 2 10 4 1760 1762 730
1374 2 2 10 4 310 1763 313
1375 2 2 10 4 1323 1772 1197
1376 2 2 10 4 1807 1809 1316
1377 2 2 10 4 1773 1803 998
1378 2 2 10 4 998 1809 1773
1379 2 2 10 4 1773 1809 1807
1380 2 2 10 4 588 1797 1775
1381 2 2 10 4 1803 2236 998
1382 2 2 10 4 320 1796 317
1383 2 2 10 4 1775 1796 588
1384 2 2 10 4 1197 1772 1196
1385 2 2 10 4 1377 2236 1803
1386 2 2 10 4 1377 2237 2236
1387 2 2 10 4 317 1796 1778
1388 2 2 10 4 2086 2087 1089
1389 2 2 10 4 1132 1809 934
1390 2 2 10 4 1215 1771 1307
1391 2 2 10 4 1775 2237 1377
1392 2 2 10 4 1658 1777 1654
1393 2 2 10 4 588 1796 320
1394 2 2 10 4 317 1778 314
1395 2 2 10 4 1797 1815 1250
1396 2 2 10 4 588 1815 1797
1397 2 2 10 4 1316 1809 1132
1398 2 2 10 4 934 1809 998
1399 2 2 10 4 1654 1777 1651
1400 2 2 10 4 314 1778 312
1401 2 2 10 4 1250 1816 1797
1402 2 2 10 4 441 2235 2234
1403 2 2 10 4 1778 1796 1376
1404 2 2 10 4 1376 1796 1775
1405 2 2 10 4 585 1778 1376
1406 2 2 10 4 1381 2080 1100
1407 2 2 10 4 1378 1974 924
1408 2 2 10 4 1973 1975 1099
1409 2 2 10 4 923 2232 925
1410 2 2 10 4 925 2232 1798
1411 2 2 10 4 1100 2080 1101
1412 2 2 10 4 1974 2080 1381
1413 2 2 10 4 924 1974 1099
1414 2 2 10 4 1996 2233 1254
1415 2 2 10 4 1099 1974 1973
1416 2 2 10 4 1378 2080 1974
1417 2 2 10 4 1302 1803 1773
1418 2 2 10 4 1254 2233 1805
1419 2 2 10 4 1808 1814 1805
1420 2 2 10 4 1805 1814 1254
1421 2 2 10 4 1975 2232 1099
1422 2 2 10 4 1766 1779 1765
1423 2 2 10 4 1099 2232 923
1424 2 2 10 4 1804 1808 1805
1425 2 2 10 4 587 1808 1804
1426 2 2 10 4 1798 2233 925
1427 2 2 10 4 925 2233 1996
1428 2 2 10 4 1804 2231 587
1429 2 2 10 4 1301 1803 1302
1430 2 2 10 4 587 2231 1806
1431 2 2 10 4 318 1806 1222
1432 2 2 10 4 316 1806 318
1433 2 2 10 4 1806 2231 1222
1434 2 2 10 4 319 1806 316
1435 2 2 10 4 1404 1807 1743
1436 2 2 10 4 976 2230 1985
1437 2 2 10 4 466 1808 587
1438 2 2 10 4 323 1810 326
1439 2 2 10 4 1810 2230 976
1440 2 2 10 4 1985 2230 1800
1441 2 2 10 4 326 1810 976
1442 2 2 10 4 321 1810 323
1443 2 2 10 4 371 1815 324
1444 2 2 10 4 1250 1815 371
1445 2 2 10 4 324 1815 322
1446 2 2 10 4 1782 1813 1795
1447 2 2 10 4 468 1814 1808
1448 2 2 10 4 2234 2235 1816
1449 2 2 10 4 379 1818 380
1450 2 2 10 4 1811 1818 379
1451 2 2 10 4 380 1818 383
1452 2 2 10 4 1794 1813 1788
1453 2 2 10 4 374 1817 376
1454 2 2 10 4 1254 1814 473
1455 2 2 10 4 379 1817 1811
1456 2 2 10 4 482 2160 485
1457 2 2 10 4 1530 2114 1884
1458 2 2 10 4 376 1817 379
1459 2 2 10 4 485 2038 488
1460 2 2 10 4 1884 2114 1883
1461 2 2 10 4 485 2160 2038
1462 2 2 10 4 2211 2212 1830
1463 2 2 10 4 1883 2114 913
1464 2 2 10 4 1950 2079 1106
1465 2 2 10 4 1115 2034 1887
1466 2 2 10 4 1899 1950 1106
1467 2 2 10 4 1106 2027 1899
1468 2 2 10 4 331 2041 329
1469 2 2 10 4 509 2038 2037
1470 2 2 10 4 1820 1824 1232
1471 2 2 10 4 488 2038 509
1472 2 2 10 4 913 2141 1883
1473 2 2 10 4 1899 2027 1900
1474 2 2 10 4 1900 2027 1107
1475 2 2 10 4 1892 2116 1384
1476 2 2 10 4 1384 2116 2113
1477 2 2 10 4 2037 2039 509
1478 2 2 10 4 1211 1820 1232
1479 2 2 10 4 1886 2033 781
1480 2 2 10 4 1224 1838 1837
1481 2 2 10 4 1224 1839 1838
1482 2 2 10 4 473 1814 470
1483 2 2 10 4 1788 1813 1784
1484 2 2 10 4 989 2221 2167
1485 2 2 10 4 481 2160 482
1486 2 2 10 4 644 1945 1819
1487 2 2 10 4 498 2206 500
1488 2 2 10 4 1887 2034 1886
1489 2 2 10 4 756 1822 1821
1490 2 2 10 4 1887 2190 1115
1491 2 2 10 4 481 2116 1892
1492 2 2 10 4 502 2052 506
1493 2 2 10 4 756 2047 1822
1494 2 2 10 4 1859 1951 1233
1495 2 2 10 4 1886 2034 2033
1496 2 2 10 4 1268 2079 1950
1497 2 2 10 4 632 2073 634
1498 2 2 10 4 1892 2160 481
1499 2 2 10 4 1268 2039 2037
1500 2 2 10 4 1839 2220 2167
1501 2 2 10 4 1885 1886 781
1502 2 2 10 4 1950 2039 1268
1503 2 2 10 4 1819 1946 644
1504 2 2 10 4 1858 1951 1859
1505 2 2 10 4 2157 2166 2161
1506 2 2 10 4 2099 2159 431
1507 2 2 10 4 374 2210 1817
1508 2 2 10 4 2077 2164 1861
1509 2 2 10 4 334 2041 331
1510 2 2 10 4 1107 2109 1900
1511 2 2 10 4 2109 2184 1900
1512 2 2 10 4 636 1946 639
1513 2 2 10 4 2060 2124 577
1514 2 2 10 4 1153 2227 2213
1515 2 2 10 4 329 2041 1224
1516 2 2 10 4 1297 2176 2123
1517 2 2 10 4 2100 2175 2044
1518 2 2 10 4 2047 2088 1822
1519 2 2 10 4 1946 2144 2135
1520 2 2 10 4 979 2176 1297
1521 2 2 10 4 752 1916 1825
1522 2 2 10 4 2014 2223 2221
1523 2 2 10 4 781 1889 1885
1524 2 2 10 4 1224 1837 327
1525 2 2 10 4 438 1857 434
1526 2 2 10 4 644 1946 636
1527 2 2 10 4 1391 2020 1831
1528 2 2 10 4 1817 2210 1812
1529 2 2 10 4 1237 1842 1840
1530 2 2 10 4 2041 2220 1839
1531 2 2 10 4 1239 2186 1828
1532 2 2 10 4 1075 2122 1242
1533 2 2 10 4 2141 2190 1887
1534 2 2 10 4 841 2126 916
1535 2 2 10 4 531 1858 534
1536 2 2 10 4 1388 1895 1833
1537 2 2 10 4 910 1835 670
1538 2 2 10 4 1291 2175 2100
1539 2 2 10 4 1835 2124 2060
1540 2 2 10 4 1231 1824 1820
1541 2 2 10 4 1388 1833 1740
1542 2 2 10 4 677 1961 675
1543 2 2 10 4 1338 1846 1845
1544 2 2 10 4 1115 2190 664
1545 2 2 10 4 429 1913 1912
1546 2 2 10 4 1912 2076 429
1547 2 2 10 4 1825 1919 752
1548 2 2 10 4 1821 2073 756
1549 2 2 10 4 1930 1934 1082
1550 2 2 10 4 1550 2095 1860
1551 2 2 10 4 1023 1901 1251
1552 2 2 10 4 1413 1823 1415
1553 2 2 10 4 447 1857 438
1554 2 2 10 4 1916 2076 1912
1555 2 2 10 4 1824 2124 1232
1556 2 2 10 4 1831 2020 428
1557 2 2 10 4 500 2052 502
1558 2 2 10 4 756 2073 632
1559 2 2 10 4 1934 1935 1082
1560 2 2 10 4 2126 2127 1178
1561 2 2 10 4 1385 1919 1825
1562 2 2 10 4 506 2052 1237
1563 2 2 10 4 840 1901 1023
1564 2 2 10 4 634 2073 644
1565 2 2 10 4 1538 1832 1165
1566 2 2 10 4 2034 2196 1397
1567 2 2 10 4 1251 2140 1264
1568 2 2 10 4 1901 2140 1251
1569 2 2 10 4 429 1915 1913
1570 2 2 10 4 644 2073 1945
1571 2 2 10 4 625 2088 2047
1572 2 2 10 4 768 2077 1861
1573 2 2 10 4 1391 2120 2020
1574 2 2 10 4 2135 2144 1238
1575 2 2 10 4 1828 2186 1276
1576 2 2 10 4 1843 2184 2109
1577 2 2 10 4 1280 2197 2193
1578 2 2 10 4 592 1949 536
1579 2 2 10 4 1385 2159 2099
1580 2 2 10 4 1387 1830 1829
1581 2 2 10 4 2118 2214 2119
1582 2 2 10 4 1385 2099 1919
1583 2 2 10 4 531 1951 1858
1584 2 2 10 4 534 1858 594
1585 2 2 10 4 2210 2223 1812
1586 2 2 10 4 763 2209 2194
1587 2 2 10 4 1856 1922 1116
1588 2 2 10 4 1387 1829 1386
1589 2 2 10 4 1859 2212 2211
1590 2 2 10 4 1046 2162 1329
1591 2 2 10 4 1379 1975 1221
1592 2 2 10 4 1389 2092 2067
1593 2 2 10 4 567 1834 566
1594 2 2 10 4 591 2121 567
1595 2 2 10 4 590 2139 1901
1596 2 2 10 4 1178 2127 1325
1597 2 2 10 4 2167 2221 1839
1598 2 2 10 4 500 2206 2052
1599 2 2 10 4 1160 1835 910
1600 2 2 10 4 1827 2197 799
1601 2 2 10 4 913 2190 2141
1602 2 2 10 4 577 2146 1921
1603 2 2 10 4 2124 2146 577
1604 2 2 10 4 752 2076 1916
1605 2 2 10 4 1237 2052 1842
1606 2 2 10 4 1883 2141 1879
1607 2 2 10 4 1923 1924 1275
1608 2 2 10 4 1292 2133 1924
1609 2 2 10 4 2164 2177 1861
1610 2 2 10 4 1880 1885 1877
1611 2 2 10 4 1880 1886 1885
1612 2 2 10 4 390 2099 388
1613 2 2 10 4 400 1915 398
1614 2 2 10 4 575 1921 796
1615 2 2 10 4 1303 1952 1935
1616 2 2 10 4 1292 1923 1123
1617 2 2 10 4 1946 2135 639
1618 2 2 10 4 1962 1997 1905
1619 2 2 10 4 768 1861 1860
1620 2 2 10 4 1329 2162 2137
1621 2 2 10 4 1851 1895 1388
1622 2 2 10 4 1857 2098 434
1623 2 2 10 4 1241 2181 2121
1624 2 2 10 4 1740 1955 1369
1625 2 2 10 4 768 1961 677
1626 2 2 10 4 1194 1854 1427
1627 2 2 10 4 1855 2078 411
1628 2 2 10 4 675 1961 836
1629 2 2 10 4 779 1889 781
1630 2 2 10 4 1812 2223 2014
1631 2 2 10 4 1552 2177 1553
1632 2 2 10 4 577 1921 575
1633 2 2 10 4 572 2155 765
1634 2 2 10 4 1022 2126 841
1635 2 2 10 4 1111 2163 1387
1636 2 2 10 4 1246 1922 1856
1637 2 2 10 4 1826 1910 1909
1638 2 2 10 4 1909 1979 1826
1639 2 2 10 4 1116 1997 1962
1640 2 2 10 4 1836 1999 865
1641 2 2 10 4 2169 2208 899
1642 2 2 10 4 1840 1891 1237
1643 2 2 10 4 1096 1845 893
1644 2 2 10 4 1113 1967 896
1645 2 2 10 4 1243 2103 2030
1646 2 2 10 4 1245 2120 1391
1647 2 2 10 4 1240 1975 1973
1648 2 2 10 4 536 1949 537
1649 2 2 10 4 1879 2141 1880
1650 2 2 10 4 1908 1943 1941
1651 2 2 10 4 1282 2156 1284
1652 2 2 10 4 1825 1916 1826
1653 2 2 10 4 327 1837 325
1654 2 2 10 4 398 1915 429
1655 2 2 10 4 533 1939 454
1656 2 2 10 4 497 1863 495
1657 2 2 10 4 900 1979 1909
1658 2 2 10 4 1338 1845 1096
1659 2 2 10 4 1116 1962 1856
1660 2 2 10 4 2173 2217 1047
1661 2 2 10 4 1117 1972 1381
1662 2 2 10 4 2016 2040 1117
1663 2 2 10 4 1697 2173 1201
1664 2 2 10 4 1395 2180 1276
1665 2 2 10 4 2067 2120 1389
1666 2 2 10 4 1943 1944 1941
1667 2 2 10 4 861 1891 1840
1668 2 2 10 4 864 1952 1077
1669 2 2 10 4 868 1930 1082
1670 2 2 10 4 1841 1999 1836
1671 2 2 10 4 1944 1964 1941
1672 2 2 10 4 508 2184 1843
1673 2 2 10 4 1898 1947 750
1674 2 2 10 4 916 2126 1178
1675 2 2 10 4 1935 1952 1082
1676 2 2 10 4 1292 1924 1923
1677 2 2 10 4 1896 2039 1897
1678 2 2 10 4 1897 2039 1950
1679 2 2 10 4 1165 1832 1166
1680 2 2 10 4 1203 2089 1617
1681 2 2 10 4 1387 2211 1830
1682 2 2 10 4 461 1851 543
1683 2 2 10 4 547 2069 1125
1684 2 2 10 4 1192 1854 1194
1685 2 2 10 4 1243 2143 2103
1686 2 2 10 4 566 1834 805
1687 2 2 10 4 1835 2060 670
1688 2 2 10 4 862 1836 865
1689 2 2 10 4 1238 2205 1965
1690 2 2 10 4 1190 1852 1192
1691 2 2 10 4 1754 1888 1412
1692 2 2 10 4 1819 2144 1946
1693 2 2 10 4 1904 2040 2016
1694 2 2 10 4 799 2197 1280
1695 2 2 10 4 1862 2050 1140
1696 2 2 10 4 1852 1854 1192
1697 2 2 10 4 1819 1945 1235
1698 2 2 10 4 1181 1890 1560
1699 2 2 10 4 1226 1892 1384
1700 2 2 10 4 1826 1916 1910
1701 2 2 10 4 796 1921 951
1702 2 2 10 4 1369 1955 1370
1703 2 2 10 4 1288 1894 1493
1704 2 2 10 4 1124 1888 1261
1705 2 2 10 4 567 2121 1834
1706 2 2 10 4 805 1834 977
1707 2 2 10 4 893 1845 895
1708 2 2 10 4 1278 2181 1241
1709 2 2 10 4 1275 2147 2110
1710 2 2 10 4 543 1851 671
1711 2 2 10 4 1221 1975 1240
1712 2 2 10 4 628 1956 630
1713 2 2 10 4 635 1907 637
1714 2 2 10 4 1917 2065 926
1715 2 2 10 4 1287 2197 1827
1716 2 2 10 4 1917 2097 1659
1717 2 2 10 4 1885 1889 1875
1718 2 2 10 4 1918 2065 1917
1719 2 2 10 4 2094 2216 2193
1720 2 2 10 4 638 1907 635
1721 2 2 10 4 540 1891 861
1722 2 2 10 4 849 2121 591
1723 2 2 10 4 1964 2088 625
1724 2 2 10 4 1274 2107 1078
1725 2 2 10 4 508 2206 498
1726 2 2 10 4 2147 2149 992
1727 2 2 10 4 1070 2089 1203
1728 2 2 10 4 1411 1412 1204
1729 2 2 10 4 2170 2179 2007
1730 2 2 10 4 418 2120 2067
1731 2 2 10 4 1235 1945 1234
1732 2 2 10 4 866 1952 864
1733 2 2 10 4 870 1930 868
1734 2 2 10 4 1188 1938 1417
1735 2 2 10 4 1242 2122 1695
1736 2 2 10 4 1855 2092 1389
1737 2 2 10 4 2088 2151 1822
1738 2 2 10 4 523 1891 540
1739 2 2 10 4 537 578 539
1740 2 2 10 4 652 1965 659
1741 2 2 10 4 806 1923 1275
1742 2 2 10 4 978 1922 1246
1743 2 2 10 4 1110 1944 1943
1744 2 2 10 4 1118 1918 1119
1745 2 2 10 4 1294 2200 2186
1746 2 2 10 4 1020 1889 779
1747 2 2 10 4 1150 1953 1537
1748 2 2 10 4 428 2119 1831
1749 2 2 10 4 958 1890 1181
1750 2 2 10 4 1148 1953 1150
1751 2 2 10 4 1187 1938 1188
1752 2 2 10 4 1294 2186 1239
1753 2 2 10 4 1826 1979 1249
1754 2 2 10 4 1253 1962 1905
1755 2 2 10 4 1282 1284 1283
1756 2 2 10 4 1343 2062 1995
1757 2 2 10 4 1413 1414 1412
1758 2 2 10 4 1856 2078 1855
1759 2 2 10 4 1880 1887 1886
1760 2 2 10 4 1908 1941 1940
1761 2 2 10 4 640 1906 638
1762 2 2 10 4 1908 1940 665
1763 2 2 10 4 900 1909 898
1764 2 2 10 4 969 1086 968
1765 2 2 10 4 1276 2180 1828
1766 2 2 10 4 1607 1823 1413
1767 2 2 10 4 1860 2095 1961
1768 2 2 10 4 1944 2151 2088
1769 2 2 10 4 1553 2177 2106
1770 2 2 10 4 461 1895 1851
1771 2 2 10 4 509 2039 1896
1772 2 2 10 4 631 1956 628
1773 2 2 10 4 1870 1871 1020
1774 2 2 10 4 879 1939 533
1775 2 2 10 4 1919 2099 390
1776 2 2 10 4 1253 1905 598
1777 2 2 10 4 1112 1212 1087
1778 2 2 10 4 1410 1411 1204
1779 2 2 10 4 1413 1415 1414
1780 2 2 10 4 2030 2103 1915
1781 2 2 10 4 392 1919 390
1782 2 2 10 4 530 2059 529
1783 2 2 10 4 1837 1838 589
1784 2 2 10 4 1934 1936 1935
1785 2 2 10 4 365 2019 1994
1786 2 2 10 4 385 386 384
1787 2 2 10 4 387 388 386
1788 2 2 10 4 389 390 388
1789 2 2 10 4 395 396 394
1790 2 2 10 4 400 2030 1915
1791 2 2 10 4 1243 2030 432
1792 2 2 10 4 1027 1829 447
1793 2 2 10 4 493 513 491
1794 2 2 10 4 492 750 494
1795 2 2 10 4 496 498 497
1796 2 2 10 4 496 508 498
1797 2 2 10 4 514 523 515
1798 2 2 10 4 532 2064 763
1799 2 2 10 4 762 879 533
1800 2 2 10 4 539 542 541
1801 2 2 10 4 751 2110 541
1802 2 2 10 4 572 765 764
1803 2 2 10 4 602 1984 603
1804 2 2 10 4 744 746 745
1805 2 2 10 4 2028 2029 744
1806 2 2 10 4 1108 2074 778
1807 2 2 10 4 960 1923 806
1808 2 2 10 4 851 2162 1046
1809 2 2 10 4 893 894 880
1810 2 2 10 4 899 900 898
1811 2 2 10 4 905 1937 904
1812 2 2 10 4 904 995 983
1813 2 2 10 4 995 1291 1248
1814 2 2 10 4 1023 1251 1219
1815 2 2 10 4 1212 1925 1087
1816 2 2 10 4 1911 1967 1113
1817 2 2 10 4 1156 1308 1157
1818 2 2 10 4 1422 1618 1212
1819 2 2 10 4 1224 2041 1839
1820 2 2 10 4 1256 1986 1942
1821 2 2 10 4 1296 1322 1321
1822 2 2 10 4 1393 2044 2029
1823 2 2 10 4 1910 1916 1912
1824 2 2 10 4 1913 1914 1911
1825 2 2 10 4 1927 2096 1929
1826 2 2 10 4 431 2159 2100
1827 2 2 10 4 680 1922 978
1828 2 2 10 4 1115 2196 2034
1829 2 2 10 4 1118 1987 1918
1830 2 2 10 4 1424 1718 1547
1831 2 2 10 4 976 1958 328
1832 2 2 10 4 332 2003 333
1833 2 2 10 4 425 669 332
1834 2 2 10 4 339 2017 335
1835 2 2 10 4 337 1902 338
1836 2 2 10 4 2003 2004 337
1837 2 2 10 4 338 341 340
1838 2 2 10 4 1902 1903 341
1839 2 2 10 4 1829 1830 447
1840 2 2 10 4 498 500 499
1841 2 2 10 4 594 1858 991
1842 2 2 10 4 603 1984 657
1843 2 2 10 4 665 1940 617
1844 2 2 10 4 1221 1240 669
1845 2 2 10 4 1004 2072 837
1846 2 2 10 4 851 1046 850
1847 2 2 10 4 973 975 974
1848 2 2 10 4 1103 1382 1223
1849 2 2 10 4 1119 1918 1313
1850 2 2 10 4 1231 1511 1510
1851 2 2 10 4 1240 1972 1244
1852 2 2 10 4 1263 1985 1380
1853 2 2 10 4 1274 2157 2107
1854 2 2 10 4 1314 2108 2015
1855 2 2 10 4 1370 1423 1371
1856 2 2 10 4 1380 1800 1799
1857 2 2 10 4 1904 2026 1903
1858 2 2 10 4 1968 2018 1987
1859 2 2 10 4 1994 2019 2015
1860 2 2 10 4 2007 2179 2125
1861 2 2 10 4 2045 2046 2025
1862 2 2 10 4 752 1919 392
1863 2 2 10 4 454 1939 442
1864 2 2 10 4 476 478 477
1865 2 2 10 4 478 480 479
1866 2 2 10 4 488 489 486
1867 2 2 10 4 492 1896 750
1868 2 2 10 4 496 497 495
1869 2 2 10 4 502 504 501
1870 2 2 10 4 507 2021 505
1871 2 2 10 4 515 992 507
1872 2 2 10 4 514 1891 523
1873 2 2 10 4 523 540 536
1874 2 2 10 4 537 1949 578
1875 2 2 10 4 540 593 592
1876 2 2 10 4 542 566 541
1877 2 2 10 4 542 2139 590
1878 2 2 10 4 630 1956 981
1879 2 2 10 4 1906 1907 638
1880 2 2 10 4 668 1247 924
1881 2 2 10 4 805 959 806
1882 2 2 10 4 1075 1241 849
1883 2 2 10 4 862 864 863
1884 2 2 10 4 871 872 870
1885 2 2 10 4 872 2115 1088
1886 2 2 10 4 881 882 876
1887 2 2 10 4 1069 1070 960
1888 2 2 10 4 1123 1923 960
1889 2 2 10 4 992 2149 2021
1890 2 2 10 4 1070 1203 1124
1891 2 2 10 4 1177 2122 1075
1892 2 2 10 4 1075 1242 1241
1893 2 2 10 4 1330 1338 1096
1894 2 2 10 4 1178 1325 1306
1895 2 2 10 4 1219 1957 1180
1896 2 2 10 4 1251 1252 1219
1897 2 2 10 4 2161 2166 1264
1898 2 2 10 4 1409 1624 1306
1899 2 2 10 4 1414 1754 1412
1900 2 2 10 4 1893 1956 631
1901 2 2 10 4 1881 1884 1883
1902 2 2 10 4 596 2031 1253
1903 2 2 10 4 2072 2117 837
1904 2 2 10 4 1195 1550 1549
1905 2 2 10 4 1337 1699 1335
1906 2 2 10 4 777 1870 1020
1907 2 2 10 4 803 968 802
1908 2 2 10 4 1334 1336 1335
1909 2 2 10 4 1140 2050 1139
1910 2 2 10 4 1721 1722 1720
1911 2 2 10 4 1875 1889 1872
1912 2 2 10 4 362 368 363
1913 2 2 10 4 744 2029 746
1914 2 2 10 4 747 749 745
1915 2 2 10 4 934 998 860
1916 2 2 10 4 1195 2095 1550
1917 2 2 10 4 1953 1954 1537
1918 2 2 10 4 1877 1885 1875
1919 2 2 10 4 2207 2215 1948
1920 2 2 10 4 359 1968 362
1921 2 2 10 4 427 1963 437
1922 2 2 10 4 659 1965 877
1923 2 2 10 4 868 1082 866
1924 2 2 10 4 951 1140 1139
1925 2 2 10 4 1329 1418 1201
1926 2 2 10 4 2005 2180 1395
1927 2 2 10 4 1721 1724 1722
1928 2 2 10 4 1944 2088 1964
1929 2 2 10 4 612 1927 653
1930 2 2 10 4 1941 1964 621
1931 2 2 10 4 632 633 631
1932 2 2 10 4 634 635 633
1933 2 2 10 4 650 1965 652
1934 2 2 10 4 657 2145 2090
1935 2 2 10 4 660 2131 2102
1936 2 2 10 4 1860 1961 768
1937 2 2 10 4 778 2074 776
1938 2 2 10 4 869 871 870
1939 2 2 10 4 871 873 872
1940 2 2 10 4 1232 1835 1160
1941 2 2 10 4 1234 1945 1821
1942 2 2 10 4 1244 2004 2003
1943 2 2 10 4 1987 2018 1259
1944 2 2 10 4 1263 1380 1379
1945 2 2 10 4 2193 2197 1285
1946 2 2 10 4 1380 1985 1800
1947 2 2 10 4 1846 1848 1847
1948 2 2 10 4 356 1968 359
1949 2 2 10 4 435 438 434
1950 2 2 10 4 534 571 535
1951 2 2 10 4 633 1893 631
1952 2 2 10 4 1927 1928 653
1953 2 2 10 4 796 950 797
1954 2 2 10 4 973 974 931
1955 2 2 10 4 1103 1223 987
1956 2 2 10 4 1624 1844 1306
1957 2 2 10 4 1424 1546 1423
1958 2 2 10 4 2213 2227 1827
1959 2 2 10 4 669 2003 332
1960 2 2 10 4 377 441 375
1961 2 2 10 4 411 2092 1855
1962 2 2 10 4 621 1964 622
1963 2 2 10 4 1244 2003 669
1964 2 2 10 4 760 934 860
1965 2 2 10 4 901 1098 903
1966 2 2 10 4 1097 1330 1096
1967 2 2 10 4 1133 1315 1132
1968 2 2 10 4 1211 1232 1160
1969 2 2 10 4 1227 2146 1229
1970 2 2 10 4 1296 1321 1257
1971 2 2 10 4 542 567 566
1972 2 2 10 4 806 1275 751
1973 2 2 10 4 861 1836 862
1974 2 2 10 4 1226 1384 1236
1975 2 2 10 4 2144 2205 1238
1976 2 2 10 4 2016 2026 1904
1977 2 2 10 4 329 1224 327
1978 2 2 10 4 437 450 448
1979 2 2 10 4 1833 1895 450
1980 2 2 10 4 529 533 454
1981 2 2 10 4 761 762 533
1982 2 2 10 4 617 1940 618
1983 2 2 10 4 760 1986 935
1984 2 2 10 4 995 1293 1291
1985 2 2 10 4 1871 1872 1020
1986 2 2 10 4 1117 1381 1100
1987 2 2 10 4 1139 1340 1153
1988 2 2 10 4 1240 1973 1972
1989 2 2 10 4 1939 2143 1243
1990 2 2 10 4 1389 2120 1245
1991 2 2 10 4 1287 1295 1288
1992 2 2 10 4 1897 1899 1898
1993 2 2 10 4 393 444 395
1994 2 2 10 4 762 892 880
1995 2 2 10 4 1019 1870 775
1996 2 2 10 4 894 2134 880
1997 2 2 10 4 1256 1942 1279
1998 2 2 10 4 1550 1552 1551
1999 2 2 10 4 1878 1879 1877
2000 2 2 10 4 330 331 329
2001 2 2 10 4 347 2008 344
2002 2 2 10 4 486 487 484
2003 2 2 10 4 494 1947 496
2004 2 2 10 4 499 522 497
2005 2 2 10 4 502 506 505
2006 2 2 10 4 505 2021 510
2007 2 2 10 4 506 514 507
2008 2 2 10 4 516 517 511
2009 2 2 10 4 523 524 515
2010 2 2 10 4 540 861 593
2011 2 2 10 4 566 751 541
2012 2 2 10 4 639 2135 641
2013 2 2 10 4 1104 2079 1268
2014 2 2 10 4 1117 2040 1972
2015 2 2 10 4 1180 1361 1273
2016 2 2 10 4 1234 1821 1269
2017 2 2 10 4 1879 1880 1877
2018 2 2 10 4 1931 1934 1930
2019 2 2 10 4 337 2004 1902
2020 2 2 10 4 372 374 373
2021 2 2 10 4 379 380 378
2022 2 2 10 4 380 382 381
2023 2 2 10 4 382 385 384
2024 2 2 10 4 431 2066 386
2025 2 2 10 4 387 389 388
2026 2 2 10 4 389 391 390
2027 2 2 10 4 393 395 394
2028 2 2 10 4 424 1343 416
2029 2 2 10 4 420 422 421
2030 2 2 10 4 451 453 450
2031 2 2 10 4 455 531 530
2032 2 2 10 4 659 877 664
2033 2 2 10 4 765 852 851
2034 2 2 10 4 1046 1047 850
2035 2 2 10 4 927 1992 928
2036 2 2 10 4 935 1256 1133
2037 2 2 10 4 1166 1832 1499
2038 2 2 10 4 1256 1279 1257
2039 2 2 10 4 1976 2036 1390
2040 2 2 10 4 1391 1831 1401
2041 2 2 10 4 1913 2103 1914
2042 2 2 10 4 394 752 392
2043 2 2 10 4 397 595 399
2044 2 2 10 4 417 1995 420
2045 2 2 10 4 443 454 442
2046 2 2 10 4 455 1951 531
2047 2 2 10 4 478 481 480
2048 2 2 10 4 483 1959 480
2049 2 2 10 4 490 492 491
2050 2 2 10 4 492 494 493
2051 2 2 10 4 494 496 495
2052 2 2 10 4 500 502 501
2053 2 2 10 4 502 505 504
2054 2 2 10 4 516 521 519
2055 2 2 10 4 769 771 667
2056 2 2 10 4 714 715 713
2057 2 2 10 4 729 730 726
2058 2 2 10 4 1971 1990 754
2059 2 2 10 4 836 1003 837
2060 2 2 10 4 895 1026 897
2061 2 2 10 4 916 1177 1075
2062 2 2 10 4 935 1986 1256
2063 2 2 10 4 1070 1123 960
2064 2 2 10 4 1189 2072 1004
2065 2 2 10 4 1204 1888 1124
2066 2 2 10 4 1195 1429 1187
2067 2 2 10 4 1347 1582 1489
2068 2 2 10 4 1380 1798 1379
2069 2 2 10 4 1848 1849 1847
2070 2 2 10 4 1924 2149 2147
2071 2 2 10 4 343 2046 340
2072 2 2 10 4 341 2013 342
2073 2 2 10 4 342 345 344
2074 2 2 10 4 346 740 343
2075 2 2 10 4 345 348 347
2076 2 2 10 4 348 350 349
2077 2 2 10 4 1258 2009 348
2078 2 2 10 4 353 2009 682
2079 2 2 10 4 357 2018 354
2080 2 2 10 4 356 359 358
2081 2 2 10 4 683 1259 357
2082 2 2 10 4 369 2035 358
2083 2 2 10 4 359 361 360
2084 2 2 10 4 361 1969 360
2085 2 2 10 4 360 1969 988
2086 2 2 10 4 362 363 361
2087 2 2 10 4 362 1968 1118
2088 2 2 10 4 363 365 364
2089 2 2 10 4 1271 1392 370
2090 2 2 10 4 416 417 413
2091 2 2 10 4 414 435 434
2092 2 2 10 4 417 419 418
2093 2 2 10 4 421 2002 428
2094 2 2 10 4 422 1920 582
2095 2 2 10 4 427 436 426
2096 2 2 10 4 437 1963 451
2097 2 2 10 4 442 1939 1243
2098 2 2 10 4 448 461 449
2099 2 2 10 4 453 1833 450
2100 2 2 10 4 490 1896 492
2101 2 2 10 4 992 2021 507
2102 2 2 10 4 519 520 517
2103 2 2 10 4 523 536 524
2104 2 2 10 4 534 594 571
2105 2 2 10 4 600 648 602
2106 2 2 10 4 609 1983 661
2107 2 2 10 4 613 614 612
2108 2 2 10 4 625 2047 626
2109 2 2 10 4 629 631 628
2110 2 2 10 4 636 638 635
2111 2 2 10 4 639 640 638
2112 2 2 10 4 645 646 642
2113 2 2 10 4 664 807 663
2114 2 2 10 4 667 1908 665
2115 2 2 10 4 671 917 910
2116 2 2 10 4 671 1851 1092
2117 2 2 10 4 680 878 681
2118 2 2 10 4 682 2010 684
2119 2 2 10 4 685 1966 683
2120 2 2 10 4 684 2012 686
2121 2 2 10 4 687 688 685
2122 2 2 10 4 689 690 688
2123 2 2 10 4 926 1966 688
2124 2 2 10 4 689 2036 1976
2125 2 2 10 4 693 694 690
2126 2 2 10 4 693 1976 707
2127 2 2 10 4 695 696 694
2128 2 2 10 4 712 2024 714
2129 2 2 10 4 715 753 713
2130 2 2 10 4 735 1971 716
2131 2 2 10 4 717 719 718
2132 2 2 10 4 743 1977 723
2133 2 2 10 4 725 727 726
2134 2 2 10 4 741 1980 932
2135 2 2 10 4 1942 1986 748
2136 2 2 10 4 1896 1897 750
2137 2 2 10 4 757 758 755
2138 2 2 10 4 755 2006 1267
2139 2 2 10 4 773 774 772
2140 2 2 10 4 777 1020 779
2141 2 2 10 4 796 951 950
2142 2 2 10 4 993 1970 802
2143 2 2 10 4 852 1282 1094
2144 2 2 10 4 861 1840 1836
2145 2 2 10 4 979 980 885
2146 2 2 10 4 885 2055 994
2147 2 2 10 4 897 899 898
2148 2 2 10 4 917 1159 910
2149 2 2 10 4 1159 1160 910
2150 2 2 10 4 928 930 929
2151 2 2 10 4 932 1130 1129
2152 2 2 10 4 1120 1121 958
2153 2 2 10 4 982 2108 2071
2154 2 2 10 4 988 1394 1265
2155 2 2 10 4 990 2093 1982
2156 2 2 10 4 1872 1889 1020
2157 2 2 10 4 1845 1846 1026
2158 2 2 10 4 1046 1201 1047
2159 2 2 10 4 1092 1388 1369
2160 2 2 10 4 1298 1300 1128
2161 2 2 10 4 1166 1499 1498
2162 2 2 10 4 1618 1925 1212
2163 2 2 10 4 1921 2146 1227
2164 2 2 10 4 1539 1862 1228
2165 2 2 10 4 1229 1824 1231
2166 2 2 10 4 1246 1855 1389
2167 2 2 10 4 1966 2065 1259
2168 2 2 10 4 1290 1399 1266
2169 2 2 10 4 1300 1993 1992
2170 2 2 10 4 1313 1917 1659
2171 2 2 10 4 1402 2048 1392
2172 2 2 10 4 1969 1981 1394
2173 2 2 10 4 1395 2131 2005
2174 2 2 10 4 1860 1861 1552
2175 2 2 10 4 1786 1789 1788
2176 2 2 10 4 1789 1793 1792
2177 2 2 10 4 1874 1875 1872
2178 2 2 10 4 1988 2035 1989
2179 2 2 10 4 2043 2101 2058
2180 2 2 10 4 333 334 331
2181 2 2 10 4 355 1988 352
2182 2 2 10 4 353 357 354
2183 2 2 10 4 682 683 357
2184 2 2 10 4 461 462 449
2185 2 2 10 4 750 1947 494
2186 2 2 10 4 546 2060 577
2187 2 2 10 4 606 2057 604
2188 2 2 10 4 629 756 632
2189 2 2 10 4 635 637 633
2190 2 2 10 4 634 644 636
2191 2 2 10 4 650 652 651
2192 2 2 10 4 746 2029 1122
2193 2 2 10 4 1104 1105 881
2194 2 2 10 4 928 1131 930
2195 2 2 10 4 1225 1226 1105
2196 2 2 10 4 1129 1298 1128
2197 2 2 10 4 1147 1529 1148
2198 2 2 10 4 1150 1537 1165
2199 2 2 10 4 1417 1852 1190
2200 2 2 10 4 1873 1874 1872
2201 2 2 10 4 1876 1877 1875
2202 2 2 10 4 2011 2013 1903
2203 2 2 10 4 2023 2172 2158
2204 2 2 10 4 542 590 567
2205 2 2 10 4 2058 2101 623
2206 2 2 10 4 634 636 635
2207 2 2 10 4 652 655 651
2208 2 2 10 4 959 960 806
2209 2 2 10 4 840 1022 841
2210 2 2 10 4 1104 1225 1105
2211 2 2 10 4 1968 1987 1118
2212 2 2 10 4 1225 1383 1226
2213 2 2 10 4 1268 2037 1225
2214 2 2 10 4 333 2003 337
2215 2 2 10 4 338 339 335
2216 2 2 10 4 338 340 339
2217 2 2 10 4 340 2046 339
2218 2 2 10 4 596 598 597
2219 2 2 10 4 607 1983 609
2220 2 2 10 4 628 630 627
2221 2 2 10 4 637 1893 633
2222 2 2 10 4 772 1908 667
2223 2 2 10 4 698 2036 687
2224 2 2 10 4 747 760 749
2225 2 2 10 4 758 2006 755
2226 2 2 10 4 757 884 883
2227 2 2 10 4 773 775 774
2228 2 2 10 4 775 777 776
2229 2 2 10 4 903 905 904
2230 2 2 10 4 924 1099 923
2231 2 2 10 4 2015 2108 982
2232 2 2 10 4 985 2016 1117
2233 2 2 10 4 1100 1101 986
2234 2 2 10 4 995 1937 1293
2235 2 2 10 4 996 1948 997
2236 2 2 10 4 1195 1549 1429
2237 2 2 10 4 1229 1231 1230
2238 2 2 10 4 1385 1825 1249
2239 2 2 10 4 2000 2001 1260
2240 2 2 10 4 1315 1739 1316
2241 2 2 10 4 1332 1334 1333
2242 2 2 10 4 1800 1804 1799
2243 2 2 10 4 1945 2073 1821
2244 2 2 10 4 1987 2065 1918
2245 2 2 10 4 330 425 332
2246 2 2 10 4 612 653 610
2247 2 2 10 4 618 621 620
2248 2 2 10 4 624 2058 623
2249 2 2 10 4 629 632 631
2250 2 2 10 4 671 1092 917
2251 2 2 10 4 1126 1127 681
2252 2 2 10 4 717 718 716
2253 2 2 10 4 780 1108 778
2254 2 2 10 4 1088 2115 1932
2255 2 2 10 4 1109 1234 1108
2256 2 2 10 4 1178 1306 1177
2257 2 2 10 4 1203 1617 1410
2258 2 2 10 4 1415 1741 1414
2259 2 2 10 4 330 1958 425
2260 2 2 10 4 338 1902 341
2261 2 2 10 4 344 2008 346
2262 2 2 10 4 362 1118 368
2263 2 2 10 4 365 1994 367
2264 2 2 10 4 367 402 366
2265 2 2 10 4 405 411 403
2266 2 2 10 4 416 1995 417
2267 2 2 10 4 422 427 426
2268 2 2 10 4 608 710 606
2269 2 2 10 4 666 769 667
2270 2 2 10 4 680 978 878
2271 2 2 10 4 688 1966 685
2272 2 2 10 4 689 1976 693
2273 2 2 10 4 928 929 742
2274 2 2 10 4 994 2006 758
2275 2 2 10 4 807 913 912
2276 2 2 10 4 862 865 864
2277 2 2 10 4 864 1077 863
2278 2 2 10 4 869 2027 871
2279 2 2 10 4 872 1088 870
2280 2 2 10 4 876 1089 874
2281 2 2 10 4 932 1129 1128
2282 2 2 10 4 988 1265 996
2283 2 2 10 4 1112 1421 1212
2284 2 2 10 4 1126 1285 1127
2285 2 2 10 4 1166 1498 1167
2286 2 2 10 4 1190 1191 1189
2287 2 2 10 4 1231 1820 1511
2288 2 2 10 4 1246 1856 1855
2289 2 2 10 4 1272 1290 1266
2290 2 2 10 4 1274 2166 2157
2291 2 2 10 4 1535 2200 1294
2292 2 2 10 4 1870 2075 1871
2293 2 2 10 4 1902 1904 1903
2294 2 2 10 4 328 329 327
2295 2 2 10 4 342 2013 345
2296 2 2 10 4 374 376 375
2297 2 2 10 4 982 2071 406
2298 2 2 10 4 596 597 430
2299 2 2 10 4 571 1970 572
2300 2 2 10 4 925 1996 586
2301 2 2 10 4 672 1984 602
2302 2 2 10 4 710 2057 606
2303 2 2 10 4 653 2023 610
2304 2 2 10 4 614 1927 612
2305 2 2 10 4 632 634 633
2306 2 2 10 4 660 666 665
2307 2 2 10 4 693 695 694
2308 2 2 10 4 712 714 713
2309 2 2 10 4 981 2024 712
2310 2 2 10 4 723 724 722
2311 2 2 10 4 725 1977 728
2312 2 2 10 4 731 732 729
2313 2 2 10 4 929 2025 742
2314 2 2 10 4 755 1267 753
2315 2 2 10 4 885 994 758
2316 2 2 10 4 1340 1571 1153
2317 2 2 10 4 2006 2007 1267
2318 2 2 10 4 1308 1869 1362
2319 2 2 10 4 328 1958 330
2320 2 2 10 4 345 1258 348
2321 2 2 10 4 350 353 352
2322 2 2 10 4 354 2018 356
2323 2 2 10 4 358 2035 355
2324 2 2 10 4 360 369 358
2325 2 2 10 4 364 1969 361
2326 2 2 10 4 367 404 403
2327 2 2 10 4 417 418 413
2328 2 2 10 4 420 1920 422
2329 2 2 10 4 544 545 462
2330 2 2 10 4 472 518 474
2331 2 2 10 4 482 485 484
2332 2 2 10 4 485 488 486
2333 2 2 10 4 598 600 599
2334 2 2 10 4 603 657 605
2335 2 2 10 4 605 607 606
2336 2 2 10 4 609 661 611
2337 2 2 10 4 613 615 614
2338 2 2 10 4 660 665 617
2339 2 2 10 4 636 639 638
2340 2 2 10 4 639 641 640
2341 2 2 10 4 652 658 655
2342 2 2 10 4 666 667 665
2343 2 2 10 4 684 685 683
2344 2 2 10 4 686 687 685
2345 2 2 10 4 687 689 688
2346 2 2 10 4 693 707 695
2347 2 2 10 4 716 1971 715
2348 2 2 10 4 718 735 716
2349 2 2 10 4 719 743 723
2350 2 2 10 4 724 759 722
2351 2 2 10 4 723 1977 725
2352 2 2 10 4 774 1943 772
2353 2 2 10 4 1110 1943 774
2354 2 2 10 4 1280 1281 798
2355 2 2 10 4 867 1107 869
2356 2 2 10 4 980 2055 885
2357 2 2 10 4 1147 1148 914
2358 2 2 10 4 1092 1093 917
2359 2 2 10 4 951 1921 1227
2360 2 2 10 4 987 989 974
2361 2 2 10 4 979 1297 980
2362 2 2 10 4 988 1969 1394
2363 2 2 10 4 1092 1369 1093
2364 2 2 10 4 1245 1391 1114
2365 2 2 10 4 1285 1286 1127
2366 2 2 10 4 1992 1993 1131
2367 2 2 10 4 1181 1347 1182
2368 2 2 10 4 1181 1560 1347
2369 2 2 10 4 1188 1190 1189
2370 2 2 10 4 1190 1192 1191
2371 2 2 10 4 1192 1194 1193
2372 2 2 10 4 1194 1294 1239
2373 2 2 10 4 1194 1427 1294
2374 2 2 10 4 1232 2124 1835
2375 2 2 10 4 1958 1985 1263
2376 2 2 10 4 1288 1493 1289
2377 2 2 10 4 1295 1894 1288
2378 2 2 10 4 1427 1535 1294
2379 2 2 10 4 1972 1973 1381
2380 2 2 10 4 1890 2070 1560
2381 2 2 10 4 1719 1721 1720
2382 2 2 10 4 1840 1842 1841
2383 2 2 10 4 1995 2062 1920
2384 2 2 10 4 2057 2132 2056
2385 2 2 10 4 348 2009 350
2386 2 2 10 4 412 424 416
2387 2 2 10 4 476 477 475
2388 2 2 10 4 480 1959 479
2389 2 2 10 4 479 668 586
2390 2 2 10 4 600 602 601
2391 2 2 10 4 622 625 624
2392 2 2 10 4 630 711 627
2393 2 2 10 4 668 924 923
2394 2 2 10 4 1082 1952 866
2395 2 2 10 4 867 869 868
2396 2 2 10 4 1107 2027 869
2397 2 2 10 4 1088 1930 870
2398 2 2 10 4 1247 1378 924
2399 2 2 10 4 951 1227 1140
2400 2 2 10 4 1077 1952 1303
2401 2 2 10 4 1186 1220 1078
2402 2 2 10 4 1537 1538 1165
2403 2 2 10 4 1314 2015 1262
2404 2 2 10 4 1785 1790 1787
2405 2 2 10 4 2004 2040 1904
2406 2 2 10 4 2082 2084 2083
2407 2 2 10 4 342 343 340
2408 2 2 10 4 346 1980 741
2409 2 2 10 4 366 1981 364
2410 2 2 10 4 377 2028 744
2411 2 2 10 4 448 449 436
2412 2 2 10 4 437 451 450
2413 2 2 10 4 439 445 438
2414 2 2 10 4 575 796 576
2415 2 2 10 4 796 797 576
2416 2 2 10 4 602 603 601
2417 2 2 10 4 610 2023 608
2418 2 2 10 4 611 613 612
2419 2 2 10 4 615 660 617
2420 2 2 10 4 618 1940 621
2421 2 2 10 4 1940 1941 621
2422 2 2 10 4 641 647 645
2423 2 2 10 4 673 676 675
2424 2 2 10 4 689 693 690
2425 2 2 10 4 735 2228 2224
2426 2 2 10 4 770 957 769
2427 2 2 10 4 770 1120 958
2428 2 2 10 4 807 912 808
2429 2 2 10 4 912 914 808
2430 2 2 10 4 958 1181 957
2431 2 2 10 4 1121 1890 958
2432 2 2 10 4 976 1985 1958
2433 2 2 10 4 1130 2049 2048
2434 2 2 10 4 1315 1316 1132
2435 2 2 10 4 1529 1953 1148
2436 2 2 10 4 1988 1989 1255
2437 2 2 10 4 1290 1400 1399
2438 2 2 10 4 2157 2161 1949
2439 2 2 10 4 402 2031 596
2440 2 2 10 4 420 421 419
2441 2 2 10 4 422 426 421
2442 2 2 10 4 437 448 436
2443 2 2 10 4 461 543 462
2444 2 2 10 4 545 2068 462
2445 2 2 10 4 547 1125 545
2446 2 2 10 4 546 577 575
2447 2 2 10 4 576 2069 547
2448 2 2 10 4 596 1253 598
2449 2 2 10 4 599 990 597
2450 2 2 10 4 598 1905 600
2451 2 2 10 4 600 601 599
2452 2 2 10 4 603 604 601
2453 2 2 10 4 605 606 604
2454 2 2 10 4 604 2057 2056
2455 2 2 10 4 607 608 606
2456 2 2 10 4 607 609 608
2457 2 2 10 4 609 610 608
2458 2 2 10 4 608 2023 710
2459 2 2 10 4 611 612 610
2460 2 2 10 4 618 620 619
2461 2 2 10 4 621 622 620
2462 2 2 10 4 622 624 623
2463 2 2 10 4 625 626 624
2464 2 2 10 4 626 628 627
2465 2 2 10 4 641 645 642
2466 2 2 10 4 647 1238 650
2467 2 2 10 4 648 673 672
2468 2 2 10 4 655 656 651
2469 2 2 10 4 652 659 658
2470 2 2 10 4 659 664 663
2471 2 2 10 4 877 1115 664
2472 2 2 10 4 771 772 667
2473 2 2 10 4 671 910 670
2474 2 2 10 4 673 675 674
2475 2 2 10 4 676 677 675
2476 2 2 10 4 676 1997 1116
2477 2 2 10 4 678 679 677
2478 2 2 10 4 678 680 679
2479 2 2 10 4 1116 1922 678
2480 2 2 10 4 878 1126 681
2481 2 2 10 4 2025 2046 740
2482 2 2 10 4 741 927 742
2483 2 2 10 4 770 958 957
2484 2 2 10 4 772 1943 1908
2485 2 2 10 4 773 1019 775
2486 2 2 10 4 775 776 774
2487 2 2 10 4 776 1110 774
2488 2 2 10 4 775 1870 777
2489 2 2 10 4 777 778 776
2490 2 2 10 4 781 2033 780
2491 2 2 10 4 780 1109 1108
2492 2 2 10 4 799 1280 798
2493 2 2 10 4 873 875 874
2494 2 2 10 4 875 881 876
2495 2 2 10 4 883 979 885
2496 2 2 10 4 1148 1149 914
2497 2 2 10 4 935 1132 934
2498 2 2 10 4 951 1139 950
2499 2 2 10 4 978 1246 1245
2500 2 2 10 4 1003 1195 1187
2501 2 2 10 4 1109 1235 1234
2502 2 2 10 4 1109 1397 1235
2503 2 2 10 4 1120 1395 1276
2504 2 2 10 4 1150 1151 1149
2505 2 2 10 4 1165 1166 1151
2506 2 2 10 4 1159 1583 1179
2507 2 2 10 4 1188 1417 1190
2508 2 2 10 4 1191 1396 1189
2509 2 2 10 4 1263 1379 1221
2510 2 2 10 4 1229 1230 1228
2511 2 2 10 4 1230 1539 1228
2512 2 2 10 4 1231 1510 1230
2513 2 2 10 4 1397 1398 1235
2514 2 2 10 4 1239 1828 1270
2515 2 2 10 4 1248 1385 1249
2516 2 2 10 4 2031 2078 1253
2517 2 2 10 4 1259 2065 1987
2518 2 2 10 4 1260 2045 2025
2519 2 2 10 4 1330 1710 1338
2520 2 2 10 4 1973 1974 1381
2521 2 2 10 4 1552 1553 1551
2522 2 2 10 4 1553 1597 1551
2523 2 2 10 4 1724 1726 1725
2524 2 2 10 4 1804 1805 1799
2525 2 2 10 4 1871 2075 1882
2526 2 2 10 4 1874 1876 1875
2527 2 2 10 4 1903 2026 2011
2528 2 2 10 4 1927 1929 1928
2529 2 2 10 4 2072 2145 2117
2530 2 2 10 4 345 347 344
2531 2 2 10 4 354 355 352
2532 2 2 10 4 353 682 357
2533 2 2 10 4 356 2018 1968
2534 2 2 10 4 421 428 419
2535 2 2 10 4 426 2002 421
2536 2 2 10 4 598 599 597
2537 2 2 10 4 618 619 616
2538 2 2 10 4 659 663 658
2539 2 2 10 4 676 1116 678
2540 2 2 10 4 679 768 677
2541 2 2 10 4 682 684 683
2542 2 2 10 4 984 985 698
2543 2 2 10 4 754 757 755
2544 2 2 10 4 754 1990 757
2545 2 2 10 4 1003 1004 837
2546 2 2 10 4 928 1992 1131
2547 2 2 10 4 931 2000 1260
2548 2 2 10 4 1994 2015 982
2549 2 2 10 4 985 1100 986
2550 2 2 10 4 987 2014 989
2551 2 2 10 4 1989 2035 997
2552 2 2 10 4 1092 1851 1388
2553 2 2 10 4 1120 1276 1121
2554 2 2 10 4 1127 2164 2077
2555 2 2 10 4 1129 1299 1298
2556 2 2 10 4 1429 1938 1187
2557 2 2 10 4 326 976 328
2558 2 2 10 4 1903 2013 341
2559 2 2 10 4 349 2042 347
2560 2 2 10 4 351 370 349
2561 2 2 10 4 359 362 361
2562 2 2 10 4 414 434 415
2563 2 2 10 4 425 1263 1221
2564 2 2 10 4 475 1996 1254
2565 2 2 10 4 763 2059 530
2566 2 2 10 4 546 547 545
2567 2 2 10 4 2005 2131 613
2568 2 2 10 4 683 1966 1259
2569 2 2 10 4 686 2012 984
2570 2 2 10 4 985 986 698
2571 2 2 10 4 978 1114 878
2572 2 2 10 4 932 1128 927
2573 2 2 10 4 931 1260 929
2574 2 2 10 4 1087 1925 1086
2575 2 2 10 4 1148 1150 1149
2576 2 2 10 4 1347 1489 1182
2577 2 2 10 4 1399 1948 1266
2578 2 2 10 4 1313 1918 1917
2579 2 2 10 4 1424 1547 1546
2580 2 2 10 4 1726 1727 1725
2581 2 2 10 4 335 2017 334
2582 2 2 10 4 341 342 340
2583 2 2 10 4 352 1988 351
2584 2 2 10 4 351 1255 370
2585 2 2 10 4 355 2035 1988
2586 2 2 10 4 997 2035 369
2587 2 2 10 4 1255 1271 370
2588 2 2 10 4 1392 2042 370
2589 2 2 10 4 381 2028 378
2590 2 2 10 4 380 383 382
2591 2 2 10 4 384 1393 381
2592 2 2 10 4 386 2066 384
2593 2 2 10 4 425 1221 669
2594 2 2 10 4 744 745 441
2595 2 2 10 4 648 672 602
2596 2 2 10 4 622 623 620
2597 2 2 10 4 622 1964 625
2598 2 2 10 4 626 2047 629
2599 2 2 10 4 673 674 672
2600 2 2 10 4 675 836 674
2601 2 2 10 4 748 1986 747
2602 2 2 10 4 757 883 758
2603 2 2 10 4 902 1979 900
2604 2 2 10 4 904 983 902
2605 2 2 10 4 995 1248 983
2606 2 2 10 4 1909 1910 1113
2607 2 2 10 4 1239 1270 1193
2608 2 2 10 4 1227 1229 1228
2609 2 2 10 4 1258 2010 2009
2610 2 2 10 4 1258 2011 2010
2611 2 2 10 4 1265 1272 1266
2612 2 2 10 4 1493 2106 1289
2613 2 2 10 4 332 333 331
2614 2 2 10 4 346 741 740
2615 2 2 10 4 348 349 347
2616 2 2 10 4 988 996 369
2617 2 2 10 4 391 393 392
2618 2 2 10 4 395 397 396
2619 2 2 10 4 399 409 400
2620 2 2 10 4 424 1601 1343
2621 2 2 10 4 433 1233 443
2622 2 2 10 4 448 1895 461
2623 2 2 10 4 488 509 490
2624 2 2 10 4 510 2022 516
2625 2 2 10 4 1237 1891 514
2626 2 2 10 4 543 671 670
2627 2 2 10 4 1125 2068 545
2628 2 2 10 4 590 591 567
2629 2 2 10 4 615 617 616
2630 2 2 10 4 630 712 711
2631 2 2 10 4 658 662 655
2632 2 2 10 4 1984 2145 657
2633 2 2 10 4 678 1922 680
2634 2 2 10 4 714 716 715
2635 2 2 10 4 719 722 718
2636 2 2 10 4 722 1998 718
2637 2 2 10 4 727 729 726
2638 2 2 10 4 762 880 879
2639 2 2 10 4 779 781 780
2640 2 2 10 4 892 893 880
2641 2 2 10 4 893 895 894
2642 2 2 10 4 895 897 896
2643 2 2 10 4 899 901 900
2644 2 2 10 4 978 1245 1114
2645 2 2 10 4 1223 2014 987
2646 2 2 10 4 1265 1266 996
2647 2 2 10 4 1180 1273 1022
2648 2 2 10 4 1150 1165 1151
2649 2 2 10 4 1383 1892 1226
2650 2 2 10 4 1246 1389 1245
2651 2 2 10 4 1271 1402 1392
2652 2 2 10 4 1287 1827 1295
2653 2 2 10 4 1393 2066 2044
2654 2 2 10 4 1830 2212 1857
2655 2 2 10 4 1932 1933 1931
2656 2 2 10 4 582 1963 427
2657 2 2 10 4 654 1906 640
2658 2 2 10 4 1187 1188 1004
2659 2 2 10 4 1119 1312 1262
2660 2 2 10 4 1227 1228 1140
2661 2 2 10 4 2015 2019 1262
2662 2 2 10 4 1370 1424 1423
2663 2 2 10 4 1718 1719 1547
2664 2 2 10 4 336 589 372
2665 2 2 10 4 344 346 343
2666 2 2 10 4 356 358 355
2667 2 2 10 4 359 360 358
2668 2 2 10 4 360 988 369
2669 2 2 10 4 363 364 361
2670 2 2 10 4 365 366 364
2671 2 2 10 4 1118 1119 368
2672 2 2 10 4 373 1250 371
2673 2 2 10 4 376 379 378
2674 2 2 10 4 396 2076 394
2675 2 2 10 4 402 596 430
2676 2 2 10 4 404 406 405
2677 2 2 10 4 404 982 406
2678 2 2 10 4 407 2092 405
2679 2 2 10 4 406 412 407
2680 2 2 10 4 422 582 427
2681 2 2 10 4 475 1254 473
2682 2 2 10 4 479 586 477
2683 2 2 10 4 488 490 489
2684 2 2 10 4 522 1863 497
2685 2 2 10 4 506 507 505
2686 2 2 10 4 514 515 507
2687 2 2 10 4 515 2032 992
2688 2 2 10 4 536 537 524
2689 2 2 10 4 532 763 530
2690 2 2 10 4 668 923 586
2691 2 2 10 4 990 1982 597
2692 2 2 10 4 1960 1983 607
2693 2 2 10 4 666 770 769
2694 2 2 10 4 2009 2010 682
2695 2 2 10 4 684 686 685
2696 2 2 10 4 2010 2012 684
2697 2 2 10 4 686 698 687
2698 2 2 10 4 687 2036 689
2699 2 2 10 4 715 754 753
2700 2 2 10 4 715 1971 754
2701 2 2 10 4 718 1998 735
2702 2 2 10 4 725 726 724
2703 2 2 10 4 746 747 745
2704 2 2 10 4 1990 1991 884
2705 2 2 10 4 896 1967 894
2706 2 2 10 4 898 1113 896
2707 2 2 10 4 926 2097 1917
2708 2 2 10 4 926 2065 1966
2709 2 2 10 4 930 931 929
2710 2 2 10 4 932 1980 1130
2711 2 2 10 4 975 987 974
2712 2 2 10 4 975 1375 1103
2713 2 2 10 4 1390 2036 986
2714 2 2 10 4 1188 1189 1004
2715 2 2 10 4 1119 1313 1312
2716 2 2 10 4 1300 1992 1128
2717 2 2 10 4 1192 1193 1191
2718 2 2 10 4 1194 1239 1193
2719 2 2 10 4 1382 1811 1223
2720 2 2 10 4 1811 1812 1223
2721 2 2 10 4 1285 1287 1286
2722 2 2 10 4 1380 1799 1798
2723 2 2 10 4 1417 1853 1852
2724 2 2 10 4 1489 1504 1490
2725 2 2 10 4 1811 1817 1812
2726 2 2 10 4 1899 1900 1898
2727 2 2 10 4 1914 1967 1911
2728 2 2 10 4 474 475 473
2729 2 2 10 4 478 2116 481
2730 2 2 10 4 482 483 480
2731 2 2 10 4 510 511 504
2732 2 2 10 4 540 592 536
2733 2 2 10 4 575 576 547
2734 2 2 10 4 609 611 610
2735 2 2 10 4 712 713 711
2736 2 2 10 4 725 728 727
2737 2 2 10 4 805 806 751
2738 2 2 10 4 1694 1696 1278
2739 2 2 10 4 1388 1740 1369
2740 2 2 10 4 2037 2038 1383
2741 2 2 10 4 1786 1788 1784
2742 2 2 10 4 1792 1794 1788
2743 2 2 10 4 2082 2085 2084
2744 2 2 10 4 342 344 343
2745 2 2 10 4 350 351 349
2746 2 2 10 4 398 429 396
2747 2 2 10 4 406 2071 412
2748 2 2 10 4 433 442 432
2749 2 2 10 4 1830 1857 447
2750 2 2 10 4 455 529 454
2751 2 2 10 4 529 761 533
2752 2 2 10 4 604 2056 601
2753 2 2 10 4 647 649 645
2754 2 2 10 4 650 651 649
2755 2 2 10 4 836 837 674
2756 2 2 10 4 760 860 749
2757 2 2 10 4 852 1094 891
2758 2 2 10 4 904 1937 995
2759 2 2 10 4 1003 1187 1004
2760 2 2 10 4 1228 1862 1140
2761 2 2 10 4 2127 2128 1325
2762 2 2 10 4 2048 2049 1392
2763 2 2 10 4 1871 1873 1872
2764 2 2 10 4 1871 1882 1873
2765 2 2 10 4 2011 2026 2012
2766 2 2 10 4 336 371 324
2767 2 2 10 4 336 1837 589
2768 2 2 10 4 740 2046 343
2769 2 2 10 4 347 2042 2008
2770 2 2 10 4 372 373 371
2771 2 2 10 4 374 375 373
2772 2 2 10 4 376 377 375
2773 2 2 10 4 378 2028 377
2774 2 2 10 4 377 744 441
2775 2 2 10 4 380 381 378
2776 2 2 10 4 382 384 381
2777 2 2 10 4 384 2066 1393
2778 2 2 10 4 388 2099 431
2779 2 2 10 4 391 392 390
2780 2 2 10 4 393 394 392
2781 2 2 10 4 394 2076 752
2782 2 2 10 4 399 400 398
2783 2 2 10 4 409 410 400
2784 2 2 10 4 414 415 410
2785 2 2 10 4 434 2098 415
2786 2 2 10 4 433 443 442
2787 2 2 10 4 445 447 438
2788 2 2 10 4 443 455 454
2789 2 2 10 4 455 530 529
2790 2 2 10 4 529 2059 761
2791 2 2 10 4 531 532 530
2792 2 2 10 4 534 535 532
2793 2 2 10 4 571 572 535
2794 2 2 10 4 802 1970 571
2795 2 2 10 4 1970 2155 572
2796 2 2 10 4 594 991 803
2797 2 2 10 4 603 605 604
2798 2 2 10 4 2125 2179 619
2799 2 2 10 4 626 627 624
2800 2 2 10 4 626 629 628
2801 2 2 10 4 676 678 677
2802 2 2 10 4 746 748 747
2803 2 2 10 4 747 1986 760
2804 2 2 10 4 1122 2198 748
2805 2 2 10 4 860 1102 749
2806 2 2 10 4 1267 2043 753
2807 2 2 10 4 760 935 934
2808 2 2 10 4 765 851 850
2809 2 2 10 4 771 773 772
2810 2 2 10 4 968 993 802
2811 2 2 10 4 852 891 851
2812 2 2 10 4 892 1097 1096
2813 2 2 10 4 895 896 894
2814 2 2 10 4 895 1845 1026
2815 2 2 10 4 897 898 896
2816 2 2 10 4 898 1909 1113
2817 2 2 10 4 901 902 900
2818 2 2 10 4 903 904 902
2819 2 2 10 4 935 1133 1132
2820 2 2 10 4 969 1111 1087
2821 2 2 10 4 1249 1979 983
2822 2 2 10 4 1858 1859 991
2823 2 2 10 4 1019 2075 1870
2824 2 2 10 4 1369 1370 1093
2825 2 2 10 4 1234 1269 1108
2826 2 2 10 4 1111 1386 1112
2827 2 2 10 4 2044 2175 1122
2828 2 2 10 4 1256 1257 1133
2829 2 2 10 4 1133 2053 1315
2830 2 2 10 4 1179 1211 1160
2831 2 2 10 4 1398 1819 1235
2832 2 2 10 4 1825 1826 1249
2833 2 2 10 4 1251 1264 1252
2834 2 2 10 4 1279 1296 1257
2835 2 2 10 4 1621 1622 1283
2836 2 2 10 4 1287 1288 1286
2837 2 2 10 4 1308 1362 1342
2838 2 2 10 4 1610 1869 1308
2839 2 2 10 4 1313 1659 1631
2840 2 2 10 4 1982 2093 1394
2841 2 2 10 4 1550 1860 1552
2842 2 2 10 4 1618 1926 1925
2843 2 2 10 4 1789 1792 1788
2844 2 2 10 4 1849 1850 1847
2845 2 2 10 4 1850 2208 2169
2846 2 2 10 4 1876 1878 1877
2847 2 2 10 4 1915 2103 1913
2848 2 2 10 4 2103 2143 1914
2849 2 2 10 4 2011 2012 2010
2850 2 2 10 4 345 2013 1258
2851 2 2 10 4 350 2009 353
2852 2 2 10 4 364 1981 1969
2853 2 2 10 4 543 670 544
2854 2 2 10 4 797 798 576
2855 2 2 10 4 862 863 593
2856 2 2 10 4 615 2131 660
2857 2 2 10 4 617 618 616
2858 2 2 10 4 629 2047 756
2859 2 2 10 4 630 981 712
2860 2 2 10 4 713 2043 711
2861 2 2 10 4 714 717 716
2862 2 2 10 4 719 723 722
2863 2 2 10 4 759 1998 722
2864 2 2 10 4 723 725 724
2865 2 2 10 4 727 731 729
2866 2 2 10 4 742 2025 740
2867 2 2 10 4 741 932 927
2868 2 2 10 4 746 1122 748
2869 2 2 10 4 754 755 753
2870 2 2 10 4 757 1990 884
2871 2 2 10 4 883 885 758
2872 2 2 10 4 777 779 778
2873 2 2 10 4 797 799 798
2874 2 2 10 4 874 2115 872
2875 2 2 10 4 912 2114 1147
2876 2 2 10 4 1370 1371 1093
2877 2 2 10 4 1097 1331 1330
2878 2 2 10 4 1999 2109 1107
2879 2 2 10 4 1391 1401 1114
2880 2 2 10 4 1147 1530 1529
2881 2 2 10 4 1159 1179 1160
2882 2 2 10 4 1583 1584 1179
2883 2 2 10 4 1489 1490 1182
2884 2 2 10 4 1332 1333 1331
2885 2 2 10 4 1334 1335 1333
2886 2 2 10 4 1336 1337 1335
2887 2 2 10 4 1370 1955 1424
2888 2 2 10 4 1550 1551 1549
2889 2 2 10 4 1722 1723 1720
2890 2 2 10 4 2017 2045 2001
2891 2 2 10 4 2057 2142 2132
2892 2 2 10 4 326 328 327
2893 2 2 10 4 328 330 329
2894 2 2 10 4 330 332 331
2895 2 2 10 4 333 337 335
2896 2 2 10 4 346 2008 1980
2897 2 2 10 4 370 2042 349
2898 2 2 10 4 350 352 351
2899 2 2 10 4 351 1988 1255
2900 2 2 10 4 353 354 352
2901 2 2 10 4 354 356 355
2902 2 2 10 4 365 367 366
2903 2 2 10 4 430 1981 366
2904 2 2 10 4 367 403 402
2905 2 2 10 4 1119 1262 368
2906 2 2 10 4 996 997 369
2907 2 2 10 4 404 405 403
2908 2 2 10 4 404 1994 982
2909 2 2 10 4 406 407 405
2910 2 2 10 4 412 413 407
2911 2 2 10 4 415 432 410
2912 2 2 10 4 412 2071 424
2913 2 2 10 4 1343 1995 416
2914 2 2 10 4 420 1995 1920
2915 2 2 10 4 424 1602 1601
2916 2 2 10 4 425 1958 1263
2917 2 2 10 4 597 1982 430
2918 2 2 10 4 435 439 438
2919 2 2 10 4 439 446 445
2920 2 2 10 4 535 2064 532
2921 2 2 10 4 572 764 535
2922 2 2 10 4 601 2056 599
2923 2 2 10 4 600 1905 648
2924 2 2 10 4 615 616 614
2925 2 2 10 4 641 642 640
2926 2 2 10 4 1905 1997 648
2927 2 2 10 4 680 681 679
2928 2 2 10 4 686 984 698
2929 2 2 10 4 986 2036 698
2930 2 2 10 4 741 742 740
2931 2 2 10 4 927 928 742
2932 2 2 10 4 776 2074 1110
2933 2 2 10 4 779 780 778
2934 2 2 10 4 803 969 968
2935 2 2 10 4 1128 1992 927
2936 2 2 10 4 1260 2025 929
2937 2 2 10 4 930 973 931
2938 2 2 10 4 1181 1182 957
2939 2 2 10 4 969 1087 1086
2940 2 2 10 4 989 2000 974
2941 2 2 10 4 975 1103 987
2942 2 2 10 4 984 2016 985
2943 2 2 10 4 2012 2026 984
2944 2 2 10 4 984 2026 2016
2945 2 2 10 4 985 1117 1100
2946 2 2 10 4 1101 1390 986
2947 2 2 10 4 1266 1948 996
2948 2 2 10 4 1111 1112 1087
2949 2 2 10 4 1980 2049 1130
2950 2 2 10 4 1812 2014 1223
2951 2 2 10 4 1244 2040 2004
2952 2 2 10 4 1258 2013 2011
2953 2 2 10 4 2001 2045 1260
2954 2 2 10 4 1312 1314 1262
2955 2 2 10 4 1265 2093 1272
2956 2 2 10 4 1267 2101 2043
2957 2 2 10 4 1382 1818 1811
2958 2 2 10 4 1392 2049 2042
2959 2 2 10 4 1393 2029 2028
2960 2 2 10 4 2071 2108 1602
2961 2 2 10 4 2171 2192 2090
2962 2 2 10 4 339 2045 2017
2963 2 2 10 4 339 2046 2045
2964 2 2 10 4 544 546 545
2965 2 2 10 4 647 650 649
2966 2 2 10 4 1238 1965 650
2967 2 2 10 4 1240 1244 669
2968 2 2 10 4 1897 1898 750
2969 2 2 10 4 912 1147 914
2970 2 2 10 4 2222 2226 1402
2971 2 2 10 4 1530 1605 1529
2972 2 2 10 4 1878 1881 1879
2973 2 2 10 4 2042 2049 2008
2974 2 2 10 4 333 335 334
2975 2 2 10 4 417 420 419
2976 2 2 10 4 427 437 436
2977 2 2 10 4 472 474 473
2978 2 2 10 4 474 476 475
2979 2 2 10 4 518 2113 474
2980 2 2 10 4 2113 2116 476
2981 2 2 10 4 586 1996 477
2982 2 2 10 4 479 1959 668
2983 2 2 10 4 481 482 480
2984 2 2 10 4 482 484 483
2985 2 2 10 4 485 486 484
2986 2 2 10 4 490 491 489
2987 2 2 10 4 492 493 491
2988 2 2 10 4 494 495 493
2989 2 2 10 4 496 1947 508
2990 2 2 10 4 498 499 497
2991 2 2 10 4 500 501 499
2992 2 2 10 4 505 510 504
2993 2 2 10 4 506 1237 514
2994 2 2 10 4 510 516 511
2995 2 2 10 4 2021 2022 510
2996 2 2 10 4 524 2032 515
2997 2 2 10 4 516 519 517
2998 2 2 10 4 519 525 520
2999 2 2 10 4 537 538 524
3000 2 2 10 4 539 541 538
3001 2 2 10 4 566 805 751
3002 2 2 10 4 923 925 586
3003 2 2 10 4 590 1901 840
3004 2 2 10 4 841 849 591
3005 2 2 10 4 861 862 593
3006 2 2 10 4 1275 2110 751
3007 2 2 10 4 780 2033 1109
3008 2 2 10 4 840 1023 1022
3009 2 2 10 4 916 1075 849
3010 2 2 10 4 865 866 864
3011 2 2 10 4 867 868 866
3012 2 2 10 4 869 870 868
3013 2 2 10 4 871 2027 1106
3014 2 2 10 4 873 874 872
3015 2 2 10 4 875 876 874
3016 2 2 10 4 875 2079 1104
3017 2 2 10 4 959 1069 960
3018 2 2 10 4 1023 1219 1180
3019 2 2 10 4 1077 1303 1186
3020 2 2 10 4 1220 1274 1078
3021 2 2 10 4 1088 1932 1931
3022 2 2 10 4 1104 1268 1225
3023 2 2 10 4 1226 1236 1105
3024 2 2 10 4 1261 1292 1123
3025 2 2 10 4 1306 1844 1177
3026 2 2 10 4 1180 1957 1361
3027 2 2 10 4 1418 1697 1201
3028 2 2 10 4 1203 1410 1204
3029 2 2 10 4 1412 1888 1204
3030 2 2 10 4 1225 2037 1383
3031 2 2 10 4 1242 1694 1278
3032 2 2 10 4 1247 1691 1378
3033 2 2 10 4 1924 2147 1275
3034 2 2 10 4 1313 1631 1312
3035 2 2 10 4 1411 1607 1413
3036 2 2 10 4 1897 1950 1899
3037 2 2 10 4 388 431 386
3038 2 2 10 4 412 416 413
3039 2 2 10 4 2002 2119 428
3040 2 2 10 4 599 2056 990
3041 2 2 10 4 690 926 688
3042 2 2 10 4 1257 2053 1133
3043 2 2 10 4 1902 2004 1904
3044 2 2 10 4 2008 2049 1980
3045 2 2 10 4 402 430 366
3046 2 2 10 4 430 1982 1981
3047 2 2 10 4 462 2068 449
3048 2 2 10 4 474 2113 476
3049 2 2 10 4 657 2090 1960
3050 2 2 10 4 807 808 663
3051 2 2 10 4 668 1959 1247
3052 2 2 10 4 865 1999 867
3053 2 2 10 4 871 1106 873
3054 2 2 10 4 873 2079 875
3055 2 2 10 4 875 1104 881
3056 2 2 10 4 974 2000 931
3057 2 2 10 4 1253 2078 1962
3058 2 2 10 4 1259 2018 357
3059 2 2 10 4 367 1994 404
3060 2 2 10 4 376 378 377
3061 2 2 10 4 1393 2028 381
3062 2 2 10 4 627 2058 624
3063 2 2 10 4 642 654 640
3064 2 2 10 4 753 2043 713
3065 2 2 10 4 714 2024 717
3066 2 2 10 4 2064 2209 763
3067 2 2 10 4 799 2213 1827
3068 2 2 10 4 1910 1911 1113
3069 2 2 10 4 1421 1422 1212
3070 2 2 10 4 1284 1623 1621
3071 2 2 10 4 1981 1982 1394
3072 2 2 10 4 1881 1883 1879
3073 2 2 10 4 546 575 547
3074 2 2 10 4 913 2114 912
3075 2 2 10 4 1166 1167 1151
3076 2 2 10 4 337 338 335
3077 2 2 10 4 1262 2019 368
3078 2 2 10 4 424 2071 1602
3079 2 2 10 4 478 479 477
3080 2 2 10 4 805 977 959
3081 2 2 10 4 841 916 849
3082 2 2 10 4 865 867 866
3083 2 2 10 4 1077 1186 1078
3084 2 2 10 4 1333 1704 1331
3085 2 2 10 4 2102 2131 1395
3086 2 2 10 4 1840 1841 1836
3087 2 2 10 4 1880 2141 1887
3088 2 2 10 4 326 327 325
3089 2 2 10 4 769 2091 771
3090 2 2 10 4 884 2226 2222
3091 2 2 10 4 1139 1153 950
3092 2 2 10 4 1396 2072 1189
3093 2 2 10 4 450 1895 448
3094 2 2 10 4 2068 2104 449
3095 2 2 10 4 472 473 470
3096 2 2 10 4 605 1960 607
3097 2 2 10 4 641 2135 647
3098 2 2 10 4 660 2102 666
3099 2 2 10 4 837 2117 674
3100 2 2 10 4 957 2091 769
3101 2 2 10 4 1269 2074 1108
3102 2 2 10 4 1139 2050 1340
3103 2 2 10 4 1147 2114 1530
3104 2 2 10 4 1989 2123 1255
3105 2 2 10 4 2007 2101 1267
3106 2 2 10 4 1821 1822 1269
3107 2 2 10 4 1270 2192 2171
3108 2 2 10 4 1288 1289 1286
3109 2 2 10 4 1424 1955 1718
3110 2 2 10 4 1490 2136 2091
3111 2 2 10 4 1962 2078 1856
3112 2 2 10 4 405 2092 411
3113 2 2 10 4 1120 2102 1395
3114 2 2 10 4 429 2076 396
3115 2 2 10 4 397 399 398
3116 2 2 10 4 442 1243 432
3117 2 2 10 4 449 2104 436
3118 2 2 10 4 1947 2184 508
3119 2 2 10 4 516 2022 521
3120 2 2 10 4 531 534 532
3121 2 2 10 4 590 840 591
3122 2 2 10 4 657 1960 605
3123 2 2 10 4 983 1979 902
3124 2 2 10 4 1282 1283 1094
3125 2 2 10 4 1490 2091 1182
3126 2 2 10 4 1321 2053 1257
3127 2 2 10 4 1785 1787 1786
3128 2 2 10 4 1786 2081 1789
3129 2 2 10 4 2110 2147 2032
3130 2 2 10 4 892 1096 893
3131 2 2 10 4 1972 2040 1244
3132 2 2 10 4 1321 2054 2053
3133 2 2 10 4 363 2019 365
3134 2 2 10 4 477 1996 475
3135 2 2 10 4 537 539 538
3136 2 2 10 4 840 841 591
3137 2 2 10 4 666 2102 770
3138 2 2 10 4 2043 2058 711
3139 2 2 10 4 770 2102 1120
3140 2 2 10 4 1220 1277 1274
3141 2 2 10 4 2119 2214 1831
3142 2 2 10 4 387 401 389
3143 2 2 10 4 411 2078 2031
3144 2 2 10 4 436 2104 426
3145 2 2 10 4 431 2100 2066
3146 2 2 10 4 543 544 462
3147 2 2 10 4 761 2112 762
3148 2 2 10 4 765 850 764
3149 2 2 10 4 1156 1157 891
3150 2 2 10 4 1109 2033 1397
3151 2 2 10 4 1156 2174 1610
3152 2 2 10 4 1308 1342 1157
3153 2 2 10 4 2033 2034 1397
3154 2 2 10 4 2067 2092 407
3155 2 2 10 4 403 2031 402
3156 2 2 10 4 620 2125 619
3157 2 2 10 4 694 2097 690
3158 2 2 10 4 1787 2082 2081
3159 2 2 10 4 336 372 371
3160 2 2 10 4 385 387 386
3161 2 2 10 4 538 2032 524
3162 2 2 10 4 901 903 902
3163 2 2 10 4 1248 1249 983
3164 2 2 10 4 1023 1180 1022
3165 2 2 10 4 1088 1931 1930
3166 2 2 10 4 1111 1387 1386
3167 2 2 10 4 2029 2044 1122
3168 2 2 10 4 1724 1725 1722
3169 2 2 10 4 1970 2156 2155
3170 2 2 10 4 1124 1261 1123
3171 2 2 10 4 2132 2142 1272
3172 2 2 10 4 1325 1409 1306
3173 2 2 10 4 2050 2051 1340
3174 2 2 10 4 1910 1912 1911
3175 2 2 10 4 2068 2148 2104
3176 2 2 10 4 613 2131 615
3177 2 2 10 4 1089 2115 874
3178 2 2 10 4 2069 2118 1125
3179 2 2 10 4 1186 1363 1220
3180 2 2 10 4 325 1837 336
3181 2 2 10 4 368 2019 363
3182 2 2 10 4 594 803 802
3183 2 2 10 4 614 2096 1927
3184 2 2 10 4 711 2058 627
3185 2 2 10 4 664 2190 807
3186 2 2 10 4 1093 2105 917
3187 2 2 10 4 1182 2091 957
3188 2 2 10 4 1097 1332 1331
3189 2 2 10 4 1110 2151 1944
3190 2 2 10 4 1822 2151 1269
3191 2 2 10 4 1719 1720 1547
3192 2 2 10 4 1787 2081 1786
3193 2 2 10 4 2082 2083 2081
3194 2 2 10 4 2084 2086 2083
3195 2 2 10 4 432 2030 410
3196 2 2 10 4 764 2064 535
3197 2 2 10 4 2091 2136 771
3198 2 2 10 4 1342 2137 1157
3199 2 2 10 4 1270 2199 2192
3200 2 2 10 4 1284 1621 1283
3201 2 2 10 4 673 1997 676
3202 2 2 10 4 1842 1843 1841
3203 2 2 10 4 2117 2145 1984
3204 2 2 10 4 411 2031 403
3205 2 2 10 4 445 1027 447
3206 2 2 10 4 1846 1847 1026
3207 2 2 10 4 611 2005 613
3208 2 2 10 4 653 2172 2023
3209 2 2 10 4 2090 2145 1396
3210 2 2 10 4 2020 2120 418
3211 2 2 10 4 661 2005 611
3212 2 2 10 4 1077 1078 863
3213 2 2 10 4 1106 2079 873
3214 2 2 10 4 1394 2093 1265
3215 2 2 10 4 1070 1124 1123
3216 2 2 10 4 1411 1413 1412
3217 2 2 10 4 1201 2173 1047
3218 2 2 10 4 1098 2130 2129
3219 2 2 10 4 1156 1610 1308
3220 2 2 10 4 2119 2148 2118
3221 2 2 10 4 2168 2178 2075
3222 2 2 10 4 409 414 410
3223 2 2 10 4 418 2067 413
3224 2 2 10 4 1127 2077 681
3225 2 2 10 4 1126 2193 1285
3226 2 2 10 4 1912 1913 1911
3227 2 2 10 4 426 2104 2002
3228 2 2 10 4 509 1896 490
3229 2 2 10 4 679 2077 768
3230 2 2 10 4 765 2155 852
3231 2 2 10 4 878 2094 1126
3232 2 2 10 4 2056 2132 990
3233 2 2 10 4 1097 2112 1332
3234 2 2 10 4 1861 2177 1552
3235 2 2 10 4 1203 1204 1124
3236 2 2 10 4 2014 2221 989
3237 2 2 10 4 1151 2111 1149
3238 2 2 10 4 1159 2105 1583
3239 2 2 10 4 1255 2123 1271
3240 2 2 10 4 419 2020 418
3241 2 2 10 4 670 2060 544
3242 2 2 10 4 1371 2105 1093
3243 2 2 10 4 2118 2148 1125
3244 2 2 10 4 2158 2172 1400
3245 2 2 10 4 2048 2226 2218
3246 2 2 10 4 413 2067 407
3247 2 2 10 4 850 2063 764
3248 2 2 10 4 1490 2168 2136
3249 2 2 10 4 476 2116 478
3250 2 2 10 4 1242 1278 1241
3251 2 2 10 4 415 2098 433
3252 2 2 10 4 433 2098 1233
3253 2 2 10 4 1269 2151 2074
3254 2 2 10 4 1272 2142 1290
3255 2 2 10 4 1299 2218 1991
3256 2 2 10 4 415 433 432
3257 2 2 10 4 1233 1951 443
3258 2 2 10 4 593 2107 592
3259 2 2 10 4 592 2157 1949
3260 2 2 10 4 619 2096 616
3261 2 2 10 4 623 2125 620
3262 2 2 10 4 648 1997 673
3263 2 2 10 4 761 2150 2112
3264 2 2 10 4 762 2112 892
3265 2 2 10 4 1047 2063 850
3266 2 2 10 4 1401 2094 1114
3267 2 2 10 4 1242 1695 1694
3268 2 2 10 4 1293 2175 1291
3269 2 2 10 4 1397 2196 1398
3270 2 2 10 4 2007 2125 2101
3271 2 2 10 4 397 398 396
3272 2 2 10 4 410 2030 400
3273 2 2 10 4 880 2134 879
3274 2 2 10 4 879 2143 1939
3275 2 2 10 4 1094 1156 891
3276 2 2 10 4 1046 1329 1201
3277 2 2 10 4 2137 2162 1157
3278 2 2 10 4 2140 2161 1264
3279 2 2 10 4 1289 2177 2164
3280 2 2 10 4 2096 2179 1929
3281 2 2 10 4 2006 2170 2007
3282 2 2 10 4 2066 2100 2044
3283 2 2 10 4 2185 2202 2129
3284 2 2 10 4 594 802 571
3285 2 2 10 4 2101 2125 623
3286 2 2 10 4 647 2135 1238
3287 2 2 10 4 690 2097 926
3288 2 2 10 4 916 1178 1177
3289 2 2 10 4 2070 2200 1535
3290 2 2 10 4 867 1999 1107
3291 2 2 10 4 2032 2147 992
3292 2 2 10 4 1273 2126 1022
3293 2 2 10 4 1069 2089 1070
3294 2 2 10 4 2139 2140 1901
3295 2 2 10 4 471 472 470
3296 2 2 10 4 1843 2206 508
3297 2 2 10 4 989 2167 2000
3298 2 2 10 4 2112 2150 1332
3299 2 2 10 4 2194 2209 1336
3300 2 2 10 4 2121 2181 1834
3301 2 2 10 4 443 1951 455
3302 2 2 10 4 681 2077 679
3303 2 2 10 4 1967 2134 894
3304 2 2 10 4 798 2069 576
3305 2 2 10 4 1191 2171 1396
3306 2 2 10 4 1229 2146 1824
3307 2 2 10 4 2142 2158 1290
3308 2 2 10 4 1342 2138 2137
3309 2 2 10 4 1504 2178 2168
3310 2 2 10 4 646 2061 642
3311 2 2 10 4 917 2105 1159
3312 2 2 10 4 1337 2217 2173
3313 2 2 10 4 1332 2150 1334
3314 2 2 10 4 2104 2148 2002
3315 2 2 10 4 544 2060 546
3316 2 2 10 4 1114 2094 878
3317 2 2 10 4 892 2112 1097
3318 2 2 10 4 903 2129 905
3319 2 2 10 4 1125 2148 2068
3320 2 2 10 4 1504 2168 1490
3321 2 2 10 4 1510 2153 2152
3322 2 2 10 4 710 2158 2142
3323 2 2 10 4 1281 2069 798
3324 2 2 10 4 1167 2111 1151
3325 2 2 10 4 616 2096 614
3326 2 2 10 4 1929 2179 2170
3327 2 2 10 4 2182 2183 2130
3328 2 2 10 4 710 2142 2057
3329 2 2 10 4 1270 2171 1193
3330 2 2 10 4 2123 2176 1271
3331 2 2 10 4 2106 2177 1289
3332 2 2 10 4 773 2136 1019
3333 2 2 10 4 969 2163 1111
3334 2 2 10 4 1828 2199 1270
3335 2 2 10 4 325 336 324
3336 2 2 10 4 2100 2159 1291
3337 2 2 10 4 2023 2158 710
3338 2 2 10 4 2059 2150 761
3339 2 2 10 4 428 2020 419
3340 2 2 10 4 1098 2129 903
3341 2 2 10 4 2155 2156 1282
3342 2 2 10 4 1961 2095 836
3343 2 2 10 4 2136 2168 1019
3344 2 2 10 4 2093 2132 1272
3345 2 2 10 4 1281 2214 2118
3346 2 2 10 4 1785 1786 1784
3347 2 2 10 4 1914 2143 2134
3348 2 2 10 4 541 2110 538
3349 2 2 10 4 1241 2121 849
3350 2 2 10 4 990 2132 2093
3351 2 2 10 4 1290 2158 1400
3352 2 2 10 4 674 2117 672
3353 2 2 10 4 771 2136 773
3354 2 2 10 4 1396 2171 2090
3355 2 2 10 4 2134 2143 879
3356 2 2 10 4 672 2117 1984
3357 2 2 10 4 1991 2224 1299
3358 2 2 10 4 1233 2212 1859
3359 2 2 10 4 1989 2215 2123
3360 2 2 10 4 2055 2191 994
3361 2 2 10 4 2175 2198 1122
3362 2 2 10 4 1094 2174 1156
3363 2 2 10 4 1398 2144 1819
3364 2 2 10 4 1401 2216 2094
3365 2 2 10 4 2002 2148 2119
3366 2 2 10 4 2107 2157 592
3367 2 2 10 4 2187 2188 1252
3368 2 2 10 4 1297 2215 2207
3369 2 2 10 4 1928 2172 653
3370 2 2 10 4 2074 2151 1110
3371 2 2 10 4 2038 2160 1383
3372 2 2 10 4 1898 2184 1947
3373 2 2 10 4 1850 2169 1847
3374 2 2 10 4 899 2208 901
3375 2 2 10 4 2129 2202 905
3376 2 2 10 4 1019 2168 2075
3377 2 2 10 4 2075 2178 1882
3378 2 2 10 4 372 2210 374
3379 2 2 10 4 1193 2171 1191
3380 2 2 10 4 2150 2194 1334
3381 2 2 10 4 1890 2200 2070
3382 2 2 10 4 852 2155 1282
3383 2 2 10 4 993 2156 1970
3384 2 2 10 4 1847 2169 1026
3385 2 2 10 4 1098 2182 2130
3386 2 2 10 4 1396 2145 2072
3387 2 2 10 4 1914 2134 1967
3388 2 2 10 4 2059 2194 2150
3389 2 2 10 4 2063 2064 764
3390 2 2 10 4 836 2095 1003
3391 2 2 10 4 2193 2216 1280
3392 2 2 10 4 323 326 325
3393 2 2 10 4 642 2061 654
3394 2 2 10 4 2195 2201 1279
3395 2 2 10 4 1281 2118 2069
3396 2 2 10 4 1078 2107 863
3397 2 2 10 4 1303 2154 1186
3398 2 2 10 4 1186 2154 1363
3399 2 2 10 4 1277 2166 1274
3400 2 2 10 4 2123 2215 1297
3401 2 2 10 4 2022 2133 521
3402 2 2 10 4 1264 2187 1252
3403 2 2 10 4 1900 2184 1898
3404 2 2 10 4 2133 2149 1924
3405 2 2 10 4 1271 2176 1402
3406 2 2 10 4 2000 2167 2001
3407 2 2 10 4 661 2180 2005
3408 2 2 10 4 748 2198 1942
3409 2 2 10 4 863 2107 593
3410 2 2 10 4 619 2179 2096
3411 2 2 10 4 994 2170 2006
3412 2 2 10 4 1383 2160 1892
3413 2 2 10 4 1842 2206 1843
3414 2 2 10 4 2090 2192 1960
3415 2 2 10 4 1942 2195 1279
3416 2 2 10 4 897 2169 899
3417 2 2 10 4 1230 2152 1539
3418 2 2 10 4 1179 2165 1211
3419 2 2 10 4 1844 2122 1177
3420 2 2 10 4 1400 2204 2189
3421 2 2 10 4 1026 2169 897
3422 2 2 10 4 1937 2195 1293
3423 2 2 10 4 2185 2203 1322
3424 2 2 10 4 1841 2109 1999
3425 2 2 10 4 1584 2165 1179
3426 2 2 10 4 1273 2127 2126
3427 2 2 10 4 2163 2211 1387
3428 2 2 10 4 1824 2146 2124
3429 2 2 10 4 2055 2204 2191
3430 2 2 10 4 1948 2215 997
3431 2 2 10 4 1003 2095 1195
3432 2 2 10 4 1276 2186 1121
3433 2 2 10 4 1129 2218 1299
3434 2 2 10 4 1285 2197 1287
3435 2 2 10 4 2192 2199 1983
3436 2 2 10 4 2186 2200 1121
3437 2 2 10 4 1510 2152 1230
3438 2 2 10 4 1937 2201 2195
3439 2 2 10 4 2130 2185 2129
3440 2 2 10 4 2021 2149 2022
3441 2 2 10 4 1942 2198 2195
3442 2 2 10 4 763 2194 2059
3443 2 2 10 4 1929 2191 1928
3444 2 2 10 4 2048 2218 1130
3445 2 2 10 4 1834 2181 977
3446 2 2 10 4 877 2196 1115
3447 2 2 10 4 1283 2174 1094
3448 2 2 10 4 2017 2220 334
3449 2 2 10 4 661 2199 2180
3450 2 2 10 4 980 2189 2055
3451 2 2 10 4 1248 2159 1385
3452 2 2 10 4 2166 2187 1264
3453 2 2 10 4 2195 2198 1293
3454 2 2 10 4 1334 2194 1336
3455 2 2 10 4 1400 2189 1399
3456 2 2 10 4 2172 2204 1400
3457 2 2 10 4 1965 2205 877
3458 2 2 10 4 1336 2217 1337
3459 2 2 10 4 538 2110 2032
3460 2 2 10 4 1949 2161 578
3461 2 2 10 4 1279 2201 1296
3462 2 2 10 4 2221 2223 1838
3463 2 2 10 4 1843 2109 1841
3464 2 2 10 4 1960 2192 1983
3465 2 2 10 4 1983 2199 661
3466 2 2 10 4 1398 2205 2144
3467 2 2 10 4 891 2162 851
3468 2 2 10 4 2094 2193 1126
3469 2 2 10 4 539 2139 542
3470 2 2 10 4 883 2222 979
3471 2 2 10 4 1291 2159 1248
3472 2 2 10 4 2170 2191 1929
3473 2 2 10 4 735 2224 1971
3474 2 2 10 4 2189 2207 1399
3475 2 2 10 4 905 2201 1937
3476 2 2 10 4 1296 2202 1322
3477 2 2 10 4 2180 2199 1828
3478 2 2 10 4 1153 2213 950
3479 2 2 10 4 1990 2224 1991
3480 2 2 10 4 994 2191 2170
3481 2 2 10 4 2167 2220 2001
3482 2 2 10 4 334 2220 2041
3483 2 2 10 4 2224 2228 1299
3484 2 2 10 4 797 2213 799
3485 2 2 10 4 980 2207 2189
3486 2 2 10 4 1622 2174 1283
3487 2 2 10 4 1322 2202 2185
3488 2 2 10 4 807 2190 913
3489 2 2 10 4 1286 2164 1127
3490 2 2 10 4 2191 2204 1928
3491 2 2 10 4 2189 2204 2055
3492 2 2 10 4 1277 2187 2166
3493 2 2 10 4 2182 2208 1850
3494 2 2 10 4 1857 2212 2098
3495 2 2 10 4 803 2163 969
3496 2 2 10 4 901 2208 1098
3497 2 2 10 4 1297 2207 980
3498 2 2 10 4 1121 2200 1890
3499 2 2 10 4 2196 2205 1398
3500 2 2 10 4 1399 2207 1948
3501 2 2 10 4 979 2222 2176
3502 2 2 10 4 1047 2217 2063
3503 2 2 10 4 2218 2226 1991
3504 2 2 10 4 991 2163 803
3505 2 2 10 4 905 2202 2201
3506 2 2 10 4 1293 2198 2175
3507 2 2 10 4 589 2210 372
3508 2 2 10 4 2176 2222 1402
3509 2 2 10 4 1098 2208 2182
3510 2 2 10 4 1289 2164 1286
3511 2 2 10 4 1991 2226 884
3512 2 2 10 4 2063 2209 2064
3513 2 2 10 4 1839 2221 1838
3514 2 2 10 4 2098 2212 1233
3515 2 2 10 4 1157 2162 891
3516 2 2 10 4 1831 2214 1401
3517 2 2 10 4 2052 2206 1842
3518 2 2 10 4 1571 2227 1153
3519 2 2 10 4 1928 2204 2172
3520 2 2 10 4 2022 2149 2133
3521 2 2 10 4 1280 2216 1281
3522 2 2 10 4 2201 2202 1296
3523 2 2 10 4 997 2215 1989
3524 2 2 10 4 578 2139 539
3525 2 2 10 4 589 2223 2210
3526 2 2 10 4 1859 2211 991
3527 2 2 10 4 578 2140 2139
3528 2 2 10 4 877 2205 2196
3529 2 2 10 4 950 2213 797
3530 2 2 10 4 1130 2218 1129
3531 2 2 10 4 991 2211 2163
3532 2 2 10 4 2209 2217 1336
3533 2 2 10 4 2001 2220 2017
3534 2 2 10 4 2187 2219 2188
3535 2 2 10 4 578 2161 2140
3536 2 2 10 4 1784 1813 1782
3537 2 2 10 4 884 2222 883
3538 2 2 10 4 470 1814 468
3539 2 2 10 4 323 325 324
3540 2 2 10 4 1838 2223 589
3541 2 2 10 4 1783 1785 1784
3542 2 2 10 4 469 471 470
3543 2 2 10 4 1971 2224 1990
3544 2 2 10 4 1295 2225 1894
3545 2 2 10 4 1277 2219 2187
3546 2 2 10 4 2063 2217 2209
3547 2 2 10 4 1402 2226 2048
3548 2 2 10 4 1998 2228 735
3549 2 2 10 4 1281 2216 2214
3550 2 2 10 4 1299 2228 1298
3551 2 2 10 4 2214 2216 1401
3552 2 2 10 4 1827 2227 1295
3553 2 2 10 4 1298 2229 1300
3554 2 2 10 4 2228 2229 1298
3555 2 2 10 4 759 2229 1998
3556 2 2 10 4 1998 2229 2228
3557 2 2 10 4 2225 2227 1571
3558 2 2 10 4 1295 2227 2225
3559 2 2 10 4 1783 1784 1782
3560 2 2 10 4 1781 1791 1783
3561 2 2 10 4 467 886 469
3562 2 2 10 4 323 324 322
3563 2 2 10 4 322 1815 588
3564 2 2 10 4 469 470 468
3565 2 2 10 4 322 588 320
3566 2 2 10 4 1781 1783 1782
3567 2 2 10 4 1222 1810 321
3568 2 2 10 4 321 323 322
3569 2 2 10 4 467 469 468
3570 2 2 10 4 468 1808 466
3571 2 2 10 4 1782 1795 1780
3572 2 2 10 4 587 1806 319
3573 2 2 10 4 467 468 466
3574 2 2 10 4 321 322 320
3575 2 2 10 4 1781 1782 1780
3576 2 2 10 4 318 1222 321
3577 2 2 10 4 1222 2230 1810
3578 2 2 10 4 466 587 319
3579 2 2 10 4 1769 1781 1780
3580 2 2 10 4 1404 1743 1742
3581 2 2 10 4 1773 1807 1404
3582 2 2 10 4 465 467 466
3583 2 2 10 4 318 321 320
3584 2 2 10 4 1404 1742 1403
3585 2 2 10 4 318 320 317
3586 2 2 10 4 465 466 319
3587 2 2 10 4 1769 1780 1779
3588 2 2 10 4 1302 1773 1404
3589 2 2 10 4 1222 2231 2230
3590 2 2 10 4 1800 2231 1804
3591 2 2 10 4 2230 2231 1800
3592 2 2 10 4 316 318 317
3593 2 2 10 4 1376 1775 1377
3594 2 2 10 4 1377 1803 1301
3595 2 2 10 4 1769 1779 1766
3596 2 2 10 4 315 465 319
3597 2 2 10 4 1302 1404 1403
3598 2 2 10 4 1655 1668 1657
3599 2 2 10 4 1657 1658 1654
3600 2 2 10 4 1379 2232 1975
3601 2 2 10 4 315 319 316
3602 2 2 10 4 1376 1377 1301
3603 2 2 10 4 316 317 314
3604 2 2 10 4 1302 1403 999
3605 2 2 10 4 1768 1769 1766
3606 2 2 10 4 1324 1352 1323
3607 2 2 10 4 1531 1643 1339
3608 2 2 10 4 1655 1657 1654
3609 2 2 10 4 1798 2232 1379
3610 2 2 10 4 1799 2233 1798
3611 2 2 10 4 1805 2233 1799
3612 2 2 10 4 315 316 314
3613 2 2 10 4 1767 1768 1766
3614 2 2 10 4 585 1376 1301
3615 2 2 10 4 1301 1302 999
3616 2 2 10 4 1199 1324 1323
3617 2 2 10 4 1198 1531 1339
3618 2 2 10 4 1653 1655 1654
3619 2 2 10 4 1764 1767 1766
3620 2 2 10 4 313 315 314
3621 2 2 10 4 585 1301 999
3622 2 2 10 4 1198 1339 1199
3623 2 2 10 4 1199 1323 1197
3624 2 2 10 4 1652 1656 1653
3625 2 2 10 4 1653 1654 1651
3626 2 2 10 4 1307 1757 1756
3627 2 2 10 4 1373 1771 1215
3628 2 2 10 4 585 999 311
3629 2 2 10 4 1764 1766 1765
3630 2 2 10 4 312 1778 585
3631 2 2 10 4 1765 1770 1763
3632 2 2 10 4 313 314 312
3633 2 2 10 4 1196 1772 1508
3634 2 2 10 4 1198 1199 1197
3635 2 2 10 4 1652 1653 1651
3636 2 2 10 4 1250 2234 1816
3637 2 2 10 4 1816 2235 1102
3638 2 2 10 4 373 2234 1250
3639 2 2 10 4 441 2234 375
3640 2 2 10 4 1102 2235 749
3641 2 2 10 4 745 2235 441
3642 2 2 10 4 998 2236 860
3643 2 2 10 4 1307 1756 1095
3644 2 2 10 4 1146 1548 1218
3645 2 2 10 4 1218 1373 1215
3646 2 2 10 4 749 2235 745
3647 2 2 10 4 375 2234 373
3648 2 2 10 4 1764 1765 1763
3649 2 2 10 4 310 313 312
3650 2 2 10 4 312 585 311
3651 2 2 10 4 1196 1508 1346
3652 2 2 10 4 1062 1198 1197
3653 2 2 10 4 1651 1777 1649
3654 2 2 10 4 1650 1652 1651
3655 2 2 10 4 860 2236 1102
3656 2 2 10 4 2236 2237 1102
3657 2 2 10 4 1802 2241 1776
3658 2 2 10 4 1797 2237 1775
3659 2 2 10 4 1816 2237 1797
3660 2 2 10 4 1102 2237 1816
3661 2 2 10 4 1215 1307 1095
3662 2 2 10 4 1146 1218 1215
3663 2 2 10 4 309 1764 1763
3664 2 2 10 4 310 312 311
3665 2 2 10 4 1196 1346 1061
3666 2 2 10 4 1062 1197 1196
3667 2 2 10 4 1650 1651 1649
3668 2 2 10 4 1779 2238 1765
3669 2 2 10 4 1146 1215 1095
3670 2 2 10 4 1789 2239 1793
3671 2 2 10 4 2083 2239 2081
3672 2 2 10 4 310 311 308
3673 2 2 10 4 309 1763 310
3674 2 2 10 4 1366 1745 1349
3675 2 2 10 4 1062 1196 1061
3676 2 2 10 4 1648 1650 1649
3677 2 2 10 4 1138 1738 1737
3678 2 2 10 4 1542 1543 1420
3679 2 2 10 4 1683 1684 1679
3680 2 2 10 4 1765 2238 1770
3681 2 2 10 4 2081 2239 1789
3682 2 2 10 4 881 2240 882
3683 2 2 10 4 1236 2240 1105
3684 2 2 10 4 1217 1759 739
3685 2 2 10 4 858 1146 1095
3686 2 2 10 4 1105 2240 881
3687 2 2 10 4 309 310 308
3688 2 2 10 4 1365 1366 1349
3689 2 2 10 4 947 1708 1707
3690 2 2 10 4 937 1062 1061
3691 2 2 10 4 1648 1649 1609
3692 2 2 10 4 1420 1752 1135
3693 2 2 10 4 1135 1208 1138
3694 2 2 10 4 1067 1542 1420
3695 2 2 10 4 1138 1737 848
3696 2 2 10 4 1261 2241 1802
3697 2 2 10 4 1888 2241 1261
3698 2 2 10 4 1681 1683 1679
3699 2 2 10 4 1678 1682 1681
3700 2 2 10 4 2087 2242 1089
3701 2 2 10 4 1089 2242 2115
3702 2 2 10 4 519 1776 525
3703 2 2 10 4 1754 2241 1888
3704 2 2 10 4 2245 2255 1761
3705 2 2 10 4 858 1095 859
3706 2 2 10 4 859 1217 739
3707 2 2 10 4 2087 2243 2242
3708 2 2 10 4 409 2244 414
3709 2 2 10 4 306 309 308
3710 2 2 10 4 308 1774 307
3711 2 2 10 4 930 2245 973
3712 2 2 10 4 1364 1365 1349
3713 2 2 10 4 2115 2242 1932
3714 2 2 10 4 2138 2407 268
3715 2 2 10 4 947 1707 847
3716 2 2 10 4 936 1749 947
3717 2 2 10 4 937 1061 936
3718 2 2 10 4 1310 1648 1609
3719 2 2 10 4 1135 1138 848
3720 2 2 10 4 1067 1420 1135
3721 2 2 10 4 1678 1681 1679
3722 2 2 10 4 414 2244 435
3723 2 2 10 4 1131 2245 930
3724 2 2 10 4 1754 2248 584
3725 2 2 10 4 738 1751 858
3726 2 2 10 4 858 859 739
3727 2 2 10 4 306 308 307
3728 2 2 10 4 525 1776 584
3729 2 2 10 4 1348 1364 1349
3730 2 2 10 4 2245 2249 973
3731 2 2 10 4 911 937 936
3732 2 2 10 4 936 947 847
3733 2 2 10 4 1608 1706 1216
3734 2 2 10 4 1310 1609 1608
3735 2 2 10 4 1741 2248 1414
3736 2 2 10 4 833 1744 1067
3737 2 2 10 4 1067 1135 848
3738 2 2 10 4 975 2249 1375
3739 2 2 10 4 1761 2249 2245
3740 2 2 10 4 1084 1619 1311
3741 2 2 10 4 1678 1679 1677
3742 2 2 10 4 1756 2252 859
3743 2 2 10 4 1522 1594 1524
3744 2 2 10 4 1993 2253 1762
3745 2 2 10 4 1762 2254 730
3746 2 2 10 4 1300 2253 1993
3747 2 2 10 4 759 2253 2229
3748 2 2 10 4 730 2254 726
3749 2 2 10 4 724 2254 759
3750 2 2 10 4 1993 2255 1131
3751 2 2 10 4 1743 2308 1742
3752 2 2 10 4 306 2257 309
3753 2 2 10 4 1414 2248 1754
3754 2 2 10 4 1467 1471 1470
3755 2 2 10 4 846 1662 1076
3756 2 2 10 4 1764 2257 1767
3757 2 2 10 4 1820 2258 1511
3758 2 2 10 4 2165 2258 1211
3759 2 2 10 4 277 2378 1710
3760 2 2 10 4 973 2249 975
3761 2 2 10 4 1441 1443 1438
3762 2 2 10 4 1463 1464 1461
3763 2 2 10 4 387 2259 401
3764 2 2 10 4 1884 2260 1530
3765 2 2 10 4 738 858 739
3766 2 2 10 4 2517 2555 1018
3767 2 2 10 4 306 307 232
3768 2 2 10 4 525 584 574
3769 2 2 10 4 274 2262 1767
3770 2 2 10 4 1348 1349 1162
3771 2 2 10 4 859 2252 1217
3772 2 2 10 4 2229 2253 1300
3773 2 2 10 4 726 2254 724
3774 2 2 10 4 1714 1715 1713
3775 2 2 10 4 1131 2255 2245
3776 2 2 10 4 275 2290 1742
3777 2 2 10 4 846 1076 911
3778 2 2 10 4 911 936 847
3779 2 2 10 4 1310 1608 1216
3780 2 2 10 4 274 2257 305
3781 2 2 10 4 833 1067 848
3782 2 2 10 4 309 2257 1764
3783 2 2 10 4 2515 2580 1681
3784 2 2 10 4 1211 2258 1820
3785 2 2 10 4 1768 2269 1769
3786 2 2 10 4 1781 2269 1791
3787 2 2 10 4 246 2365 1849
3788 2 2 10 4 1713 2247 1711
3789 2 2 10 4 1674 1678 1677
3790 2 2 10 4 1677 1685 1675
3791 2 2 10 4 385 2259 387
3792 2 2 10 4 1530 2260 1605
3793 2 2 10 4 1723 2270 1720
3794 2 2 10 4 1547 2270 1546
3795 2 2 10 4 1926 2272 1925
3796 2 2 10 4 383 2273 382
3797 2 2 10 4 236 2335 1739
3798 2 2 10 4 1519 1523 1522
3799 2 2 10 4 1522 1524 1520
3800 2 2 10 4 279 2359 2183
3801 2 2 10 4 278 2342 2054
3802 2 2 10 4 1791 2275 1783
3803 2 2 10 4 1785 2275 1790
3804 2 2 10 4 240 2348 2203
3805 2 2 10 4 2261 2290 275
3806 2 2 10 4 1774 2290 307
3807 2 2 10 4 1675 2256 1676
3808 2 2 10 4 1697 2398 255
3809 2 2 10 4 1753 2377 1208
3810 2 2 10 4 2082 2291 2085
3811 2 2 10 4 1790 2291 1787
3812 2 2 10 4 1742 2290 1403
3813 2 2 10 4 385 2273 2259
3814 2 2 10 4 1012 1014 1013
3815 2 2 10 4 1619 2560 1372
3816 2 2 10 4 1771 2292 1307
3817 2 2 10 4 574 2248 767
3818 2 2 10 4 141 279 140
3819 2 2 10 4 143 240 142
3820 2 2 10 4 152 232 151
3821 2 2 10 4 132 282 131
3822 2 2 10 4 134 245 133
3823 2 2 10 4 136 277 135
3824 2 2 10 4 139 246 138
3825 2 2 10 4 145 278 144
3826 2 2 10 4 147 236 146
3827 2 2 10 4 150 275 149
3828 2 2 10 4 154 274 153
3829 2 2 10 4 161 237 160
3830 2 2 10 4 165 244 164
3831 2 2 10 4 167 280 166
3832 2 2 10 4 172 241 171
3833 2 2 10 4 178 269 177
3834 2 2 10 4 163 281 162
3835 2 2 10 4 130 255 129
3836 2 2 10 4 123 303 122
3837 2 2 10 4 125 273 124
3838 2 2 10 4 157 234 156
3839 2 2 10 4 175 261 174
3840 2 2 10 4 182 304 181
3841 2 2 10 4 159 276 158
3842 2 2 10 4 169 260 168
3843 2 2 10 4 180 272 179
3844 2 2 10 4 124 2266 123
3845 2 2 10 4 127 268 126
3846 2 2 10 4 151 2261 150
3847 2 2 10 4 155 2262 154
3848 2 2 10 4 156 2263 155
3849 2 2 10 4 181 2264 180
3850 2 2 10 4 153 305 152
3851 2 2 10 4 2085 2307 2084
3852 2 2 10 4 2475 2575 2420
3853 2 2 10 4 2087 2307 2243
3854 2 2 10 4 1469 2655 1465
3855 2 2 10 4 511 2247 504
3856 2 2 10 4 1433 1434 1432
3857 2 2 10 4 460 1496 1491
3858 2 2 10 4 512 1494 1485
3859 2 2 10 4 1452 1453 1451
3860 2 2 10 4 720 1450 1449
3861 2 2 10 4 823 1581 1452
3862 2 2 10 4 1769 2269 1781
3863 2 2 10 4 993 2310 1755
3864 2 2 10 4 968 2310 993
3865 2 2 10 4 1932 2311 1933
3866 2 2 10 4 446 1750 445
3867 2 2 10 4 1523 2644 1978
3868 2 2 10 4 2243 2311 2242
3869 2 2 10 4 1720 2270 1547
3870 2 2 10 4 738 739 732
3871 2 2 10 4 1925 2272 1086
3872 2 2 10 4 382 2273 385
3873 2 2 10 4 1699 2390 282
3874 2 2 10 4 1934 2314 1936
3875 2 2 10 4 1933 2314 1931
3876 2 2 10 4 818 819 817
3877 2 2 10 4 158 2268 157
3878 2 2 10 4 944 946 945
3879 2 2 10 4 1936 2317 1935
3880 2 2 10 4 1303 2317 2154
3881 2 2 10 4 305 306 232
3882 2 2 10 4 304 2265 2264
3883 2 2 10 4 2266 2267 303
3884 2 2 10 4 1783 2275 1785
3885 2 2 10 4 1363 2323 1220
3886 2 2 10 4 1277 2323 2219
3887 2 2 10 4 1449 2367 1448
3888 2 2 10 4 1208 2326 1138
3889 2 2 10 4 1743 2320 2308
3890 2 2 10 4 1219 2328 1957
3891 2 2 10 4 2188 2328 1252
3892 2 2 10 4 1543 2425 2284
3893 2 2 10 4 2127 2329 2128
3894 2 2 10 4 1361 2329 1273
3895 2 2 10 4 857 1348 1162
3896 2 2 10 4 2128 2330 1325
3897 2 2 10 4 1704 2382 245
3898 2 2 10 4 160 2274 159
3899 2 2 10 4 1731 2602 1564
3900 2 2 10 4 1403 2290 1774
3901 2 2 10 4 2272 2310 1086
3902 2 2 10 4 1533 2605 1596
3903 2 2 10 4 1525 2481 1057
3904 2 2 10 4 1787 2291 2082
3905 2 2 10 4 846 911 847
3906 2 2 10 4 1044 1310 1216
3907 2 2 10 4 1216 1419 1060
3908 2 2 10 4 1584 2479 2165
3909 2 2 10 4 833 848 573
3910 2 2 10 4 1807 2335 1743
3911 2 2 10 4 1739 2335 1316
3912 2 2 10 4 1307 2292 1757
3913 2 2 10 4 1710 2379 277
3914 2 2 10 4 1445 2356 1443
3915 2 2 10 4 180 2264 272
3916 2 2 10 4 152 305 232
3917 2 2 10 4 150 2261 275
3918 2 2 10 4 154 2262 274
3919 2 2 10 4 232 2261 151
3920 2 2 10 4 273 2266 124
3921 2 2 10 4 274 305 153
3922 2 2 10 4 234 2263 156
3923 2 2 10 4 155 2263 2262
3924 2 2 10 4 123 2266 303
3925 2 2 10 4 304 2264 181
3926 2 2 10 4 1863 1867 495
3927 2 2 10 4 1345 1536 1344
3928 2 2 10 4 162 2289 161
3929 2 2 10 4 307 2261 232
3930 2 2 10 4 789 888 887
3931 2 2 10 4 2284 2424 1543
3932 2 2 10 4 2084 2307 2087
3933 2 2 10 4 157 2268 234
3934 2 2 10 4 276 2268 158
3935 2 2 10 4 2449 2537 2448
3936 2 2 10 4 1716 2554 1666
3937 2 2 10 4 504 2247 501
3938 2 2 10 4 1742 2308 275
3939 2 2 10 4 1455 1693 1453
3940 2 2 10 4 1674 1677 1675
3941 2 2 10 4 1675 1676 1673
3942 2 2 10 4 1355 1527 1526
3943 2 2 10 4 1086 2310 968
3944 2 2 10 4 164 2293 163
3945 2 2 10 4 1849 2368 246
3946 2 2 10 4 159 2274 276
3947 2 2 10 4 237 2274 160
3948 2 2 10 4 91 2277 90
3949 2 2 10 4 86 2287 85
3950 2 2 10 4 92 250 91
3951 2 2 10 4 88 2278 87
3952 2 2 10 4 94 292 93
3953 2 2 10 4 76 289 75
3954 2 2 10 4 107 2279 106
3955 2 2 10 4 74 253 73
3956 2 2 10 4 99 263 98
3957 2 2 10 4 64 252 63
3958 2 2 10 4 101 287 100
3959 2 2 10 4 106 251 105
3960 2 2 10 4 119 302 118
3961 2 2 10 4 67 259 66
3962 2 2 10 4 69 290 68
3963 2 2 10 4 78 249 77
3964 2 2 10 4 81 265 80
3965 2 2 10 4 117 271 116
3966 2 2 10 4 62 286 61
3967 2 2 10 4 83 288 82
3968 2 2 10 4 103 258 102
3969 2 2 10 4 56 256 55
3970 2 2 10 4 58 291 57
3971 2 2 10 4 59 2283 58
3972 2 2 10 4 61 2276 60
3973 2 2 10 4 87 283 86
3974 2 2 10 4 89 264 88
3975 2 2 10 4 71 262 70
3976 2 2 10 4 53 270 52
3977 2 2 10 4 108 284 107
3978 2 2 10 4 110 247 109
3979 2 2 10 4 112 285 111
3980 2 2 10 4 114 257 113
3981 2 2 10 4 60 248 59
3982 2 2 10 4 51 301 50
3983 2 2 10 4 96 254 95
3984 2 2 10 4 104 2284 103
3985 2 2 10 4 82 2286 81
3986 2 2 10 4 100 2281 99
3987 2 2 10 4 93 2288 92
3988 2 2 10 4 72 2282 71
3989 2 2 10 4 109 2285 108
3990 2 2 10 4 90 2280 89
3991 2 2 10 4 2242 2311 1932
3992 2 2 10 4 1425 2581 2470
3993 2 2 10 4 2183 2360 279
3994 2 2 10 4 1739 2339 236
3995 2 2 10 4 965 966 964
3996 2 2 10 4 281 2289 162
3997 2 2 10 4 161 2289 237
3998 2 2 10 4 149 2308 148
3999 2 2 10 4 2203 2353 240
4000 2 2 10 4 298 2632 2627
4001 2 2 10 4 2054 2343 278
4002 2 2 10 4 166 2309 165
4003 2 2 10 4 517 1711 511
4004 2 2 10 4 288 2444 2153
4005 2 2 10 4 1315 2342 1739
4006 2 2 10 4 2054 2342 2053
4007 2 2 10 4 1931 2314 1934
4008 2 2 10 4 582 2552 1598
4009 2 2 10 4 244 2293 164
4010 2 2 10 4 163 2293 281
4011 2 2 10 4 1021 2599 818
4012 2 2 10 4 1565 1731 1564
4013 2 2 10 4 1519 2705 2486
4014 2 2 10 4 1519 1522 1520
4015 2 2 10 4 275 2308 149
4016 2 2 10 4 165 2309 244
4017 2 2 10 4 280 2309 166
4018 2 2 10 4 168 2312 167
4019 2 2 10 4 1747 2333 1345
4020 2 2 10 4 1935 2317 1303
4021 2 2 10 4 816 2403 1021
4022 2 2 10 4 1161 1344 856
4023 2 2 10 4 801 938 800
4024 2 2 10 4 260 2312 168
4025 2 2 10 4 167 2312 280
4026 2 2 10 4 1482 2506 2452
4027 2 2 10 4 656 2653 1690
4028 2 2 10 4 1425 2576 1164
4029 2 2 10 4 170 2315 169
4030 2 2 10 4 169 2315 260
4031 2 2 10 4 1343 2358 2062
4032 2 2 10 4 1345 2333 1536
4033 2 2 10 4 1674 1698 1678
4034 2 2 10 4 241 2316 171
4035 2 2 10 4 171 2316 170
4036 2 2 10 4 1220 2323 1277
4037 2 2 10 4 172 2318 241
4038 2 2 10 4 1865 1867 1863
4039 2 2 10 4 261 2319 174
4040 2 2 10 4 147 2320 236
4041 2 2 10 4 175 2321 261
4042 2 2 10 4 44 266 43
4043 2 2 10 4 8 2295 7
4044 2 2 10 4 41 243 40
4045 2 2 10 4 35 296 34
4046 2 2 10 4 46 299 45
4047 2 2 10 4 11 267 10
4048 2 2 10 4 21 295 20
4049 2 2 10 4 23 233 22
4050 2 2 10 4 9 300 8
4051 2 2 10 4 39 298 38
4052 2 2 10 4 28 231 27
4053 2 2 10 4 14 242 13
4054 2 2 10 4 16 294 15
4055 2 2 10 4 18 239 17
4056 2 2 10 4 30 297 29
4057 2 2 10 4 33 235 32
4058 2 2 10 4 37 238 36
4059 2 2 10 4 26 293 25
4060 2 2 10 4 40 2296 39
4061 2 2 10 4 47 2302 46
4062 2 2 10 4 27 2297 26
4063 2 2 10 4 22 2300 21
4064 2 2 10 4 29 2301 28
4065 2 2 10 4 34 2304 33
4066 2 2 10 4 38 2306 37
4067 2 2 10 4 15 2299 14
4068 2 2 10 4 17 2298 16
4069 2 2 10 4 36 2305 35
4070 2 2 10 4 10 2303 9
4071 2 2 10 4 1138 2326 1738
4072 2 2 10 4 269 2322 177
4073 2 2 10 4 173 2318 172
4074 2 2 10 4 178 2325 269
4075 2 2 10 4 272 2325 179
4076 2 2 10 4 248 2621 1617
4077 2 2 10 4 444 2568 2422
4078 2 2 10 4 1252 2328 1219
4079 2 2 10 4 174 2319 173
4080 2 2 10 4 148 2320 147
4081 2 2 10 4 1171 1680 1671
4082 2 2 10 4 1321 2348 2054
4083 2 2 10 4 2203 2348 1322
4084 2 2 10 4 299 2629 1954
4085 2 2 10 4 550 1833 453
4086 2 2 10 4 1273 2329 2127
4087 2 2 10 4 176 2321 175
4088 2 2 10 4 499 2313 522
4089 2 2 10 4 1507 2506 1482
4090 2 2 10 4 1325 2330 1409
4091 2 2 10 4 177 2322 176
4092 2 2 10 4 179 2325 178
4093 2 2 10 4 695 1709 697
4094 2 2 10 4 459 463 458
4095 2 2 10 4 1426 2581 1425
4096 2 2 10 4 1017 2494 1015
4097 2 2 10 4 834 2366 700
4098 2 2 10 4 549 551 550
4099 2 2 10 4 236 2339 146
4100 2 2 10 4 145 2339 278
4101 2 2 10 4 1172 2364 1171
4102 2 2 10 4 2330 2458 1409
4103 2 2 10 4 2308 2320 148
4104 2 2 10 4 2183 2359 2130
4105 2 2 10 4 2185 2359 2203
4106 2 2 10 4 1316 2335 1807
4107 2 2 10 4 708 794 709
4108 2 2 10 4 1090 1565 1564
4109 2 2 10 4 1183 1326 1040
4110 2 2 10 4 170 2316 2315
4111 2 2 10 4 1534 2607 1005
4112 2 2 10 4 1033 1035 1034
4113 2 2 10 4 1163 2449 1514
4114 2 2 10 4 2267 2529 2528
4115 2 2 10 4 173 2319 2318
4116 2 2 10 4 1498 2564 2520
4117 2 2 10 4 1977 1978 728
4118 2 2 10 4 176 2322 2321
4119 2 2 10 4 439 1632 456
4120 2 2 10 4 570 1492 1487
4121 2 2 10 4 512 1485 1484
4122 2 2 10 4 460 1491 1456
4123 2 2 10 4 503 1503 1473
4124 2 2 10 4 643 1628 1486
4125 2 2 10 4 720 1449 1448
4126 2 2 10 4 721 1475 1474
4127 2 2 10 4 555 1577 1457
4128 2 2 10 4 823 1452 1451
4129 2 2 10 4 452 1433 1432
4130 2 2 10 4 1620 2454 1599
4131 2 2 10 4 1737 2412 573
4132 2 2 10 4 1906 2415 1521
4133 2 2 10 4 1734 2683 1502
4134 2 2 10 4 278 2343 144
4135 2 2 10 4 143 2343 240
4136 2 2 10 4 2182 2365 2183
4137 2 2 10 4 1849 2365 1850
4138 2 2 10 4 1161 1345 1344
4139 2 2 10 4 825 828 826
4140 2 2 10 4 2247 2313 501
4141 2 2 10 4 2097 2366 1659
4142 2 2 10 4 696 2366 694
4143 2 2 10 4 1367 1575 1368
4144 2 2 10 4 785 786 784
4145 2 2 10 4 701 2645 699
4146 2 2 10 4 843 2446 1662
4147 2 2 10 4 2296 2632 298
4148 2 2 10 4 146 2339 145
4149 2 2 10 4 250 2277 91
4150 2 2 10 4 283 2287 86
4151 2 2 10 4 248 2283 59
4152 2 2 10 4 87 2278 283
4153 2 2 10 4 288 2286 82
4154 2 2 10 4 106 2279 251
4155 2 2 10 4 286 2276 61
4156 2 2 10 4 103 2284 258
4157 2 2 10 4 264 2278 88
4158 2 2 10 4 58 2283 291
4159 2 2 10 4 99 2281 263
4160 2 2 10 4 284 2279 107
4161 2 2 10 4 60 2276 248
4162 2 2 10 4 247 2285 109
4163 2 2 10 4 2277 2280 90
4164 2 2 10 4 92 2288 250
4165 2 2 10 4 287 2281 100
4166 2 2 10 4 89 2280 264
4167 2 2 10 4 292 2288 93
4168 2 2 10 4 81 2286 265
4169 2 2 10 4 108 2285 284
4170 2 2 10 4 71 2282 262
4171 2 2 10 4 1074 1143 1073
4172 2 2 10 4 2601 2696 1367
4173 2 2 10 4 551 804 550
4174 2 2 10 4 568 833 573
4175 2 2 10 4 1176 2331 1589
4176 2 2 10 4 1080 1081 956
4177 2 2 10 4 193 563 194
4178 2 2 10 4 202 423 203
4179 2 2 10 4 192 1479 193
4180 2 2 10 4 199 1500 200
4181 2 2 10 4 223 643 224
4182 2 2 10 4 225 823 226
4183 2 2 10 4 184 1591 185
4184 2 2 10 4 208 460 209
4185 2 2 10 4 200 452 201
4186 2 2 10 4 204 704 205
4187 2 2 10 4 212 1459 213
4188 2 2 10 4 228 1436 229
4189 2 2 10 4 5 1568 183
4190 2 2 10 4 6 570 207
4191 2 2 10 4 220 721 221
4192 2 2 10 4 217 720 218
4193 2 2 10 4 206 692 5
4194 2 2 10 4 191 527 192
4195 2 2 10 4 215 734 216
4196 2 2 10 4 186 1465 187
4197 2 2 10 4 210 440 211
4198 2 2 10 4 198 553 199
4199 2 2 10 4 222 1590 223
4200 2 2 10 4 195 555 196
4201 2 2 10 4 189 512 190
4202 2 2 10 4 213 408 214
4203 2 2 10 4 187 503 188
4204 2 2 10 4 211 1488 212
4205 2 2 10 4 194 1483 195
4206 2 2 10 4 214 1593 215
4207 2 2 10 4 185 702 186
4208 2 2 10 4 203 1476 204
4209 2 2 10 4 230 1592 6
4210 2 2 10 4 183 691 184
4211 2 2 10 4 205 1562 206
4212 2 2 10 4 227 813 228
4213 2 2 10 4 229 815 230
4214 2 2 10 4 560 561 559
4215 2 2 10 4 118 2337 117
4216 2 2 10 4 240 2353 142
4217 2 2 10 4 141 2353 279
4218 2 2 10 4 2250 2438 1719
4219 2 2 10 4 920 1049 919
4220 2 2 10 4 549 550 453
4221 2 2 10 4 1170 1356 1169
4222 2 2 10 4 2053 2342 1315
4223 2 2 10 4 1846 2378 1848
4224 2 2 10 4 1710 2378 1338
4225 2 2 10 4 2435 2455 1348
4226 2 2 10 4 1666 2606 1716
4227 2 2 10 4 1444 1445 1443
4228 2 2 10 4 1639 2524 285
4229 2 2 10 4 279 2360 140
4230 2 2 10 4 139 2360 246
4231 2 2 10 4 1007 1008 955
4232 2 2 10 4 831 909 908
4233 2 2 10 4 1515 1626 1326
4234 2 2 10 4 1330 2381 1710
4235 2 2 10 4 1704 2381 1331
4236 2 2 10 4 1750 2409 1027
4237 2 2 10 4 2153 2557 288
4238 2 2 10 4 302 2337 118
4239 2 2 10 4 117 2337 271
4240 2 2 10 4 823 1451 226
4241 2 2 10 4 452 1432 201
4242 2 2 10 4 734 1585 216
4243 2 2 10 4 460 1456 209
4244 2 2 10 4 555 1457 196
4245 2 2 10 4 721 1474 221
4246 2 2 10 4 643 1486 224
4247 2 2 10 4 503 1473 188
4248 2 2 10 4 570 1487 207
4249 2 2 10 4 720 1448 218
4250 2 2 10 4 512 1484 190
4251 2 2 10 4 2384 2397 1738
4252 2 2 10 4 144 2343 143
4253 2 2 10 4 1963 2661 2657
4254 2 2 10 4 1112 2384 1421
4255 2 2 10 4 2671 2678 300
4256 2 2 10 4 793 811 810
4257 2 2 10 4 300 2295 8
4258 2 2 10 4 39 2296 298
4259 2 2 10 4 243 2296 40
4260 2 2 10 4 46 2302 299
4261 2 2 10 4 298 2306 38
4262 2 2 10 4 267 2303 10
4263 2 2 10 4 296 2304 34
4264 2 2 10 4 233 2300 22
4265 2 2 10 4 14 2299 242
4266 2 2 10 4 239 2298 17
4267 2 2 10 4 28 2301 231
4268 2 2 10 4 231 2297 27
4269 2 2 10 4 297 2301 29
4270 2 2 10 4 26 2297 293
4271 2 2 10 4 35 2305 296
4272 2 2 10 4 21 2300 295
4273 2 2 10 4 294 2299 15
4274 2 2 10 4 33 2304 235
4275 2 2 10 4 16 2298 294
4276 2 2 10 4 37 2306 238
4277 2 2 10 4 238 2305 36
4278 2 2 10 4 9 2303 300
4279 2 2 10 4 843 1662 846
4280 2 2 10 4 1406 2572 1207
4281 2 2 10 4 1359 2551 1628
4282 2 2 10 4 246 2368 138
4283 2 2 10 4 1699 2387 1335
4284 2 2 10 4 1333 2387 1704
4285 2 2 10 4 2349 2589 1568
4286 2 2 10 4 1598 2661 582
4287 2 2 10 4 1649 2389 1609
4288 2 2 10 4 2573 2654 2346
4289 2 2 10 4 942 943 939
4290 2 2 10 4 857 1162 1161
4291 2 2 10 4 136 2373 277
4292 2 2 10 4 1326 2385 1040
4293 2 2 10 4 1322 2348 1321
4294 2 2 10 4 2089 2539 1617
4295 2 2 10 4 1509 2346 1485
4296 2 2 10 4 1719 2438 1721
4297 2 2 10 4 2326 2384 1738
4298 2 2 10 4 2306 2627 2626
4299 2 2 10 4 1065 1066 922
4300 2 2 10 4 1672 1698 1674
4301 2 2 10 4 501 2313 499
4302 2 2 10 4 1697 2395 2173
4303 2 2 10 4 1337 2395 1699
4304 2 2 10 4 1668 2392 1670
4305 2 2 10 4 1309 2670 1751
4306 2 2 10 4 1694 2416 256
4307 2 2 10 4 1027 2397 1829
4308 2 2 10 4 1014 1016 1015
4309 2 2 10 4 1499 2587 2278
4310 2 2 10 4 286 2503 2276
4311 2 2 10 4 249 2345 77
4312 2 2 10 4 76 2345 289
4313 2 2 10 4 1692 2414 1366
4314 2 2 10 4 69 2347 290
4315 2 2 10 4 262 2347 70
4316 2 2 10 4 277 2379 135
4317 2 2 10 4 134 2379 245
4318 2 2 10 4 1655 2392 1668
4319 2 2 10 4 252 2350 63
4320 2 2 10 4 62 2350 286
4321 2 2 10 4 77 2345 76
4322 2 2 10 4 820 821 819
4323 2 2 10 4 1305 1354 1144
4324 2 2 10 4 846 847 844
4325 2 2 10 4 1304 2505 1428
4326 2 2 10 4 1954 2635 299
4327 2 2 10 4 142 2353 141
4328 2 2 10 4 909 1732 908
4329 2 2 10 4 583 2618 1600
4330 2 2 10 4 70 2347 69
4331 2 2 10 4 1044 1216 1060
4332 2 2 10 4 651 2405 649
4333 2 2 10 4 784 2432 737
4334 2 2 10 4 2138 2406 2137
4335 2 2 10 4 1329 2406 1418
4336 2 2 10 4 63 2350 62
4337 2 2 10 4 132 2382 282
4338 2 2 10 4 245 2382 133
4339 2 2 10 4 1421 2384 2326
4340 2 2 10 4 458 1750 446
4341 2 2 10 4 1027 2409 2397
4342 2 2 10 4 733 2432 738
4343 2 2 10 4 2416 2495 54
4344 2 2 10 4 2130 2359 2185
4345 2 2 10 4 464 568 463
4346 2 2 10 4 1342 2411 2138
4347 2 2 10 4 1498 2520 1167
4348 2 2 10 4 64 2361 252
4349 2 2 10 4 1305 2421 1355
4350 2 2 10 4 282 2390 131
4351 2 2 10 4 130 2390 255
4352 2 2 10 4 1053 2533 1163
4353 2 2 10 4 300 2678 2295
4354 2 2 10 4 551 2250 804
4355 2 2 10 4 967 1083 966
4356 2 2 10 4 1502 2531 1734
4357 2 2 10 4 31 2604 2464
4358 2 2 10 4 1521 2401 1907
4359 2 2 10 4 114 2369 257
4360 2 2 10 4 255 2398 129
4361 2 2 10 4 457 2664 459
4362 2 2 10 4 709 2660 701
4363 2 2 10 4 1672 2508 1698
4364 2 2 10 4 140 2360 139
4365 2 2 10 4 1558 2374 1556
4366 2 2 10 4 1035 1038 1036
4367 2 2 10 4 1632 1633 1050
4368 2 2 10 4 1662 1735 1663
4369 2 2 10 4 1141 1205 1142
4370 2 2 10 4 1693 2541 1453
4371 2 2 10 4 127 2400 268
4372 2 2 10 4 1540 2461 1063
4373 2 2 10 4 1621 2369 1622
4374 2 2 10 4 1366 2414 1745
4375 2 2 10 4 1674 1675 1673
4376 2 2 10 4 2024 2426 717
4377 2 2 10 4 719 2426 743
4378 2 2 10 4 298 2627 2306
4379 2 2 10 4 2251 2514 1458
4380 2 2 10 4 1850 2365 2182
4381 2 2 10 4 1954 2634 266
4382 2 2 10 4 125 2407 273
4383 2 2 10 4 268 2407 126
4384 2 2 10 4 828 842 829
4385 2 2 10 4 694 2366 2097
4386 2 2 10 4 65 2361 64
4387 2 2 10 4 554 2250 551
4388 2 2 10 4 1907 2401 637
4389 2 2 10 4 55 2416 54
4390 2 2 10 4 1210 1416 1351
4391 2 2 10 4 794 856 795
4392 2 2 10 4 258 2380 102
4393 2 2 10 4 101 2380 287
4394 2 2 10 4 2281 2389 263
4395 2 2 10 4 1976 2439 707
4396 2 2 10 4 1701 2372 1733
4397 2 2 10 4 767 1736 579
4398 2 2 10 4 138 2368 137
4399 2 2 10 4 270 2383 52
4400 2 2 10 4 51 2383 301
4401 2 2 10 4 1747 2687 2333
4402 2 2 10 4 1368 2518 1175
4403 2 2 10 4 302 2529 1869
4404 2 2 10 4 1068 2418 1614
4405 2 2 10 4 13 2417 12
4406 2 2 10 4 2666 2671 2303
4407 2 2 10 4 1031 1630 1029
4408 2 2 10 4 1371 2431 1629
4409 2 2 10 4 1460 1462 1461
4410 2 2 10 4 1437 1439 1438
4411 2 2 10 4 1477 2324 1478
4412 2 2 10 4 1467 1468 1466
4413 2 2 10 4 1480 1544 1512
4414 2 2 10 4 1618 2584 247
4415 2 2 10 4 1506 1507 1481
4416 2 2 10 4 839 954 953
4417 2 2 10 4 646 2475 2061
4418 2 2 10 4 285 2388 111
4419 2 2 10 4 110 2388 247
4420 2 2 10 4 1475 2375 1474
4421 2 2 10 4 1716 2362 1569
4422 2 2 10 4 1058 2483 1074
4423 2 2 10 4 1065 2591 1319
4424 2 2 10 4 787 788 786
4425 2 2 10 4 1661 2507 1637
4426 2 2 10 4 1677 2459 1685
4427 2 2 10 4 137 2373 136
4428 2 2 10 4 2391 2665 1527
4429 2 2 10 4 290 2393 68
4430 2 2 10 4 67 2393 259
4431 2 2 10 4 562 564 561
4432 2 2 10 4 238 2626 2622
4433 2 2 10 4 115 2369 114
4434 2 2 10 4 2357 2511 1054
4435 2 2 10 4 1519 1520 1518
4436 2 2 10 4 1611 2554 835
4437 2 2 10 4 1690 2653 1531
4438 2 2 10 4 1344 2354 856
4439 2 2 10 4 2456 2545 1631
4440 2 2 10 4 1421 2377 1422
4441 2 2 10 4 1352 2453 1323
4442 2 2 10 4 1338 2378 1846
4443 2 2 10 4 2246 2496 1744
4444 2 2 10 4 1616 2589 1353
4445 2 2 10 4 1684 2459 1679
4446 2 2 10 4 791 792 569
4447 2 2 10 4 2368 2373 137
4448 2 2 10 4 1433 2505 1435
4449 2 2 10 4 1090 1564 1563
4450 2 2 10 4 1698 2525 1682
4451 2 2 10 4 1353 2589 2349
4452 2 2 10 4 914 2465 808
4453 2 2 10 4 2111 2465 1149
4454 2 2 10 4 857 1161 856
4455 2 2 10 4 1207 2585 1142
4456 2 2 10 4 1522 2488 1594
4457 2 2 10 4 1690 2701 656
4458 2 2 10 4 135 2379 134
4459 2 2 10 4 1611 2645 1627
4460 2 2 10 4 1584 2595 2479
4461 2 2 10 4 2282 2484 1723
4462 2 2 10 4 568 2246 833
4463 2 2 10 4 981 2543 2024
4464 2 2 10 4 1206 2703 1372
4465 2 2 10 4 1647 2521 1141
4466 2 2 10 4 1865 2617 1868
4467 2 2 10 4 1328 1666 1134
4468 2 2 10 4 1620 2657 1431
4469 2 2 10 4 2355 2674 1591
4470 2 2 10 4 1331 2381 1330
4471 2 2 10 4 1592 2675 2356
4472 2 2 10 4 2503 2621 2276
4473 2 2 10 4 1657 2491 1658
4474 2 2 10 4 697 1709 708
4475 2 2 10 4 1581 2408 1452
4476 2 2 10 4 1496 1497 1491
4477 2 2 10 4 1494 1495 1485
4478 2 2 10 4 1450 1596 1449
4479 2 2 10 4 814 2433 811
4480 2 2 10 4 2303 2671 300
4481 2 2 10 4 1016 1054 1017
4482 2 2 10 4 1728 2563 1558
4483 2 2 10 4 2419 2420 1626
4484 2 2 10 4 1544 2571 1512
4485 2 2 10 4 822 824 821
4486 2 2 10 4 1030 1031 1029
4487 2 2 10 4 1587 2498 2403
4488 2 2 10 4 1386 2384 1112
4489 2 2 10 4 285 2691 1639
4490 2 2 10 4 662 2502 1645
4491 2 2 10 4 2386 2563 1728
4492 2 2 10 4 251 2424 105
4493 2 2 10 4 104 2424 2284
4494 2 2 10 4 133 2382 132
4495 2 2 10 4 1360 2611 1703
4496 2 2 10 4 102 2380 101
4497 2 2 10 4 1681 2580 1683
4498 2 2 10 4 1748 2428 1101
4499 2 2 10 4 1365 2428 1748
4500 2 2 10 4 31 2464 30
4501 2 2 10 4 2306 2626 238
4502 2 2 10 4 2264 2458 272
4503 2 2 10 4 1731 2568 391
4504 2 2 10 4 1335 2387 1333
4505 2 2 10 4 2345 2431 289
4506 2 2 10 4 568 573 463
4507 2 2 10 4 52 2383 51
4508 2 2 10 4 1630 2437 1426
4509 2 2 10 4 273 2462 2266
4510 2 2 10 4 1447 1603 1446
4511 2 2 10 4 1777 2389 1649
4512 2 2 10 4 1559 2374 1045
4513 2 2 10 4 2663 2666 267
4514 2 2 10 4 1134 1430 1081
4515 2 2 10 4 658 2502 662
4516 2 2 10 4 808 2502 663
4517 2 2 10 4 1411 2503 1607
4518 2 2 10 4 1640 2524 1639
4519 2 2 10 4 1386 2397 2384
4520 2 2 10 4 1084 1311 1083
4521 2 2 10 4 266 2635 1954
4522 2 2 10 4 2331 2437 1589
4523 2 2 10 4 1723 2588 2282
4524 2 2 10 4 1447 2500 1603
4525 2 2 10 4 1171 1671 565
4526 2 2 10 4 1437 1440 1439
4527 2 2 10 4 391 2602 1731
4528 2 2 10 4 272 2458 2330
4529 2 2 10 4 1038 1040 1039
4530 2 2 10 4 1433 1435 1434
4531 2 2 10 4 1452 1454 1453
4532 2 2 10 4 131 2390 130
4533 2 2 10 4 85 2477 2
4534 2 2 10 4 1 2478 84
4535 2 2 10 4 2 2477 47
4536 2 2 10 4 7 2478 1
4537 2 2 10 4 83 2444 288
4538 2 2 10 4 1428 2505 2497
4539 2 2 10 4 2305 2622 2619
4540 2 2 10 4 1576 2630 1368
4541 2 2 10 4 1205 1505 1206
4542 2 2 10 4 1090 2423 1565
4543 2 2 10 4 111 2388 110
4544 2 2 10 4 2173 2395 1337
4545 2 2 10 4 2283 2539 1702
4546 2 2 10 4 1520 2401 1518
4547 2 2 10 4 944 945 943
4548 2 2 10 4 1829 2397 1386
4549 2 2 10 4 1956 2516 981
4550 2 2 10 4 2364 2480 1680
4551 2 2 10 4 2417 2662 12
4552 2 2 10 4 456 1632 1050
4553 2 2 10 4 1709 2455 2435
4554 2 2 10 4 1601 2358 1343
4555 2 2 10 4 1423 2431 1371
4556 2 2 10 4 68 2393 67
4557 2 2 10 4 2386 2676 1464
4558 2 2 10 4 1695 2416 1694
4559 2 2 10 4 1633 1636 1635
4560 2 2 10 4 129 2398 128
4561 2 2 10 4 736 1613 1612
4562 2 2 10 4 1318 1320 1066
4563 2 2 10 4 1043 1170 1169
4564 2 2 10 4 1471 2674 2355
4565 2 2 10 4 1134 1666 1430
4566 2 2 10 4 2356 2675 1443
4567 2 2 10 4 705 834 700
4568 2 2 10 4 857 2435 1348
4569 2 2 10 4 1355 1526 1354
4570 2 2 10 4 789 887 788
4571 2 2 10 4 258 2647 1706
4572 2 2 10 4 1517 1519 1518
4573 2 2 10 4 1499 2402 1498
4574 2 2 10 4 565 580 564
4575 2 2 10 4 20 2499 19
4576 2 2 10 4 2397 2409 1738
4577 2 2 10 4 128 2400 127
4578 2 2 10 4 1044 1060 810
4579 2 2 10 4 1753 2692 2279
4580 2 2 10 4 656 2405 651
4581 2 2 10 4 1524 2476 1520
4582 2 2 10 4 1629 2431 2345
4583 2 2 10 4 856 2354 795
4584 2 2 10 4 265 2479 80
4585 2 2 10 4 1518 1521 1184
4586 2 2 10 4 1438 2675 815
4587 2 2 10 4 1461 2676 408
4588 2 2 10 4 702 2674 1467
4589 2 2 10 4 2137 2406 1329
4590 2 2 10 4 1450 1615 1596
4591 2 2 10 4 72 2484 2282
4592 2 2 10 4 253 2484 73
4593 2 2 10 4 267 2666 2303
4594 2 2 10 4 1576 2531 2251
4595 2 2 10 4 2398 2400 128
4596 2 2 10 4 1420 2550 1752
4597 2 2 10 4 1738 2409 1737
4598 2 2 10 4 96 2491 254
4599 2 2 10 4 1495 1509 1485
4600 2 2 10 4 1058 1073 1059
4601 2 2 10 4 1441 1444 1443
4602 2 2 10 4 1416 2606 2340
4603 2 2 10 4 1463 2338 1464
4604 2 2 10 4 853 2696 1625
4605 2 2 10 4 126 2407 125
4606 2 2 10 4 1639 2691 257
4607 2 2 10 4 248 2539 2283
4608 2 2 10 4 943 2445 939
4609 2 2 10 4 1593 2676 2386
4610 2 2 10 4 1032 1033 1031
4611 2 2 10 4 843 846 844
4612 2 2 10 4 2518 2630 1638
4613 2 2 10 4 1510 2557 2153
4614 2 2 10 4 1494 2394 1495
4615 2 2 10 4 2580 2677 1683
4616 2 2 10 4 1417 2559 1853
4617 2 2 10 4 1362 2411 1342
4618 2 2 10 4 1853 2562 1852
4619 2 2 10 4 238 2622 2305
4620 2 2 10 4 1672 1674 1673
4621 2 2 10 4 1309 2432 784
4622 2 2 10 4 53 2495 270
4623 2 2 10 4 565 1671 580
4624 2 2 10 4 391 2568 393
4625 2 2 10 4 825 826 824
4626 2 2 10 4 1695 2495 2416
4627 2 2 10 4 558 2544 853
4628 2 2 10 4 1597 2583 1551
4629 2 2 10 4 1450 2413 1615
4630 2 2 10 4 296 2619 2616
4631 2 2 10 4 1001 1729 946
4632 2 2 10 4 1347 2586 1582
4633 2 2 10 4 1722 2588 1723
4634 2 2 10 4 1575 2391 1576
4635 2 2 10 4 1374 1717 940
4636 2 2 10 4 1631 2706 1312
4637 2 2 10 4 1489 2600 1504
4638 2 2 10 4 2271 2608 1546
4639 2 2 10 4 1844 2566 2122
4640 2 2 10 4 1884 2633 2260
4641 2 2 10 4 1354 2684 2615
4642 2 2 10 4 389 2602 391
4643 2 2 10 4 737 2432 733
4644 2 2 10 4 2174 2612 1610
4645 2 2 10 4 1553 2613 1597
4646 2 2 10 4 24 2527 23
4647 2 2 10 4 707 2455 1709
4648 2 2 10 4 513 2687 491
4649 2 2 10 4 890 1155 888
4650 2 2 10 4 2260 2633 243
4651 2 2 10 4 1954 2629 1537
4652 2 2 10 4 1605 2634 1529
4653 2 2 10 4 1953 2634 1954
4654 2 2 10 4 1483 2466 1578
4655 2 2 10 4 649 2639 645
4656 2 2 10 4 954 1007 955
4657 2 2 10 4 2050 2663 2051
4658 2 2 10 4 1665 2701 1664
4659 2 2 10 4 2051 2643 1340
4660 2 2 10 4 25 2532 24
4661 2 2 10 4 1497 2585 2572
4662 2 2 10 4 569 2246 568
4663 2 2 10 4 1348 2455 1364
4664 2 2 10 4 1587 1588 1091
4665 2 2 10 4 1467 1470 1468
4666 2 2 10 4 1462 1463 1461
4667 2 2 10 4 1619 1642 1311
4668 2 2 10 4 1439 1441 1438
4669 2 2 10 4 271 2510 116
4670 2 2 10 4 1869 2529 1362
4671 2 2 10 4 1072 2362 1210
4672 2 2 10 4 259 2513 66
4673 2 2 10 4 793 810 792
4674 2 2 10 4 1926 2524 2272
4675 2 2 10 4 743 2702 1977
4676 2 2 10 4 1344 2549 2354
4677 2 2 10 4 283 2492 2287
4678 2 2 10 4 1586 2498 1587
4679 2 2 10 4 458 2412 1750
4680 2 2 10 4 811 1044 810
4681 2 2 10 4 1214 1595 1185
4682 2 2 10 4 1183 1515 1326
4683 2 2 10 4 288 2557 2286
4684 2 2 10 4 1641 2684 766
4685 2 2 10 4 1705 2599 2501
4686 2 2 10 4 573 2412 463
4687 2 2 10 4 2466 2571 1213
4688 2 2 10 4 1044 2433 1310
4689 2 2 10 4 1546 2608 1423
4690 2 2 10 4 1041 1517 1184
4691 2 2 10 4 1454 1606 1570
4692 2 2 10 4 1663 2558 1665
4693 2 2 10 4 2464 2604 1582
4694 2 2 10 4 1753 2493 2377
4695 2 2 10 4 946 1048 945
4696 2 2 10 4 250 2453 2277
4697 2 2 10 4 794 857 856
4698 2 2 10 4 830 2433 814
4699 2 2 10 4 1136 1620 1431
4700 2 2 10 4 2349 2688 2340
4701 2 2 10 4 1524 2516 2476
4702 2 2 10 4 2333 2687 513
4703 2 2 10 4 1644 2523 1646
4704 2 2 10 4 2402 2564 1498
4705 2 2 10 4 717 2426 719
4706 2 2 10 4 1101 2428 1390
4707 2 2 10 4 1527 1528 1526
4708 2 2 10 4 1527 2665 1528
4709 2 2 10 4 301 2530 50
4710 2 2 10 4 119 2528 302
4711 2 2 10 4 256 2416 55
4712 2 2 10 4 19 2579 18
4713 2 2 10 4 1173 2601 1367
4714 2 2 10 4 2357 2512 1714
4715 2 2 10 4 1670 2434 1669
4716 2 2 10 4 105 2424 104
4717 2 2 10 4 1676 2460 1673
4718 2 2 10 4 1008 1018 1010
4719 2 2 10 4 1669 2624 254
4720 2 2 10 4 242 2417 13
4721 2 2 10 4 2428 2439 1390
4722 2 2 10 4 2305 2619 296
4723 2 2 10 4 2304 2616 2614
4724 2 2 10 4 971 1030 1029
4725 2 2 10 4 1671 1672 580
4726 2 2 10 4 1454 1455 1453
4727 2 2 10 4 1419 2535 1060
4728 2 2 10 4 646 2558 2475
4729 2 2 10 4 938 1374 940
4730 2 2 10 4 828 829 826
4731 2 2 10 4 1494 2447 2394
4732 2 2 10 4 2411 2462 273
4733 2 2 10 4 1163 2537 2449
4734 2 2 10 4 2461 2623 1405
4735 2 2 10 4 1635 2658 1634
4736 2 2 10 4 1390 2439 1976
4737 2 2 10 4 2285 2493 284
4738 2 2 10 4 2369 2510 1622
4739 2 2 10 4 2558 2639 1665
4740 2 2 10 4 1090 1563 918
4741 2 2 10 4 2410 2525 1698
4742 2 2 10 4 1978 2702 1523
4743 2 2 10 4 1372 2560 1408
4744 2 2 10 4 78 2595 249
4745 2 2 10 4 1518 2401 1521
4746 2 2 10 4 2420 2575 1049
4747 2 2 10 4 1054 2512 2357
4748 2 2 10 4 1170 1561 1356
4749 2 2 10 4 1444 1586 1445
4750 2 2 10 4 1081 2473 956
4751 2 2 10 4 2436 2451 1469
4752 2 2 10 4 1136 2454 1620
4753 2 2 10 4 254 2624 95
4754 2 2 10 4 94 2624 292
4755 2 2 10 4 257 2691 113
4756 2 2 10 4 112 2691 285
4757 2 2 10 4 1040 2385 1039
4758 2 2 10 4 263 2649 98
4759 2 2 10 4 2371 2404 1137
4760 2 2 10 4 946 1729 1048
4761 2 2 10 4 767 2515 1736
4762 2 2 10 4 1164 2689 1028
4763 2 2 10 4 888 2423 887
4764 2 2 10 4 2490 2650 1051
4765 2 2 10 4 1213 2571 1214
4766 2 2 10 4 1440 1446 1442
4767 2 2 10 4 65 2513 2361
4768 2 2 10 4 1007 2351 1008
4769 2 2 10 4 1356 2440 1358
4770 2 2 10 4 1210 2362 1416
4771 2 2 10 4 2051 2662 2417
4772 2 2 10 4 2473 2660 709
4773 2 2 10 4 909 2410 1732
4774 2 2 10 4 1698 2508 2410
4775 2 2 10 4 1517 1518 1184
4776 2 2 10 4 115 2510 2369
4777 2 2 10 4 817 830 814
4778 2 2 10 4 235 2604 32
4779 2 2 10 4 1452 2408 1454
4780 2 2 10 4 1058 1059 1056
4781 2 2 10 4 84 2444 83
4782 2 2 10 4 463 2412 458
4783 2 2 10 4 243 2636 2260
4784 2 2 10 4 299 2635 45
4785 2 2 10 4 44 2635 266
4786 2 2 10 4 41 2636 243
4787 2 2 10 4 266 2637 43
4788 2 2 10 4 242 2648 2643
4789 2 2 10 4 956 2473 838
4790 2 2 10 4 11 2662 267
4791 2 2 10 4 580 2460 564
4792 2 2 10 4 964 1024 962
4793 2 2 10 4 296 2616 2304
4794 2 2 10 4 283 2587 2492
4795 2 2 10 4 2413 2680 1585
4796 2 2 10 4 1450 2680 2413
4797 2 2 10 4 842 843 829
4798 2 2 10 4 1520 2476 2401
4799 2 2 10 4 2491 2649 1658
4800 2 2 10 4 1323 2453 1772
4801 2 2 10 4 1503 2447 1473
4802 2 2 10 4 1492 2448 1487
4803 2 2 10 4 1319 2573 2430
4804 2 2 10 4 1066 2482 922
4805 2 2 10 4 939 2445 938
4806 2 2 10 4 2458 2526 1409
4807 2 2 10 4 2061 2420 2419
4808 2 2 10 4 721 2470 1475
4809 2 2 10 4 1454 2408 1606
4810 2 2 10 4 2405 2701 1665
4811 2 2 10 4 922 2482 832
4812 2 2 10 4 1515 2419 1626
4813 2 2 10 4 1679 2459 1677
4814 2 2 10 4 2361 2513 1684
4815 2 2 10 4 2265 2458 2264
4816 2 2 10 4 559 809 557
4817 2 2 10 4 2522 2690 1561
4818 2 2 10 4 919 1145 854
4819 2 2 10 4 2429 2430 1509
4820 2 2 10 4 2516 2543 981
4821 2 2 10 4 2061 2419 654
4822 2 2 10 4 1002 2652 825
4823 2 2 10 4 843 844 829
4824 2 2 10 4 2451 2536 1503
4825 2 2 10 4 2641 2648 2299
4826 2 2 10 4 1567 2451 2436
4827 2 2 10 4 1472 2418 1468
4828 2 2 10 4 1466 2450 1469
4829 2 2 10 4 2422 2597 1661
4830 2 2 10 4 189 2679 512
4831 2 2 10 4 217 2680 720
4832 2 2 10 4 208 2681 460
4833 2 2 10 4 225 2682 823
4834 2 2 10 4 1672 1673 580
4835 2 2 10 4 1149 2465 914
4836 2 2 10 4 2282 2588 262
4837 2 2 10 4 1920 2552 582
4838 2 2 10 4 2266 2462 2267
4839 2 2 10 4 1729 2332 1048
4840 2 2 10 4 1084 2560 1619
4841 2 2 10 4 1475 2581 2331
4842 2 2 10 4 2389 2542 1609
4843 2 2 10 4 1440 1442 1439
4844 2 2 10 4 1752 2692 1753
4845 2 2 10 4 1709 2435 708
4846 2 2 10 4 1628 2551 1486
4847 2 2 10 4 1030 1032 1031
4848 2 2 10 4 1136 1158 1059
4849 2 2 10 4 1667 2593 1434
4850 2 2 10 4 250 2596 2453
4851 2 2 10 4 2538 2625 1214
4852 2 2 10 4 938 940 800
4853 2 2 10 4 1642 2703 1505
4854 2 2 10 4 835 2554 1716
4855 2 2 10 4 692 2688 2349
4856 2 2 10 4 1033 1037 1035
4857 2 2 10 4 1041 1183 1040
4858 2 2 10 4 1471 2489 1470
4859 2 2 10 4 637 2476 1893
4860 2 2 10 4 1470 2344 1472
4861 2 2 10 4 786 1309 784
4862 2 2 10 4 1008 2351 1018
4863 2 2 10 4 2401 2476 637
4864 2 2 10 4 2417 2643 2051
4865 2 2 10 4 2304 2614 235
4866 2 2 10 4 2285 2584 2493
4867 2 2 10 4 1540 2623 2461
4868 2 2 10 4 1085 2658 2352
4869 2 2 10 4 1495 2429 1509
4870 2 2 10 4 1609 2542 1608
4871 2 2 10 4 792 2246 569
4872 2 2 10 4 1864 2517 1865
4873 2 2 10 4 1320 1566 1407
4874 2 2 10 4 1570 1687 1455
4875 2 2 10 4 887 1090 918
4876 2 2 10 4 1152 2445 943
4877 2 2 10 4 1014 1025 1016
4878 2 2 10 4 1030 1202 1032
4879 2 2 10 4 1431 1598 1158
4880 2 2 10 4 1626 2522 1326
4881 2 2 10 4 2631 2641 294
4882 2 2 10 4 2340 2688 1351
4883 2 2 10 4 1597 2613 2579
4884 2 2 10 4 2338 2563 1464
4885 2 2 10 4 1083 1085 966
4886 2 2 10 4 80 2479 79
4887 2 2 10 4 1561 2440 1356
4888 2 2 10 4 30 2464 297
4889 2 2 10 4 1506 2592 2346
4890 2 2 10 4 2340 2606 1328
4891 2 2 10 4 1352 2700 2280
4892 2 2 10 4 1508 2596 2288
4893 2 2 10 4 1073 1136 1059
4894 2 2 10 4 2361 2463 252
4895 2 2 10 4 1619 2703 1642
4896 2 2 10 4 1041 2474 1517
4897 2 2 10 4 1214 2625 1595
4898 2 2 10 4 938 2445 1374
4899 2 2 10 4 1523 2488 1522
4900 2 2 10 4 1978 2644 1317
4901 2 2 10 4 2482 2618 583
4902 2 2 10 4 1362 2462 2411
4903 2 2 10 4 1470 1472 1468
4904 2 2 10 4 564 933 561
4905 2 2 10 4 1462 2399 1463
4906 2 2 10 4 1538 2492 1832
4907 2 2 10 4 1155 2423 888
4908 2 2 10 4 73 2484 72
4909 2 2 10 4 1063 2461 2324
4910 2 2 10 4 824 827 821
4911 2 2 10 4 1354 2615 1144
4912 2 2 10 4 1362 2529 2462
4913 2 2 10 4 1430 1627 1081
4914 2 2 10 4 1603 1604 1446
4915 2 2 10 4 1441 2370 1444
4916 2 2 10 4 1202 2336 1317
4917 2 2 10 4 1038 1041 1040
4918 2 2 10 4 2299 2648 242
4919 2 2 10 4 1205 1532 1505
4920 2 2 10 4 1469 2450 2436
4921 2 2 10 4 945 1152 943
4922 2 2 10 4 1320 1407 1066
4923 2 2 10 4 887 918 788
4924 2 2 10 4 2488 2702 743
4925 2 2 10 4 2396 2688 692
4926 2 2 10 4 1642 2341 1311
4927 2 2 10 4 1730 2668 826
4928 2 2 10 4 97 2491 96
4929 2 2 10 4 2287 2477 85
4930 2 2 10 4 2061 2475 2420
4931 2 2 10 4 2600 2604 235
4932 2 2 10 4 564 2460 933
4933 2 2 10 4 2489 2694 1574
4934 2 2 10 4 251 2550 2424
4935 2 2 10 4 1454 1570 1455
4936 2 2 10 4 2620 2631 2298
4937 2 2 10 4 1492 2449 2448
4938 2 2 10 4 1582 2586 2464
4939 2 2 10 4 1007 2443 2351
4940 2 2 10 4 2545 2706 1631
4941 2 2 10 4 1167 2523 2111
4942 2 2 10 4 1634 2487 2341
4943 2 2 10 4 47 2477 2302
4944 2 2 10 4 2295 2478 7
4945 2 2 10 4 2476 2516 1893
4946 2 2 10 4 811 2433 1044
4947 2 2 10 4 1202 1317 1032
4948 2 2 10 4 2550 2692 1752
4949 2 2 10 4 1136 1431 1158
4950 2 2 10 4 54 2495 53
4951 2 2 10 4 1041 1184 1183
4952 2 2 10 4 794 2435 857
4953 2 2 10 4 949 2427 971
4954 2 2 10 4 708 2435 794
4955 2 2 10 4 294 2641 2299
4956 2 2 10 4 2422 2651 2597
4957 2 2 10 4 2492 2638 2287
4958 2 2 10 4 2586 2590 297
4959 2 2 10 4 663 2502 658
4960 2 2 10 4 1410 2503 1411
4961 2 2 10 4 2276 2621 248
4962 2 2 10 4 2613 2620 239
4963 2 2 10 4 1627 2473 1081
4964 2 2 10 4 1360 2540 1359
4965 2 2 10 4 2520 2564 1324
4966 2 2 10 4 553 2514 1502
4967 2 2 10 4 2499 2583 1597
4968 2 2 10 4 1741 2515 767
4969 2 2 10 4 1517 2705 1519
4970 2 2 10 4 1143 2454 1073
4971 2 2 10 4 2301 2590 2582
4972 2 2 10 4 2532 2562 1853
4973 2 2 10 4 242 2643 2417
4974 2 2 10 4 2453 2596 1772
4975 2 2 10 4 1497 2572 1491
4976 2 2 10 4 1532 2640 1505
4977 2 2 10 4 842 2446 843
4978 2 2 10 4 1512 2571 2466
4979 2 2 10 4 1060 2496 810
4980 2 2 10 4 887 2423 1090
4981 2 2 10 4 1853 2559 2527
4982 2 2 10 4 2298 2631 294
4983 2 2 10 4 2281 2542 2389
4984 2 2 10 4 2374 2577 1556
4985 2 2 10 4 1595 2480 2364
4986 2 2 10 4 1407 2482 1066
4987 2 2 10 4 295 2499 20
4988 2 2 10 4 1467 2674 1471
4989 2 2 10 4 1443 2675 1438
4990 2 2 10 4 819 2548 2334
4991 2 2 10 4 1464 2676 1461
4992 2 2 10 4 1596 2605 1449
4993 2 2 10 4 705 2456 834
4994 2 2 10 4 1056 2441 1001
4995 2 2 10 4 2418 2450 1468
4996 2 2 10 4 116 2510 115
4997 2 2 10 4 1001 2441 1729
4998 2 2 10 4 2362 2642 1569
4999 2 2 10 4 915 2601 1173
5000 2 2 10 4 2430 2573 1509
5001 2 2 10 4 1625 2696 2601
5002 2 2 10 4 1326 2693 2385
5003 2 2 10 4 1893 2516 1956
5004 2 2 10 4 1320 2511 1566
5005 2 2 10 4 962 2442 890
5006 2 2 10 4 1470 2489 2344
5007 2 2 10 4 1314 2706 1717
5008 2 2 10 4 231 2582 2574
5009 2 2 10 4 2346 2592 1484
5010 2 2 10 4 66 2513 65
5011 2 2 10 4 1051 2650 948
5012 2 2 10 4 2449 2561 1514
5013 2 2 10 4 890 2442 1155
5014 2 2 10 4 2377 2493 1422
5015 2 2 10 4 1368 2630 2518
5016 2 2 10 4 854 2446 842
5017 2 2 10 4 1455 2500 1693
5018 2 2 10 4 2462 2529 2267
5019 2 2 10 4 704 2565 2509
5020 2 2 10 4 2492 2587 1832
5021 2 2 10 4 239 2620 2298
5022 2 2 10 4 1435 2697 2481
5023 2 2 10 4 1534 2652 2607
5024 2 2 10 4 1496 2537 1497
5025 2 2 10 4 2493 2584 1422
5026 2 2 10 4 1567 2536 2451
5027 2 2 10 4 1164 2576 2367
5028 2 2 10 4 1673 2460 580
5029 2 2 10 4 2297 2574 2567
5030 2 2 10 4 2352 2658 1635
5031 2 2 10 4 271 2612 2510
5032 2 2 10 4 2485 2486 1037
5033 2 2 10 4 1468 2450 1466
5034 2 2 10 4 1405 2504 2461
5035 2 2 10 4 2578 2583 295
5036 2 2 10 4 297 2590 2301
5037 2 2 10 4 800 2456 705
5038 2 2 10 4 1741 2580 2515
5039 2 2 10 4 1491 2547 1456
5040 2 2 10 4 1687 2500 1455
5041 2 2 10 4 1736 2525 909
5042 2 2 10 4 1434 2593 1432
5043 2 2 10 4 1073 2454 1136
5044 2 2 10 4 721 2556 2470
5045 2 2 10 4 2569 2578 2300
5046 2 2 10 4 293 2567 2562
5047 2 2 10 4 2479 2595 79
5048 2 2 10 4 2272 2524 1640
5049 2 2 10 4 971 2427 1030
5050 2 2 10 4 1744 2535 1542
5051 2 2 10 4 966 2468 964
5052 2 2 10 4 1410 2621 2503
5053 2 2 10 4 561 2469 559
5054 2 2 10 4 1032 2485 1033
5055 2 2 10 4 1035 2474 1038
5056 2 2 10 4 2559 2569 233
5057 2 2 10 4 50 2530 49
5058 2 2 10 4 120 2528 119
5059 2 2 10 4 2301 2582 231
5060 2 2 10 4 2486 2644 1523
5061 2 2 10 4 1072 2642 2362
5062 2 2 10 4 1033 2485 1037
5063 2 2 10 4 1453 2541 1451
5064 2 2 10 4 2572 2585 1207
5065 2 2 10 4 1594 2543 1524
5066 2 2 10 4 2424 2550 1543
5067 2 2 10 4 97 2649 2491
5068 2 2 10 4 1158 2441 1059
5069 2 2 10 4 1543 2550 1420
5070 2 2 10 4 503 2655 1503
5071 2 2 10 4 2278 2587 283
5072 2 2 10 4 2441 2659 1729
5073 2 2 10 4 788 2471 786
5074 2 2 10 4 656 2701 2405
5075 2 2 10 4 23 2527 233
5076 2 2 10 4 2423 2651 1565
5077 2 2 10 4 1671 2508 1672
5078 2 2 10 4 231 2574 2297
5079 2 2 10 4 1497 2537 2533
5080 2 2 10 4 1693 2672 2541
5081 2 2 10 4 1706 2647 1419
5082 2 2 10 4 1680 2508 1671
5083 2 2 10 4 293 2532 25
5084 2 2 10 4 1069 2570 2089
5085 2 2 10 4 1556 2577 1006
5086 2 2 10 4 1471 2694 2489
5087 2 2 10 4 1059 2441 1056
5088 2 2 10 4 84 2478 2444
5089 2 2 10 4 2338 2457 1045
5090 2 2 10 4 1463 2457 2338
5091 2 2 10 4 1030 2427 1202
5092 2 2 10 4 1018 2555 1010
5093 2 2 10 4 1024 2442 962
5094 2 2 10 4 1477 2610 2324
5095 2 2 10 4 1581 2551 2540
5096 2 2 10 4 2354 2549 954
5097 2 2 10 4 1511 2557 1510
5098 2 2 10 4 2062 2552 1920
5099 2 2 10 4 247 2584 2285
5100 2 2 10 4 1938 2559 1417
5101 2 2 10 4 2122 2566 1695
5102 2 2 10 4 1852 2562 1854
5103 2 2 10 4 813 2672 2327
5104 2 2 10 4 1324 2564 1352
5105 2 2 10 4 2300 2578 295
5106 2 2 10 4 2344 2489 1079
5107 2 2 10 4 2297 2567 293
5108 2 2 10 4 1145 2446 854
5109 2 2 10 4 527 2592 1506
5110 2 2 10 4 423 2593 1667
5111 2 2 10 4 287 2542 2281
5112 2 2 10 4 1938 2569 2559
5113 2 2 10 4 2562 2567 1854
5114 2 2 10 4 2547 2572 1406
5115 2 2 10 4 964 2468 1024
5116 2 2 10 4 1501 2683 2421
5117 2 2 10 4 1576 2646 2531
5118 2 2 10 4 1854 2567 1427
5119 2 2 10 4 646 2639 2558
5120 2 2 10 4 393 2568 444
5121 2 2 10 4 1429 2569 1938
5122 2 2 10 4 1311 2487 1083
5123 2 2 10 4 2394 2494 1495
5124 2 2 10 4 2370 2501 1021
5125 2 2 10 4 920 2690 1049
5126 2 2 10 4 2567 2574 1427
5127 2 2 10 4 1580 2594 2467
5128 2 2 10 4 1429 2578 2569
5129 2 2 10 4 582 2661 1963
5130 2 2 10 4 233 2569 2300
5131 2 2 10 4 1427 2574 1535
5132 2 2 10 4 559 2469 809
5133 2 2 10 4 2495 2566 270
5134 2 2 10 4 941 2642 1072
5135 2 2 10 4 2574 2582 1535
5136 2 2 10 4 289 2608 2271
5137 2 2 10 4 1549 2578 1429
5138 2 2 10 4 1415 2580 1741
5139 2 2 10 4 1549 2583 2578
5140 2 2 10 4 1535 2582 2070
5141 2 2 10 4 1464 2563 2386
5142 2 2 10 4 1551 2583 1549
5143 2 2 10 4 1016 2512 1054
5144 2 2 10 4 2280 2700 264
5145 2 2 10 4 1724 2656 1726
5146 2 2 10 4 1152 2553 2445
5147 2 2 10 4 2440 2611 1358
5148 2 2 10 4 1422 2584 1618
5149 2 2 10 4 940 2456 800
5150 2 2 10 4 2582 2590 2070
5151 2 2 10 4 1560 2586 1347
5152 2 2 10 4 2509 2565 1516
5153 2 2 10 4 1832 2587 1499
5154 2 2 10 4 1667 2610 1477
5155 2 2 10 4 1963 2657 451
5156 2 2 10 4 1012 2555 2376
5157 2 2 10 4 810 2496 792
5158 2 2 10 4 1560 2590 2586
5159 2 2 10 4 1725 2588 1722
5160 2 2 10 4 2070 2590 1560
5161 2 2 10 4 1494 2679 2447
5162 2 2 10 4 2447 2679 1473
5163 2 2 10 4 1496 2681 2448
5164 2 2 10 4 2448 2681 1487
5165 2 2 10 4 2288 2596 250
5166 2 2 10 4 1037 2474 1035
5167 2 2 10 4 1772 2596 1508
5168 2 2 10 4 2399 2457 1463
5169 2 2 10 4 2475 2558 1735
5170 2 2 10 4 2251 2630 1576
5171 2 2 10 4 1158 2659 2441
5172 2 2 10 4 1582 2600 1489
5173 2 2 10 4 1637 2507 2352
5174 2 2 10 4 401 2602 389
5175 2 2 10 4 220 2556 721
5176 2 2 10 4 1085 2468 966
5177 2 2 10 4 1717 2545 940
5178 2 2 10 4 1405 2623 1071
5179 2 2 10 4 1038 2474 1041
5180 2 2 10 4 933 2469 561
5181 2 2 10 4 2530 2686 49
5182 2 2 10 4 120 2685 2528
5183 2 2 10 4 2375 2546 1474
5184 2 2 10 4 786 2471 1309
5185 2 2 10 4 1622 2612 2174
5186 2 2 10 4 1751 2670 1548
5187 2 2 10 4 1341 2546 2375
5188 2 2 10 4 2106 2613 1553
5189 2 2 10 4 2347 2669 290
5190 2 2 10 4 79 2595 78
5191 2 2 10 4 1504 2614 2178
5192 2 2 10 4 918 2471 788
5193 2 2 10 4 1317 2485 1032
5194 2 2 10 4 2614 2616 2178
5195 2 2 10 4 2106 2620 2613
5196 2 2 10 4 1415 2677 2580
5197 2 2 10 4 2178 2616 1882
5198 2 2 10 4 2332 2552 2062
5199 2 2 10 4 2616 2619 1882
5200 2 2 10 4 2341 2487 1311
5201 2 2 10 4 2464 2586 297
5202 2 2 10 4 792 2496 2246
5203 2 2 10 4 1882 2619 1873
5204 2 2 10 4 1493 2620 2106
5205 2 2 10 4 1524 2543 2516
5206 2 2 10 4 1617 2621 1410
5207 2 2 10 4 2619 2622 1873
5208 2 2 10 4 1873 2622 1874
5209 2 2 10 4 1449 2605 2367
5210 2 2 10 4 2622 2626 1874
5211 2 2 10 4 1634 2658 2487
5212 2 2 10 4 1493 2631 2620
5213 2 2 10 4 1144 2615 1143
5214 2 2 10 4 1874 2626 1876
5215 2 2 10 4 2626 2627 1876
5216 2 2 10 4 18 2579 239
5217 2 2 10 4 1876 2627 1878
5218 2 2 10 4 1537 2629 1538
5219 2 2 10 4 2627 2632 1878
5220 2 2 10 4 1894 2631 1493
5221 2 2 10 4 1878 2632 1881
5222 2 2 10 4 2632 2633 1881
5223 2 2 10 4 1881 2633 1884
5224 2 2 10 4 1529 2634 1953
5225 2 2 10 4 32 2604 31
5226 2 2 10 4 440 2598 2363
5227 2 2 10 4 1894 2641 2631
5228 2 2 10 4 1513 2519 2472
5229 2 2 10 4 2615 2684 1641
5230 2 2 10 4 645 2639 646
5231 2 2 10 4 2225 2641 1894
5232 2 2 10 4 1083 2487 1085
5233 2 2 10 4 1340 2643 1571
5234 2 2 10 4 2225 2648 2641
5235 2 2 10 4 2445 2553 1374
5236 2 2 10 4 2643 2648 1571
5237 2 2 10 4 1025 2512 1016
5238 2 2 10 4 1141 2521 1205
5239 2 2 10 4 1571 2648 2225
5240 2 2 10 4 1531 2653 1643
5241 2 2 10 4 1666 2554 1430
5242 2 2 10 4 95 2624 94
5243 2 2 10 4 1559 2577 2374
5244 2 2 10 4 2505 2698 1435
5245 2 2 10 4 919 2575 1145
5246 2 2 10 4 1735 2558 1663
5247 2 2 10 4 1862 2663 2050
5248 2 2 10 4 1581 2540 2408
5249 2 2 10 4 1007 2549 2443
5250 2 2 10 4 1205 2521 1532
5251 2 2 10 4 2344 2534 1472
5252 2 2 10 4 1862 2666 2663
5253 2 2 10 4 1441 2699 2370
5254 2 2 10 4 1507 2591 2506
5255 2 2 10 4 1539 2666 1862
5256 2 2 10 4 2544 2603 1528
5257 2 2 10 4 1539 2671 2666
5258 2 2 10 4 1495 2494 2429
5259 2 2 10 4 2152 2671 1539
5260 2 2 10 4 2152 2678 2671
5261 2 2 10 4 45 2635 44
5262 2 2 10 4 1823 2677 1415
5263 2 2 10 4 42 2636 41
5264 2 2 10 4 2153 2678 2152
5265 2 2 10 4 43 2637 42
5266 2 2 10 4 491 2687 489
5267 2 2 10 4 1444 2498 1586
5268 2 2 10 4 98 2649 97
5269 2 2 10 4 1664 2701 1690
5270 2 2 10 4 290 2669 2256
5271 2 2 10 4 1502 2683 1501
5272 2 2 10 4 1312 2706 1314
5273 2 2 10 4 512 2679 1494
5274 2 2 10 4 720 2680 1450
5275 2 2 10 4 460 2681 1496
5276 2 2 10 4 823 2682 1581
5277 2 2 10 4 1505 2640 1642
5278 2 2 10 4 1727 2669 2347
5279 2 2 10 4 1435 2698 2483
5280 2 2 10 4 827 2548 821
5281 2 2 10 4 1328 2606 1666
5282 2 2 10 4 2629 2638 1538
5283 2 2 10 4 1734 2646 1527
5284 2 2 10 4 2372 2570 1069
5285 2 2 10 4 12 2662 11
5286 2 2 10 4 2540 2551 1359
5287 2 2 10 4 2448 2537 1496
5288 2 2 10 4 1503 2655 2451
5289 2 2 10 4 49 2686 48
5290 2 2 10 4 121 2685 120
5291 2 2 10 4 1423 2608 2431
5292 2 2 10 4 2370 2498 1444
5293 2 2 10 4 1587 2628 1588
5294 2 2 10 4 1638 2630 2251
5295 2 2 10 4 113 2691 112
5296 2 2 10 4 1509 2573 2346
5297 2 2 10 4 264 2700 2402
5298 2 2 10 4 42 2637 2636
5299 2 2 10 4 2487 2658 1085
5300 2 2 10 4 1561 2690 2440
5301 2 2 10 4 821 2548 819
5302 2 2 10 4 1010 2555 1012
5303 2 2 10 4 909 2525 2410
5304 2 2 10 4 826 2668 824
5305 2 2 10 4 2265 2526 2458
5306 2 2 10 4 1374 2609 1717
5307 2 2 10 4 940 2545 2456
5308 2 2 10 4 2324 2707 1063
5309 2 2 10 4 1598 2552 2332
5310 2 2 10 4 1505 2703 1206
5311 2 2 10 4 1977 2702 1978
5312 2 2 10 4 2279 2692 251
5313 2 2 10 4 1419 2647 2425
5314 2 2 10 4 2452 2538 1544
5315 2 2 10 4 1545 2538 2452
5316 2 2 10 4 2553 2609 1374
5317 2 2 10 4 1492 2561 2449
5318 2 2 10 4 1533 2689 2605
5319 2 2 10 4 2504 2565 1478
5320 2 2 10 4 2556 2673 2470
5321 2 2 10 4 2391 2646 1576
5322 2 2 10 4 1018 2617 2517
5323 2 2 10 4 2522 2693 1326
5324 2 2 10 4 1442 2699 1439
5325 2 2 10 4 2403 2628 1587
5326 2 2 10 4 1049 2575 919
5327 2 2 10 4 954 2549 1007
5328 2 2 10 4 2474 2705 1517
5329 2 2 10 4 2385 2693 1170
5330 2 2 10 4 2483 2697 1435
5331 2 2 10 4 2510 2612 1622
5332 2 2 10 4 1598 2659 1158
5333 2 2 10 4 295 2583 2499
5334 2 2 10 4 2332 2659 1598
5335 2 2 10 4 1506 2654 1507
5336 2 2 10 4 251 2692 2550
5337 2 2 10 4 1358 2611 1360
5338 2 2 10 4 2431 2608 289
5339 2 2 10 4 1582 2604 2600
5340 2 2 10 4 2533 2585 1497
5341 2 2 10 4 2429 2494 1017
5342 2 2 10 4 2470 2581 1475
5343 2 2 10 4 1037 2705 2474
5344 2 2 10 4 2355 2694 1471
5345 2 2 10 4 1516 2565 2504
5346 2 2 10 4 2533 2537 1163
5347 2 2 10 4 1507 2654 2591
5348 2 2 10 4 1523 2702 2488
5349 2 2 10 4 1729 2659 2332
5350 2 2 10 4 2451 2655 1469
5351 2 2 10 4 1570 2607 1687
5352 2 2 10 4 2472 2519 1572
5353 2 2 10 4 1565 2651 2422
5354 2 2 10 4 1170 2693 1561
5355 2 2 10 4 2440 2690 920
5356 2 2 10 4 2547 2598 1456
5357 2 2 10 4 2370 2699 2501
5358 2 2 10 4 2597 2651 1155
5359 2 2 10 4 2351 2617 1018
5360 2 2 10 4 2645 2660 1627
5361 2 2 10 4 1351 2688 2396
5362 2 2 10 4 2579 2613 239
5363 2 2 10 4 2501 2699 1442
5364 2 2 10 4 1527 2646 2391
5365 2 2 10 4 1695 2566 2495
5366 2 2 10 4 1491 2572 2547
5367 2 2 10 4 2442 2597 1155
5368 2 2 10 4 2531 2646 1734
5369 2 2 10 4 293 2562 2532
5370 2 2 10 4 1581 2682 2551
5371 2 2 10 4 2551 2682 1486
5372 2 2 10 4 1561 2693 2522
5373 2 2 10 4 1683 2677 2463
5374 2 2 10 4 1367 2696 1575
5375 2 2 10 4 2527 2559 233
5376 2 2 10 4 1155 2651 2423
5377 2 2 10 4 1545 2625 2538
5378 2 2 10 4 824 2668 827
5379 2 2 10 4 1439 2699 1441
5380 2 2 10 4 1526 2684 1354
5381 2 2 10 4 2463 2677 1823
5382 2 2 10 4 2591 2654 1319
5383 2 2 10 4 1431 2661 1598
5384 2 2 10 4 1538 2638 2492
5385 2 2 10 4 1407 2618 2482
5386 2 2 10 4 2485 2644 2486
5387 2 2 10 4 2486 2705 1037
5388 2 2 10 4 2564 2700 1352
5389 2 2 10 4 2470 2673 1425
5390 2 2 10 4 2517 2617 1865
5391 2 2 10 4 2544 2665 853
5392 2 2 10 4 1084 2704 2560
5393 2 2 10 4 1627 2660 2473
5394 2 2 10 4 2610 2707 2324
5395 2 2 10 4 2576 2673 1541
5396 2 2 10 4 2560 2704 1408
5397 2 2 10 4 2501 2599 1021
5398 2 2 10 4 701 2660 2645
5399 2 2 10 4 2541 2672 813
5400 2 2 10 4 1528 2665 2544
5401 2 2 10 4 2481 2697 1057
5402 2 2 10 4 1541 2673 2556
5403 2 2 10 4 1717 2706 2545
5404 2 2 10 4 933 2656 2469
5405 2 2 10 4 1408 2704 2519
5406 2 2 10 4 1317 2644 2485
5407 2 2 10 4 2628 2695 1588
5408 2 2 10 4 1319 2654 2573
5409 2 2 10 4 2471 2670 1309
5410 2 2 10 4 1425 2673 2576
5411 2 2 10 4 2519 2704 1572
5412 2 2 10 4 2402 2700 2564
5413 2 2 10 4 1304 2698 2505
5414 2 2 10 4 1525 2707 2610
5415 2 2 10 4 812 2695 2628
5416 2 2 10 4 1200 2494 2394
$EndElements
