$MeshFormat
2.2 0 8
$EndMeshFormat
$PhysicalNames
5
1 1 "topo"
1 2 "base"
1 3 "lados"
1 4 "furos"
2 10 "aleta"
$EndPhysicalNames
$Nodes
7656
1 -2 0 0
2 2 0 0
3 -3 3.5 0
4 3 3.5 0
5 -0.85 1.75 0
6 2.15 1.75 0
7 -1.931393762218543 0 0
8 -1.863368754510127 0 0
9 -1.795835075193099 0 0
10 -1.728707699249799 0 0
11 -1.661883588598671 0 0
12 -1.595285920440823 0 0
13 -1.528812548185456 0 0
14 -1.462378644235884 0 0
15 -1.395898020606369 0 0
16 -1.329269620715049 0 0
17 -1.262416668373077 0 0
18 -1.195235943857023 0 0
19 -1.127643516801648 0 0
20 -1.059549369815547 0 0
21 -0.9908530463189045 0 0
22 -0.921474936952605 0 0
23 -0.8513065349890268 0 0
24 -0.7802678262088298 0 0
25 -0.708251561470723 0 0
26 -0.6351697588727558 0 0
27 -0.5609203525312223 0 0
28 -0.4854051810169588 0 0
29 -0.4085258552857602 0 0
30 -0.3301765918476312 0 0
31 -0.2502577050174246 0 0
32 -0.1686604483582248 0 0
33 -0.08527778412273523 0 0
34 -3.244166556726213e-06 0 0
35 0.08527523597605491 0 0
36 0.1686565808258362 0 0
37 0.2502533500850928 0 0
38 0.3301741015300572 0 0
39 0.4085211967314564 0 0
40 0.485402626481465 0 0
41 0.5609166409154653 0 0
42 0.6351658444525436 0 0
43 0.7082498956122603 0 0
44 0.7802619555477199 0 0
45 0.8513067991895635 0 0
46 0.9214678493478869 0 0
47 0.9908537894075478 0 0
48 1.059543165818493 0 0
49 1.127641938766469 0 0
50 1.195233869092839 0 0
51 1.262410722202815 0 0
52 1.329270431730904 0 0
53 1.395891370210192 0 0
54 1.462377905064149 0 0
55 1.528809826074586 0 0
56 1.595280290727828 0 0
57 1.661884329066085 0 0
58 1.728700904378723 0 0
59 1.795834740282128 0 0
60 1.863364958578364 0 0
61 1.931389052873723 0 0
62 -2.976588553279395 3.418059936477884 0
63 -2.953921334039506 3.33872466913827 0
64 -2.931968925725802 3.261891240040307 0
65 -2.91070701105486 3.18747453869201 0
66 -2.890105342691418 3.115368699419964 0
67 -2.870134046384189 3.045469162344662 0
68 -2.850771430444645 2.977700006556256 0
69 -2.831992051715035 2.911972181002622 0
70 -2.81376715911678 2.84818505690873 0
71 -2.796076304856055 2.786267066996194 0
72 -2.778897188108657 2.7261401583803 0
73 -2.762202253738079 2.667707888083278 0
74 -2.745974718730306 2.61091151555607 0
75 -2.730191316585131 2.55566960804796 0
76 -2.714828051152188 2.501898179032659 0
77 -2.699870525193646 2.449546838177761 0
78 -2.685292209344795 2.398522732706784 0
79 -2.67107921201316 2.34877724204606 0
80 -2.657208717768705 2.300230512190466 0
81 -2.64366359638715 2.252822587355026 0
82 -2.630425804040705 2.206490314142469 0
83 -2.617475690542837 2.161164916899931 0
84 -2.604798035390476 2.116793123866666 0
85 -2.592372991154936 2.073305469042277 0
86 -2.580185473079038 2.030649155776632 0
87 -2.568217862195839 1.988762517685438 0
88 -2.556452700129925 1.947584450454737 0
89 -2.544876732165048 1.907068562577666 0
90 -2.533468725087904 1.867140537807664 0
91 -2.522219185592836 1.827767149574924 0
92 -2.511105388322219 1.788868859127764 0
93 -2.500117060491417 1.750409711719959 0
94 -2.48923649861944 1.712327745168038 0
95 -2.478446462670813 1.674562619347847 0
96 -2.467736908339207 1.637079179187225 0
97 -2.457055268619416 1.599693440167957 0
98 -2.446373628899625 1.562307701148689 0
99 -2.435691989179835 1.524921962129422 0
100 -2.425010349460044 1.487536223110154 0
101 -2.414328709740253 1.450150484090886 0
102 -2.403647070020463 1.412764745071618 0
103 -2.392965430300672 1.375379006052351 0
104 -2.382283790580881 1.337993267033083 0
105 -2.371577451513394 1.300521080296878 0
106 -2.360795672891721 1.262784855121024 0
107 -2.349925348991291 1.224738721469519 0
108 -2.338945120596564 1.186307922087974 0
109 -2.32784600019787 1.147461000692546 0
110 -2.316607049618447 1.108124673664563 0
111 -2.305214764454431 1.06825167559051 0
112 -2.293654684067442 1.027791394236047 0
113 -2.281906349985996 0.9866722249509881 0
114 -2.269959396189717 0.9448578866640105 0
115 -2.257790437128132 0.902266529948462 0
116 -2.245389792501556 0.8588642737554451 0
117 -2.232733302571691 0.8145665590009203 0
118 -2.219810732199601 0.7693375626986052 0
119 -2.206597407097718 0.7230909248420132 0
120 -2.193082458203388 0.6757886037118563 0
121 -2.179240620638164 0.6273421722335737 0
122 -2.165059852042344 0.5777094821482027 0
123 -2.150515597094638 0.5268045898312317 0
124 -2.13559188477073 0.4745715966975546 0
125 -2.120268404847332 0.4209394169656617 0
126 -2.104521292731418 0.3658245245599647 0
127 -2.088335597632377 0.3091745917133211 0
128 -2.07168436275014 0.250895269625488 0
129 -2.054548030957597 0.1909181083515894 0
130 -2.036905908517544 0.1291706798114038 0
131 -2.01872992818947 0.06555474866314404 0
132 2.018728252675042 0.06554888436264661 0
133 2.036901103783966 0.1291538632438804 0
134 2.05454597430814 0.1909109100784896 0
135 2.071680346683315 0.2508812133916019 0
136 2.088329407397562 0.3091529258914682 0
137 2.104517914063416 0.3658126992219556 0
138 2.120261292440049 0.4209145235401715 0
139 2.135586192792745 0.4745516747746066 0
140 2.150509607410195 0.5267836259356823 0
141 2.165051542117914 0.5776803974126995 0
142 2.179234817197087 0.6273218601898057 0
143 2.193072904089855 0.6757551643144942 0
144 2.206591017903351 0.723068562661728 0
145 2.219800452228652 0.7693015828002818 0
146 2.232726206462008 0.8145417226170284 0
147 2.245378838299525 0.8588259340483384 0
148 2.257782728775957 0.9022395507158489 0
149 2.269947791603449 0.9448172706120703 0
150 2.281897914825274 0.9866427018884607 0
151 2.293642824484535 1.027749885695873 0
152 2.305204897319379 1.068217140617825 0
153 2.31659605845486 1.10808620459201 0
154 2.327833553132184 1.147417435962643 0
155 2.338935182021479 1.186273137075177 0
156 2.349911459588685 1.224690108560397 0
157 2.360784700364524 1.262746451275834 0
158 2.371564740836398 1.300476592927393 0
159 2.382270287036184 1.337946004626645 0
160 2.39295149249585 1.375330223735476 0
161 2.403632697955516 1.412714442844306 0
162 2.414313903415182 1.450098661953137 0
163 2.424995108874848 1.487482881061967 0
164 2.435676314334513 1.524867100170797 0
165 2.446357519794179 1.562251319279628 0
166 2.457038725253845 1.599635538388458 0
167 2.467719930713511 1.637019757497288 0
168 2.478432759840765 1.674514659442678 0
169 2.489219093015124 1.712266825552933 0
170 2.500115874642455 1.750405561248592 0
171 2.511119980088377 1.78891993030932 0
172 2.522230437337551 1.827806530681428 0
173 2.533483313931712 1.867191598760992 0
174 2.544887649575001 1.907106773512503 0
175 2.556465946144821 1.947630811506874 0
176 2.568229286741174 1.988802503594111 0
177 2.580197040435448 2.030689641524067 0
178 2.592384784980183 2.07334674743064 0
179 2.604808461859682 2.116829616508888 0
180 2.6174871566013 2.16120504810455 0
181 2.630435688253516 2.206524908887304 0
182 2.643674116546389 2.252859407912362 0
183 2.657218678865608 2.30026537602963 0
184 2.671088054116381 2.348808189407334 0
185 2.68530258680186 2.39855905380651 0
186 2.699877636562781 2.449571727969734 0
187 2.714838282055684 2.501933987194894 0
188 2.730197917443414 2.555692711051949 0
189 2.745982696560047 2.610939437960163 0
190 2.76221055567604 2.667736944866141 0
191 2.778901997419694 2.726156990968929 0
192 2.796083894552556 2.786293630933946 0
193 2.813773215729031 2.848206255051609 0
194 2.831995212532302 2.911983243863056 0
195 2.85077730888921 2.977720581112236 0
196 2.870138737690741 3.045485581917593 0
197 2.890106343177689 3.115372201121913 0
198 2.91070965505075 3.187483792677624 0
199 2.931972455236523 3.261903593327829 0
200 2.953920893678897 3.338723127876139 0
201 2.976586278867724 3.418051976037034 0
202 2.914452668813133 3.5 0
203 2.830809132879944 3.5 0
204 2.748962022579199 3.5 0
205 2.668802838152171 3.5 0
206 2.590222465295187 3.5 0
207 2.513119402353701 3.5 0
208 2.437387958018327 3.5 0
209 2.362927504314681 3.5 0
210 2.289640456081232 3.5 0
211 2.217422311544231 3.5 0
212 2.146185500408382 3.5 0
213 2.075820890305775 3.5 0
214 2.006248033966839 3.5 0
215 1.937357808261433 3.5 0
216 1.869068479924992 3.5 0
217 1.801281128661945 3.5 0
218 1.733902144593497 3.5 0
219 1.666848807471612 3.5 0
220 1.600016048862791 3.5 0
221 1.533325529112216 3.5 0
222 1.46667784508669 3.5 0
223 1.399982666181472 3.5 0
224 1.333157071436432 3.5 0
225 1.266096487175295 3.5 0
226 1.198722617537646 3.5 0
227 1.130934276260722 3.5 0
228 1.062641540586254 3.5 0
229 0.9937577269346849 3.5 0
230 0.9241771990082377 3.5 0
231 0.8538202674085218 3.5 0
232 0.7825768612487924 3.5 0
233 0.7103637000749163 3.5 0
234 0.6370736959506718 3.5 0
235 0.5626143285524812 3.5 0
236 0.4868834501212258 3.5 0
237 0.4097789328095618 3.5 0
238 0.3312004100363497 3.5 0
239 0.2510398251286126 3.5 0
240 0.169193031435614 3.5 0
241 0.08555114941150599 3.5 0
242 -7.190224859954242e-09 3.5 0
243 -0.08554732416009259 3.5 0
244 -0.1691908602461196 3.5 0
245 -0.2510379706918973 3.5 0
246 -0.3311971552540798 3.5 0
247 -0.409777528238926 3.5 0
248 -0.4868805912971101 3.5 0
249 -0.562612035744269 3.5 0
250 -0.6370724895474265 3.5 0
251 -0.7103595378753234 3.5 0
252 -0.7825776824969344 3.5 0
253 -0.8538144937102956 3.5 0
254 -0.9241791038817451 3.5 0
255 -0.9937519602818954 3.5 0
256 -1.062642186041218 3.5 0
257 -1.130931514422145 3.5 0
258 -1.198718865724507 3.5 0
259 -1.266097849822586 3.5 0
260 -1.333151186967505 3.5 0
261 -1.39998394559168 3.5 0
262 -1.466674465348726 3.5 0
263 -1.533322149375501 3.5 0
264 -1.60001732827238 3.5 0
265 -1.666842923002697 3.5 0
266 -1.733903507241358 3.5 0
267 -1.801277376847656 3.5 0
268 -1.869065718087796 3.5 0
269 -1.937358453715539 3.5 0
270 -2.00624226731443 3.5 0
271 -2.075822795179349 3.5 0
272 -2.146179726709719 3.5 0
273 -2.217423132793158 3.5 0
274 -2.289636293880583 3.5 0
275 -2.362926297912735 3.5 0
276 -2.437385665208706 3.5 0
277 -2.513116543530929 3.5 0
278 -2.590221060723311 3.5 0
279 -2.668799583371183 3.5 0
280 -2.748960168141211 3.5 0
281 -2.830806961691154 3.5 0
282 -2.91444884356059 3.5 0
283 -0.8511634156509721 1.788872700064272 0
284 -0.8546494978778058 1.827606245951159 0
285 -0.8604457674108906 1.866061981619114 0
286 -0.8685314751096361 1.904102245515073 0
287 -0.8788776762390084 1.941590863367087 0
288 -0.8914473340841705 1.978393635652872 0
289 -0.9061954525323092 2.014378817999269 0
290 -0.9230692371470395 2.04941759279291 0
291 -0.9420082841587867 2.083384530313838 0
292 -0.9629447966946029 2.116158037741354 0
293 -0.9858038274733777 2.147620794424753 0
294 -1.010503547097652 2.177660171860813 0
295 -1.036955536981625 2.206168636874594 0
296 -1.065065105866741 2.233044136560306 0
297 -1.094731628791822 2.258190463604219 0
298 -1.125848907304311 2.28151760068188 0
299 -1.158305549623171 2.30294204269677 0
300 -1.19198536939255 2.322387095706879 0
301 -1.226767801598781 2.339783151469112 0
302 -1.262528334161842 2.355067936618732 0
303 -1.299138953656283 2.368186735591849 0
304 -1.336468603566068 2.379092586492933 0
305 -1.374383653432888 2.387746449206212 0
306 -1.412748377218522 2.394117345149157 0
307 -1.451425439168822 2.398182468167767 0
308 -1.490276385440076 2.399927266176678 0
309 -1.529162139727832 2.399345493251855 0
310 -1.567943501123972 2.396439231989378 0
311 -1.606481642419837 2.391218886050289 0
312 -1.644638607071601 2.383703142918186 0
313 -1.682277803048899 2.373918907002879 0
314 -1.719264491798836 2.361901203329588 0
315 -1.755466270575047 2.347693052158444 0
316 -1.790753546405158 2.33134531498312 0
317 -1.824999999999997 2.312916512459887 0
318 -1.858083037943864 2.292472614918849 0
319 -1.889884231547141 2.270086806207287 0
320 -1.920289740790267 2.245839221710476 0
321 -1.949190721841459 2.219816661487807 0
322 -1.976483716689384 2.192112279551101 0
323 -2.002071023495987 2.16282525039742 0
324 -2.025861046343713 2.132060413990111 0
325 -2.047768623125123 2.099927900458948 0
326 -2.067715330401132 2.066542735862843 0
327 -2.08562976413657 2.032024430426417 0
328 -2.101447795308096 1.996496550724408 0
329 -2.115112799469455 1.960086277345404 0
330 -2.126575859452303 1.922923949618344 0
331 -2.135795940476973 1.885142599031549 0
332 -2.142740037046333 1.846877473014519 0
333 -2.147383291096905 1.808265550787238 0
334 -2.149709080984277 1.769445053010115 0
335 -2.149709080984278 1.730554946989897 0
336 -2.147383291096906 1.691734449212774 0
337 -2.142740037046335 1.653122526985493 0
338 -2.135795940476975 1.614857400968463 0
339 -2.126575859452307 1.577076050381668 0
340 -2.115112799469459 1.539913722654608 0
341 -2.101447795308101 1.503503449275603 0
342 -2.085629764136576 1.467975569573594 0
343 -2.067715330401138 1.433457264137167 0
344 -2.047768623125129 1.400072099541063 0
345 -2.02586104634372 1.367939586009899 0
346 -2.002071023495994 1.33717474960259 0
347 -1.976483716689392 1.307887720448908 0
348 -1.949190721841467 1.2801833385122 0
349 -1.920289740790275 1.254160778289531 0
350 -1.88988423154715 1.22991319379272 0
351 -1.858083037943873 1.207527385081157 0
352 -1.825000000000006 1.187083487540118 0
353 -1.790753546405167 1.168654685016884 0
354 -1.755466270575056 1.15230694784156 0
355 -1.719264491798846 1.138098796670415 0
356 -1.682277803048908 1.126081092997124 0
357 -1.64463860707161 1.116296857081816 0
358 -1.606481642419846 1.108781113949712 0
359 -1.56794350112398 1.103560768010623 0
360 -1.529162139727841 1.100654506748146 0
361 -1.490276385440084 1.100072733823322 0
362 -1.451425439168829 1.101817531832233 0
363 -1.412748377218529 1.105882654850842 0
364 -1.374383653432895 1.112253550793787 0
365 -1.336468603566073 1.120907413507066 0
366 -1.299138953656288 1.131813264408149 0
367 -1.262528334161847 1.144932063381266 0
368 -1.226767801598786 1.160216848530886 0
369 -1.191985369392554 1.177612904293118 0
370 -1.158305549623175 1.197057957303228 0
371 -1.125848907304315 1.218482399318118 0
372 -1.094731628791826 1.241809536395779 0
373 -1.065065105866744 1.266955863439692 0
374 -1.036955536981628 1.293831363125403 0
375 -1.010503547097654 1.322339828139185 0
376 -0.9858038274733795 1.352379205575244 0
377 -0.9629447966946042 1.383841962258644 0
378 -0.9420082841587879 1.416615469686159 0
379 -0.9230692371470406 1.450582407207088 0
380 -0.9061954525323098 1.485621182000729 0
381 -0.8914473340841712 1.521606364347126 0
382 -0.8788776762390088 1.558409136632911 0
383 -0.8685314751096364 1.595897754484926 0
384 -0.8604457674108908 1.633938018380885 0
385 -0.8546494978778058 1.672393754048841 0
386 -0.8511634156509721 1.711127299935727 0
387 2.148836584349028 1.788872700064272 0
388 2.145350502122194 1.827606245951159 0
389 2.139554232589109 1.866061981619114 0
390 2.131468524890364 1.904102245515073 0
391 2.121122323760992 1.941590863367087 0
392 2.10855266591583 1.978393635652872 0
393 2.093804547467691 2.014378817999269 0
394 2.07693076285296 2.04941759279291 0
395 2.057991715841213 2.083384530313838 0
396 2.037055203305397 2.116158037741354 0
397 2.014196172526622 2.147620794424753 0
398 1.989496452902348 2.177660171860813 0
399 1.963044463018375 2.206168636874594 0
400 1.934934894133259 2.233044136560306 0
401 1.905268371208178 2.258190463604219 0
402 1.874151092695689 2.28151760068188 0
403 1.841694450376829 2.30294204269677 0
404 1.80801463060745 2.322387095706879 0
405 1.773232198401219 2.339783151469112 0
406 1.737471665838158 2.355067936618732 0
407 1.700861046343717 2.368186735591849 0
408 1.663531396433932 2.379092586492933 0
409 1.625616346567112 2.387746449206212 0
410 1.587251622781478 2.394117345149157 0
411 1.548574560831178 2.398182468167767 0
412 1.509723614559924 2.399927266176678 0
413 1.470837860272168 2.399345493251855 0
414 1.432056498876028 2.396439231989378 0
415 1.393518357580163 2.391218886050289 0
416 1.355361392928399 2.383703142918186 0
417 1.317722196951101 2.373918907002879 0
418 1.280735508201164 2.361901203329588 0
419 1.244533729424953 2.347693052158444 0
420 1.209246453594842 2.33134531498312 0
421 1.175000000000003 2.312916512459887 0
422 1.141916962056136 2.292472614918849 0
423 1.110115768452859 2.270086806207287 0
424 1.079710259209733 2.245839221710476 0
425 1.050809278158541 2.219816661487807 0
426 1.023516283310616 2.192112279551101 0
427 0.9979289765040131 2.16282525039742 0
428 0.9741389536562869 2.132060413990111 0
429 0.9522313768748771 2.099927900458948 0
430 0.9322846695988681 2.066542735862843 0
431 0.9143702358634298 2.032024430426417 0
432 0.8985522046919041 1.996496550724408 0
433 0.8848872005305449 1.960086277345404 0
434 0.8734241405476968 1.922923949618344 0
435 0.8642040595230275 1.885142599031549 0
436 0.8572599629536672 1.846877473014519 0
437 0.8526167089030952 1.808265550787238 0
438 0.850290919015723 1.769445053010115 0
439 0.8502909190157226 1.730554946989897 0
440 0.852616708903094 1.691734449212774 0
441 0.8572599629536655 1.653122526985493 0
442 0.864204059523025 1.614857400968463 0
443 0.8734241405476936 1.577076050381668 0
444 0.884887200530541 1.539913722654608 0
445 0.8985522046918993 1.503503449275603 0
446 0.9143702358634244 1.467975569573594 0
447 0.9322846695988621 1.433457264137167 0
448 0.9522313768748706 1.400072099541063 0
449 0.9741389536562797 1.367939586009899 0
450 0.9979289765040056 1.33717474960259 0
451 1.023516283310608 1.307887720448908 0
452 1.050809278158533 1.2801833385122 0
453 1.079710259209725 1.254160778289531 0
454 1.11011576845285 1.22991319379272 0
455 1.141916962056127 1.207527385081157 0
456 1.174999999999994 1.187083487540118 0
457 1.209246453594833 1.168654685016884 0
458 1.244533729424944 1.15230694784156 0
459 1.280735508201154 1.138098796670415 0
460 1.317722196951092 1.126081092997124 0
461 1.35536139292839 1.116296857081816 0
462 1.393518357580154 1.108781113949712 0
463 1.43205649887602 1.103560768010623 0
464 1.470837860272159 1.100654506748146 0
465 1.509723614559916 1.100072733823322 0
466 1.548574560831171 1.101817531832233 0
467 1.587251622781471 1.105882654850842 0
468 1.625616346567105 1.112253550793787 0
469 1.663531396433927 1.120907413507066 0
470 1.700861046343712 1.131813264408149 0
471 1.737471665838153 1.144932063381266 0
472 1.773232198401214 1.160216848530886 0
473 1.808014630607446 1.177612904293118 0
474 1.841694450376825 1.197057957303228 0
475 1.874151092695685 1.218482399318118 0
476 1.905268371208174 1.241809536395779 0
477 1.934934894133256 1.266955863439692 0
478 1.963044463018372 1.293831363125403 0
479 1.989496452902346 1.322339828139185 0
480 2.014196172526621 1.352379205575244 0
481 2.037055203305396 1.383841962258644 0
482 2.057991715841212 1.416615469686159 0
483 2.076930762852959 1.450582407207088 0
484 2.09380454746769 1.485621182000729 0
485 2.108552665915829 1.521606364347126 0
486 2.121122323760991 1.558409136632911 0
487 2.131468524890364 1.595897754484926 0
488 2.139554232589109 1.633938018380885 0
489 2.145350502122194 1.672393754048841 0
490 2.148836584349028 1.711127299935727 0
491 -0.8870749721384348 1.454499335043954 0
492 -0.8854765621522634 2.045705893058528 0
493 0.8756931739131296 2.027959307407808 0
494 0.8749622913717183 1.473186233706959 0
495 -0.831068046745474 1.89081207452387 0
496 -0.8324671575354918 1.608991371342806 0
497 0.8275934400285867 1.872023800058432 0
498 0.8275934400285845 1.62797619994158 0
499 0.9582629528110438 1.334572346840594 0
500 0.9615121891928347 2.168721772822191 0
501 -0.9721388233120208 1.31596893219624 0
502 -0.9711692853845821 2.184134761706531 0
503 0.04332058088613954 0.07275809670156752 0
504 0.05003777674639294 3.421371825480782 0
505 1.074260205090384 1.216740287162831 0
506 1.073651138930227 2.282684581966905 0
507 -1.093752038351969 1.207330043851534 0
508 -1.090770130128066 2.296951542391437 0
509 -1.85886181818364 2.33071410225606 0
510 1.874851321554058 2.326235473431487 0
511 1.212732535821666 1.129921139129997 0
512 1.213928576394233 2.370012613583494 0
513 -1.549850454551828 1.072017889971942 0
514 -1.225731572810787 1.119547579589317 0
515 -0.3801052470282517 0.07431950001840937 0
516 -1.232216131379096 2.376479001091922 0
517 -0.3723863033897356 3.431652121982575 0
518 1.729167640328799 2.389197756881077 0
519 0.4485822062731693 0.06252191197196 0
520 -1.711298476127731 2.406065578573729 0
521 0.4485781643717908 3.434339559665617 0
522 1.571433591609946 1.070354775148833 0
523 2.720980659574904 2.710544076775951 0
524 -2.718225029259377 2.717964737678596 0
525 1.367931050773552 1.079494084796031 0
526 1.367931050773561 2.420505915203971 0
527 -1.388343418538769 1.076712613422904 0
528 -1.385649562442733 2.429537387179041 0
529 1.571754395125086 2.429438658029083 0
530 -1.550773312946611 2.428152065486269 0
531 -0.6733450393939631 0.05684028331245505 0
532 -0.6742767508917599 3.437364289633758 0
533 0.7442559255799901 0.06194545634234272 0
534 0.7468282451056585 3.438365246896594 0
535 2.06498961209159 0.4065052458188556 0
536 -2.071609002871916 0.4102795321528927 0
537 2.114219865028729 3.437218107280315 0
538 -2.106008600731967 3.440290052694345 0
539 -0.9502464854201562 0.06118279191045062 0
540 -0.95778558051687 3.444282452720268 0
541 -1.985978629521916 2.229683412614357 0
542 1.024989250298619 0.05693019049660952 0
543 1.028199633760469 3.440600811740081 0
544 2.663396014459858 2.48990226779531 0
545 1.828072625866041 3.442831044978794 0
546 -1.840593998073934 3.443324881907618 0
547 -1.226040202558279 0.06551016758097217 0
548 -1.236657492051539 3.443992336383581 0
549 -2.653762409109007 2.492845095910754 0
550 1.421840254416154 0.06588569123890542 0
551 1.426110763368756 3.446773395646282 0
552 -1.50616872381588 0.0615930458483569 0
553 -1.50447709237126 3.449748006543162 0
554 -1.712518390264477 1.101963820503097 0
555 1.999557231815795 2.215682215471228 0
556 2.12992018707025 0.6143859364641395 0
557 -2.066024020946343 2.130985244039432 0
558 -0.8179504738581631 1.729573600132722 0
559 1.694234789613526 1.097127933333465 0
560 0.8150412167212002 1.747896015864185 0
561 -2.129693276235523 0.6165280633142149 0
562 2.61148115260548 2.287548830604222 0
563 -2.6100767720229 2.287669495549748 0
564 1.808923352231177 1.138929089771338 0
565 2.075894091286676 2.116192934654812 0
566 -1.820622412964551 1.147663350606297 0
567 -2.188561925738916 0.8013128049515128 0
568 2.18803823392688 0.8082227212322404 0
569 -2.123163309512989 2.028168221848554 0
570 2.397995676847146 3.438339539005765 0
571 -2.398178969163304 3.441987901755293 0
572 2.565989189878643 2.104187196797206 0
573 1.907953390546891 1.205069742312032 0
574 -2.561284080898323 2.105706848561439 0
575 -1.926086010323361 1.215705042621577 0
576 2.131578328782064 2.006998899669845 0
577 1.696386876035211 0.05274186803964209 0
578 -2.227718890555731 0.9339010185961525 0
579 2.222893618908928 0.9289188103344945 0
580 -2.771761923324547 2.896965889822265 0
581 2.760207836089498 2.891110621409826 0
582 1.231936588288977 3.439172652840249 0
583 1.224955495639631 0.05369455956555491 0
584 1.633306032646497 3.447094220074599 0
585 -1.702835745285313 0.0529954198370286 0
586 -2.526960760933405 1.978280489849938 0
587 2.526972327627303 1.978323882926404 0
588 2.266241050905884 1.057725653929415 0
589 -2.172279977506832 1.872698206756498 0
590 -2.269512473756035 1.057245094359129 0
591 2.174917929545566 1.889690125914098 0
592 2.027512051855036 1.315814995201564 0
593 -2.014840368472957 1.301040679893602 0
594 2.492000495281384 1.855199915283078 0
595 -2.49230134601112 1.862012875861444 0
596 2.183083037943866 1.770443897541039 0
597 -2.46251921455973 1.741747955435463 0
598 2.820517640533984 3.09745886291982 0
599 -2.811096391429839 3.104334439067601 0
600 -2.322450054870851 1.25298439963632 0
601 2.333773096758559 1.290261622485973 0
602 2.302942523966684 1.176083597547364 0
603 2.013186424297809 0.2365939504123693 0
604 -2.013009849689607 0.2316895936349963 0
605 -2.430787419056401 1.624100369075654 0
606 2.4351210198897 1.626693732290682 0
607 -2.355200456677148 1.365978815698816 0
608 2.366229202340633 1.402352464077714 0
609 2.464744284573416 1.739630318113219 0
610 -2.386319757112273 1.477760707477908 0
611 2.401688785331979 1.520184934632736 0
612 -2.183536873008154 1.748652907254485 0
613 -2.087317307854738 1.400215395447806 0
614 2.099584090800501 1.416142009054358 0
615 -2.178767211784982 1.626068917559925 0
616 2.146709630567593 1.529122107479229 0
617 2.17575601136532 1.648146169552029 0
618 -2.139417326821337 1.510723492809511 0
619 -2.631770963237033 3.433786607595871 0
620 2.62951265172368 3.432587094825041 0
621 -1.158076108587665 2.341161450404697 0
622 -1.027366645725631 1.255299919074898 0
623 1.482664328989404 1.063706826678862 0
624 1.140684839301741 1.170105229728929 0
625 1.810145851150526 2.363945065296074 0
626 1.012506747821773 2.236775753946805 0
627 -1.627793107608122 1.077574796622542 0
628 1.972264544043041 1.256050012538608 0
629 1.648386558028535 2.416567383492191 0
630 1.492934395840179 2.435873588571918 0
631 1.941207375751348 2.271498923970491 0
632 -1.92540902215626 2.284464442210915 0
633 1.2888212158999 1.100058532774455 0
634 -1.308868600873138 1.097602379919699 0
635 0.9132668853497555 1.400648196784769 0
636 -0.8544485943835907 1.527634145879227 0
637 1.015141566446704 1.273776351272633 0
638 -1.787721873291834 2.369549190742114 0
639 0.9117181123970363 2.096317701121111 0
640 -0.928715764808572 1.383839187044238 0
641 0.8471754397383446 1.952775964886886 0
642 0.8463832671720435 1.549792195496931 0
643 -1.029659304941463 2.243713813705684 0
644 -0.8216548057445513 1.810455779296308 0
645 -1.46998718852145 2.432439966053369 0
646 -1.46872612896247 1.067438514844056 0
647 1.142861113974493 2.337042891576862 0
648 -0.9240553331479999 2.117523229155474 0
649 1.288306817654076 2.399469839690825 0
650 -1.158587995426701 1.153576650381565 0
651 -0.8537831388929513 1.969930340082572 0
652 -1.30686572831696 2.40494343095195 0
653 -1.629994735926319 2.420550663973333 0
654 -2.152824560261654 1.952775964886883 0
655 2.692909150516095 2.596740253197261 0
656 -2.693557689731746 2.596439133714825 0
657 2.102082269871673 0.5160965727379934 0
658 -2.099690495390954 0.5131087863692163 0
659 -0.130250985040295 3.428386454564766 0
660 2.634291207830969 2.380857230602603 0
661 -2.635623930698221 2.385810495942353 0
662 -0.1265648488730793 0.06840122891448175 0
663 2.159969313791799 0.7104993754687707 0
664 -2.160536495206046 0.7118694145743478 0
665 2.586486432635265 2.196839716407993 0
666 -2.577590153048139 2.193969820962539 0
667 0.2861148827589194 3.43054412974607 0
668 0.2953196805155762 0.06549125531757483 0
669 -0.5247463135206896 3.434965000336309 0
670 0.5998440122515765 3.436022645434193 0
671 -0.5166394815104655 0.0644024028812562 0
672 0.5962424908730127 0.06060911017329085 0
673 -2.253808971345337 3.439547850464606 0
674 2.255311583030513 3.436307291889574 0
675 -0.8181960881036149 3.438684785934385 0
676 0.8860579071673521 3.440851090649577 0
677 -0.8157871805989283 0.0611444725495558 0
678 0.8855343087567714 0.06764146607044808 0
679 -1.97209820493111 3.443506215821894 0
680 1.971802921114136 3.44059951065997 0
681 -1.096786850231681 3.441077069265817 0
682 -2.285568037593547 1.138673245241842 0
683 -1.093596443308598 0.05875401003619785 0
684 1.827517197117775 0.05291976487318317 0
685 -1.833160775654775 0.05594611151462558 0
686 -1.697072658735145 3.44977519725341 0
687 -1.363875685217872 3.442858115526306 0
688 -1.365374210968034 0.05901994922524434 0
689 1.55885454629204 0.05880374923921416 0
690 -2.408194254245928 1.552038285832387 0
691 -2.85899076408375 3.245755088280371 0
692 2.858630693806886 3.240432301308002 0
693 -2.786860968111117 3.434683607453975 0
694 2.789885577729572 3.42984921659638 0
695 -1.983208275085022 0.122050207850712 0
696 1.975852955990204 0.1136830136269666 0
697 2.902598083253667 3.397754522748909 0
698 -2.900324982194796 3.397028888677 0
699 1.528703511277378 1.066081389739413 0
700 1.553429582501668 1.034610739939439 0
701 1.592596170391965 1.037289077537106 0
702 1.575309404115641 1.002219337784901 0
703 1.615107079340105 1.005472009754253 0
704 1.597167141115645 0.9699365801909904 0
705 1.636951357843322 0.9731804442693929 0
706 1.618895763093853 0.9375697716531706 0
707 1.579854844319 0.9348877792118753 0
708 1.601514612445086 0.9024681920379864 0
709 1.562767655199574 0.8997815676407295 0
710 1.584283464448297 0.8674417967083667 0
711 1.545561457868358 0.8647676882065185 0
712 1.567057430683348 0.832443305657466 0
713 1.527710702464589 0.8301680871174846 0
714 1.549724823210723 0.7975185113895022 0
715 1.510038993933022 0.7955309133976858 0
716 1.53254510969904 0.7624181646907533 0
717 1.492833574196609 0.7601254602614775 0
718 1.515355385552522 0.7270047882899273 0
719 1.475389200259089 0.72427400402522 0
720 1.623169923716731 0.8700268550091574 0
721 1.55539453865654 0.729450543294063 0
722 1.536672278509039 0.692886510234199 0
723 1.578789915470804 0.6957068264264683 0
724 1.559165696346328 0.6576818469418333 0
725 1.453026101028644 0.7577172594002797 0
726 1.43516804694941 0.7225607223695356 0
727 1.412878121029217 0.7553503847119281 0
728 1.394832639989937 0.7202864576606234 0
729 1.372445966343113 0.7530840521900797 0
730 1.354455717146025 0.7167225706967402 0
731 1.331974684506564 0.7492036042855061 0
732 1.31359128651009 0.7138309578933466 0
733 1.289912940863378 0.7459885967594437 0
734 1.272260478051875 0.7110320837568906 0
735 1.248304509284285 0.744962017866956 0
736 1.230653956175329 0.7085920184439753 0
737 1.207698641562442 0.7413687960796425 0
738 1.188858100278195 0.7057914373406895 0
739 1.165868060392375 0.7405477983625337 0
740 1.146494877556413 0.7031142093025622 0
741 1.123062093161494 0.7407230893609209 0
742 1.103464246542348 0.7008613030405251 0
743 1.07935147250937 0.7384161751745848 0
744 1.059754621307225 0.6980898278080385 0
745 1.035576699718241 0.7370366680873306 0
746 1.015446829688958 0.6953545915510637 0
747 0.9908760616719398 0.7324542437321646 0
748 0.9703823392222614 0.6920148133688013 0
749 0.9451389784566768 0.7301758896264228 0
750 0.9246723516990544 0.6890822943358632 0
751 0.8989837268200843 0.7277883715713258 0
752 0.8787273646390157 0.6854786542990057 0
753 0.8516941719660907 0.7254086841495597 0
754 0.8309733180109218 0.681802784375479 0
755 0.8035751430787316 0.7229592992625276 0
756 0.7814018749313449 0.6790647334461437 0
757 0.7545315720194887 0.7204113400770287 0
758 0.7744999250806004 0.7624454046561324 0
759 0.7274557677177961 0.7615743694312942 0
760 0.7055358602172203 0.7183026629308098 0
761 0.6791557160945644 0.7603376869007135 0
762 0.7020206117405501 0.8054229403639859 0
763 0.6503624295589296 0.8014196618599987 0
764 0.6305734676357815 0.7571895249638887 0
765 0.6020729023352325 0.8005939024136857 0
766 0.6229931987236258 0.844174230217559 0
767 0.5752465721010374 0.8442721339429724 0
768 0.5512269411643103 0.7996024968458593 0
769 0.5249661873630566 0.8435982116979515 0
770 0.549716845454016 0.8881168767134811 0
771 0.4992013698612044 0.887626877476245 0
772 0.5245341143829098 0.9313536515784986 0
773 0.4737949835113068 0.9314718350221833 0
774 0.4478781944860706 0.8874481486324459 0
775 0.4219924432084977 0.9319361739954135 0
776 0.4485659287947905 0.9758449651324178 0
777 0.3962351699562612 0.9775324368329924 0
778 0.3693400083207972 0.9318013651859156 0
779 0.3434663918466655 0.9782098290237995 0
780 0.37060228670237 1.023802055480333 0
781 0.3177865127612329 1.024748530920176 0
782 0.3452729345237258 1.070163656082209 0
783 0.2921051630496151 1.071995338634217 0
784 0.2639516481038102 1.025493806567463 0
785 0.2380693980382343 1.073321582095288 0
786 0.2665946179162422 1.119779446184807 0
787 0.2122778934817871 1.121468911832386 0
788 0.2410321844824621 1.167924491346183 0
789 0.1881899021377434 1.168701145085333 0
790 0.1634604206554706 1.121993103595359 0
791 0.2156902406331496 1.216080789653293 0
792 0.1543515593235099 1.214855855330727 0
793 0.188753257407021 1.264168753216931 0
794 0.1352452881750841 1.266558280691579 0
795 0.1642407431216859 1.313294955279963 0
796 0.1090521129988573 1.315254357026085 0
797 0.1384291875068799 1.362811322783615 0
798 0.08281330516845152 1.364339671287616 0
799 0.1124348697624706 1.41225750556637 0
800 0.05639374185049068 1.413701336306195 0
801 0.086140900514571 1.461621889340041 0
802 0.02613396534930837 1.372325760166442 0
803 0.02994867127559453 1.463371895817302 0
804 0.05982367093803696 1.511714664348812 0
805 0.002639850171969384 1.513900720416862 0
806 0.03330605614436741 1.562302953988768 0
807 -0.0242136178849634 1.564730818585237 0
808 0.006753005180056749 1.612680634718433 0
809 -0.05098633235956536 1.615089833755207 0
810 -0.02049566671405654 1.663432182390876 0
811 -0.08111795589355386 1.567018959198369 0
812 0.0370923702646979 1.661526838403226 0
813 0.01028785430548608 1.712236943184836 0
814 -0.0473479818853379 1.713827540302034 0
815 -0.01656985880033806 1.762717559182521 0
816 0.04057632574704205 1.76079215272719 0
817 0.01444524341100225 1.810727682856439 0
818 -0.04294293786271656 1.813390432380753 0
819 -0.01261250973666543 1.860984886634971 0
820 -0.06911146815112175 1.862999004441773 0
821 -0.03899048367157051 1.911011375904014 0
822 0.01640572722269504 1.909533371894113 0
823 -0.009824956430026503 1.959707471952627 0
824 -0.06597783668220782 1.960465973641275 0
825 -0.03564216281837244 2.009957058005871 0
826 0.01856006994284613 2.007690303228569 0
827 -0.006428515870338619 2.059758487497529 0
828 -0.06302965046792341 2.060964921002217 0
829 -0.03212455199321309 2.110274901669162 0
830 0.02515059967144997 2.109078077036624 0
831 -0.08934896533939567 2.112053000705167 0
832 -0.05901424948253482 2.160778962454143 0
833 -0.1158652931890301 2.162643307061123 0
834 -0.08592094642539885 2.210991192870756 0
835 -0.1430695217430587 2.212072600332079 0
836 -0.1127017012164838 2.260759126615797 0
837 -0.1695436143750134 2.261804515241844 0
838 -0.1392129934484936 2.310356210987671 0
839 -0.1956080155529656 2.313076299438621 0
840 -0.08243951155403563 2.30900300083271 0
841 -0.1655647400620029 2.360016609785847 0
842 -0.2218493357567474 2.363046287850136 0
843 -0.1923754982887561 2.409210507499017 0
844 -0.2476113399008485 2.41163515887072 0
845 -0.2185757739430427 2.458344490152339 0
846 -0.2711539535097746 2.461997740117612 0
847 0.1415857004273032 1.460066871209329 0
848 -0.1722170385808141 2.162332869890809 0
849 -0.2440437522176917 2.507929067833143 0
850 -0.2968156603698491 2.511522250578938 0
851 -0.186203037308812 2.502950681416947 0
852 -0.3049722479472208 2.420045338732551 0
853 0.2419143538787873 1.262560320517725 0
854 -0.2701555545909698 2.557309663507318 0
855 -0.3255978532296472 2.559803342154263 0
856 -0.2964882547175905 2.606704915437568 0
857 -0.3524537906641888 2.609135858773401 0
858 1.336189244363708 0.6803635787445166 0
859 -0.3227722879455565 2.656437927803341 0
860 -0.378922853019987 2.658151425861666 0
861 -0.4081192128107327 2.611064500914312 0
862 -0.433941397516974 2.65927368081244 0
863 -0.46219407535013 2.613457982250887 0
864 -0.4875490298193635 2.660354602295846 0
865 -0.5152378575608983 2.616155167026523 0
866 -0.5398106800249611 2.661478716835136 0
867 -0.5667914367756999 2.618436465801881 0
868 -0.5908747024603627 2.662618000026558 0
869 -0.6167047782474666 2.620012510803179 0
870 -0.6404541089406202 2.663595153261755 0
871 -0.6148483202453122 2.705792557534399 0
872 -0.6645200881717039 2.706915288934392 0
873 -0.6901156167587714 2.664798619831244 0
874 -0.7138637849259336 2.707856810891835 0
875 -0.5937056747320733 2.576871948321545 0
876 -0.6886355387253521 2.750197172545272 0
877 -0.7380159895824916 2.750155736689685 0
878 -0.7625645287196117 2.708384122107379 0
879 -0.7865894264834332 2.749958437645729 0
880 1.127527153289706 0.6642349555032809 0
881 -0.8100739612032167 2.708600455339493 0
882 -0.8340811322092894 2.749592757902992 0
883 -0.8105429468213614 2.791383184865183 0
884 -0.8584406643396481 2.790601600057456 0
885 -0.8814064202220919 2.749350682482082 0
886 -0.9056523279173124 2.789659625739054 0
887 -0.4057118039047989 2.705259465149018 0
888 -0.9279528861316129 2.748970777454532 0
889 -0.9521105429862448 2.788646834611741 0
890 -0.9298955960974347 2.829726210027807 0
891 -0.9766450896023843 2.828438539940967 0
892 -0.998913784389907 2.787499311658109 0
893 -1.02302132635386 2.826851888393007 0
894 -1.044383060156219 2.786509151412923 0
895 -1.068539795320068 2.825209253924495 0
896 -1.089959508406368 2.78561711082366 0
897 -1.113485006172522 2.823616178109834 0
898 1.603236713446768 0.6608628687874523 0
899 -1.132454421594327 2.784930412009496 0
900 -1.157810823619819 2.822231458266428 0
901 1.58403612706647 0.6221257840048273 0
902 -1.137175916738646 2.86153553463636 0
903 -1.182041308573613 2.859889783668634 0
904 -1.20277856594497 2.821811867946356 0
905 -1.226787116308302 2.858045538957785 0
906 -1.247290475340221 2.820205372971302 0
907 -1.271043665224343 2.855944254173217 0
908 -1.291285235359802 2.817082202683571 0
909 -1.314858657654466 2.853585369206312 0
910 -1.334736237491463 2.81497539824264 0
911 -1.358230483229028 2.850222749234457 0
912 -1.378002555350774 2.812876597776341 0
913 -1.401369126686395 2.847898295225971 0
914 -1.420651050899342 2.810495681866151 0
915 -1.444262942284113 2.846478951636749 0
916 -1.462244212658034 2.80803094630366 0
917 -1.486803159421269 2.84448033877069 0
918 -1.505268638330603 2.80649763047567 0
919 -1.529481152745585 2.843003479008479 0
920 -1.549413595097962 2.805272538653948 0
921 -1.572333152959688 2.841254963897551 0
922 -1.591699268742555 2.80362551964849 0
923 -1.614921900866493 2.839399788542721 0
924 -1.634268775270827 2.801713618434667 0
925 -1.657589891202838 2.837429968226828 0
926 -1.677269100550238 2.799602455686048 0
927 -1.700416279923005 2.835602214643697 0
928 -1.720338358362054 2.797531872082056 0
929 -1.743349554060936 2.833569593590887 0
930 -1.763453655513981 2.79542173657901 0
931 -1.786664689495455 2.831850254808896 0
932 -1.80652015566775 2.793420483234395 0
933 -1.830094784035099 2.829869511307012 0
934 -1.849810269558783 2.791249941326236 0
935 -1.873999953033207 2.828037110553649 0
936 -1.894024317188016 2.788963504411985 0
937 -1.918338681294877 2.826211466061198 0
938 -1.939068227054742 2.786652134919877 0
939 -1.963297920348794 2.824515222917561 0
940 -1.984264170803311 2.784358636160553 0
941 -2.008739933575402 2.822723396708585 0
942 -2.030168978459505 2.781767246817776 0
943 -2.054809762308328 2.820856021983758 0
944 -2.07654733525811 2.779304398837834 0
945 -2.101535272409266 2.819022659384657 0
946 -2.122830024429468 2.777173519330769 0
947 -2.148715838229808 2.817069557379417 0
948 -2.097957138206461 2.737983565983466 0
949 -2.143792093446044 2.735585740515984 0
950 -1.595242673370292 2.880236493273297 0
951 -2.11949303398417 2.697652197967694 0
952 -2.164142470898218 2.694946839133454 0
953 -1.765839213216255 2.868132352797007 0
954 0.9666341285077983 0.7697988734790544 0
955 0.9514386673132057 0.6512312214538485 0
956 -1.41926709562263 2.883994462576019 0
957 -2.140269228878986 2.657495505819751 0
958 -2.184165633949317 2.654880250208183 0
959 -1.942371654155618 2.864887992063034 0
960 -2.16097094758952 2.618264362090789 0
961 -2.206398430633547 2.616618457646057 0
962 -1.250973660088206 2.895402232166761 0
963 -2.234926217617544 2.657446392391734 0
964 -2.126739605787892 2.86010746598019 0
965 -2.176164275517677 2.858017686792929 0
966 -0.9542824946236175 2.870242461379129 0
967 -2.180370386624606 2.578972392628705 0
968 1.628423855318022 0.624991269277769 0
969 1.608493031306986 0.5846817006444713 0
970 -1.066601710655735 2.747538525910032 0
971 -2.22626385007345 2.578217752182905 0
972 -2.200368665800032 2.541091056604261 0
973 -1.913782258196896 2.753420010778471 0
974 0.8095800078965102 0.6370437409237448 0
975 -0.2652902083014656 2.654167887888427 0
976 -2.152763338342743 2.902453845562419 0
977 -2.204662215257186 2.900388195936054 0
978 1.09837337010524 0.7787711966156192 0
979 -2.243198033326677 2.53903271173979 0
980 -2.219518742801975 2.503222287782228 0
981 -2.13524031716083 2.579187437835801 0
982 1.653491783533847 0.5878052242058196 0
983 1.673290297475863 0.628568459641909 0
984 1.633993421174923 0.5463086914964799 0
985 1.58699350250733 0.5435260048482085 0
986 -1.270552002371972 2.783278702442148 0
987 -2.26158633530605 2.500814927017232 0
988 -2.239063703334379 2.465032477028949 0
989 -2.281970999259718 2.540244010989766 0
990 -1.782908361163208 2.75767610170649 0
991 -1.396809528518262 2.774931232324426 0
992 -2.280206571043416 2.463242465576561 0
993 -2.258218244361765 2.427603036139064 0
994 -2.179440555492947 2.947390119887325 0
995 -2.232662420308304 2.944771302828189 0
996 1.613605537579622 0.5036344879003272 0
997 1.564484963173227 0.5009042572589686 0
998 -1.654089972282351 2.763932106491681 0
999 -1.523465322223404 2.769086909917006 0
1000 1.698757244699267 0.5913460892404507 0
1001 1.718101000579394 0.6322292719577227 0
1002 -2.257090867322987 2.897196770468841 0
1003 -2.286159453856841 2.942582094167815 0
1004 1.227193227941961 0.7741581118714547 0
1005 -2.197918677195423 2.466967871786971 0
1006 -2.311280479131204 2.893473499687478 0
1007 -2.340840349759669 2.940250862935021 0
1008 -2.298817244888143 2.426217554276499 0
1009 -2.276243066815066 2.391850135522639 0
1010 1.744093598767688 0.5948171744126283 0
1011 1.763489114634107 0.6359517705212603 0
1012 -2.207921832852444 2.992543649386394 0
1013 -2.153452338843157 2.99487295639224 0
1014 1.505879498275804 0.861689136271798 0
1015 1.349612467059482 0.7828393717620132 0
1016 1.591708565943191 0.4598520486179898 0
1017 1.542271967466275 0.4571318318332367 0
1018 1.641586939108656 0.4630323189108645 0
1019 -2.317134566697675 2.389733216271801 0
1020 -2.294766102669153 2.355944577982103 0
1021 -2.254972331978487 2.357830430246826 0
1022 -2.272831501942533 2.32262636683559 0
1023 -2.340180529760751 2.424382879501577 0
1024 -2.312241195512633 2.320112478992002 0
1025 -2.290402563348472 2.287408643271365 0
1026 -2.366405994164749 2.889992392396187 0
1027 -2.396395860493489 2.936928295509653 0
1028 -2.370812157319281 2.988015365746407 0
1029 -2.233737625690697 2.324791915172169 0
1030 -2.182460192221358 3.04109426147685 0
1031 -2.126527311582736 3.042959376654954 0
1032 1.789623010820113 0.5986135338425425 0
1033 1.808926988540208 0.6399502345109833 0
1034 1.783098760192721 0.6766549870740268 0
1035 1.827795189410294 0.6805837545457745 0
1036 1.802737073413937 0.7165086706699948 0
1037 1.848002557855844 0.7192268101949892 0
1038 1.821274950057444 0.7557032263846621 0
1039 1.864733894763591 0.7584569388168836 0
1040 1.839764575522638 0.7929369841250418 0
1041 1.879508379497869 0.7970484287385875 0
1042 1.858417667775309 0.829346916834131 0
1043 1.895817078642256 0.8340289638004263 0
1044 1.875780460075947 0.8653449696265703 0
1045 1.912947852009207 0.869671404249498 0
1046 1.891547441823924 0.9013376097180994 0
1047 1.930201941610589 0.9048503881090835 0
1048 -2.329552576444526 2.284825723575106 0
1049 -2.307827459461208 2.252238671349274 0
1050 1.619123429486919 0.418194897332278 0
1051 1.670598125402059 0.4212171843695813 0
1052 -2.430290834652489 2.982262053168689 0
1053 -2.402046069208472 3.037345733214832 0
1054 -2.347022393359028 2.249599613931883 0
1055 -2.32514097491124 2.217132105226352 0
1056 1.907944104480999 0.9367225828880787 0
1057 1.946755718518014 0.9401819408205867 0
1058 1.869120879512145 0.9319587110536904 0
1059 -2.286164647529953 2.219747729166443 0
1060 -2.303387978474195 2.184699711303244 0
1061 -2.368912599826785 2.282840912985949 0
1062 1.90478574303517 0.7630652130387132 0
1063 -2.421679199678913 2.886756084242689 0
1064 1.950011470909931 0.8724127869122946 0
1065 -2.15642652900629 3.090507434053175 0
1066 -2.099315099393125 3.092379707248109 0
1067 -2.464221069042515 3.031219785696889 0
1068 1.924395820628773 0.9720825039910522 0
1069 1.963244037883003 0.9755273820007968 0
1070 -2.342193396041696 2.182022950667823 0
1071 -2.320559565732615 2.149672436318915 0
1072 1.854983558957328 0.6433913286278128 0
1073 1.646897940661076 0.3742582307606759 0
1074 1.700484302709202 0.3778673048609253 0
1075 1.515105606575216 0.4985316918673717 0
1076 1.492608118940955 0.4544221135619693 0
1077 -2.391472957846196 2.840152337082166 0
1078 -2.264468476174855 2.187295953972951 0
1079 -2.434501838721366 3.088834996971379 0
1080 -2.446492428346319 2.836767739551835 0
1081 -2.416590070268203 2.790676491730744 0
1082 -2.359335816545387 2.146985879869312 0
1083 -2.337734599729321 2.114657104433666 0
1084 -2.497205698009188 3.085201561161928 0
1085 1.466112702380841 0.4962503290132685 0
1086 1.442743118862142 0.4521110080632822 0
1087 1.46999195340849 0.4091919539846807 0
1088 1.418851913791727 0.4068737412469734 0
1089 1.391741713823317 0.4502536200922451 0
1090 1.367342180228976 0.4047914786433315 0
1091 1.339926577901662 0.4477009729341035 0
1092 1.315525576780666 0.4032239374466056 0
1093 1.287973183251171 0.4459189941955997 0
1094 1.263444956707298 0.4012771032225402 0
1095 1.23567963150829 0.4452868596433364 0
1096 1.211022217051102 0.3989439560525154 0
1097 1.182862660751418 0.4435651492569406 0
1098 1.158123692715257 0.3968000802292706 0
1099 1.130322434066668 0.4418612404879565 0
1100 1.104588242451652 0.394824793382351 0
1101 1.340388532338978 0.3589855865147247 0
1102 1.133368110944631 0.3485187484938099 0
1103 1.078296000148 0.3463908647488378 0
1104 1.049371932873424 0.393926621513609 0
1105 1.022555007846102 0.3448913697170355 0
1106 0.9929017475359152 0.392814032905854 0
1107 0.9658295291745259 0.3431661685925815 0
1108 0.9359752204341476 0.3917281174382885 0
1109 0.9084512926403638 0.3423649426081756 0
1110 0.8788892797564519 0.38803921072933 0
1111 0.8503916488291169 0.3402645802913082 0
1112 0.8185634769634897 0.3984590560413654 0
1113 0.7910288711528977 0.3410493430314168 0
1114 0.7573931744460662 0.3930998709095408 0
1115 0.7306548981468772 0.3388340973472137 0
1116 0.699736099823139 0.3874557514234922 0
1117 0.6700000940880007 0.3349514742920157 0
1118 0.637416995092146 0.3870174121018135 0
1119 1.819510065876817 0.82401903017763 0
1120 1.940843485605092 1.007443251358859 0
1121 1.979692374661366 1.010889254967189 0
1122 2.002101487853002 0.9789697827011077 0
1123 2.018542335303827 1.01433498931089 0
1124 -2.376215110970529 2.111824994926076 0
1125 -2.35486817068676 2.07962188844363 0
1126 -2.316019316423654 2.08227299850117 0
1127 -2.33320772984617 2.047264970756578 0
1128 0.6079865558694009 0.3324533555368805 0
1129 0.5751489957326649 0.3853752695861825 0
1130 0.6049842412861997 0.4400805419112264 0
1131 0.5427319897908911 0.4401230107503076 0
1132 0.5124961060228633 0.3844902053655623 0
1133 0.4795368425016334 0.4410410303933907 0
1134 0.4492763600184614 0.3852144121000394 0
1135 0.4153347267577374 0.4406126768790708 0
1136 0.3827650076920441 0.3809566221528802 0
1137 0.349562641957691 0.4424413603027904 0
1138 0.3815206717110019 0.5001681126501341 0
1139 0.3161390170217515 0.500178740116008 0
1140 0.2833444145177472 0.4388673376767334 0
1141 0.2503053299220516 0.4976072855689417 0
1142 0.2843521196181232 0.5542208702460572 0
1143 0.217495174066811 0.5555915283611701 0
1144 0.1828635567385173 0.4984716068969806 0
1145 0.1506578721358384 0.5566633560125633 0
1146 0.1139636796050323 0.498719244638556 0
1147 0.08151875058380127 0.5588544774238442 0
1148 0.04453892877204355 0.4993919488911571 0
1149 0.009307173695040106 0.5616331944197426 0
1150 -0.02796646313475675 0.5030995064135224 0
1151 -0.06293121646748137 0.5645579151842206 0
1152 -0.02537283481871639 0.6244589612326372 0
1153 -0.09641955026450885 0.6262993898141587 0
1154 -0.1334337271492758 0.5674589273867989 0
1155 -0.1653787493307926 0.6278599660031072 0
1156 -0.201560911805572 0.5706801750158272 0
1157 -0.2320646301611594 0.6298598472945307 0
1158 -0.1977563454802305 0.6856460642578253 0
1159 -0.2620442681666822 0.6874585593695985 0
1160 -0.2295196090803886 0.7413646743664488 0
1161 -0.2919929818836333 0.7427314690149074 0
1162 -0.324296315084219 0.6904684795446114 0
1163 -0.3529861475122544 0.7442752765505976 0
1164 -0.3845899098578772 0.6936683612079435 0
1165 -0.4117877577191077 0.7462935773426222 0
1166 -0.380162682642367 0.7967328440021961 0
1167 -0.4388496656487463 0.7972304334711988 0
1168 -0.468331612816682 0.749271322958164 0
1169 -0.4094283250569289 0.8469541185891667 0
1170 -0.4945346473419798 0.7988722651639288 0
1171 -0.5234312902922189 0.7526070727296315 0
1172 -0.5485273371813807 0.7967633653978057 0
1173 -0.577179443067908 0.7552276301496186 0
1174 -0.6013063355304898 0.7977089296230098 0
1175 -0.6289023711571493 0.7579449402326612 0
1176 -0.6520898110065282 0.8038329429468472 0
1177 -0.6797467837609894 0.7609124173642885 0
1178 -0.6164191077462485 0.8493307462204269 0
1179 -0.7021197529563491 0.8061969508245006 0
1180 -0.7289255167031634 0.7637434173773199 0
1181 -0.751556545100976 0.8065638611232182 0
1182 -0.7779016490682251 0.7656582436843304 0
1183 -0.7553702762981126 0.7224855688572283 0
1184 -0.8039394389943781 0.7253960810807722 0
1185 -0.8259277847929722 0.7678237461841457 0
1186 -0.8518730847913628 0.7282967965718761 0
1187 -0.8717747465607901 0.7709124100502955 0
1188 -0.8985470143905803 0.7313837782186217 0
1189 -0.8777259410261335 0.6889823682468226 0
1190 -0.9248051186813127 0.6925400207043071 0
1191 -0.9434398530593704 0.7362337670165089 0
1192 -0.9709341882537095 0.6965169588660971 0
1193 -0.9908140923970248 0.7447929294337503 0
1194 -1.017312540445624 0.7009611774249072 0
1195 -0.9973497670384892 0.6582827451697584 0
1196 -1.04337875183342 0.6622568130169662 0
1197 -1.063047716124615 0.7035512569977684 0
1198 -1.088880920660657 0.6664197685814524 0
1199 -1.107917713282091 0.7070968346719284 0
1200 -1.133665272176695 0.670634054788406 0
1201 -1.152409885735734 0.7108124702508585 0
1202 -1.178330956472843 0.6747431331178069 0
1203 -1.160336732515911 0.634605037473593 0
1204 -1.204295402945692 0.6385432734336514 0
1205 -1.2227171982704 0.6790597707395263 0
1206 -1.248521383238357 0.6432799156997131 0
1207 -1.266331779263928 0.6834933455781753 0
1208 -1.292241987733136 0.6480654093950289 0
1209 -1.309847378438808 0.6878577276830016 0
1210 -1.335553530037525 0.6527838091889597 0
1211 -1.352321005713996 0.6915719985889777 0
1212 -1.378360531426363 0.6573374716640801 0
1213 -1.393991436003853 0.6939055684841888 0
1214 -1.421271980519123 0.660372918187389 0
1215 -1.403825201659014 0.6218768835917503 0
1216 -1.44732495572416 0.6267237267533732 0
1217 -1.464682948541745 0.6665128032379113 0
1218 -1.490730638695585 0.6321725546276737 0
1219 -1.508038280181578 0.6706083284490041 0
1220 -1.533904975405053 0.6372859731915945 0
1221 -1.5507799664315 0.6769721239201545 0
1222 -1.576877648155724 0.6429355878689211 0
1223 -1.593302558610121 0.6824376285006142 0
1224 -1.562023609286045 0.6024477031627895 0
1225 -1.619596730368041 0.6485464415828013 0
1226 -1.636255554184758 0.6877209448480095 0
1227 -1.023839964368636 0.6194901566467195 0
1228 -1.229734668276902 0.6022375352187279 0
1229 -1.429889305137252 0.585996737274596 0
1230 -0.6044795826882596 0.7129039394774583 0
1231 -1.6624459318426 0.6536610193499142 0
1232 -1.679647972805759 0.6928541381428968 0
1233 -1.125292068468149 0.745264477343164 0
1234 -1.705355247586565 0.6592254809273388 0
1235 -1.722637843738486 0.6981142777282696 0
1236 -1.6921710430981 0.6208158729572617 0
1237 -1.3274012875962 0.7242339728333467 0
1238 -1.525062576741809 0.7117165426915812 0
1239 -1.653745021126035 0.7269217168407329 0
1240 -1.748259868632098 0.6647295563763644 0
1241 -1.765476448823605 0.703403446479693 0
1242 -1.791331234020906 0.6700671970840217 0
1243 -1.808119425347076 0.7087857027084223 0
1244 -1.782557414377883 0.7425125686956544 0
1245 -1.824307224817829 0.7478211685373095 0
1246 -1.799282081594642 0.7809220578576372 0
1247 -1.839953369068869 0.7860761582770881 0
1248 -1.815546968701231 0.8181726335141637 0
1249 -1.855258061940101 0.8232906438879066 0
1250 -1.831477817882601 0.8548174771884203 0
1251 -1.870604780645222 0.8597444538443522 0
1252 -1.792464128018569 0.8503303744984643 0
1253 -1.894544155833219 0.8283896894867835 0
1254 -1.909485184553267 0.864866348431673 0
1255 -1.885699739306576 0.8958757936542472 0
1256 -1.924307476393239 0.9011409895273443 0
1257 -1.834724838312323 0.6737630014157254 0
1258 -1.812803159075314 0.6287845301203223 0
1259 0.1872995218124671 0.6150177395573593 0
1260 -1.933687269376708 0.8335758998550242 0
1261 -1.900513631262627 0.9319723251732255 0
1262 -1.939140378190368 0.9372394767014276 0
1263 -1.861947482200752 0.6377455277011446 0
1264 -1.844477218334655 0.5962127399741053 0
1265 -1.915268429304954 0.9680690849046354 0
1266 -1.953910202554082 0.973337583841285 0
1267 -1.977794831082261 0.9425081846015149 0
1268 -1.992486551929312 0.9786347824109985 0
1269 -1.876704015114206 0.9628423232307457 0
1270 -1.96865852633006 1.009441733479667 0
1271 -2.007231442993548 1.014740007584244 0
1272 -2.01647034530706 0.9480552621881551 0
1273 1.996133220829358 1.046254447723895 0
1274 2.03498097364617 1.04970123211676 0
1275 -2.129826436413704 3.141212988910199 0
1276 -2.072327125419144 3.142452804037335 0
1277 -2.042244200818975 3.093912409509487 0
1278 -2.015210166079893 3.143565969440013 0
1279 -1.985835724617169 3.096194730095127 0
1280 -1.958779714510686 3.144655266770896 0
1281 -1.929743286081818 3.097839232142213 0
1282 -1.902786043810505 3.145450819124323 0
1283 -1.874367345224211 3.098406958392626 0
1284 -1.847612607825451 3.146529083656613 0
1285 -1.819354364215928 3.099683623745666 0
1286 -1.792795949828397 3.147540516933609 0
1287 -1.764848240250261 3.101113259203136 0
1288 -1.738210759915908 3.148460793486351 0
1289 -1.710571628472635 3.102430146991455 0
1290 -1.684902456851255 3.150187738488901 0
1291 -1.65659803563118 3.103784420436242 0
1292 -1.630934295069913 3.151619949261765 0
1293 -1.602405381247647 3.104746180642914 0
1294 -1.576681833082425 3.152018997055079 0
1295 -1.548526314366225 3.106186096866138 0
1296 -1.522935172044289 3.15288669054466 0
1297 -1.494888326971517 3.107337453696781 0
1298 -1.469368970370045 3.154022454921769 0
1299 -1.441272838936317 3.10847192553116 0
1300 -1.415661170300818 3.154957655777054 0
1301 -1.387574499351524 3.109522127518158 0
1302 -1.361874171812987 3.156154238539924 0
1303 -1.333701529112456 3.110587924901875 0
1304 -1.307891880094479 3.15746066688239 0
1305 -1.279835442887919 3.114332786328843 0
1306 -1.253675851504096 3.159242649949293 0
1307 -1.225451158265879 3.115887627946052 0
1308 -1.19908560521534 3.161152942354806 0
1309 -1.170611817841896 3.115877927559346 0
1310 -1.144046107091764 3.162487240674611 0
1311 -1.115413371775573 3.114595785681433 0
1312 -1.088546804299809 3.163451671797839 0
1313 -1.059502897260696 3.11733588354833 0
1314 -1.032383384752151 3.165245313992186 0
1315 -1.005586140295219 3.118651678924322 0
1316 -0.9759590407469063 3.164774786109995 0
1317 -0.9500594112940302 3.108654052398827 0
1318 -0.9187709541680795 3.164216020477474 0
1319 -0.8879078784452632 3.115914352062799 0
1320 -0.8598756280470954 3.168888264906232 0
1321 -0.8287463211580809 3.118460911472935 0
1322 -0.8004663281872766 3.171129770584044 0
1323 -0.7689343364561556 3.1197042773093 0
1324 -0.7403078990752503 3.173016328373619 0
1325 -0.7090098400759113 3.121095549758758 0
1326 -0.7377974241200675 3.068463834867833 0
1327 -0.6780396851125183 3.069146967713397 0
1328 -0.6484671588432751 3.122176997118145 0
1329 -0.6173087490930704 3.069301436274531 0
1330 -0.5870005705638193 3.122883639871034 0
1331 -0.5554841913979426 3.069248397954403 0
1332 -0.5244223222061619 3.123835155555006 0
1333 -0.4921523393120991 3.069008164619869 0
1334 -0.460968235635312 3.124542457084415 0
1335 -0.428036290133233 3.068983613059963 0
1336 -0.3971530704447751 3.126489746671665 0
1337 -0.3617416191061765 3.068361568399887 0
1338 -0.5244481452164937 3.017236157195562 0
1339 -0.3301211885728242 3.128289006366373 0
1340 -0.2940954549006238 3.068172764705757 0
1341 -0.2601420431157852 3.128352061543604 0
1342 -0.2253549752393481 3.068423477672777 0
1343 -0.2594391144857959 3.008642532107542 0
1344 -0.1907508191819374 3.0083885440854 0
1345 -0.1559317409199667 3.068249786659169 0
1346 -0.1210004626790655 3.00649333656728 0
1347 -0.08450776024084489 3.068214976538755 0
1348 -0.04908163657351747 3.004866471833016 0
1349 -0.01144680530656315 3.068458653228195 0
1350 0.02435797525629231 3.003979187254833 0
1351 -0.01853917561514988 2.938155583134664 0
1352 0.05408292685040911 2.925671284955898 0
1353 0.09821811628226611 3.002119848635268 0
1354 0.1321390381313491 2.937773417465404 0
1355 0.09478157195201763 2.878977490644918 0
1356 0.1641878956500049 2.881581959305041 0
1357 0.1997425989254366 2.936446847365502 0
1358 0.2283161798219135 2.876325859288209 0
1359 0.1969578320927149 2.820470571496452 0
1360 0.2624770989167025 2.820555635264779 0
1361 0.2925809867861773 2.881327650221207 0
1362 0.3229277622405605 2.819020066576292 0
1363 0.2972207521646661 2.76965307248884 0
1364 0.3562280209997893 2.766734659190864 0
1365 0.38569478206639 2.815533631672152 0
1366 0.4135061336324682 2.762945282379257 0
1367 0.3850912680816779 2.717498624950017 0
1368 0.4405129041466267 2.714175011328026 0
1369 0.469701887111948 2.760667970404774 0
1370 0.4958102275305264 2.711207567598326 0
1371 0.4655200851232906 2.666362312703796 0
1372 0.5247981454169581 2.75672383684866 0
1373 0.5499860831088988 2.709599130815203 0
1374 0.5783996100503516 2.753920300095747 0
1375 0.6031938579437404 2.708153041548035 0
1376 0.6307204386090233 2.752112231228655 0
1377 0.6546042447705751 2.707016264590423 0
1378 0.6816401477737548 2.749868915555952 0
1379 0.7054274858829833 2.705546961969868 0
1380 0.7314642376212919 2.747531701608752 0
1381 0.6804174518705396 2.665166117525532 0
1382 0.7548415227015435 2.704905334199352 0
1383 0.7801570736654767 2.745512112771491 0
1384 0.8020472529688865 2.703221440320834 0
1385 0.8274927140519617 2.743290523611817 0
1386 0.8055903529402519 2.785894692505726 0
1387 0.853297795124056 2.783298305554464 0
1388 0.8746770612240673 2.741307865366717 0
1389 0.9003104536046994 2.780585168268792 0
1390 0.922426712736516 2.739781275140172 0
1391 0.9469661622000434 2.77821643908818 0
1392 0.9258674669003787 2.819767609918104 0
1393 0.9724473683281427 2.816584621809402 0
1394 0.9929193414397397 2.775371502621366 0
1395 1.01846238774337 2.813263799758176 0
1396 1.037815439302027 2.77232146673554 0
1397 1.063373495533643 2.809716793711867 0
1398 1.044075473692193 2.850938707538436 0
1399 1.089569993646843 2.847367182834128 0
1400 1.107673043515434 2.805729073329739 0
1401 1.134590956444062 2.843382128872107 0
1402 1.152779347552753 2.802424679551627 0
1403 1.179146775207907 2.839436448281645 0
1404 1.197515265791815 2.799779025585544 0
1405 1.223168656120323 2.835669529786244 0
1406 1.242175745594589 2.797347077752185 0
1407 1.267384445551434 2.832049574706189 0
1408 1.248518523872422 2.871222058090545 0
1409 1.292588572818953 2.866786586574347 0
1410 1.311227343509831 2.827679104765311 0
1411 1.336531024819752 2.862825390310372 0
1412 1.354491781580098 2.823536075938727 0
1413 1.379976943739115 2.858470589549002 0
1414 1.397766982044837 2.819426525470289 0
1415 1.42327511004094 2.854521106520376 0
1416 1.441819584629389 2.815344104167583 0
1417 1.466141439086955 2.850174365767587 0
1418 1.485120418650634 2.811306887937046 0
1419 1.508778736780485 2.845871954399795 0
1420 1.526976353478819 2.807249515571884 0
1421 1.551346702647169 2.841754396210947 0
1422 1.568773715739297 2.803083417565125 0
1423 1.593644804155187 2.837563956581592 0
1424 1.611017346210199 2.798921894657647 0
1425 1.635957683719322 2.833388536035971 0
1426 1.653068459294715 2.794418327705792 0
1427 1.678272584538825 2.829181513771029 0
1428 1.69447124214352 2.789611732249003 0
1429 1.720545781560891 2.824919437259184 0
1430 1.737231993527248 2.785530843204916 0
1431 1.763146565669231 2.820806272544237 0
1432 1.78070171169136 2.781859079387025 0
1433 1.80608724814181 2.816714313776059 0
1434 1.82382190916633 2.778345512605093 0
1435 1.849183397890711 2.812807430732232 0
1436 1.867211784894433 2.774047330135621 0
1437 1.891671163937185 2.808306648483863 0
1438 1.910664540715794 2.768763318506259 0
1439 1.933329617992766 2.805188470014321 0
1440 1.954231074951193 2.764266373495627 0
1441 1.978050278017599 2.801787810139984 0
1442 1.998704775674959 2.759703573369852 0
1443 2.024770047184123 2.796343973211544 0
1444 2.0437839201318 2.754796127968555 0
1445 2.070328083324576 2.79168423016803 0
1446 2.089281267647071 2.75005132774556 0
1447 2.116345476147285 2.787701401690263 0
1448 2.13511460910653 2.745327126055267 0
1449 2.16296400663288 2.78314311902136 0
1450 1.703198504741435 2.864342137983526 0
1451 1.872981046944256 2.848296357931636 0
1452 2.143277496251071 2.826445512220128 0
1453 1.532094944520947 2.881796109601902 0
1454 2.19138092386708 2.822062579610269 0
1455 2.108435672533144 2.708299921377942 0
1456 2.153479010006033 2.703430445127194 0
1457 0.6043522204075209 2.801069877710201 0
1458 2.127021193093496 2.667204582406141 0
1459 2.171360626274455 2.662314286134795 0
1460 1.317795072209621 2.906707102023972 0
1461 2.145363364518176 2.626763268277424 0
1462 2.188923679010807 2.621944028845524 0
1463 1.06988198162528 2.889380714495661 0
1464 2.170608439334466 2.867428932836739 0
1465 2.221938664812191 2.86225721751222 0
1466 2.163861561851248 2.587043222076526 0
1467 2.204172107643263 2.581362461875499 0
1468 2.228824915316577 2.606062420196134 0
1469 2.181095677512585 2.547564336816269 0
1470 2.220644686334639 2.541861721281848 0
1471 1.174480986971445 2.757640153546528 0
1472 2.198428784065842 2.50901413384655 0
1473 2.239544486757565 2.504323198672478 0
1474 2.21555830129488 2.471368361818906 0
1475 2.120779947845093 2.591990512626054 0
1476 1.886970531471755 2.735921011289382 0
1477 2.256665747684356 2.466826202017169 0
1478 2.232527300511515 2.434043187320147 0
1479 2.200235506368409 2.908989484086432 0
1480 2.252059636600886 2.904236369765664 0
1481 2.281221199340203 2.497946457610532 0
1482 1.41607063128707 2.78058832338582 0
1483 1.752678322077812 2.740364649733218 0
1484 2.271646990168172 2.428992131256508 0
1485 2.249099357749965 2.396709140214134 0
1486 1.544471752440147 2.769103677127722 0
1487 2.27388035185365 2.856329929107875 0
1488 2.304709305454949 2.899001699144487 0
1489 2.283268964975738 2.94781459543111 0
1490 2.337457180863586 2.942286187552035 0
1491 2.287615676367784 2.391923689130733 0
1492 2.266621059286008 2.360690985588133 0
1493 2.174031048370199 2.477302955207526 0
1494 2.32595135049108 2.850247010830927 0
1495 2.305182750230508 2.356027444025722 0
1496 2.283285829706043 2.324590631748817 0
1497 2.148348782245737 2.913703508863279 0
1498 2.328933745664219 2.389966873756755 0
1499 2.315274970520554 2.993454950029867 0
1500 2.372061608656526 2.987056155857687 0
1501 2.321478907479801 2.319880071862765 0
1502 2.298339001199799 2.288022468352976 0
1503 2.22736465099894 2.366559387417737 0
1504 2.337374390867743 2.283634483985526 0
1505 2.313988713032741 2.251980134486788 0
1506 2.276804921519699 2.255000039904278 0
1507 2.291124643914281 2.220243279874831 0
1508 2.329663522286207 2.216128897359926 0
1509 2.306576695085619 2.184673964263437 0
1510 2.34814728158763 3.040600243981033 0
1511 2.292602342142188 3.044149519936352 0
1512 2.40649352180965 3.034755536602828 0
1513 2.430496177820094 2.979858259481373 0
1514 2.345322514120709 2.180407441679082 0
1515 2.322214601061287 2.148986148500593 0
1516 2.466514815626298 3.028377681991464 0
1517 2.283446047386422 2.153264025526407 0
1518 2.299117785285999 2.11755877099726 0
1519 2.337881351851937 2.113283312089608 0
1520 2.314793662766054 2.081851142769023 0
1521 2.441803777294045 3.084285987747841 0
1522 2.503873690182858 3.077714402658543 0
1523 2.355220969619499 2.079014386179482 0
1524 2.330749039781153 2.046382102280558 0
1525 -2.187859819015289 3.138794986996235 0
1526 2.489317804088048 2.972694023179622 0
1527 2.478076020263823 3.135222107780961 0
1528 -0.7075249562160068 3.017823687653678 0
1529 2.040950950587215 0.9824157679296344 0
1530 0.5717740371709438 0.4959199643148975 0
1531 0.08273519860266842 0.4383047770298891 0
1532 -2.470759042191931 2.787541142645852 0
1533 -2.44119348401614 2.741943130288861 0
1534 2.001406376270006 2.840293754835018 0
1535 1.759765234796173 0.7109818290064551 0
1536 -2.501672018368628 2.833162588454796 0
1537 -2.398567941189992 2.142200580930084 0
1538 1.676720979972193 0.3295782548168451 0
1539 1.730931726058452 0.3335082832602869 0
1540 1.752066110087135 0.3826093248057536 0
1541 1.621999221595068 0.3261030651033217 0
1542 -1.983412127259642 1.045543461824283 0
1543 -2.022053822232292 1.050813576867385 0
1544 -1.603850262481954 3.200776752686425 0
1545 -0.4912610532053036 2.572842327070426 0
1546 -0.5288163096039269 0.8468937178934597 0
1547 0.5741442998334808 2.664135110390237 0
1548 2.082612064875166 2.671465427135614 0
1549 -2.073650798575179 2.699995929405565 0
1550 -0.2258024546239818 2.94936172241998 0
1551 2.012572146306349 1.081620553417518 0
1552 2.051419614086369 1.085067473311577 0
1553 -2.467667892364296 3.142631867871649 0
1554 -2.533089438383282 3.138704750761884 0
1555 -0.1194413194914663 2.063578014034264 0
1556 -0.05959756202065192 0.6851709481800223 0
1557 0.7778291592779408 2.663676632601645 0
1558 -0.7256004752417532 0.8487029456251687 0
1559 -0.224963660893177 2.265465530747385 0
1560 -1.890543038011169 0.6015780515288665 0
1561 -1.8724017238514 0.5578217521929623 0
1562 -1.908593465090062 0.6445447501814858 0
1563 -1.825933859812505 0.5520209038301691 0
1564 -1.853598759191825 0.5130393097838442 0
1565 -1.807269857443409 0.5062555365254049 0
1566 -1.832547044917483 0.4677419251399666 0
1567 -1.782373168927478 0.4618639758475276 0
1568 -1.811868101402915 0.4207897865146313 0
1569 -1.760120743154611 0.4148057307774904 0
1570 -1.790045595323258 0.3727231637141879 0
1571 -1.739323890027688 0.3658140947238107 0
1572 -1.706712298175054 0.4095421403203556 0
1573 -1.686300424600186 0.3602995004668312 0
1574 -1.654546004329403 0.4038132816830564 0
1575 -1.633462116185609 0.3550207909002299 0
1576 -1.601862610367456 0.398228302560294 0
1577 -1.580142234373187 0.3495241122333224 0
1578 -1.54865460587944 0.3928528150202886 0
1579 -1.526823628168566 0.3441041173311439 0
1580 -1.495646795854702 0.3860290075483521 0
1581 -1.473434014199635 0.3384355935481502 0
1582 -1.442161042797447 0.3804625226440077 0
1583 -1.419808218621288 0.3328643988697597 0
1584 -1.388039380309024 0.3766966030423105 0
1585 -1.365892045641778 0.3278517819141558 0
1586 -1.333870753856518 0.3717749294312735 0
1587 -1.311551087413041 0.3221737923564842 0
1588 -1.280723177282591 0.3640629511926659 0
1589 -1.257080454880548 0.3160402555015125 0
1590 -1.224252878759923 0.3693518032313039 0
1591 -1.201679180763924 0.311961895334772 0
1592 -1.166896440705791 0.3597512376766698 0
1593 -1.145568085338858 0.3057561461250125 0
1594 -1.112741895130558 0.3513241635154725 0
1595 -1.089642415773752 0.2990205433688939 0
1596 -1.056092321808972 0.3453001810150229 0
1597 -0.1070616252864858 1.616394885842345 0
1598 -0.1358370404342841 1.569906932514521 0
1599 -0.1611237711363372 1.614914295251204 0
1600 -0.1890513724221804 1.572952731694392 0
1601 -0.213365724971793 1.615624021199332 0
1602 -0.240804875075771 1.575335803281905 0
1603 -0.2636333265673618 1.619223614470489 0
1604 -0.2899873555260025 1.578354719574146 0
1605 -0.312154711740758 1.620742584145918 0
1606 -0.3378309877146055 1.580462912763382 0
1607 -0.3161155529508481 1.538703926763121 0
1608 -0.3626581611093081 1.540618216193803 0
1609 -0.3415507611616584 1.499719375538033 0
1610 -0.3873421238874045 1.501867975237595 0
1611 -0.368446411210241 1.46253095807179 0
1612 -0.4114020513467787 1.4648327467862 0
1613 -0.3940723100986712 1.424786430087506 0
1614 -0.4410633130495317 1.426795265452908 0
1615 -0.3596744132949801 1.620580172413373 0
1616 -0.4176370628137334 1.38598489955945 0
1617 -0.4614039377677329 1.385488366884764 0
1618 -0.4404730096758983 1.348189574194424 0
1619 -0.484148877190584 1.350396531678586 0
1620 -0.4303554021065571 1.505564114062793 0
1621 -0.3976512985428866 1.346792347823573 0
1622 -0.4641347147720936 1.311584640034951 0
1623 -0.5075324115867758 1.314656547651923 0
1624 -0.3352770038525703 1.661368580443848 0
1625 -0.3811586788086164 1.661200481888167 0
1626 -0.3573602756062356 1.700568807994722 0
1627 -0.4021365513357157 1.70193102516594 0
1628 -0.378816860195925 1.737305042344006 0
1629 -0.4225457340390102 1.740203554616016 0
1630 -0.397671899786837 1.778394135216304 0
1631 -0.4440898303477199 1.778776898693456 0
1632 -0.4222114056851786 1.81635732881085 0
1633 -0.4663251349431686 1.815811073070278 0
1634 -0.4421265268797911 1.852255821278042 0
1635 -0.4843421270214277 1.852846680113746 0
1636 -0.4619493834535813 1.888436941337166 0
1637 -0.4669952153901292 1.741502471875334 0
1638 -0.4877921697023875 1.275126324786735 0
1639 -0.5310880937529725 1.278026472384106 0
1640 -0.5029129944708381 1.888936410077395 0
1641 -0.4813603120106252 1.924365740867142 0
1642 -0.5053401008973966 1.385079893571293 0
1643 -0.5226993806466737 1.923357810979882 0
1644 -0.500872490486537 1.957875176542477 0
1645 -0.5416362295696973 1.958918323081541 0
1646 -0.5161407266866834 1.996606149955507 0
1647 -0.5600425981572297 1.995485167730636 0
1648 -0.5399566961062497 2.030919346705519 0
1649 -0.5797249499493182 2.030289338098433 0
1650 -0.5603035125861039 2.063590066787537 0
1651 -0.5980840707403545 2.065078811641014 0
1652 -0.5794312349956854 2.097767457486142 0
1653 -0.6167360425479299 2.099653979637943 0
1654 -0.596458620778696 2.133147192313984 0
1655 -0.6352277657037444 2.134175217046264 0
1656 -0.6149669840023589 2.167336594268825 0
1657 -0.6539685501996986 2.168485520553263 0
1658 -0.6324844510208144 2.201530177714035 0
1659 -0.6725831415510788 2.20264454576607 0
1660 -0.5115560527776364 1.238536747266841 0
1661 -0.5548291957624381 1.240834419641553 0
1662 -0.467381540306093 1.235923677867801 0
1663 -0.573287204128072 1.280724725570399 0
1664 -0.5967290455372265 1.243347308415964 0
1665 -0.5731318086389647 2.161411332304616 0
1666 -0.6510698360077392 2.236021819710059 0
1667 -0.6913523603689611 2.236883687008714 0
1668 -0.5782991058817881 1.205789662462188 0
1669 -0.6198228635710352 1.208819799741139 0
1670 -0.5179974470444437 2.067358811961689 0
1671 -0.638082009890838 1.245313490127053 0
1672 -0.6604021140824669 1.211547468203006 0
1673 -0.5251565826501072 1.853613148367478 0
1674 -0.4600042083595019 1.95946107795937 0
1675 -0.6727337493621539 2.269426076420547 0
1676 -0.7106677238651754 2.270966745614456 0
1677 -0.6306976844695691 2.271072711281159 0
1678 -0.6428142771782885 1.175067315806598 0
1679 -0.6829510112084562 1.178239899629007 0
1680 -0.3228428701345738 1.459371224847775 0
1681 -0.3988789363986368 1.851790903053804 0
1682 -0.6779501718849288 1.247418614103199 0
1683 -0.6885751547857577 2.308203482589417 0
1684 -0.7291031931072706 2.30592716745875 0
1685 -0.66561715220321 1.141630153805217 0
1686 -0.7057681018447468 1.144777799984778 0
1687 -0.583055723797377 1.957701664554318 0
1688 -0.7105849527890635 2.340681999305997 0
1689 -0.748456193875165 2.340070102887288 0
1690 -0.7283001125427753 2.373730988124657 0
1691 -0.7672860600732633 2.37407219852913 0
1692 -0.7873790860451165 2.340537644365351 0
1693 -0.8062939264088509 2.37468211360928 0
1694 -0.7862309256476655 2.408150970853732 0
1695 -0.8252492962313914 2.408779281330892 0
1696 -0.805221925238369 2.442368060589226 0
1697 -0.8442716033313697 2.442886392921767 0
1698 -0.6884932770960951 1.108126098715753 0
1699 -0.7287870263383546 1.111447758587391 0
1700 -0.7456479063739057 1.147562074556611 0
1701 -0.7681854839922583 1.114825097039567 0
1702 -0.6473869077267597 1.104758554065436 0
1703 -0.7850605883905852 1.150133487017411 0
1704 -0.8072226359126727 1.117928951825545 0
1705 -0.8642504925341462 2.409376827422324 0
1706 -0.8832766077148895 2.44343358108103 0
1707 -0.6903158583209544 2.374044732510721 0
1708 -0.790575856090952 1.082751592794708 0
1709 -0.8294709531511957 1.085895124356621 0
1710 -0.6369209302878673 2.066372218838392 0
1711 -0.3342360983551229 1.739167449862949 0
1712 -0.7114434233219116 2.203666142909916 0
1713 -0.8461061817832258 1.121119891873583 0
1714 -0.8683434737872832 1.089109629740228 0
1715 -0.8517166141331929 1.053837092873868 0
1716 -0.8905824168767462 1.057072435122313 0
1717 -0.8739580523361741 1.021759782943011 0
1718 -0.9128209946347809 1.025027550554619 0
1719 -0.8635225838124527 2.476820616044172 0
1720 -0.9023442292826374 2.477456945135512 0
1721 -0.9222792699223851 2.443970866833022 0
1722 -0.9413123665430221 2.47801074216193 0
1723 -0.9213491333019057 2.511513790531746 0
1724 -0.9603406515581853 2.512053780603014 0
1725 -0.9803032263915608 2.478551056705557 0
1726 -0.9993352475881935 2.512591956693991 0
1727 -0.9294480934979045 1.060310148592866 0
1728 -0.9516859356377104 1.028271199944326 0
1729 -0.9350584648767249 0.9929933146778211 0
1730 -0.9739236709573309 0.9962331705934354 0
1731 -0.9572961822207324 0.9609554384117156 0
1732 -0.996161429666498 0.9641946877257588 0
1733 -1.012788910208537 0.999472563879507 0
1734 -1.035026682144441 0.9674338641877465 0
1735 -0.6709786005248906 1.070302343781852 0
1736 -0.6286501894402248 1.067008987606049 0
1737 -0.1636690300916063 1.527733383411392 0
1738 -1.019298332367806 2.479088928802641 0
1739 -1.038331064487571 2.513129423619707 0
1740 -1.018367662525881 2.546632635089768 0
1741 -1.057431350177867 2.547209871935394 0
1742 -1.077338476704542 2.513673355456662 0
1743 -1.096474890939827 2.547735760754391 0
1744 -1.051654163518341 1.002711728202693 0
1745 -1.073891937804207 0.9706729903472197 0
1746 -1.057264455565816 0.9353951400765741 0
1747 -1.096129712210949 0.938634250485856 0
1748 -1.112757194429221 0.9739121010908035 0
1749 -1.134994780379908 0.9418759491985511 0
1750 -0.6413158577332283 2.579814641987037 0
1751 -0.09893267997594089 1.816631587050045 0
1752 -1.11634450232748 2.514209784583933 0
1753 -1.135371207391481 2.548240807376102 0
1754 -0.4251153863934561 1.664251992423558 0
1755 -0.9049614654693799 2.709421422757088 0
1756 -1.77252567364934 0.3211227860784434 0
1757 -0.2944511965950032 2.959480556029957 0
1758 -1.129885945542653 0.4060344629596808 0
1759 -1.032648887099579 0.2924307510787092 0
1760 -0.9983207208134599 0.3398026330190769 0
1761 1.627520009504012 2.760529220901724 0
1762 -0.9743011545450522 0.2865140686341219 0
1763 -0.9405637971790953 0.3343807836009631 0
1764 -0.9645083030151831 0.3870605873372401 0
1765 -0.9071036380040731 0.3818121532091792 0
1766 -0.8824058077123876 0.3289345290008658 0
1767 -0.8488423972862599 0.3770794325217441 0
1768 -0.8233926969117246 0.323663563750695 0
1769 -0.7899165614887802 0.37267020564053 0
1770 -0.8114129834458472 0.4341054395162289 0
1771 -0.7567564652441179 0.421576991576222 0
1772 -0.7306512539056009 0.3680282771827672 0
1773 -0.6966796205783218 0.419129506810819 0
1774 -0.6703419626453081 0.3645355715038268 0
1775 -0.6358546980547002 0.4158605297404323 0
1776 -0.6090354114703652 0.3600062832530491 0
1777 -0.574671536677903 0.4104939014599203 0
1778 -0.5472437715677623 0.3545556604732207 0
1779 -0.5117525220386674 0.4067253976968042 0
1780 -0.4859876249644142 0.3482974752442738 0
1781 -0.7216762382970521 0.4702169897002244 0
1782 2.543188786797486 3.12814305659939 0
1783 -0.2597641496499056 0.795299067420447 0
1784 0.1930070838824817 1.360240203880294 0
1785 -1.151622419923386 0.97715163869545 0
1786 -1.173859969574376 0.9451156027697447 0
1787 -0.2667697151019131 0.5748634515038273 0
1788 -0.2379636821631703 0.514662876634457 0
1789 1.971625250539141 2.726469497880777 0
1790 0.09009652897774206 1.559076306460665 0
1791 -1.611516047548367 0.3054984599053161 0
1792 2.260351061806857 2.12183588033554 0
1793 -0.7732132056019935 0.8486069058077557 0
1794 -0.7488352890259513 0.8879504115349828 0
1795 -0.1243587986501987 1.86436639732717 0
1796 0.8241468232615041 2.66257328863227 0
1797 0.7997526677729674 2.623726723738593 0
1798 0.8448172240249994 2.62287894051873 0
1799 0.8213263024084081 2.58540857163844 0
1800 0.8643120698839397 2.583754603956685 0
1801 0.8420568402708587 2.548197884802576 0
1802 0.8831922592854526 2.54707485247286 0
1803 0.8616535895265237 2.512357082568917 0
1804 0.8211670213954166 2.513254504713971 0
1805 0.8407367842628998 2.477747090443187 0
1806 0.8007547266599817 2.478584229339767 0
1807 0.819911136978819 2.443725470286711 0
1808 0.7804107993004743 2.444444852581068 0
1809 0.7995696190565047 2.40986189215378 0
1810 0.7610209717850204 2.410044129600452 0
1811 0.7793934014622852 2.376035462206237 0
1812 0.7416395180890213 2.375807064982643 0
1813 0.7594059235692541 2.342338124489487 0
1814 0.7208813592801082 2.342548169702513 0
1815 0.7392763318407188 2.308729629644675 0
1816 0.7000094105958071 2.309439943841993 0
1817 0.6829797589101352 2.344929237262091 0
1818 0.6608634508241448 2.309939653583926 0
1819 0.6800097278939261 2.275059517005166 0
1820 0.6402598949374367 2.275028647227902 0
1821 0.6204145620534353 2.310826300171464 0
1822 0.5993229291679693 2.276017353076088 0
1823 0.6200986330682612 2.240033151737304 0
1824 0.5793674701187874 2.239966971317404 0
1825 0.5558150960049527 2.276553295211842 0
1826 0.6000167808066368 2.204896645591789 0
1827 0.5591883266527339 2.204454922527848 0
1828 0.5798481844039323 2.169416799508357 0
1829 0.5389301649532521 2.168922792842267 0
1830 0.559568516938778 2.13357185179006 0
1831 0.5186554499749312 2.133214072864728 0
1832 0.5392923662655058 2.097369078124721 0
1833 0.4985330149430977 2.097645931125687 0
1834 0.5189851542918738 2.061341998727876 0
1835 0.4781566569898101 2.13287370909683 0
1836 0.4797184143239455 2.060677937922466 0
1837 0.4988657044164016 2.024838444938378 0
1838 0.4586949322072096 2.024025299774526 0
1839 0.4781947603023577 1.988099733269978 0
1840 0.4358017761617312 1.988634725230415 0
1841 0.457114023461543 1.951460352711406 0
1842 0.4143976497966791 1.951616578090346 0
1843 0.4362482051584473 1.91495267463829 0
1844 0.4782913493274409 1.914976245533628 0
1845 0.4579385210558259 1.878757003964736 0
1846 0.499077672855032 1.879266264688454 0
1847 0.4792745383283864 1.843585087160111 0
1848 0.4379592421742005 1.842599674057433 0
1849 0.4593325675544954 1.806905652246038 0
1850 0.4175518893336284 1.806063054352624 0
1851 0.4395444111638817 1.770376109209224 0
1852 0.4809593468461003 1.771368073852105 0
1853 0.4615122217424827 1.735109766915865 0
1854 0.502106382013713 1.73639839154558 0
1855 0.4831608624089794 1.700549503984582 0
1856 0.4192368712790098 2.022284534211676 0
1857 0.4422464610486783 1.698870086207403 0
1858 0.4646947987002712 1.664548767139599 0
1859 0.5051187348434866 1.66592168077757 0
1860 0.4870318100610083 1.630501801327254 0
1861 0.526501069294728 1.631659523884165 0
1862 0.508273841841659 1.59649895902141 0
1863 0.5396996640446556 2.02492407453639 0
1864 0.5475927918612835 1.598126910952947 0
1865 0.529524937352986 1.562932360771079 0
1866 0.4887010562703656 1.561779585649286 0
1867 0.5027166499936125 1.524564341303078 0
1868 0.5496503033257302 1.5289443294358 0
1869 0.533229238450041 1.494579278299361 0
1870 0.5725117989264561 1.496257492939272 0
1871 0.5559200566806988 1.461629572343183 0
1872 0.5944041808825218 1.463458214636301 0
1873 0.5783076865705459 1.429391028194918 0
1874 0.6162500914104393 1.430942300513583 0
1875 0.5989339429995446 1.395858369366905 0
1876 0.561191933700793 1.397690707508441 0
1877 0.5814242470288065 1.36118226146553 0
1878 0.6205722639507018 1.363079413249564 0
1879 0.6031135398291855 1.327817085866521 0
1880 0.6423114748778799 1.330361660654156 0
1881 0.6252853472396889 1.295284295977299 0
1882 0.6641983074685412 1.297842852643418 0
1883 0.6472742687316064 1.262802186815522 0
1884 0.6860750245258507 1.265366532736707 0
1885 0.6688752068578988 1.23144754158487 0
1886 0.7079168863163767 1.233160631346077 0
1887 0.6883679614420682 1.200604122458116 0
1888 0.7294497201135575 1.201031161564269 0
1889 0.7039306945565543 1.163670685032651 0
1890 0.751366794331078 1.168101717690824 0
1891 0.5638960724231027 1.325230638293631 0
1892 0.7342193121441194 1.133225734005715 0
1893 0.7735451893118037 1.135735953195525 0
1894 0.9017241761644257 2.511294056446029 0
1895 0.4252862316809836 1.65974640657405 0
1896 0.5976652212740361 2.13592563436523 0
1897 0.6298231970110717 1.227352736702156 0
1898 0.496270100918414 1.484087286635452 0
1899 0.7533250720169664 1.096801291773541 0
1900 0.7951061080588785 1.102578363336894 0
1901 0.9231411825908041 2.545162027960868 0
1902 0.5657953714722455 1.633723338292665 0
1903 0.9411505042825589 2.509446675188459 0
1904 0.9622544222309719 2.542772151827103 0
1905 0.7784676986330675 1.068037621309236 0
1906 0.8175658679096705 1.070514713043705 0
1907 0.7396599129185242 2.438665345698312 0
1908 0.8387698230082357 2.409252038201293 0
1909 0.6118106574840181 1.49858193227495 0
1910 0.8003957669274213 1.0353391758781 0
1911 0.8395730704822669 1.038151335029053 0
1912 0.8560050719341121 1.072772438491382 0
1913 0.8785870352425375 1.040175373016796 0
1914 0.8615996491220709 1.005673815791486 0
1915 0.9007267390948764 1.008786580811038 0
1916 0.9801762308935429 2.507603550985417 0
1917 1.001226627825638 2.540871308353353 0
1918 0.6966190713085132 1.123017938533247 0
1919 0.6813529101261088 1.33275574981091 0
1920 0.9175889733721143 1.043515300984804 0
1921 0.939619614680586 1.011739888018277 0
1922 0.7468951351874967 1.235390242145639 0
1923 0.7781306438463877 2.308376992523259 0
1924 1.019158531274169 2.506514667520792 0
1925 1.040187423105055 2.539170205111456 0
1926 0.9975919599390912 2.473114929092012 0
1927 0.7623655113115567 1.031453947839207 0
1928 0.8839176428189517 0.9732900272948276 0
1929 0.9565182301128941 1.046008214239333 0
1930 0.9785104579060382 1.014658481751472 0
1931 1.057779160145364 2.505072289903413 0
1932 1.079088094080726 2.537447521566679 0
1933 1.061214683773488 2.5720080195648 0
1934 1.10016954139963 2.570209141637745 0
1935 1.118089294006437 2.535570242070393 0
1936 1.139133589361347 2.56837652966803 0
1937 1.156650726683198 2.534011449935407 0
1938 1.178026730104082 2.566611219549939 0
1939 0.9954293032341864 1.048672841153261 0
1940 1.017399445880341 1.017600806920298 0
1941 1.000554434493349 0.982635760387284 0
1942 1.039438401513336 0.9856417508779265 0
1943 0.9694989114933464 1.078368255625453 0
1944 1.022606875577443 0.9505025432365397 0
1945 1.061549799991614 0.953488096179731 0
1946 1.078328380830382 0.9886936534382078 0
1947 1.100471151300768 0.9565247329982012 0
1948 0.5724259812512835 0.9326804314589543 0
1949 0.5212351574683846 1.771927735407255 0
1950 1.117218987021519 0.991720192079929 0
1951 1.139255703113517 0.9595607343088265 0
1952 -1.238223085534936 0.721689742545756 0
1953 -0.7868582757490845 2.668141460726374 0
1954 0.8731991087031576 0.7642848602178522 0
1955 1.328511293786898 2.79077951680577 0
1956 -0.539566793878742 0.4627538496213979 0
1957 -0.7819299107840698 0.6815181167501156 0
1958 0.3995616346611966 1.06705106123392 0
1959 -0.713136038126265 2.793229186896276 0
1960 0.6425570421685032 2.206120904660383 0
1961 0.8312640924426218 2.826089849862051 0
1962 1.259876424914588 0.4958248295750416 0
1963 0.2937532099396598 1.165830839682727 0
1964 -0.6562331347334309 1.280457950561613 0
1965 -0.6955990102698244 1.282502585669495 0
1966 -0.6733434059118502 1.315840972479225 0
1967 -0.7132130740652546 1.317371658554861 0
1968 -0.6909819022810406 1.35067708445226 0
1969 -0.7309340280578192 1.352132248270756 0
1970 -0.7097464910551317 1.384887772768536 0
1971 -0.7522825550897597 1.3193000595655 0
1972 0.8113777411739326 1.13828900318585 0
1973 -2.294312424396602 2.049893279124632 0
1974 -2.311496438047453 2.014883148014244 0
1975 -2.350407858642657 2.012262717280528 0
1976 -2.328684979326296 1.979875230176786 0
1977 -2.36759715500838 1.977255168555544 0
1978 -2.345872469801579 1.944866798673506 0
1979 -1.155325759466468 2.514741489554309 0
1980 -1.174356183468971 2.548780956511902 0
1981 -1.1546587762545 2.582298078010617 0
1982 -1.193430599247083 2.582806771471328 0
1983 -1.213357092544134 2.549316058504205 0
1984 -1.232393653212857 2.583148377200582 0
1985 -1.258681587172282 2.5436272580804 0
1986 -1.272439111438256 2.582615303774261 0
1987 -1.213182993588682 2.616455726769944 0
1988 -0.6692840219447576 1.385951088175249 0
1989 -0.6889953427860134 1.418391609867422 0
1990 -0.7686327045479699 3.014462619956714 0
1991 -2.4939059365408 2.738710014638281 0
1992 -2.464029336662835 2.694268579747906 0
1993 -1.16115532375214 2.900562858556723 0
1994 -0.4918099281008063 1.198539715722352 0
1995 -0.446598156525945 1.195873206980597 0
1996 -0.4716590122536464 1.157078602136543 0
1997 -0.4249897204185136 1.154582353636275 0
1998 -0.4508578795920645 1.114818127722524 0
1999 -0.4027697093523166 1.112148987954184 0
2000 -0.3766123986557239 1.151242814710163 0
2001 -0.3534086035322417 1.109567504510811 0
2002 -0.3262275756622481 1.149855302337787 0
2003 -0.3024699191614572 1.106325890508099 0
2004 -0.2744224367183392 1.1470590478025 0
2005 -0.2499078206361259 1.102655590716759 0
2006 -0.2209220705360696 1.145087499072515 0
2007 -0.1959049710459273 1.099226254821276 0
2008 -0.1660132842589022 1.146511439976596 0
2009 -0.1398821724801947 1.095687324050086 0
2010 -0.1993447801310483 1.198698115259986 0
2011 -0.1086678867495246 1.144844094007365 0
2012 -0.08164868691676457 1.092966580681185 0
2013 -0.1139382569694616 1.043062042070391 0
2014 -0.05438877681577778 1.039991369579185 0
2015 -0.08738992005515138 0.9887089420620703 0
2016 -0.0257815156514579 0.9853393170279591 0
2017 -0.2793305059764743 1.060861034922337 0
2018 -0.4294254196956874 1.071597620456823 0
2019 0.5494095261993626 0.9739236753619974 0
2020 -0.7490322203464113 2.27223228805057 0
2021 -1.766323249227836 3.195695054331365 0
2022 -2.529104894614882 3.023114020966425 0
2023 -0.6751110909896618 2.13454281236631 0
2024 -0.9795386165487759 0.9288608251103914 0
2025 -0.9403078071145465 0.925629916831304 0
2026 -1.029416388497965 1.034750478118529 0
2027 2.073828447630834 1.053148149172356 0
2028 2.090266992183335 1.088514435867024 0
2029 2.067858149200594 1.120433764578928 0
2030 2.106705524001344 1.123880728685352 0
2031 2.084296678894496 1.155800058418692 0
2032 2.123144052793608 1.159247022953027 0
2033 -2.046180374644599 1.020717650006223 0
2034 -2.060708747630764 1.056374244044789 0
2035 -2.036823993143548 1.086957813227476 0
2036 -2.075468449776869 1.09223501310698 0
2037 -2.051584592361373 1.123007305057966 0
2038 -2.090226721274574 1.128286826256665 0
2039 -1.000265357322965 2.445048577356187 0
2040 2.376642863552338 2.109009031840474 0
2041 -0.8849723916005627 1.124383304477584 0
2042 1.657818118197683 0.9401497883965935 0
2043 1.107805294849493 0.2985606666826766 0
2044 1.902000017547127 1.003994810960963 0
2045 2.244671512792892 2.157545187033037 0
2046 0.9843646330676373 2.573566992876527 0
2047 -0.7660549402277353 2.441812308799918 0
2048 -0.498922991671381 0.7034111716587725 0
2049 0.5048381859778363 2.804921558477602 0
2050 0.4992590154230693 0.7983852464069774 0
2051 1.540022088057283 0.9303855548588735 0
2052 -0.8263722899166897 2.341244145885317 0
2053 -0.5131004243657269 2.705156591922319 0
2054 0.3930538489406667 1.914394276745733 0
2055 -0.8627356015314297 1.156427469236168 0
2056 1.194524089705569 2.533300080002527 0
2057 1.216794363115866 2.565018412515035 0
2058 2.368347192144383 2.211814106254629 0
2059 -2.099330898990804 1.061534165226163 0
2060 0.3971018145642074 1.76911801019095 0
2061 1.134540668202619 2.501789736343427 0
2062 1.082292027770903 2.604853670447627 0
2063 0.3158586710316782 0.9320582107953479 0
2064 -0.9039037185570257 0.6497963402898126 0
2065 0.8445383332106662 0.970220955093771 0
2066 2.372179103940719 2.045058477513616 0
2067 2.346534075740156 2.010841575653685 0
2068 2.307495996687073 2.014817192265612 0
2069 2.323065043032222 1.978999735466501 0
2070 2.361893800801996 1.974791694877636 0
2071 2.338754885018985 1.943301660853627 0
2072 0.9513754435130766 2.858872638783625 0
2073 -0.7852223005860687 2.476714099996209 0
2074 1.78509594724173 0.338307207806998 0
2075 1.807662567449771 0.3945552720439593 0
2076 -1.891399145880422 0.9989063243695049 0
2077 -1.852809979879224 0.9936792802458346 0
2078 0.7582044320536008 2.274714331804959 0
2079 0.7972211493277621 2.274328092445291 0
2080 0.7772113655925588 2.240791847271487 0
2081 0.2092859440995977 1.026349385671227 0
2082 -1.299869818255066 2.555082715813878 0
2083 -1.31194423371583 2.587070309882181 0
2084 1.023111621349643 0.4403615219425459 0
2085 2.199483836289141 2.699899658492654 0
2086 1.446600727172892 0.362682415915722 0
2087 -0.7277534596052415 1.419646196716006 0
2088 -0.7066141416505204 1.452401794737029 0
2089 -0.6681857249898739 1.450769290436311 0
2090 -0.6855035531972155 1.485089680222536 0
2091 -0.6465645068549088 1.483112566951441 0
2092 -0.6642624864170209 1.517760546508525 0
2093 -0.6252949475961763 1.515773929617688 0
2094 -0.6430582829441762 1.550481590641255 0
2095 -0.6040994339541204 1.548505770810968 0
2096 -0.6218725642925135 1.583222744170398 0
2097 -0.6608231650044816 1.58518998266195 0
2098 -0.6396433772575613 1.61793730658225 0
2099 -0.6006926185000263 1.615969903663853 0
2100 -0.6184643225347355 1.650685393126219 0
2101 -0.6574146855298302 1.652652384301392 0
2102 -0.6362359688178368 1.685400822504973 0
2103 -2.189145003743408 2.736282287596778 0
2104 0.7583756314187271 0.6341586126507417 0
2105 2.412852904097909 3.145767348743343 0
2106 0.3425097878282843 0.8843253186300166 0
2107 0.287263858810611 0.8844558803450067 0
2108 0.3150953699459457 0.8347339577913486 0
2109 0.2568748145709663 0.8355881474392004 0
2110 -0.6528499504248335 1.03155359181032 0
2111 -0.6071665046508716 1.028791852969354 0
2112 -1.441356328418611 3.202035627776035 0
2113 0.07133082662073552 1.807967957323891 0
2114 0.09673178845909056 1.759676050953239 0
2115 0.1259559436902412 1.805317475441607 0
2116 0.1510101821099764 1.758432511274368 0
2117 0.1772526941429871 1.80228659474374 0
2118 0.1495507888334504 1.85044425771962 0
2119 0.2028629710275295 1.756821213225831 0
2120 0.5268423949479831 0.7529429594177559 0
2121 0.4725929838772314 0.7517505235833082 0
2122 -0.6187907482460938 3.17641614612582 0
2123 -0.6629206324651759 2.793075294164493 0
2124 1.16040248181354 2.878369859999022 0
2125 -1.683121053639239 3.056532321831014 0
2126 0.7084785964356144 2.794744745611411 0
2127 -1.190346258154156 0.9802959533426674 0
2128 -1.212759182243513 0.9476486302321003 0
2129 -1.196097069699367 0.9129609443290752 0
2130 -1.234968718594749 0.9161768643104802 0
2131 -1.25167342434146 0.9505671817797787 0
2132 -1.273843206007825 0.919358679542007 0
2133 0.7812507569655329 2.512476717198075 0
2134 1.451619085275009 0.6888052015126434 0
2135 -1.318178511811187 0.6125467846374109 0
2136 -1.875988528426716 3.194389273687621 0
2137 -1.986412422226038 3.193900639121456 0
2138 -1.521043070534415 3.064997014825488 0
2139 -1.037512838058265 2.580739781799994 0
2140 2.361027653845058 2.315859242224256 0
2141 -0.02768697214527989 2.210659880197998 0
2142 1.918438241963636 1.039360852400822 0
2143 1.401983797425975 2.901567621151329 0
2144 -1.343419570910665 2.886986592241837 0
2145 1.588681198660706 0.8002521799880125 0
2146 -1.046910250138719 2.86516124628776 0
2147 0.5179488533580165 2.204426125291898 0
2148 -0.1386006956087883 2.410004475567342 0
2149 1.156086898068194 0.994742393791886 0
2150 1.178139285716929 0.9625782507512728 0
2151 1.161333507978264 0.9274115003114003 0
2152 1.200197594681993 0.9304160887587933 0
2153 1.217022591371117 0.9655964752127135 0
2154 1.239077544787832 0.9334316692970459 0
2155 -1.504935656299888 0.2945602112288186 0
2156 -1.338594551415855 3.204484481378848 0
2157 1.19907527808326 2.599293046056674 0
2158 1.238092752568889 2.597629048889573 0
2159 1.255969769869702 2.563028133519107 0
2160 1.277043955865701 2.595835308156399 0
2161 1.294963165735721 2.561197490874933 0
2162 1.316009635141958 2.594029130821763 0
2163 1.333928639117123 2.559391381522532 0
2164 1.354967842020592 2.592229376801515 0
2165 1.372888213351484 2.557590431604489 0
2166 1.393926517715025 2.590429212753965 0
2167 1.617928215645042 2.87531527338334 0
2168 1.788352417115984 2.856405642214169 0
2169 -1.397738406786881 0.2831747391703332 0
2170 -1.229130930801182 3.20656136488279 0
2171 1.234286993938978 0.3550539465786882 0
2172 0.3706233538877007 1.952103871235235 0
2173 0.3481701005005094 1.913235296632839 0
2174 0.3215890959502763 1.962080303857217 0
2175 1.253871676868238 0.6753216293391842 0
2176 -1.853664296797392 2.86769565947227 0
2177 1.040330415940705 0.6573845107803649 0
2178 -2.032774575271083 2.863754535244794 0
2179 -1.257203431458984 0.8842348771311779 0
2180 -1.296069138368278 0.8874744327043702 0
2181 -1.312696695480759 0.9227523599045053 0
2182 -1.334932509127151 0.8907393747222518 0
2183 -1.351559676881228 0.9260215329965016 0
2184 -1.373797072515544 0.8939877966024983 0
2185 -1.390424439041207 0.9292672015204755 0
2186 -1.412662131468774 0.8972295476984684 0
2187 -1.429289580588577 0.9325078408190666 0
2188 -1.451527336247376 0.9004693487928297 0
2189 -1.434899850904448 0.865191539493734 0
2190 -1.473765093277061 0.8684308391224953 0
2191 -1.490392578391508 0.9037086513622745 0
2192 -1.512629464246985 0.8716811230848107 0
2193 -1.529257685272352 0.906949651812835 0
2194 -1.551494500976141 0.8749224289545072 0
2195 -1.568122880569187 0.9101894388948113 0
2196 -1.59036064518623 0.8781508048324713 0
2197 -1.606988275182177 0.9134268687500671 0
2198 -1.629226073018579 0.8813878418166081 0
2199 -1.645853583618236 0.9166653492518992 0
2200 -0.9065826934845198 2.871990271414936 0
2201 1.258937359787044 2.630297901464299 0
2202 -0.6185679836041836 2.539381758004684 0
2203 -2.393282320054736 2.076757277190671 0
2204 0.8161607240498436 2.240273977561304 0
2205 0.7961896917119674 2.206773744745838 0
2206 0.8362530078315796 2.273780561450442 0
2207 -0.9403757635347857 2.545611591260729 0
2208 -0.9010210316471698 2.54503278739823 0
2209 -1.079526395009186 0.9033449777127374 0
2210 -1.03926136196904 2.445585931361011 0
2211 1.034262375789086 1.052336052438621 0
2212 -1.29130631208018 2.617820321732948 0
2213 -1.330066878920704 2.618676513745468 0
2214 -1.349713870638511 2.5875126407056 0
2215 -1.368590726769034 2.618025957871592 0
2216 -1.388455482950102 2.585767293617541 0
2217 -1.408815505636838 2.617230128788187 0
2218 -1.4275879887902 2.587596054152061 0
2219 -1.448019382440507 2.619202895217498 0
2220 -1.466426528503175 2.587582760133619 0
2221 -1.485676848300812 2.620646765190442 0
2222 -1.505389223670974 2.589128431262732 0
2223 -1.524254929291591 2.622999536195912 0
2224 -1.544347981236347 2.587823528028499 0
2225 -1.563172737481504 2.623527778578046 0
2226 -1.583312503800546 2.588526706736283 0
2227 -1.602272547732174 2.623448409520467 0
2228 -1.622315968119569 2.589336615380454 0
2229 -1.641235913497827 2.624014519644358 0
2230 -1.661307973260094 2.589924077531236 0
2231 -1.680293599750345 2.623711250509219 0
2232 -1.700318579895213 2.589981754043582 0
2233 -1.719364087280203 2.623202359654424 0
2234 -1.73932962904912 2.590264677342612 0
2235 -1.762522517361066 2.626575116344626 0
2236 -1.778330159669037 2.590879677077716 0
2237 -1.759416964611808 2.55888634778382 0
2238 -1.798459523532064 2.557919462478691 0
2239 -1.817369682305338 2.590378053860382 0
2240 -1.837319788466444 2.558187464120782 0
2241 -1.856286898151421 2.591791029481768 0
2242 -1.876280235389598 2.558825752687466 0
2243 -1.895237243901996 2.592535517457525 0
2244 -1.91526781091547 2.559057911274372 0
2245 -1.896480191483934 2.527208841396311 0
2246 -1.935432150094849 2.525962945352446 0
2247 -1.954307351689269 2.559616563583385 0
2248 -1.974242098451527 2.526022046512877 0
2249 -1.955390565232816 2.492150928747888 0
2250 -1.994228664794964 2.492508952072134 0
2251 -1.975416170845307 2.458629888159937 0
2252 -2.01421376906866 2.45900580997185 0
2253 -1.995393535167679 2.425123729478075 0
2254 -2.034182632564702 2.425535568912676 0
2255 -2.015432396273769 2.391668582146596 0
2256 -2.054159499339731 2.392045875947077 0
2257 -1.938924844512606 2.456146827807453 0
2258 1.255854025022006 0.9681256557392117 0
2259 1.27795149346014 0.9363675745279516 0
2260 1.376006068248165 2.625068226288874 0
2261 1.414964542095299 2.623268238778328 0
2262 1.432884957916204 2.588629254669287 0
2263 1.453922988627707 2.621468275156524 0
2264 1.471843399896158 2.586829295028941 0
2265 1.492781032694236 2.617495289264903 0
2266 1.510785108428261 2.584667164751012 0
2267 1.532053457201351 2.617342559737486 0
2268 1.549793091459152 2.58308138209419 0
2269 1.571172884191929 2.61802586100951 0
2270 1.588871252794682 2.583562779915443 0
2271 1.609892881359582 2.61599514170284 0
2272 1.627809906736236 2.582104586978608 0
2273 1.648808284068807 2.614213683639657 0
2274 1.666662491130783 2.578331920134301 0
2275 1.687692205593407 2.6110122297947 0
2276 1.705597913006466 2.576101490360887 0
2277 1.726634390351143 2.608906943169039 0
2278 1.744553518702264 2.574247970154766 0
2279 1.765591076996202 2.607078063621763 0
2280 1.783511194950097 2.572434264173268 0
2281 1.804549075603297 2.605270981583626 0
2282 1.822469412217532 2.570630815053323 0
2283 1.801431391761231 2.537791608623801 0
2284 1.840389786215004 2.535990775874148 0
2285 1.861427757063827 2.568829978590755 0
2286 1.879348217340947 2.534190768567539 0
2287 1.900386254439961 2.567029745313294 0
2288 1.918306663799668 2.532390773214244 0
2289 1.897268632734872 2.499551754095855 0
2290 1.936227075037665 2.497751787925735 0
2291 1.939344695554089 2.565229787490046 0
2292 -1.822108948376604 2.52565789823131 0
2293 -2.160518682598414 3.191567430425848 0
2294 -2.221277144016726 3.188929017575872 0
2295 2.567093510956363 3.068847680658758 0
2296 -0.9016007453972152 1.159665227450728 0
2297 -0.8794040568409214 1.191733084187427 0
2298 2.112675838710313 1.056595105459207 0
2299 0.9028873692937389 0.4310302077534385 0
2300 0.5017087750719732 0.7045704590807202 0
2301 -0.9315730689379921 0.4332919139405371 0
2302 1.765501096501314 0.2892858992598004 0
2303 -2.50240407001692 3.196893769536288 0
2304 -2.568838742679457 3.194285201060457 0
2305 -0.04744352226833885 3.132244857835039 0
2306 0.02716557628161904 3.133134168018797 0
2307 -0.1982161153189226 0.7944405216235719 0
2308 0.8669975839027682 0.9368746025029533 0
2309 0.8264425406011 0.9339422511908171 0
2310 -0.2981461985573653 1.191895623019567 0
2311 -0.7032005616367347 1.519716286181091 0
2312 -0.2927384771884189 2.706172392075113 0
2313 -0.2330281278345294 2.703470935053238 0
2314 -1.129384671250152 1.009190026189602 0
2315 2.515540368502528 3.189363386015495 0
2316 2.583408078103966 3.181013591007574 0
2317 1.367271565615046 0.4921540504512842 0
2318 -2.302854513545079 1.943030511375747 0
2319 -2.324147648129895 1.912478362083244 0
2320 -0.8350901018594458 1.018554964197423 0
2321 -1.846516657200917 0.3778828751529324 0
2322 0.08236550749215696 1.274354974359502 0
2323 -1.302380295134962 0.4160246883034926 0
2324 -2.051951484124084 2.458698203975445 0
2325 2.099558875742124 1.196297410848034 0
2326 2.139582580927962 1.194613317535332 0
2327 -2.066490063955969 1.158022575519628 0
2328 -2.105008899727075 1.164198109859463 0
2329 -2.128873304476253 1.13351875518832 0
2330 -2.143631347443608 1.169612589023589 0
2331 -2.119746481027958 1.200441837152328 0
2332 -2.158383889835935 1.205747319917418 0
2333 -2.13449972291394 1.236571683184385 0
2334 -2.172960280655778 1.241920507087523 0
2335 1.044760769833992 0.9182931895833715 0
2336 1.005680494550325 0.9153393219041275 0
2337 -0.7700709603185136 1.354008343715894 0
2338 -0.7912039138372546 1.321195132296708 0
2339 -0.1531575260296935 1.819711415930334 0
2340 -0.1776923125246241 1.865747085045165 0
2341 -1.680657627604755 2.874067548017789 0
2342 -0.9314611273165975 2.913700637355359 0
2343 -0.5863314237320958 1.51377481095991 0
2344 -0.5651334479895522 1.546544514177577 0
2345 -0.7022017480715644 0.3148652824269358 0
2346 1.915189044102958 2.464912767893869 0
2347 1.954147485571981 2.463112807578528 0
2348 1.975185516474615 2.495951827835598 0
2349 1.993105926898146 2.46131284826634 0
2350 1.972067896006343 2.428473827933204 0
2351 2.011026337303079 2.42667386882769 0
2352 2.221583400368714 2.126113527258994 0
2353 2.206149798293939 2.161642586925096 0
2354 -0.6751863221876634 1.68736780366621 0
2355 -0.6540076602065975 1.720116298810736 0
2356 -0.6150572908466635 1.718149301013716 0
2357 -0.6328290044149665 1.752864800394625 0
2358 -0.6717793689989933 1.754831793222889 0
2359 -0.6506007190403543 1.787580300875304 0
2360 0.5955481921365007 0.9753110150624678 0
2361 0.5736499550032306 1.015471275195047 0
2362 2.161991426648759 1.162693987507973 0
2363 0.9345778092356564 0.2946121281092258 0
2364 2.284318536645496 1.983293873170395 0
2365 -1.50784476450848 2.881585380982796 0
2366 -2.412195374227726 2.697354400356296 0
2367 -2.435117007479026 2.650846507814526 0
2368 -2.486568575005687 2.64730329694461 0
2369 -2.457626166724787 2.605244683727033 0
2370 -1.684816799142859 2.557218919202453 0
2371 -1.291684904732151 0.271635801130778 0
2372 1.676337013722619 0.9755678981283959 0
2373 1.696812818276882 0.9426920621108619 0
2374 1.713761005627375 0.9775569794928841 0
2375 1.652951164991059 0.280122632063017 0
2376 1.598498631376254 0.2777307194079175 0
2377 -1.90083186930891 0.5195238420130956 0
2378 0.4824080989363471 0.3340719257723619 0
2379 2.178961404021154 1.198433384360794 0
2380 2.15761865871956 1.2292897902952 0
2381 2.197811531359107 1.233173420725605 0
2382 2.175153342903376 1.264288439324302 0
2383 2.032064368193665 2.459512889169351 0
2384 2.049984778589316 2.42487390979591 0
2385 2.028946747697178 2.392034889465116 0
2386 2.067905188983708 2.390234930431288 0
2387 2.046867158091361 2.357395910101965 0
2388 2.085069729821875 2.35520490338426 0
2389 -0.9629793950800531 0.8929605402924954 0
2390 1.723515274136035 2.541405617550505 0
2391 -1.117562663449502 3.209577049286842 0
2392 1.013234075431414 2.735521280285994 0
2393 -1.993367385726771 2.560028528434013 0
2394 -1.973252373373889 2.593652599641366 0
2395 -0.2279476286873116 0.8475885536175607 0
2396 -1.937142160317298 0.6075268297349308 0
2397 -1.955323071050434 0.6498357155147301 0
2398 0.7868051358937262 0.5915848650893478 0
2399 -1.020228459997128 2.411545534286503 0
2400 -1.001523788498307 3.208443469504588 0
2401 -2.435273783262825 3.203649745339501 0
2402 -0.5795138529032819 1.648718291008749 0
2403 0.8239992036627759 0.2859816670756896 0
2404 -1.897998184840399 3.0512883742274 0
2405 -1.032104472258648 3.076268606861224 0
2406 -2.149226216302023 1.272688958385688 0
2407 -2.187172115696678 1.278244251206148 0
2408 -0.889481606382688 3.21610342173864 0
2409 0.4462879224175201 0.703788128181196 0
2410 -0.494044707054878 3.170285727459713 0
2411 -0.4770809679221928 0.4592335946568529 0
2412 -1.573739873453481 0.842892917224328 0
2413 -1.837351623311801 2.623140021359632 0
2414 -1.790830108789028 3.053657217858677 0
2415 -0.5783481020779149 0.3048224266216426 0
2416 -0.6963649689408056 1.654619292678861 0
2417 -1.45713766119517 0.8331529321408142 0
2418 -0.05991840681011766 0.9328878821158204 0
2419 0.003295545422076591 0.9296270124149788 0
2420 -2.035410596928628 2.358175647196593 0
2421 -2.073001101366976 2.357875408319077 0
2422 -2.508785087102572 2.601246256655114 0
2423 -2.479874547358976 2.559564483539133 0
2424 1.819351760492096 2.503151839927074 0
2425 1.134032488283356 1.026907141383621 0
2426 -2.36305948635091 1.909858111226207 0
2427 -2.341334411570315 1.877469571121249 0
2428 1.48101725628543 2.654695167398828 0
2429 -1.136288033510843 2.480700979219158 0
2430 -0.794453199016129 0.8879512756196035 0
2431 1.154861305156163 0.4878585970856948 0
2432 2.37872594746336 1.939641497562226 0
2433 2.354628011829467 1.907687333399783 0
2434 2.315694436905352 1.91187665332583 0
2435 2.331377833793062 1.876168610721612 0
2436 -0.2969771007404691 3.189424455446955 0
2437 -1.413320301937261 3.067702014842804 0
2438 -1.306035802607483 3.064739754153401 0
2439 -2.36433301487351 2.791051302316603 0
2440 -1.512892260549052 0.4372077212731602 0
2441 1.735492682651939 0.9451616819814586 0
2442 1.752683972385725 0.9801319685252297 0
2443 1.718270025893601 0.9101777987613269 0
2444 -2.012941731219542 1.117745895866786 0
2445 0.1761026905327163 1.713063016852396 0
2446 0.2271620126909547 1.712036023440217 0
2447 -1.60136911772536 2.555899557930474 0
2448 -1.46720606123049 2.649131817365274 0
2449 0.2010643079400942 1.671124866856836 0
2450 0.251109376174774 1.668135558126713 0
2451 0.2192153312871662 1.623668901928058 0
2452 0.2748486992908785 1.62381209279739 0
2453 0.2496008814746014 1.581765256495228 0
2454 0.2984852964288512 1.580767071230911 0
2455 0.2731755925627702 1.539412441206657 0
2456 0.3211604249877053 1.537784063809687 0
2457 0.29639303869841 1.497382953538837 0
2458 0.3437279926334322 1.496422544431412 0
2459 0.320950932687225 1.456850464325365 0
2460 0.3665184140189149 1.455103880889853 0
2461 0.3439973015330026 1.415928437085714 0
2462 0.3890393326951469 1.414511617472847 0
2463 0.3649812477147686 1.374372064459315 0
2464 0.4109908079716267 1.373699577434129 0
2465 0.3870198723024856 1.333738554424693 0
2466 -0.6895510838005624 1.789547293886862 0
2467 -0.6683724348434521 1.822295802581248 0
2468 -2.012316532149225 3.040228088164126 0
2469 -1.32847253598272 0.9568646370800542 0
2470 -1.233934132294387 2.514130802198371 0
2471 2.04695375701567 1.151653812919923 0
2472 1.621507114160371 0.6983655337632677 0
2473 -0.7735228048070015 1.28651967544608 0
2474 1.770001139908674 0.5562864349779075 0
2475 1.815663529434751 0.5612888846123525 0
2476 1.839988386857715 0.3439141124448186 0
2477 1.865895489195617 0.3935902158839737 0
2478 1.87987420384778 1.036112204611636 0
2479 -2.272586858758896 2.017504478821521 0
2480 -2.255400466122911 2.052513446988846 0
2481 -1.918734092916425 0.7968771428594392 0
2482 -1.959026836942237 0.8014649177118478 0
2483 -2.538344334140789 2.643735938302229 0
2484 -2.303254279816979 1.879645481226876 0
2485 -2.320090662092618 1.845175205386487 0
2486 -2.357141111307787 1.843456016182992 0
2487 -2.336646304430034 1.810253794728031 0
2488 -1.62267160859265 0.4462765710227932 0
2489 -1.418272364886747 0.8299138413640981 0
2490 -1.350406616563277 2.647975815598553 0
2491 1.294814516035744 0.968779846739658 0
2492 1.316851244189062 0.9392422397234501 0
2493 -0.8572986385201635 0.274649787225854 0
2494 -1.759394470767386 0.7751974932627226 0
2495 0.2863812319230477 0.783897551366926 0
2496 -1.507020033512762 0.938986845845514 0
2497 1.02783537785638 0.8831311211479118 0
2498 0.5193229247909494 1.914959529022235 0
2499 0.5393232218119972 1.87995261885815 0
2500 0.5588611844013736 1.91482541802395 0
2501 0.5788037081138349 1.88085649531921 0
2502 0.598117597883308 1.916190014380008 0
2503 0.6178764096681681 1.881430910049749 0
2504 0.6371595938236944 1.916659366971428 0
2505 0.6568702971979443 1.881747450360318 0
2506 0.6376008125335861 1.847660333411203 0
2507 0.6761655287289218 1.915652829066062 0
2508 0.6569887795300354 1.950914362229139 0
2509 0.6765787030968955 1.847862937328962 0
2510 0.6573152031023548 1.813950612405342 0
2511 0.6955507728588152 1.949607100591224 0
2512 0.6757610384643304 1.982894654498905 0
2513 0.7140891800158586 1.983580943712606 0
2514 0.6949459505588216 2.016861504983056 0
2515 0.7332409136217823 2.01749873434055 0
2516 0.7141999054795298 2.050769953556478 0
2517 0.7531920658947324 2.051007038670075 0
2518 0.7335986039727929 2.084600420794361 0
2519 0.7726506481673464 2.084803454911721 0
2520 0.6962853258919244 1.814159826304876 0
2521 0.6770214970405992 1.780277625823537 0
2522 0.01609820747949766 0.6811894800538743 0
2523 -0.3527218417097661 2.506034295347469 0
2524 -0.5938786368997103 1.75089780451677 0
2525 -0.9871010321833547 0.438481697936995 0
2526 -1.279438808063296 0.8522353189079945 0
2527 -1.240570797925867 0.8489911682321063 0
2528 2.064661590226186 2.322691756124985 0
2529 2.102843165580142 2.320489886971642 0
2530 2.292585551801859 1.880430504228384 0
2531 2.308260875857928 1.844718938029212 0
2532 2.347025095196413 1.840442448758452 0
2533 2.32393201459424 1.809005270027458 0
2534 1.896077236752149 1.071312946865433 0
2535 -0.6292575454490297 1.450118740331966 0
2536 0.2291408114404636 1.799970536638272 0
2537 -2.59966950190791 3.134098047401862 0
2538 -1.181183184951758 0.2598009952596336 0
2539 -0.9534017379479378 2.713369094335844 0
2540 1.056739387392576 2.73250295644567 0
2541 1.921395592661202 2.59988720018355 0
2542 1.96047892367612 2.598042029964742 0
2543 -2.215739797858574 2.359433977236729 0
2544 -2.195497175231051 2.326930300119532 0
2545 0.7089799717139852 0.2880765218527075 0
2546 -0.7720122743067332 3.22545879118748 0
2547 0.2267466991956417 0.7842545064275626 0
2548 0.196870065170982 0.8371135443843125 0
2549 -0.02758396215940128 1.471501032407804 0
2550 -1.582705629872536 2.659683124024373 0
2551 0.8351792515347947 2.206223753274049 0
2552 1.300014758509644 0.9042330179294025 0
2553 1.338899227200633 0.9072557425313514 0
2554 1.355756548571472 0.9420664143464061 0
2555 1.377786240759053 0.9102420041222812 0
2556 1.394615058590614 0.9454193361001306 0
2557 -1.623615813454362 0.9487040397357867 0
2558 -1.661301913913722 0.9524988056378154 0
2559 1.453302418036983 2.54842392482053 0
2560 -2.384010819064885 2.654773597246507 0
2561 0.541896902412264 1.737674416157767 0
2562 -0.7455390204888876 1.454251236306891 0
2563 2.08265477145018 2.288090424613079 0
2564 2.121507078229311 2.286235557092715 0
2565 2.100711227358471 2.253521828139323 0
2566 2.214303235636011 1.268000962645335 0
2567 2.189203210106968 1.30060492004048 0
2568 -2.05490769757765 2.324395049629553 0
2569 -1.197217765829526 3.066167108394231 0
2570 0.4749409880973883 0.6551998621493276 0
2571 0.5316275709106999 0.6572166422839734 0
2572 0.7345308215867488 0.5879034443686324 0
2573 -2.165984017524038 1.30797219564975 0
2574 -2.202353020430757 1.314171495384494 0
2575 -2.177828927222757 1.347168765260736 0
2576 -2.21600252006363 1.351042201017495 0
2577 -2.194904833293144 1.382879328054089 0
2578 -2.231451838360826 1.386662564080576 0
2579 -2.297884214001181 1.812692431072077 0
2580 -2.316620101070535 1.778486669279498 0
2581 -0.6876406368058842 2.837974675080237 0
2582 -0.6350025906747288 2.837300059981032 0
2583 -1.408330526784867 2.552004599385422 0
2584 -0.923045561742621 0.8896446401729332 0
2585 1.275485041475277 2.529165782483747 0
2586 -1.977476096289429 2.394458930421996 0
2587 -1.668091367091816 0.8846264974262024 0
2588 0.9198874493728568 2.475806935464814 0
2589 1.64080831763632 2.545334151929576 0
2590 -0.7073227997999449 1.824262795797018 0
2591 -0.6861441510424707 1.8570113046991 0
2592 -0.647193785985495 1.855044311378791 0
2593 -0.6649355185448045 1.890353551526429 0
2594 -0.703910870056169 1.891825763246766 0
2595 -0.6825223652731554 1.925091075593573 0
2596 -0.7216509419117824 1.92656142853107 0
2597 -0.700081720466476 1.959811000089452 0
2598 0.6199202276089292 1.015287933574544 0
2599 0.6435873016632546 0.9709022858171543 0
2600 0.5971927055138793 1.054694747598593 0
2601 0.5512462124354731 1.055404552758924 0
2602 0.574427835180316 1.094343174184724 0
2603 1.488295244535002 0.539439176891797 0
2604 -1.867515299900924 1.029739441130269 0
2605 -1.828873818259639 1.024472410448791 0
2606 -1.814134404913585 0.9884257172815166 0
2607 0.5867802867743779 1.599974186477782 0
2608 0.6048171042726503 1.635413270679828 0
2609 0.6257474202307256 1.601777768052715 0
2610 0.6437588451476459 1.637339266936249 0
2611 0.6647074289830164 1.603500472257034 0
2612 0.6827188360519815 1.639047030092645 0
2613 0.7036700904041551 1.605171738164608 0
2614 0.6222196113785337 1.67325241634773 0
2615 -1.408768101046528 0.420816147207145 0
2616 -2.089927074220575 2.391850446601831 0
2617 2.40059477137509 1.970447471258463 0
2618 0.528806898473413 1.094911359271528 0
2619 2.147648194562385 1.294267968391388 0
2620 2.268642403218566 2.019006297300654 0
2621 2.245541943888687 1.98755850169604 0
2622 -1.521736048772387 2.555005347297961 0
2623 1.532107091583328 2.545995517657722 0
2624 1.431096444642947 0.7908731999243723 0
2625 -0.8123863318906539 1.288431254145708 0
2626 -2.636584539599828 3.190903939814209 0
2627 -0.7448757101117898 2.476033134167706 0
2628 -0.7646892977722468 2.511918827061995 0
2629 0.8870098005111954 2.619810821397783 0
2630 -0.918235585861189 1.194948203085482 0
2631 -0.9404670152792201 1.162905421536173 0
2632 -0.8960380375906525 1.226969926810662 0
2633 2.45396818618249 2.925062827188656 0
2634 2.511819112454255 2.917733866407386 0
2635 2.476801297887177 2.871277640776202 0
2636 2.534640320901913 2.863851400704445 0
2637 2.499766290212117 2.817948091606039 0
2638 2.569468662906051 2.913773186759517 0
2639 2.556827911425178 2.810570619054896 0
2640 2.52211836800217 2.765461918648214 0
2641 2.466672471789847 2.772321199406493 0
2642 2.487975862195686 2.72177495050432 0
2643 2.434779071285341 2.727840038070859 0
2644 2.45514127798101 2.679457257747587 0
2645 2.403286304084142 2.685314205880661 0
2646 2.424138310432714 2.638036540151805 0
2647 2.474543283108707 2.631678913429887 0
2648 2.443300372044254 2.591105823465673 0
2649 2.492649800858731 2.584369035878737 0
2650 2.463079679577816 2.544687978226057 0
2651 2.524718777874603 2.624335850055762 0
2652 2.393784913753759 2.597905208221268 0
2653 1.066955844113283 0.8860066893951233 0
2654 -2.247244370583597 2.222317028736584 0
2655 -2.225554847526784 2.189878039327807 0
2656 2.024461130178953 0.9470050986365597 0
2657 2.063360262544334 0.9504962206697192 0
2658 2.046917875243598 0.9147855062431829 0
2659 2.086158102951441 0.918396342370335 0
2660 2.069520165816547 0.8817007109074266 0
2661 1.671773701262672 2.647928806950867 0
2662 -0.2321144366587586 1.660998973408122 0
2663 0.6856238335830681 1.570443201300293 0
2664 0.7245890096257118 1.572069810463265 0
2665 0.706536645027021 1.537469705998949 0
2666 2.291614680214488 2.803945459016095 0
2667 -2.208334335386838 2.224864959906437 0
2668 -2.17852456001537 2.195417042676285 0
2669 -2.169491522923555 2.236729685240209 0
2670 -2.202507582247753 2.157974759732328 0
2671 0.7584073818491908 2.209870700580022 0
2672 0.9886503599829417 0.8798223146348907 0
2673 1.233939492491249 1.006605623271382 0
2674 -2.16751302085036 1.138806391823129 0
2675 2.510037659203656 2.53722076078686 0
2676 2.480874789568097 2.499264471550696 0
2677 2.433469823170072 2.505745070310477 0
2678 2.451964290353539 2.461416831267527 0
2679 -2.001640429146549 0.9116326592088473 0
2680 -2.040785476906512 0.9172503759104638 0
2681 -2.012333536051004 2.594120120027106 0
2682 -1.992416248000127 2.627999455444631 0
2683 -2.430070459424573 2.5635598365377 0
2684 -2.453733000981687 2.519774046255865 0
2685 -2.501084152292844 2.515219499936276 0
2686 -2.47432292491016 2.475657023359975 0
2687 -2.192315815825364 3.243548095574735 0
2688 -2.254511469514815 3.241472877738383 0
2689 0.5517139262402098 1.133836099912157 0
2690 0.5064046313738626 1.134448738123731 0
2691 0.5292325238514047 1.173230206524807 0
2692 0.4840293594640199 1.173683454146937 0
2693 -0.9557854627394737 0.4832864570783297 0
2694 0.4338357093562016 1.332232069251307 0
2695 0.4106109784761308 1.292248118601019 0
2696 -2.386819621690823 2.246591285729007 0
2697 -2.409291594936584 2.280844833373173 0
2698 -2.42768750377422 2.243297070646964 0
2699 -2.450974022241782 2.278141846976558 0
2700 -2.431970876309425 2.316322350530717 0
2701 -2.475001989036993 2.313718156336825 0
2702 2.228288429098481 1.304012704032444 0
2703 2.205701556755176 1.335932301853441 0
2704 2.244328037657194 1.33948008772381 0
2705 2.221860026061314 1.37141286320823 0
2706 1.183386714474413 0.8955104186642069 0
2707 2.103667249058129 0.9550814470768436 0
2708 2.498787959864589 2.454761132631888 0
2709 2.469859050713604 2.417504507837641 0
2710 -2.208395212731175 1.417464320699917 0
2711 -2.245274277706984 1.423116124634651 0
2712 -0.504994646689771 0.5149100902259467 0
2713 -0.5662189381272411 0.5181416443197344 0
2714 -0.6956751699819714 1.036094218284375 0
2715 -0.9204279386852774 2.579740304112624 0
2716 -0.145690707850691 0.9938927072914334 0
2717 -0.8574432011126288 0.9868547464384462 0
2718 -0.6338508079249549 0.9925767835826991 0
2719 -0.5867171459572069 0.9888018606031994 0
2720 -0.04993157337619686 1.142844857376271 0
2721 -0.07759825858567716 1.195113448255467 0
2722 -0.8087973869626752 1.355889304826298 0
2723 -0.7393819906518768 1.961281028342935 0
2724 -0.7181965640178547 1.994030220228636 0
2725 -1.059224715779522 2.412082747751543 0
2726 1.628993281078267 0.2289762460140816 0
2727 1.574954425169133 0.2279403256716641 0
2728 -1.984075808887946 0.6133184234133291 0
2729 -2.002397260794924 0.6560767533677527 0
2730 1.397044130615806 2.657907219090481 0
2731 1.358085465618298 2.659707062645203 0
2732 0.6575048602848117 2.018938204676755 0
2733 0.7350027903147702 1.948764375590432 0
2734 -0.2618782001697498 2.757494702022984 0
2735 -0.2005941097376972 2.755484155787457 0
2736 -0.1716276715060898 2.700111090500574 0
2737 -0.1379757587150518 2.753497994150125 0
2738 -0.1084840044260017 2.696858772057372 0
2739 -0.07347423221443575 2.751464048705464 0
2740 -0.04363496979730917 2.693527289306893 0
2741 -0.5847159728186112 1.06464900467422 0
2742 -2.222785570465647 1.453370849234178 0
2743 -2.261282475055081 1.458642871559268 0
2744 -2.237988510759894 1.48922122595913 0
2745 -2.276322552599247 1.494605828501806 0
2746 -2.252867235003405 1.525256884571323 0
2747 -2.291231490714602 1.530637927037249 0
2748 -2.26737177349028 1.561456885949344 0
2749 -2.305971958085415 1.566743380023772 0
2750 -2.282084162403668 1.597574564677712 0
2751 2.178499164185358 2.956489147868627 0
2752 2.125704437695845 2.960994805556434 0
2753 2.156289524116167 3.004805697514239 0
2754 2.102410305761414 3.009457884285425 0
2755 2.133651698720211 3.054209056340748 0
2756 2.078661184952294 3.058869934612018 0
2757 2.110483792699997 3.104917880075002 0
2758 2.054587125628994 3.109291689758 0
2759 2.023118953372907 3.06387509382402 0
2760 1.998933630146402 3.113303244989672 0
2761 1.967762345964893 3.068286285144687 0
2762 1.943648826835217 3.117131774131934 0
2763 1.91174989543527 3.072258630184587 0
2764 1.888915675558189 3.121126096559744 0
2765 1.856693965253008 3.076681894350438 0
2766 1.83479034903396 3.125014093795114 0
2767 1.803673554689959 3.080775242319921 0
2768 1.781572775911821 3.129477911884374 0
2769 1.750918414848628 3.084769684764396 0
2770 1.728037194642255 3.133687803712119 0
2771 1.697618413146901 3.08889041048333 0
2772 1.673737500966699 3.138344008815563 0
2773 1.645648116492189 3.091475224249237 0
2774 1.620309889780374 3.141953917353439 0
2775 1.59600999069872 3.093958128405527 0
2776 1.568156541782473 3.144400969816815 0
2777 1.542015284282213 3.090844539528297 0
2778 1.515211791716713 3.147077091390942 0
2779 1.484959935685796 3.102837003836884 0
2780 1.461315991912084 3.152259878102149 0
2781 1.430888140470415 3.108402730514396 0
2782 1.407625522353441 3.156808072515325 0
2783 1.377701332950497 3.112683638726444 0
2784 1.353922429998504 3.160878747763336 0
2785 1.324865609331906 3.116637783455049 0
2786 1.300084739749957 3.165292232297578 0
2787 1.270406245621182 3.120433529466974 0
2788 1.245498785673309 3.16934468173252 0
2789 1.214526530298945 3.124239136601699 0
2790 1.190536676387609 3.173859156701082 0
2791 1.159126082603481 3.128152387438297 0
2792 1.135056449626665 3.178307261358151 0
2793 1.103328324150669 3.132052508600126 0
2794 1.079178980924834 3.182557023336543 0
2795 1.047237193537797 3.135897478649897 0
2796 1.023520417208614 3.187608076726152 0
2797 0.9897088642964667 3.139682241130166 0
2798 0.9658414253182391 3.192775640412799 0
2799 0.931639722029431 3.143712210071447 0
2800 2.028802967932293 3.16050036323639 0
2801 0.9063842244164573 3.196975863765537 0
2802 0.8734146101665778 3.147931827449022 0
2803 1.705693490069044 3.186482836515269 0
2804 1.865318741422515 3.170504117807973 0
2805 1.544504251759646 3.193404197813478 0
2806 0.8985789047840649 3.09544945472173 0
2807 0.8412071530803142 3.099567538650544 0
2808 0.8149087670341164 3.152083149435247 0
2809 0.7836384020571107 3.103225587553044 0
2810 0.7557268018587311 3.155519505008275 0
2811 0.7236744773979776 3.105992665019809 0
2812 0.6953520005820126 3.159472097979867 0
2813 0.6613514139697775 3.108727116832651 0
2814 0.6336156591832138 3.163985630690456 0
2815 0.5988739778375332 3.111874262975975 0
2816 0.5707414170812077 3.168358650730107 0
2817 0.5357653243567989 3.115166991216219 0
2818 0.5066521332838547 3.172795225896608 0
2819 0.4706779923932639 3.118476569673186 0
2820 0.6960962206144581 3.05626464182432 0
2821 1.33062006816951 3.210608802511711 0
2822 0.4410607814686865 3.17736799784055 0
2823 0.5614565843955185 3.05748144435307 0
2824 0.4044496780970649 3.121916815347476 0
2825 0.3739952934567671 3.182055937672311 0
2826 1.437962668606404 3.201781879601864 0
2827 0.867037243632883 3.048205494826533 0
2828 0.9210968901787555 3.045599194397212 0
2829 1.244270397087948 3.075202574467426 0
2830 0.4333145839097894 3.062903901224712 0
2831 1.113276732808124 3.228600723716682 0
2832 1.127808820264307 3.085431586799972 0
2833 1.93047811093153 3.024163859730568 0
2834 0.7891387089693274 3.204399838541315 0
2835 1.221356965944668 3.220375250577413 0
2836 1.672190339566319 3.042769915915263 0
2837 0.3365199076690678 3.125293001133347 0
2838 0.3053125670099036 3.186884127200278 0
2839 1.773584505020577 3.037150074098275 0
2840 1.502419938273845 3.052143496133116 0
2841 0.6707256544529071 3.213695243495775 0
2842 1.401180359117408 3.065088298022935 0
2843 0.9409391131933 3.246934918107838 0
2844 0.5429374328164063 3.22703750498822 0
2845 2.075911954602845 2.962429955835446 0
2846 0.8495799320572505 0.8995750899039872 0
2847 0.8075487812166062 0.8965020812898521 0
2848 0.4604074082463007 1.290380281306867 0
2849 -0.2062704331219758 1.82231388546054 0
2850 -0.2300927831592105 1.86787570320752 0
2851 -0.2024172703111235 1.910794010486343 0
2852 -0.2529062199927386 1.912208334920286 0
2853 -0.2266442998815824 1.952547591762527 0
2854 -0.2762094741401833 1.955806627356766 0
2855 -0.2449510221872584 2.000047504827644 0
2856 -0.2984420710004226 1.999898250764033 0
2857 -0.2740317356399675 2.041537675837732 0
2858 -0.3227541385492722 2.042887580631989 0
2859 -0.2971886564399234 2.084082161249357 0
2860 -0.3452708865469987 2.086001691565911 0
2861 -0.3201126820755684 2.126419209997783 0
2862 -0.3677014297335551 2.127702462318633 0
2863 -0.345085058490398 2.167098690707408 0
2864 -0.3905572407685813 2.169668995085317 0
2865 -0.3686631749061212 2.208343803285176 0
2866 -0.4113661740453381 2.21218003033232 0
2867 -0.3899322259324806 2.250539323759956 0
2868 -0.4340347011536588 2.253556061210316 0
2869 -0.4105098048848033 2.292955713723896 0
2870 -0.4545170500151757 2.295940436995294 0
2871 -0.4323293306568082 2.334602620659871 0
2872 -0.4791251250786798 2.336447647010862 0
2873 -0.4548349152624445 2.37592860410347 0
2874 -0.5018803895077173 2.377670000511022 0
2875 -0.4403550751872182 2.176201224238662 0
2876 -0.4774317509990801 2.417105533276768 0
2877 -0.5243015124290686 2.418214668859875 0
2878 -0.5484330309502301 2.379152041140971 0
2879 -1.009197083720488 0.2379851935542798 0
2880 -2.025720710785861 0.8805003424414535 0
2881 -2.065330932793235 0.8856565965756045 0
2882 -2.080462845402539 0.9231391216641955 0
2883 -2.050722863716366 0.8490115737756041 0
2884 0.7217233244839774 1.639745016366702 0
2885 2.269490797216936 1.848992339866941 0
2886 -0.8730527267916364 2.585556501602571 0
2887 -0.5013775038298803 2.291681698247776 0
2888 -2.130818821700029 3.245287828097102 0
2889 -0.5701424774430579 2.418321182792963 0
2890 -1.651463886384684 0.8493486281605325 0
2891 0.8915213418162394 2.999072804474087 0
2892 0.836851601794122 3.002098028364012 0
2893 0.9508519905258147 2.999819915369743 0
2894 -0.7320758817238235 0.6784863060369999 0
2895 -0.7593335054854649 0.6359323005349724 0
2896 -0.7089729593145915 0.6336749580206043 0
2897 -1.010042684117012 0.4881008861357572 0
2898 -0.2247422192280778 3.189621661080857 0
2899 -0.2614981565968813 3.250773065829665 0
2900 -0.3350289572456263 3.248741473555613 0
2901 -0.7572240142348243 1.995884034819594 0
2902 -0.7360371861055143 2.028644259513112 0
2903 -2.198473344436158 1.210992527127984 0
2904 0.8386738732355551 0.5949726491157505 0
2905 -1.752644796119285 0.5097881309778842 0
2906 -0.07938985577377053 2.639603645239634 0
2907 -0.01409693781768711 2.635289101076038 0
2908 0.02213891317958771 2.690083788778032 0
2909 0.05100246357967582 2.630797015615333 0
2910 0.01512284130068042 2.576848954404429 0
2911 0.07933548725913687 2.572063812161555 0
2912 0.0436885301569425 2.519490569855352 0
2913 0.1068327121811132 2.515426788832657 0
2914 0.1414533392807773 2.56651233076103 0
2915 0.1673964126474898 2.510893827052349 0
2916 0.1339362615151238 2.461389388011503 0
2917 0.1927956555527514 2.457043880571193 0
2918 0.1605471335505017 2.40868636123202 0
2919 0.2180671107443572 2.405371130057144 0
2920 0.2496889953456788 2.451979356896834 0
2921 0.273779797997777 2.401689296112724 0
2922 0.2432581859962923 2.3560863665899 0
2923 0.3047957316759869 2.446937680885662 0
2924 0.2971582423698611 2.352686458145777 0
2925 0.2678267972508491 2.30836896047841 0
2926 0.3196964552714737 2.305207650791293 0
2927 0.2910590232382314 2.261181634505992 0
2928 0.239227929244493 2.264617139725257 0
2929 0.2626228707328596 2.217513120286271 0
2930 0.3513192811248974 2.347992352597239 0
2931 0.2818583919824222 2.49676971038805 0
2932 0.3362759314354157 2.491614643957178 0
2933 0.2107882764379197 2.220900988422162 0
2934 0.2345490462012296 2.174501829487662 0
2935 0.2856841559685392 2.171305604926552 0
2936 0.258042909528528 2.129007276548887 0
2937 0.3417389869222545 2.256756278261706 0
2938 0.101557279551465 2.41188006724777 0
2939 0.2065952196804014 2.13113679865293 0
2940 0.2305332185328244 2.085639576757488 0
2941 0.3135545091673375 2.540969804527754 0
2942 0.3673569422916987 2.536028964742458 0
2943 0.3895176694349032 2.487424820496212 0
2944 0.4198304041333172 2.53065136599923 0
2945 0.4420993407311555 2.483175949261923 0
2946 0.4711608251748647 2.524912432025679 0
2947 0.4930794488419157 2.480120355747983 0
2948 0.5209736416456845 2.52006015625166 0
2949 0.5413944820558967 2.476223219028653 0
2950 0.5686694808067519 2.514784448549207 0
2951 0.5167780286231229 2.437118765548383 0
2952 0.5886193315838405 2.472474354563556 0
2953 0.6152833222992569 2.510015228271231 0
2954 0.1793194325697952 2.087030388865488 0
2955 0.2030451843359729 2.041136435715251 0
2956 0.1286523799307561 2.360655079796284 0
2957 0.3084892250723616 2.126877881862218 0
2958 -1.790218781595844 1.019196028841194 0
2959 -1.775433471888096 0.9831197747196183 0
2960 -2.238025816747931 3.038129291428632 0
2961 2.362697623922156 1.804729528298491 0
2962 2.339610736634094 1.773295598942723 0
2963 2.300845775216626 1.777571680054087 0
2964 2.316524828011369 1.741862183110106 0
2965 2.355289714355274 1.737586062647368 0
2966 2.33220400127471 1.706152749512501 0
2967 2.293439136183566 1.71042888113388 0
2968 2.30793366686267 1.675589509664451 0
2969 -1.703743053085561 2.661510688885438 0
2970 -2.320718988736556 1.602847338310534 0
2971 -2.296832286934862 1.633678273847845 0
2972 1.592668846841233 2.652562825697225 0
2973 -2.032559118241136 2.560483861758284 0
2974 0.7144905031664521 1.847412468724448 0
2975 0.265794035503346 3.127626060747609 0
2976 0.2310482757738542 3.192104313567034 0
2977 -0.5473587250807403 1.51181107668774 0
2978 -0.5265538046883068 1.544839573609468 0
2979 -2.372799617300344 3.091155857570423 0
2980 -0.4250554752538121 1.234988375768545 0
2981 -0.3676318133790418 2.286699822992622 0
2982 0.7850453761263967 0.9311338969367171 0
2983 0.3745177045405293 1.804963738425065 0
2984 -0.0100094778345459 3.19910007998155 0
2985 -2.125405664189194 1.304391948398515 0
2986 -0.7749990354427673 2.030594342325303 0
2987 -0.7544175657300941 2.063036556908747 0
2988 2.00948373552142 2.360010702086972 0
2989 -0.3249641979399719 1.958244811037919 0
2990 2.139505715065417 2.251716213803172 0
2991 -2.354216091773103 1.775227543019873 0
2992 -2.333712832055308 1.743404555192644 0
2993 -2.29334588508927 1.745295075258316 0
2994 0.35296930438111 1.769251951519707 0
2995 -0.392419616319456 2.087908346964032 0
2996 2.105712218177924 2.385459781458053 0
2997 2.229860804193368 2.023266001665914 0
2998 0.3014364161131514 1.913853124042986 0
2999 -2.105557571849427 0.8911159081116362 0
3000 -0.7692055716365662 0.9263478517844963 0
3001 -0.4451363156090363 0.5099505620091913 0
3002 -0.4143519203794204 0.4556832759771221 0
3003 -0.8816946152640062 2.915168901256187 0
3004 -0.9075383573757858 2.961239482954033 0
3005 -2.538799580823756 3.251874760420504 0
3006 -1.440510129007616 0.797875135232321 0
3007 0.03944869358491677 0.9871989489635798 0
3008 -0.02907528975033134 0.8790776510136216 0
3009 2.118480721913352 2.218897132819701 0
3010 -1.407051800178062 0.9645466622505044 0
3011 0.8158375703400211 0.5480850643444573 0
3012 2.260660723229135 1.374878872328413 0
3013 2.238228382998154 1.406805751244637 0
3014 -2.52172482751409 2.471093873969936 0
3015 2.555482972105229 3.243547632944225 0
3016 2.62400927069462 3.236047762561685 0
3017 2.487084228692663 3.251261122407242 0
3018 1.786628662902033 2.63990958888752 0
3019 1.825571917839754 2.638100537535366 0
3020 0.3680994153657006 1.53611988695601 0
3021 1.757147246837727 0.9127329611678949 0
3022 1.739911737357681 0.8777435077083118 0
3023 -0.7138428209179997 1.689144745820151 0
3024 0.7001430935666981 1.675494935635305 0
3025 0.1656739873306965 0.7843470862610551 0
3026 -2.469509584999012 2.240172340065684 0
3027 1.895564882622554 0.3485938831371036 0
3028 1.87644209909657 0.3018036260783568 0
3029 2.395336564827995 1.904436374267667 0
3030 -0.9461061763889581 0.8562280156869342 0
3031 -0.9860883470095465 0.8600801807577698 0
3032 0.7448397388167773 1.5386900877058 0
3033 0.7273382182853576 1.504464333547403 0
3034 0.7692947856610939 1.504175007970738 0
3035 0.7468955908965299 1.470040735541291 0
3036 -2.335550725034694 1.638379291335135 0
3037 2.183104667742753 2.130179499053258 0
3038 1.917646496918017 0.3975760450301833 0
3039 1.891493822780003 0.4424188842525947 0
3040 1.940230371511058 0.4465177058212362 0
3041 -2.120363307018635 0.9291278416417248 0
3042 -2.095958053075063 1.230888722655099 0
3043 0.7397867265841089 1.674077632272267 0
3044 -1.4794173539119 0.8011160123011674 0
3045 -1.751571847946522 1.013932392187631 0
3046 -0.7928727464801255 2.065255111324029 0
3047 -0.7723077250723556 2.097689069489642 0
3048 -0.8106812024420005 2.099950993102468 0
3049 -0.789714938826253 2.132590641505051 0
3050 -0.8272251262249141 2.135294809035187 0
3051 -0.8072212726476603 2.167441874344908 0
3052 -0.8445080168268606 2.170260489428559 0
3053 -0.8250561099940756 2.202125031930104 0
3054 -0.8627493152671658 2.204735590886319 0
3055 0.4116092369388618 3.239545769975767 0
3056 2.166748387470208 3.099877492463389 0
3057 2.142853027759642 3.151771278784879 0
3058 2.201722456371383 3.147060843377062 0
3059 2.17575684355659 3.201575451983728 0
3060 2.237316155632358 3.196111117608828 0
3061 2.211100047355413 3.252081067766244 0
3062 2.27370022169703 3.246678905410055 0
3063 2.14847224683838 3.257399988174456 0
3064 0.08734904143679337 2.685778520026842 0
3065 0.07022403175901273 2.36274972533503 0
3066 0.09592881988132156 2.311812625363828 0
3067 -0.7349724918978935 1.656364561664919 0
3068 -2.092701579226293 2.324085451093344 0
3069 -2.07474954000371 2.290797828930268 0
3070 2.16058478521411 2.284510494237306 0
3071 -2.233831607989425 2.022445433347597 0
3072 -2.217078645411981 2.055142147638546 0
3073 2.071022809481649 2.457712930125305 0
3074 2.053102399087483 2.492351909488285 0
3075 -2.405059643348698 2.526069140893559 0
3076 -2.241298202384545 1.319317636349984 0
3077 0.6946174848138581 2.084355513655804 0
3078 1.351850175948548 2.524751416969775 0
3079 2.201458824713945 1.166576237997909 0
3080 2.184503609872873 1.130847205071978 0
3081 -0.1888222652360749 3.252553730856349 0
3082 0.7159902688562108 1.780492958580135 0
3083 0.1570517801913468 2.133686408027445 0
3084 0.409380684124459 0.6559081426868574 0
3085 1.913119222093077 0.490067756337988 0
3086 1.96195571140892 0.494527225581034 0
3087 1.934269031769837 0.5343336798965166 0
3088 -0.8429166101904675 2.236795076619099 0
3089 -0.881493349675492 2.238824839579414 0
3090 -2.455380551924113 2.351356320466167 0
3091 -2.499473994090357 2.349957124086031 0
3092 2.110862735738106 0.885527204476011 0
3093 2.092210537192663 0.8479695147957633 0
3094 2.051271856323979 0.844345518325782 0
3095 2.074125525039046 0.8096703968952328 0
3096 2.032161938843415 0.8060659502848166 0
3097 2.056468669437493 0.7703927883137283 0
3098 2.012872607755729 0.7668283883027547 0
3099 2.037870307748586 0.7303846750465686 0
3100 1.993349038274513 0.7269203132845627 0
3101 2.01883534993503 0.689646614103925 0
3102 1.973352053031002 0.686096613269022 0
3103 1.999397311829153 0.6479996582150425 0
3104 2.199382947753368 1.403357910819442 0
3105 2.215804902015591 1.438730416010665 0
3106 2.254654714802085 1.442176491575734 0
3107 2.232243836359554 1.474096562561225 0
3108 2.271091277700346 1.477543502547358 0
3109 2.248682032536307 1.509462978182792 0
3110 2.287529422753125 1.512909936804242 0
3111 2.265120505260094 1.54482929299957 0
3112 2.303967877589495 1.548276258141205 0
3113 -0.02016361099226659 2.5231380856811 0
3114 1.032033843668225 2.698061826440544 0
3115 0.6185079184615305 1.812579168763802 0
3116 -0.7625178551619174 1.182991709243106 0
3117 -1.689218662520728 0.8531110596888101 0
3118 -1.705735840031063 0.8864280336421073 0
3119 -2.164947300374394 2.160036110894342 0
3120 0.713934273224116 2.118235077953237 0
3121 -0.5423077498689389 2.456746091318978 0
3122 -0.9571069560307867 2.958497705003199 0
3123 -0.7285014484841984 1.791514286818757 0
3124 2.651362662203865 3.171945128579026 0
3125 0.2999246854479225 1.6658605971979 0
3126 2.182376873630162 2.242885628856659 0
3127 -0.2807697531574762 1.871013342501878 0
3128 1.416665879401501 0.9133103130665021 0
3129 1.433493468080399 0.9485013196032326 0
3130 1.411438457249302 0.9806676250370117 0
3131 -1.809173306737627 0.8855849307958761 0
3132 2.516296077249403 2.410839572029216 0
3133 2.486826462223514 2.374545250763449 0
3134 2.578685863827334 2.757813863764447 0
3135 2.613820343650692 2.803143282256312 0
3136 1.072779760048791 2.69675139335181 0
3137 -2.559839367871473 2.597049314668976 0
3138 -0.6646279498727756 2.884126834608392 0
3139 -0.7191115232840724 2.881460357155084 0
3140 -0.6092015483024809 2.883109167683985 0
3141 -0.5811846407736031 2.83591282375746 0
3142 -0.5526961532080236 2.88226693413866 0
3143 -0.5250344201648267 2.833946214158548 0
3144 -0.4947034528328135 2.882226622360797 0
3145 -0.4677442620080797 2.832360410384908 0
3146 0.8152006651582647 2.172729604777584 0
3147 0.7093951580802266 1.469959181392605 0
3148 0.7302679291822327 1.436908499050496 0
3149 0.7677428423434725 1.438343070049138 0
3150 0.751305074144708 1.404261330797886 0
3151 0.7901831883956711 1.405769663885632 0
3152 0.7729311095904816 1.37121557251407 0
3153 0.8109292634312324 1.372662593976198 0
3154 0.7935858820081594 1.338022394154564 0
3155 0.8317703878134705 1.339666049708303 0
3156 0.8145788405370213 1.305638555938093 0
3157 0.8526042787842116 1.306772354504388 0
3158 0.8361670287079557 1.272459398680794 0
3159 0.8736156084478561 1.273813709537779 0
3160 0.8566331350949437 1.239124803300628 0
3161 0.894847924488604 1.241058719752721 0
3162 0.8768477918586297 1.206516435014178 0
3163 0.9156683266608469 1.208239179413358 0
3164 0.8976279514879831 1.173665280686803 0
3165 0.9365674068610736 1.175328996625085 0
3166 -1.039444019164526 2.378615089094834 0
3167 -1.001070854353782 2.377600633403568 0
3168 0.9667991657664821 0.9121975669874365 0
3169 0.9493373106280689 0.8764306260279322 0
3170 2.309938271299848 1.480990605740689 0
3171 2.281630870980917 1.579385826454011 0
3172 2.320490217551184 1.582697830924127 0
3173 -0.4375980445432196 2.87957985707719 0
3174 -0.4096271738029976 2.830523736213165 0
3175 0.3214631337618182 1.380742816745235 0
3176 -0.1820197067333442 1.77634695658043 0
3177 2.242723619261535 1.576613667653737 0
3178 0.2982491605298782 3.065736701041517 0
3179 0.7234367938443977 0.4443446863448728 0
3180 0.6345751457185902 2.46825781670321 0
3181 0.6605790140165314 2.505620631590093 0
3182 0.608587228875992 2.431539738496705 0
3183 0.6417967504330557 2.546907766737078 0
3184 2.405500069753802 2.467988337302803 0
3185 -1.021914033848032 2.337840589172399 0
3186 -0.9821625384493466 2.343464805721981 0
3187 0.7690249578237914 2.014586756382025 0
3188 -1.944555346820521 0.7645258118280802 0
3189 -1.985208736872488 0.7694495445556802 0
3190 0.2796920900250074 1.452864011463034 0
3191 2.268401606592941 1.678552589926974 0
3192 1.795842294881403 0.5170861350682565 0
3193 1.985171583633215 0.5377141870305526 0
3194 -0.9348656952227384 1.230219924273132 0
3195 -1.26281086707946 0.8169566258574101 0
3196 -1.301676506496474 0.8201964308215572 0
3197 -1.223942730822918 0.8136694390613985 0
3198 -2.013942699618288 2.3285421260456 0
3199 0.1355154000024624 0.8383251016488591 0
3200 -2.369619838312178 1.74143192596712 0
3201 0.36269413206909 1.293739105339723 0
3202 0.3868409205902848 1.251878251822522 0
3203 -0.1044775797468727 2.809205659217546 0
3204 0.8669199332863615 0.5509180640245868 0
3205 -0.7256634923663593 0.9261505144106268 0
3206 -0.4294571536881085 2.416182483380947 0
3207 0.6846472685839019 2.541209924988293 0
3208 1.450320319667781 0.9837020749501886 0
3209 0.8610633294109047 2.954727929553179 0
3210 0.8087009158436247 2.957457484762734 0
3211 -1.401644873762724 0.7946360242276851 0
3212 1.809389127867907 2.671669236587458 0
3213 0.4573873895341227 1.371574120477298 0
3214 -0.3061267194298246 2.171577090322565 0
3215 -1.80497834116395 1.055295272630951 0
3216 -2.228672575229385 1.556209159074924 0
3217 0.5965420472524059 1.133181460391479 0
3218 0.7646795526503291 0.8934847535258237 0
3219 2.370968868221825 1.701876618866068 0
3220 -0.9126673585002387 1.262239772269792 0
3221 -1.640046779638789 0.9840743789277829 0
3222 -1.601345296034887 0.9807580791161827 0
3223 1.379123688001485 2.692546174777183 0
3224 1.340165286532605 2.69434615084276 0
3225 1.953512611651512 0.3524493613637247 0
3226 0.1512491887509644 2.042830273219745 0
3227 0.1733317739452563 1.997607690853576 0
3228 2.546255320121022 2.448107838427337 0
3229 -2.285570198101537 1.427618099854231 0
3230 0.8541951934433548 2.172175663780218 0
3231 0.8741742161731734 2.205669452689025 0
3232 -2.146385364456462 0.8969394029242184 0
3233 0.8342166415281774 2.138681471185877 0
3234 -0.4525750270701133 2.458803054630633 0
3235 2.442299670235585 2.381527204675425 0
3236 2.460759352143547 2.337621442986821 0
3237 2.503559035309118 2.331810654761589 0
3238 2.476298927851883 2.295677811622041 0
3239 1.399835834417665 0.8781543760220234 0
3240 0.3448226326026749 2.585834199403306 0
3241 0.2908957123346907 2.591322307850739 0
3242 -2.358437341138331 2.387239491512925 0
3243 0.5046956432909397 0.6065531578126819 0
3244 0.5636268498138959 0.6061548732264899 0
3245 2.254038996916893 1.272587111347724 0
3246 2.52761194352412 3.306804319548904 0
3247 0.2738817206593336 3.25148997805242 0
3248 0.2021441721464753 3.256414101974669 0
3249 -0.5326574772737908 0.568420144440162 0
3250 1.497832305218077 0.3663633418550902 0
3251 1.47396388176214 0.318197092144513 0
3252 0.1680320922526423 0.8913866287834269 0
3253 1.749573626261201 0.5140356711694385 0
3254 1.7314281874405 1.012330414636636 0
3255 1.769980717668268 1.015080776430908 0
3256 -0.6259801561977972 1.888485514526994 0
3257 0.7435877051356886 0.9284463620451904 0
3258 -0.7228666236184755 2.510655323198714 0
3259 -0.7036685490809546 2.474971171736633 0
3260 -0.742379534981179 2.547636991588814 0
3261 1.942469919321107 2.63274617862181 0
3262 1.981711044073668 2.631125482402035 0
3263 1.999494490288703 2.596150551425385 0
3264 -0.7831619263059284 2.549058551158093 0
3265 -2.051681811909969 2.594982534038416 0
3266 2.043749537593146 2.289917910409874 0
3267 -0.7410176772358477 1.894353334741903 0
3268 0.8314852514623936 0.8610843427386574 0
3269 1.857182912332767 1.067832907516789 0
3270 1.874017196436036 1.103476959582098 0
3271 1.912542655080022 1.106697820009541 0
3272 2.223179141522639 1.136437026288986 0
3273 0.1859086849549715 3.130491738625698 0
3274 -2.162549255402671 3.294436624984966 0
3275 -2.099724674429077 3.296001596207405 0
3276 -0.6792484507101793 1.99285724072092 0
3277 1.790508467557598 0.9832348550387352 0
3278 -1.672420070165089 0.8179138417804801 0
3279 2.199583302739283 2.282718074274305 0
3280 1.049838276820243 0.8505382815308042 0
3281 1.0897525614784 0.8526541086168578 0
3282 0.4136825088392145 2.441398658502397 0
3283 2.091812455429364 2.490423448971731 0
3284 -0.4777862320813163 1.075454302593349 0
3285 -0.4568858114418053 1.031201041756955 0
3286 -0.4072772256364814 1.027505259443172 0
3287 -0.4350076310776634 0.9858220162877739 0
3288 -0.3843133147166817 0.982162515208582 0
3289 2.253810735085029 1.884701308021236 0
3290 1.322069680279107 0.8721190408616859 0
3291 1.28318660213479 0.8690928863379319 0
3292 -1.46266026950958 0.7656932352307726 0
3293 -0.5900663826135235 0.5707469287327547 0
3294 0.2555233909509382 2.042078937638549 0
3295 2.254348958661692 1.714631177991837 0
3296 -2.381718741918797 2.422915685570476 0
3297 -0.6072448837842412 1.853700958082407 0
3298 -2.592192645971274 2.640261889245189 0
3299 0.4199573659082146 0.7506018867261846 0
3300 -2.178183085461033 2.361871786536303 0
3301 0.2568644262514091 0.7320605978531805 0
3302 -2.66695167953703 3.129657583970018 0
3303 1.953882241506539 0.6449633518869353 0
3304 2.697438365319845 3.228498094718018 0
3305 2.176960290688424 1.43528241625108 0
3306 0.5790148619886888 1.953340289344453 0
3307 -0.5910409001700723 2.381887186604003 0
3308 -0.6182396198373574 2.420109974839787 0
3309 0.673040377985369 1.014791400778609 0
3310 0.2288375119956345 1.539818275002165 0
3311 -2.169643247606735 1.411808541069261 0
3312 -0.5720326349703169 2.341893006759084 0
3313 0.9185154745996122 1.140758554944456 0
3314 -2.390557977032813 1.773394099031205 0
3315 -2.258189683957303 1.628408526580219 0
3316 2.18453167631396 3.3094767717782 0
3317 1.010975756209821 3.082754577532855 0
3318 2.232561599404948 1.854074238009385 0
3319 0.652750573216766 2.428086509845744 0
3320 -0.8563009443264643 3.065417821969867 0
3321 2.387471493221914 2.510965720856782 0
3322 0.634111376605011 0.4912747098990382 0
3323 1.428371802257462 1.014495832887309 0
3324 -2.361566223386784 2.699525028538389 0
3325 -2.334767295043177 2.65739923243504 0
3326 -2.311960861006839 2.701210396901129 0
3327 -2.357411003614024 2.613076002443205 0
3328 -0.8448521191637335 0.8103398314192838 0
3329 0.3301180310122506 1.805702558739446 0
3330 -2.006887929840646 2.742004338474946 0
3331 0.3354098777639341 2.168990385660157 0
3332 0.3571957670769441 2.124740917839155 0
3333 0.3833748783930402 2.165719190639035 0
3334 -0.1409066577099859 1.668045553556541 0
3335 0.5073178494755591 1.212242559730017 0
3336 2.383063412489624 2.733009960657471 0
3337 2.353049570917228 2.691522475635751 0
3338 -2.278749205801606 2.839571643260064 0
3339 -1.08301724056444 2.376712552102852 0
3340 -0.2338776686927866 1.779255799118458 0
3341 -0.8328784357051511 2.668315050969865 0
3342 -2.705969101153853 3.187140217737293 0
3343 -2.674238079465476 3.25021582760496 0
3344 -2.101639768120525 2.995134035787923 0
3345 -0.9001406967012388 2.614482794745427 0
3346 -0.9410649069867215 2.614715027628904 0
3347 -0.2883081934150691 0.8483609433451682 0
3348 -0.2573704689982217 0.8989188232500449 0
3349 -0.4862666567272634 0.9871427967354618 0
3350 -0.4637260817492187 0.941071981454259 0
3351 -2.113727367167604 2.291190027946929 0
3352 -2.094869724406276 2.257380260055493 0
3353 -0.03806295845738063 2.807084721864175 0
3354 -0.2524108916692558 2.083017565721156 0
3355 -0.166912716204599 0.8468916431009936 0
3356 2.120962037744567 3.314161603763066 0
3357 0.7545604685548097 2.624639159145056 0
3358 0.9898721598140405 2.699362050364185 0
3359 1.009107086430926 2.665110117344926 0
3360 2.064973720110403 0.6929828371772839 0
3361 -0.3933347997829567 3.012180309677518 0
3362 1.69243331036095 0.668624609508699 0
3363 -0.6443076208374061 2.928320336508573 0
3364 0.5491145144373878 2.55725559566812 0
3365 0.3310528087017038 2.084232382819313 0
3366 -2.272944795504671 1.664509536301933 0
3367 0.1483481165920051 1.667436813682596 0
3368 0.9677938082669 2.664179952890247 0
3369 0.3798646635730252 1.118185990334285 0
3370 -0.6149241891865689 0.953882109526427 0
3371 -0.5688278350941817 0.946007947772598 0
3372 0.9546204818010883 1.209898738143019 0
3373 0.9755285922611436 1.176981374705559 0
3374 1.440504751878723 0.537455649719605 0
3375 1.462066609132054 0.5793578987297501 0
3376 1.415646080388551 0.5774430683314808 0
3377 -0.9005012645349453 0.4791991584092075 0
3378 -0.9290556852019828 0.5266465592520488 0
3379 -0.870180835563766 0.5234994302322447 0
3380 -0.7388064447794752 0.5906305356150208 0
3381 0.767095883989796 1.575937164668974 0
3382 -2.329849920971946 1.535915851975031 0
3383 -0.2298377696567325 2.810126430835981 0
3384 -0.1752040449649287 1.955956042011608 0
3385 -0.3570007902814841 0.6388438271657002 0
3386 -0.4171506803807136 0.6484097060861589 0
3387 -0.7463575431363829 0.964464178505871 0
3388 1.103362851272937 0.4864510394244448 0
3389 1.127605724248131 0.5314696256442999 0
3390 1.077090364146303 0.5300261840114358 0
3391 1.174992146014203 0.5321746720415022 0
3392 0.7209791290805501 0.8898441629363807 0
3393 2.074099032489323 2.525169512901876 0
3394 2.518946712131239 2.289600237658015 0
3395 2.489604100444784 2.256158684775357 0
3396 2.450328821307586 2.263409023223055 0
3397 2.464464603664798 2.222782599202395 0
3398 -0.8566183167942392 1.223888352732027 0
3399 -0.9344378533867341 3.004084859378556 0
3400 1.74837937802446 1.046396807390492 0
3401 -2.628952585062321 3.073539149463418 0
3402 -0.2261505279697353 3.313450880391531 0
3403 2.207456330636275 1.992130299226016 0
3404 0.5885374147042588 0.6580195636822381 0
3405 0.617419108523751 0.6115357913110122 0
3406 -2.283629846249482 3.185580499097017 0
3407 -2.317786287362104 3.238965296138381 0
3408 -2.28822934560418 3.296209063154534 0
3409 -2.353756258998156 3.293693232813985 0
3410 0.0364586680352194 2.312392557430683 0
3411 0.007553962489108631 2.361981460233736 0
3412 0.06306294062253369 2.261137577253785 0
3413 1.771317470533022 2.677117038845817 0
3414 1.78039332006714 2.50495181302463 0
3415 1.798313723661003 2.470312704450009 0
3416 1.759355281384682 2.472112644292567 0
3417 1.87623060280937 2.466712726977289 0
3418 1.894151013364665 2.432073746482772 0
3419 1.855192572103812 2.433873705336322 0
3420 1.422370533596222 2.69049066875625 0
3421 -1.634610125338275 0.8141625500103538 0
3422 -0.7462850958055509 1.827003956886447 0
3423 1.390347208209428 2.523247011664257 0
3424 -0.5761069214263972 1.716182303153927 0
3425 -0.5535214803562782 1.748015291459562 0
3426 -0.5371565555045085 1.71421530893378 0
3427 -0.572465522950967 1.783493726854791 0
3428 -1.379407099154336 0.8266747709695825 0
3429 -0.7174864633613979 1.621833815169382 0
3430 -1.445917028578539 0.9677861471885594 0
3431 -1.423693168265624 0.9996579334877066 0
3432 -1.385806891708036 0.996098700394263 0
3433 -1.17590006219105 2.480893747011121 0
3434 -1.15635324379766 2.447140201535939 0
3435 -1.195246532493576 2.447734702594131 0
3436 2.24670868750299 1.817692075856475 0
3437 2.385783419232632 1.836162884455694 0
3438 2.401461522263795 1.80045288922386 0
3439 -1.068281644529628 1.037989598235313 0
3440 -1.046043869797684 1.070028343463771 0
3441 -1.084909126693709 1.073267449734772 0
3442 -1.062692514961463 1.10532088670822 0
3443 -1.023809621969207 1.10206954169518 0
3444 -1.040458855095995 1.137362491177158 0
3445 1.171720356108994 1.029107680542176 0
3446 1.14889352058268 1.060743604944588 0
3447 -2.152755137024856 1.102710254717214 0
3448 -2.191396928460207 1.107983741162474 0
3449 -2.176587172182101 1.072267910078565 0
3450 -2.204888870589743 1.143104240835037 0
3451 2.222565061791402 1.956170153491045 0
3452 -2.247369220609219 1.986959111145532 0
3453 -2.38932230872509 2.009643766830468 0
3454 -2.406509740085372 1.97463530705856 0
3455 -2.428239238458802 2.00709069155992 0
3456 -2.445422353799774 1.972026236523104 0
3457 -2.42369551587575 1.939611549459999 0
3458 -2.462683312146485 1.937005994211499 0
3459 1.111647362591675 1.058848397497908 0
3460 2.198545432742651 2.09464520762473 0
3461 2.161585628798169 2.097595618865338 0
3462 -0.9621784002601089 2.376983899721862 0
3463 -0.9431627767410102 2.342930267399634 0
3464 -0.9622966449038843 2.30989027658609 0
3465 -0.9230512929968057 2.308625158617985 0
3466 -0.9420881784249034 2.274995371656919 0
3467 1.700995890015632 0.875171629230094 0
3468 1.722670265295754 0.8427514710291861 0
3469 1.683756457932587 0.8401805619031983 0
3470 1.705439041258416 0.8077638835064169 0
3471 1.666480388781802 0.8051631566364323 0
3472 1.688358880730628 0.7725381249097514 0
3473 -0.7667130868033878 1.421483374926101 0
3474 -0.7835992789484909 1.455603114884136 0
3475 -0.7622730424768263 1.488252328350054 0
3476 -1.944783226811007 1.040268169907314 0
3477 -1.959539701669696 1.07636864475774 0
3478 -0.805516749824656 1.423326500026517 0
3479 -1.920900310248234 1.071097592819198 0
3480 -1.935657155044852 1.107197946975951 0
3481 -1.897015187061585 1.101928349326818 0
3482 -1.201655089188095 0.8457634621154286 0
3483 -1.184868558257862 0.811694591845509 0
3484 -1.162589077724695 0.842617635024663 0
3485 2.228835489003875 2.191449639553643 0
3486 -2.238319053780879 2.087518993669018 0
3487 -2.200626582982458 2.08946875962845 0
3488 -0.631881693478672 1.318025039232134 0
3489 -0.9040064226550548 2.342355960639178 0
3490 0.1039145808700321 0.7837884375186701 0
3491 -0.01823333741837687 1.193324718606706 0
3492 0.01036560350211444 1.140470952049959 0
3493 -0.04653185760678875 1.245719401944665 0
3494 -0.105029132842828 1.246174137246238 0
3495 -0.07472800065421806 1.296660879616151 0
3496 -0.1318081433516979 1.298108987046155 0
3497 -0.1023108865284858 1.346634948925198 0
3498 -0.1578900096387645 1.34907470449556 0
3499 -0.1289557283356765 1.395758206661448 0
3500 -0.1835281598802989 1.396732854981134 0
3501 -0.2118580561397913 1.351928535286735 0
3502 -0.5168997472914283 1.161040094752312 0
3503 -0.5685388726311662 1.478964961201099 0
3504 -0.5291573011855301 1.476995401105435 0
3505 0.8309389568210351 1.406932098988615 0
3506 -0.8846036532564392 2.308139088557795 0
3507 2.384161313139799 2.176068420182792 0
3508 1.535754792532297 0.9989514204097341 0
3509 -2.44102976143219 1.906344488027587 0
3510 1.903441239027513 2.634511707737669 0
3511 1.603920052889161 0.1770064598982417 0
3512 1.541583511449157 0.178181488336822 0
3513 1.662670884428805 0.1801446506159241 0
3514 -0.1364901201486309 0.7931684422000989 0
3515 -0.8059294760778424 2.306600853198269 0
3516 2.035173153548394 2.526945425891382 0
3517 -0.5617421560383069 1.614002809005617 0
3518 -0.5405355816998081 1.646765588584294 0
3519 1.633332890799634 1.043699418969881 0
3520 1.744189362719979 0.8124112565421366 0
3521 2.079364581553236 2.221252252807101 0
3522 -2.695304607671959 3.069387729664848 0
3523 -2.658087386227025 3.013494255888294 0
3524 -0.7946924801639403 1.253814947500061 0
3525 -0.7558632804584169 1.251880718180129 0
3526 -0.5227100024630161 1.612009690535541 0
3527 0.5598772295870518 1.84684755913242 0
3528 0.7138390311537187 1.402845987225787 0
3529 2.056220019586053 2.559829909177737 0
3530 0.5045676442686824 1.056009506130024 0
3531 -0.7167052377030532 2.063092726211924 0
3532 0.05824421991021822 2.745077517458399 0
3533 -1.952941894793841 2.627449515579456 0
3534 -1.971808325263682 2.662000943781697 0
3535 -1.932116944587243 2.661793282886021 0
3536 0.2755585482940693 1.953915866766609 0
3537 0.2539483551885705 1.911490865039281 0
3538 -1.911772553839553 1.13802815810686 0
3539 -1.950601499150023 1.141929500541444 0
3540 -0.2363655572633432 1.398320772877962 0
3541 -0.2639318637108742 1.354230528767992 0
3542 -0.2401662554314565 1.30827418110286 0
3543 -0.2914594910714668 1.310818947175026 0
3544 2.147013601991601 2.12684862456434 0
3545 -1.736161141191549 0.9754929315107925 0
3546 -1.713081043697572 1.003193086457421 0
3547 -1.760304487325635 0.9484611014406508 0
3548 2.210536908728435 2.777616873368792 0
3549 0.4124320413102801 1.454222859716059 0
3550 -0.7784687405544179 1.96009717012124 0
3551 -2.198194232269461 2.813928959741025 0
3552 -0.9700721048698436 0.8227686151390756 0
3553 -1.009708261212068 0.8271031954285673 0
3554 -2.031628736106443 0.6193471337518559 0
3555 -2.049378935232991 0.6637050304850796 0
3556 -2.013107814572856 0.5745865429278596 0
3557 -2.311482512839662 2.617959770522301 0
3558 -2.549600989787407 2.510645707319975 0
3559 -2.569529947085317 2.466632848714665 0
3560 -2.52592255643475 2.307164518042668 0
3561 1.988859068816535 0.8023017490178925 0
3562 -2.545586462846195 2.354542797658492 0
3563 -2.095540146971123 0.9605651386540695 0
3564 -2.134924815419365 0.966913039977761 0
3565 1.873110201517656 2.399236507385374 0
3566 1.911347500594575 2.398175128847704 0
3567 2.361725489383233 2.475034486725735 0
3568 0.3049279527628279 1.764428371775229 0
3569 2.206809118252331 1.098855327375894 0
3570 -0.7520247260630171 2.132644951203948 0
3571 2.085472504450984 3.26280636543518 0
3572 2.057504816392618 3.318376426266592 0
3573 2.022206408040965 3.267456487362695 0
3574 1.994817943921773 3.322514205899305 0
3575 1.959715551282666 3.271256364114047 0
3576 1.932711664400614 3.326658215924921 0
3577 1.898188845556893 3.276090959065144 0
3578 0.7778892574044867 1.304030275044497 0
3579 -2.235895219113027 1.658588594286035 0
3580 -0.8608014288661644 2.545767471763962 0
3581 -0.787765600592641 0.5936519742910606 0
3582 -0.6167969868921247 2.346277273386961 0
3583 1.388408847336571 1.011785602070243 0
3584 -0.2916951708847856 2.812967017972546 0
3585 1.101194512986137 0.5736031996896469 0
3586 1.051035470973903 0.5721899134996047 0
3587 -0.8350251509189237 2.832915443071848 0
3588 1.925851112763471 0.6833557529714507 0
3589 -0.3836425140606852 0.5070669560418328 0
3590 -0.3485095379734147 0.4532417112890803 0
3591 -2.445855748026907 2.206060813444833 0
3592 -2.487834789192608 2.201992914425815 0
3593 -2.464078258018669 2.167970619785381 0
3594 1.649607402835252 0.7703968331506159 0
3595 -0.9005512250551689 0.9225150306244494 0
3596 -0.8825332031164201 0.8864201522242872 0
3597 0.3381718413538686 1.253463780543997 0
3598 -0.7560884021727766 1.623575478141993 0
3599 -0.7704097948052453 1.661210828273499 0
3600 -0.7386451299440268 1.589072382355934 0
3601 2.458434213933763 3.313197566049443 0
3602 2.421129053317148 3.258354422556887 0
3603 2.391733449133099 3.320162389316395 0
3604 2.33246234453012 3.090532325347873 0
3605 0.676102692062952 2.118676889143412 0
3606 0.6944461533123925 2.150320443347432 0
3607 0.658199167731444 2.087951759339751 0
3608 -0.9497079429815193 0.2317157592323387 0
3609 -0.9849043468611678 0.1821279120585049 0
3610 -1.046180371872516 0.1887424144828391 0
3611 -0.9241233752907956 0.1766054762587577 0
3612 2.666348038882558 3.293315326394297 0
3613 0.880027195533664 3.251154834054742 0
3614 0.9142158913455828 3.299387912760713 0
3615 0.9763203983404579 3.296292157313014 0
3616 0.8518634108685483 3.306770103451126 0
3617 1.026975377051198 0.529150641742242 0
3618 0.3780988237610024 1.734102327917102 0
3619 0.9043009491365903 2.862457618667221 0
3620 -0.7068760740174312 3.229777981934745 0
3621 -0.7420633373213713 3.279561480458102 0
3622 -0.6845510940230878 3.28064312479985 0
3623 -0.7973935281282636 0.2687348257874611 0
3624 1.871084140377671 3.330413737929864 0
3625 1.836819414394298 3.280514318443206 0
3626 1.809780659731979 3.333984518321794 0
3627 1.775703459729792 3.284230026193997 0
3628 1.748857660608637 3.338192816548066 0
3629 1.715148427636445 3.288422824359421 0
3630 -0.9768946503474099 0.6152397020078086 0
3631 0.1347162317220489 0.7290822860913366 0
3632 1.022982622643987 2.892981640026461 0
3633 1.050518226236456 2.9323092128587 0
3634 1.096873263342797 2.927742921168643 0
3635 1.077144470981914 2.97320832388474 0
3636 1.125302259633954 2.962199217285258 0
3637 1.421125056242408 0.3150861995255805 0
3638 1.450775238488051 0.2684462613035472 0
3639 1.394847162716365 0.2650948540582245 0
3640 1.425022507129475 0.2173187583709482 0
3641 1.367376301921372 0.2143559088108382 0
3642 1.337066863478636 0.2629744619028607 0
3643 1.305942023996246 0.2106707800457539 0
3644 1.340029070662797 0.1615216496521636 0
3645 1.001284705574287 0.5708512021210155 0
3646 0.9794687711067678 0.5276119913872042 0
3647 -0.8052181253617434 3.279352085345993 0
3648 -2.102296832172269 2.904178548687201 0
3649 -0.8139530977775599 2.032555809319269 0
3650 -2.358666892653408 1.608336932716836 0
3651 -0.3859359766143173 0.3970119541970456 0
3652 -0.3197699148730815 0.3927724744191678 0
3653 -0.356057130096718 0.3360897625811843 0
3654 -0.2869407185103899 0.331743355407359 0
3655 -0.3258677765423357 0.2731979290283215 0
3656 -0.2548542474604137 0.2684632506236997 0
3657 -0.2152872962468688 0.3288370525544413 0
3658 -0.1825973414246698 0.2645419909542368 0
3659 -0.1417858887400265 0.3266518996576626 0
3660 -0.1074990543219514 0.2610187707345815 0
3661 -0.06628410167037459 0.3239263127001837 0
3662 -0.03078237356118589 0.2589238037179635 0
3663 -0.2153624783509354 0.2037818488856618 0
3664 -0.1770186087476796 0.3893761195265777 0
3665 -0.3949200302868561 0.2781280762930529 0
3666 -0.3652471358195103 0.2142621464727665 0
3667 -0.4355844051006948 0.2192864245422723 0
3668 -0.3168051017294871 0.8987463638451625 0
3669 -0.7877562547273844 2.201996890890738 0
3670 -0.2859452350189181 0.9490878787688601 0
3671 -2.510540215064519 2.236542447024776 0
3672 0.2358925734246736 0.9795122511879545 0
3673 -0.8559006664901803 2.962937500691446 0
3674 0.7848084103513436 2.827818850549455 0
3675 0.3562431374727034 1.995918519475969 0
3676 -1.040865061061947 0.4454835913690862 0
3677 -1.062236708716725 0.494330980784212 0
3678 -2.567648259070869 2.688156445902384 0
3679 0.8383582041088384 1.2051000576433 0
3680 -0.5320375867679306 1.780565280707362 0
3681 1.164662123397654 0.3014028606185883 0
3682 1.14182561887315 0.2514502429976382 0
3683 1.080595809660832 0.247537202538358 0
3684 1.112237463444346 0.1971203702781144 0
3685 1.051221269337183 0.194466723381568 0
3686 1.175425644390552 0.2017591061443271 0
3687 1.149972021432663 0.1476602776219078 0
3688 -0.01309273978348353 0.7515533504974183 0
3689 2.109705000121321 2.453664507162005 0
3690 1.126275660484966 1.092523017991376 0
3691 1.089080554227349 1.090009244926359 0
3692 -0.8601571198966314 0.9215823374583039 0
3693 -0.8105276252916083 2.632249913583895 0
3694 -0.7636038087635725 2.628793562786036 0
3695 -1.86555763257885 0.7535177681860519 0
3696 1.45531713272409 0.9164573775378622 0
3697 1.924181507344891 2.666463805122867 0
3698 1.539068577899257 0.6195192670835994 0
3699 1.098586882780514 2.729435378155396 0
3700 1.113263001377783 2.694032652996233 0
3701 -0.8312430605699657 2.916399808871083 0
3702 -0.5857682345707433 1.886740212505242 0
3703 0.6269012338885647 2.390456783434833 0
3704 0.5834485346170942 2.393962492294758 0
3705 -1.114770775546661 2.90205121280944 0
3706 -1.139403253486549 2.942316852756802 0
3707 -1.091682594241886 2.944395839846346 0
3708 -1.1170268896044 2.985931181831793 0
3709 -1.185675926437659 2.939606004226466 0
3710 -1.101515488311209 1.109112113223549 0
3711 -1.123770863630692 1.076601022665358 0
3712 -1.383888011472841 0.5798887576745113 0
3713 -1.411211313869164 0.5431919911396146 0
3714 -1.457645616553629 0.5490261259351235 0
3715 -1.36537915420748 0.5394510825327448 0
3716 -0.5014456663886845 1.644870029433347 0
3717 -0.4831573467024257 1.608965148546431 0
3718 1.863599310920522 0.9994717982261044 0
3719 -2.731966878970303 3.003985455571359 0
3720 -2.13080281684115 0.8587245345850767 0
3721 -0.5506346344919875 1.444648392846133 0
3722 -0.6260775091648438 0.5205645032567559 0
3723 -2.24886613515771 1.694875795667027 0
3724 0.0660949057999772 3.199562379269151 0
3725 0.02709093295824297 3.267155668405914 0
3726 -1.176123374751926 2.417211539665015 0
3727 0.1224103829113923 1.998624992813409 0
3728 0.1432453167228131 1.951190456370253 0
3729 -2.054655275122238 2.255877284347392 0
3730 -2.077194347684419 2.222390005175466 0
3731 2.099703040520626 0.7777137204249207 0
3732 2.162455639504913 1.400751106606248 0
3733 0.5516454496840749 1.212339607558076 0
3734 0.5289441381151725 1.250817667087572 0
3735 1.84684140814042 2.670301252274368 0
3736 -0.5589183706035799 0.6185035461421111 0
3737 0.6966877314996918 1.746592633043345 0
3738 0.6582163630530095 1.746099928382945 0
3739 0.7363018723665664 1.745725059445701 0
3740 0.754982114497614 1.780721285432031 0
3741 0.9141750624405122 1.274823628269491 0
3742 2.283000754808724 1.34357147793249 0
3743 2.511580391938938 2.215548039218769 0
3744 2.479957302787301 2.180918341275525 0
3745 -2.194763556160243 2.022745114672152 0
3746 0.8727836408251957 0.8667330911112932 0
3747 -1.284990428036525 0.785622090724666 0
3748 -1.362740754356521 0.7918632113225887 0
3749 0.4605421104731106 1.136202759668129 0
3750 0.4373348016304011 1.173619816177782 0
3751 1.786004924758654 1.050484749846559 0
3752 1.27994093892312 0.159312608309675 0
3753 1.274085502043412 0.2596055904912444 0
3754 0.8725052822052838 1.338371996156371 0
3755 1.186558370660192 1.065430357655867 0
3756 -0.04686175306459733 3.267522233051992 0
3757 -0.9021744224924917 2.207522101435363 0
3758 2.424547032409891 1.831886095823455 0
3759 1.688169377917995 3.342146289284503 0
3760 1.654565270923465 3.292628074328498 0
3761 -2.19789641081464 2.394136175661373 0
3762 -0.2097268637935756 1.442282391624702 0
3763 0.8990612088001729 2.694027456835717 0
3764 2.176487588303138 2.063347466931496 0
3765 -2.504913406470162 2.164809329312926 0
3766 -2.480126733573273 2.131634577589113 0
3767 0.7824451629806926 3.0047170302467 0
3768 0.754513295251007 2.959127817494515 0
3769 2.741366100740815 3.287472519300007 0
3770 -0.8315276113486867 0.2196346751697682 0
3771 -0.7695865693292601 0.2121450349488412 0
3772 0.3174802075890261 0.7324760849115659 0
3773 0.2865090535933096 0.6769706438728007 0
3774 -2.071356326261379 2.560722008643774 0
3775 -1.464350845428368 1.001001716576177 0
3776 2.102215231536472 2.18636746908558 0
3777 1.304447220853892 0.8373149802364501 0
3778 0.2794756582436142 1.871217372619622 0
3779 0.01106500011569215 0.3190137086654632 0
3780 0.04701442137375117 0.2530530300162057 0
3781 0.08935646380676353 0.3141856459644159 0
3782 0.1246259568207717 0.2514156091315392 0
3783 0.1663879805208953 0.3119236475260156 0
3784 0.200596540823909 0.245607905560659 0
3785 0.1528141888310701 0.1831665660801858 0
3786 0.2410977766766444 0.3074711165760471 0
3787 0.2748935513425469 0.2422068235793928 0
3788 2.298154766981168 1.37904830732714 0
3789 0.9305451835101961 2.902639625643794 0
3790 -2.469897165779103 2.394950822580916 0
3791 -0.5728038707883761 2.533997557013404 0
3792 0.3653935909169435 1.210661382553935 0
3793 0.560764106266857 1.773494393938479 0
3794 0.5813122148087246 1.739929065932896 0
3795 0.562713190893146 1.704098131589034 0
3796 0.3220364565864594 2.635388741956796 0
3797 0.2657293940945089 2.641917939509608 0
3798 -2.466700330999215 2.004932725381555 0
3799 -2.450020394278157 2.039793346161894 0
3800 -2.489172785470725 2.037693264190688 0
3801 -2.349444542915946 1.707666089222988 0
3802 -2.387998517153834 1.708355037909724 0
3803 2.020768569268223 2.629614958873075 0
3804 1.777972568390756 2.438484838161167 0
3805 0.8800539164092808 1.139433235475452 0
3806 -0.3150142523777614 1.355770373787843 0
3807 2.181627989756191 2.316638924892069 0
3808 1.765761084818958 1.085115385267342 0
3809 2.113950364913009 2.522334991956332 0
3810 0.4505992834217331 2.571924705724893 0
3811 1.367994486746528 2.489089549211814 0
3812 1.404074803830966 2.487611800317431 0
3813 1.33081242503784 2.491912151766866 0
3814 -1.07008828895037 2.987650684462232 0
3815 -2.623319820286027 2.686810630012327 0
3816 -2.603637633555952 2.739555522074214 0
3817 0.1839732368461336 2.26628065342748 0
3818 0.1570915190417372 2.223104796194515 0
3819 1.777161861905975 0.4736551523375567 0
3820 -2.159994912294882 2.39569530778249 0
3821 0.7095447295211162 0.630632922432909 0
3822 1.361158184403173 2.726438651974259 0
3823 -0.8188646662885335 0.9815221678639228 0
3824 -0.7971337306258174 1.011734777304005 0
3825 0.3168942839661458 1.297934883141695 0
3826 1.627578922159117 3.346987389115655 0
3827 1.594291305242279 3.297097232035131 0
3828 1.567123643357292 3.350544998092263 0
3829 1.533823932302961 3.301207172752409 0
3830 1.506513093118956 3.353417604094897 0
3831 1.472755421054623 3.305588336348976 0
3832 2.499088216344151 3.370529068603076 0
3833 2.375924052730536 2.278935121970313 0
3834 1.891987961954233 1.139378235414935 0
3835 1.926985231057531 1.139145927174068 0
3836 2.393372848109137 1.73342370075889 0
3837 2.41207937554481 1.693146349917948 0
3838 -1.439180811594695 0.5062714397101578 0
3839 -1.484453279038646 0.5121930820961289 0
3840 2.523372003355161 2.169253102986366 0
3841 2.493355079309216 2.140504564470759 0
3842 2.452303798654288 2.147384372034601 0
3843 2.466098179035372 2.10858427309023 0
3844 0.7582913564938707 1.642312812193105 0
3845 0.778367588278561 1.67460479673878 0
3846 -1.925349410414779 0.6864725160512337 0
3847 0.6079266475073433 1.566781101599298 0
3848 0.8909307010566681 2.171098156268109 0
3849 0.9114159471481313 2.205848994833997 0
3850 0.8938605166730746 2.239286015674167 0
3851 0.9323717060256144 2.239011414210499 0
3852 0.9139533977383604 2.272745195761556 0
3853 0.9529684336691379 2.272184221000968 0
3854 0.934054178369062 2.306179838926999 0
3855 0.9720678223852254 2.306212908486054 0
3856 0.9539057590240538 2.339683856607659 0
3857 0.9918788548164598 2.339797685342352 0
3858 0.974068031281356 2.373139597864351 0
3859 1.012863009999608 2.372702311192754 0
3860 0.9150931764832074 2.34020076817146 0
3861 1.033565987603737 2.334340088054586 0
3862 1.052274060913241 2.371349724332779 0
3863 1.03304225924518 2.405790195408859 0
3864 1.072074485541809 2.405361970410503 0
3865 1.621743333387969 3.242910565508605 0
3866 -0.3742177993683924 2.887702910042424 0
3867 1.321973947919921 2.727430602165004 0
3868 1.300936388523816 2.69583759656631 0
3869 1.282712711117814 2.730202086654144 0
3870 1.261422721007956 2.697697015799529 0
3871 1.24299491297518 2.731505403188353 0
3872 1.222613325052897 2.698582125061205 0
3873 2.418599547850233 2.879815281368105 0
3874 2.260976651266405 1.61044852769235 0
3875 1.828711117872841 2.705726457651869 0
3876 0.957255465436274 0.5653412456837175 0
3877 0.3696971540594458 0.8381292254070565 0
3878 -0.8476099252031056 2.106504851219547 0
3879 -0.4621760009382355 2.923994853762117 0
3880 -2.229228991894165 1.113522299254116 0
3881 1.77798706495601 0.8809553046548428 0
3882 1.794882739819863 0.9159120046940976 0
3883 -1.047659261429633 2.948979182428308 0
3884 0.3769230428353854 2.627869468422217 0
3885 0.403516656770111 2.123440712362409 0
3886 -2.229962647318077 2.257362327943561 0
3887 2.167978967566396 1.095420453965895 0
3888 2.18781304121442 1.062116843826884 0
3889 -0.9683133556344125 1.063550138023607 0
3890 -1.078257639488569 2.446123132770281 0
3891 -1.137193728554687 2.415599680373756 0
3892 2.252946149166811 2.054698973395848 0
3893 1.973724822324717 1.078173569379689 0
3894 1.988174323684306 1.117594157008416 0
3895 -0.9460755941111627 1.095588621719005 0
3896 -1.001573144176445 1.134108894741126 0
3897 -1.018200885850716 1.169386785081873 0
3898 0.8438046719716112 0.5044325614183951 0
3899 2.209592346386336 1.505536413385547 0
3900 -0.6103008324050623 0.6216514262321844 0
3901 -0.8014842668921272 1.185494785619353 0
3902 -2.323052391708893 3.352482993232683 0
3903 -2.685019700217588 2.950884039396239 0
3904 -2.622373597785649 2.957633938549098 0
3905 -2.649931847580226 2.899900974741552 0
3906 -2.588349437944159 2.904598254463975 0
3907 -2.616020902072457 2.848852842007342 0
3908 -2.678686622223188 2.842845438050978 0
3909 0.9710180183259935 0.8429933842673996 0
3910 0.1069707393261489 0.891746663730161 0
3911 0.1416417276672005 0.9390334767236008 0
3912 1.106044176726008 0.8889209650567103 0
3913 1.129442544251246 0.8561570346576064 0
3914 0.6686131405011011 2.583579291372053 0
3915 0.6220376991914826 2.586296140185726 0
3916 -0.5569162359667569 2.788732866210962 0
3917 0.667638317964256 1.53584691842455 0
3918 1.673233561138146 0.7369301563188133 0
3919 -2.052588990510585 2.526672376986942 0
3920 -2.09628511511127 2.525503282831314 0
3921 -1.003646473940347 0.575629264323503 0
3922 -1.052169288900282 0.580162449767142 0
3923 0.948655482604012 3.345396808080138 0
3924 2.546949489305995 2.323659386868594 0
3925 -2.361846907284606 2.458855115284544 0
3926 -1.203148943389404 0.7767204411672424 0
3927 -2.02021332964975 0.7015321615533083 0
3928 -2.069919446994873 0.7045070591392757 0
3929 2.008900043268118 0.4979024006427752 0
3930 2.096231324729099 1.021296275341838 0
3931 2.13417811407332 1.025119773166788 0
3932 2.007914874456912 0.911641768953197 0
3933 2.342331422250738 1.551797148114006 0
3934 2.359187097151352 1.586944389294199 0
3935 2.230376375321928 1.683450655311236 0
3936 1.266109888066049 0.8354773472395733 0
3937 1.244262100395751 0.8663420479219894 0
3938 0.9941698314117473 1.209196310892376 0
3939 1.014288640304971 1.177908331032511 0
3940 0.996362481751371 1.144966328598017 0
3941 1.033647918741599 1.143634895353546 0
3942 1.312591394884686 0.1090258306670204 0
3943 -1.616746230279757 1.015190932710038 0
3944 -1.580343705491766 1.01197696858533 0
3945 -1.562707908207518 0.9773720146193647 0
3946 -1.54459953791226 1.007734146863237 0
3947 -0.8564943057140031 0.6454579180404889 0
3948 -0.7860133998968721 2.83342733974898 0
3949 2.184479259299365 1.961764595344581 0
3950 0.1001611996997105 2.04829301582405 0
3951 0.1220271993784616 2.740107248927023 0
3952 0.156131155858269 2.678979881711353 0
3953 -2.009808391199095 2.663097925447907 0
3954 -2.373772990963988 1.642639290049821 0
3955 -1.040763993882089 0.9002007583819815 0
3956 -1.063306939311634 0.8683087228336142 0
3957 -1.101884807517073 0.8712494009749927 0
3958 -1.085241202461536 0.8385528685017281 0
3959 0.9309125484964911 0.8397469411993601 0
3960 2.300111027612669 3.191924438588922 0
3961 1.053711554128927 2.438969223916584 0
3962 1.092017740877653 2.439017257250133 0
3963 1.11104090822901 2.404941225982567 0
3964 1.131009913499212 2.43817062201346 0
3965 1.148860450592504 2.404037708474957 0
3966 1.169552779702572 2.436738195560657 0
3967 -0.99855646991003 2.580072330411356 0
3968 -1.017520472927428 2.61424175751822 0
3969 -1.056723872161855 2.614939997295653 0
3970 -1.036500463202587 2.648909118309566 0
3971 -1.075970789045569 2.649313021358918 0
3972 -0.997688939789918 2.648324008062771 0
3973 -1.017806161881034 2.682726528764851 0
3974 -1.095969627080992 2.615541521559404 0
3975 -1.115371235220745 2.649664877054264 0
3976 -1.098795585051566 2.683371314981033 0
3977 -1.135947146859339 2.68376046001484 0
3978 -1.154985695954817 2.649870281367341 0
3979 -1.174837487784176 2.68423168710089 0
3980 -1.98690268923967 0.8754376367566659 0
3981 2.379053219079362 1.663760636665023 0
3982 -1.156809477685937 2.716908471715071 0
3983 -1.195208595152135 2.7174385727545 0
3984 -1.214563632744216 2.684000936544654 0
3985 -1.234768129647535 2.717271496108614 0
3986 -1.254267183026049 2.684063568841347 0
3987 -1.274328172141352 2.71723726462315 0
3988 -0.7656394120480774 3.330921105965199 0
3989 -0.828230991998931 3.3381114805557 0
3990 2.720696776901646 3.163175154253759 0
3991 2.670717294396955 3.112763207389854 0
3992 1.436882203340829 0.6166753474395892 0
3993 1.389803809233826 0.6151843056187118 0
3994 1.369473314864784 0.5758180655911889 0
3995 -0.7026412672552613 0.9625602624431571 0
3996 -0.6801241070537428 0.9263959740349803 0
3997 -2.200273311608052 1.484802868763248 0
3998 -0.9306752763471466 0.8179416185479582 0
3999 -1.723618898648482 0.8510316546787207 0
4000 -0.8189823604125921 1.458734449728579 0
4001 -1.501607804160592 0.7702596345544372 0
4002 -1.518294372070288 0.804576420840051 0
4003 -1.545190184706617 0.7731051090599537 0
4004 -2.212770812150863 1.684888595510635 0
4005 1.723715849207826 3.391181002521277 0
4006 -0.06070363077552485 0.200390615770123 0
4007 0.9065066947493514 0.9406178442864002 0
4008 1.030434543315152 2.977360588813648 0
4009 1.043300552213696 2.606628857499826 0
4010 1.343211664703319 0.6125746878382166 0
4011 1.323488721494033 0.573981857112003 0
4012 1.298837026780736 0.6103740902883481 0
4013 1.277804813591211 0.5726629805401307 0
4014 2.002845317873287 2.663791559978201 0
4015 -2.109798977819556 0.9971403191477717 0
4016 -2.148684241153406 1.003163608146698 0
4017 -1.022795995759541 0.1319666639580415 0
4018 2.134022549471134 0.8531257967141244 0
4019 2.152502904623172 0.8901709375844635 0
4020 0.808841143327901 2.870235690258358 0
4021 0.7555298423526271 2.871503566987148 0
4022 -1.147085704756543 0.8110934489075994 0
4023 2.208770026154474 3.000027257829657 0
4024 2.336844914652858 1.619008854379683 0
4025 1.798479726331577 3.23023617752051 0
4026 0.7332455972149978 2.152117955275813 0
4027 0.2423218869208385 3.316667466600934 0
4028 0.1613331404563537 3.326218669740415 0
4029 0.3118910966637248 3.308475856226149 0
4030 -2.542814493496006 2.428652032456307 0
4031 -1.951119945776361 2.697032584660165 0
4032 -1.210373557710555 2.750431404584471 0
4033 -1.292669675333132 2.68383355342472 0
4034 -1.313842096553335 2.713472910152066 0
4035 1.016105252217457 3.344684342804651 0
4036 -0.8830681144158868 0.6060763063446788 0
4037 2.136647222386119 2.067523035963165 0
4038 -1.097914323268002 3.030396054919605 0
4039 0.5692724325502356 1.252527928025828 0
4040 -0.7076560018808646 2.407603609873803 0
4041 0.2017509551529762 2.556713343844328 0
4042 0.7831901102605099 0.9990109526163966 0
4043 0.7434176177150398 0.9968033488733823 0
4044 2.37977106353894 2.433173570756984 0
4045 2.239686173873156 1.169587916849946 0
4046 -2.17341549285835 0.9733132623776541 0
4047 -2.187823292671541 1.009365725804167 0
4048 0.7960155180702013 2.140088142194127 0
4049 2.334041424908352 2.736890698860785 0
4050 2.30334551073966 2.697469762517433 0
4051 2.323185799628133 2.65219057817851 0
4052 2.216970621271689 1.719146229263739 0
4053 2.240272703261703 1.749581387862314 0
4054 1.059487615293541 3.016600199594112 0
4055 0.7042010827712176 2.501731255978936 0
4056 2.438899435783817 1.795329604389496 0
4057 0.009366808931287688 2.467214999168486 0
4058 -0.05304939811298946 2.468332709007257 0
4059 -0.08310656463517409 2.526487775078622 0
4060 -0.7675590101901233 0.5490144789276352 0
4061 -0.7404824758208167 2.967594099330745 0
4062 2.320336616695422 1.352587672182874 0
4063 2.634774315461511 2.750915148916297 0
4064 2.671909644276644 2.796026478300025 0
4065 2.60052199017769 2.704998416491593 0
4066 2.65025392491536 2.852667679713237 0
4067 -2.061255652773596 0.5803161473379097 0
4068 -0.2292428375185975 0.9490028059083384 0
4069 0.6968070409275355 0.9302540856643438 0
4070 2.362967131434971 2.778079913109444 0
4071 0.2364078319558103 1.873131137216666 0
4072 -2.069887775680598 3.246155343157943 0
4073 -2.036869255701494 3.300880620735896 0
4074 -1.651765159115034 1.021126656815309 0
4075 -1.744913662257974 0.8884288806104543 0
4076 0.09348165805175054 1.953494947765813 0
4077 -1.384643477013684 0.7605885447435565 0
4078 -0.3550566842390004 1.02674440144004 0
4079 -2.17479256676458 0.8685154499939531 0
4080 -1.502734720286956 0.5545558678857481 0
4081 -1.525600537534484 0.5173617814104576 0
4082 -0.6820153947792217 0.6763884603089125 0
4083 -0.2080421026978937 1.734655598353399 0
4084 -0.2539381736467391 1.738234585597505 0
4085 -0.2810277513057067 1.78486551009971 0
4086 0.904463193683543 1.106740020967077 0
4087 -2.743096645477622 3.245159135632988 0
4088 -2.712595246920754 3.309535552676314 0
4089 -2.639394206358675 3.309665878041175 0
4090 2.063677643467808 2.186954327762749 0
4091 2.262095019647939 1.137668586796793 0
4092 0.3720242551084117 1.876624686908811 0
4093 1.254571533182134 0.6086366581262719 0
4094 -0.7758665456793669 1.589921254006292 0
4095 -0.759587030505433 1.556170767156614 0
4096 -0.7988512591906212 1.558340737362153 0
4097 2.34715903631339 2.517377955839875 0
4098 2.209421571224295 1.830483085337007 0
4099 -0.1617186295793263 3.308519707944079 0
4100 1.038811281379551 3.290450146841734 0
4101 1.076032578126942 3.341551361903642 0
4102 2.220775316195546 1.606495650473732 0
4103 2.203864266086847 1.573301665591013 0
4104 -0.154197039780128 3.190918685793936 0
4105 2.21831252216385 2.248511839540207 0
4106 -0.9805676154969355 3.000386396371349 0
4107 0.7924002041200684 0.5006342361974199 0
4108 -0.695398911999467 0.5837445435832234 0
4109 1.343111091852289 0.8416331697318322 0
4110 1.815347784556593 0.887921852008777 0
4111 1.076312684222418 2.340470426764335 0
4112 2.71040166156439 3.352544485138143 0
4113 1.021295471424056 0.2453300462576351 0
4114 0.9906138388888606 0.1915606524908626 0
4115 2.561431445426288 2.405171345051641 0
4116 2.592236424786226 2.443202573688116 0
4117 2.577390358805479 2.486338752402327 0
4118 0.6558282185186188 2.146830394260373 0
4119 1.80436763049598 1.085090414004576 0
4120 0.3113332954769814 0.3017774521153271 0
4121 0.3476154706565451 0.2385626214588865 0
4122 -0.07361260887238458 1.394815855027545 0
4123 -0.1052648666723345 1.441021721028918 0
4124 1.635346287566702 0.1260948746517274 0
4125 -0.7657787480216893 1.792176770319051 0
4126 -0.7485966941093436 1.758021851672323 0
4127 1.0214621749661 1.112647828992204 0
4128 2.033666487624032 0.5463656621220281 0
4129 0.7436712550146345 0.8489038196168988 0
4130 0.1981575843799412 0.3746003682445109 0
4131 -1.999353012024831 0.8072653216725036 0
4132 -2.023784616389646 0.7759131659580125 0
4133 -0.2681521612891554 1.267197617969897 0
4134 -0.3189293942343481 1.271220335725304 0
4135 -0.503500561045059 0.6143860929129401 0
4136 -1.722057020283007 0.94173007311534 0
4137 -2.14449917361942 2.361026012609924 0
4138 -2.344597663078602 3.183486709675595 0
4139 -2.406971041785854 2.453224191968649 0
4140 -1.728067116571922 1.042083550849323 0
4141 -0.5998253703293981 2.496109851688996 0
4142 -0.02626136046815753 0.3846937630565783 0
4143 1.098978241808522 1.12065784408026 0
4144 0.04065190608009788 1.189010065597449 0
4145 0.06791506906585307 1.13683460458168 0
4146 0.03908517862512243 1.086401431450398 0
4147 -0.4461605988842506 2.784335795837736 0
4148 -0.3842538144953834 2.779602113813845 0
4149 2.398614385712295 2.309600853896783 0
4150 2.383500811110586 2.34894111423621 0
4151 2.282840881935816 2.745517738740108 0
4152 -0.8065149719597456 0.1641662629501406 0
4153 -0.7409880409680086 0.1548090799399158 0
4154 -0.7039630972344212 0.2076119568123898 0
4155 -2.609758822521881 2.591369546730707 0
4156 -0.6812174477150612 2.509561895275615 0
4157 -0.6664066478990681 2.470016243731928 0
4158 1.537591422311837 3.398468892286654 0
4159 1.884135654292718 0.5316239159649487 0
4160 1.909198439618709 0.5704660230121292 0
4161 0.3091346742372222 0.1772507538008032 0
4162 0.3824694993984519 0.1753590942472487 0
4163 0.4176591414168438 0.2345860145502758 0
4164 0.454692383085216 0.1732647664632019 0
4165 0.4876101394588024 0.2293930258938146 0
4166 0.5253190411364077 0.1718601271976286 0
4167 0.5568644738433387 0.2268890540963329 0
4168 0.5946093050842212 0.1705784764140907 0
4169 0.1884852680619906 2.736283326220487 0
4170 -2.068435766734233 3.348620792131287 0
4171 -2.11324150792392 2.222655290587899 0
4172 -2.10060423048539 2.189962690151194 0
4173 -2.058697432980317 2.190829011396255 0
4174 -2.796309366117629 3.298297546620775 0
4175 2.190224979528307 2.197532358430723 0
4176 -0.950530136777717 1.261869361790165 0
4177 -0.9710405857349428 1.230760872617656 0
4178 1.689585193981096 0.4676795629327513 0
4179 1.571767605874725 0.3258575131835439 0
4180 1.905413399473798 3.382601910865644 0
4181 -2.005071710426299 3.351818809095182 0
4182 -1.973034052752589 3.300973585481965 0
4183 -1.941567751325348 3.352230302140736 0
4184 -1.909980964109871 3.301775141402027 0
4185 -1.878694879758309 3.35269332107092 0
4186 -1.847404047547662 3.302265054461588 0
4187 -1.816288674042019 3.353678878002942 0
4188 -1.784676679295569 3.302305536821884 0
4189 -1.754394367288409 3.353828010040358 0
4190 -1.722907289680872 3.302540705133038 0
4191 -1.692080256927948 3.352684456149334 0
4192 -1.662326182699152 3.302293347811942 0
4193 -1.630884167122668 3.354562920898633 0
4194 -1.601388609807296 3.302693701540369 0
4195 -1.571362749798473 3.355046929780188 0
4196 -1.540438474869008 3.302826897835258 0
4197 -1.692741992762367 3.250127029695014 0
4198 -1.510761587355902 3.353005540249887 0
4199 -1.479730927478176 3.30364300395336 0
4200 -1.449312371455891 3.354289425160959 0
4201 -1.418844683696648 3.304011966608783 0
4202 -1.514655008842342 3.252010585053714 0
4203 -1.388482148601021 3.355544618197208 0
4204 -1.35795498575455 3.304532158034066 0
4205 -1.327514650704155 3.353725341928055 0
4206 -1.296913814027185 3.304579618754889 0
4207 -1.267757930025824 3.353923879454588 0
4208 -1.235708438882505 3.302831662433649 0
4209 -1.21059407295851 3.352985597205993 0
4210 -1.175031185061039 3.304197901764603 0
4211 -1.151308215626471 3.354369349974932 0
4212 -1.115828725906564 3.304728382790759 0
4213 -1.08802177452215 3.354441158396567 0
4214 -1.05582719392578 3.304763011677591 0
4215 -1.022395013995667 3.353251383281926 0
4216 -0.9911078411959318 3.303646548090355 0
4217 -2.412930545744528 2.352372686387499 0
4218 -0.1594507100884244 1.72921043728122 0
4219 -0.3983809066635985 2.46804368998431 0
4220 -0.437440178240654 2.509543526656251 0
4221 -0.3823891698275621 2.414517227010831 0
4222 -0.4792577273861053 2.500744416729824 0
4223 -0.01773398487909138 1.295296396188556 0
4224 -1.911006780860053 2.6954341751159 0
4225 -1.892500218838649 2.661060468646174 0
4226 -1.869366731766837 2.693603734739489 0
4227 -0.9203994408067365 2.65043530837359 0
4228 -1.973480119164872 0.7304978619577209 0
4229 1.44583562479354 3.358299098818572 0
4230 1.411926239266418 3.309845316931866 0
4231 1.384866230811803 3.361212468421566 0
4232 1.350909643991056 3.313741136838021 0
4233 1.324022071854327 3.368272270861946 0
4234 1.289669635209832 3.318608402955678 0
4235 -0.6013939491585962 0.9052200452852024 0
4236 -0.2591921620762849 2.856260512941021 0
4237 -0.206929386406532 2.861240552381733 0
4238 -0.980725025579136 2.279409820044687 0
4239 -0.9600920906268098 2.243346565741912 0
4240 2.029719438645094 3.375324405988659 0
4241 1.709306881173759 1.044959952529437 0
4242 -1.601097495640711 3.405008880876168 0
4243 0.8865796235361418 0.5990746986794087 0
4244 1.92517652291219 3.220208477761211 0
4245 -0.9571468285551489 3.351610042297658 0
4246 -0.9227276758228973 3.302048182862999 0
4247 -0.8384339525621636 2.577265041911796 0
4248 2.401337668734622 2.21061222284946 0
4249 1.467148481417823 1.018884641259575 0
4250 -2.096212289403077 0.6709923200047405 0
4251 1.064849821478989 2.637733518442687 0
4252 1.103467555474033 2.636872888943852 0
4253 1.440158901707734 1.048157911524879 0
4254 1.412753402346862 0.6563234156544977 0
4255 -1.653789347211672 0.7828988932412693 0
4256 -1.612469806389692 0.7826360796741976 0
4257 -1.6947013587156 0.7838689957616582 0
4258 0.7091570119130111 2.181743224718621 0
4259 -0.2171209741434939 1.259614897174408 0
4260 -2.334413798559914 2.575240106960466 0
4261 0.2078811416873035 1.909117399197271 0
4262 1.822697484814446 0.4784557710755504 0
4263 -2.472079713301218 2.072513146538993 0
4264 -2.511740374374724 2.06729950584148 0
4265 -0.06657081777944401 2.868900108104523 0
4266 -0.8408121368795212 1.425590271590162 0
4267 0.720795726063107 2.542774273442908 0
4268 2.134836184091971 2.187572837106621 0
4269 1.227476188289534 0.833864616108196 0
4270 0.859521069450246 0.8309768405432854 0
4271 0.8159465890570712 0.8194700326346414 0
4272 1.232853302050725 0.571806492409014 0
4273 1.210727428702093 0.6093637613580933 0
4274 -0.5090438534962399 1.444731194215994 0
4275 -0.4896148913681893 1.47572357931827 0
4276 2.220554383377426 2.309291571341854 0
4277 2.223536114598825 3.094246651577922 0
4278 1.503634157234095 0.2727687617549424 0
4279 0.6783935318400882 0.8871322383543871 0
4280 1.005226531026511 3.0234849909387 0
4281 0.6203178329902782 0.2267071282884188 0
4282 0.661532394087182 0.1733131038670956 0
4283 -1.084928572565459 0.1433832083673181 0
4284 -1.106885522420315 0.1966680350482846 0
4285 -1.14376502744448 0.1504252611547416 0
4286 0.7213533391465293 1.032986229535929 0
4287 0.6385410148712811 0.6657037215450132 0
4288 0.8913844413521212 0.5111363262123318 0
4289 0.6832853542672798 0.5840885468527701 0
4290 0.7140949253351039 0.5404609443902277 0
4291 2.504722748299224 2.100779207889254 0
4292 2.479735728639695 2.069444354307568 0
4293 2.439998244299225 2.076871729651515 0
4294 2.453003650179728 2.039101150918913 0
4295 2.51795480777969 2.061823155776026 0
4296 1.285602675810348 0.8071089068904764 0
4297 1.486275652183131 0.6171162621450075 0
4298 0.9711861246285431 1.241683755293172 0
4299 -0.935859174029095 1.299571127155988 0
4300 -0.8915167455006416 1.294516110314725 0
4301 -0.90701009693957 1.329577026399087 0
4302 -0.8683690693451428 1.326245260367923 0
4303 -2.774722109049945 3.17824895104669 0
4304 -1.875384698362332 1.133104022634365 0
4305 -1.854993751700234 1.096264199915231 0
4306 1.498873189299309 3.249274062617737 0
4307 -0.01254578538606004 3.336106590133796 0
4308 1.979470765267435 0.6057175289538619 0
4309 2.031168295373012 0.5990059503333587 0
4310 -2.425952064657867 2.417573378297321 0
4311 -2.390684637678345 3.349799909624984 0
4312 -2.421630271944359 3.288824763426473 0
4313 -2.459559278341301 3.346414416686652 0
4314 1.709164170843816 0.7464916467949365 0
4315 2.1556749843372 3.369204690674786 0
4316 -1.140611722791637 1.113530025392286 0
4317 -1.162447535854269 1.080159092958734 0
4318 -1.179267122884609 1.115023510211242 0
4319 -1.202558576362051 1.082206157922124 0
4320 -1.243244451184426 1.079950772071101 0
4321 -1.221513919024711 1.0483625574128 0
4322 -1.260086600895389 1.045463712963362 0
4323 -1.243584626466357 1.013718940420672 0
4324 -1.28129315952927 1.012797025301138 0
4325 -1.299355588120682 1.041783665166455 0
4326 -1.313360139700323 1.014565821549702 0
4327 -1.337506701031447 1.040066868363819 0
4328 -1.597230742668087 1.047350461675123 0
4329 -2.598509749137879 2.50565085534253 0
4330 -0.6744233154587244 0.1495059816631403 0
4331 -0.6364250045374167 0.2010381364420397 0
4332 -0.6068168100754169 0.1423494620572932 0
4333 -0.5703250602977012 0.2002679808863197 0
4334 -2.220292405277077 1.724861937980644 0
4335 -0.3906496484272161 0.593828503643463 0
4336 0.4283128854362651 2.162788361356674 0
4337 0.4097314571008744 2.204604492250857 0
4338 0.4509778413598705 2.201372295111295 0
4339 0.4351543485758687 2.241306061116723 0
4340 1.36908773884871 3.411394718794232 0
4341 0.07593056431228606 3.336187429675333 0
4342 -0.9612395450203182 3.049224029565908 0
4343 1.48920339673706 0.9867197425303484 0
4344 0.5383458666209201 0.55132819890034 0
4345 0.4766539489185362 0.5534137729580553 0
4346 -1.815992194879681 3.249021712889566 0
4347 2.275300220573344 2.658572046310958 0
4348 2.296647629660996 2.615856002823351 0
4349 -2.64059274958271 2.792220787501781 0
4350 -2.701865311633899 2.786953865097241 0
4351 -0.4061747816540646 0.151981315690356 0
4352 -0.4731420398025596 0.157724692293105 0
4353 -0.329835910027509 0.1442598782279827 0
4354 0.1192285849524248 1.903887247886773 0
4355 0.2986083999865045 2.685363328553336 0
4356 -0.5473041607271667 0.9018955219169744 0
4357 1.296365551642418 0.5334157809620295 0
4358 -1.887887673774104 1.168858350964272 0
4359 -2.559073922302435 2.962871526700599 0
4360 -2.526349361539295 2.908796536718833 0
4361 0.8154741354637234 2.106483114342408 0
4362 0.8520157417593144 2.105559422784247 0
4363 0.8351912756369778 2.07540570998707 0
4364 0.9876690511310673 2.630014452856178 0
4365 0.9442160007302918 2.637057023774209 0
4366 -2.25649689846825 3.351031189054636 0
4367 1.833891641097869 2.400446921541225 0
4368 1.853563212446945 2.36508887800148 0
4369 -0.5961251685806785 2.304991025938557 0
4370 -0.6043382055881947 1.9226878749976 0
4371 0.1056537405199273 3.132760600316378 0
4372 -0.2713449581002595 1.444248047785634 0
4373 -0.2417101853849737 1.489410405774164 0
4374 2.336908917300803 3.234207352719497 0
4375 2.311164390193071 3.295105522817049 0
4376 -2.21954492220911 1.623139615149416 0
4377 0.0900700221949232 1.082882455883424 0
4378 2.175494536379218 0.8538774525845141 0
4379 -0.6612777960767654 2.405464919657554 0
4380 1.738995211279522 2.442445659118705 0
4381 1.720509832099378 2.474441247919929 0
4382 1.700948138979026 2.442488927863189 0
4383 1.681438396616651 2.47571252046176 0
4384 -1.388384385446035 3.250949180973365 0
4385 2.336990299496189 2.438380303263599 0
4386 -1.095667404369076 0.4498935017944785 0
4387 -1.115033099044251 0.4989412396152448 0
4388 -0.8004988318404275 2.963712407085473 0
4389 -0.7701257792729579 2.914734919220173 0
4390 -0.09227160086291687 0.8826044995166316 0
4391 -0.06940488481701935 0.8150686497804593 0
4392 0.2177206474728924 3.382335288837027 0
4393 1.072514844301542 0.8169732699395691 0
4394 1.031025304634921 0.8132054674830835 0
4395 -2.499117999801063 2.963341671734795 0
4396 2.709208299562217 2.843651264274554 0
4397 2.690736589783197 2.903501248613117 0
4398 2.73034539758913 2.953770114729181 0
4399 2.666293376054544 2.964184395396855 0
4400 2.70565752338789 3.012047676264631 0
4401 2.641307626129537 3.015466021834352 0
4402 2.77174114203826 3.003807111248547 0
4403 2.753909394239105 3.067494920557866 0
4404 -2.581581004030951 2.793942483314769 0
4405 -1.144946543137229 3.028367401332983 0
4406 -0.5509534835965786 1.816666078209774 0
4407 -0.2904575217500744 0.07359333778524668 0
4408 1.209934481765563 0.1511460007242791 0
4409 -1.467478800371306 0.4670109751682654 0
4410 0.00898872249266711 0.8266050644360936 0
4411 0.3504635880246089 0.6820593429847353 0
4412 0.3151475550558818 0.623202790907996 0
4413 -0.8267832556325452 3.015477152340953 0
4414 2.570107772867877 3.363433587305424 0
4415 0.9893177228625973 2.273014770780416 0
4416 2.219702142810047 3.372303186153296 0
4417 -1.947353858908791 3.248756892177115 0
4418 1.022348561884013 0.1405623549245254 0
4419 0.959116864602956 0.1385743810797857 0
4420 0.9270862580472917 0.1907805249518673 0
4421 2.216961622112843 1.889324288801698 0
4422 -2.092921840843097 2.591155995161955 0
4423 -2.073019581704503 2.627489405978134 0
4424 1.141491081155629 2.725711715857573 0
4425 1.15595684436982 2.6897223969825 0
4426 -2.479900128454906 1.901927180153427 0
4427 -2.50976916306027 1.933684781917199 0
4428 -2.309224495861566 3.131580525030987 0
4429 -2.041722889818126 0.5352218947858507 0
4430 -1.993754872073229 0.5293903463570289 0
4431 -2.022137441789167 0.4878540852427924 0
4432 -1.973867762906923 0.4829152774911061 0
4433 -2.001026095327947 0.4397235782199875 0
4434 -1.951412680767261 0.433477316876469 0
4435 -1.980466118547106 0.3897099414213714 0
4436 -1.930470421388704 0.3810188173118434 0
4437 -1.961467321463068 0.3374728131899363 0
4438 -1.908157983376372 0.3285362032479224 0
4439 -1.938193479967303 0.2849962177017167 0
4440 -1.882457902326978 0.2775772314767122 0
4441 -1.915537404729398 0.2310591384388538 0
4442 -1.857137383265644 0.2233371677459621 0
4443 -1.892642657456201 0.1752772164246497 0
4444 -1.833961152170627 0.1673094748894097 0
4445 -1.796566061638465 0.2163074436609316 0
4446 -1.772980694562268 0.1608485549707588 0
4447 -1.736497100092655 0.2094153979336482 0
4448 -1.712242022569288 0.1555804829049379 0
4449 -1.676546535707491 0.203023911486605 0
4450 -1.651843026038311 0.1484345766634476 0
4451 -1.616165615066217 0.1962862031288115 0
4452 -1.591173361050543 0.1430212080045128 0
4453 -1.555301557532086 0.1896469265630953 0
4454 -1.699564155718611 0.259275723360415 0
4455 -1.897159484855427 0.4211192533157633 0
4456 -2.010603860672917 0.3455544151293979 0
4457 -1.530787366745887 0.1337774412551822 0
4458 -1.492885286028502 0.1807608459067378 0
4459 -1.574107066305066 0.08961019320506036 0
4460 -1.46459442490917 0.1207328015115745 0
4461 -1.429884443510328 0.1748085265508226 0
4462 -1.455605299889335 0.2304555633767957 0
4463 -1.584073213649451 0.2469291254013124 0
4464 0.6781002675217684 1.712007160892729 0
4465 1.696472419976446 0.1315241995077712 0
4466 1.722105374136566 0.1844570249567532 0
4467 1.757919433298526 0.1360912192727564 0
4468 1.783336176677446 0.1896664866353674 0
4469 1.819576165432271 0.1408622130519714 0
4470 1.844534420168931 0.1943169701620775 0
4471 1.880185950705548 0.1481120163739253 0
4472 1.89978972320645 0.2054059187092092 0
4473 -0.8839384176322304 1.35811325008972 0
4474 0.6398548424933478 1.71050099517641 0
4475 0.6036289294302473 0.5529132847565681 0
4476 -2.659581224995355 2.735113989478839 0
4477 1.261531483502271 3.37543568663901 0
4478 1.227913061872869 3.322027969640452 0
4479 1.199906045447376 3.378573287155055 0
4480 1.170584763065886 3.325060323892549 0
4481 1.127258991708081 3.378843117430105 0
4482 -1.298956793778214 3.40745979000638 0
4483 1.372307533618567 3.260811211162234 0
4484 -2.241888599687226 1.151756304551244 0
4485 -0.2800189441452532 0.4519467321269017 0
4486 -2.284214575012178 1.702910623678982 0
4487 1.374209913720164 0.1097850293209506 0
4488 -0.5357633052342814 0.9881507330591148 0
4489 -1.399982332696796 1.03701831935607 0
4490 2.377768226682288 1.624720205624334 0
4491 2.398101134012846 1.59053648901042 0
4492 1.906963950058142 0.6416484192872609 0
4493 0.4855132141061304 2.234071848777363 0
4494 0.4621180498902167 2.278153281745991 0
4495 0.4172238324603024 2.285691069507545 0
4496 0.4417890709263373 2.320394616563648 0
4497 0.4877680390661402 2.316602233204768 0
4498 0.4679298053781634 2.35818058470119 0
4499 0.5141402850746961 2.354249153984379 0
4500 0.4211784844174598 2.362457275892837 0
4501 1.854398104707122 1.13793386357778 0
4502 -1.490188951731038 0.7366886829110195 0
4503 -1.450991677704162 0.731303727696353 0
4504 -0.2516920695899121 1.220937830620576 0
4505 -0.3157064833118263 0.5194272073431272 0
4506 -0.1172453352405402 2.473680783691897 0
4507 0.223871686424378 0.6738578298639455 0
4508 -0.0007493299113632577 2.864742589796879 0
4509 -1.956818083765212 0.1863251449515781 0
4510 0.8948983087428004 0.1354538358838528 0
4511 0.8614352451481757 0.1882865129213425 0
4512 0.8297901165352369 0.1338422452516979 0
4513 0.7956855771166336 0.1871818248823633 0
4514 0.177950474458133 2.6124637992701 0
4515 -2.529725242953246 2.035251379590509 0
4516 0.5405382832804509 1.807667036530302 0
4517 2.193487750084069 0.8890399386131937 0
4518 2.173194751395788 0.928674494334587 0
4519 2.197090599298509 0.9684606856561813 0
4520 2.152712252702504 0.9691691337382445 0
4521 2.17855340395856 1.000562915483846 0
4522 2.215742127929946 1.004492723797072 0
4523 -1.400998859509837 0.1195775567447448 0
4524 -1.368483094728392 0.1723949810431185 0
4525 0.09048505987961934 2.80722013086966 0
4526 -1.11661807172693 1.144937590570607 0
4527 -0.1879096109736291 1.687815737558643 0
4528 -0.9951358990020841 0.7891152272048436 0
4529 -1.033449283503987 0.798791069292383 0
4530 0.5094823440771257 0.4970491312102123 0
4531 -2.380851143429753 2.568423882398409 0
4532 -2.351868373324459 2.528163772004279 0
4533 0.6516884508687972 0.9256337469084868 0
4534 2.343563095944315 2.597374218889527 0
4535 2.309171459350581 2.57436890366813 0
4536 2.270083995135797 2.579714193272526 0
4537 0.603459213359017 2.355633637311968 0
4538 0.48467797101654 1.250528715185969 0
4539 0.5051261984655551 1.28893520545952 0
4540 0.4816957238754084 1.329307825644763 0
4541 0.5021265878018557 1.370692453391507 0
4542 0.4796915329643586 1.409643788962029 0
4543 0.4369284638618587 1.250732154008218 0
4544 -0.2632918816251202 1.006705655089019 0
4545 -1.054914778442197 1.170405905563098 0
4546 -1.032116145488139 1.2085142594921 0
4547 0.6886569878370845 0.9756570733376601 0
4548 -2.210170096490772 0.9752680498320927 0
4549 -2.22529415349011 1.012924412981505 0
4550 -0.4476962539856421 0.09592272331485852 0
4551 -0.8604543821183255 2.271630338608064 0
4552 0.5999448273625902 1.777263501374667 0
4553 -0.8200716501562738 0.8478262044789433 0
4554 1.071241723994506 0.6156099546496816 0
4555 1.054998939466056 0.7769782340630738 0
4556 2.178914452380805 1.606710921378614 0
4557 2.162292753657487 1.567550371083649 0
4558 2.413605777775329 2.045550907273371 0
4559 2.42673125739664 2.008024513555977 0
4560 2.465667453263336 2.001633886953496 0
4561 -0.1048266622648812 1.716360071468279 0
4562 2.13811015484519 1.431836486642889 0
4563 2.153518242593369 1.464439347227461 0
4564 -0.3473864676183434 0.8495706167237933 0
4565 -0.3781817936776602 0.8962235602223914 0
4566 -1.7410483497455 0.1065857961360737 0
4567 2.783466693735036 3.344539096237344 0
4568 -1.86486582171686 0.1164822839176642 0
4569 -0.5514135955148975 2.300310715898624 0
4570 -0.5795515398416554 2.266211486306264 0
4571 -0.6074242448022382 2.23432853493149 0
4572 -0.5645903352302843 2.226798980941463 0
4573 -0.5358271400173191 2.257486798290957 0
4574 -0.5225220717264839 2.216469311777039 0
4575 -0.4926861213167891 2.242196632838992 0
4576 -0.481954991325601 2.202238483010306 0
4577 -0.5102121382870546 2.175919967251473 0
4578 0.7572620649752417 1.710433483837953 0
4579 0.7957435517982836 1.709687080240947 0
4580 1.11468372198829 0.8196103416410163 0
4581 1.154505659394427 0.8258025127204973 0
4582 1.146361839792714 0.7811860614533477 0
4583 1.177338318265296 0.8021055766730485 0
4584 0.09855627257812971 1.185645707385693 0
4585 2.661926616748815 2.693376425499007 0
4586 2.621017165105578 2.649953683199754 0
4587 1.507345984249644 1.029113650186135 0
4588 -0.5089039935618785 1.816515262720089 0
4589 -0.4896369796792224 1.779244767097099 0
4590 -2.037585620365427 3.411979301314339 0
4591 0.6672543803572997 2.384363802896381 0
4592 0.6953024730984828 2.423185992778298 0
4593 -0.5636185041815016 1.922763346297792 0
4594 -0.6217320444469517 1.958554772464639 0
4595 -0.6017849932305325 1.994983249746603 0
4596 -1.170123406496865 0.7504586360762702 0
4597 0.8247295337282573 0.4579189034289737 0
4598 -0.5736517266736545 0.8659124181964732 0
4599 -0.4937747027707279 0.895002251216753 0
4600 0.1404184412822664 3.396111799681969 0
4601 -2.187918723654729 0.9092130504280209 0
4602 -2.591924449356658 2.420872509670032 0
4603 2.603859113732809 2.967583746112081 0
4604 -0.08849497977015297 2.93959841241619 0
4605 0.8726695467585316 2.073132579092222 0
4606 -1.147052976030661 0.4571665467995416 0
4607 -1.165999514498284 0.5044619793285829 0
4608 -1.197049478521624 0.4638506004024947 0
4609 -1.216867471925394 0.5098172564389145 0
4610 -1.133944980929016 0.5463371267101682 0
4611 -1.244824068836423 0.4699434289578237 0
4612 -1.266817986918415 0.5150536794972767 0
4613 -1.295122513870231 0.4690761992406147 0
4614 -1.227703947477395 0.4254035650235564 0
4615 2.188256512492583 1.688470827245295 0
4616 1.80255073508858 0.2418616752008858 0
4617 -2.178296416461009 1.833031711414128 0
4618 -2.209296854471186 1.859930218870223 0
4619 -2.215240994407241 1.819864021964493 0
4620 -2.201887675857664 1.898904490492983 0
4621 -2.245570819278579 1.848295062118312 0
4622 -2.258552383744822 1.809387166986482 0
4623 -2.228240038128363 1.782016739572986 0
4624 -1.671638006766258 1.090801618600663 0
4625 -2.152162812135867 1.547906804333446 0
4626 -1.788009840324223 1.129941956556636 0
4627 -1.750708899526217 1.115189370548987 0
4628 2.052009114032201 1.347218889739651 0
4629 2.066576612339995 1.309872644969983 0
4630 2.041146992674915 1.279353501140088 0
4631 2.080389756797978 1.273214190329333 0
4632 2.091244781235232 1.341889945608926 0
4633 2.055464421177497 1.244663455978961 0
4634 2.093629510446134 1.236472577970961 0
4635 2.015347537175732 1.249551832518148 0
4636 2.031995239299169 1.212088864210323 0
4637 2.116349114495472 1.2646686990148 0
4638 1.991892289367791 1.219251573334846 0
4639 2.003175236485498 1.183013574511086 0
4640 1.96577910102841 1.192032769900285 0
4641 1.4069156878629 1.071892071679302 0
4642 -2.106411148376573 2.064135777134818 0
4643 -2.144466517784063 2.060013036751934 0
4644 -2.127977137134756 2.096236589910527 0
4645 1.909863117167637 2.297204319360548 0
4646 1.947135437677747 2.310597692375894 0
4647 1.978108485083112 2.283360741833863 0
4648 1.916909443405768 2.33566802142267 0
4649 1.951662327667252 2.349868791031398 0
4650 1.180890569380731 2.353574074489231 0
4651 -1.194704471379747 2.358885514107603 0
4652 -2.018270730918567 2.199364439149845 0
4653 -0.8223089418911115 1.688626562855081 0
4654 -0.786005023730618 1.704542969524363 0
4655 0.9853593186588515 2.199628022683204 0
4656 -1.123920724952194 2.319763029656788 0
4657 -1.121264863120889 2.357298634973038 0
4658 -1.08827889212895 2.335477731506474 0
4659 -1.055031832946537 2.314165122195986 0
4660 -0.8372358113670111 1.566832302098049 0
4661 -0.8205866911442881 1.77017080029689 0
4662 0.9357268328451919 1.366457969193389 0
4663 0.9157596940786015 1.336715955019534 0
4664 1.943105080259249 1.226135522612897 0
4665 1.10672317803041 1.193249663040992 0
4666 1.073419608711173 1.181651095832169 0
4667 -1.426935983377911 1.07049514559478 0
4668 1.532645788810433 2.433366625022941 0
4669 1.555292440195918 2.465445132319003 0
4670 1.594689279612268 2.460926310993707 0
4671 1.577887998326917 2.495008371837771 0
4672 1.61549523450245 2.490098871158867 0
4673 1.515524830229381 2.46884292067678 0
4674 1.476423267435138 2.471901518967856 0
4675 1.496257174350999 2.501110455209953 0
4676 1.448639556658519 2.438725331624397 0
4677 1.601547546072224 2.52832801872669 0
4678 1.45944339940188 2.506897004424807 0
4679 1.406660284640927 2.427047378409994 0
4680 1.631100848881823 2.45345422835177 0
4681 0.8598746535008632 1.98986596220897 0
4682 0.8221295758506516 1.981602516365245 0
4683 0.8025681243710101 1.943994699481678 0
4684 0.8384502574739662 2.016299262725791 0
4685 0.7846692022855116 1.981582640931948 0
4686 -1.510179044030157 1.069019895786059 0
4687 -0.823427237753773 1.645991084964174 0
4688 -2.065487878116414 1.366273650731147 0
4689 -2.105602866820944 1.366635353346917 0
4690 -2.086229136099104 1.329320688978835 0
4691 -2.132944032058039 1.400960078833266 0
4692 -1.823493884748181 2.350947021647512 0
4693 -1.821251071191162 2.39033365579896 0
4694 -1.785526628027569 2.408588382675115 0
4695 -1.818905453445685 2.429912401813374 0
4696 -1.784206714179452 2.448015411920456 0
4697 -1.854057766959066 2.411474425209427 0
4698 -1.851833883706231 2.450988051953174 0
4699 -1.884473441327407 2.432965755825381 0
4700 -1.889193544766802 2.392380673252131 0
4701 -1.884583812027598 2.472160235666108 0
4702 -1.751366660690606 2.427218727892827 0
4703 -1.749684653076592 2.466161231058307 0
4704 -1.716787522912698 2.445254593143968 0
4705 -1.714895975343162 2.483794906520744 0
4706 -1.683181640450834 2.465156237642244 0
4707 -1.679393196067897 2.500059581173067 0
4708 -1.648071192914596 2.482173170541593 0
4709 -1.645479376878844 2.516117887960027 0
4710 -1.61406715928189 2.497197719780855 0
4711 -1.746593962185475 2.502704172489518 0
4712 -1.920827383293005 2.418062479469832 0
4713 -1.922299967390016 2.374771796206163 0
4714 -1.846946510043825 2.49129761801444 0
4715 -1.61281517922877 2.457622031979559 0
4716 -1.576082099593727 2.480215884495312 0
4717 -1.580583382586891 2.520155879129734 0
4718 -1.544695345385691 2.49894147335729 0
4719 -1.892856695826447 2.308265110161933 0
4720 -1.930901477029794 2.332070971862549 0
4721 -1.961646276294026 2.300601189952573 0
4722 -1.972533535691509 2.333733886010512 0
4723 -0.869880210717328 2.007651420617622 0
4724 -2.041367125207632 1.332743586076025 0
4725 -2.054859173868541 1.297000452988852 0
4726 -2.030127231605488 1.256276019312039 0
4727 -0.9473945524935077 1.346025029975163 0
4728 0.818320626319313 1.792681231754847 0
4729 0.8931690585832609 1.436294073849676 0
4730 0.8722278815534731 1.404327722375987 0
4731 1.04574253795824 2.259989241952358 0
4732 -0.8703992034496164 1.491670832540263 0
4733 0.9384054907500436 2.133755099988842 0
4734 1.176660429074054 1.148685572241031 0
4735 1.182169994251384 1.108996892342783 0
4736 0.9831872456114747 1.301142412427098 0
4737 0.8357976913523382 1.588932874838795 0
4738 0.8077020321831131 1.562851931308504 0
4739 0.8137350071424148 1.518259380496764 0
4740 0.8008384714314017 1.602239446030055 0
4741 1.250213377566061 1.114528296310024 0
4742 1.257171658746515 1.075623409793671 0
4743 1.295216755631363 1.061839349570791 0
4744 1.264669773654027 1.036265444423496 0
4745 1.302238885053534 1.025231590488854 0
4746 1.332252999664795 1.049481394031472 0
4747 1.341071435485157 1.009982963790157 0
4748 -1.510246287792923 2.431538831789521 0
4749 -1.489984228323247 2.465830504832182 0
4750 -1.45002414551 2.465995636716171 0
4751 -1.469677526616227 2.500362669926019 0
4752 -1.430686615036426 2.498501459814944 0
4753 -1.411153781550901 2.466879873467538 0
4754 -1.39172248297121 2.500694980369495 0
4755 -1.372153745097915 2.466959632396379 0
4756 -1.352718436861156 2.498762397097586 0
4757 -1.33315770237525 2.468947165195098 0
4758 -1.313718241225028 2.498706423294892 0
4759 -1.294155889238411 2.468096293195006 0
4760 -1.450275008140749 2.534364081650857 0
4761 -1.333265308211517 2.533457157676848 0
4762 -1.274722693729206 2.500933054660128 0
4763 -1.255155411752094 2.468348760819124 0
4764 -1.273953889626196 2.430402080077127 0
4765 -1.233252489758815 2.439697674249267 0
4766 -0.9461389639558164 2.149396752002911 0
4767 -0.9036890037409805 2.146563355193645 0
4768 1.250657295413805 2.385514670307998 0
4769 1.257452949484709 2.4242912219591 0
4770 1.298177776879116 2.435741302318005 0
4771 1.267691433600624 2.464926182481053 0
4772 1.229455178418011 2.449296916444894 0
4773 1.233924173850948 2.487612912154221 0
4774 1.19586709074453 2.470351196740494 0
4775 1.655731179978557 1.080665932300164 0
4776 -0.9050680951034972 2.082039581676562 0
4777 -2.138445636732183 1.990302804820616 0
4778 -2.180747112332659 1.986951723486676 0
4779 -2.197728044407516 1.944500854142143 0
4780 -0.824306555418703 1.850784517315762 0
4781 -0.7964188503194977 1.875363863763538 0
4782 -0.8001102279379984 1.918740037463829 0
4783 -0.8396157893336245 1.930170062227238 0
4784 -1.344929064867967 2.41431469975218 0
4785 -0.9086519445235712 1.4196512405261 0
4786 0.8584246218790893 1.511358865219281 0
4787 0.8350556833400958 1.478878742072482 0
4788 -0.999940459711589 1.289199776249554 0
4789 0.8354742080490148 1.91423772055266 0
4790 0.797829648677209 1.901325550137159 0
4791 0.7899199288279219 1.860982891895211 0
4792 0.7643478073738119 1.888477580656047 0
4793 -1.00025725615367 2.213785394667362 0
4794 1.768087134465097 2.377643364703958 0
4795 1.044604471070188 1.245009377889692 0
4796 2.174571914009397 1.847832658289218 0
4797 -1.956610788991102 1.241933406435048 0
4798 -1.96155684529845 1.203404198154321 0
4799 -1.994239724948671 1.229283481160092 0
4800 -2.001289618570201 1.187188638456976 0
4801 -2.027425584982224 1.21563686722204 0
4802 2.100403284360165 2.081725660155071 0
4803 -1.668297482624701 2.411170840709184 0
4804 1.102602086202884 2.311073707966985 0
4805 0.8214296258198591 1.833121074394001 0
4806 0.7802297109854142 1.815297937727057 0
4807 2.075906149576654 1.38209716424974 0
4808 2.112397135273064 1.373660063028565 0
4809 2.129213159732713 1.335108217702096 0
4810 -2.12445646167729 1.47367315118168 0
4811 -2.16426599854951 1.586153527385129 0
4812 0.8193097326979298 1.672961043386011 0
4813 1.971749043200449 2.243877214599429 0
4814 2.014942440577442 2.258400324529914 0
4815 -1.059242531128179 2.272323357249199 0
4816 -1.020783461120685 2.287724604987108 0
4817 -1.956318033143157 2.258091038201291 0
4818 -1.993001498625768 2.266796568027232 0
4819 1.327997219521292 2.410370668062801 0
4820 1.340543851379715 2.450314373385014 0
4821 -2.087844209053522 2.098330274703216 0
4822 -2.10830988372679 2.128046617852899 0
4823 -1.986890994680251 1.269709820475527 0
4824 0.2812479092659897 1.801465749312424 0
4825 0.7693694436515492 1.927836203129811 0
4826 1.873833969348804 1.175999310890886 0
4827 -0.8554845405000238 2.629241963782217 0
4828 0.1493991513850991 3.196095471065561 0
4829 0.1429213030475552 3.066742002074896 0
4830 0.2229619681969938 3.05435206555915 0
4831 0.2709178671700678 2.996653643749299 0
4832 0.3318636782232235 3.006547077678936 0
4833 0.2986206289648822 2.94836558569582 0
4834 0.3640781769806432 2.953111739782179 0
4835 -2.438445855451654 2.137638156388497 0
4836 -0.3501258892913546 2.45006245235424 0
4837 -1.642093734074222 0.2537614118382054 0
4838 -0.467875391887367 0.8467456801771531 0
4839 -0.4416951386229294 0.8930758870426012 0
4840 -1.34723130620378 1.081409928528815 0
4841 1.73231472942149 1.108996886154282 0
4842 2.370595282622042 2.553611410989572 0
4843 -0.8140628039625805 0.9286072495987296 0
4844 -2.407514433289508 2.609320751694563 0
4845 -2.138679003137504 2.190581052285388 0
4846 1.012506109222942 0.7761764805891378 0
4847 0.4483251945742219 2.40154275167672 0
4848 -2.338101306419747 2.743111954983438 0
4849 -2.288438516482161 2.744821410362453 0
4850 -2.261641100357739 2.700106295726775 0
4851 -2.237118308016555 2.739350932688791 0
4852 -2.263527280736413 2.786525199503556 0
4853 0.9532519703298786 3.092462734376872 0
4854 -2.051718086033684 2.740990089418872 0
4855 0.0699056164648017 0.7291358023372576 0
4856 0.1022635685551203 0.67175932693469 0
4857 -0.6432359152024277 0.8930692164578646 0
4858 -0.6739791107085825 0.8481162473902848 0
4859 -0.8568384118399957 2.708784176098275 0
4860 0.9438146260154472 1.109612141674493 0
4861 1.738147010353963 0.67104489269263 0
4862 0.8499943625070784 2.701164636874502 0
4863 -1.315249180062599 0.5222605192450787 0
4864 -1.345523124075487 0.4827680983251439 0
4865 -1.289085546407307 0.5619437496222692 0
4866 1.222898664036954 2.409645257989685 0
4867 -0.7974399084186932 3.066780742240209 0
4868 -0.8776290562308452 2.667424687138131 0
4869 2.423826757118116 2.425619935454388 0
4870 0.7745177910545638 1.74529789688331 0
4871 -0.3207778474475025 0.7963172188733045 0
4872 -2.17964582195491 2.428607871784068 0
4873 -2.140346544306448 2.429727008388211 0
4874 1.370296561708755 2.787297872582925 0
4875 -0.1453161846878322 2.113584378218968 0
4876 -0.1712968108769903 2.067931655888127 0
4877 -0.155057307654373 2.008951212752077 0
4878 -0.1980782147870502 2.11539462524995 0
4879 -0.2265829239126164 2.161832029193414 0
4880 -0.2074585058576298 2.209454469843716 0
4881 -0.2554984814647076 2.230774115016759 0
4882 -0.2784751235249111 2.272388724950846 0
4883 -0.3028627158152415 2.225510333799374 0
4884 -1.286137094745907 0.721344709828698 0
4885 -1.845442569540793 3.05201017114678 0
4886 -1.816263679706157 3.007715744189984 0
4887 -1.765207983908977 3.009062923574414 0
4888 -1.790239947907912 2.964779122560236 0
4889 -1.740516346819873 2.965562048898887 0
4890 -1.839657433921583 2.963284649535758 0
4891 -1.813550714749998 2.925117618159221 0
4892 -1.862405650992804 2.913373892673296 0
4893 -1.888638704172942 2.960193909962021 0
4894 -1.914908156173531 2.913156869839022 0
4895 -1.938313328602383 2.958563752413208 0
4896 -1.963431980349808 2.911729309641879 0
4897 -1.987814047651387 2.956665831616147 0
4898 -1.970527113679982 3.001406363722044 0
4899 -1.715640457620841 3.008139252387109 0
4900 -1.691702947849771 2.965536011237521 0
4901 -1.7155015381814 2.921368746207359 0
4902 -1.664933103172517 2.92072206853175 0
4903 -1.643361868370059 2.964545918857938 0
4904 -2.010583150844636 2.9112395185671 0
4905 -2.034967779123549 2.952502764364065 0
4906 -1.618495791075648 2.92131946413929 0
4907 -1.595576725130191 2.963847662468674 0
4908 -1.61941181032614 3.005875335849384 0
4909 -1.571100239872622 3.004047084403647 0
4910 -1.548424556323368 2.963240406049855 0
4911 -1.522702149729096 3.004179503880019 0
4912 -1.50027429562693 2.962246898859171 0
4913 -1.472944046891882 2.999466822165002 0
4914 -1.451127602161902 2.961610390571295 0
4915 -1.421696899208924 2.999155575252983 0
4916 -1.402201725585947 2.960646025853523 0
4917 -1.374114971149587 2.997268919698958 0
4918 -1.353846495641712 2.959974738365792 0
4919 -1.329067841932331 2.997768998189151 0
4920 -1.306213188011808 2.956938906555594 0
4921 -1.280825625347485 2.995988304992133 0
4922 -1.254876746856112 2.964154676394425 0
4923 -1.233258402356572 2.997856089004755 0
4924 -1.254612224936913 3.039702783955238 0
4925 -1.48051020234238 2.922538081138806 0
4926 -1.573782452279237 3.066497646983483 0
4927 -1.379904527016762 2.918107583373228 0
4928 -0.4149871099215212 2.130434188341229 0
4929 -0.4383310598655988 2.090326473873084 0
4930 -0.4169057933329526 2.050141567196273 0
4931 -0.4698170507602279 2.051880498872736 0
4932 -0.4461564878598449 2.005818262469437 0
4933 -0.3973440406261757 2.010637280371497 0
4934 -0.4587215089383387 2.132373953586894 0
4935 -0.4843601936713446 2.096267621797531 0
4936 -0.5230659102760592 2.112333871799696 0
4937 0.3900560279622139 1.494888721811034 0
4938 0.4136240732117429 1.534200898929229 0
4939 0.3922254052312438 1.573889849857047 0
4940 0.4367673225052746 1.572618509686152 0
4941 0.4161247081331972 1.611101513306157 0
4942 0.3695575317570679 1.615511783945877 0
4943 0.432603692848051 1.494879178302933 0
4944 0.4603004356537906 1.458211734500618 0
4945 0.3230172210030585 1.622115767529048 0
4946 0.3447070719595429 1.659056283956978 0
4947 0.3242510223227791 1.697293395702692 0
4948 0.4352023913797576 1.415650305280453 0
4949 0.5048586666364909 1.443272423460491 0
4950 0.05121921719753864 0.6185433066178521 0
4951 -0.3024130908428307 1.914947698547773 0
4952 -0.3498747269410664 1.91852680721661 0
4953 -0.3719081972256761 1.960789182058301 0
4954 -0.3955909692768343 1.924087509986305 0
4955 -0.328637944681459 1.874955661223977 0
4956 -0.3070621670690355 1.829783160698373 0
4957 -0.2565167594176985 1.825851233514413 0
4958 -0.3292332611374695 1.785004633444249 0
4959 -0.356064934939399 1.832773988273326 0
4960 -0.3476817452791895 2.003333562717142 0
4961 2.44362839086469 2.825043075975247 0
4962 2.380314801756113 2.830739018751884 0
4963 0.6658176036988271 0.4424217396857424 0
4964 -0.0431727687404467 3.420065684426895 0
4965 1.722287125722842 3.041167383959547 0
4966 1.744725051113892 2.994926568491529 0
4967 1.794765262748648 2.991017969456176 0
4968 1.766018630746576 2.950207828742233 0
4969 1.815044916426783 2.945861518223837 0
4970 1.717536454545203 2.954043123572486 0
4971 1.844563077668367 2.986727155515362 0
4972 1.864217854144514 2.941278465423627 0
4973 1.835298784486273 2.907845771655561 0
4974 1.734858671326257 2.908037074251193 0
4975 1.688400476013002 2.91123400551867 0
4976 1.670068724224129 2.956219221925478 0
4977 1.894584860962926 2.981553447418518 0
4978 1.913276823088347 2.935748114191681 0
4979 1.642899688564185 2.91495007260212 0
4980 1.622954198010009 2.958702938901655 0
4981 1.59791505678897 2.918451794132503 0
4982 1.576287926168938 2.962073624646508 0
4983 1.601255793160478 3.001341579947711 0
4984 1.555043851010538 3.004342565066827 0
4985 1.531191387492832 2.962888215967268 0
4986 -2.337629875902339 2.840148113468328 0
4987 1.586134337994135 2.765170345583283 0
4988 1.561840986841828 2.732163516633644 0
4989 1.521597371081119 2.736025252957434 0
4990 1.538305857793073 2.699700872102619 0
4991 1.493602690808968 2.697246569062171 0
4992 1.480983527163364 2.738551213184246 0
4993 1.577241024808887 2.695805514630037 0
4994 1.516224362071675 2.670847547881371 0
4995 1.454081968880983 2.710547224947831 0
4996 1.442965549990889 2.745794945321238 0
4997 0.5746563914735199 1.172010087538015 0
4998 0.6205852857576541 1.178437903893691 0
4999 0.6384191445388293 1.134953309914414 0
5000 2.101853152766136 2.630658650915568 0
5001 0.003326765134823442 2.260393323043314 0
5002 -0.4451478243506221 1.703528736674783 0
5003 -0.4876970007631689 1.706448802018193 0
5004 -2.748860574982268 2.831987680464297 0
5005 2.461484483345306 1.822988007949687 0
5006 2.449130507382366 1.86251864753085 0
5007 2.47485801051443 1.894263024672488 0
5008 2.435607969638129 1.899728847451071 0
5009 2.460335154876722 1.931869216491962 0
5010 2.500292081603993 1.922632006035601 0
5011 -1.076115501336394 0.3983535971026193 0
5012 -1.193607927464456 0.7136309597686279 0
5013 -2.593752245636094 3.018226389450443 0
5014 -1.569835096092211 0.4393747221535744 0
5015 -1.593637213215455 0.485495328433049 0
5016 -1.642687855579487 0.4929213526246106 0
5017 -1.615873071875084 0.531687528006382 0
5018 -1.66212526860264 0.5374085432904891 0
5019 -1.633176256687636 0.5732147484574397 0
5020 -1.694290407255163 0.499679636920797 0
5021 -1.71323390638706 0.5447369194573277 0
5022 -1.76169220037164 0.5619004582571574 0
5023 -1.728407318807809 0.4581063837686443 0
5024 -1.467962571629846 3.069421966901666 0
5025 0.8109235495853617 0.06543580477785627 0
5026 1.240533819494452 0.2066214840703735 0
5027 1.207163679834178 0.2626009852154794 0
5028 0.2389986691037368 2.6997200757737 0
5029 -0.1627312960446514 1.246772819740509 0
5030 0.2665041815341672 1.213560580217016 0
5031 -1.90981087102162 3.411013714786837 0
5032 -0.9211562458809494 2.240942523662905 0
5033 1.149672295249618 0.574442758016422 0
5034 -2.18794704735879 1.787862716152247 0
5035 1.309752504629601 0.3094389363040575 0
5036 -0.7876065599453714 1.82972011606039 0
5037 1.453395017286526 3.060314638794651 0
5038 1.424152337943518 3.018911484594796 0
5039 1.373429910832762 3.022595314897946 0
5040 1.392856014745621 2.979558520248133 0
5041 1.345829841856206 2.982333033438842 0
5042 1.323196772587827 3.026077688930594 0
5043 1.296782985029842 2.985064775850478 0
5044 1.43988523509367 2.967419373382207 0
5045 1.364417210228595 2.936875615927373 0
5046 1.273490430189734 3.02807211704389 0
5047 1.247427745667736 2.985860107311336 0
5048 1.270023549913414 2.941996149776447 0
5049 1.217449835156547 2.946256012503902 0
5050 1.201428884142806 2.987395670104722 0
5051 1.469993071232813 3.010406060032313 0
5052 0.6769000862621583 2.465715767822819 0
5053 -2.071613313082863 3.043472229002553 0
5054 1.780947207584321 0.7507932804147499 0
5055 1.535182357309737 2.503899332310716 0
5056 -0.2881683510083898 1.399471208456572 0
5057 -0.3352723003391366 1.392695567058592 0
5058 -1.362881579233417 3.06978147832854 0
5059 -2.107591326748456 1.436369067493336 0
5060 1.78578944720721 2.906163390888276 0
5061 -0.3781657679766214 2.562418256084628 0
5062 0.6267008987433568 2.665593388907137 0
5063 -0.4345999287315216 2.562627649459034 0
5064 0.3975037584685864 3.007096178641817 0
5065 0.4274934086396569 2.950753763731874 0
5066 0.3944021497719957 2.903265001136227 0
5067 0.4579089477254139 2.902227242813126 0
5068 0.4893779942938671 2.948842157648716 0
5069 0.5186040568011923 2.899645573750203 0
5070 0.5488991119805734 2.947821472025621 0
5071 0.5775266212279366 2.898303464559813 0
5072 0.6070462243514319 2.946858376363882 0
5073 0.6350468503564326 2.898226734248215 0
5074 0.659627345505587 2.95132821582338 0
5075 0.6306711236526885 2.991220053271459 0
5076 0.6915363874183398 2.89696379837657 0
5077 0.6635699955081769 2.849227784060644 0
5078 0.5200244381443633 2.999992056319877 0
5079 0.5485913600588107 2.84662953377678 0
5080 0.2170359838299326 1.311666383784544 0
5081 0.2456345878668887 1.354424989415164 0
5082 0.2207705116176205 1.404019092338915 0
5083 -0.798920492314029 0.8078031321162795 0
5084 -2.159358400430888 2.541663750792846 0
5085 -2.177835390683336 2.505545483820376 0
5086 -2.135663470236913 2.508015722917976 0
5087 -2.157781170296386 2.466749123986039 0
5088 -2.121862568460753 2.462844301481105 0
5089 -1.764936279175659 2.929007375001803 0
5090 0.7176244355698482 1.710831120174951 0
5091 -1.107112519222319 2.749975828309578 0
5092 1.800379050584372 0.7883268267535164 0
5093 -0.6652843871933405 2.62104571327326 0
5094 -0.6839163977577511 2.580177152315411 0
5095 2.191958087054148 2.43904710031368 0
5096 2.151237921124826 2.444724091457802 0
5097 2.168637603351633 2.407705560577586 0
5098 -1.185461405969163 0.5510223028822472 0
5099 -1.628258967184264 3.053803774906485 0
5100 0.4565407422116432 1.53157310502238 0
5101 -0.7149351709763434 2.61754594423384 0
5102 0.521316411129958 2.664624927135846 0
5103 0.493027803519999 2.617639248014388 0
5104 0.5480806883759909 2.62413814709826 0
5105 1.603082527156634 2.727701558771612 0
5106 1.643057687365491 2.72273845491184 0
5107 1.617232535843978 2.689524785282402 0
5108 1.668211298779916 2.755553871866609 0
5109 1.682724973244715 2.717369673511106 0
5110 1.709683759858125 2.750000360340232 0
5111 1.720817846528409 2.710201824554884 0
5112 1.695564009801611 2.679663966721821 0
5113 1.656590041909618 2.685033360527998 0
5114 0.7697863621404275 0.1245194734175927 0
5115 -1.355591051096118 0.4209811375067227 0
5116 0.6435153563128934 1.05427336940287 0
5117 0.6191367781921713 1.093965685928206 0
5118 0.6636394392777502 1.098351185594781 0
5119 1.883513603492439 2.8929765890846 0
5120 1.9335040666898 2.888688185840923 0
5121 1.961913049304088 2.929034354028012 0
5122 1.980187443843815 2.88458326528775 0
5123 2.009928858737021 2.92272912700078 0
5124 1.991492603183871 2.968659053105445 0
5125 -2.286388269100621 2.658855065199988 0
5126 2.394993484889357 2.934554154829912 0
5127 -0.1295968128629144 0.6854820618507329 0
5128 2.488138333853362 1.964566010318003 0
5129 -1.725578222732101 0.5888780246916954 0
5130 -1.774681906099661 0.6002720648525672 0
5131 -1.313937068382392 2.780521201047307 0
5132 -1.356186083059603 2.777907117135366 0
5133 -1.375822285734609 2.741113586451205 0
5134 -1.41529255333298 2.738361153597578 0
5135 -1.394310209929938 2.705571601779202 0
5136 -1.432332922639407 2.704366986539237 0
5137 -1.454909249103085 2.735520803079362 0
5138 -1.411833154912689 2.675641996667151 0
5139 -1.47050844314406 2.703576847652744 0
5140 -1.502969536518765 2.730682257293849 0
5141 -1.508262766547721 2.691580159230403 0
5142 -1.354666784408067 2.709999471433489 0
5143 -0.1010488895748787 0.5072984877839641 0
5144 2.058536183061365 2.707567271165071 0
5145 2.013382428179584 2.721362271432592 0
5146 -1.339193806074056 0.1186182132549762 0
5147 -1.305611826574292 0.1709772662618492 0
5148 -1.27179748631665 0.1166232954278679 0
5149 -1.245225061658499 0.1707844856489062 0
5150 -1.328570693745367 0.22332561026567 0
5151 -1.432568814007529 0.06015389222165357 0
5152 1.227266625673778 1.050669659262641 0
5153 -0.5270003654121678 1.352943201473989 0
5154 -0.5485669260083994 1.387647031242316 0
5155 -0.5686108743061783 1.355874013238661 0
5156 -0.5889962138364148 1.389714211590173 0
5157 -0.6086984403668193 1.356291988277145 0
5158 -0.6295949276230098 1.387106095483029 0
5159 -0.5914686153475266 1.31830620977443 0
5160 0.4986235468021342 1.950987607427202 0
5161 0.5198662624290048 1.986825215453266 0
5162 0.5601293373964863 1.989721097406169 0
5163 0.5796984188148083 2.02576685319629 0
5164 0.5990953483335995 1.989339719297236 0
5165 -0.3396152623150099 1.311957186445321 0
5166 -0.3630181829467017 1.27201167570463 0
5167 -0.3387385163846968 1.23107157001629 0
5168 0.3276134004067276 2.397695037409608 0
5169 0.3587129461674057 2.443321882727483 0
5170 2.040538985289665 2.22091892723775 0
5171 -0.3279338605926821 3.011716653134814 0
5172 -0.3645409786855366 2.953462187888224 0
5173 1.20704545928101 0.4897742087708923 0
5174 2.078568416663836 2.593781266649327 0
5175 -0.09591824162787373 1.911513334871205 0
5176 -0.9741067284670516 2.749375489921086 0
5177 -1.020456337219185 2.750875613379482 0
5178 1.390649037107629 0.786557299159248 0
5179 1.407525589758447 0.8187861971936341 0
5180 1.447944624288932 0.8238927752150231 0
5181 1.187231231652302 3.071309495872852 0
5182 1.144138535468693 3.040377450044697 0
5183 1.928976790414804 2.732081979996117 0
5184 0.115623964795469 1.509161450668664 0
5185 0.1424928958726575 1.554476579462406 0
5186 0.1271598879365862 1.613322965051991 0
5187 0.1692910143218729 1.505223215848144 0
5188 0.1904215328926056 1.453351111393842 0
5189 0.1747174028184008 1.598708338380714 0
5190 0.1661081476815602 1.408791017862061 0
5191 0.3131984219505344 2.214997707826375 0
5192 2.253688782787214 2.703236438531119 0
5193 2.286032652712092 1.643286163999424 0
5194 1.74084883826393 3.234476095447959 0
5195 1.680996761538029 3.23962401113313 0
5196 -0.2078774262939398 0.06939279882899108 0
5197 -1.083286522435562 0.7417672580012225 0
5198 -1.098598076032238 0.7776540487824879 0
5199 -1.038509486768708 0.7398009392940024 0
5200 -0.4178134950814039 1.965593836595183 0
5201 0.3787394982517548 2.085378622832195 0
5202 0.4219894258413808 2.091501344041486 0
5203 0.3532163345118411 2.042406682035127 0
5204 0.3039443500818152 2.044342715744571 0
5205 2.156320616102188 2.516172969948808 0
5206 -0.4078782705079178 1.541924918280316 0
5207 -0.4493879442418527 1.542817811088428 0
5208 -0.428170737221389 1.576686726897227 0
5209 -0.3839436445026155 1.579733307537892 0
5210 -0.4110857603018284 1.619073450406659 0
5211 1.286276982351521 2.795184473747249 0
5212 1.993440873623723 3.216067311039883 0
5213 -1.742174105820566 0.7366307363879794 0
5214 -1.698723593152247 0.7371596489646686 0
5215 0.9304205994203322 2.667789906505802 0
5216 -2.164525791950984 1.914237720552658 0
5217 -2.229530220703674 1.921770501311237 0
5218 -2.237477647158789 1.887648256146434 0
5219 -2.263282234327671 1.921379916879371 0
5220 0.2537230655696867 1.757700528800086 0
5221 -1.569195927636071 0.7154666015730466 0
5222 -1.610736706065786 0.7191960308133247 0
5223 -1.58376887925484 0.754170006349189 0
5224 1.538129971964323 0.5412522554908623 0
5225 0.5951940942381622 0.8894631816304006 0
5226 0.1228794892997978 0.3759083315193588 0
5227 0.4456597785654501 0.4975673698320513 0
5228 0.4134193268431649 0.5540323926186832 0
5229 -0.8357186895523816 1.49315003043538 0
5230 -1.959328435462125 2.740071107152608 0
5231 1.071278117308792 3.086798608491864 0
5232 -1.572403327358216 3.251019733030948 0
5233 -0.07329082905290157 1.765968727202095 0
5234 -1.429708080303397 2.430750144806648 0
5235 -1.751172905120516 2.386639669780378 0
5236 -0.2773585511311473 2.367194857708637 0
5237 -0.3241110533516391 2.368622456934716 0
5238 -0.3003235965423802 2.320994373937554 0
5239 -1.486521528182259 1.035590836432402 0
5240 1.172019174880895 2.951037106787605 0
5241 2.543888547985589 2.713756270398829 0
5242 -1.569046913534313 2.767999383813189 0
5243 -1.5473416064741 2.734186032010194 0
5244 -1.586662514601381 2.732124091437414 0
5245 -1.566727437027561 2.698926868841155 0
5246 -1.604247850367305 2.695795647919624 0
5247 -1.54103260662831 2.665492187115571 0
5248 -1.629283887521374 2.729567033700932 0
5249 -1.644666653555032 2.693176224023757 0
5250 -2.260801473829612 1.767356948598066 0
5251 0.9622009862429529 0.4437315789201386 0
5252 0.8675513974281495 2.658097087137446 0
5253 0.5595372846414749 2.061246991439595 0
5254 0.5993730005753261 2.059840731930544 0
5255 1.328068398080466 1.088592475145109 0
5256 1.611951342405746 1.075843277414783 0
5257 -0.1710493434339527 0.1341753868135882 0
5258 0.4232746600601952 1.021335452779172 0
5259 0.454058185926147 1.060076766929863 0
5260 0.06761305635138926 1.711598651225344 0
5261 0.09439227276325816 1.661953557155003 0
5262 1.127181816691059 2.372966482094941 0
5263 -0.8209202148236174 0.5489939598547426 0
5264 -0.7971441819963251 0.4992976369964015 0
5265 -1.083547903906029 0.5402230692166707 0
5266 -1.100002616954476 0.5863198680839823 0
5267 -0.6024267833649325 0.4658132626475842 0
5268 -0.6632482430299768 0.4692374403354833 0
5269 -0.6899127489823567 0.5246595484843606 0
5270 0.3803924352121866 2.394860455113839 0
5271 -1.740489577292683 2.759899505664666 0
5272 -1.760214500790497 2.722922004567235 0
5273 -1.720655832407727 2.725703320082508 0
5274 -1.800818991891068 2.720510631066113 0
5275 -1.780550042340653 2.687752683636775 0
5276 -1.819891063444572 2.684038731498033 0
5277 -1.795657683669768 2.65223883024077 0
5278 -1.740114792220232 2.686535055510401 0
5279 1.513084278833703 0.5799331715763458 0
5280 1.512857651002015 0.6547894086109953 0
5281 -1.698475781848192 2.761979967355586 0
5282 -1.678011850194097 2.725210544126558 0
5283 0.8885173039441256 0.2473693219133499 0
5284 0.5791563429845419 2.097933375338997 0
5285 -1.825537608402257 2.755178571042714 0
5286 -1.868677741304993 2.754979429515052 0
5287 -1.632261247443175 3.251333189303565 0
5288 -1.77695344023934 0.8127465887088015 0
5289 -1.735135197569287 0.8082991955245884 0
5290 -0.0786041543700521 1.665525011219214 0
5291 -1.491355908778919 2.531460703811406 0
5292 0.8530798454798412 1.44115361250483 0
5293 0.8072112389747497 1.445755591512933 0
5294 -1.879797797973671 0.6799930504308651 0
5295 1.800272729459961 2.737523252063287 0
5296 0.6602987446960793 2.240263419558267 0
5297 0.6994467528040686 2.242275155269153 0
5298 0.1697677801767211 2.996099053891527 0
5299 1.470225269520558 0.7934740194835788 0
5300 1.122615100035069 0.6194446367324042 0
5301 0.06480002021111807 1.611810542629681 0
5302 -0.2027464764451095 2.024708949305156 0
5303 0.1866138404392571 2.357655157373238 0
5304 2.209408537885887 2.401439995941744 0
5305 2.186611597341724 2.37132735880454 0
5306 2.14668206240612 2.374924127014181 0
5307 -2.1765865452486 1.516147690397925 0
5308 1.181216541814557 2.721909672396372 0
5309 0.5004333943254932 0.9745807719797446 0
5310 0.5568958557522007 0.7058331683642434 0
5311 1.125978601972414 2.76481707446052 0
5312 2.707312755416276 3.432399129162556 0
5313 -0.1216949660168348 1.960403923641917 0
5314 -0.09454285275564221 2.009624597893474 0
5315 0.284669191444702 1.715019283811568 0
5316 -2.802646849829047 3.028100552617715 0
5317 0.9201290829984027 0.7684099532169471 0
5318 2.031602257930337 0.2936783987441323 0
5319 1.971151658703271 0.2886532230236445 0
5320 -1.481092989689658 2.770098885237064 0
5321 -0.1594839303213881 1.441143470938791 0
5322 -1.892746780139825 0.7209863774599459 0
5323 0.3669834611496017 3.0649156125113 0
5324 -2.146105379585558 0.6668975019728469 0
5325 0.6183828336449052 1.951825571475158 0
5326 0.2726599969969956 1.399570909396328 0
5327 -1.438940630377123 3.447220368942155 0
5328 0.7295329808447618 3.007415446142 0
5329 -1.76361564224741 3.447394272559389 0
5330 -1.164781534034693 3.44535092745681 0
5331 -1.2695913342135 2.390049919941088 0
5332 -1.590263920106778 2.424000610298758 0
5333 0.5333997296508535 2.314885234911817 0
5334 0.5105587391770749 2.276638476030881 0
5335 0.5768308472713752 2.315134722310652 0
5336 0.5587954900404283 2.355374605391741 0
5337 0.5395671229627453 2.396065949400557 0
5338 0.2274560638059446 1.994909364247235 0
5339 0.5448357481132695 1.667188402769863 0
5340 -1.026704496156033 3.447698517243651 0
5341 -0.6193305532548042 2.031468505889736 0
5342 -0.6577500249707037 2.032669949015096 0
5343 -0.2171642778183225 3.431718623338591 0
5344 0.9556823524174295 3.444736104358693 0
5345 -2.277679409062501 1.097365166716062 0
5346 0.3200629345849694 1.118573790268389 0
5347 0.344417833082124 1.166509650190702 0
5348 -0.8882288849747755 3.445651065815548 0
5349 1.037645487850181 2.298586834906332 0
5350 0.8218437929694952 0.7692774189198066 0
5351 2.184752731193183 3.435838879332995 0
5352 2.294959824214328 3.366111596193089 0
5353 -2.181552138537105 3.442384364742112 0
5354 -2.155833098164369 3.392050590062475 0
5355 0.8176443787961085 3.439271179689076 0
5356 0.7801027626069912 3.379729496633682 0
5357 0.7125419934424777 3.378114445707903 0
5358 0.7424292409961862 3.319906579743408 0
5359 0.6784874105531824 3.320482025735288 0
5360 0.8473201447628161 3.374754821274549 0
5361 0.6393826137401553 3.376250864614605 0
5362 0.6040331916098025 3.318362692699727 0
5363 -0.9555192058210322 0.571809540039077 0
5364 -2.55414456696644 3.434796632629151 0
5365 -2.473189531001462 3.426295347953121 0
5366 0.1221729886619227 0.06899877554040068 0
5367 0.08972777762558973 0.1363149570021192 0
5368 0.004975045500008165 0.1456251520378973 0
5369 -0.04159256416762652 0.06852294121658531 0
5370 -0.7463838508561895 3.440847414335261 0
5371 -0.709560977977199 3.375050289385039 0
5372 -0.6319352265314719 3.375501845606269 0
5373 0.778836980949672 2.586592877568943 0
5374 0.738191122455898 2.583769885930606 0
5375 0.7040173159399628 2.617301898728869 0
5376 2.419948249181953 2.115914018449553 0
5377 -2.326022395595233 3.44251900046351 0
5378 -0.8743191874357042 0.430040156974397 0
5379 1.493261040803076 0.05844617714196976 0
5380 1.469255706572879 0.1137376634090606 0
5381 1.627910704045666 0.06538863487179469 0
5382 2.009853203892129 0.8406711811983061 0
5383 -0.5864646869227442 3.018800121801393 0
5384 -0.5548904687186933 2.973865044042159 0
5385 0.9033756874585883 2.580909398259831 0
5386 1.761771839089171 0.04975804274983009 0
5387 -1.156956844001932 0.05524165090356292 0
5388 -0.4588107823146763 3.017213825232658 0
5389 0.5239052202580237 3.434305334447576 0
5390 0.4856617386619017 3.369542762875775 0
5391 0.4141084614344104 3.369161116216858 0
5392 0.4491700968019618 3.30324722839515 0
5393 0.5282645207657889 3.298037916556821 0
5394 0.5580139617377644 3.367987110143778 0
5395 2.276037568006855 1.101234245577105 0
5396 0.9690446395054932 2.738111033465779 0
5397 -1.785761665874752 1.089691740074375 0
5398 -1.023206892156902 0.06171148020659811 0
5399 2.098305747328772 2.916408299518463 0
5400 1.548711929388815 2.6562506229215 0
5401 -0.4487939232117171 3.433470442864134 0
5402 -0.4879253146304064 3.369550146318431 0
5403 -0.4135397953676443 3.367605030187641 0
5404 -0.4539002883593847 3.305933411786155 0
5405 -0.5265103993648236 3.308582984835676 0
5406 -0.3383153272560045 3.367092061838638 0
5407 -0.2965063797312921 3.432770608858827 0
5408 -0.5618207357578597 3.37230698630934 0
5409 -0.5929257350334473 3.311648456876001 0
5410 -0.5664155253887069 3.245849393583462 0
5411 0.9567173935806903 0.05562400056173233 0
5412 0.750760580652859 0.8021098307996146 0
5413 2.568758683904397 2.15376011475101 0
5414 1.977915181117951 1.157990947670681 0
5415 1.760432848958115 3.444350491955602 0
5416 -2.571068917866256 2.144826430426364 0
5417 -2.248589158743597 3.135700767869682 0
5418 -0.8858440459390234 0.06095212642468417 0
5419 2.042136606178366 3.006046722166527 0
5420 -2.482985995498494 1.819035358270165 0
5421 -2.452620225821158 1.846453346293273 0
5422 -2.444984525392865 1.808987328499654 0
5423 -2.421608589936911 1.835884503872246 0
5424 -2.472452898481549 1.779834389804872 0
5425 -2.429150346044868 1.768924742912712 0
5426 -2.426765148471302 1.727021545239202 0
5427 -2.421898580735336 1.694765263981236 0
5428 -2.300482204146973 1.177399147481037 0
5429 -2.311069814871336 1.214737126990858 0
5430 -2.284324459249416 1.243720913259856 0
5431 -2.296272969615502 1.28105081106278 0
5432 -2.257437718152759 1.272003185771238 0
5433 -2.246402272050733 1.234591090459283 0
5434 -2.711384398948425 3.434645679549919 0
5435 -0.6506307319343581 1.352315378016507 0
5436 2.173735710888172 0.7575648134659088 0
5437 1.943242926592336 0.7302157749890632 0
5438 1.970104602054433 0.7660737742273334 0
5439 1.94942390722598 0.8021865152001242 0
5440 2.597733018782583 2.240868795011598 0
5441 2.551726909093546 2.228103851136435 0
5442 -0.7445374477355913 0.05573795777075086 0
5443 -2.173936938070331 0.7572901293469256 0
5444 -2.142539500669732 0.7894406666171494 0
5445 -2.12809456727953 0.7468167869463747 0
5446 -2.101191367041126 0.7835228913517134 0
5447 -1.020500490036552 0.3924137146300071 0
5448 -2.596740374032454 2.241720116279241 0
5449 -2.565534712870174 2.276238507433521 0
5450 2.311754028413117 1.214624210240514 0
5451 2.277023091943389 1.20509265697608 0
5452 2.283923496951545 1.242859959733669 0
5453 2.322430538805172 1.252600932525257 0
5454 2.294305519553773 1.280103570418658 0
5455 -0.8245540314094609 2.271814914085815 0
5456 -1.521269549872511 0.2378553868428481 0
5457 0.6701817287886908 0.05821161265422536 0
5458 -0.05416465076495564 1.520208228476956 0
5459 -0.6999014999546751 1.214429728296197 0
5460 -0.7225401458635052 1.180897825205454 0
5461 1.417015817407526 0.4941595198006361 0
5462 0.8593442755871387 2.442968704035597 0
5463 0.8777783564636905 2.408374259069205 0
5464 0.857543435230985 2.374824566897625 0
5465 0.8983650587526157 2.441809013013022 0
5466 0.9166277750344666 2.407472894285284 0
5467 0.9373154331004302 2.44050336174691 0
5468 -0.5967468868343464 0.07262426819223911 0
5469 -0.5036181512188673 2.787358976958308 0
5470 2.144922671914311 0.6631125915198295 0
5471 2.096311963076706 0.6543058349173081 0
5472 2.081690432428971 0.6064430139078203 0
5473 2.622321813512465 2.335609989732879 0
5474 -1.757704714958462 0.2653400335053153 0
5475 -1.817539443240552 0.280072752887697 0
5476 0.5232543956173388 0.05992580143183046 0
5477 -2.623480229307189 2.335496108814969 0
5478 -2.030042182605183 2.700274367516639 0
5479 -0.6477305735441016 3.020147174728672 0
5480 1.632827715214315 2.650876433966832 0
5481 -0.2862577162297124 1.659663728946847 0
5482 1.096221194493932 3.442939739746554 0
5483 2.374918006154266 2.643234074567795 0
5484 2.642357248106884 2.434769549904924 0
5485 -1.893857465880294 2.34939996002257 0
5486 -2.11209755359952 0.565737422815259 0
5487 0.3739564473991813 0.0625237965060006 0
5488 -2.646794416294536 2.4354887422989 0
5489 -0.5653595399449431 1.853419639142721 0
5490 1.164668747793728 3.440564272309683 0
5491 0.0311699712199617 2.209555679558783 0
5492 0.09604507262889871 2.204605995431889 0
5493 0.05787078925726574 2.154768705502399 0
5494 -0.6780847494557486 2.972077064339469 0
5495 -0.5987439253322461 3.436689686980946 0
5496 1.670001950410268 1.048582777372701 0
5497 1.654403153565837 1.009198123712982 0
5498 -0.7385229245113192 2.667019944833005 0
5499 2.118979055693045 2.871601397030463 0
5500 2.070287128017329 2.8744188922723 0
5501 -1.23347335459868 2.650476856195445 0
5502 -2.088304424378177 0.4616365390900878 0
5503 -0.6774111395501621 2.064621860757247 0
5504 0.2065289294568243 0.07438400690794822 0
5505 2.676735709564942 2.542853565626692 0
5506 2.635759570505356 2.59122570553094 0
5507 2.616165385698932 2.526323322563803 0
5508 2.586345543373621 2.567910727938732 0
5509 -2.678305727204788 2.545211171673809 0
5510 2.08463476890512 0.462109846734672 0
5511 1.093151889826463 0.05540044852892967 0
5512 1.160720201962024 0.05450652313483806 0
5513 2.565149551501544 2.662616970144138 0
5514 0.8802852222777433 2.476997146995261 0
5515 2.562760607939279 2.275568073576629 0
5516 -2.706865990099225 2.652802763357777 0
5517 1.058284139149959 1.113563733350817 0
5518 -1.738167881797775 3.055380625568525 0
5519 0.2746977389346762 0.3722538122038423 0
5520 2.049533709919167 0.350618895672441 0
5521 2.009002215361513 0.3945055168634335 0
5522 0.6612697320084655 1.675167447353692 0
5523 2.534643968894209 2.021351742969197 0
5524 2.708015052955868 2.652157263339018 0
5525 0.09955016183309859 1.854574560747631 0
5526 0.04291673013386135 1.858957684410609 0
5527 0.6618005513808787 1.170368165410238 0
5528 -2.273942873498475 1.206764438871063 0
5529 1.647756306913566 0.6633724149213998 0
5530 2.732231217472945 2.777145166201468 0
5531 1.995602239734718 0.1750304629943344 0
5532 -0.1101858298554349 1.526001272075538 0
5533 0.7309080096179402 0.1780206632019203 0
5534 0.7622197253080414 0.2444366210297404 0
5535 -2.787722268732094 2.95930376853868 0
5536 2.452268087316225 1.702439649042922 0
5537 0.5002051009130415 1.807486851583536 0
5538 0.5196808886598717 1.843241560520806 0
5539 -0.1037054075691123 0.3870765352629197 0
5540 0.6298171883713419 3.046700951812117 0
5541 2.258020228995447 2.291138005143607 0
5542 2.84106605366413 3.1680888040503 0
5543 2.778162175133772 3.216733511214669 0
5544 2.882493001252381 3.315403293257426 0
5545 -2.878240899479856 3.317253946224122 0
5546 -1.629842330302264 0.05616736246914056 0
5547 -2.334445892394998 2.353732810603625 0
5548 -2.237207791823721 1.194578421627738 0
5549 1.891779482163659 0.05260348880162846 0
5550 0.5222725983396763 1.404474257769918 0
5551 -0.8852193416445511 2.111591931504892 0
5552 -0.8340220012540841 1.256026447998994 0
5553 2.361937047060125 3.180604893322986 0
5554 -0.1431703226322769 2.643733006522512 0
5555 -0.1160935631373974 2.586729757664618 0
5556 -0.1767859090263828 2.595203877355397 0
5557 -0.2051150220909473 2.650195213390533 0
5558 0.8323041716570062 1.105598293058839 0
5559 0.6104118764264421 0.7090077575338993 0
5560 -1.239418244920289 0.5548904941544941 0
5561 0.3799359031619992 0.305224786378985 0
5562 0.5901441120689082 1.531466160470017 0
5563 0.1085044398762065 3.264644185126373 0
5564 -0.9145408802635951 0.7764905510836551 0
5565 0.3725865677788638 3.434480172390293 0
5566 -0.5355807643836282 1.202075054572471 0
5567 -0.04962128184260255 2.58134955319074 0
5568 -0.2669213508992984 1.535305086055288 0
5569 0.4966079514826719 3.059656281004705 0
5570 -0.1365151000661757 1.196096093930614 0
5571 1.077255471979024 0.4405681470075558 0
5572 2.236741321707669 1.644034255065069 0
5573 -0.6107054172309025 2.791790467196475 0
5574 -0.7199192563666428 1.00035502712056 0
5575 -2.143230141515164 1.36176566267248 0
5576 -2.055997509583155 0.9541147059049464 0
5577 0.6593188138008419 1.365501052345432 0
5578 0.6375100291835876 1.398433980434631 0
5579 0.6543409082841434 1.433690203112938 0
5580 -0.5440047651159858 2.574568454080501 0
5581 -0.5191894035935694 2.530115097075387 0
5582 -2.261599300702113 2.612839369806772 0
5583 -0.475494313757882 0.563330444148852 0
5584 -2.333601581445421 1.290772499687171 0
5585 -2.30743686753787 1.318678667271418 0
5586 -2.40440769680289 2.210236099447134 0
5587 0.6842031133849602 2.210406370534198 0
5588 0.06447831768018279 3.067865743254728 0
5589 -1.215588292006972 2.478260334838609 0
5590 -0.2497630472335547 2.31702767910553 0
5591 -0.6017882026365702 1.172072293044517 0
5592 2.114872721424323 3.207360020240665 0
5593 0.6205897247083656 2.10000304249229 0
5594 2.418435072116649 1.936533798908356 0
5595 1.595221810509514 0.7322516462920183 0
5596 0.7888896973725302 1.170837129715345 0
5597 0.7676306097255228 1.203325357118788 0
5598 0.7836986149633739 1.236992661152302 0
5599 -0.6432633036253548 1.924756265057015 0
5600 0.3707593802448809 2.29464058956306 0
5601 -1.659686154735385 3.199873207348602 0
5602 2.443158094486507 1.664384326832436 0
5603 -1.847071831606892 0.8907993875687465 0
5604 -1.823369913208613 0.921651624247638 0
5605 -1.609855452149578 2.766618975576389 0
5606 -0.1179554942784333 0.9398081080659182 0
5607 0.7026416471210941 1.300599285003031 0
5608 0.7189224125347711 1.335051712409738 0
5609 0.007956804517997221 1.239545963776425 0
5610 0.7982437893638129 2.341850903461669 0
5611 2.113150552901946 0.6999319549485237 0
5612 1.76886522199687 1.125061065139196 0
5613 1.525330563858663 0.1124228790086792 0
5614 2.105236936527295 1.303170277669421 0
5615 0.1153057455030652 2.624539847307368 0
5616 -0.5257103799752869 2.337859184928056 0
5617 2.142553980276313 0.7922513159469706 0
5618 2.186295987776774 1.536355011922288 0
5619 0.7244405020648107 1.267800126586773 0
5620 -1.177896242421481 2.78069435085308 0
5621 2.001468673611573 1.2861569221105 0
5622 1.609799841832717 2.423708395870353 0
5623 0.362707351125206 2.209340535621329 0
5624 -0.4977259873314965 1.118603130239502 0
5625 -0.5422440876733091 1.126907909429106 0
5626 -0.5330487309062889 1.078625310081359 0
5627 -0.506911969962859 1.034420869204723 0
5628 0.6219403742341705 2.170383797159789 0
5629 0.523021547826898 1.701549817934394 0
5630 0.5835392161317903 1.669933031643317 0
5631 -0.8516073590817441 1.290968024424026 0
5632 1.760420885717137 3.181228021991078 0
5633 0.7191877061198676 2.275114367904513 0
5634 -2.251424751389785 2.289916456770034 0
5635 -0.7773821532585055 1.218969126543675 0
5636 -1.032388818024902 0.5350059715724451 0
5637 -0.7302044381392269 2.237924280615342 0
5638 -0.7679578929025884 2.23756376298536 0
5639 0.2256509269997476 2.503082536367157 0
5640 -2.178161474053328 1.669872303512888 0
5641 1.695976140309838 2.99771671198877 0
5642 0.8185363989470085 2.375529211250012 0
5643 0.837599334604497 2.341340173703514 0
5644 -0.7678191075109828 2.306435909291824 0
5645 -0.6929300425391551 2.169298743297265 0
5646 -0.7312235243398209 2.168681836637232 0
5647 2.545443199149828 3.433587553418914 0
5648 -0.09596037166392582 0.7450073330804612 0
5649 -0.4831244202137068 2.015340384940997 0
5650 0.2520643234446733 0.6135965888304389 0
5651 0.3509594700481611 0.5679257506795481 0
5652 -2.344578091893148 1.328429923869243 0
5653 -2.31753135604118 1.35654774569519 0
5654 -2.328253608785917 1.394086519502563 0
5655 -2.279847231284521 1.340919048865228 0
5656 -2.290315343018959 1.384267587841643 0
5657 -2.327776748728679 1.437411832099461 0
5658 1.240690316813478 2.664609651511048 0
5659 1.202580366673745 2.663208633883905 0
5660 -0.4606677266803998 0.2857745401249574 0
5661 2.242083535070798 1.231665716118884 0
5662 2.219781574508096 1.202581482009571 0
5663 1.649782480322066 3.189548577724067 0
5664 0.6330455896110019 1.466195950796364 0
5665 -1.503765187711503 2.654542436388199 0
5666 -0.3298372029266611 2.761319787783268 0
5667 -1.179419190394332 0.877822627849441 0
5668 -2.364212794008671 2.214361387638131 0
5669 0.5793974250349756 1.812457205927125 0
5670 -1.622101509059297 2.659618860312 0
5671 -1.661051913533291 2.657882520433544 0
5672 -0.5500332355894109 1.317757742159628 0
5673 -1.076618429801556 2.581299969239541 0
5674 1.319080818362913 2.661424718799561 0
5675 -2.013429072855419 2.526409623849327 0
5676 1.083728696555742 0.921287256031484 0
5677 1.121281786815035 2.602860006176153 0
5678 1.142403611390962 2.634814114542013 0
5679 -1.078404490504234 1.139576488081394 0
5680 1.88243550108286 2.601664660121377 0
5681 -1.118381941418511 0.9066030519318524 0
5682 -2.40200240986014 1.907828536534834 0
5683 -1.496017744144284 0.8364426294346741 0
5684 -2.135142406663785 2.255574989941627 0
5685 -2.151806921636424 2.292666386049074 0
5686 2.276902240012581 1.916137795300606 0
5687 -1.524478027884816 0.9730146251664261 0
5688 -2.344166008203974 1.572185458126908 0
5689 -2.369202551647119 1.543131391856564 0
5690 -2.358116417703776 1.506617908352486 0
5691 2.141701893468792 2.317316246873596 0
5692 1.816389744907811 2.435771091870719 0
5693 1.702495395830841 2.508642164611254 0
5694 1.664695842512937 2.511207647005409 0
5695 2.088187929538142 2.42193569352596 0
5696 -1.546056184513108 0.9419962212395705 0
5697 2.379732660875291 1.55361508889459 0
5698 2.325798318566943 1.516600616627628 0
5699 2.348704421999412 1.483622468886197 0
5700 2.330504818930229 1.449785441406152 0
5701 2.371125697213597 1.443169611071677 0
5702 2.184333921436933 1.368029039265819 0
5703 -1.357169527518119 0.8587107785551051 0
5704 1.370855833632692 0.9770557649276411 0
5705 -1.218335770798398 0.8810349590788051 0
5706 -2.317601609617236 1.499883973091185 0
5707 1.440015146657136 0.8829407929665243 0
5708 1.74145700053434 2.506857348247471 0
5709 1.858310193300895 2.501351742969121 0
5710 -1.562752745143554 2.555983055037024 0
5711 2.193323211388439 1.469896960674124 0
5712 -1.396034674407995 0.8619513791139146 0
5713 -2.110412163431273 1.266553855633116 0
5714 0.9939705642537915 2.405975383496651 0
5715 -1.934315360427508 2.593028431214347 0
5716 1.437636593752653 2.654179540341304 0
5717 1.762476950025184 2.53961477029574 0
5718 -0.795455789552598 1.996426226124951 0
5719 -0.6292556469082318 1.820432749243219 0
5720 -0.9231738528806021 2.376427907891927 0
5721 -1.340535385085142 0.8235129062872244 0
5722 1.492778266034599 2.553731792290348 0
5723 2.027022174985197 2.325174110786331 0
5724 1.986044698759883 2.327081200168369 0
5725 1.57339632830945 2.553145454561932 0
5726 -0.6974277868313206 2.028558077021366 0
5727 -0.6955130008508492 2.098965154500789 0
5728 -0.7606379487338371 1.928409302501009 0
5729 0.8593533980460935 1.172459709642192 0
5730 -1.584750571632012 0.9454647510984704 0
5731 -0.7105491653046273 1.756674797210088 0
5732 -0.7299761476406941 1.724232035375921 0
5733 1.091481657336323 2.373199018245822 0
5734 -2.315308969763715 1.676067695066078 0
5735 1.261123518351577 0.9012859667408144 0
5736 -0.6925569142094292 1.722061245684332 0
5737 -0.6115835391270765 1.785605199606125 0
5738 -0.6997606049521221 1.587148023208014 0
5739 -1.289110946363367 0.9522661415126261 0
5740 -0.724427699312479 1.85909839298747 0
5741 1.991825828245003 2.39478548695369 0
5742 -0.5972855816003113 1.683433806129277 0
5743 -2.214368821244067 1.077809723912141 0
5744 2.293193116511474 1.445743184539439 0
5745 1.313148905177636 2.52668838906977 0
5746 -0.6785822108410331 1.619896800766975 0
5747 -1.687811559855809 0.9220658035671019 0
5748 -2.070300389551245 2.424539460167941 0
5749 -0.558330555381818 1.681469184078509 0
5750 -0.5193848391566013 1.679499806661027 0
5751 -0.5084838925473354 1.74238905418379 0
5752 1.932988800794113 2.43039718104477 0
5753 -1.368679898037809 0.9608030873515603 0
5754 1.411759488167049 2.555374042528478 0
5755 -0.5894771027186729 1.818886391856506 0
5756 1.222244653627139 0.8983420382506706 0
5757 0.9337070587788177 1.242588215098214 0
5758 -1.31830364577641 0.8554782069997506 0
5759 1.68396253904223 2.543503831931988 0
5760 -2.372960234338175 1.808433207421179 0
5761 1.337039836549121 2.626854311892256 0
5762 -1.167399193896089 1.012844821273926 0
5763 -0.8310975213062752 2.069922712717475 0
5764 0.9581524273011881 1.143881759269898 0
5765 -1.194316094659171 2.515278275829756 0
5766 1.292855571944255 2.495834897460481 0
5767 -1.468154804900744 0.9357473783869696 0
5768 1.951994357582789 2.390687247208033 0
5769 1.360248030941204 0.8756528411700026 0
5770 2.343702919940136 1.672293294035004 0
5771 1.20552046246723 0.8645428463262657 0
5772 1.957265105881037 2.530590808598952 0
5773 1.978342787954357 2.563363755456644 0
5774 -2.185160038408986 1.448335672301131 0
5775 -1.721518503587446 2.557420206488325 0
5776 0.9532034198584007 1.275201517169332 0
5777 2.21930733426083 1.786894404098721 0
5778 1.748663075738124 2.64175527112333 0
5779 2.226046459551315 1.541016504955824 0
5780 -1.612561960093312 0.8461290489080373 0
5781 -2.082174484038481 1.193640314149446 0
5782 -1.594843429491477 0.81312660862939 0
5783 2.414519944070486 1.765556247359065 0
5784 2.377825398225824 1.7691740045384 0
5785 -2.243441784598871 1.592304702013271 0
5786 1.837298099545831 2.468528968588422 0
5787 -1.363699794187399 2.557420448699888 0
5788 2.145572991994146 1.127341799365419 0
5789 -2.181034975248119 1.173761396251628 0
5790 -1.676191322271161 0.9914255859983776 0
5791 -1.090519418850654 1.005950857723974 0
5792 -1.485298971792309 0.9695467531439432 0
5793 1.47381231634737 0.9531779669916207 0
5794 1.497251497181711 0.9229051288215264 0
5795 -2.035863874026396 2.294330156838642 0
5796 2.370503068540719 1.872082164228255 0
5797 2.285219815842907 1.81330467142074 0
5798 2.277918691000612 1.745987172473749 0
5799 2.014142485268244 2.494144291422257 0
5800 2.276800033247132 1.410392937056775 0
5801 2.061887833757572 1.187719388167569 0
5802 -1.107146313928327 1.041244460145019 0
5803 2.410151427005288 1.867802502292832 0
5804 2.262080744668721 1.78184772469027 0
5805 1.996226502340947 2.528729102763831 0
5806 2.313218511659816 1.414948914603625 0
5807 -1.145611171328408 1.044731142347669 0
5808 0.8951577139807991 2.30667694307608 0
5809 -2.204787590303478 1.587039460648013 0
5810 -0.5829184401636971 1.581255504715289 0
5811 0.9703455875141715 2.237789038602346 0
5812 -2.027451543812564 1.15299182615209 0
5813 -1.928980462174418 1.176882646766821 0
5814 1.194966941932936 0.9977609681983501 0
5815 2.299991608226285 1.947575382432092 0
5816 2.129120588552092 1.091965765216348 0
5817 -1.018421148966448 0.9321605776562782 0
5818 -0.5440282533735893 1.579338605387789 0
5819 -2.114108565098067 1.097483594889262 0
5820 -2.384789462830355 1.942342578584775 0
5821 2.261241371198352 1.951857498578511 0
5822 -2.13790767732449 1.067273816721348 0
5823 2.149317820383394 1.060648655520561 0
5824 -0.9812079374904209 2.411026897016899 0
5825 2.238474167109095 1.920479410279653 0
5826 -1.001998936967242 0.8966812133741824 0
5827 2.199538632642791 1.924576146409546 0
5828 0.7529481226904963 2.118460705093371 0
5829 1.23526322309016 2.526006835376097 0
5830 1.095096832535873 1.023849612022473 0
5831 2.385939839979605 2.007668227227646 0
5832 -0.6820092716755526 1.552450529990715 0
5833 -0.7208886291722869 1.554369371904667 0
5834 1.760761189133379 0.8477080353472628 0
5835 0.7865562072935642 2.047126090675596 0
5836 1.80531501979126 1.021183974264411 0
5837 -0.6076355702280751 1.481355040310022 0
5838 2.029010778147216 1.116986798688716 0
5839 -2.288553576533747 1.982754138886448 0
5840 2.29177578680787 2.050480618176326 0
5841 -1.058296239686499 2.479627381658367 0
5842 -1.117267368245659 2.447057909421669 0
5843 -0.9905511455933615 1.031511132114251 0
5844 -2.277140147033074 2.08490002403026 0
5845 -2.259971901694848 2.119901032676573 0
5846 -1.767239005217139 1.0497073316878 0
5847 -1.007179203211769 1.066789603893608 0
5848 -1.097298709993932 2.480232090518345 0
5849 -1.098833237581274 2.414544176019669 0
5850 -0.9849423401694569 1.098828805168938 0
5851 0.6766944859216526 2.051938125819174 0
5852 -0.956649642478642 1.19773323372058 0
5853 -1.9981785557844 1.081649498610036 0
5854 0.6886090184335374 1.502961382869918 0
5855 1.773998497929143 0.9479096566729519 0
5856 -1.974329322373976 1.112243206689921 0
5857 2.057388803131526 1.017793155012385 0
5858 0.8698894361084891 2.137821143073574 0
5859 0.9837702517468295 0.9475209421623234 0
5860 -0.7242099159616726 1.48689492805554 0
5861 -1.988817626650007 1.147214401676359 0
5862 -0.7804391413920702 1.523708703840812 0
5863 1.605940326726643 0.8350657040044425 0
5864 -0.8962319746492736 0.9899335390284025 0
5865 -0.9181876466170269 0.9578794161506438 0
5866 1.809982652139118 0.9537322965060346 0
5867 -0.979397275689903 2.546093501676265 0
5868 -0.741766386857504 1.521518730914796 0
5869 2.080034805720448 0.9861328549254038 0
5870 0.7359799584951771 1.814326923403349 0
5871 -2.372022742781817 2.044597213245381 0
5872 -0.9598440835912625 2.579903965177943 0
5873 -2.410883917764973 2.042021404648211 0
5874 1.679365743661908 0.9076185312904026 0
5875 2.276041176359426 2.086138252201346 0
5876 2.237274028263584 2.090400445298488 0
5877 0.7127895783265581 1.914512173887478 0
5878 1.056269402645758 1.02069622023262 0
5879 0.7410382130680031 1.608181443640974 0
5880 -0.9612673264136987 2.444513215628397 0
5881 2.214367548052464 2.058982604865919 0
5882 1.072997867786101 1.054383009250395 0
5883 2.192354749400195 2.028039909201703 0
5884 0.7786128473008684 2.176124390062021 0
5885 -0.9422252757447371 2.410476660318397 0
5886 -2.378567909533086 1.876398488262911 0
5887 1.957284956697817 1.042807988313222 0
5888 1.095904508216988 2.503428074100663 0
5889 -2.298850260298457 2.117284870353811 0
5890 -2.194294837315456 2.262352315251331 0
5891 1.934897348067736 1.074740996521448 0
5892 0.8551272383797393 2.239741105781945 0
5893 1.843484760124849 2.60345961477363 0
5894 1.985589008131679 0.9436076599021634 0
5895 1.948851411353655 1.109018251187643 0
5896 0.8751114754967186 2.27322887737062 0
5897 -0.9072099696642338 1.092348555407137 0
5898 0.9617602345569216 0.9796655132913179 0
5899 1.640447476072425 0.9050541843777273 0
5900 -0.9238381396610231 1.127626193588622 0
5901 -0.9627044766264562 1.130866926258982 0
5902 1.298045419883461 2.628593894451958 0
5903 -0.882346356451345 2.510980416629762 0
5904 0.6943207471234294 1.880949307783081 0
5905 1.662088564282538 0.8726059446512893 0
5906 -0.7488960756488662 1.386770789273156 0
5907 -0.9792589184706351 1.166070436891623 0
5908 -1.930028900488954 1.004166758994283 0
5909 -1.781220087161513 2.484524365998501 0
5910 -0.9938790428181938 1.200766279441295 0
5911 1.644840024658211 0.837608779010953 0
5912 2.267787988709913 2.188639158587835 0
5913 1.627641940838699 0.8028867343707611 0
5914 -0.7878921322451239 1.388698265631204 0
5915 -0.8257396485999587 1.39078358117893 0
5916 -1.906144958307663 1.03499709036082 0
5917 -1.881698025054753 1.065764476681709 0
5918 -1.843254300683851 1.058374602079821 0
5919 0.6467843513443744 1.568798766054941 0
5920 -0.8129916705963747 1.050117894170982 0
5921 -0.903236724685192 2.409929139103753 0
5922 -1.962980431497114 0.9064090968924154 0
5923 -0.8842148493143922 2.37588899107582 0
5924 1.885807187547849 0.9683585255565376 0
5925 -0.7345857513401965 1.284567987302273 0
5926 0.9229226697384512 0.976528234115309 0
5927 1.023524037471941 2.57274905499996 0
5928 -2.281669329847979 2.152292615151986 0
5929 -1.157231424168089 0.9098504449237057 0
5930 1.892574906912232 2.36527158297626 0
5931 -2.557080416364723 2.851802990676109 0
5932 0.5686031798151047 1.564704174951154 0
5933 0.5630657881197818 2.434564086555435 0
5934 1.877365093001405 0.6811631623569232 0
5935 1.895881831133793 0.721492694381217 0
5936 2.25087751990629 2.224785120575491 0
5937 -0.6149512428846918 1.280351481097858 0
5938 -2.242540157315944 2.154974232957375 0
5939 0.8174080647891959 2.307902771048838 0
5940 -1.391822503148152 0.4984098955553125 0
5941 -0.8452750991899285 2.375313641505607 0
5942 -1.815444981718363 2.466896493054363 0
5943 -2.374719831211393 1.44149954949804 0
5944 -2.419628763627903 1.588536727168435 0
5945 -2.397089219891496 1.515334413126487 0
5946 -2.073893575243176 1.261992499982099 0
5947 2.268179956453525 1.309073366732264 0
5948 -2.268859126790443 2.254844630589831 0
5949 -2.221022910079249 2.122491743498375 0
5950 0.9586631410149491 2.473749653335942 0
5951 1.581009622612104 3.045788743460312 0
5952 2.117217498539223 0.5672871658677461 0
5953 -1.534887955465571 0.839693397537618 0
5954 -2.183309229863565 2.124808533496071 0
5955 -1.674885915456594 0.4517232277233765 0
5956 1.558036283451415 0.9667826137154523 0
5957 2.35918871107154 2.143907760057394 0
5958 -2.236556481147121 2.392305289078458 0
5959 -2.364394504970481 1.404173799211163 0
5960 1.503828877802237 2.773094725012716 0
5961 1.864513740062068 2.636157191688138 0
5962 -0.1986604714227218 0.8980040294936245 0
5963 -0.5897993261231651 1.447538681870213 0
5964 1.718243965704867 0.4261700848951411 0
5965 -0.8651290355100478 2.341808626078584 0
5966 -1.070052202159546 0.6244755500227022 0
5967 -0.2093051317460627 0.4511118080500807 0
5968 -2.070704246288372 2.492109590002431 0
5969 -0.8043253534008216 2.511447851878033 0
5970 1.160166298924443 2.600876001001342 0
5971 -0.1719738235766318 1.04694393738098 0
5972 0.2298703044222166 0.885866986620925 0
5973 -1.135156918834169 2.615960347379934 0
5974 -0.9417418021159718 2.20931452447599 0
5975 -1.557580474826547 0.809781440593905 0
5976 2.352692366280945 2.247586882996461 0
5977 -1.573155055382837 2.921697351772782 0
5978 -1.424566888387808 0.7635111434079571 0
5979 -0.7515734225043782 1.07903551460274 0
5980 -1.140583711475097 0.8746295201967702 0
5981 -2.735631971801948 3.124353780577243 0
5982 2.146544974473104 1.970492940222034 0
5983 1.349874738171361 3.069158429163353 0
5984 1.397899681462291 2.721855003525461 0
5985 2.396718273019001 2.386769026054536 0
5986 1.563679004899571 3.246991779853937 0
5987 1.307485901416423 3.437257491239463 0
5988 0.5986772505665244 1.846971945433918 0
5989 0.07317858947997186 2.464942252024908 0
5990 -1.861941415889153 0.9268182949227102 0
5991 1.571599831996675 0.7650761467669331 0
5992 1.279852170729778 2.663076796432117 0
5993 1.710571855359741 2.643910839247429 0
5994 -0.8445071447148008 2.306872994402307 0
5995 0.3983343942883005 2.579429691312421 0
5996 0.4314930930095138 2.622657393127401 0
5997 -1.323840370801717 0.7890453504219592 0
5998 -0.7170590357575619 1.249697562179052 0
5999 1.122588190715757 0.9243441363804008 0
6000 -2.032852704607014 2.492567426143022 0
6001 1.8247686776523 3.033450989393866 0
6002 0.8963697544204157 2.374129458042644 0
6003 -1.799155262986245 0.9523414833979973 0
6004 0.4125010282303196 1.212063704812399 0
6005 0.539202717025269 1.951155966815685 0
6006 1.552517618987065 2.92161302138335 0
6007 1.509956012442057 2.922286451875322 0
6008 2.357023253899198 1.3634324159903 0
6009 -1.245373103315539 0.7831799138805193 0
6010 0.6387732218998856 1.779102476708564 0
6011 -1.895820242891331 0.05935615084014767 0
6012 -0.4681200451681946 1.668530779566985 0
6013 2.043618109161538 3.439393037358192 0
6014 -0.8238917772831252 1.153289975121608 0
6015 -0.6561533283217025 2.099721873857824 0
6016 0.8563204059340375 2.307251477620624 0
6017 -1.115708308383754 2.581846080719998 0
6018 0.3428822235078322 0.7884136304493465 0
6019 -0.7118793455060024 1.07453743598996 0
6020 1.595855823557981 0.3723422934201861 0
6021 -0.8739860602675613 1.258912475770074 0
6022 2.491745612919176 2.031935470985499 0
6023 1.144869891636516 0.8923174509763088 0
6024 0.8002127503989517 1.482597153422326 0
6025 1.968594555562342 0.9082563816069715 0
6026 2.095178460872602 2.558029950143879 0
6027 -0.4425921040358055 0.7001593452571393 0
6028 0.5009858076084669 2.564376907482117 0
6029 1.726353809690994 0.7772028738635939 0
6030 -0.295233367752514 0.6339621044899948 0
6031 -0.3706778263336187 2.047544271439111 0
6032 -1.262001241530799 3.255025801244638 0
6033 -0.8400018868217632 1.18869527239225 0
6034 0.4484899538703978 2.809702562444189 0
6035 0.7386020809822271 2.243222303311994 0
6036 -0.816265043486741 1.221288557837871 0
6037 -1.29832623561199 0.05738029437498415 0
6038 -1.819724550486409 1.110271034241726 0
6039 -0.1568727448073895 2.948361238039662 0
6040 -1.393731309954205 0.2253235554793382 0
6041 -0.5598374991318501 1.167371049844535 0
6042 -2.345382829960862 3.03709372780485 0
6043 -0.3511404150757315 2.82724792263248 0
6044 0.8763473034423235 2.340737231251991 0
6045 -0.5544963235705644 1.030551882228731 0
6046 -0.3428146836349397 0.9475640466542925 0
6047 1.687604064205673 0.2330440473707089 0
6048 1.660527408390666 0.5077189146508421 0
6049 -1.857966048899151 2.370015384078023 0
6050 0.2815283624218365 2.085854523631268 0
6051 -2.214628170477578 2.293293352672141 0
6052 1.393021176671337 0.5355397069597327 0
6053 2.017249964919034 2.561378507378155 0
6054 -0.6548244444690274 2.365028396319762 0
6055 -0.6557765769374146 2.328431023397379 0
6056 -1.838219029688107 0.9577313878779425 0
6057 1.487857100959716 0.826458255049235 0
6058 -0.5005030495344199 2.458202144451441 0
6059 0.6193819991633501 2.021857834072118 0
6060 1.197674163547636 3.271278944271766 0
6061 2.415283594064976 2.550670202011638 0
6062 0.9352112925658972 2.373545943699939 0
6063 -2.391200294194919 2.316957980356709 0
6064 0.4584087856962976 3.003916723241166 0
6065 -1.850875616528262 0.7141445114563869 0
6066 1.885225829039977 2.668189576017857 0
6067 -2.0317168902258 0.9846496748783837 0
6068 -0.1709093908700742 0.5103562726686324 0
6069 0.6853261572496053 1.055486265985163 0
6070 0.721337391910993 1.072478911766978 0
6071 -2.48569601687309 1.971677254354331 0
6072 0.3454242157956045 1.577698070554763 0
6073 -0.9786105572890166 2.912390724766228 0
6074 -1.188236147010093 0.5988104452070857 0
6075 0.2837234091441606 2.001294268956024 0
6076 -1.913719940296492 2.627053555812379 0
6077 2.159678607435363 1.932036152795403 0
6078 -0.7471760458632533 2.407677427477096 0
6079 1.255472440426203 3.268856911876044 0
6080 -2.388996578865351 2.743943718035721 0
6081 2.157097051837114 2.217302817683394 0
6082 2.034807289819418 0.4540112019006646 0
6083 0.6749139960378828 3.438283222027611 0
6084 1.220075478619731 2.631389895303457 0
6085 -1.474201161197919 0.5910517092317469 0
6086 -0.4601416405807257 2.704277057624366 0
6087 -0.8243157071155411 2.476408575923237 0
6088 -0.5526296960643002 0.7089228252219737 0
6089 1.853737464130796 0.8945400474833578 0
6090 0.5791043840161938 0.7547624751897859 0
6091 1.835082788911263 0.6039539170843402 0
6092 -0.3499225772107357 2.706047052214195 0
6093 -1.174085244036362 2.616246990009104 0
6094 -0.8468161135799683 0.4760130573786026 0
6095 0.5420545024265513 1.360895580460791 0
6096 -2.563629060602279 3.078813986534326 0
6097 -1.123995414727857 0.8418986201077843 0
6098 0.6290756754335212 1.533850813466182 0
6099 0.9162589537232855 2.952332088085397 0
6100 0.9682476077147451 2.946767831012172 0
6101 -1.779651356758912 0.913794257754232 0
6102 -2.263685104311635 2.572421612584779 0
6103 -2.301030038787705 1.46405941145453 0
6104 -0.7386513355772253 1.217149389760313 0
6105 0.8811664797136383 2.905746204699855 0
6106 -0.04775957270689948 1.3446873192275 0
6107 -1.866056537893898 3.00487907984631 0
6108 -0.958370115672631 3.251329012628158 0
6109 -0.5051116688986574 1.577379540283244 0
6110 -0.8298610858123896 1.323280750506374 0
6111 -0.5584786697849133 2.124173055022986 0
6112 -0.564585782325665 2.704131981334208 0
6113 -0.882515306540667 3.016187725319231 0
6114 1.956477503233684 2.8436699576002 0
6115 0.07463799409002873 0.8357994024163804 0
6116 0.8897292426823722 0.9037654330897222 0
6117 -0.5049579195878362 0.2261734420054216 0
6118 -1.875067337802312 2.625781307937191 0
6119 2.414074451429235 2.776177889338077 0
6120 0.4762767026695399 1.016998477356979 0
6121 0.8111120694745865 3.052332375657412 0
6122 0.6585702170802386 2.794668978967247 0
6123 0.7137424437493345 2.846148547766546 0
6124 -1.719093242314862 0.3149429751231652 0
6125 -0.6705241229455785 0.2578136110728206 0
6126 -1.157172086754863 2.380277037145779 0
6127 -0.3802267721345398 3.303672368258966 0
6128 -0.4113803095938828 3.245919192494314 0
6129 -0.3670929691993806 3.186344228897334 0
6130 0.9553051503441723 2.406541404185994 0
6131 -1.858693947152648 0.3280725687599175 0
6132 0.3956829619211609 0.8865421662299791 0
6133 1.052775749859824 0.4859836652944278 0
6134 0.5863439888536933 1.291915087375605 0
6135 -1.75040862039182 3.251131261017195 0
6136 -2.21821655646804 2.429108786913147 0
6137 -2.432031345640468 2.073374863032289 0
6138 0.8225000071047597 1.002753023512265 0
6139 -0.129124853528195 1.772885172828938 0
6140 0.02530471961603761 2.804168396553817 0
6141 2.260713071179147 3.144601451386818 0
6142 0.4156599712419514 1.878178284547422 0
6143 0.3267132454844358 1.875374019517086 0
6144 0.5787940323463883 2.996929967210892 0
6145 -1.688921130481865 1.032724621727488 0
6146 -1.194188068117822 2.65021374633123 0
6147 2.326876844246587 3.437738465005418 0
6148 0.4476719384623936 0.797230004342075 0
6149 0.2342849966025173 0.1846354530110146 0
6150 1.181259643497407 2.63128383429846 0
6151 2.240453854466742 2.815950504835818 0
6152 2.139204746252453 2.553565832139252 0
6153 -2.078982691020706 0.6264179593416042 0
6154 -1.438499930700227 2.772906450401373 0
6155 2.118610244272387 0.9897142635220025 0
6156 -0.4128271782160821 0.9401245477765663 0
6157 2.254377781817316 1.017088105345471 0
6158 0.6502007481119583 1.501334937199445 0
6159 -2.649856916874892 2.633301880103978 0
6160 -0.5151504644886783 0.942097565431895 0
6161 2.180779489603337 2.740507303074113 0
6162 2.296140410600546 2.456330339819872 0
6163 0.8583109553220828 0.6411378913169101 0
6164 1.396870762458668 0.1660267052098645 0
6165 0.4199787415103076 1.734157018833611 0
6166 -0.7138379315290406 2.133064460072036 0
6167 -0.4567504628447994 1.63440307771544 0
6168 -2.168767384843101 2.775790709452117 0
6169 -2.128789104529035 2.326053751764583 0
6170 0.4926653442230254 2.398037330971754 0
6171 -2.525029673623516 2.783880003119775 0
6172 0.7539018275734471 1.847877063651548 0
6173 -1.948327523087428 0.8699684670045711 0
6174 -2.230082918626278 2.853664267438877 0
6175 0.1233117691250516 1.71379893113675 0
6176 1.081694475082768 2.769087123806455 0
6177 -0.9001466280037284 2.273080165557117 0
6178 2.060326923970356 2.255350277956174 0
6179 -2.159486747227892 0.9366242055356793 0
6180 -0.7994702081995624 2.590248792456363 0
6181 0.9427196152054889 2.576178164861248 0
6182 0.9976884580352572 2.855112905394896 0
6183 -2.308127816898638 2.504052611827789 0
6184 -2.070598732265367 0.9906974363635379 0
6185 0.9451001863900184 0.9444180842710221 0
6186 -0.3120163183994876 1.700358075343271 0
6187 -0.5087193756400126 1.510431912060186 0
6188 0.7056528183551611 3.264262970158993 0
6189 -2.406036772294646 3.144568165558205 0
6190 -1.000874867235384 2.867812795470359 0
6191 -1.85251548834502 2.660896242503857 0
6192 2.605470983332833 3.121776521853914 0
6193 2.225845841538775 2.654175278461711 0
6194 -2.529630907013646 2.556073083484544 0
6195 -0.605736640983557 1.101982428697321 0
6196 -2.211856455763796 2.697168832957619 0
6197 2.452656156255946 3.198598131660949 0
6198 2.532075834126839 2.367581822623345 0
6199 1.115452769348575 2.884026570493403 0
6200 1.46179809825393 2.777446699834774 0
6201 -2.469634227593201 2.879840320653121 0
6202 -0.1503548764718094 1.909665375824378 0
6203 1.988684357407205 0.8745753738812689 0
6204 0.7295155673712965 2.663539350695054 0
6205 -1.116361572042446 0.6298363625475991 0
6206 -0.4915719499100516 3.233189044927039 0
6207 -1.918936211379751 0.5641157755279365 0
6208 2.506679031232917 2.672688986042472 0
6209 -1.667514630063778 3.007496272246032 0
6210 2.344307890820275 2.350570559003071 0
6211 2.592380230316808 2.860115716633587 0
6212 -0.8165147903382414 1.960580851656206 0
6213 -2.128364953344365 2.947952374245459 0
6214 -1.092046037276268 2.863486404749421 0
6215 -2.043874501728218 3.19287228438721 0
6216 2.055008197541882 2.149817726910053 0
6217 -0.4491474763545134 0.4016957780690769 0
6218 -2.525737832288111 2.128370819137988 0
6219 0.759145704179082 2.474287984794593 0
6220 -0.4208522458974694 1.309692330060947 0
6221 1.518495229335352 0.962677034150571 0
6222 1.987308537322471 3.019196342472632 0
6223 -1.206462186422096 2.897375812391983 0
6224 2.038605657452057 2.594887910372986 0
6225 -0.2934142797719353 1.494459677794003 0
6226 0.8015483705355413 2.549438056590647 0
6227 -0.2480142374236611 0.390113549982984 0
6228 1.20462809833337 2.87396240376593 0
6229 0.4459311059963428 0.6049898210650611 0
6230 1.448488246561215 2.889624751874849 0
6231 2.129660201426281 0.9238327625049878 0
6232 -0.0007724022453917293 2.159186034403185 0
6233 0.07868937507993173 2.100143399366847 0
6234 -0.4395808455763196 1.924904391939923 0
6235 2.092733577018471 3.370817166774681 0
6236 2.029027055523395 0.8779533432515274 0
6237 -0.7357431141583091 1.039561517933124 0
6238 -1.274595099657814 0.6080580963425124 0
6239 0.2534470970447382 1.494605725012197 0
6240 -1.445034997818905 1.035200411048532 0
6241 -0.187677084003676 1.305383329484477 0
6242 -2.315215171669081 2.988184012667726 0
6243 1.861015249943431 3.227163005768012 0
6244 -0.0208223112612541 2.412401681683531 0
6245 -0.2888337088431455 0.2062504991247034 0
6246 2.443317007146967 1.968845816247709 0
6247 1.297684032164993 3.072597020421214 0
6248 -0.3110701854726277 2.870347222749297 0
6249 -2.600264154831684 3.371185737654034 0
6250 0.6018787663474618 1.70702627736508 0
6251 0.5465022127464539 0.333343306814615 0
6252 -1.35982136369964 0.6169026762763052 0
6253 0.6982520663992668 1.367232938882826 0
6254 -2.27219515335469 3.083863915076269 0
6255 -1.913686329600331 2.489807927966184 0
6256 0.5926728776302892 1.213250930444481 0
6257 1.008880268051524 0.8458799140288911 0
6258 2.525182530910761 3.02175190040482 0
6259 1.051959485417723 0.2972322543362371 0
6260 0.6713485667786121 1.468524914961477 0
6261 0.4741256254060087 0.8435061106015016 0
6262 -1.299021511858585 2.891264824237735 0
6263 -2.321880049064563 2.461549548777597 0
6264 1.963384447847662 2.663803592440466 0
6265 -0.2709768055321529 2.1335293693367 0
6266 0.183041419221303 2.177007741979368 0
6267 -2.031398899228727 2.627991558607646 0
6268 -1.819742506037616 3.186635128299755 0
6269 2.22468537433031 1.049964911472244 0
6270 1.966893073511083 3.3695396498677 0
6271 -2.516124373244141 2.691271930123664 0
6272 -0.5442525394108011 1.888138427895085 0
6273 1.21857205264188 1.091203086805406 0
6274 -0.4453027839450079 1.273537808472634 0
6275 -0.6384840434801153 2.748973837127718 0
6276 -1.507604894725115 2.498660786271693 0
6277 0.3422056082862344 1.336369897238773 0
6278 -0.7044096020981891 0.887564682266899 0
6279 0.2899745024416075 0.978584807759703 0
6280 1.877139764650567 3.029139329432223 0
6281 -0.05544029406358637 2.260083367959141 0
6282 0.7646365306787699 0.5450262514346094 0
6283 -0.008247384627213668 2.74856762711113 0
6284 0.5274579451710073 1.015005861219854 0
6285 -2.381154619691056 3.235877371306854 0
6286 -1.16314556437326 2.982035675216218 0
6287 2.528293554888128 2.491698236154392 0
6288 -1.518884298876671 0.5961100897645983 0
6289 -0.1097024162194856 2.358040591725549 0
6290 -0.05167591476699789 2.358203636674083 0
6291 -0.9158405870737762 0.2803926979840246 0
6292 -0.3880786997917951 2.331527311196023 0
6293 -1.550734825435863 3.198713282724517 0
6294 -0.1675801103508548 0.739600545974034 0
6295 1.51963269157905 0.4127553385203584 0
6296 -0.6398488074283014 1.995123959207282 0
6297 0.8478054058711105 3.20108661343823 0
6298 -2.529454756096499 2.199413411105465 0
6299 -1.551564968190548 2.880944753193719 0
6300 -1.665338286740309 0.3081331435990275 0
6301 0.1860244003240967 1.073382604439058 0
6302 0.152488723176818 1.027743308374336 0
6303 1.222259345683456 2.763101210904262 0
6304 1.000335457007072 3.241058193505058 0
6305 2.360337611884219 2.889440558746225 0
6306 1.574772589666551 2.878484471031491 0
6307 -0.4094445807664745 2.373542579868842 0
6308 1.014271474998119 2.439054650431989 0
6309 -2.102193447312112 3.192345450218906 0
6310 -2.211640385676206 1.249160259815628 0
6311 -1.879474919293191 0.7922380318755713 0
6312 0.7326635839596697 0.6765533395683405 0
6313 1.661109525536968 2.871401923215776 0
6314 -0.6765591900600747 3.176467673834428 0
6315 1.393736883170933 0.3599934879227222 0
6316 -1.067749756628024 0.2444221632121157 0
6317 -0.8468556479498643 1.357940436334963 0
6318 2.597168857300253 3.300176950573154 0
6319 -0.7635275350374879 0.3185065321972627 0
6320 0.5347319499029491 2.239351939859539 0
6321 1.022815331957601 0.6138673982397895 0
6322 -1.060195645531765 2.683638880447791 0
6323 -1.558189032635675 0.3009081647649952 0
6324 2.096979101196179 2.829680690669871 0
6325 1.72446329388384 0.5538302822601209 0
6326 1.679108281903949 0.55034889639455 0
6327 1.379038979513625 0.6858018159168178 0
6328 -2.090203911972894 0.8538262783783774 0
6329 2.385371538417355 3.087999758120503 0
6330 -0.3292244877196263 0.582278462061699 0
6331 1.170127601713885 0.6688611107426643 0
6332 -0.9810730549741248 0.5300797797335268 0
6333 -2.605267725428651 3.250753775400078 0
6334 1.491573578658831 3.188759421905234 0
6335 -1.638640164548757 2.878862555121946 0
6336 2.230865453358283 2.952296834307133 0
6337 2.084448675003593 3.157457041222764 0
6338 1.110464960510291 3.006800353821612 0
6339 -1.252770507110424 2.617029033858302 0
6340 0.4988310810251253 2.168200512966346 0
6341 -0.9596214883837394 0.1256814101352015 0
6342 -2.22496156681061 3.295701112598854 0
6343 -0.6245927112754602 1.138642005037618 0
6344 1.745607396604455 2.859591705243977 0
6345 1.436567607674189 3.257974783374935 0
6346 -2.008221015647971 3.248196787080769 0
6347 -1.456206005625837 0.2896348518303586 0
6348 -0.1905482695792795 3.128582620800042 0
6349 1.431479401575097 2.930909374015483 0
6350 -1.724298775322217 2.872246414285295 0
6351 1.384345269536444 3.205158272934856 0
6352 0.5957683076240761 2.550320532955557 0
6353 2.249193050430641 3.306959508352989 0
6354 1.521283558110858 0.8940633685069945 0
6355 1.84713243175289 0.9620413855571263 0
6356 0.2136486487161973 2.311122189188808 0
6357 1.830310689118862 2.849437245844164 0
6358 0.05347767392183875 1.324791005247559 0
6359 0.7893201421211982 0.8581367633268335 0
6360 -0.0008764553578467629 1.423673568250867 0
6361 -0.8824721976371759 2.831354195307628 0
6362 -0.9507077366609782 0.6539473099616342 0
6363 1.086518413922474 0.1462428483925429 0
6364 -0.7618830962286769 2.792400315011125 0
6365 1.312558832613143 3.264451507749062 0
6366 -0.2271454090046584 1.052817750096968 0
6367 0.8787348373564431 2.822937767885943 0
6368 -1.965713884381165 0.5702517820989388 0
6369 1.486260086776396 0.2128100263351129 0
6370 -0.8299741743096282 0.6850348371629678 0
6371 0.8964761335291968 0.8054632832597177 0
6372 -1.80992320298602 2.86829743269458 0
6373 -0.7057993726148266 0.7201398511608323 0
6374 1.277598638762798 3.216488231124054 0
6375 -1.526962307062424 2.922042145332855 0
6376 0.7594274957417564 2.787398507665513 0
6377 -1.173063606210031 3.208374895478198 0
6378 1.29513593038956 0.6785746710536087 0
6379 -0.02184251929845052 1.089910247240615 0
6380 -0.168776578401929 2.809254361401057 0
6381 1.184562295626316 0.3524583076659413 0
6382 0.1953298137567704 0.7296997038534634 0
6383 1.943354701602912 2.97414752969198 0
6384 1.708659386428443 0.2839984899253039 0
6385 -0.3797845958619586 1.069052824176474 0
6386 -1.234929052561474 0.2665155892319682 0
6387 -0.9057340052352969 0.8526934332736733 0
6388 -0.8640159743099425 0.8491157228451414 0
6389 1.561634248263011 0.5818396972747193 0
6390 1.569375322106011 0.4157887452420752 0
6391 1.166985818077364 3.223374416018375 0
6392 -1.897739260368422 2.865252897361934 0
6393 -1.061074627593762 3.209499614377435 0
6394 -2.49278135883348 2.275351503276073 0
6395 0.3960492180637939 1.988455625966595 0
6396 1.212133957133103 0.6728392662333826 0
6397 -0.7694955565773826 2.168105337609285 0
6398 2.048922978692477 2.834413400905458 0
6399 -2.381783019345484 2.178444342487487 0
6400 -1.986866535757557 2.866474995857159 0
6401 -0.4013463504588617 1.193389324959385 0
6402 -1.877547308021656 0.4723284846299018 0
6403 1.084175673445155 0.6620148200960134 0
6404 2.473636879771464 1.782549988850598 0
6405 -2.078984676392799 2.861824047052699 0
6406 -1.988533479155142 0.2888649193928492 0
6407 0.9963004857911586 0.6536651850143143 0
6408 -0.8323318895082217 3.223398991633871 0
6409 0.7009017041437036 0.8500460696125542 0
6410 -2.214259444848192 3.088015109483474 0
6411 -0.3234890465358333 0.9912081816727388 0
6412 0.6925004714043683 1.435980750340463 0
6413 -0.9115681404645997 3.064021563550818 0
6414 0.946436521423909 2.700541945866983 0
6415 -1.957396817174251 2.425187220658575 0
6416 0.6074030525288537 3.218740822184685 0
6417 2.082206832663819 0.7350940669682129 0
6418 0.3440980523728548 3.242676556704234 0
6419 0.4799490336792599 3.236338607275519 0
6420 2.048729512125545 0.6483973181091232 0
6421 -0.5543004984901023 3.177121721658022 0
6422 -0.6417982460682029 3.249264591583447 0
6423 2.187087555018992 3.048466302974813 0
6424 -1.919672216051333 3.004870284276653 0
6425 2.167830569196075 1.33200810812329 0
6426 1.969693560121118 0.8386270968093306 0
6427 -1.269963767235941 1.10803810966861 0
6428 -1.183748319175539 1.047851628357705 0
6429 -1.880843300749128 3.251362104990296 0
6430 0.2688558521647431 1.303310701204183 0
6431 -0.6776242583626996 0.9973797234204647 0
6432 1.480848391704165 0.8886750671524242 0
6433 -0.86226394409315 1.39152282307931 0
6434 0.3949972153881554 1.841323269472258 0
6435 -2.35156004624959 2.318419291565821 0
6436 1.795982887548139 2.403770748666313 0
6437 -2.348078283207009 1.468914887232659 0
6438 -1.334038345276491 0.5703516166765628 0
6439 2.043153613710946 2.663135436785568 0
6440 -0.7749110861415078 1.0437690658179 0
6441 2.389132071250712 2.242981572761973 0
6442 -2.496794267920638 2.433244822811791 0
6443 1.690265175317656 2.406665722483051 0
6444 -1.272570448963957 2.650649336863986 0
6445 0.1545258444688563 2.311372073509493 0
6446 -0.6605820189340891 1.959606952727256 0
6447 1.167842362427828 0.8609945949283146 0
6448 -2.020143113582149 2.239254920861829 0
6449 -1.972602087464571 0.8383808305643015 0
6450 1.224630386070614 3.028738390342712 0
6451 2.429186322553912 3.375034030639012 0
6452 -1.603319913854504 0.6086437376218286 0
6453 -1.779955115875327 2.523945770563423 0
6454 1.919522588850197 3.158239245893519 0
6455 -0.214940282944484 1.53084285156348 0
6456 -1.024942735414916 0.8643731940685815 0
6457 -1.931542735291309 3.192862126023031 0
6458 0.9773901248589809 0.6109371407724951 0
6459 0.6421814158707059 2.34614010674965 0
6460 -2.084925868648691 1.026532530445263 0
6461 2.169735044974269 1.499595546333525 0
6462 2.053535907642754 3.212745592128252 0
6463 0.00736883451349549 1.037259512489325 0
6464 -0.8790605469986646 0.9552757690814575 0
6465 1.036081506752817 2.472321473359616 0
6466 2.470370129211177 3.436248365277795 0
6467 2.165889235054226 2.166692807438796 0
6468 1.611103755276252 0.7678260547830851 0
6469 0.06769194663661993 1.034715760674212 0
6470 0.6107049737348416 2.852963626536461 0
6471 0.9761862872750922 2.439823230381583 0
6472 -0.9790515278569096 2.61376686455123 0
6473 -2.589450058758986 2.372591291953929 0
6474 -2.147028821696476 1.441963503188726 0
6475 2.583667295319531 2.362341002462264 0
6476 1.773717949315867 2.71295544707823 0
6477 -2.4195274455567 1.873258620642834 0
6478 0.4819353383161607 1.097592198696895 0
6479 1.095686354503152 3.285018390494034 0
6480 -2.261199559736307 2.989494205504501 0
6481 -0.2407878932449393 2.60448448302305 0
6482 -0.7539025167288242 2.583832007832588 0
6483 1.974553177522874 3.162225763206731 0
6484 -2.215346695012431 1.519759794441436 0
6485 0.4214493115618186 1.140867431496998 0
6486 -2.215451293226458 1.974909045922075 0
6487 -2.451978130032849 2.933718654297451 0
6488 -1.994720224945643 2.362546361842479 0
6489 -0.7260366641188809 2.441272968868809 0
6490 -0.1385223402014922 0.4488870384969759 0
6491 -1.494205372331489 3.20107261302905 0
6492 -1.164189895501988 0.2043682782360126 0
6493 -0.7496801816680524 2.202989708607979 0
6494 0.4613016417623177 1.212151384720773 0
6495 -1.124435296074396 0.2528454973909349 0
6496 -1.220718810149314 0.1226724232482161 0
6497 1.841760055240175 1.029764884724956 0
6498 0.6753766654926986 1.401463994680965 0
6499 -0.7370007764616388 2.836248004220895 0
6500 -0.8078823645478214 0.6405577422877307 0
6501 0.2172662009932365 0.4394991587780968 0
6502 -1.643624515677434 2.552327991923177 0
6503 -0.7854885940289892 1.753702098992169 0
6504 -2.382029258416825 1.579359824251774 0
6505 1.343711634624976 0.5330124080424972 0
6506 -0.7496320906597591 1.694133519895108 0
6507 -0.8432096885137204 2.511045807361767 0
6508 1.647739725315496 2.999362783423471 0
6509 -0.4187848265678487 1.887687670601251 0
6510 2.132842901010151 2.484103827450701 0
6511 0.8525521530991926 1.371499341842038 0
6512 -2.311796533369296 2.790871603982407 0
6513 0.258736788782017 2.547755099081308 0
6514 -1.545734449039792 0.5609661338581884 0
6515 -1.858835870061406 2.526934382921828 0
6516 -1.343568095162312 0.2787093510804102 0
6517 1.900444470136809 3.445011892332645 0
6518 -2.097469439212921 2.660999002085695 0
6519 1.367112860940518 0.3117391665818516 0
6520 -1.310995180017289 2.650147741921881 0
6521 -2.422189753139266 2.173758435413903 0
6522 0.4026067615754657 1.695496436942562 0
6523 0.7544165522282645 3.054991291073881 0
6524 -2.12369339831961 1.032356245955952 0
6525 0.4672682316340441 1.596820111379574 0
6526 1.333334863202474 0.9723298322531706 0
6527 2.399221377507192 2.080217581085904 0
6528 1.382726826230528 2.455412078485686 0
6529 -2.282689969543919 1.846459791981411 0
6530 2.240324972397237 0.9750700496056249 0
6531 0.8044823999263346 0.967061948162804 0
6532 2.36184889470835 3.380640861619408 0
6533 0.04017639349159863 2.413528364282243 0
6534 -0.2024634511676713 1.000514027651436 0
6535 0.7618761976322197 1.270185374615469 0
6536 2.41690127345312 2.152028675109604 0
6537 0.9797420701350675 2.898076503178007 0
6538 -1.842386929343653 2.719377979408427 0
6539 -2.162217771701332 1.479662999815602 0
6540 -1.954551850137914 3.050720643830259 0
6541 -0.79554282498868 1.626130027098503 0
6542 1.48880453801436 2.885217106077648 0
6543 1.073976360031232 2.471203079292907 0
6544 -2.578563014853836 2.551158786287541 0
6545 -0.5403771348107694 0.1383561751748446 0
6546 2.18154298565729 1.730565394512735 0
6547 -2.190303702746545 1.552202739380146 0
6548 0.9282373015585468 0.9082418996456698 0
6549 0.735326415444702 1.36931045946233 0
6550 0.1633399446272851 0.6739540740841723 0
6551 2.431895155516056 2.189551472244773 0
6552 1.49166200791468 0.689588001117567 0
6553 1.372150954822167 1.043435424567942 0
6554 1.81255851503834 3.172821045636019 0
6555 -0.7616618311653146 1.862255010613256 0
6556 -0.8392156584096627 0.8869171570375016 0
6557 -0.140568019590221 2.878548609064079 0
6558 -1.715378872314095 3.199245847394571 0
6559 -2.552336046201972 2.235462426568545 0
6560 0.9932895559957711 0.2944666039222601 0
6561 0.8228531783632912 3.25746970792719 0
6562 0.6902143970422562 0.4930726747252729 0
6563 -2.075831751714403 0.8175618039921322 0
6564 0.650587314167821 2.624254012749054 0
6565 1.449286151598814 0.16424508753906 0
6566 -0.8056433191153048 2.23741910674101 0
6567 -1.451001823840821 3.255590806265358 0
6568 -0.4221193274995364 0.3411662644182654 0
6569 -2.181975656095101 1.70842752341022 0
6570 0.8923754782683839 1.306693324776932 0
6571 0.120099498571519 2.261317302066256 0
6572 2.112581036542291 2.121022332941881 0
6573 2.090961813282536 2.151791971763309 0
6574 -0.7345327667910959 0.2632795405409518 0
6575 0.6093245035207706 1.260795081030522 0
6576 1.143354819633892 1.127877933542179 0
6577 -2.056429610223569 2.905290985185349 0
6578 -2.012187961504395 0.8439084123016498 0
6579 -0.8910574926972765 0.2265199355636507 0
6580 -1.679356268626177 2.686708912959034 0
6581 1.594695916988683 3.193201668011723 0
6582 -0.589783589335636 2.19651793282354 0
6583 0.8334982966601692 2.912004596431748 0
6584 1.03598650454962 1.206089905515002 0
6585 -1.741532101182135 1.077783916297121 0
6586 1.830486436996517 1.100224798349602 0
6587 -1.708555901421986 2.523467913663098 0
6588 1.185179182375704 2.397862027824507 0
6589 2.260186118625477 2.537718355257087 0
6590 -2.841146690805338 3.177436654129603 0
6591 0.4089419254994446 2.670341636285599 0
6592 -0.8579908937886538 2.873349917791241 0
6593 -0.9300938375969744 0.6112189402257846 0
6594 1.173401987286574 2.501885074597699 0
6595 0.8563009664395604 2.866578621300862 0
6596 1.693905491297169 1.009662808407503 0
6597 -2.162185928326291 1.038267886476533 0
6598 2.531905611933086 2.126273643107027 0
6599 1.314284517698331 0.4892939933937175 0
6600 -2.546249798043866 2.735457305206573 0
6601 -1.536137331108924 2.464765761220855 0
6602 0.4221134552477788 0.8413976975796971 0
6603 0.1799887823881148 0.9803050656057126 0
6604 0.107799982116965 0.9932545636138539 0
6605 1.844014101169219 2.740666233031626 0
6606 -0.8453817526178966 0.1154875639554187 0
6607 1.503498773626314 3.448327596367515 0
6608 0.7562735082262206 1.33692465656789 0
6609 -1.062564027075294 1.229990351232492 0
6610 2.639453145727114 3.357913074684392 0
6611 1.112747372997944 2.470079093691905 0
6612 -0.119967457991192 3.128225171686625 0
6613 2.628831982951461 2.910304328871399 0
6614 0.9479240429212821 2.204238904953732 0
6615 -0.866937374763794 3.279461616040838 0
6616 2.262359421864838 2.996224150861305 0
6617 -2.711909191072801 2.893280424689532 0
6618 -1.801381363511914 0.1091046649815672 0
6619 0.8946068430215576 1.368917452024322 0
6620 0.2610249480628833 0.9326082729031775 0
6621 -1.070028552437002 2.904622882290526 0
6622 -1.343012251722086 0.996954649636175 0
6623 -0.6550478484617782 0.716435022123362 0
6624 1.8467157762155 3.384925262861375 0
6625 0.4692516287252032 2.441066780519292 0
6626 1.000315352541727 0.4855861124560761 0
6627 -0.3299271314585786 1.067922708072233 0
6628 1.277247425796042 1.000074657585648 0
6629 -0.1417557095298075 2.536312103472444 0
6630 -2.552456497477575 2.066826697156026 0
6631 -1.270202312915397 0.2203942389421543 0
6632 -2.57689443276607 2.32103059475604 0
6633 0.5464986549376433 1.288778965367859 0
6634 -1.203782967988078 3.255366342351345 0
6635 0.9871733532719905 0.8071481143307357 0
6636 1.426787507475689 2.518046298263761 0
6637 2.362237366926846 1.521192146166299 0
6638 -0.2099553093197672 2.550698312768049 0
6639 -1.04778993410692 0.8338650936353724 0
6640 -2.219980288468189 1.286579365705498 0
6641 -0.7868226745604316 2.272011139058808 0
6642 1.353471746701848 0.05655596898651805 0
6643 0.9055128971352921 0.6476009836008125 0
6644 0.3794359165789941 3.305990459371895 0
6645 -1.124556632820116 1.181950763778464 0
6646 0.6204643678184727 1.743641416826569 0
6647 2.06092691245606 2.630590608455356 0
6648 -2.415242403113782 2.107132459180118 0
6649 -2.47872752239773 3.250619474859343 0
6650 -2.528690455475587 3.366110635635416 0
6651 -2.119187781583087 2.6222916673662 0
6652 1.058468203971891 3.2358820924367 0
6653 1.744959472173003 0.2370522705581366 0
6654 -2.357242818000818 1.673326773533927 0
6655 -0.5809266804627525 0.6658249702964776 0
6656 -0.08184934520167593 2.413443979724943 0
6657 -2.261063023193216 1.729306569384326 0
6658 2.128360455786661 2.414735626865931 0
6659 -0.8885988336467507 0.812915594536668 0
6660 2.130004736839325 0.744802341179903 0
6661 0.7403405874972671 1.3024319050379 0
6662 -1.286463286069679 3.20681758605391 0
6663 2.026297242926677 2.878501189668587 0
6664 -2.012332702170935 2.989004064117435 0
6665 2.546463591295393 2.968780591347506 0
6666 1.382132486716884 0.8455069090706893 0
6667 -0.100427301736848 3.340328294937308 0
6668 -2.518887986700187 2.392383695332635 0
6669 -0.8357006764125106 0.6021304912896308 0
6670 0.2428450843721122 2.762009449541738 0
6671 -0.9592315493144772 2.647917684136324 0
6672 -0.9773730664603836 2.680877207017347 0
6673 -0.299680321668048 3.307853918216223 0
6674 1.636386699106493 0.7340986621428505 0
6675 2.308254862418245 1.317086467311873 0
6676 -1.389174121478861 3.193716236889045 0
6677 -0.02370272078757807 2.310342891028944 0
6678 0.1235004376904889 0.6133643996423233 0
6679 0.637852476570172 1.985961724374885 0
6680 -1.345573730858259 0.7585785027423941 0
6681 1.152853302072242 2.46983565315794 0
6682 -2.827761171407504 3.376259038137865 0
6683 -0.6493040396948451 1.419032654061254 0
6684 2.128970851133107 1.492223437312498 0
6685 -2.08997349852642 1.293141091773615 0
6686 0.2913143459678219 1.25685919585576 0
6687 -0.4733978754786045 1.443559532753281 0
6688 -1.325984180697781 3.257158973933246 0
6689 0.07672566467672698 0.9410489153736918 0
6690 0.7305941755648206 3.208694429981677 0
6691 1.360140809684612 2.893289263792409 0
6692 -0.3745822978219291 1.884650456012266 0
6693 2.243659042854194 1.08457340439921 0
6694 -0.5282779952693574 0.6618250897535749 0
6695 1.786262570098016 3.389244189531151 0
6696 2.230116916111426 2.740044830434407 0
6697 1.696553807258312 3.445888081473313 0
6698 -0.08115958518411584 3.195220412947438 0
6699 -1.64861390296385 0.6135699892648905 0
6700 -0.431897188598706 3.179201498849083 0
6701 -0.5839111557106428 1.134016419231664 0
6702 -2.116142849928147 0.8219503514618487 0
6703 -2.146797823664212 2.126299720567277 0
6704 -1.461108853821087 2.884307530538276 0
6705 -1.905708558692699 0.7595496287396293 0
6706 0.1498323505190813 0.4407740607002437 0
6707 -2.753032015035698 3.36954817744512 0
6708 0.1409605578245812 2.175758225457352 0
6709 -1.206048197102619 1.013762822341445 0
6710 -0.2480737714713287 0.1371362868201982 0
6711 1.285183496554212 0.355219478038338 0
6712 -1.368480306752513 0.7266414634515863 0
6713 1.733103749411493 2.674197817724816 0
6714 0.5249294008555049 1.324303990282473 0
6715 0.316592500465764 1.211147571507356 0
6716 -1.958682807665423 0.06279061897801275 0
6717 1.957859116575248 0.05480545811756632 0
6718 -0.5886438532039869 2.455630666910518 0
6719 -1.65883519481246 1.055153259528476 0
6720 -0.7341343644914016 2.098082153064514 0
6721 1.256818876554763 0.5417199006500517 0
6722 -0.188578895331566 1.486359742580889 0
6723 -0.5875243503440221 2.747182581449887 0
6724 0.3895525594048977 2.248723171053537 0
6725 1.866087715532667 2.703560473520239 0
6726 0.9635200328765628 0.2415676565208456 0
6727 -2.180960590654125 2.055484155225937 0
6728 0.7836334791583739 2.913530619825193 0
6729 0.7991794533477499 1.270843130422398 0
6730 1.955589032826295 0.2207085749364348 0
6731 1.915322870215659 0.2620857933088678 0
6732 -0.4699256130219602 1.508470385521703 0
6733 0.3963038879823064 0.6040268597140412 0
6734 -0.6867203928112728 2.439275746938424 0
6735 -1.229696865898864 0.9795030332409017 0
6736 -2.15930589967622 2.022253912524386 0
6737 -2.268329448915543 1.95427235378486 0
6738 -2.199884492665757 1.043400453485807 0
6739 -1.145928206918832 3.256304869918582 0
6740 -0.8333984574921958 2.00096655603417 0
6741 1.906174735518874 2.700455035649131 0
6742 0.7947289604202586 1.642102378246636 0
6743 -0.807339682151302 2.873787303516329 0
6744 -2.394915231046479 1.614240334932922 0
6745 1.80322464598443 0.4439005336758326 0
6746 0.6596751559732466 0.5384450138141863 0
6747 -1.946658419367046 0.5246149078207734 0
6748 0.04801222751187349 2.05401716605536 0
6749 2.111852452365324 1.455347388485712 0
6750 0.5998764964814424 2.625180136275399 0
6751 -0.7853054318158469 0.9625791655620706 0
6752 -1.371287309773212 2.677586041271277 0
6753 0.04506960812325948 0.8891362071343749 0
6754 0.07085721023875081 2.003244895491044 0
6755 0.04251772331493193 1.957348947259062 0
6756 0.06901676425146037 1.906299459994 0
6757 0.5521959043822955 2.792653021381798 0
6758 2.540974719542926 2.576168629476311 0
6759 -1.332311277108052 2.680502588966998 0
6760 0.7650010571906734 0.9642721968311325 0
6761 -0.6588642535481939 0.9602584284858543 0
6762 2.02707911392402 2.183109027277891 0
6763 2.240584370119066 3.045138972443979 0
6764 -1.33480174973574 2.7450535569928 0
6765 0.9459886065687189 0.8038155536525695 0
6766 1.667646550719427 0.6988217485493013 0
6767 -0.1706000680779879 2.450838187665509 0
6768 1.66139064444371 3.393851122482448 0
6769 -2.397095590350478 1.670918867411169 0
6770 -1.738464572443817 2.653446922156705 0
6771 -1.305993222221561 0.7555545605474738 0
6772 0.230382901237576 1.948534493728237 0
6773 2.169882108950103 1.998873202924403 0
6774 -0.3243053951302573 2.279831063203646 0
6775 -0.4888472764802044 1.543860814732168 0
6776 1.441293126160448 2.475013773848371 0
6777 -1.024273266870734 2.909923479652716 0
6778 -0.520881429043681 0.2956946760150614 0
6779 -0.8215670929747267 2.547472252755002 0
6780 0.1296739957218948 2.092061611826186 0
6781 -1.539620288480104 3.402128133019343 0
6782 -2.164160219190701 2.091051582028082 0
6783 1.251593407948089 0.104249541761499 0
6784 1.487877551881867 2.963678896630914 0
6785 -2.570466263907475 3.309999299528419 0
6786 1.289048866517995 0.05392098349676555 0
6787 -0.1734642899237141 0.9456772343839506 0
6788 -2.104750985807494 2.558709376815832 0
6789 -2.192035235307365 3.343785606064577 0
6790 0.8199333123340899 1.237674521831527 0
6791 1.26337768298859 2.762947808333989 0
6792 -2.374048288669998 2.352757967922433 0
6793 2.559867870252124 2.53094340488707 0
6794 0.4520811560419009 1.632543719945327 0
6795 -0.8917401524628163 3.343695079665972 0
6796 1.582157611016898 0.1196496810010803 0
6797 -1.679149766745231 0.5797706830198508 0
6798 1.822100269062843 0.2932929351490454 0
6799 -0.9959849466298146 2.715901454656241 0
6800 -0.6382607417188378 0.308132782094384 0
6801 1.600595143995694 3.396424238023061 0
6802 -1.971904903229246 0.6894902630886635 0
6803 0.8958983882881638 1.071486538567572 0
6804 0.7805222616869211 1.539480438022665 0
6805 0.9119512091349885 0.8720218432115057 0
6806 2.304156873990864 2.534298337824935 0
6807 0.7496301525555183 1.983680601895499 0
6808 1.318969731847535 2.950595335403423 0
6809 -0.06400677746004726 0.4453999409638798 0
6810 1.247702414929754 0.3033373581634091 0
6811 0.3512764067115485 1.840073352371428 0
6812 1.068292201527494 1.148558604640767 0
6813 -2.407988820381927 1.806890266171288 0
6814 0.7056774260673584 2.379803364033339 0
6815 0.4611252092222297 2.094545643458727 0
6816 0.65870447817438 0.7155844852645701 0
6817 -0.3766397801865018 1.38774795271781 0
6818 2.388908294451983 1.482856719151595 0
6819 2.299541997361725 1.611965010398659 0
6820 2.43054430274122 1.73326528503155 0
6821 1.190597916660908 0.8322283307483138 0
6822 1.884264421855663 0.6057516771627738 0
6823 -2.674740164222044 3.371394605493739 0
6824 -0.8459176676518076 0.9547684540881719 0
6825 -0.1203988977201941 3.255031323006488 0
6826 -0.4677089242764561 1.57507285124386 0
6827 0.3994208161705475 0.7076143867066063 0
6828 2.153006623966629 2.034844637694536 0
6829 -1.851839215137512 1.161767027810947 0
6830 1.142766435186489 2.918862172924581 0
6831 -1.193401726500447 3.018737042050601 0
6832 0.6386238730641582 2.056754949721772 0
6833 -0.7614487228732165 0.9994130981018412 0
6834 0.2349988098461842 2.600044795264215 0
6835 0.3857587161436375 1.65260535233973 0
6836 -1.988165868357848 2.700746877838994 0
6837 1.304313157593346 2.760516310511598 0
6838 0.3922724227508074 1.172424529246703 0
6839 -0.9574463509898441 0.781223784737632 0
6840 1.712214317990126 0.711244269649723 0
6841 0.6441629843093709 0.2828630808865777 0
6842 2.121701425866541 2.350797958010458 0
6843 0.04994102342705784 0.3774580960407579 0
6844 -2.436610582349065 1.664473740752528 0
6845 2.112658762860242 2.043627924171892 0
6846 -2.051584580493334 2.662437139850574 0
6847 1.933440145573128 0.6062094188376879 0
6848 1.841346596201416 0.5245790430474182 0
6849 -1.410335125446601 0.728312756094311 0
6850 -1.589768981896732 0.567700150349828 0
6851 -1.182140277839674 0.4135930360155415 0
6852 2.585220304477792 2.615019454352937 0
6853 0.3566397829129964 2.865670034766771 0
6854 -1.293721646410524 2.747791159666009 0
6855 1.326920143043107 0.8097758449214763 0
6856 -1.662843542642906 3.402229728371733 0
6857 0.3440391473465619 3.371616900164894 0
6858 0.5593187108036757 0.1171015667694351 0
6859 0.04887083482680921 0.7853764114411641 0
6860 -1.283596373571861 1.073164897032671 0
6861 1.705906291217836 0.5124004882186042 0
6862 0.8036008320122103 1.205346047582307 0
6863 1.545853540730593 0.3697210963278714 0
6864 -1.142346508127747 3.075648630018121 0
6865 0.9312970538275849 1.075955078676456 0
6866 -2.628726061114552 2.544081043183914 0
6867 -0.8507450479509977 2.038902869113701 0
6868 -1.767161501440067 0.05410533207821588 0
6869 2.436594271431847 2.303555354038381 0
6870 1.862163860540937 0.5685604268681996 0
6871 -0.4304523464969749 2.966310605653428 0
6872 -0.1372028304227616 0.1980436304672921 0
6873 2.175200589013729 1.810769152914172 0
6874 -2.276458597795039 1.30639386986413 0
6875 -2.160157738405334 0.8309172410001981 0
6876 -1.429107288942741 2.925492295891826 0
6877 2.147468372190111 1.36847943152154 0
6878 -1.506476461290311 1.00468798743462 0
6879 -2.208106770489482 0.8455596383916477 0
6880 -2.010235034669126 0.7440505807149669 0
6881 2.345537142940668 1.326965129254176 0
6882 -1.546390860760998 0.4806465617448004 0
6883 0.01213955983061419 0.4413614517821871 0
6884 -0.9935763407802167 2.311666019302453 0
6885 -0.8191718521877229 1.530877521977179 0
6886 -2.037496246083154 0.8128801236355037 0
6887 -2.755329339940619 3.066032391499753 0
6888 0.7383191292268495 2.921368438217703 0
6889 -2.105436251937872 2.426815393706038 0
6890 -0.7011269918947991 2.543138709947133 0
6891 -2.502712961684977 3.304620877928946 0
6892 0.6317800597361113 0.1149051446588665 0
6893 0.1630161626256716 1.895053974800853 0
6894 0.4880920810579653 0.1177247254781388 0
6895 -2.079956163539135 2.949879330165132 0
6896 -1.043369749028565 2.718445008918163 0
6897 2.00296049071316 0.3359810791334747 0
6898 -0.881615192008227 2.174375588662398 0
6899 1.268285647009754 0.7760048765991161 0
6900 -0.6293435857702225 0.6703205241960186 0
6901 0.2027417380362885 0.9347854469707997 0
6902 0.6849037323208705 0.671741966402772 0
6903 2.78901337942768 2.947678334472569 0
6904 -1.461530967528862 0.4241195449943609 0
6905 -1.196467972422687 1.145195498601226 0
6906 -0.4521541348939701 1.47212610913898 0
6907 -2.062497441051865 1.224871851086543 0
6908 0.8246332002969906 1.172566743209319 0
6909 1.860123352806505 0.2497944864347406 0
6910 -1.088725408243244 3.256594743649103 0
6911 -2.122635108740049 1.339315934344394 0
6912 -0.4783356507351151 2.164827944958025 0
6913 -0.4974101788676069 2.13834388092198 0
6914 -1.086836691206571 3.077045103510158 0
6915 1.911856835836425 1.171034636476761 0
6916 1.168800610623058 0.6112455378597026 0
6917 0.4878379093018944 2.855198742692087 0
6918 -2.087933960625987 0.7444602935246638 0
6919 0.6410463052260662 3.267483040710209 0
6920 -0.855446967887179 3.393178009917165 0
6921 1.946305931804873 2.69690917860982 0
6922 2.762300892681249 2.829281387574281 0
6923 -0.4742743781352411 0.6575079668554165 0
6924 -1.368087305430466 1.02602704248858 0
6925 -1.92457958753787 0.4756631803578515 0
6926 -1.251270157768785 2.750913905812569 0
6927 2.412425735387644 2.272386741286927 0
6928 -1.315645695217567 2.439019044622619 0
6929 -1.653745129635134 2.446502631694076 0
6930 -2.50472948322893 2.004808611188815 0
6931 2.421213122140455 2.34314756505965 0
6932 1.936754519973935 0.15909542540126 0
6933 0.3543009859476761 2.674814688233731 0
6934 -1.057003305825091 2.348394585644291 0
6935 -1.438824233202893 0.6945681009497497 0
6936 -2.454109360280228 1.704901695979469 0
6937 0.9836633311682262 1.11129475325117 0
6938 -2.292869843162423 3.0367329952173 0
6939 1.568055491759225 3.448385824458638 0
6940 -1.736570172422221 0.6284598243709494 0
6941 -0.5226345444445071 2.927692296936029 0
6942 1.623975597974217 3.045782729233586 0
6943 2.114005162664865 0.8161081434439823 0
6944 2.052200851169515 2.917697789135091 0
6945 -1.225314204621024 2.786964492476854 0
6946 -0.1352609624611951 1.484442294452452 0
6947 1.271665598718551 2.898549348542458 0
6948 -1.265007693854773 0.7531665278776221 0
6949 -0.8672415164926564 0.1711107390661999 0
6950 2.775708088831887 3.140085767549713 0
6951 -0.7969337755625707 1.487433400793728 0
6952 -0.9049453869965213 0.567655112611734 0
6953 0.8811874516624076 0.30211852799955 0
6954 -2.344614029543536 2.489329875799193 0
6955 -0.5461037123191551 2.187701976780812 0
6956 1.931810137725384 0.8368571611217785 0
6957 1.318343008499247 0.6459578452826578 0
6958 -0.661500039781121 2.54305281209349 0
6959 2.009973467399756 2.29678685754567 0
6960 1.459969122681745 0.6508392220470371 0
6961 2.619530897514834 2.477641112474519 0
6962 -0.6609141002292686 0.6257608747883454 0
6963 -2.118714459962886 0.7052883450392509 0
6964 1.363223351443431 0.6493676081759032 0
6965 0.8459517531573105 1.139894487354158 0
6966 2.415049515003828 1.556492938558459 0
6967 -1.423801483160144 0.4638285056804119 0
6968 -0.2611484310321864 3.370321562378845 0
6969 1.86663858512287 0.4857264899952605 0
6970 -0.6315554514692795 2.306120667027181 0
6971 -1.085794014726716 2.717643439203501 0
6972 1.723574401111982 1.074807353230747 0
6973 -0.7639182322133686 2.867931584772292 0
6974 0.9257468624100161 2.169121925639569 0
6975 -2.043786498923906 1.185352665011191 0
6976 2.814192720017793 3.295777083715539 0
6977 -0.5353320052824913 2.745611298956304 0
6978 -1.176689019772438 2.742697899328178 0
6979 -1.147390575903517 0.5911551904841128 0
6980 0.2133034623502733 2.6520385573965 0
6981 1.275902178533704 0.6436473087111856 0
6982 -1.632828989135168 3.452721058182769 0
6983 1.344694249928397 2.757561062095511 0
6984 0.4152580611878046 0.1194749545630407 0
6985 1.060775619666193 3.39476980119433 0
6986 0.9583520194954744 0.4881973622515106 0
6987 0.2559821829762863 1.836221332801613 0
6988 -1.215433010757102 0.2140300944251516 0
6989 -2.043377372318189 2.162224137170115 0
6990 -0.5540753842340373 2.496574609618073 0
6991 0.9343243911323235 0.6089398857633137 0
6992 1.837653893227162 2.336119711026538 0
6993 -2.397981639398185 2.385983656024909 0
6994 0.7296852642143619 1.879785440211068 0
6995 -1.800169609659881 2.620371737367262 0
6996 -2.614292974064891 2.465334781385719 0
6997 2.556031748013948 2.061835311149003 0
6998 1.108087871685435 2.346950505329789 0
6999 -2.087048842898262 2.158639631185881 0
7000 1.836382846765167 0.8588211445634482 0
7001 0.3961471803246931 0.7941381131065137 0
7002 -1.758709560020725 0.8468304228273196 0
7003 2.251112648291381 2.776615081279044 0
7004 1.830870609988067 0.9233664408152626 0
7005 1.667230524857547 2.446155890044911 0
7006 -0.7063349947622716 2.928871310217676 0
7007 1.781748750519097 0.8186174250353249 0
7008 0.7286600603916815 2.405501179418609 0
7009 -0.9244214449496783 2.178551180579473 0
7010 0.5816518825107462 0.28144969795902 0
7011 1.011813453652041 1.078905015450532 0
7012 0.7432038793840454 0.4965349330054647 0
7013 -1.069627900112954 0.8055372599670869 0
7014 0.6878748642098688 0.2282028035281667 0
7015 0.1455845837609616 2.788575157838909 0
7016 -1.088433101678816 1.174038879497674 0
7017 1.924897707232523 2.367934154297213 0
7018 1.006774167570478 2.306623605609463 0
7019 0.701407413325057 0.1184859090236741 0
7020 -2.048488371268871 0.7428601695501129 0
7021 1.744320632293439 0.7460090536730761 0
7022 -1.88956192538023 2.723514013720127 0
7023 -0.777453483494229 0.1097678119580068 0
7024 2.295166403531465 1.136376518050118 0
7025 1.192373345535762 0.5723204402414632 0
7026 -2.104755894337148 2.492248911641277 0
7027 0.3041355722823542 1.83834239756027 0
7028 1.233139044682246 2.906963889082139 0
7029 1.798622950301177 0.8530071319645478 0
7030 -1.265755218793853 0.9821847854133939 0
7031 -1.481728111025674 0.6993874128998552 0
7032 -0.8690683382432303 2.076187858792272 0
7033 1.763747421589175 0.7825390055315919 0
7034 2.013249248445824 1.151048982803748 0
7035 1.414682430814969 0.6947555226228235 0
7036 -0.8617546433794864 0.5666798995765698 0
7037 2.509104310181304 1.889278663652932 0
7038 -0.6069944101602012 0.2544365747896766 0
7039 -1.568560557212521 3.451601013103573 0
7040 1.911912833715022 2.847854368159257 0
7041 -2.221352090886443 0.8881440555075795 0
7042 1.754678388025837 2.411775530843638 0
7043 1.007007864249561 2.935395892796164 0
7044 0.7886182919156209 1.776378873532286 0
7045 1.308718093048772 0.7784868668696721 0
7046 -2.124397847381092 2.158927637156163 0
7047 2.247243536813523 2.331582801545043 0
7048 -2.12441671146099 2.393355005655399 0
7049 -1.202009330565526 2.393225348827228 0
7050 -1.56950085238709 0.523976247300451 0
7051 -1.230319171674122 0.7559557262705379 0
7052 2.686325681010473 2.747888005099322 0
7053 -0.2648110609958512 1.698082852099187 0
7054 2.124894219613947 1.22787103221938 0
7055 0.2001654758516108 1.847464597141889 0
7056 1.826382989566927 0.9915715323862279 0
7057 0.7653305670025163 3.263553909954079 0
7058 0.868065784283484 1.107834282506826 0
7059 -0.6426917307642881 2.501929752037244 0
7060 -1.70384317091947 0.8230861908331191 0
7061 0.7612612295695751 2.547722720873024 0
7062 0.7766211770810539 0.448498614321273 0
7063 -1.726025745205017 0.7682312139803233 0
7064 2.206004167885252 1.658691339673938 0
7065 -1.051757294679831 3.032120060269245 0
7066 2.16342420068319 2.345125447413169 0
7067 1.961096816149941 0.4091982115116535 0
7068 0.8263714110359506 0.2306511895644974 0
7069 -2.215641628611934 2.77787491318686 0
7070 -1.776982402758761 0.8769937732972692 0
7071 -0.3807575750471122 1.309551576310994 0
7072 1.368070488538038 0.8138534919838827 0
7073 -1.377689292433557 0.4567203581140977 0
7074 1.464875687654583 0.8557554972959003 0
7075 -0.6167953504817867 2.974538519662635 0
7076 -2.513177004463327 1.894531899953564 0
7077 -2.455352366907682 2.103378295651404 0
7078 -1.589437844431365 1.078891436696538 0
7079 -1.002506365327715 2.953836202910728 0
7080 1.733921690523571 0.471296698495824 0
7081 -1.702527356360184 1.067396313608198 0
7082 0.5847369005893833 3.265932395427932 0
7083 0.912425471335081 0.5593624937485751 0
7084 1.423721561582274 0.8508394246272992 0
7085 1.524073291342422 0.3223229600938737 0
7086 1.837372901454275 1.16550662516727 0
7087 1.049769836410661 1.082131123121003 0
7088 1.103348434273316 1.158794040397526 0
7089 -0.3514924992172509 1.18764387240634 0
7090 -1.923817454841593 0.1263560992180519 0
7091 -0.9054097773573779 0.1185033512917857 0
7092 0.7091676840049291 2.956768815378436 0
7093 -2.315205360967283 1.715068807683801 0
7094 -1.380438160693096 2.877441936530302 0
7095 -0.7851327052519592 3.389697798592335 0
7096 1.14401246258775 3.274254800325337 0
7097 -2.192805234142304 0.9449658202979734 0
7098 -2.253402573773541 1.362922308566964 0
7099 0.3979357940052622 2.328399904020614 0
7100 -1.696905353795769 0.9615189257357823 0
7101 1.187871649891797 2.911781561120917 0
7102 1.820852829935891 1.059096954784482 0
7103 -1.225801281843979 2.931955620644105 0
7104 1.985998741253161 0.4494437103867999 0
7105 -2.108889124070548 2.359041012674026 0
7106 -0.6437330341013612 0.5728824562394681 0
7107 2.501433539311477 1.99956219883052 0
7108 -2.432428393500759 2.380447372751362 0
7109 0.2946189105071376 1.34539236619023 0
7110 -0.8649777676081063 2.140765170840705 0
7111 -1.52717369217823 1.038309767896611 0
7112 -2.748732949534811 2.76727612610183 0
7113 0.3430668956406692 0.1243852533283667 0
7114 -2.267817901349988 1.173834311554585 0
7115 2.194186863923412 1.029962277213657 0
7116 1.308639230662189 2.467307878642618 0
7117 -0.5834209476654829 2.92829871649534 0
7118 -2.670295314257043 2.686663089848689 0
7119 2.279495839482184 3.094020719069389 0
7120 -1.001237902569538 1.231216315452956 0
7121 0.2804175322325874 3.361927928315015 0
7122 -2.248104706302923 0.9750896920765095 0
7123 0.6146153585552101 0.9343913617356021 0
7124 -1.997025893170629 2.29934036765454 0
7125 -2.384306743470856 2.489919171431519 0
7126 0.6473672533006979 2.119448622055409 0
7127 -2.008898029602996 0.1720307469200559 0
7128 -0.4922353813549301 2.971052130470325 0
7129 1.38418610505884 2.754124103904852 0
7130 -1.026104829188276 3.255712733321205 0
7131 1.010850304846135 2.604248946593801 0
7132 0.2097230243661312 1.578107629612794 0
7133 1.407201238797367 1.037953368545935 0
7134 0.7191091493405634 1.102866283804131 0
7135 -1.898184283152581 1.199777323845309 0
7136 -1.677281738554314 0.1043270630408748 0
7137 -1.966292044773739 1.171187342350934 0
7138 0.8709823714221705 0.4665689581846053 0
7139 -0.6102548674611656 1.420809010814875 0
7140 0.3296542909771493 2.722335171719382 0
7141 -1.523236604289327 0.7473111688421612 0
7142 0.5161039900674026 0.2822396842048476 0
7143 1.958096784895904 0.5714727330341445 0
7144 -1.545450572134966 2.531422254822054 0
7145 -0.1448140867638771 0.8918637974475694 0
7146 -0.189073751749716 3.369043281629257 0
7147 0.7152964460566474 2.467553674107811 0
7148 -0.6285139866408671 2.463353676161715 0
7149 2.320258694931672 3.140813557018122 0
7150 0.6538904404899144 1.201642094009814 0
7151 2.424930675976903 2.23362060526143 0
7152 2.12857980799697 1.401320054403218 0
7153 -0.9936034030435433 2.246922243788517 0
7154 0.5738510692966469 2.58868094465647 0
7155 -2.434110507936137 2.483967227883772 0
7156 0.8013152797663121 3.326589933371889 0
7157 0.9862504086249997 3.393087246147378 0
7158 2.228601576069277 2.276902494998332 0
7159 0.9042928033911379 2.13106862497054 0
7160 -1.935624186410324 0.7252537431875457 0
7161 0.2643479799210434 0.1262936427148662 0
7162 -0.08737480827679103 0.1302239126172113 0
7163 -2.271250320943001 1.881970887996025 0
7164 2.207160076748402 1.749601036942206 0
7165 0.3640891240433837 1.695713443684608 0
7166 1.946099637886372 1.166181113830191 0
7167 0.9133251648361335 3.389232611656392 0
7168 1.999883801746923 0.5729258226630434 0
7169 1.514807613891718 3.004664846158977 0
7170 1.026972192397295 2.635033846172822 0
7171 -1.39091072434526 2.647586778004598 0
7172 1.233475275225399 0.6420517196847821 0
7173 1.203746594763067 1.028994787516368 0
7174 0.4218289209415148 2.858599535920759 0
7175 0.9647758808418028 2.604647119328615 0
7176 -1.7729136904314 0.6379984379493084 0
7177 -1.12126932823966 2.716612701826298 0
7178 2.333124338559199 1.389103618756966 0
7179 -1.329318222143094 2.925687167520005 0
7180 -0.4475172909581008 0.6054837811446703 0
7181 -2.246560537494741 1.085739682729473 0
7182 2.586261825550825 2.318794263619248 0
7183 -1.957213681271111 2.365869646041108 0
7184 2.317689563346032 1.644230353152641 0
7185 -0.4041809332759798 1.273201686097557 0
7186 -0.3673696289141816 1.794199347568951 0
7187 0.7263214756953658 0.9651243462294965 0
7188 -2.040057036073185 0.2958296576750752 0
7189 2.034334174774324 2.955512529448658 0
7190 -2.056038038250533 2.994217272720792 0
7191 0.9682806276541562 3.048824282523077 0
7192 -2.458729354751961 1.878223391259304 0
7193 0.1898554908963316 1.952989682590886 0
7194 1.916303642204346 0.8004643327738044 0
7195 2.056224713982566 0.5081017728645596 0
7196 -2.163632774039038 2.329115247757382 0
7197 -1.630474086896692 1.043279221470298 0
7198 2.321232218187403 2.486561313514091 0
7199 1.00747702200326 1.241246292395834 0
7200 -0.345671462261207 2.326028710187746 0
7201 -1.72587408273068 3.400124451029064 0
7202 0.4484192009017368 0.2874800823223393 0
7203 1.467748497594711 2.92652265897607 0
7204 1.550208927232059 0.2775548664629748 0
7205 1.92341097686143 0.3109003629879998 0
7206 -2.086613512072857 2.458376450877171 0
7207 1.8455421116815 0.4389972415006453 0
7208 -2.233047588080432 1.049767061661929 0
7209 -1.477007862395386 3.400198640914629 0
7210 2.07405095233634 0.5623334487481404 0
7211 -0.5699313176184817 1.101236214422734 0
7212 -1.630025000205131 0.7506167117741176 0
7213 2.204471059828499 2.340087581902402 0
7214 2.156718579171398 0.8246438061675714 0
7215 1.047771307249264 2.666165811544512 0
7216 1.217194290574876 0.5348894197640435 0
7217 1.157363463979983 2.994857351103363 0
7218 -1.670368865431413 0.7544725622871538 0
7219 -1.056755329454492 0.7714802487727583 0
7220 0.8035184374791615 2.014507311409139 0
7221 -2.261587707199932 1.015411898524389 0
7222 1.189621433262804 0.1003522438793789 0
7223 0.6800040876548017 3.00368218168956 0
7224 2.526872523633584 2.254340218418422 0
7225 0.7633765339969154 0.2996756500673539 0
7226 2.583493656760537 3.0183960678744 0
7227 -0.481987368078207 2.744295113504358 0
7228 2.492812823133631 1.815181054946618 0
7229 -0.3574917448014014 1.350752500690689 0
7230 -1.168416013326331 0.7853752045464046 0
7231 -2.737538416933617 2.939802375620257 0
7232 -1.428785718207316 2.647516242536475 0
7233 -0.5705844892205933 1.41881784142418 0
7234 0.7213150886265356 2.212839824158591 0
7235 -2.45691246399113 2.440767489600154 0
7236 2.211549936670341 0.8471391105193731 0
7237 1.247595356039797 0.8054456160737296 0
7238 1.47293490055065 3.400489492126047 0
7239 2.66408063865931 2.633606441735588 0
7240 0.3710145203779348 0.7457144329540573 0
7241 0.9887196658604909 2.981261462816465 0
7242 -0.854549525695152 1.459368879170241 0
7243 -1.962418459461332 0.2445870028239987 0
7244 0.9013471477061992 2.059195350782081 0
7245 -1.56508733922996 1.04178009292715 0
7246 -1.122628799734798 0.1004158691520232 0
7247 2.361360411300788 2.403641250045336 0
7248 0.6378446783956727 0.8865625667557937 0
7249 0.2514342430723461 2.928524676071635 0
7250 2.814191119648167 3.041744340721316 0
7251 -0.7599397100338807 1.726926495091977 0
7252 -0.7091178262827247 0.1055137780940156 0
7253 0.2355803368377438 1.446405778022386 0
7254 1.985961645088595 2.692979390875064 0
7255 -2.062454385520531 0.7795330746686902 0
7256 -2.528213970981916 2.269393027487906 0
7257 -2.212698716356993 1.174838578078726 0
7258 -0.4514563113286718 2.222058673418568 0
7259 1.08695008945877 2.664882121903659 0
7260 -2.496135241958219 2.09976886701051 0
7261 -0.2970790932309226 1.745701218815524 0
7262 0.4329018740852431 1.103329368060015 0
7263 0.1422564344827855 1.165334596071102 0
7264 -1.279108235611697 2.927605267249744 0
7265 1.200666691998693 2.433364135792051 0
7266 0.9395604097568073 1.305990499328091 0
7267 -1.025708828096868 2.993632576295432 0
7268 -2.058242734832422 0.3592222787217338 0
7269 0.848456935586018 2.047728692117424 0
7270 -0.923090222911211 3.397680206657602 0
7271 2.304265424459382 2.421118667445493 0
7272 2.841037655437871 3.370081780975784 0
7273 -1.853127719279679 0.4319724649506391 0
7274 0.2042627164461596 3.447920095253334 0
7275 -1.193528598661306 0.1618328086258369 0
7276 1.915470435868305 0.1062915880076918 0
7277 0.8276047092992488 1.70971586514922 0
7278 2.322213730150599 2.775399510567241 0
7279 2.427691081852415 1.589248519468312 0
7280 1.649063032693598 2.482313422007048 0
7281 -0.2350458971915967 2.045564548682123 0
7282 -1.412620168315999 3.39901033753836 0
7283 -2.541038053635705 2.165579682872427 0
7284 0.7398910555659337 2.506725369021267 0
7285 -0.8083026649230073 1.587675447007137 0
7286 0.3341911227472147 0.3537228484754507 0
7287 0.6645051570245958 0.840458065029049 0
7288 1.057763858974603 0.09909458735884469 0
7289 -2.220262814745455 3.395470958521529 0
7290 1.206596112935556 2.503831219774208 0
7291 -2.32517500859292 3.085373945767369 0
7292 -0.7726771016338984 1.899069858351432 0
7293 -0.08257473200276416 1.481027220793619 0
7294 0.4428736637468123 2.128364457518317 0
7295 2.270551631360148 1.168790522542711 0
7296 -2.261202846192369 1.396917336995613 0
7297 -1.578770554933834 0.7865638488613269 0
7298 0.6680219855886094 2.177634189113466 0
7299 -1.299172290163798 0.9842563902252464 0
7300 0.1859456013856628 1.545493537947873 0
7301 0.8821171280829019 2.108779894208339 0
7302 0.8943289202872237 0.8429883998650325 0
7303 -0.937017448961583 2.680065610351851 0
7304 1.12512287266534 0.09894096922227202 0
7305 1.127549654893945 2.663074248395271 0
7306 1.853744469135919 0.1024923314915234 0
7307 0.1100485951173198 2.14350405760202 0
7308 -1.791344205097512 3.398693977346031 0
7309 0.1342695131037777 2.837044792471777 0
7310 1.211872497310318 2.729430634656657 0
7311 0.1992157689553349 0.1369038978590873 0
7312 -0.2951316680110955 1.236464595470327 0
7313 -0.3806386595895505 1.232051084158791 0
7314 -2.182851985920405 2.298406800776218 0
7315 -0.9460426691282595 3.206293485004588 0
7316 0.5413319093707281 1.433596023731249 0
7317 0.6623573418013768 0.6232395650624145 0
7318 -2.205146861757171 1.650955915958351 0
7319 -1.264973704277354 0.4353433692139017 0
7320 1.763059204070455 0.4338392314214521 0
7321 -2.045792180057538 2.221543132186158 0
7322 -0.3664328128653982 2.369590139324137 0
7323 2.549954559727874 2.19292167219181 0
7324 -1.806373504817336 0.5838310084908696 0
7325 -0.7096568354156628 3.318045072907603 0
7326 0.464376671225355 2.165280603915193 0
7327 1.791935147429148 0.09836704906019622 0
7328 -1.299624518395045 3.460987455181682 0
7329 -0.5163743562452222 2.491243421935159 0
7330 0.3077526910008098 1.421191327803135 0
7331 -2.290503687237586 3.395811556744798 0
7332 0.9914774057408773 0.09846323485878683 0
7333 2.524223226325189 1.946165158412017 0
7334 -2.28560356446386 1.784940399742461 0
7335 -0.991615530536379 3.399708384704637 0
7336 1.262256182779927 2.500354779379937 0
7337 1.164033634081085 2.659260165824516 0
7338 -1.358289889323452 3.391719640639261 0
7339 2.070563639062001 1.216780443992447 0
7340 -2.389789126375855 1.84441681682868 0
7341 -0.4195164974330506 0.5553150529122566 0
7342 -1.118038732854771 2.389689033697916 0
7343 -1.366642647106274 1.054171351259268 0
7344 -1.744859274711175 0.9212818926951423 0
7345 -0.3475192526963325 2.242057750247958 0
7346 1.978400387817842 2.365884825876618 0
7347 -1.31763702946781 1.066484826792254 0
7348 -1.709307872762903 2.695764587325875 0
7349 2.213152296951141 2.219714108215014 0
7350 -0.7677887245217939 0.4645984461942239 0
7351 -2.852040585393032 3.441594306853768 0
7352 2.851805294090175 3.440739472195802 0
7353 0.743258769591657 2.180574967617773 0
7354 1.529661604091233 0.2328561256412376 0
7355 -1.6248495044501 0.1083120806766071 0
7356 -1.107916570755626 0.8115574032093424 0
7357 -1.252111699242605 3.081578242420726 0
7358 -0.1870274827285621 1.648190518797237 0
7359 -0.8748823222093698 1.423560867983786 0
7360 0.9195645373978057 2.611987973275545 0
7361 -1.552872917480992 0.7436321918173707 0
7362 0.335412152940604 2.911852855451031 0
7363 0.743061881557768 1.912154057210281 0
7364 -1.928876613455088 2.721791197007943 0
7365 -2.212651014793485 1.75618857856582 0
7366 -1.945791228492711 2.397124186008893 0
7367 0.2101944650806224 1.496909262011309 0
7368 -2.801258526522218 3.233438208270981 0
7369 -2.23709756206267 2.815371390138892 0
7370 -1.061735560241249 3.402786686240736 0
7371 1.096636989463128 3.052903136436641 0
7372 0.4270277659735834 0.338255011945032 0
7373 0.3332433737708393 1.734385078354302 0
7374 -1.877748663172253 2.501353497929754 0
7375 0.1066982827715994 1.233593971833213 0
7376 1.606486670309782 2.55849499842245 0
7377 2.408445927182003 1.648475768699833 0
7378 -1.198500015796312 3.405367328318282 0
7379 1.191030795056883 0.641081409078275 0
7380 1.7287620964282 0.0938073958080734 0
7381 -1.480392164657236 2.560241349553021 0
7382 -0.5275905205018754 1.415343293546192 0
7383 -1.847346525598679 3.39188095462287 0
7384 -0.3140172425026033 2.47073114019229 0
7385 -2.359053164330929 3.394614922228169 0
7386 1.634368698735756 2.514294766420563 0
7387 1.497366417923834 0.1544245321264528 0
7388 -2.257870206577168 1.120677744294595 0
7389 -0.5071601878273391 2.033550264184954 0
7390 -0.4678489842258757 2.538475055335938 0
7391 -0.6428983361446206 0.9284978661921404 0
7392 1.540115463985202 3.040143768799117 0
7393 -1.74011071148067 2.533948221135592 0
7394 -1.136414301046442 0.7792838797893138 0
7395 2.164384973281743 1.03182076509982 0
7396 0.7634895210691259 2.14670528089559 0
7397 -1.765619840025078 2.660004640928264 0
7398 -1.130645081840178 3.404499593608759 0
7399 -2.025264635690441 0.400253640752434 0
7400 -1.060450066001769 0.09772254286957316 0
7401 2.338077902948187 2.810073150939031 0
7402 -0.7380825588520575 0.5116392457904406 0
7403 -1.205615288308248 2.973684797692544 0
7404 -0.3970454961567843 2.522770816840976 0
7405 0.3852923228861631 2.021176055030208 0
7406 2.200126466979034 1.630255685623542 0
7407 -1.844057467780204 1.126365570039473 0
7408 1.936772164222453 0.7724011220458076 0
7409 2.60279672429398 2.40526834034191 0
7410 -0.1202339456700664 0.8402074055587132 0
7411 1.205910635710276 0.3140302540227737 0
7412 -1.328314529277428 0.4484423576690082 0
7413 -1.903212085901669 3.461813618413572 0
7414 -2.558236614723303 2.393390232102276 0
7415 -0.556301384233467 0.2562790200636242 0
7416 -1.446602443375245 2.564357768974996 0
7417 2.125582850416516 2.156716007150087 0
7418 -0.4809088018371194 1.986127965431094 0
7419 1.158674936790639 2.375391182875402 0
7420 -0.3443910090911841 2.404955523838354 0
7421 0.07069881738855137 0.1960478185838599 0
7422 -1.017060707873507 0.7653309172993668 0
7423 -0.4259469141512249 2.742588975712022 0
7424 -0.3882961056160961 1.816319808376078 0
7425 -1.61733963592415 2.528549347597932 0
7426 -1.143157225892084 2.748016696733767 0
7427 -1.888199698794813 0.3673259435576759 0
7428 0.8510909345914145 0.7948491191378579 0
7429 1.187446166476556 0.770125599822679 0
7430 -1.00532200209329 3.038420892869572 0
7431 0.00624045598511999 0.21080808402521 0
7432 2.62450763770198 3.065653786273047 0
7433 1.043253958544779 3.05607062695634 0
7434 0.7828155105737785 2.112712021018546 0
7435 -1.448278079360235 2.675982105163221 0
7436 -0.2261445434045844 1.69978255897167 0
7437 -2.421530580061755 3.390648474001257 0
7438 -0.6542594901301433 3.321146064404252 0
7439 -0.6595235494191586 2.297994282615334 0
7440 -2.65273439877301 2.580204758221051 0
7441 -0.7969162623727186 1.792122722288036 0
7442 -2.237915311104468 1.953447232408176 0
7443 0.7871280622172363 0.7965356474330643 0
7444 -2.358278526151554 3.137578982660628 0
7445 1.447461121115553 1.078307819236442 0
7446 -0.4110215011859004 2.919742372010341 0
7447 1.45695262491404 2.678772512967218 0
7448 -1.410656254281416 2.521600657620601 0
7449 -1.505321171923285 0.4804799155156956 0
7450 0.8546722534757812 0.4257166047034988 0
7451 0.9843633470002537 1.270391361144233 0
7452 -2.406636362753282 1.643274520444419 0
7453 -0.05864774292227984 1.43490808219469 0
7454 -2.061148617810452 0.4995423372649996 0
7455 0.8907154364343802 3.342436395106069 0
7456 1.311967862519693 0.9954397848512857 0
7457 2.22799678048936 0.8872710289673351 0
7458 1.210566981309253 0.8052602067159318 0
7459 -0.260925397856727 2.186882716255254 0
7460 -1.208741753773585 2.421734814711932 0
7461 0.4007077101793028 2.053059852020788 0
7462 -1.546909112459055 3.033854518127141 0
7463 -1.352010038321295 2.444793140513609 0
7464 1.562499919621348 2.522752178507522 0
7465 -0.2598575534284592 2.911681029766094 0
7466 0.1144903333056851 1.13160078821832 0
7467 -1.907244080678264 2.453672218863328 0
7468 0.440245427175513 2.057682435238278 0
7469 -1.788320419598056 2.897143782328012 0
7470 0.640450111303963 0.5757344418300099 0
7471 0.802161366880479 2.078729498718261 0
7472 0.05278098967734408 2.856155978564234 0
7473 -2.294636290354141 1.908215700373566 0
7474 1.41893081056929 3.396621523307148 0
7475 2.20168692725941 1.862280879270281 0
7476 2.68716029316739 3.064488492497606 0
7477 -2.318011253528287 2.542649486896023 0
7478 -0.990862314192301 3.078243852123971 0
7479 -1.688725685216104 2.434964084181042 0
7480 -1.375456278051757 2.525927600162778 0
7481 -1.239672784507373 2.40694370495856 0
7482 -1.573575148995157 2.450020782313717 0
7483 2.343783679778958 1.422251938360141 0
7484 2.390164142793261 2.137576581090667 0
7485 0.9365376661640532 0.5213661604265778 0
7486 2.446281276833246 1.765395444997253 0
7487 -0.5347337363622923 2.149980680680261 0
7488 0.7714204602290788 1.61396237107037 0
7489 -2.163489043834307 2.26567703019762 0
7490 1.189712201550404 2.693685604800859 0
7491 -1.495160747901254 3.034705267683201 0
7492 -1.389851196345935 3.035283921197195 0
7493 -2.042402380408394 0.4509881579934185 0
7494 -1.304272732193451 3.025363928540378 0
7495 -0.2009480893753029 1.986968202033859 0
7496 0.5254405142961636 1.46511815311054 0
7497 0.7032529147087943 2.573727054892546 0
7498 -2.04103253124689 3.462797602012709 0
7499 2.351011768740135 1.644802668771337 0
7500 -2.127088231746906 2.53985456503103 0
7501 0.3221791912463766 2.009559905861834 0
7502 -0.2470640682798137 1.178603074002671 0
7503 -0.9688625587221196 1.285912311525188 0
7504 -0.9701032798394963 2.21355326358435 0
7505 0.2790269954842705 2.72711844715562 0
7506 2.033533719632587 1.178547087931952 0
7507 -2.078030739566687 0.5449778691541116 0
7508 -1.331698605001665 2.564108654555679 0
7509 1.416510877239245 2.458553548901687 0
7510 1.120605736250339 3.325887881171582 0
7511 -1.564495195280873 0.03852317475197631 0
7512 1.413791594970062 2.74402195467676 0
7513 -1.973081689584251 3.392408446731102 0
7514 -0.03022188328245297 1.385797671002238 0
7515 0.1383381166886372 1.074471126343487 0
7516 -0.8022379720511 1.665544725953619 0
7517 -0.6531016912696486 2.438695956693292 0
7518 -0.3533564609071504 1.426128589263951 0
7519 -0.193455461493719 2.912384132857871 0
7520 0.710670104192164 0.9979053220880196 0
7521 0.1744953159493941 1.636425615257121 0
7522 2.246530254631876 2.256125696600205 0
7523 -0.6439596306458323 0.1064215539198254 0
7524 1.71915237693911 2.418955648306154 0
7525 2.147278731960568 0.9993493009468941 0
7526 0.5299718827665124 2.589450164162506 0
7527 -0.213576124196869 2.076385665602313 0
7528 -1.295541204785004 2.525083399051544 0
7529 -1.821607360859439 1.080378933159956 0
7530 2.14523390207447 1.25649711442277 0
7531 1.157091860538423 1.090009612041612 0
7532 -1.809557241773474 2.496641108626233 0
7533 1.749492319271757 2.7008253283236 0
7534 -1.441488106480894 3.035279882822635 0
7535 -1.824295407978124 2.650882975822496 0
7536 0.6972062418174851 1.09044011713686 0
7537 0.3859595065674664 2.359016308656892 0
7538 2.401254362661607 3.211620402461765 0
7539 1.18295850026288 3.024535671493669 0
7540 1.795488301270228 1.11217611773006 0
7541 1.420088324215842 0.123519213435952 0
7542 0.9304327614508108 0.09977458219470026 0
7543 1.798351014017702 2.700894089285842 0
7544 1.427247763147747 2.719494686677581 0
7545 -0.4831710348229938 1.413211762360193 0
7546 -0.3778709183699027 2.738076462286913 0
7547 1.51391745475266 2.642224220855514 0
7548 -0.3638165020187211 0.5519302617440915 0
7549 -0.9864963815402563 1.25904309278507 0
7550 -2.144888835984936 2.219018393224446 0
7551 0.8190557467250278 2.04663276093888 0
7552 2.021740335560932 2.689106846502854 0
7553 -0.4471500468930443 0.04141838973572609 0
7554 2.24395824273842 1.114219233299402 0
7555 0.9022811586258356 2.648127638766827 0
7556 1.020132315778984 2.276232397695821 0
7557 1.063862802173507 2.311666298135442 0
7558 0.7454580870697873 2.823848819320066 0
7559 -0.3589007416141894 1.765149930397061 0
7560 -1.25483769606776 0.3962689645440212 0
7561 0.361828852899404 0.637278191520056 0
7562 2.334929149644238 2.555406165442408 0
7563 -2.399722657958621 1.744447548613972 0
7564 1.507607339066177 2.527425855874045 0
7565 0.6705993758500653 1.140048088958892 0
7566 -1.24249326092208 3.392745786273765 0
7567 -1.210712616544112 0.5767401943656387 0
7568 2.368414815757522 3.13129869059062 0
7569 -1.482070085688143 2.674925402348927 0
7570 -0.8963179986455324 1.387436974547388 0
7571 2.372564038201078 3.273624913337737 0
7572 -2.542156147018024 2.004906356335535 0
7573 -0.7261647607112435 0.5510398814074393 0
7574 -2.530128984229366 2.094115207473658 0
7575 0.06329348815437769 1.230018615234432 0
7576 2.131712596257302 2.096636093035994 0
7577 1.956784087907621 1.137757037032698 0
7578 -1.746023748208057 2.89912665477588 0
7579 0.4858038293411319 2.196840114617613 0
7580 -2.164846604064605 1.382831760496292 0
7581 -0.4944637275273591 0.1141014984160162 0
7582 0.1112777581627926 1.042613442977863 0
7583 0.7492760478146571 1.060020832863976 0
7584 1.042074866480397 1.173050018830285 0
7585 -2.129663111784696 3.344586897936117 0
7586 2.405039216152194 1.617572929733146 0
7587 -0.5485947866491299 2.09240520553122 0
7588 -2.297427390279203 2.582006472803352 0
7589 -0.312816866313112 1.424628602623074 0
7590 -1.719260471673948 0.9129705516626851 0
7591 -1.203537662192284 0.7443429728632522 0
7592 -0.234405580347886 2.122616041433711 0
7593 0.6705800949810515 0.9502801420819238 0
7594 1.481437420224706 2.527000093036583 0
7595 -0.9165146260572599 1.357679828605437 0
7596 0.1984914839085058 2.691337431329832 0
7597 -0.8334093897026096 0.5116922280349392 0
7598 0.3224911154613675 0.3989951673915748 0
7599 -2.099475354160232 3.388968570067221 0
7600 0.7663924936744499 1.956856977408604 0
7601 -2.149804182403595 1.333270550437445 0
7602 2.535235966851879 2.08915767174757 0
7603 -1.672562162146396 2.529129388631985 0
7604 1.668086862740699 0.09436199621824404 0
7605 0.02666602094001765 1.284994573792724 0
7606 -1.832140023274013 2.893166121495451 0
7607 -1.535420494241991 2.705576395845939 0
7608 0.7764189539886897 1.466506712551573 0
7609 1.366994839838528 3.46121140353737 0
7610 0.46730852878994 1.500001735084668 0
7611 -0.002357995337190084 1.336110155901849 0
7612 -0.3340513842675836 2.202917533672496 0
7613 -1.344370687243701 3.031701166684603 0
7614 0.7773653258125998 0.8250312187622106 0
7615 2.748655972391567 3.389848581071529 0
7616 -0.6269637437484439 2.385529820843382 0
7617 -1.062352598227454 1.200032485140947 0
7618 0.1476937026357018 0.1232174975471745 0
7619 2.235885866520896 2.571036558563847 0
7620 -1.171839786456454 0.108716309041992 0
7621 -0.6807028118013757 2.344317010715988 0
7622 -0.9115027604465233 3.259209371326842 0
7623 -0.9090691616966922 2.677275668108236 0
7624 -0.7192521224677795 2.574466161183557 0
7625 -2.212887891526106 2.00165974102586 0
7626 -1.594979407102631 3.031694246356331 0
7627 -1.813380699428427 0.3357019124960683 0
7628 -2.310608313516222 1.415557587137072 0
7629 1.691220549668718 1.067023298775436 0
7630 0.2226236564767261 2.979160142248942 0
7631 1.813863003590286 2.880608798377104 0
7632 0.6345403354448309 2.824437366259917 0
7633 2.26048289475218 2.624110868929467 0
7634 -1.518704418121246 2.52600318323657 0
7635 -0.5741133922893338 0.8280805785438292 0
7636 2.343555511114488 3.3354006204382 0
7637 1.851840965434927 2.875055101740097 0
7638 2.726862283148877 3.113505342665888 0
7639 -0.4660065801387434 2.263070085059235 0
7640 -1.48484993078935 0.2617528180250164 0
7641 -2.022253246309706 2.267314814680331 0
7642 2.363752583585405 2.375055148417336 0
7643 0.1280282057507226 3.457680235022244 0
7644 1.936432426354686 1.196561732182839 0
7645 -0.3098729748714936 1.032792655816269 0
7646 -0.3254918699999625 2.920098918985584 0
7647 1.400721911131467 2.944164414229533 0
7648 -2.237719685477666 1.751159033296177 0
7649 0.9203398282586007 0.4765475432761286 0
7650 1.152247561250289 0.6418267856298208 0
7651 0.6279462455714439 2.137164791487933 0
7652 2.247018367488332 1.196200041676994 0
7653 -0.8344068825051032 2.605524872706734 0
7654 -1.79205630922719 0.5408869827685296 0
7655 -0.4515785721142074 1.60072706591566 0
7656 -2.391837599781247 3.189308692361191 0
$EndNodes
$Elements
15314
1 1 2 2 1 1 7
2 1 2 2 1 7 8
3 1 2 2 1 8 9
4 1 2 2 1 9 10
5 1 2 2 1 10 11
6 1 2 2 1 11 12
7 1 2 2 1 12 13
8 1 2 2 1 13 14
9 1 2 2 1 14 15
10 1 2 2 1 15 16
11 1 2 2 1 16 17
12 1 2 2 1 17 18
13 1 2 2 1 18 19
14 1 2 2 1 19 20
15 1 2 2 1 20 21
16 1 2 2 1 21 22
17 1 2 2 1 22 23
18 1 2 2 1 23 24
19 1 2 2 1 24 25
20 1 2 2 1 25 26
21 1 2 2 1 26 27
22 1 2 2 1 27 28
23 1 2 2 1 28 29
24 1 2 2 1 29 30
25 1 2 2 1 30 31
26 1 2 2 1 31 32
27 1 2 2 1 32 33
28 1 2 2 1 33 34
29 1 2 2 1 34 35
30 1 2 2 1 35 36
31 1 2 2 1 36 37
32 1 2 2 1 37 38
33 1 2 2 1 38 39
34 1 2 2 1 39 40
35 1 2 2 1 40 41
36 1 2 2 1 41 42
37 1 2 2 1 42 43
38 1 2 2 1 43 44
39 1 2 2 1 44 45
40 1 2 2 1 45 46
41 1 2 2 1 46 47
42 1 2 2 1 47 48
43 1 2 2 1 48 49
44 1 2 2 1 49 50
45 1 2 2 1 50 51
46 1 2 2 1 51 52
47 1 2 2 1 52 53
48 1 2 2 1 53 54
49 1 2 2 1 54 55
50 1 2 2 1 55 56
51 1 2 2 1 56 57
52 1 2 2 1 57 58
53 1 2 2 1 58 59
54 1 2 2 1 59 60
55 1 2 2 1 60 61
56 1 2 2 1 61 2
57 1 2 3 2 3 62
58 1 2 3 2 62 63
59 1 2 3 2 63 64
60 1 2 3 2 64 65
61 1 2 3 2 65 66
62 1 2 3 2 66 67
63 1 2 3 2 67 68
64 1 2 3 2 68 69
65 1 2 3 2 69 70
66 1 2 3 2 70 71
67 1 2 3 2 71 72
68 1 2 3 2 72 73
69 1 2 3 2 73 74
70 1 2 3 2 74 75
71 1 2 3 2 75 76
72 1 2 3 2 76 77
73 1 2 3 2 77 78
74 1 2 3 2 78 79
75 1 2 3 2 79 80
76 1 2 3 2 80 81
77 1 2 3 2 81 82
78 1 2 3 2 82 83
79 1 2 3 2 83 84
80 1 2 3 2 84 85
81 1 2 3 2 85 86
82 1 2 3 2 86 87
83 1 2 3 2 87 88
84 1 2 3 2 88 89
85 1 2 3 2 89 90
86 1 2 3 2 90 91
87 1 2 3 2 91 92
88 1 2 3 2 92 93
89 1 2 3 2 93 94
90 1 2 3 2 94 95
91 1 2 3 2 95 96
92 1 2 3 2 96 97
93 1 2 3 2 97 98
94 1 2 3 2 98 99
95 1 2 3 2 99 100
96 1 2 3 2 100 101
97 1 2 3 2 101 102
98 1 2 3 2 102 103
99 1 2 3 2 103 104
100 1 2 3 2 104 105
101 1 2 3 2 105 106
102 1 2 3 2 106 107
103 1 2 3 2 107 108
104 1 2 3 2 108 109
105 1 2 3 2 109 110
106 1 2 3 2 110 111
107 1 2 3 2 111 112
108 1 2 3 2 112 113
109 1 2 3 2 113 114
110 1 2 3 2 114 115
111 1 2 3 2 115 116
112 1 2 3 2 116 117
113 1 2 3 2 117 118
114 1 2 3 2 118 119
115 1 2 3 2 119 120
116 1 2 3 2 120 121
117 1 2 3 2 121 122
118 1 2 3 2 122 123
119 1 2 3 2 123 124
120 1 2 3 2 124 125
121 1 2 3 2 125 126
122 1 2 3 2 126 127
123 1 2 3 2 127 128
124 1 2 3 2 128 129
125 1 2 3 2 129 130
126 1 2 3 2 130 131
127 1 2 3 2 131 1
128 1 2 3 3 2 132
129 1 2 3 3 132 133
130 1 2 3 3 133 134
131 1 2 3 3 134 135
132 1 2 3 3 135 136
133 1 2 3 3 136 137
134 1 2 3 3 137 138
135 1 2 3 3 138 139
136 1 2 3 3 139 140
137 1 2 3 3 140 141
138 1 2 3 3 141 142
139 1 2 3 3 142 143
140 1 2 3 3 143 144
141 1 2 3 3 144 145
142 1 2 3 3 145 146
143 1 2 3 3 146 147
144 1 2 3 3 147 148
145 1 2 3 3 148 149
146 1 2 3 3 149 150
147 1 2 3 3 150 151
148 1 2 3 3 151 152
149 1 2 3 3 152 153
150 1 2 3 3 153 154
151 1 2 3 3 154 155
152 1 2 3 3 155 156
153 1 2 3 3 156 157
154 1 2 3 3 157 158
155 1 2 3 3 158 159
156 1 2 3 3 159 160
157 1 2 3 3 160 161
158 1 2 3 3 161 162
159 1 2 3 3 162 163
160 1 2 3 3 163 164
161 1 2 3 3 164 165
162 1 2 3 3 165 166
163 1 2 3 3 166 167
164 1 2 3 3 167 168
165 1 2 3 3 168 169
166 1 2 3 3 169 170
167 1 2 3 3 170 171
168 1 2 3 3 171 172
169 1 2 3 3 172 173
170 1 2 3 3 173 174
171 1 2 3 3 174 175
172 1 2 3 3 175 176
173 1 2 3 3 176 177
174 1 2 3 3 177 178
175 1 2 3 3 178 179
176 1 2 3 3 179 180
177 1 2 3 3 180 181
178 1 2 3 3 181 182
179 1 2 3 3 182 183
180 1 2 3 3 183 184
181 1 2 3 3 184 185
182 1 2 3 3 185 186
183 1 2 3 3 186 187
184 1 2 3 3 187 188
185 1 2 3 3 188 189
186 1 2 3 3 189 190
187 1 2 3 3 190 191
188 1 2 3 3 191 192
189 1 2 3 3 192 193
190 1 2 3 3 193 194
191 1 2 3 3 194 195
192 1 2 3 3 195 196
193 1 2 3 3 196 197
194 1 2 3 3 197 198
195 1 2 3 3 198 199
196 1 2 3 3 199 200
197 1 2 3 3 200 201
198 1 2 3 3 201 4
199 1 2 1 4 4 202
200 1 2 1 4 202 203
201 1 2 1 4 203 204
202 1 2 1 4 204 205
203 1 2 1 4 205 206
204 1 2 1 4 206 207
205 1 2 1 4 207 208
206 1 2 1 4 208 209
207 1 2 1 4 209 210
208 1 2 1 4 210 211
209 1 2 1 4 211 212
210 1 2 1 4 212 213
211 1 2 1 4 213 214
212 1 2 1 4 214 215
213 1 2 1 4 215 216
214 1 2 1 4 216 217
215 1 2 1 4 217 218
216 1 2 1 4 218 219
217 1 2 1 4 219 220
218 1 2 1 4 220 221
219 1 2 1 4 221 222
220 1 2 1 4 222 223
221 1 2 1 4 223 224
222 1 2 1 4 224 225
223 1 2 1 4 225 226
224 1 2 1 4 226 227
225 1 2 1 4 227 228
226 1 2 1 4 228 229
227 1 2 1 4 229 230
228 1 2 1 4 230 231
229 1 2 1 4 231 232
230 1 2 1 4 232 233
231 1 2 1 4 233 234
232 1 2 1 4 234 235
233 1 2 1 4 235 236
234 1 2 1 4 236 237
235 1 2 1 4 237 238
236 1 2 1 4 238 239
237 1 2 1 4 239 240
238 1 2 1 4 240 241
239 1 2 1 4 241 242
240 1 2 1 4 242 243
241 1 2 1 4 243 244
242 1 2 1 4 244 245
243 1 2 1 4 245 246
244 1 2 1 4 246 247
245 1 2 1 4 247 248
246 1 2 1 4 248 249
247 1 2 1 4 249 250
248 1 2 1 4 250 251
249 1 2 1 4 251 252
250 1 2 1 4 252 253
251 1 2 1 4 253 254
252 1 2 1 4 254 255
253 1 2 1 4 255 256
254 1 2 1 4 256 257
255 1 2 1 4 257 258
256 1 2 1 4 258 259
257 1 2 1 4 259 260
258 1 2 1 4 260 261
259 1 2 1 4 261 262
260 1 2 1 4 262 263
261 1 2 1 4 263 264
262 1 2 1 4 264 265
263 1 2 1 4 265 266
264 1 2 1 4 266 267
265 1 2 1 4 267 268
266 1 2 1 4 268 269
267 1 2 1 4 269 270
268 1 2 1 4 270 271
269 1 2 1 4 271 272
270 1 2 1 4 272 273
271 1 2 1 4 273 274
272 1 2 1 4 274 275
273 1 2 1 4 275 276
274 1 2 1 4 276 277
275 1 2 1 4 277 278
276 1 2 1 4 278 279
277 1 2 1 4 279 280
278 1 2 1 4 280 281
279 1 2 1 4 281 282
280 1 2 1 4 282 3
281 1 2 4 5 5 283
282 1 2 4 5 283 284
283 1 2 4 5 284 285
284 1 2 4 5 285 286
285 1 2 4 5 286 287
286 1 2 4 5 287 288
287 1 2 4 5 288 289
288 1 2 4 5 289 290
289 1 2 4 5 290 291
290 1 2 4 5 291 292
291 1 2 4 5 292 293
292 1 2 4 5 293 294
293 1 2 4 5 294 295
294 1 2 4 5 295 296
295 1 2 4 5 296 297
296 1 2 4 5 297 298
297 1 2 4 5 298 299
298 1 2 4 5 299 300
299 1 2 4 5 300 301
300 1 2 4 5 301 302
301 1 2 4 5 302 303
302 1 2 4 5 303 304
303 1 2 4 5 304 305
304 1 2 4 5 305 306
305 1 2 4 5 306 307
306 1 2 4 5 307 308
307 1 2 4 5 308 309
308 1 2 4 5 309 310
309 1 2 4 5 310 311
310 1 2 4 5 311 312
311 1 2 4 5 312 313
312 1 2 4 5 313 314
313 1 2 4 5 314 315
314 1 2 4 5 315 316
315 1 2 4 5 316 317
316 1 2 4 5 317 318
317 1 2 4 5 318 319
318 1 2 4 5 319 320
319 1 2 4 5 320 321
320 1 2 4 5 321 322
321 1 2 4 5 322 323
322 1 2 4 5 323 324
323 1 2 4 5 324 325
324 1 2 4 5 325 326
325 1 2 4 5 326 327
326 1 2 4 5 327 328
327 1 2 4 5 328 329
328 1 2 4 5 329 330
329 1 2 4 5 330 331
330 1 2 4 5 331 332
331 1 2 4 5 332 333
332 1 2 4 5 333 334
333 1 2 4 5 334 335
334 1 2 4 5 335 336
335 1 2 4 5 336 337
336 1 2 4 5 337 338
337 1 2 4 5 338 339
338 1 2 4 5 339 340
339 1 2 4 5 340 341
340 1 2 4 5 341 342
341 1 2 4 5 342 343
342 1 2 4 5 343 344
343 1 2 4 5 344 345
344 1 2 4 5 345 346
345 1 2 4 5 346 347
346 1 2 4 5 347 348
347 1 2 4 5 348 349
348 1 2 4 5 349 350
349 1 2 4 5 350 351
350 1 2 4 5 351 352
351 1 2 4 5 352 353
352 1 2 4 5 353 354
353 1 2 4 5 354 355
354 1 2 4 5 355 356
355 1 2 4 5 356 357
356 1 2 4 5 357 358
357 1 2 4 5 358 359
358 1 2 4 5 359 360
359 1 2 4 5 360 361
360 1 2 4 5 361 362
361 1 2 4 5 362 363
362 1 2 4 5 363 364
363 1 2 4 5 364 365
364 1 2 4 5 365 366
365 1 2 4 5 366 367
366 1 2 4 5 367 368
367 1 2 4 5 368 369
368 1 2 4 5 369 370
369 1 2 4 5 370 371
370 1 2 4 5 371 372
371 1 2 4 5 372 373
372 1 2 4 5 373 374
373 1 2 4 5 374 375
374 1 2 4 5 375 376
375 1 2 4 5 376 377
376 1 2 4 5 377 378
377 1 2 4 5 378 379
378 1 2 4 5 379 380
379 1 2 4 5 380 381
380 1 2 4 5 381 382
381 1 2 4 5 382 383
382 1 2 4 5 383 384
383 1 2 4 5 384 385
384 1 2 4 5 385 386
385 1 2 4 5 386 5
386 1 2 4 6 6 387
387 1 2 4 6 387 388
388 1 2 4 6 388 389
389 1 2 4 6 389 390
390 1 2 4 6 390 391
391 1 2 4 6 391 392
392 1 2 4 6 392 393
393 1 2 4 6 393 394
394 1 2 4 6 394 395
395 1 2 4 6 395 396
396 1 2 4 6 396 397
397 1 2 4 6 397 398
398 1 2 4 6 398 399
399 1 2 4 6 399 400
400 1 2 4 6 400 401
401 1 2 4 6 401 402
402 1 2 4 6 402 403
403 1 2 4 6 403 404
404 1 2 4 6 404 405
405 1 2 4 6 405 406
406 1 2 4 6 406 407
407 1 2 4 6 407 408
408 1 2 4 6 408 409
409 1 2 4 6 409 410
410 1 2 4 6 410 411
411 1 2 4 6 411 412
412 1 2 4 6 412 413
413 1 2 4 6 413 414
414 1 2 4 6 414 415
415 1 2 4 6 415 416
416 1 2 4 6 416 417
417 1 2 4 6 417 418
418 1 2 4 6 418 419
419 1 2 4 6 419 420
420 1 2 4 6 420 421
421 1 2 4 6 421 422
422 1 2 4 6 422 423
423 1 2 4 6 423 424
424 1 2 4 6 424 425
425 1 2 4 6 425 426
426 1 2 4 6 426 427
427 1 2 4 6 427 428
428 1 2 4 6 428 429
429 1 2 4 6 429 430
430 1 2 4 6 430 431
431 1 2 4 6 431 432
432 1 2 4 6 432 433
433 1 2 4 6 433 434
434 1 2 4 6 434 435
435 1 2 4 6 435 436
436 1 2 4 6 436 437
437 1 2 4 6 437 438
438 1 2 4 6 438 439
439 1 2 4 6 439 440
440 1 2 4 6 440 441
441 1 2 4 6 441 442
442 1 2 4 6 442 443
443 1 2 4 6 443 444
444 1 2 4 6 444 445
445 1 2 4 6 445 446
446 1 2 4 6 446 447
447 1 2 4 6 447 448
448 1 2 4 6 448 449
449 1 2 4 6 449 450
450 1 2 4 6 450 451
451 1 2 4 6 451 452
452 1 2 4 6 452 453
453 1 2 4 6 453 454
454 1 2 4 6 454 455
455 1 2 4 6 455 456
456 1 2 4 6 456 457
457 1 2 4 6 457 458
458 1 2 4 6 458 459
459 1 2 4 6 459 460
460 1 2 4 6 460 461
461 1 2 4 6 461 462
462 1 2 4 6 462 463
463 1 2 4 6 463 464
464 1 2 4 6 464 465
465 1 2 4 6 465 466
466 1 2 4 6 466 467
467 1 2 4 6 467 468
468 1 2 4 6 468 469
469 1 2 4 6 469 470
470 1 2 4 6 470 471
471 1 2 4 6 471 472
472 1 2 4 6 472 473
473 1 2 4 6 473 474
474 1 2 4 6 474 475
475 1 2 4 6 475 476
476 1 2 4 6 476 477
477 1 2 4 6 477 478
478 1 2 4 6 478 479
479 1 2 4 6 479 480
480 1 2 4 6 480 481
481 1 2 4 6 481 482
482 1 2 4 6 482 483
483 1 2 4 6 483 484
484 1 2 4 6 484 485
485 1 2 4 6 485 486
486 1 2 4 6 486 487
487 1 2 4 6 487 488
488 1 2 4 6 488 489
489 1 2 4 6 489 490
490 1 2 4 6 490 6
491 2 2 10 4 89 4427 88
492 2 2 10 4 4410 6753 3008
493 2 2 10 4 4855 6859 3688
494 2 2 10 4 487 4556 488
495 2 2 10 4 514 4319 4318
496 2 2 10 4 5398 6341 4017
497 2 2 10 4 1191 6839 1193
498 2 2 10 4 4931 4935 1670
499 2 2 10 4 1677 4570 4369
500 2 2 10 4 4391 5648 3688
501 2 2 10 4 5192 6193 4347
502 2 2 10 4 5628 7298 1960
503 2 2 10 4 2523 7404 4219
504 2 2 10 4 3686 5027 3682
505 2 2 10 4 4991 7447 2428
506 2 2 10 4 3545 7100 3546
507 2 2 10 4 4850 5125 963
508 2 2 10 4 3288 6411 4078
509 2 2 10 4 3282 5270 4847
510 2 2 10 4 88 4427 586
511 2 2 10 4 4814 6178 3266
512 2 2 10 4 5777 6873 596
513 2 2 10 4 4659 4816 3185
514 2 2 10 4 2428 4994 4991
515 2 2 10 4 5794 6221 5793
516 2 2 10 4 3034 6024 4739
517 2 2 10 4 3330 6836 5230
518 2 2 10 4 4118 7298 5628
519 2 2 10 4 2136 6268 4346
520 2 2 10 4 2066 6527 1523
521 2 2 10 4 1112 7062 1114
522 2 2 10 4 2741 6045 5626
523 2 2 10 4 623 4253 4249
524 2 2 10 4 4247 6779 6180
525 2 2 10 4 6046 6156 4565
526 2 2 10 4 4713 7183 4720
527 2 2 10 4 579 4519 4518
528 2 2 10 4 161 5701 608
529 2 2 10 4 4235 4857 1178
530 2 2 10 4 5486 6153 561
531 2 2 10 4 961 5582 971
532 2 2 10 4 5433 5548 2903
533 2 2 10 4 2903 6310 5433
534 2 2 10 4 2522 4855 3688
535 2 2 10 4 3338 6512 4852
536 2 2 10 4 3888 6269 3569
537 2 2 10 4 2381 5661 2566
538 2 2 10 4 4067 6153 5486
539 2 2 10 4 6552 6960 5280
540 2 2 10 4 4726 4801 4799
541 2 2 10 4 1193 6839 4528
542 2 2 10 4 4173 6999 6989
543 2 2 10 4 4219 4836 2523
544 2 2 10 4 1985 4762 2470
545 2 2 10 4 4218 4527 3334
546 2 2 10 4 2269 5400 2267
547 2 2 10 4 999 5243 5140
548 2 2 10 4 1985 7528 4762
549 2 2 10 4 4986 6512 3338
550 2 2 10 4 6046 6411 3288
551 2 2 10 4 4998 7150 1897
552 2 2 10 4 1670 7389 4931
553 2 2 10 4 6989 6999 557
554 2 2 10 4 1592 6851 1590
555 2 2 10 4 6314 6422 3620
556 2 2 10 4 4892 6392 2176
557 2 2 10 4 5077 6122 2126
558 2 2 10 4 762 5412 4129
559 2 2 10 4 5230 6836 4031
560 2 2 10 4 4894 6392 4892
561 2 2 10 4 4597 7062 1112
562 2 2 10 4 4534 4842 2652
563 2 2 10 4 5943 5959 5657
564 2 2 10 4 5326 7109 3175
565 2 2 10 4 5081 7109 5326
566 2 2 10 4 4376 5809 615
567 2 2 10 4 4739 6804 3034
568 2 2 10 4 6269 6693 3569
569 2 2 10 4 2126 6123 5077
570 2 2 10 4 4510 4512 678
571 2 2 10 4 4129 6409 762
572 2 2 10 4 1140 6501 5519
573 2 2 10 4 5550 6095 1876
574 2 2 10 4 998 5282 5248
575 2 2 10 4 5410 6421 6206
576 2 2 10 4 2826 6334 4306
577 2 2 10 4 4261 7055 4071
578 2 2 10 4 4847 5270 4500
579 2 2 10 4 6536 6551 3507
580 2 2 10 4 6206 6421 2410
581 2 2 10 4 489 4615 490
582 2 2 10 4 4098 6873 5777
583 2 2 10 4 3264 6482 6180
584 2 2 10 4 2051 6221 5794
585 2 2 10 4 524 4476 4350
586 2 2 10 4 1897 6256 4998
587 2 2 10 4 3384 5313 4877
588 2 2 10 4 539 6341 5398
589 2 2 10 4 4762 4763 2470
590 2 2 10 4 2122 6421 5410
591 2 2 10 4 5248 5282 5249
592 2 2 10 4 3260 6482 3264
593 2 2 10 4 6115 6753 4410
594 2 2 10 4 1067 4395 1052
595 2 2 10 4 1677 4571 4570
596 2 2 10 4 510 5930 4368
597 2 2 10 4 3334 4561 4218
598 2 2 10 4 6893 7055 4261
599 2 2 10 4 1178 4598 4235
600 2 2 10 4 4373 6225 4372
601 2 2 10 4 4346 6429 2136
602 2 2 10 4 3488 5159 5157
603 2 2 10 4 579 4518 4517
604 2 2 10 4 599 5981 4303
605 2 2 10 4 3244 4475 3405
606 2 2 10 4 6216 6573 4090
607 2 2 10 4 4720 5485 4713
608 2 2 10 4 1037 5935 1039
609 2 2 10 4 3507 6551 4248
610 2 2 10 4 4372 6225 1680
611 2 2 10 4 4747 5704 3583
612 2 2 10 4 3349 5627 4488
613 2 2 10 4 4299 4727 501
614 2 2 10 4 5750 6012 5003
615 2 2 10 4 5315 7373 3568
616 2 2 10 4 4508 7472 1352
617 2 2 10 4 1674 5200 4932
618 2 2 10 4 5079 6757 1457
619 2 2 10 4 2522 4856 4855
620 2 2 10 4 4534 7562 4842
621 2 2 10 4 4090 6573 3776
622 2 2 10 4 5254 6832 5593
623 2 2 10 4 4249 4587 623
624 2 2 10 4 5410 6422 2122
625 2 2 10 4 4541 6095 5550
626 2 2 10 4 4816 6884 3185
627 2 2 10 4 2707 6231 4520
628 2 2 10 4 4306 6345 2826
629 2 2 10 4 2410 6700 6206
630 2 2 10 4 4360 5931 1536
631 2 2 10 4 4726 6907 4801
632 2 2 10 4 1457 6470 5079
633 2 2 10 4 5020 5021 2905
634 2 2 10 4 3536 6075 5338
635 2 2 10 4 5124 7189 5419
636 2 2 10 4 1590 6851 4614
637 2 2 10 4 3367 5261 5186
638 2 2 10 4 4175 7349 3126
639 2 2 10 4 552 4460 4457
640 2 2 10 4 3550 6212 4782
641 2 2 10 4 6667 6825 3756
642 2 2 10 4 3126 6081 4175
643 2 2 10 4 3546 7100 5790
644 2 2 10 4 3198 7124 4722
645 2 2 10 4 5419 6222 5124
646 2 2 10 4 6180 6779 3264
647 2 2 10 4 5097 6658 5306
648 2 2 10 4 5706 6437 6103
649 2 2 10 4 1062 5935 5437
650 2 2 10 4 5734 7093 3801
651 2 2 10 4 6081 6467 4175
652 2 2 10 4 1351 4508 1352
653 2 2 10 4 3801 6654 5734
654 2 2 10 4 4268 6467 6081
655 2 2 10 4 4512 5025 678
656 2 2 10 4 581 4397 4396
657 2 2 10 4 4850 6196 4851
658 2 2 10 4 5519 6501 4130
659 2 2 10 4 4457 4459 552
660 2 2 10 4 4763 5589 2470
661 2 2 10 4 4099 6825 6667
662 2 2 10 4 4974 6344 5060
663 2 2 10 4 4924 6831 2569
664 2 2 10 4 4827 4868 3345
665 2 2 10 4 5560 6238 4865
666 2 2 10 4 3139 7006 4389
667 2 2 10 4 4344 4475 3244
668 2 2 10 4 4845 7550 2668
669 2 2 10 4 1536 6201 4360
670 2 2 10 4 5119 7040 5120
671 2 2 10 4 2522 4950 4856
672 2 2 10 4 3363 7006 3138
673 2 2 10 4 2169 6347 4462
674 2 2 10 4 3191 5572 5193
675 2 2 10 4 2886 7653 4827
676 2 2 10 4 4638 4664 4640
677 2 2 10 4 5220 5315 3568
678 2 2 10 4 650 4318 4316
679 2 2 10 4 6429 6457 2136
680 2 2 10 4 1228 6238 5560
681 2 2 10 4 6206 6700 6128
682 2 2 10 4 5790 6145 3546
683 2 2 10 4 3753 5026 3643
684 2 2 10 4 2777 7392 5951
685 2 2 10 4 2972 5107 4993
686 2 2 10 4 628 4664 4638
687 2 2 10 4 4799 4823 4726
688 2 2 10 4 2134 6960 6552
689 2 2 10 4 5243 7607 5140
690 2 2 10 4 4128 7210 4309
691 2 2 10 4 4074 6145 5790
692 2 2 10 4 4955 6692 4959
693 2 2 10 4 5157 5435 3488
694 2 2 10 4 4806 5870 3740
695 2 2 10 4 6039 6557 4604
696 2 2 10 4 615 5809 4811
697 2 2 10 4 5264 6094 1770
698 2 2 10 4 4558 6527 2066
699 2 2 10 4 4622 6529 2579
700 2 2 10 4 5076 6123 4021
701 2 2 10 4 5437 7408 1062
702 2 2 10 4 4329 6866 549
703 2 2 10 4 5060 6344 2168
704 2 2 10 4 4493 6320 5334
705 2 2 10 4 1493 6510 5096
706 2 2 10 4 963 6196 4850
707 2 2 10 4 202 697 201
708 2 2 10 4 62 698 282
709 2 2 10 4 4301 4727 4299
710 2 2 10 4 3345 4868 4227
711 2 2 10 4 3716 6012 5750
712 2 2 10 4 3288 6156 6046
713 2 2 10 4 2886 4827 3345
714 2 2 10 4 5626 7211 2741
715 2 2 10 4 5381 6796 689
716 2 2 10 4 2022 4395 1067
717 2 2 10 4 4462 6040 2169
718 2 2 10 4 5556 6638 6629
719 2 2 10 4 1351 4604 4265
720 2 2 10 4 2341 4902 4901
721 2 2 10 4 1887 5527 1889
722 2 2 10 4 2147 6320 4493
723 2 2 10 4 2085 6193 5192
724 2 2 10 4 6013 6235 537
725 2 2 10 4 2777 5951 2775
726 2 2 10 4 4216 7130 6108
727 2 2 10 4 3508 4587 4343
728 2 2 10 4 4413 4867 3320
729 2 2 10 4 3119 4845 2668
730 2 2 10 4 3688 4410 4391
731 2 2 10 4 5186 7521 3367
732 2 2 10 4 2174 7501 6075
733 2 2 10 4 4244 6243 2804
734 2 2 10 4 5433 6310 5432
735 2 2 10 4 4901 6350 2341
736 2 2 10 4 3583 6553 4747
737 2 2 10 4 1138 5651 1139
738 2 2 10 4 3741 7266 6570
739 2 2 10 4 3717 6167 3716
740 2 2 10 4 5352 6353 4375
741 2 2 10 4 3716 6167 6012
742 2 2 10 4 4417 6457 6429
743 2 2 10 4 4333 6545 6117
744 2 2 10 4 4722 6488 3198
745 2 2 10 4 4872 5087 1005
746 2 2 10 4 6310 6640 5432
747 2 2 10 4 162 5701 161
748 2 2 10 4 550 6642 53
749 2 2 10 4 4738 4740 3381
750 2 2 10 4 4506 6656 4058
751 2 2 10 4 3488 5937 5159
752 2 2 10 4 2804 6454 4244
753 2 2 10 4 4940 5100 1866
754 2 2 10 4 739 4582 741
755 2 2 10 4 2401 6285 4312
756 2 2 10 4 3673 6113 3004
757 2 2 10 4 6570 7266 4663
758 2 2 10 4 6629 6638 851
759 2 2 10 4 4744 5152 2673
760 2 2 10 4 5527 7565 1889
761 2 2 10 4 4143 5517 3691
762 2 2 10 4 3990 5543 3304
763 2 2 10 4 3682 5027 3681
764 2 2 10 4 4923 6831 4924
765 2 2 10 4 6108 7130 2400
766 2 2 10 4 1530 4475 4344
767 2 2 10 4 4143 6812 5517
768 2 2 10 4 4226 6191 5276
769 2 2 10 4 3834 4826 4501
770 2 2 10 4 5300 6403 4554
771 2 2 10 4 4782 5728 3550
772 2 2 10 4 4318 6905 514
773 2 2 10 4 5657 5959 5654
774 2 2 10 4 880 6403 5300
775 2 2 10 4 3703 6459 4591
776 2 2 10 4 4250 5324 561
777 2 2 10 4 4487 6642 550
778 2 2 10 4 4180 6270 680
779 2 2 10 4 6345 6351 2826
780 2 2 10 4 4247 7653 2886
781 2 2 10 4 5159 5937 1663
782 2 2 10 4 4953 4960 4933
783 2 2 10 4 1990 4388 4061
784 2 2 10 4 1451 7040 5119
785 2 2 10 4 4851 6196 2103
786 2 2 10 4 4873 5087 4872
787 2 2 10 4 956 6876 6704
788 2 2 10 4 3813 4820 3811
789 2 2 10 4 625 4368 4367
790 2 2 10 4 5100 7610 1867
791 2 2 10 4 4240 6235 6013
792 2 2 10 4 680 6517 4180
793 2 2 10 4 4877 7495 3384
794 2 2 10 4 3214 7459 4883
795 2 2 10 4 5140 5320 999
796 2 2 10 4 488 4556 617
797 2 2 10 4 5306 6658 2996
798 2 2 10 4 5200 6234 4954
799 2 2 10 4 2148 6656 4506
800 2 2 10 4 4259 4504 2010
801 2 2 10 4 3514 5648 4391
802 2 2 10 4 4265 4508 1351
803 2 2 10 4 4388 4389 4061
804 2 2 10 4 1687 4593 1645
805 2 2 10 4 4932 7418 1674
806 2 2 10 4 5239 7111 6878
807 2 2 10 4 3588 5934 4492
808 2 2 10 4 659 7146 6667
809 2 2 10 4 6840 7021 4314
810 2 2 10 4 1633 4589 1631
811 2 2 10 4 1534 6114 1441
812 2 2 10 4 643 7153 4816
813 2 2 10 4 4959 6692 1681
814 2 2 10 4 3369 7262 6485
815 2 2 10 4 413 4676 414
816 2 2 10 4 3816 4404 4349
817 2 2 10 4 4310 7235 3790
818 2 2 10 4 3722 7106 5269
819 2 2 10 4 515 4353 4351
820 2 2 10 4 487 4557 4556
821 2 2 10 4 1770 7350 5264
822 2 2 10 4 2174 6075 3536
823 2 2 10 4 4389 7006 4061
824 2 2 10 4 4124 6796 5381
825 2 2 10 4 4021 6888 5076
826 2 2 10 4 561 6153 4250
827 2 2 10 4 3698 5280 4297
828 2 2 10 4 674 5351 4416
829 2 2 10 4 1958 7262 3369
830 2 2 10 4 3425 5751 3680
831 2 2 10 4 3802 6769 6654
832 2 2 10 4 2010 5029 4259
833 2 2 10 4 4307 4341 504
834 2 2 10 4 1635 4588 1633
835 2 2 10 4 5507 6793 4117
836 2 2 10 4 4483 6351 6345
837 2 2 10 4 6117 6545 4352
838 2 2 10 4 6201 6487 4360
839 2 2 10 4 5128 6246 5009
840 2 2 10 4 959 6392 4894
841 2 2 10 4 4169 6670 1359
842 2 2 10 4 622 6609 4546
843 2 2 10 4 4368 6992 510
844 2 2 10 4 5568 6225 4373
845 2 2 10 4 6704 6876 4925
846 2 2 10 4 3996 6278 4857
847 2 2 10 4 5393 6419 2844
848 2 2 10 4 6517 6624 4180
849 2 2 10 4 4297 5279 3698
850 2 2 10 4 5170 6178 4814
851 2 2 10 4 4370 4593 1687
852 2 2 10 4 4894 4896 959
853 2 2 10 4 4316 4526 650
854 2 2 10 4 4690 4725 4724
855 2 2 10 4 2719 6045 2111
856 2 2 10 4 581 4398 4397
857 2 2 10 4 4025 6554 6243
858 2 2 10 4 4865 6238 2135
859 2 2 10 4 2066 5831 4558
860 2 2 10 4 4312 6649 2401
861 2 2 10 4 3790 7108 4310
862 2 2 10 4 5338 6772 3536
863 2 2 10 4 5021 5022 2905
864 2 2 10 4 1866 5100 1867
865 2 2 10 4 4028 4600 4341
866 2 2 10 4 2805 5986 4306
867 2 2 10 4 4174 5545 691
868 2 2 10 4 1631 4589 1637
869 2 2 10 4 3306 5164 5162
870 2 2 10 4 6667 7146 4099
871 2 2 10 4 999 5320 918
872 2 2 10 4 4359 4395 2022
873 2 2 10 4 1535 7021 6840
874 2 2 10 4 1897 6575 6256
875 2 2 10 4 1365 7174 6853
876 2 2 10 4 5627 6045 4488
877 2 2 10 4 4546 7120 622
878 2 2 10 4 6011 7090 6716
879 2 2 10 4 5096 6510 3689
880 2 2 10 4 528 4755 4753
881 2 2 10 4 520 4704 4702
882 2 2 10 4 6758 6852 2651
883 2 2 10 4 4663 6619 3754
884 2 2 10 4 5239 6240 646
885 2 2 10 4 5375 6564 3914
886 2 2 10 4 2976 4828 3273
887 2 2 10 4 4257 7063 5214
888 2 2 10 4 527 4667 4489
889 2 2 10 4 4488 6160 3349
890 2 2 10 4 5392 6419 5393
891 2 2 10 4 4056 6404 5005
892 2 2 10 4 545 6624 6517
893 2 2 10 4 4591 6459 1817
894 2 2 10 4 2775 6942 2773
895 2 2 10 4 4371 4829 3273
896 2 2 10 4 2937 6724 5600
897 2 2 10 4 6256 6575 4039
898 2 2 10 4 225 5987 224
899 2 2 10 4 2381 5662 5661
900 2 2 10 4 4657 4658 3339
901 2 2 10 4 3273 4828 4371
902 2 2 10 4 680 6270 4240
903 2 2 10 4 5400 7547 2267
904 2 2 10 4 5468 6545 4332
905 2 2 10 4 1988 5435 5158
906 2 2 10 4 4342 6413 1317
907 2 2 10 4 4309 7210 5472
908 2 2 10 4 4506 6629 851
909 2 2 10 4 3512 7354 6369
910 2 2 10 4 3712 6438 6252
911 2 2 10 4 7053 7261 6186
912 2 2 10 4 4349 4476 3816
913 2 2 10 4 4974 4975 1450
914 2 2 10 4 620 6610 5312
915 2 2 10 4 4353 6710 6245
916 2 2 10 4 617 4615 489
917 2 2 10 4 2223 5247 2225
918 2 2 10 4 6589 6806 4536
919 2 2 10 4 1645 4593 1643
920 2 2 10 4 3816 6600 4404
921 2 2 10 4 5985 6931 3235
922 2 2 10 4 5048 6947 1460
923 2 2 10 4 6551 7151 4248
924 2 2 10 4 3560 6632 5449
925 2 2 10 4 1354 5298 1353
926 2 2 10 4 6243 6554 2804
927 2 2 10 4 5026 5027 3686
928 2 2 10 4 4360 6487 4395
929 2 2 10 4 6607 6939 221
930 2 2 10 4 5087 5088 5086
931 2 2 10 4 4312 6891 6649
932 2 2 10 4 5312 6610 4112
933 2 2 10 4 4404 6171 5931
934 2 2 10 4 3397 7151 6551
935 2 2 10 4 1460 6808 5048
936 2 2 10 4 624 7088 6576
937 2 2 10 4 4933 5200 4953
938 2 2 10 4 4588 4589 1633
939 2 2 10 4 4240 6013 680
940 2 2 10 4 3668 6046 4565
941 2 2 10 4 5276 6538 4226
942 2 2 10 4 5593 6832 3607
943 2 2 10 4 5362 5394 5393
944 2 2 10 4 4615 6546 490
945 2 2 10 4 4315 5351 537
946 2 2 10 4 2122 6422 6314
947 2 2 10 4 4341 5563 4028
948 2 2 10 4 5110 5111 1483
949 2 2 10 4 6369 7387 3512
950 2 2 10 4 4416 6353 5352
951 2 2 10 4 4816 7153 4238
952 2 2 10 4 3435 5589 4765
953 2 2 10 4 6878 7111 3946
954 2 2 10 4 3715 4864 4863
955 2 2 10 4 4902 6335 4906
956 2 2 10 4 514 4320 4319
957 2 2 10 4 6193 7633 4347
958 2 2 10 4 2112 6567 6491
959 2 2 10 4 5214 7218 4257
960 2 2 10 4 4064 5530 4396
961 2 2 10 4 4779 5217 4620
962 2 2 10 4 1359 7015 4169
963 2 2 10 4 4904 6400 4896
964 2 2 10 4 3248 5563 4828
965 2 2 10 4 6491 6567 4202
966 2 2 10 4 851 6767 4506
967 2 2 10 4 564 6586 4501
968 2 2 10 4 5946 6907 4726
969 2 2 10 4 5931 6171 1536
970 2 2 10 4 4558 5831 4559
971 2 2 10 4 4676 4679 414
972 2 2 10 4 6404 7228 5005
973 2 2 10 4 5269 7106 4108
974 2 2 10 4 6440 6833 6237
975 2 2 10 4 1990 4867 4413
976 2 2 10 4 6454 6483 4244
977 2 2 10 4 4820 6528 3811
978 2 2 10 4 4569 4573 2887
979 2 2 10 4 5103 5996 3810
980 2 2 10 4 4947 7373 5315
981 2 2 10 4 6216 6762 397
982 2 2 10 4 3823 6751 3824
983 2 2 10 4 2021 6135 4346
984 2 2 10 4 4691 6474 3311
985 2 2 10 4 4843 6751 3823
986 2 2 10 4 4857 6278 4858
987 2 2 10 4 671 6545 5468
988 2 2 10 4 7157 7167 3923
989 2 2 10 4 3590 4505 3589
990 2 2 10 4 4621 6529 4622
991 2 2 10 4 4826 7086 4501
992 2 2 10 4 4309 7168 4128
993 2 2 10 4 3823 6824 4843
994 2 2 10 4 4344 4530 1530
995 2 2 10 4 2135 6438 4865
996 2 2 10 4 6040 6516 2169
997 2 2 10 4 4286 6069 3309
998 2 2 10 4 1687 4594 4370
999 2 2 10 4 2833 6383 6222
1000 2 2 10 4 4520 6155 2707
1001 2 2 10 4 6751 6833 3824
1002 2 2 10 4 1450 6344 4974
1003 2 2 10 4 4327 6622 4326
1004 2 2 10 4 4944 4949 1898
1005 2 2 10 4 741 4582 978
1006 2 2 10 4 6718 6990 4141
1007 2 2 10 4 4535 7562 4534
1008 2 2 10 4 660 6475 5473
1009 2 2 10 4 504 4964 4307
1010 2 2 10 4 1353 5298 4829
1011 2 2 10 4 6853 7174 5066
1012 2 2 10 4 4356 4598 1546
1013 2 2 10 4 2469 7299 6622
1014 2 2 10 4 2666 7003 4151
1015 2 2 10 4 5283 6953 2403
1016 2 2 10 4 1990 4413 4388
1017 2 2 10 4 4350 7112 524
1018 2 2 10 4 5456 6323 4463
1019 2 2 10 4 1546 4599 4356
1020 2 2 10 4 5088 7026 5086
1021 2 2 10 4 2905 5023 5020
1022 2 2 10 4 1471 5311 4424
1023 2 2 10 4 6222 6383 5124
1024 2 2 10 4 4610 6979 5098
1025 2 2 10 4 4384 6567 2112
1026 2 2 10 4 4940 6525 4941
1027 2 2 10 4 670 5394 5361
1028 2 2 10 4 4620 5216 4779
1029 2 2 10 4 3846 7160 6802
1030 2 2 10 4 3845 4812 4579
1031 2 2 10 4 6525 6794 4941
1032 2 2 10 4 6802 7160 4228
1033 2 2 10 4 4327 6924 6622
1034 2 2 10 4 4843 6556 2430
1035 2 2 10 4 2668 7550 2669
1036 2 2 10 4 3753 5027 5026
1037 2 2 10 4 963 5582 961
1038 2 2 10 4 5245 5246 2550
1039 2 2 10 4 4942 4946 4945
1040 2 2 10 4 4219 7404 4220
1041 2 2 10 4 6766 6840 3918
1042 2 2 10 4 4730 5292 3505
1043 2 2 10 4 4962 6305 1494
1044 2 2 10 4 4244 6483 5212
1045 2 2 10 4 4416 5351 4315
1046 2 2 10 4 4883 7459 4881
1047 2 2 10 4 620 5647 4414
1048 2 2 10 4 4824 5220 3568
1049 2 2 10 4 4028 5563 3248
1050 2 2 10 4 2341 6335 4902
1051 2 2 10 4 1039 5935 1062
1052 2 2 10 4 3873 6305 4962
1053 2 2 10 4 5162 6005 3306
1054 2 2 10 4 4158 6939 6607
1055 2 2 10 4 3029 5594 2432
1056 2 2 10 4 3248 4828 2976
1057 2 2 10 4 4150 6931 5985
1058 2 2 10 4 5259 6120 3530
1059 2 2 10 4 4492 5934 1072
1060 2 2 10 4 1943 7011 6937
1061 2 2 10 4 6103 6437 5657
1062 2 2 10 4 4716 6601 4718
1063 2 2 10 4 4979 6313 4975
1064 2 2 10 4 3918 6840 4314
1065 2 2 10 4 4367 6436 625
1066 2 2 10 4 4536 6806 4535
1067 2 2 10 4 5699 6818 6637
1068 2 2 10 4 6937 7011 4127
1069 2 2 10 4 1866 6525 4940
1070 2 2 10 4 4720 7183 4722
1071 2 2 10 4 3121 6990 6718
1072 2 2 10 4 4605 7244 639
1073 2 2 10 4 4753 5234 528
1074 2 2 10 4 4702 5235 520
1075 2 2 10 4 549 6866 5509
1076 2 2 10 4 639 7301 4605
1077 2 2 10 4 4560 6246 5128
1078 2 2 10 4 6445 6571 3817
1079 2 2 10 4 4313 6891 4312
1080 2 2 10 4 6355 7004 1058
1081 2 2 10 4 5140 7607 5141
1082 2 2 10 4 4351 4550 515
1083 2 2 10 4 5582 6102 971
1084 2 2 10 4 5228 5651 1138
1085 2 2 10 4 4538 4539 2848
1086 2 2 10 4 5193 5572 3874
1087 2 2 10 4 5347 6715 1963
1088 2 2 10 4 7059 7148 4141
1089 2 2 10 4 525 5255 4746
1090 2 2 10 4 4775 5256 3519
1091 2 2 10 4 4412 5650 1142
1092 2 2 10 4 5666 6043 4148
1093 2 2 10 4 1549 6846 5478
1094 2 2 10 4 5393 7082 5362
1095 2 2 10 4 5540 6144 5075
1096 2 2 10 4 2022 5013 4359
1097 2 2 10 4 4303 6590 599
1098 2 2 10 4 4716 7482 6601
1099 2 2 10 4 5521 7067 3225
1100 2 2 10 4 1402 5311 1471
1101 2 2 10 4 4829 5588 1353
1102 2 2 10 4 5494 7006 3363
1103 2 2 10 4 5316 5535 3719
1104 2 2 10 4 4807 4808 614
1105 2 2 10 4 4334 6569 612
1106 2 2 10 4 537 6235 4315
1107 2 2 10 4 1867 7610 1898
1108 2 2 10 4 2536 5220 4824
1109 2 2 10 4 4896 6400 959
1110 2 2 10 4 4306 6334 2805
1111 2 2 10 4 1176 4858 1179
1112 2 2 10 4 2155 6323 5456
1113 2 2 10 4 2823 6144 5540
1114 2 2 10 4 2972 5400 2269
1115 2 2 10 4 3927 6802 4228
1116 2 2 10 4 3426 5750 5003
1117 2 2 10 4 2112 6676 4384
1118 2 2 10 4 5472 6420 4309
1119 2 2 10 4 5257 7162 6872
1120 2 2 10 4 2504 5325 2502
1121 2 2 10 4 1430 5110 1483
1122 2 2 10 4 5125 5582 963
1123 2 2 10 4 4404 6600 6171
1124 2 2 10 4 6576 7088 4143
1125 2 2 10 4 4421 5827 591
1126 2 2 10 4 3754 6570 4663
1127 2 2 10 4 4084 7261 7053
1128 2 2 10 4 1791 4837 4463
1129 2 2 10 4 2134 7035 4254
1130 2 2 10 4 4774 6681 3966
1131 2 2 10 4 4254 6960 2134
1132 2 2 10 4 5794 6432 6354
1133 2 2 10 4 5278 6770 2969
1134 2 2 10 4 3225 6897 5521
1135 2 2 10 4 978 4580 4393
1136 2 2 10 4 3802 6654 3801
1137 2 2 10 4 2833 6280 4977
1138 2 2 10 4 3643 5026 3752
1139 2 2 10 4 5727 6015 2023
1140 2 2 10 4 2403 7068 5283
1141 2 2 10 4 6844 6936 95
1142 2 2 10 4 4539 4540 2848
1143 2 2 10 4 3908 6617 5004
1144 2 2 10 4 5099 6209 4908
1145 2 2 10 4 2082 7528 1985
1146 2 2 10 4 5344 7167 7157
1147 2 2 10 4 6354 6432 1014
1148 2 2 10 4 7089 7313 6401
1149 2 2 10 4 5150 6516 6040
1150 2 2 10 4 3740 7044 4806
1151 2 2 10 4 1142 5651 4412
1152 2 2 10 4 3304 5543 3769
1153 2 2 10 4 5471 6420 5472
1154 2 2 10 4 6622 7299 4326
1155 2 2 10 4 2566 5661 3245
1156 2 2 10 4 4243 7083 6991
1157 2 2 10 4 6497 7056 3718
1158 2 2 10 4 4765 5589 4763
1159 2 2 10 4 4151 7278 2666
1160 2 2 10 4 4261 7193 6893
1161 2 2 10 4 5600 6724 4495
1162 2 2 10 4 5003 5751 3426
1163 2 2 10 4 4993 5400 2972
1164 2 2 10 4 1179 4858 1558
1165 2 2 10 4 5508 6793 5507
1166 2 2 10 4 4228 6880 3927
1167 2 2 10 4 5987 7609 224
1168 2 2 10 4 3496 6241 5029
1169 2 2 10 4 5233 6139 4561
1170 2 2 10 4 6888 7092 5076
1171 2 2 10 4 2969 7348 5278
1172 2 2 10 4 3840 6598 5413
1173 2 2 10 4 6711 6810 5035
1174 2 2 10 4 4996 6200 1482
1175 2 2 10 4 3715 5940 4864
1176 2 2 10 4 4586 6852 5506
1177 2 2 10 4 2171 6810 6711
1178 2 2 10 4 5122 6114 1534
1179 2 2 10 4 5540 7223 2820
1180 2 2 10 4 1317 7478 4342
1181 2 2 10 4 5951 6942 2775
1182 2 2 10 4 4956 4958 4085
1183 2 2 10 4 6991 7083 3876
1184 2 2 10 4 5432 6640 3076
1185 2 2 10 4 4389 6973 3139
1186 2 2 10 4 3692 6556 4843
1187 2 2 10 4 5025 5114 533
1188 2 2 10 4 3151 5293 3149
1189 2 2 10 4 2125 6209 5099
1190 2 2 10 4 6893 7193 3728
1191 2 2 10 4 2694 4540 3213
1192 2 2 10 4 1754 5210 1625
1193 2 2 10 4 4386 4606 1758
1194 2 2 10 4 5111 7533 1483
1195 2 2 10 4 6882 7050 5015
1196 2 2 10 4 6511 6619 4730
1197 2 2 10 4 3620 6422 3622
1198 2 2 10 4 1460 6691 5045
1199 2 2 10 4 5045 6808 1460
1200 2 2 10 4 3722 5269 5268
1201 2 2 10 4 4654 7516 3599
1202 2 2 10 4 3309 7520 4286
1203 2 2 10 4 6443 7005 629
1204 2 2 10 4 3812 6776 6636
1205 2 2 10 4 5793 6221 4343
1206 2 2 10 4 3599 6506 4654
1207 2 2 10 4 3775 6240 5239
1208 2 2 10 4 4602 5488 661
1209 2 2 10 4 4512 5114 5025
1210 2 2 10 4 5075 7223 5540
1211 2 2 10 4 3505 5293 3151
1212 2 2 10 4 6716 7090 695
1213 2 2 10 4 6586 7102 3269
1214 2 2 10 4 3306 5325 5164
1215 2 2 10 4 743 4555 745
1216 2 2 10 4 5934 5935 1037
1217 2 2 10 4 6872 7162 4006
1218 2 2 10 4 3076 6874 5432
1219 2 2 10 4 4975 6313 1450
1220 2 2 10 4 5361 5394 5362
1221 2 2 10 4 1673 4588 1635
1222 2 2 10 4 4813 4814 4647
1223 2 2 10 4 4721 4818 4817
1224 2 2 10 4 4819 4820 4770
1225 2 2 10 4 4540 6714 4541
1226 2 2 10 4 31 4407 30
1227 2 2 10 4 660 7409 6475
1228 2 2 10 4 612 7365 4334
1229 2 2 10 4 336 6569 5640
1230 2 2 10 4 5167 7313 7089
1231 2 2 10 4 3792 6715 5347
1232 2 2 10 4 1758 5011 4386
1233 2 2 10 4 5150 6631 2371
1234 2 2 10 4 6636 6776 4678
1235 2 2 10 4 4507 5650 3773
1236 2 2 10 4 6885 6951 5862
1237 2 2 10 4 4382 7005 6443
1238 2 2 10 4 2404 6540 6424
1239 2 2 10 4 5413 7323 3840
1240 2 2 10 4 5046 6247 2829
1241 2 2 10 4 4739 6024 4787
1242 2 2 10 4 3202 4543 2695
1243 2 2 10 4 1966 5435 1968
1244 2 2 10 4 3266 6959 4814
1245 2 2 10 4 6501 6706 4130
1246 2 2 10 4 3519 5496 4775
1247 2 2 10 4 4604 6557 4265
1248 2 2 10 4 5181 6450 2829
1249 2 2 10 4 3584 6043 5666
1250 2 2 10 4 4537 5335 1821
1251 2 2 10 4 699 4587 700
1252 2 2 10 4 3327 4531 4260
1253 2 2 10 4 4075 7002 3999
1254 2 2 10 4 616 4557 486
1255 2 2 10 4 6302 6604 6603
1256 2 2 10 4 3914 7497 5375
1257 2 2 10 4 3935 5572 3191
1258 2 2 10 4 2321 7273 4455
1259 2 2 10 4 4075 7070 7002
1260 2 2 10 4 6257 6635 4394
1261 2 2 10 4 4485 4505 3590
1262 2 2 10 4 4683 4825 4790
1263 2 2 10 4 3024 5090 4464
1264 2 2 10 4 2040 6527 5376
1265 2 2 10 4 4354 5525 2118
1266 2 2 10 4 7061 7284 2133
1267 2 2 10 4 5224 6389 5279
1268 2 2 10 4 4995 7447 4991
1269 2 2 10 4 4648 5930 510
1270 2 2 10 4 4542 4949 4944
1271 2 2 10 4 5112 5113 2661
1272 2 2 10 4 3297 5755 5489
1273 2 2 10 4 1663 5672 5159
1274 2 2 10 4 5144 6439 1548
1275 2 2 10 4 5008 5594 3029
1276 2 2 10 4 5452 5454 3245
1277 2 2 10 4 2800 6462 5212
1278 2 2 10 4 4898 6540 2468
1279 2 2 10 4 206 5647 620
1280 2 2 10 4 4343 6221 3508
1281 2 2 10 4 1166 4564 1169
1282 2 2 10 4 4081 7050 6882
1283 2 2 10 4 5510 7195 6082
1284 2 2 10 4 4282 7019 5533
1285 2 2 10 4 560 4870 4579
1286 2 2 10 4 4254 6964 3993
1287 2 2 10 4 4427 6071 586
1288 2 2 10 4 2550 5247 5245
1289 2 2 10 4 5059 6474 4691
1290 2 2 10 4 4371 5588 4829
1291 2 2 10 4 4520 6231 4518
1292 2 2 10 4 5147 6631 5150
1293 2 2 10 4 5098 6979 6074
1294 2 2 10 4 4 202 201
1295 2 2 10 4 3 62 282
1296 2 2 10 4 1559 4880 837
1297 2 2 10 4 4798 5813 575
1298 2 2 10 4 6962 7106 3900
1299 2 2 10 4 3908 5004 4350
1300 2 2 10 4 5053 7190 2468
1301 2 2 10 4 1962 7216 5173
1302 2 2 10 4 2972 5480 5107
1303 2 2 10 4 4559 5831 2617
1304 2 2 10 4 6039 7519 6557
1305 2 2 10 4 1523 6527 2040
1306 2 2 10 4 1441 6114 1439
1307 2 2 10 4 4618 5218 4621
1308 2 2 10 4 4406 4588 1673
1309 2 2 10 4 3004 6113 3399
1310 2 2 10 4 3588 5935 5934
1311 2 2 10 4 4601 7041 4079
1312 2 2 10 4 4561 6139 4218
1313 2 2 10 4 5011 5447 3676
1314 2 2 10 4 2472 6766 6674
1315 2 2 10 4 1895 6835 4941
1316 2 2 10 4 5485 6049 4700
1317 2 2 10 4 2225 5247 2550
1318 2 2 10 4 4415 5811 626
1319 2 2 10 4 3754 6619 6511
1320 2 2 10 4 2111 6045 2741
1321 2 2 10 4 4544 6366 2017
1322 2 2 10 4 4393 4555 978
1323 2 2 10 4 666 7283 6298
1324 2 2 10 4 1649 4595 1647
1325 2 2 10 4 4358 6829 351
1326 2 2 10 4 3752 5026 4408
1327 2 2 10 4 2468 7190 6664
1328 2 2 10 4 5548 7114 4484
1329 2 2 10 4 4552 5669 3793
1330 2 2 10 4 2614 5522 4474
1331 2 2 10 4 705 5497 703
1332 2 2 10 4 4624 7081 6719
1333 2 2 10 4 5493 7307 5492
1334 2 2 10 4 4346 6268 2021
1335 2 2 10 4 5286 7022 6538
1336 2 2 10 4 3317 7191 4280
1337 2 2 10 4 4683 4790 4789
1338 2 2 10 4 4729 5292 4730
1339 2 2 10 4 4739 4787 4786
1340 2 2 10 4 594 5007 5006
1341 2 2 10 4 1569 5023 1567
1342 2 2 10 4 5247 5665 5141
1343 2 2 10 4 3773 5650 4412
1344 2 2 10 4 4481 6985 4101
1345 2 2 10 4 4038 6864 4405
1346 2 2 10 4 1680 7589 4372
1347 2 2 10 4 3810 6028 5103
1348 2 2 10 4 3848 7159 6974
1349 2 2 10 4 3570 6720 6166
1350 2 2 10 4 6926 6945 986
1351 2 2 10 4 582 4479 4477
1352 2 2 10 4 4172 7046 6999
1353 2 2 10 4 4540 4541 3213
1354 2 2 10 4 4953 5200 4954
1355 2 2 10 4 1139 5651 1142
1356 2 2 10 4 1639 5672 1663
1357 2 2 10 4 5701 7483 608
1358 2 2 10 4 2125 5518 4899
1359 2 2 10 4 2273 5480 2271
1360 2 2 10 4 4090 6762 6216
1361 2 2 10 4 4979 4981 2167
1362 2 2 10 4 5657 6437 5943
1363 2 2 10 4 3115 5669 4552
1364 2 2 10 4 5319 6897 3225
1365 2 2 10 4 4805 4806 4728
1366 2 2 10 4 6561 7156 7057
1367 2 2 10 4 4576 6912 2875
1368 2 2 10 4 4541 6714 6095
1369 2 2 10 4 1259 5650 4507
1370 2 2 10 4 6252 6438 2135
1371 2 2 10 4 643 4816 4815
1372 2 2 10 4 557 4822 4821
1373 2 2 10 4 4416 5352 674
1374 2 2 10 4 6871 7128 3879
1375 2 2 10 4 6505 6599 2317
1376 2 2 10 4 6424 6540 4898
1377 2 2 10 4 4070 6119 4962
1378 2 2 10 4 3426 5751 3425
1379 2 2 10 4 5279 6389 3698
1380 2 2 10 4 4130 6706 5226
1381 2 2 10 4 6730 6932 5531
1382 2 2 10 4 5161 6005 5162
1383 2 2 10 4 574 6218 5416
1384 2 2 10 4 5846 6585 5397
1385 2 2 10 4 1352 7472 1355
1386 2 2 10 4 2763 6280 2833
1387 2 2 10 4 3763 6414 1390
1388 2 2 10 4 2875 7258 4576
1389 2 2 10 4 4079 7041 6879
1390 2 2 10 4 3952 5615 4514
1391 2 2 10 4 594 5006 5005
1392 2 2 10 4 6298 6559 666
1393 2 2 10 4 685 6868 6618
1394 2 2 10 4 4490 7377 3981
1395 2 2 10 4 5418 7091 539
1396 2 2 10 4 6073 7079 6777
1397 2 2 10 4 6582 6955 4572
1398 2 2 10 4 5076 7092 5074
1399 2 2 10 4 1907 7147 4592
1400 2 2 10 4 2178 6400 4904
1401 2 2 10 4 4038 6914 6864
1402 2 2 10 4 5986 6581 3865
1403 2 2 10 4 1658 4571 1666
1404 2 2 10 4 1625 5210 1615
1405 2 2 10 4 6422 7438 3622
1406 2 2 10 4 2823 5569 5078
1407 2 2 10 4 4457 4460 4458
1408 2 2 10 4 5158 5435 5157
1409 2 2 10 4 1187 6659 5564
1410 2 2 10 4 4742 6273 5152
1411 2 2 10 4 5055 7464 2623
1412 2 2 10 4 6082 7195 3929
1413 2 2 10 4 1357 5298 1354
1414 2 2 10 4 1673 5489 4406
1415 2 2 10 4 5365 6650 4313
1416 2 2 10 4 599 6887 5981
1417 2 2 10 4 5794 6354 2051
1418 2 2 10 4 5101 5498 3694
1419 2 2 10 4 626 7556 4415
1420 2 2 10 4 4484 7257 5548
1421 2 2 10 4 351 7135 4358
1422 2 2 10 4 5690 5945 610
1423 2 2 10 4 4837 6300 4454
1424 2 2 10 4 4108 7106 6962
1425 2 2 10 4 4474 6250 2614
1426 2 2 10 4 4085 4957 4956
1427 2 2 10 4 5029 6241 4259
1428 2 2 10 4 415 4679 526
1429 2 2 10 4 5427 6936 6844
1430 2 2 10 4 5062 6750 6564
1431 2 2 10 4 4455 7427 2321
1432 2 2 10 4 3527 5538 4516
1433 2 2 10 4 6276 6601 4749
1434 2 2 10 4 5409 7438 6422
1435 2 2 10 4 5152 7173 2673
1436 2 2 10 4 4806 6172 5870
1437 2 2 10 4 5655 7098 5656
1438 2 2 10 4 6603 6604 3911
1439 2 2 10 4 950 5977 4906
1440 2 2 10 4 691 7368 4174
1441 2 2 10 4 6518 6846 1549
1442 2 2 10 4 837 4880 835
1443 2 2 10 4 700 4587 3508
1444 2 2 10 4 3466 6177 3465
1445 2 2 10 4 1482 6200 1416
1446 2 2 10 4 6032 6688 6662
1447 2 2 10 4 5506 7239 4586
1448 2 2 10 4 2075 7320 1540
1449 2 2 10 4 6564 6750 3915
1450 2 2 10 4 4151 6696 5192
1451 2 2 10 4 5388 7128 6871
1452 2 2 10 4 4417 6346 2137
1453 2 2 10 4 5760 7340 6813
1454 2 2 10 4 1898 7610 4944
1455 2 2 10 4 6203 6426 5382
1456 2 2 10 4 4032 6945 6926
1457 2 2 10 4 5148 6037 547
1458 2 2 10 4 4455 6925 4434
1459 2 2 10 4 549 6996 4329
1460 2 2 10 4 4460 4461 4458
1461 2 2 10 4 4690 6911 2985
1462 2 2 10 4 5164 6679 6059
1463 2 2 10 4 391 6077 5982
1464 2 2 10 4 6721 7216 1962
1465 2 2 10 4 5181 7539 6450
1466 2 2 10 4 7098 7296 5656
1467 2 2 10 4 6538 7022 4226
1468 2 2 10 4 6113 6413 3399
1469 2 2 10 4 4690 6685 4725
1470 2 2 10 4 6166 6720 5727
1471 2 2 10 4 4532 6954 6183
1472 2 2 10 4 1674 6234 5200
1473 2 2 10 4 598 6950 4403
1474 2 2 10 4 2612 5522 2610
1475 2 2 10 4 978 4555 743
1476 2 2 10 4 6618 6868 4566
1477 2 2 10 4 1788 4505 4485
1478 2 2 10 4 5078 6144 2823
1479 2 2 10 4 1775 5268 1773
1480 2 2 10 4 5258 6120 5259
1481 2 2 10 4 202 7352 697
1482 2 2 10 4 3562 6632 3560
1483 2 2 10 4 564 7540 6586
1484 2 2 10 4 698 7351 282
1485 2 2 10 4 486 4557 487
1486 2 2 10 4 4405 6864 2569
1487 2 2 10 4 5492 7307 6708
1488 2 2 10 4 1468 7633 6193
1489 2 2 10 4 579 6530 4519
1490 2 2 10 4 525 6553 4641
1491 2 2 10 4 2118 6893 4354
1492 2 2 10 4 6662 6688 2156
1493 2 2 10 4 3075 4532 4531
1494 2 2 10 4 4619 5034 4617
1495 2 2 10 4 4632 4807 4628
1496 2 2 10 4 4690 4724 4688
1497 2 2 10 4 4668 4673 630
1498 2 2 10 4 2615 6967 6904
1499 2 2 10 4 4573 4575 2887
1500 2 2 10 4 4424 5308 1471
1501 2 2 10 4 4343 4587 4249
1502 2 2 10 4 582 5490 4479
1503 2 2 10 4 6371 6765 3959
1504 2 2 10 4 4509 7243 604
1505 2 2 10 4 4220 7404 5063
1506 2 2 10 4 515 4407 4353
1507 2 2 10 4 3668 4565 4564
1508 2 2 10 4 5280 6960 4297
1509 2 2 10 4 918 5320 916
1510 2 2 10 4 4836 7420 852
1511 2 2 10 4 5626 6045 5627
1512 2 2 10 4 4413 6113 3673
1513 2 2 10 4 4960 6031 4933
1514 2 2 10 4 5342 5726 3276
1515 2 2 10 4 4066 6613 6211
1516 2 2 10 4 4357 6599 6505
1517 2 2 10 4 4782 6212 4783
1518 2 2 10 4 3680 5751 4589
1519 2 2 10 4 988 6136 1005
1520 2 2 10 4 5219 6737 2318
1521 2 2 10 4 3818 6571 5492
1522 2 2 10 4 3817 6571 3818
1523 2 2 10 4 3225 7205 5319
1524 2 2 10 4 852 7384 4836
1525 2 2 10 4 2985 6685 4690
1526 2 2 10 4 1962 6599 4357
1527 2 2 10 4 6719 7081 6145
1528 2 2 10 4 6518 6651 4423
1529 2 2 10 4 3989 7095 6920
1530 2 2 10 4 3399 6413 4342
1531 2 2 10 4 4812 7277 4579
1532 2 2 10 4 2156 6688 4384
1533 2 2 10 4 6637 6818 611
1534 2 2 10 4 745 4846 747
1535 2 2 10 4 4463 6323 1791
1536 2 2 10 4 3281 4580 3913
1537 2 2 10 4 6183 7477 4532
1538 2 2 10 4 5313 5314 4877
1539 2 2 10 4 1503 7213 7047
1540 2 2 10 4 6006 6306 4981
1541 2 2 10 4 4925 6375 2365
1542 2 2 10 4 739 7429 4582
1543 2 2 10 4 4906 6335 950
1544 2 2 10 4 1918 7565 5118
1545 2 2 10 4 5372 5409 5408
1546 2 2 10 4 5496 6596 4241
1547 2 2 10 4 4806 7044 4728
1548 2 2 10 4 4944 4948 4542
1549 2 2 10 4 6904 6967 4409
1550 2 2 10 4 5530 6922 4396
1551 2 2 10 4 5690 6437 5706
1552 2 2 10 4 1481 7198 6806
1553 2 2 10 4 747 4846 954
1554 2 2 10 4 2167 6313 4979
1555 2 2 10 4 5503 5726 5342
1556 2 2 10 4 2893 7241 4280
1557 2 2 10 4 3333 5623 3331
1558 2 2 10 4 4942 6835 4946
1559 2 2 10 4 5117 5118 4999
1560 2 2 10 4 5241 6208 5513
1561 2 2 10 4 3999 7002 5289
1562 2 2 10 4 5866 7004 6355
1563 2 2 10 4 6615 6795 4246
1564 2 2 10 4 3875 6605 5295
1565 2 2 10 4 4555 4846 745
1566 2 2 10 4 1005 6136 4872
1567 2 2 10 4 4392 7274 4600
1568 2 2 10 4 4746 6553 525
1569 2 2 10 4 6666 7084 3239
1570 2 2 10 4 3008 6753 2419
1571 2 2 10 4 5812 5861 4800
1572 2 2 10 4 4340 7609 5987
1573 2 2 10 4 5334 6320 1825
1574 2 2 10 4 4531 4532 4260
1575 2 2 10 4 2849 4957 3340
1576 2 2 10 4 2302 6653 4616
1577 2 2 10 4 4593 6272 1643
1578 2 2 10 4 1756 5475 5474
1579 2 2 10 4 853 6686 6430
1580 2 2 10 4 3371 6160 4488
1581 2 2 10 4 650 6905 4318
1582 2 2 10 4 1666 4571 1677
1583 2 2 10 4 5254 5593 5284
1584 2 2 10 4 355 4627 554
1585 2 2 10 4 343 5059 613
1586 2 2 10 4 1798 5252 1796
1587 2 2 10 4 5009 6246 5594
1588 2 2 10 4 5215 6414 3763
1589 2 2 10 4 3369 6838 5347
1590 2 2 10 4 5144 7552 6439
1591 2 2 10 4 4464 5522 3024
1592 2 2 10 4 4267 7284 7061
1593 2 2 10 4 6303 6791 1406
1594 2 2 10 4 3320 6113 4413
1595 2 2 10 4 2829 6247 2787
1596 2 2 10 4 3531 5726 5503
1597 2 2 10 4 4962 6119 4961
1598 2 2 10 4 89 7076 4427
1599 2 2 10 4 6774 7200 2981
1600 2 2 10 4 4386 5011 3676
1601 2 2 10 4 4069 7187 4547
1602 2 2 10 4 5229 6951 6885
1603 2 2 10 4 4395 6487 1052
1604 2 2 10 4 3988 7095 3989
1605 2 2 10 4 2619 5614 4637
1606 2 2 10 4 2887 5616 4569
1607 2 2 10 4 5836 7056 6497
1608 2 2 10 4 4945 6072 4942
1609 2 2 10 4 4379 7616 3308
1610 2 2 10 4 6752 6759 5142
1611 2 2 10 4 4632 4808 4807
1612 2 2 10 4 4673 4674 630
1613 2 2 10 4 4456 7268 7188
1614 2 2 10 4 2559 6636 4678
1615 2 2 10 4 7047 7213 4276
1616 2 2 10 4 3075 7155 7125
1617 2 2 10 4 5376 7484 2040
1618 2 2 10 4 1773 5268 1781
1619 2 2 10 4 6125 7038 6800
1620 2 2 10 4 5333 5334 1825
1621 2 2 10 4 4779 7442 5217
1622 2 2 10 4 5028 6670 4169
1623 2 2 10 4 6974 7159 4733
1624 2 2 10 4 4396 6922 581
1625 2 2 10 4 5564 6659 3998
1626 2 2 10 4 243 4964 242
1627 2 2 10 4 6485 6838 3369
1628 2 2 10 4 2617 6246 4559
1629 2 2 10 4 4623 7365 5034
1630 2 2 10 4 1064 6426 6203
1631 2 2 10 4 1889 7565 1918
1632 2 2 10 4 4328 7078 627
1633 2 2 10 4 4599 4839 3350
1634 2 2 10 4 4845 7046 4172
1635 2 2 10 4 604 7127 4509
1636 2 2 10 4 4565 4839 1169
1637 2 2 10 4 839 5590 1559
1638 2 2 10 4 5063 7390 4220
1639 2 2 10 4 4119 7102 6586
1640 2 2 10 4 5308 7310 1471
1641 2 2 10 4 5559 6090 5310
1642 2 2 10 4 6822 6847 4492
1643 2 2 10 4 5248 5605 998
1644 2 2 10 4 4623 5034 4619
1645 2 2 10 4 4271 7443 5350
1646 2 2 10 4 4713 5485 4700
1647 2 2 10 4 647 7419 5262
1648 2 2 10 4 4667 6240 4489
1649 2 2 10 4 4402 6903 195
1650 2 2 10 4 4454 6124 5474
1651 2 2 10 4 7188 7268 127
1652 2 2 10 4 4650 7419 647
1653 2 2 10 4 4616 6653 4468
1654 2 2 10 4 2623 7564 5055
1655 2 2 10 4 2227 5670 2229
1656 2 2 10 4 7125 7155 4139
1657 2 2 10 4 4237 7465 4236
1658 2 2 10 4 5189 7521 5186
1659 2 2 10 4 2468 6664 4898
1660 2 2 10 4 1400 5311 1402
1661 2 2 10 4 591 7475 4421
1662 2 2 10 4 4483 6365 2821
1663 2 2 10 4 2975 4830 3178
1664 2 2 10 4 1755 4868 4859
1665 2 2 10 4 2223 5665 5247
1666 2 2 10 4 3422 5036 4125
1667 2 2 10 4 1428 5110 1430
1668 2 2 10 4 2569 6831 4405
1669 2 2 10 4 3675 7501 2174
1670 2 2 10 4 4151 7003 6696
1671 2 2 10 4 6709 6735 2127
1672 2 2 10 4 4808 7152 614
1673 2 2 10 4 5188 5190 5082
1674 2 2 10 4 628 4638 4635
1675 2 2 10 4 2848 4540 2694
1676 2 2 10 4 6813 7340 5423
1677 2 2 10 4 5034 7365 612
1678 2 2 10 4 1537 6521 4835
1679 2 2 10 4 6327 6964 4254
1680 2 2 10 4 4564 4565 1169
1681 2 2 10 4 5205 6510 1493
1682 2 2 10 4 630 4676 413
1683 2 2 10 4 6486 7442 4779
1684 2 2 10 4 5238 7200 6774
1685 2 2 10 4 4488 6045 2719
1686 2 2 10 4 5045 6691 2143
1687 2 2 10 4 3922 5966 5266
1688 2 2 10 4 4295 6022 5523
1689 2 2 10 4 4125 6503 4126
1690 2 2 10 4 764 6090 5559
1691 2 2 10 4 2318 7473 5219
1692 2 2 10 4 3308 7517 4379
1693 2 2 10 4 1567 5023 2905
1694 2 2 10 4 4341 4600 504
1695 2 2 10 4 4490 7586 7377
1696 2 2 10 4 4927 6876 956
1697 2 2 10 4 6594 6681 4774
1698 2 2 10 4 3213 4948 2464
1699 2 2 10 4 4350 4476 4349
1700 2 2 10 4 4955 4959 4956
1701 2 2 10 4 5194 5195 2803
1702 2 2 10 4 1559 4881 4880
1703 2 2 10 4 3084 6827 4411
1704 2 2 10 4 4589 5751 1637
1705 2 2 10 4 6128 6129 2900
1706 2 2 10 4 2805 6581 5986
1707 2 2 10 4 5118 7565 4999
1708 2 2 10 4 6127 6128 2900
1709 2 2 10 4 3757 7009 6898
1710 2 2 10 4 4809 5614 2619
1711 2 2 10 4 6553 7133 4641
1712 2 2 10 4 3327 4844 4531
1713 2 2 10 4 3029 5803 5008
1714 2 2 10 4 5525 6756 5526
1715 2 2 10 4 4407 6710 4353
1716 2 2 10 4 2502 5325 3306
1717 2 2 10 4 195 7250 4402
1718 2 2 10 4 539 7091 6341
1719 2 2 10 4 5261 5301 5186
1720 2 2 10 4 4280 7191 2893
1721 2 2 10 4 3837 5602 5536
1722 2 2 10 4 4373 6455 5568
1723 2 2 10 4 2508 5325 2504
1724 2 2 10 4 6745 7320 2075
1725 2 2 10 4 2569 7357 4924
1726 2 2 10 4 4722 7124 4721
1727 2 2 10 4 4414 6610 620
1728 2 2 10 4 5640 6569 4004
1729 2 2 10 4 5482 6985 4481
1730 2 2 10 4 5212 6483 2800
1731 2 2 10 4 3989 6795 6615
1732 2 2 10 4 6828 6845 576
1733 2 2 10 4 6941 7117 3142
1734 2 2 10 4 4393 4580 3281
1735 2 2 10 4 2432 5594 2617
1736 2 2 10 4 2695 4543 2848
1737 2 2 10 4 1371 5996 5103
1738 2 2 10 4 4519 4520 4518
1739 2 2 10 4 6296 6446 4594
1740 2 2 10 4 6180 7653 4247
1741 2 2 10 4 5350 7428 4271
1742 2 2 10 4 4635 5621 628
1743 2 2 10 4 4680 5622 629
1744 2 2 10 4 1166 4871 4564
1745 2 2 10 4 31 5196 4407
1746 2 2 10 4 6430 6686 3825
1747 2 2 10 4 814 5233 4561
1748 2 2 10 4 4747 6526 5704
1749 2 2 10 4 1559 5590 4882
1750 2 2 10 4 4423 6651 4422
1751 2 2 10 4 5032 6177 3466
1752 2 2 10 4 4578 4870 3739
1753 2 2 10 4 414 4679 415
1754 2 2 10 4 6026 6152 1475
1755 2 2 10 4 3515 5994 5455
1756 2 2 10 4 619 6823 6249
1757 2 2 10 4 30 4407 515
1758 2 2 10 4 7119 7149 6141
1759 2 2 10 4 4472 6932 6730
1760 2 2 10 4 4883 7612 3214
1761 2 2 10 4 3618 7373 7165
1762 2 2 10 4 3871 6791 6303
1763 2 2 10 4 613 5059 4691
1764 2 2 10 4 2454 6072 4945
1765 2 2 10 4 4852 7369 3338
1766 2 2 10 4 3215 5846 5397
1767 2 2 10 4 4125 7441 6503
1768 2 2 10 4 1471 7310 6303
1769 2 2 10 4 2850 4957 2849
1770 2 2 10 4 4778 6736 3745
1771 2 2 10 4 7103 7264 962
1772 2 2 10 4 2023 6166 5727
1773 2 2 10 4 6245 6710 3663
1774 2 2 10 4 4354 6756 5525
1775 2 2 10 4 4514 6980 3952
1776 2 2 10 4 4842 6061 2652
1777 2 2 10 4 4157 7148 7059
1778 2 2 10 4 6875 6879 567
1779 2 2 10 4 582 5987 225
1780 2 2 10 4 4835 6521 3593
1781 2 2 10 4 3584 6248 6043
1782 2 2 10 4 3276 6296 5342
1783 2 2 10 4 5232 6293 4202
1784 2 2 10 4 2651 6852 5513
1785 2 2 10 4 5497 6596 5496
1786 2 2 10 4 5232 5287 1544
1787 2 2 10 4 6588 7265 3966
1788 2 2 10 4 7382 7545 4274
1789 2 2 10 4 3378 6332 2693
1790 2 2 10 4 5246 5670 2550
1791 2 2 10 4 1381 6564 5375
1792 2 2 10 4 6777 7079 3883
1793 2 2 10 4 5655 6874 3076
1794 2 2 10 4 3824 6833 6440
1795 2 2 10 4 4814 6959 4647
1796 2 2 10 4 2858 6031 4960
1797 2 2 10 4 601 6881 6675
1798 2 2 10 4 4873 5088 5087
1799 2 2 10 4 4523 5151 688
1800 2 2 10 4 627 7197 4328
1801 2 2 10 4 5503 6015 5727
1802 2 2 10 4 2820 6523 2811
1803 2 2 10 4 5426 5427 3802
1804 2 2 10 4 2439 6080 4848
1805 2 2 10 4 4830 7630 4831
1806 2 2 10 4 4485 5967 1788
1807 2 2 10 4 218 6697 5415
1808 2 2 10 4 5031 7383 546
1809 2 2 10 4 1483 7533 6476
1810 2 2 10 4 3990 6950 5543
1811 2 2 10 4 2490 6759 6752
1812 2 2 10 4 3055 6419 5392
1813 2 2 10 4 4882 5590 5238
1814 2 2 10 4 3739 5090 4578
1815 2 2 10 4 4981 6306 2167
1816 2 2 10 4 4384 6676 2156
1817 2 2 10 4 6079 6374 6365
1818 2 2 10 4 5169 5270 3282
1819 2 2 10 4 6855 7072 4109
1820 2 2 10 4 5289 7060 3999
1821 2 2 10 4 1643 6272 1640
1822 2 2 10 4 4585 5524 523
1823 2 2 10 4 3688 6859 4410
1824 2 2 10 4 652 5331 4764
1825 2 2 10 4 653 5332 4715
1826 2 2 10 4 6803 6865 4086
1827 2 2 10 4 5281 5282 998
1828 2 2 10 4 5513 6208 2651
1829 2 2 10 4 4592 7008 1907
1830 2 2 10 4 6803 7058 1912
1831 2 2 10 4 2673 6628 4744
1832 2 2 10 4 3339 7342 4657
1833 2 2 10 4 546 7413 5031
1834 2 2 10 4 4767 7110 6898
1835 2 2 10 4 5775 6587 2370
1836 2 2 10 4 1837 5161 1863
1837 2 2 10 4 7103 7403 4922
1838 2 2 10 4 3411 6677 3410
1839 2 2 10 4 3381 6804 4738
1840 2 2 10 4 2608 5630 1902
1841 2 2 10 4 4369 6970 1677
1842 2 2 10 4 1136 7286 5561
1843 2 2 10 4 7000 7029 1119
1844 2 2 10 4 4237 7519 7465
1845 2 2 10 4 4313 7437 5365
1846 2 2 10 4 1784 5190 797
1847 2 2 10 4 5592 6462 6337
1848 2 2 10 4 5455 5994 4551
1849 2 2 10 4 2143 7647 5045
1850 2 2 10 4 6059 6679 2732
1851 2 2 10 4 5254 5284 5253
1852 2 2 10 4 4051 5483 3337
1853 2 2 10 4 2419 6689 3007
1854 2 2 10 4 5205 6152 3809
1855 2 2 10 4 2629 5252 1798
1856 2 2 10 4 6800 7038 2415
1857 2 2 10 4 3328 5083 4553
1858 2 2 10 4 6126 7049 4651
1859 2 2 10 4 5689 5945 5690
1860 2 2 10 4 4503 7031 6935
1861 2 2 10 4 1453 6306 6006
1862 2 2 10 4 5098 5560 4609
1863 2 2 10 4 2930 5270 5168
1864 2 2 10 4 1649 5341 4595
1865 2 2 10 4 3433 5765 5589
1866 2 2 10 4 4678 7594 2559
1867 2 2 10 4 4392 4600 4028
1868 2 2 10 4 970 5177 894
1869 2 2 10 4 3904 5013 3523
1870 2 2 10 4 3488 5435 1966
1871 2 2 10 4 6135 6558 4197
1872 2 2 10 4 1665 7487 6955
1873 2 2 10 4 4086 6865 4860
1874 2 2 10 4 2292 6515 4714
1875 2 2 10 4 4544 6534 6366
1876 2 2 10 4 4899 6209 2125
1877 2 2 10 4 1791 6300 4837
1878 2 2 10 4 4462 5456 4458
1879 2 2 10 4 3755 6273 4735
1880 2 2 10 4 688 6037 5146
1881 2 2 10 4 5471 5611 3360
1882 2 2 10 4 1548 6647 5000
1883 2 2 10 4 1968 5435 1988
1884 2 2 10 4 2848 4543 4538
1885 2 2 10 4 623 7445 4253
1886 2 2 10 4 2137 6457 4417
1887 2 2 10 4 2683 4844 2369
1888 2 2 10 4 4239 5032 3466
1889 2 2 10 4 1133 5227 1135
1890 2 2 10 4 6218 7283 5416
1891 2 2 10 4 4683 7600 4825
1892 2 2 10 4 4800 6975 5812
1893 2 2 10 4 4912 6375 4925
1894 2 2 10 4 4481 5490 5482
1895 2 2 10 4 6987 7055 2536
1896 2 2 10 4 625 6992 4368
1897 2 2 10 4 6215 6346 4072
1898 2 2 10 4 4932 5200 4933
1899 2 2 10 4 4697 6049 4693
1900 2 2 10 4 7142 7202 4165
1901 2 2 10 4 4477 5987 582
1902 2 2 10 4 3282 6625 2945
1903 2 2 10 4 4780 5036 4781
1904 2 2 10 4 4737 4740 4738
1905 2 2 10 4 2772 5663 2774
1906 2 2 10 4 916 6154 914
1907 2 2 10 4 2372 5497 705
1908 2 2 10 4 5097 5305 5304
1909 2 2 10 4 5338 6075 3294
1910 2 2 10 4 3965 6588 3966
1911 2 2 10 4 4766 7009 502
1912 2 2 10 4 5474 6124 1756
1913 2 2 10 4 1131 4530 1133
1914 2 2 10 4 5478 6846 3953
1915 2 2 10 4 552 5151 4460
1916 2 2 10 4 1665 6955 6582
1917 2 2 10 4 1169 4838 1167
1918 2 2 10 4 6562 6746 3322
1919 2 2 10 4 4037 6845 6828
1920 2 2 10 4 6584 7199 3938
1921 2 2 10 4 1005 5087 5085
1922 2 2 10 4 3252 6901 3911
1923 2 2 10 4 4059 5567 5555
1924 2 2 10 4 2652 5483 4534
1925 2 2 10 4 5946 6685 5713
1926 2 2 10 4 4731 7556 626
1927 2 2 10 4 4280 7433 3317
1928 2 2 10 4 3297 5489 3702
1929 2 2 10 4 5489 5755 4406
1930 2 2 10 4 5569 6064 5078
1931 2 2 10 4 2661 5993 5112
1932 2 2 10 4 4831 7249 4833
1933 2 2 10 4 733 7045 6899
1934 2 2 10 4 4994 7547 5400
1935 2 2 10 4 4620 5218 4618
1936 2 2 10 4 6896 6971 6322
1937 2 2 10 4 3076 7098 5655
1938 2 2 10 4 3604 7149 7119
1939 2 2 10 4 2477 7207 2075
1940 2 2 10 4 2137 6346 6215
1941 2 2 10 4 6473 6632 3562
1942 2 2 10 4 5146 6037 5148
1943 2 2 10 4 6674 6766 3918
1944 2 2 10 4 3789 6100 6099
1945 2 2 10 4 4830 4831 3178
1946 2 2 10 4 4422 6651 981
1947 2 2 10 4 4847 6625 3282
1948 2 2 10 4 5551 7110 4767
1949 2 2 10 4 4530 5227 1133
1950 2 2 10 4 4357 6721 1962
1951 2 2 10 4 1178 4858 1176
1952 2 2 10 4 1555 5314 828
1953 2 2 10 4 5282 6580 5249
1954 2 2 10 4 3922 5266 5265
1955 2 2 10 4 4542 4948 3213
1956 2 2 10 4 4685 7600 4683
1957 2 2 10 4 5161 5162 1863
1958 2 2 10 4 1642 7545 7382
1959 2 2 10 4 4977 6383 2833
1960 2 2 10 4 1530 4530 1131
1961 2 2 10 4 6950 7638 4403
1962 2 2 10 4 5335 5336 5333
1963 2 2 10 4 5982 6077 3949
1964 2 2 10 4 5253 5284 1832
1965 2 2 10 4 2927 5191 2937
1966 2 2 10 4 4489 7343 527
1967 2 2 10 4 6006 6007 1453
1968 2 2 10 4 7057 7156 5358
1969 2 2 10 4 5277 6995 2235
1970 2 2 10 4 4579 4870 4578
1971 2 2 10 4 4516 5669 3527
1972 2 2 10 4 3043 5090 3024
1973 2 2 10 4 4117 6961 5507
1974 2 2 10 4 3350 6160 4599
1975 2 2 10 4 4717 5710 2447
1976 2 2 10 4 7171 7232 2217
1977 2 2 10 4 3079 5662 2379
1978 2 2 10 4 1226 5222 1239
1979 2 2 10 4 5454 5947 3245
1980 2 2 10 4 4941 6794 1895
1981 2 2 10 4 2177 6321 4554
1982 2 2 10 4 3367 6175 5261
1983 2 2 10 4 848 4878 4875
1984 2 2 10 4 7078 7245 513
1985 2 2 10 4 3530 6478 5259
1986 2 2 10 4 6605 6725 1476
1987 2 2 10 4 3763 7555 5215
1988 2 2 10 4 5827 6077 591
1989 2 2 10 4 722 5280 724
1990 2 2 10 4 5152 6273 3755
1991 2 2 10 4 3340 4957 4085
1992 2 2 10 4 4553 6388 3328
1993 2 2 10 4 1647 4595 1687
1994 2 2 10 4 4337 5623 3333
1995 2 2 10 4 5158 6683 1988
1996 2 2 10 4 5508 6852 6758
1997 2 2 10 4 3875 6725 6605
1998 2 2 10 4 659 4964 243
1999 2 2 10 4 5035 6519 1101
2000 2 2 10 4 5298 7630 4830
2001 2 2 10 4 4411 7561 3084
2002 2 2 10 4 3795 5629 5339
2003 2 2 10 4 5367 7421 5368
2004 2 2 10 4 4079 6879 6875
2005 2 2 10 4 501 7503 4299
2006 2 2 10 4 2545 7014 5534
2007 2 2 10 4 4537 5336 5335
2008 2 2 10 4 2271 5480 2972
2009 2 2 10 4 2661 5480 2273
2010 2 2 10 4 1572 5023 1569
2011 2 2 10 4 4772 4866 4769
2012 2 2 10 4 5533 7019 5114
2013 2 2 10 4 812 5301 5261
2014 2 2 10 4 4454 6300 6124
2015 2 2 10 4 1615 5210 5209
2016 2 2 10 4 5294 6065 5322
2017 2 2 10 4 3064 5615 3952
2018 2 2 10 4 615 7318 4376
2019 2 2 10 4 4420 6726 5283
2020 2 2 10 4 551 7609 4340
2021 2 2 10 4 493 4684 4681
2022 2 2 10 4 4741 6273 4742
2023 2 2 10 4 3245 5661 5452
2024 2 2 10 4 7175 7360 6181
2025 2 2 10 4 4595 6296 4594
2026 2 2 10 4 4798 7137 5813
2027 2 2 10 4 616 5618 4557
2028 2 2 10 4 4565 6156 4839
2029 2 2 10 4 1793 5083 1181
2030 2 2 10 4 4039 6633 3734
2031 2 2 10 4 1293 5099 4926
2032 2 2 10 4 3715 6438 3712
2033 2 2 10 4 646 6240 4667
2034 2 2 10 4 7274 7643 4600
2035 2 2 10 4 688 5146 4523
2036 2 2 10 4 3349 6160 3350
2037 2 2 10 4 2797 4853 3317
2038 2 2 10 4 4346 6135 4188
2039 2 2 10 4 942 4854 3330
2040 2 2 10 4 3837 7377 5602
2041 2 2 10 4 4829 4830 3273
2042 2 2 10 4 5261 6175 5260
2043 2 2 10 4 4934 4935 4929
2044 2 2 10 4 2436 6129 1339
2045 2 2 10 4 5044 7203 6784
2046 2 2 10 4 1169 4839 4838
2047 2 2 10 4 4236 6248 3584
2048 2 2 10 4 5492 6708 3818
2049 2 2 10 4 2602 5117 3217
2050 2 2 10 4 3909 6635 6257
2051 2 2 10 4 6134 6633 4039
2052 2 2 10 4 5328 6523 2820
2053 2 2 10 4 5564 6839 1191
2054 2 2 10 4 547 6496 5148
2055 2 2 10 4 5322 6065 3695
2056 2 2 10 4 3514 6294 5648
2057 2 2 10 4 5097 5306 5305
2058 2 2 10 4 3394 5515 3924
2059 2 2 10 4 5408 5495 5372
2060 2 2 10 4 5423 6477 5421
2061 2 2 10 4 4743 5255 633
2062 2 2 10 4 4791 4805 497
2063 2 2 10 4 701 5256 522
2064 2 2 10 4 5217 7442 5219
2065 2 2 10 4 3209 6105 6099
2066 2 2 10 4 5086 7026 3920
2067 2 2 10 4 5389 5394 670
2068 2 2 10 4 4340 7474 551
2069 2 2 10 4 3793 5669 4516
2070 2 2 10 4 4531 4844 2683
2071 2 2 10 4 3190 7253 5326
2072 2 2 10 4 2257 6415 4712
2073 2 2 10 4 1498 7247 4385
2074 2 2 10 4 1623 5672 1639
2075 2 2 10 4 4791 4806 4805
2076 2 2 10 4 5194 5632 4025
2077 2 2 10 4 5219 7442 6737
2078 2 2 10 4 5646 6493 6397
2079 2 2 10 4 4044 4869 3184
2080 2 2 10 4 5044 5051 5038
2081 2 2 10 4 4479 5490 4481
2082 2 2 10 4 6849 6935 1213
2083 2 2 10 4 3816 4476 3815
2084 2 2 10 4 4881 7459 4880
2085 2 2 10 4 6349 7203 5044
2086 2 2 10 4 2830 6064 5569
2087 2 2 10 4 3320 4867 1321
2088 2 2 10 4 4442 5475 4440
2089 2 2 10 4 5546 7136 585
2090 2 2 10 4 7421 7431 5368
2091 2 2 10 4 6250 6646 3794
2092 2 2 10 4 5109 5113 5112
2093 2 2 10 4 3256 5599 2593
2094 2 2 10 4 6337 6462 2800
2095 2 2 10 4 4746 5255 4743
2096 2 2 10 4 3519 5256 701
2097 2 2 10 4 4160 6847 6822
2098 2 2 10 4 1535 4861 1034
2099 2 2 10 4 4173 6989 4652
2100 2 2 10 4 703 5497 3519
2101 2 2 10 4 3217 5117 4999
2102 2 2 10 4 4359 5013 3904
2103 2 2 10 4 589 5216 4620
2104 2 2 10 4 2589 7376 4677
2105 2 2 10 4 5363 6332 3378
2106 2 2 10 4 4537 6459 3703
2107 2 2 10 4 626 5811 4655
2108 2 2 10 4 1081 6080 2439
2109 2 2 10 4 3273 4830 2975
2110 2 2 10 4 4110 7029 7000
2111 2 2 10 4 6899 7045 4296
2112 2 2 10 4 5648 6294 5127
2113 2 2 10 4 3521 5170 4090
2114 2 2 10 4 956 7094 4927
2115 2 2 10 4 5057 7229 3806
2116 2 2 10 4 5333 5336 4499
2117 2 2 10 4 2440 6904 4409
2118 2 2 10 4 4502 7031 4503
2119 2 2 10 4 2652 6061 2648
2120 2 2 10 4 4515 6630 86
2121 2 2 10 4 1758 6851 1592
2122 2 2 10 4 4591 6814 4592
2123 2 2 10 4 5415 6697 4005
2124 2 2 10 4 623 4587 699
2125 2 2 10 4 4750 5234 4753
2126 2 2 10 4 4694 5235 4702
2127 2 2 10 4 7165 7373 4947
2128 2 2 10 4 5292 5293 3505
2129 2 2 10 4 1756 7627 5475
2130 2 2 10 4 6237 6833 5574
2131 2 2 10 4 4935 4936 1670
2132 2 2 10 4 3202 6004 4543
2133 2 2 10 4 4411 7240 3772
2134 2 2 10 4 4790 4825 4792
2135 2 2 10 4 4475 7470 3405
2136 2 2 10 4 6239 7367 7253
2137 2 2 10 4 4222 7390 5581
2138 2 2 10 4 2595 6446 2597
2139 2 2 10 4 4239 5974 5032
2140 2 2 10 4 950 6299 5977
2141 2 2 10 4 978 4582 4580
2142 2 2 10 4 3496 5029 3494
2143 2 2 10 4 5317 6765 6371
2144 2 2 10 4 4815 4816 4659
2145 2 2 10 4 4821 4822 4644
2146 2 2 10 4 631 4813 4647
2147 2 2 10 4 4797 4823 4799
2148 2 2 10 4 4645 4648 510
2149 2 2 10 4 645 5234 4750
2150 2 2 10 4 4726 4823 593
2151 2 2 10 4 4721 4817 632
2152 2 2 10 4 508 4815 4659
2153 2 2 10 4 649 4819 4770
2154 2 2 10 4 638 5235 4694
2155 2 2 10 4 4642 4821 4644
2156 2 2 10 4 2610 5522 2614
2157 2 2 10 4 3024 5522 2612
2158 2 2 10 4 699 700 522
2159 2 2 10 4 4686 5239 646
2160 2 2 10 4 4662 4663 499
2161 2 2 10 4 4741 4742 633
2162 2 2 10 4 4734 4735 511
2163 2 2 10 4 4780 4781 495
2164 2 2 10 4 4681 4682 641
2165 2 2 10 4 4737 4738 642
2166 2 2 10 4 4786 4787 494
2167 2 2 10 4 4789 4790 497
2168 2 2 10 4 4729 4730 635
2169 2 2 10 4 4777 4778 654
2170 2 2 10 4 5130 7324 5022
2171 2 2 10 4 3138 7006 3139
2172 2 2 10 4 4570 4573 4569
2173 2 2 10 4 5028 7505 6670
2174 2 2 10 4 1482 7512 4996
2175 2 2 10 4 4647 5724 4646
2176 2 2 10 4 5179 7084 6666
2177 2 2 10 4 1381 6204 1379
2178 2 2 10 4 5415 6695 545
2179 2 2 10 4 5546 7355 7136
2180 2 2 10 4 4617 5034 333
2181 2 2 10 4 4628 4807 481
2182 2 2 10 4 466 699 522
2183 2 2 10 4 423 4804 506
2184 2 2 10 4 451 4736 637
2185 2 2 10 4 383 4660 496
2186 2 2 10 4 449 4662 499
2187 2 2 10 4 313 4803 520
2188 2 2 10 4 477 4664 628
2189 2 2 10 4 361 4686 646
2190 2 2 10 4 425 4731 626
2191 2 2 10 4 289 4723 492
2192 2 2 10 4 377 4727 640
2193 2 2 10 4 385 4687 4653
2194 2 2 10 4 4688 4724 345
2195 2 2 10 4 459 4741 633
2196 2 2 10 4 379 4785 491
2197 2 2 10 4 285 4780 495
2198 2 2 10 4 287 4783 651
2199 2 2 10 4 443 4737 642
2200 2 2 10 4 445 4786 494
2201 2 2 10 4 457 4734 511
2202 2 2 10 4 447 4729 635
2203 2 2 10 4 435 4789 497
2204 2 2 10 4 433 4681 641
2205 2 2 10 4 293 4766 502
2206 2 2 10 4 453 4795 505
2207 2 2 10 4 429 4733 639
2208 2 2 10 4 412 4668 630
2209 2 2 10 4 375 4788 501
2210 2 2 10 4 329 4777 654
2211 2 2 10 4 331 5216 589
2212 2 2 10 4 6402 6925 4455
2213 2 2 10 4 2017 7645 4544
2214 2 2 10 4 5404 6206 6128
2215 2 2 10 4 848 4879 4878
2216 2 2 10 4 6397 6493 3669
2217 2 2 10 4 3642 6519 5035
2218 2 2 10 4 3809 6152 6026
2219 2 2 10 4 3179 4963 1116
2220 2 2 10 4 1388 4862 3763
2221 2 2 10 4 245 5407 5343
2222 2 2 10 4 1755 4859 885
2223 2 2 10 4 4568 6011 685
2224 2 2 10 4 4943 5100 4938
2225 2 2 10 4 5477 6632 6473
2226 2 2 10 4 6699 6797 5019
2227 2 2 10 4 973 5286 936
2228 2 2 10 4 5478 6836 3330
2229 2 2 10 4 1006 4986 3338
2230 2 2 10 4 5103 5104 5102
2231 2 2 10 4 4306 5986 3829
2232 2 2 10 4 7248 7287 4279
2233 2 2 10 4 5283 6726 2363
2234 2 2 10 4 6798 6909 3028
2235 2 2 10 4 3298 6159 4155
2236 2 2 10 4 4111 7557 4804
2237 2 2 10 4 4879 7459 6265
2238 2 2 10 4 4885 4886 2414
2239 2 2 10 4 4929 4935 4931
2240 2 2 10 4 3710 4526 4316
2241 2 2 10 4 3549 4943 4937
2242 2 2 10 4 4937 4943 4938
2243 2 2 10 4 207 5647 206
2244 2 2 10 4 5082 5190 1784
2245 2 2 10 4 4552 6010 3115
2246 2 2 10 4 2875 4934 4928
2247 2 2 10 4 991 5133 5132
2248 2 2 10 4 5638 6641 6566
2249 2 2 10 4 616 6684 6461
2250 2 2 10 4 6892 7019 4282
2251 2 2 10 4 5021 5129 5022
2252 2 2 10 4 2021 6558 6135
2253 2 2 10 4 5238 6774 4882
2254 2 2 10 4 873 5498 5101
2255 2 2 10 4 5171 5172 1757
2256 2 2 10 4 6111 7487 1665
2257 2 2 10 4 2989 4952 4951
2258 2 2 10 4 2821 6351 4483
2259 2 2 10 4 724 5280 3698
2260 2 2 10 4 5461 6052 2317
2261 2 2 10 4 2419 6753 6689
2262 2 2 10 4 5320 6154 916
2263 2 2 10 4 4136 7100 3545
2264 2 2 10 4 2378 7202 7142
2265 2 2 10 4 5273 5281 5271
2266 2 2 10 4 5295 7543 3875
2267 2 2 10 4 1289 5518 2125
2268 2 2 10 4 4551 5994 3506
2269 2 2 10 4 4356 6160 3371
2270 2 2 10 4 2118 7055 6893
2271 2 2 10 4 4987 5105 1761
2272 2 2 10 4 3125 5315 2450
2273 2 2 10 4 5097 5304 5095
2274 2 2 10 4 3075 7125 4532
2275 2 2 10 4 1535 6840 4861
2276 2 2 10 4 5670 5671 2229
2277 2 2 10 4 669 5495 5408
2278 2 2 10 4 3939 6584 3938
2279 2 2 10 4 4938 5100 4940
2280 2 2 10 4 5375 6204 1381
2281 2 2 10 4 6099 6105 3789
2282 2 2 10 4 6442 6668 3790
2283 2 2 10 4 4649 7346 5768
2284 2 2 10 4 4646 5724 4649
2285 2 2 10 4 1637 5003 5002
2286 2 2 10 4 5267 5268 1775
2287 2 2 10 4 3808 5612 4841
2288 2 2 10 4 2872 5616 2887
2289 2 2 10 4 6249 6823 4089
2290 2 2 10 4 4928 4934 4929
2291 2 2 10 4 2464 4948 2462
2292 2 2 10 4 6299 6375 5977
2293 2 2 10 4 4580 4581 3913
2294 2 2 10 4 5014 5015 2488
2295 2 2 10 4 1426 5108 1428
2296 2 2 10 4 3344 5053 1031
2297 2 2 10 4 5561 7372 1136
2298 2 2 10 4 2669 7550 5684
2299 2 2 10 4 2803 5632 5194
2300 2 2 10 4 5008 5803 5006
2301 2 2 10 4 5252 7555 3763
2302 2 2 10 4 2836 5641 4965
2303 2 2 10 4 4880 7459 4879
2304 2 2 10 4 828 5314 825
2305 2 2 10 4 3726 7049 6126
2306 2 2 10 4 1846 5538 2499
2307 2 2 10 4 5781 6975 6907
2308 2 2 10 4 5768 7017 4649
2309 2 2 10 4 4501 7086 564
2310 2 2 10 4 4426 7076 595
2311 2 2 10 4 5204 6050 3294
2312 2 2 10 4 6211 6613 2638
2313 2 2 10 4 5138 7232 7171
2314 2 2 10 4 2844 7082 5393
2315 2 2 10 4 713 6057 715
2316 2 2 10 4 4554 6403 2177
2317 2 2 10 4 1711 7261 4958
2318 2 2 10 4 4482 7328 687
2319 2 2 10 4 3347 4871 1783
2320 2 2 10 4 5371 7095 3988
2321 2 2 10 4 595 7192 4426
2322 2 2 10 4 6566 6641 5455
2323 2 2 10 4 2637 4961 2641
2324 2 2 10 4 242 4964 504
2325 2 2 10 4 2439 6512 4986
2326 2 2 10 4 998 5605 924
2327 2 2 10 4 4592 5052 3319
2328 2 2 10 4 1461 5000 1475
2329 2 2 10 4 4677 7386 2589
2330 2 2 10 4 6898 7009 4767
2331 2 2 10 4 5397 6585 4627
2332 2 2 10 4 4993 5105 4988
2333 2 2 10 4 1005 5085 980
2334 2 2 10 4 5118 7536 1918
2335 2 2 10 4 5037 5051 2840
2336 2 2 10 4 5107 5113 5106
2337 2 2 10 4 1754 6167 5210
2338 2 2 10 4 5268 5269 1781
2339 2 2 10 4 5445 5446 5444
2340 2 2 10 4 1346 4604 1348
2341 2 2 10 4 4576 7258 4575
2342 2 2 10 4 6004 6494 4543
2343 2 2 10 4 3750 6494 6004
2344 2 2 10 4 4568 7090 6011
2345 2 2 10 4 1004 7458 7429
2346 2 2 10 4 4578 5090 3043
2347 2 2 10 4 4596 5012 1201
2348 2 2 10 4 1209 4884 1237
2349 2 2 10 4 2989 4951 2854
2350 2 2 10 4 1637 5002 1629
2351 2 2 10 4 2803 5663 2772
2352 2 2 10 4 3506 6177 4551
2353 2 2 10 4 4516 5538 5537
2354 2 2 10 4 5460 6104 3116
2355 2 2 10 4 2829 6450 5046
2356 2 2 10 4 4662 6619 4663
2357 2 2 10 4 5160 5161 1839
2358 2 2 10 4 2943 5169 3282
2359 2 2 10 4 1549 5478 4854
2360 2 2 10 4 3549 4937 2460
2361 2 2 10 4 1317 6413 1319
2362 2 2 10 4 5620 7426 899
2363 2 2 10 4 1167 4838 1170
2364 2 2 10 4 848 4875 833
2365 2 2 10 4 545 6695 6624
2366 2 2 10 4 1135 5227 1138
2367 2 2 10 4 5535 7231 3719
2368 2 2 10 4 625 6436 4794
2369 2 2 10 4 1414 4874 1482
2370 2 2 10 4 1348 4604 1351
2371 2 2 10 4 4503 6935 6849
2372 2 2 10 4 5056 5057 3806
2373 2 2 10 4 1285 4885 2414
2374 2 2 10 4 5241 5513 4065
2375 2 2 10 4 1545 5063 863
2376 2 2 10 4 568 7236 4378
2377 2 2 10 4 3066 6571 6445
2378 2 2 10 4 3906 5931 4360
2379 2 2 10 4 4922 7403 4923
2380 2 2 10 4 7429 7458 4583
2381 2 2 10 4 5449 7256 3560
2382 2 2 10 4 3384 6202 5313
2383 2 2 10 4 5004 6617 580
2384 2 2 10 4 4831 7630 7249
2385 2 2 10 4 5515 7182 3924
2386 2 2 10 4 1596 5447 5011
2387 2 2 10 4 991 5132 912
2388 2 2 10 4 5108 5110 1428
2389 2 2 10 4 2875 4928 2864
2390 2 2 10 4 4553 5083 1793
2391 2 2 10 4 4988 5105 4987
2392 2 2 10 4 1377 5062 1381
2393 2 2 10 4 5505 5507 544
2394 2 2 10 4 6365 6374 2821
2395 2 2 10 4 6101 7070 4075
2396 2 2 10 4 5038 5051 5037
2397 2 2 10 4 4408 6783 3752
2398 2 2 10 4 3505 6511 4730
2399 2 2 10 4 2235 7397 5277
2400 2 2 10 4 3042 5946 5713
2401 2 2 10 4 1119 5092 1040
2402 2 2 10 4 4004 6569 4334
2403 2 2 10 4 4947 5315 3125
2404 2 2 10 4 3379 6952 3378
2405 2 2 10 4 5313 6202 5175
2406 2 2 10 4 246 5407 245
2407 2 2 10 4 5184 5187 5185
2408 2 2 10 4 4718 6601 6276
2409 2 2 10 4 1373 5102 1547
2410 2 2 10 4 2836 4965 2771
2411 2 2 10 4 3361 5171 1337
2412 2 2 10 4 4194 5287 5232
2413 2 2 10 4 4747 6553 4746
2414 2 2 10 4 4656 4658 4657
2415 2 2 10 4 4769 4866 4768
2416 2 2 10 4 4719 5485 4720
2417 2 2 10 4 6748 6754 3950
2418 2 2 10 4 5286 6538 5285
2419 2 2 10 4 1896 5628 1828
2420 2 2 10 4 5003 6012 5002
2421 2 2 10 4 873 5101 5093
2422 2 2 10 4 4328 7245 7078
2423 2 2 10 4 1796 5252 4862
2424 2 2 10 4 4771 7116 5766
2425 2 2 10 4 1155 5127 1158
2426 2 2 10 4 4863 6438 3715
2427 2 2 10 4 4030 6668 6442
2428 2 2 10 4 5105 5107 5106
2429 2 2 10 4 4776 7032 5551
2430 2 2 10 4 3920 7500 5086
2431 2 2 10 4 5273 5282 5281
2432 2 2 10 4 3541 5056 3806
2433 2 2 10 4 4519 6530 4522
2434 2 2 10 4 3865 5195 3760
2435 2 2 10 4 6684 6749 4563
2436 2 2 10 4 5095 5304 1478
2437 2 2 10 4 4410 6859 6115
2438 2 2 10 4 4253 7445 4641
2439 2 2 10 4 4075 7344 6101
2440 2 2 10 4 4534 5483 4051
2441 2 2 10 4 2691 4997 3733
2442 2 2 10 4 4832 5323 3178
2443 2 2 10 4 6587 7603 2370
2444 2 2 10 4 4307 6667 3756
2445 2 2 10 4 4486 6657 2993
2446 2 2 10 4 5409 6422 5410
2447 2 2 10 4 5096 6658 5097
2448 2 2 10 4 5534 7068 2403
2449 2 2 10 4 6082 7104 5521
2450 2 2 10 4 4671 5055 4669
2451 2 2 10 4 4631 5614 4629
2452 2 2 10 4 1424 4987 1761
2453 2 2 10 4 5611 6660 6417
2454 2 2 10 4 808 5301 812
2455 2 2 10 4 5618 5779 4103
2456 2 2 10 4 4256 7212 5223
2457 2 2 10 4 53 6642 52
2458 2 2 10 4 1615 5209 1606
2459 2 2 10 4 6814 7008 4592
2460 2 2 10 4 1789 5145 1442
2461 2 2 10 4 6654 6769 3954
2462 2 2 10 4 5126 6305 3873
2463 2 2 10 4 4378 7236 4517
2464 2 2 10 4 4463 4837 4451
2465 2 2 10 4 4345 4530 4344
2466 2 2 10 4 5302 7495 4877
2467 2 2 10 4 826 6754 6748
2468 2 2 10 4 4323 7030 6735
2469 2 2 10 4 3184 4869 2678
2470 2 2 10 4 4889 5089 4901
2471 2 2 10 4 3665 6568 5660
2472 2 2 10 4 2138 5024 1297
2473 2 2 10 4 7048 7105 2616
2474 2 2 10 4 1576 5014 2488
2475 2 2 10 4 1686 5460 1700
2476 2 2 10 4 5141 7607 5247
2477 2 2 10 4 1397 6176 1400
2478 2 2 10 4 2325 7054 4634
2479 2 2 10 4 2550 5670 2227
2480 2 2 10 4 1821 5335 1822
2481 2 2 10 4 5544 7272 6976
2482 2 2 10 4 5102 5104 1547
2483 2 2 10 4 5113 5480 2661
2484 2 2 10 4 4459 7511 552
2485 2 2 10 4 2930 5168 2924
2486 2 2 10 4 4777 6736 4778
2487 2 2 10 4 1239 5214 1232
2488 2 2 10 4 4461 4462 4458
2489 2 2 10 4 1089 5461 2317
2490 2 2 10 4 6731 6909 4472
2491 2 2 10 4 6844 7452 6769
2492 2 2 10 4 1490 5126 1500
2493 2 2 10 4 1963 5030 788
2494 2 2 10 4 835 4880 848
2495 2 2 10 4 7236 7457 4517
2496 2 2 10 4 550 7541 4487
2497 2 2 10 4 4507 6550 1259
2498 2 2 10 4 894 5177 892
2499 2 2 10 4 3311 7580 4691
2500 2 2 10 4 5000 5174 1475
2501 2 2 10 4 4721 7124 4818
2502 2 2 10 4 4922 7264 7103
2503 2 2 10 4 847 5187 5184
2504 2 2 10 4 4969 5060 4973
2505 2 2 10 4 4760 7381 5291
2506 2 2 10 4 4869 5985 3235
2507 2 2 10 4 3722 5267 2713
2508 2 2 10 4 3465 6177 3506
2509 2 2 10 4 4820 7116 4770
2510 2 2 10 4 3337 5483 2645
2511 2 2 10 4 2779 5037 2840
2512 2 2 10 4 354 4627 355
2513 2 2 10 4 342 5059 343
2514 2 2 10 4 7011 7087 4127
2515 2 2 10 4 5437 5935 3588
2516 2 2 10 4 6535 6661 5619
2517 2 2 10 4 7258 7639 4575
2518 2 2 10 4 2437 5058 1301
2519 2 2 10 4 2084 6626 5251
2520 2 2 10 4 5660 6568 1780
2521 2 2 10 4 1147 6678 4950
2522 2 2 10 4 797 5190 799
2523 2 2 10 4 3285 5627 3349
2524 2 2 10 4 855 5061 2523
2525 2 2 10 4 1839 5161 1837
2526 2 2 10 4 4760 7416 7381
2527 2 2 10 4 5556 6629 5555
2528 2 2 10 4 5684 7489 2669
2529 2 2 10 4 4385 7271 1498
2530 2 2 10 4 1015 7072 6855
2531 2 2 10 4 4398 4399 4397
2532 2 2 10 4 6293 6491 4202
2533 2 2 10 4 2499 5538 3527
2534 2 2 10 4 7448 7480 2583
2535 2 2 10 4 4714 7532 2292
2536 2 2 10 4 5289 7063 4257
2537 2 2 10 4 1034 4861 1011
2538 2 2 10 4 4862 5252 3763
2539 2 2 10 4 853 5080 793
2540 2 2 10 4 3789 6537 6100
2541 2 2 10 4 5360 7156 3616
2542 2 2 10 4 4956 4959 4958
2543 2 2 10 4 4877 5314 1555
2544 2 2 10 4 6799 6896 3973
2545 2 2 10 4 7325 7438 5371
2546 2 2 10 4 1531 6843 5226
2547 2 2 10 4 1400 6176 5311
2548 2 2 10 4 6841 7010 4281
2549 2 2 10 4 6244 6533 4057
2550 2 2 10 4 6522 7165 6835
2551 2 2 10 4 6492 6495 2538
2552 2 2 10 4 2583 7480 5787
2553 2 2 10 4 5271 5281 928
2554 2 2 10 4 4323 6735 6709
2555 2 2 10 4 6675 6881 4062
2556 2 2 10 4 1903 5950 1916
2557 2 2 10 4 4934 6913 4935
2558 2 2 10 4 6022 7107 5523
2559 2 2 10 4 4955 4956 3127
2560 2 2 10 4 6484 6547 3216
2561 2 2 10 4 892 5177 5176
2562 2 2 10 4 6806 7198 4097
2563 2 2 10 4 1584 5115 2615
2564 2 2 10 4 5265 5636 3922
2565 2 2 10 4 1783 4871 1161
2566 2 2 10 4 4100 6652 6479
2567 2 2 10 4 1114 7062 3179
2568 2 2 10 4 5106 5113 5109
2569 2 2 10 4 1554 6096 1084
2570 2 2 10 4 4536 7633 1468
2571 2 2 10 4 1700 5460 3116
2572 2 2 10 4 4474 5522 4464
2573 2 2 10 4 873 5093 870
2574 2 2 10 4 4460 5151 4523
2575 2 2 10 4 1339 6129 1336
2576 2 2 10 4 4281 7010 4167
2577 2 2 10 4 2960 6410 6254
2578 2 2 10 4 687 7338 4482
2579 2 2 10 4 6322 6971 3976
2580 2 2 10 4 1244 5213 2494
2581 2 2 10 4 5809 6547 4811
2582 2 2 10 4 4006 7162 5368
2583 2 2 10 4 4811 6547 4625
2584 2 2 10 4 715 6057 5299
2585 2 2 10 4 4127 7087 5517
2586 2 2 10 4 1902 5630 5339
2587 2 2 10 4 3229 6103 5657
2588 2 2 10 4 4853 7191 3317
2589 2 2 10 4 3570 6166 5646
2590 2 2 10 4 509 6049 5485
2591 2 2 10 4 4693 6049 4692
2592 2 2 10 4 3809 6510 5205
2593 2 2 10 4 5356 5360 5355
2594 2 2 10 4 3719 6887 5316
2595 2 2 10 4 6254 6410 5417
2596 2 2 10 4 1236 6797 6699
2597 2 2 10 4 2713 5267 1956
2598 2 2 10 4 1962 5173 1095
2599 2 2 10 4 5443 5445 5444
2600 2 2 10 4 5581 7390 1545
2601 2 2 10 4 1612 6906 1614
2602 2 2 10 4 5534 7014 5533
2603 2 2 10 4 5044 6784 5051
2604 2 2 10 4 5620 6945 4032
2605 2 2 10 4 3331 5623 5191
2606 2 2 10 4 1248 5288 1252
2607 2 2 10 4 3319 5052 3180
2608 2 2 10 4 3966 7265 4774
2609 2 2 10 4 4627 6585 554
2610 2 2 10 4 3326 5125 4850
2611 2 2 10 4 5521 7104 7067
2612 2 2 10 4 3585 5300 4554
2613 2 2 10 4 249 5495 669
2614 2 2 10 4 2932 5169 2943
2615 2 2 10 4 5589 5765 2470
2616 2 2 10 4 3433 5589 3435
2617 2 2 10 4 4804 6998 4111
2618 2 2 10 4 621 6126 4651
2619 2 2 10 4 6914 7065 2405
2620 2 2 10 4 4172 6999 4173
2621 2 2 10 4 1476 5183 1438
2622 2 2 10 4 502 7009 5974
2623 2 2 10 4 4562 6749 614
2624 2 2 10 4 5201 5202 3885
2625 2 2 10 4 6033 6036 3398
2626 2 2 10 4 853 6430 5080
2627 2 2 10 4 1385 4862 1388
2628 2 2 10 4 5077 6123 5076
2629 2 2 10 4 847 5184 801
2630 2 2 10 4 4541 5550 4542
2631 2 2 10 4 2789 5181 2829
2632 2 2 10 4 3294 6050 2940
2633 2 2 10 4 512 6588 4650
2634 2 2 10 4 6976 7272 4567
2635 2 2 10 4 4505 7548 3589
2636 2 2 10 4 3694 6482 5101
2637 2 2 10 4 3360 6420 5471
2638 2 2 10 4 6290 6677 3411
2639 2 2 10 4 5206 5207 1620
2640 2 2 10 4 3361 5172 5171
2641 2 2 10 4 7155 7235 4139
2642 2 2 10 4 4935 6913 4936
2643 2 2 10 4 2614 5630 2608
2644 2 2 10 4 5093 5101 5094
2645 2 2 10 4 2799 4853 2797
2646 2 2 10 4 5551 7032 3878
2647 2 2 10 4 1821 6459 4537
2648 2 2 10 4 944 4854 942
2649 2 2 10 4 1321 4867 1323
2650 2 2 10 4 4174 6682 5545
2651 2 2 10 4 1500 5126 1513
2652 2 2 10 4 1822 5335 1825
2653 2 2 10 4 4616 6909 6798
2654 2 2 10 4 5197 5198 1233
2655 2 2 10 4 5346 5347 1963
2656 2 2 10 4 1574 5955 1572
2657 2 2 10 4 981 6788 4422
2658 2 2 10 4 4320 4321 4319
2659 2 2 10 4 1841 5160 1839
2660 2 2 10 4 6253 6498 5577
2661 2 2 10 4 6067 6184 5576
2662 2 2 10 4 5217 5218 4620
2663 2 2 10 4 1026 4986 1006
2664 2 2 10 4 885 4859 882
2665 2 2 10 4 2929 5191 2927
2666 2 2 10 4 557 6999 4822
2667 2 2 10 4 5242 5243 999
2668 2 2 10 4 3677 5636 5265
2669 2 2 10 4 2369 4844 2367
2670 2 2 10 4 1116 4963 1118
2671 2 2 10 4 7324 7654 5022
2672 2 2 10 4 3523 5013 3401
2673 2 2 10 4 776 6120 5258
2674 2 2 10 4 6219 7284 7147
2675 2 2 10 4 4086 7058 6803
2676 2 2 10 4 5361 6083 670
2677 2 2 10 4 5489 6272 3702
2678 2 2 10 4 3790 7235 6442
2679 2 2 10 4 2793 5231 2832
2680 2 2 10 4 5541 7047 4276
2681 2 2 10 4 938 5230 973
2682 2 2 10 4 4958 7261 4085
2683 2 2 10 4 1031 5053 1066
2684 2 2 10 4 2404 6107 4885
2685 2 2 10 4 7120 7549 622
2686 2 2 10 4 5387 7620 547
2687 2 2 10 4 1687 4595 4594
2688 2 2 10 4 4854 5478 3330
2689 2 2 10 4 45 5025 44
2690 2 2 10 4 5167 7089 2310
2691 2 2 10 4 2588 5514 5465
2692 2 2 10 4 174 7333 5010
2693 2 2 10 4 5646 6397 3570
2694 2 2 10 4 4602 6996 5488
2695 2 2 10 4 1104 5571 2084
2696 2 2 10 4 6032 6634 4208
2697 2 2 10 4 4951 4955 3127
2698 2 2 10 4 5795 7641 7124
2699 2 2 10 4 2084 5251 1106
2700 2 2 10 4 5036 7441 4125
2701 2 2 10 4 1149 4950 1152
2702 2 2 10 4 3116 6104 5635
2703 2 2 10 4 5195 5663 2803
2704 2 2 10 4 1337 5171 1340
2705 2 2 10 4 4961 6119 2641
2706 2 2 10 4 4931 7389 5649
2707 2 2 10 4 520 7479 4704
2708 2 2 10 4 1755 7623 4868
2709 2 2 10 4 4519 4521 4520
2710 2 2 10 4 4831 4832 3178
2711 2 2 10 4 528 7463 4755
2712 2 2 10 4 4267 7061 5374
2713 2 2 10 4 667 7274 4392
2714 2 2 10 4 4257 7060 5289
2715 2 2 10 4 1181 5083 1182
2716 2 2 10 4 2624 5178 727
2717 2 2 10 4 592 5621 4630
2718 2 2 10 4 529 5622 4670
2719 2 2 10 4 4776 5551 648
2720 2 2 10 4 2989 4960 4953
2721 2 2 10 4 5371 7438 5372
2722 2 2 10 4 4045 5662 3079
2723 2 2 10 4 2379 5662 2381
2724 2 2 10 4 974 6163 754
2725 2 2 10 4 812 5261 5260
2726 2 2 10 4 3649 6867 6740
2727 2 2 10 4 1834 5253 1832
2728 2 2 10 4 4770 7116 4771
2729 2 2 10 4 892 5176 889
2730 2 2 10 4 4255 7218 7212
2731 2 2 10 4 4839 6156 3350
2732 2 2 10 4 1193 5199 1194
2733 2 2 10 4 4541 4542 3213
2734 2 2 10 4 4564 4871 3347
2735 2 2 10 4 4345 5228 5227
2736 2 2 10 4 863 5063 861
2737 2 2 10 4 814 5290 810
2738 2 2 10 4 4284 6495 6492
2739 2 2 10 4 6978 7426 5620
2740 2 2 10 4 2170 6634 6032
2741 2 2 10 4 661 6473 4602
2742 2 2 10 4 5632 6554 4025
2743 2 2 10 4 1153 5127 1155
2744 2 2 10 4 715 5299 717
2745 2 2 10 4 5339 5630 3795
2746 2 2 10 4 3737 5090 3739
2747 2 2 10 4 4464 5090 3737
2748 2 2 10 4 5427 6844 6769
2749 2 2 10 4 898 5529 2472
2750 2 2 10 4 1201 5012 1202
2751 2 2 10 4 2619 6425 4809
2752 2 2 10 4 1246 5288 1248
2753 2 2 10 4 968 5529 898
2754 2 2 10 4 4796 6873 4098
2755 2 2 10 4 3126 7349 4105
2756 2 2 10 4 3092 6231 2659
2757 2 2 10 4 1040 5092 1038
2758 2 2 10 4 4561 5290 814
2759 2 2 10 4 597 5424 93
2760 2 2 10 4 2924 5168 2921
2761 2 2 10 4 1370 5102 1373
2762 2 2 10 4 6477 7192 5421
2763 2 2 10 4 4484 7114 682
2764 2 2 10 4 2638 6613 4603
2765 2 2 10 4 824 5175 821
2766 2 2 10 4 2813 5540 2820
2767 2 2 10 4 2830 5323 5064
2768 2 2 10 4 5192 6696 2085
2769 2 2 10 4 1375 5062 1377
2770 2 2 10 4 1454 6151 1465
2771 2 2 10 4 5339 5629 1859
2772 2 2 10 4 3494 5570 2721
2773 2 2 10 4 5079 6917 2049
2774 2 2 10 4 4052 6546 4615
2775 2 2 10 4 4445 5475 4442
2776 2 2 10 4 4590 7498 538
2777 2 2 10 4 977 6174 965
2778 2 2 10 4 1901 5385 1802
2779 2 2 10 4 4634 7339 2325
2780 2 2 10 4 3116 5635 3901
2781 2 2 10 4 6479 6652 2831
2782 2 2 10 4 5580 5581 1545
2783 2 2 10 4 33 5369 662
2784 2 2 10 4 1406 5211 1407
2785 2 2 10 4 678 5025 45
2786 2 2 10 4 3865 5663 5195
2787 2 2 10 4 5470 5611 5471
2788 2 2 10 4 5202 7294 3885
2789 2 2 10 4 3389 5033 3585
2790 2 2 10 4 1782 6192 2316
2791 2 2 10 4 2075 7207 6745
2792 2 2 10 4 4833 7249 1361
2793 2 2 10 4 2798 6304 2843
2794 2 2 10 4 2315 6197 1527
2795 2 2 10 4 2614 6250 5630
2796 2 2 10 4 842 5590 839
2797 2 2 10 4 1559 4882 4881
2798 2 2 10 4 3332 5201 3885
2799 2 2 10 4 5191 5623 2937
2800 2 2 10 4 976 6213 994
2801 2 2 10 4 766 5225 767
2802 2 2 10 4 3689 6658 5096
2803 2 2 10 4 908 5131 986
2804 2 2 10 4 2392 5396 3358
2805 2 2 10 4 5571 6133 2084
2806 2 2 10 4 5007 5008 5006
2807 2 2 10 4 2951 5933 2949
2808 2 2 10 4 3369 5346 782
2809 2 2 10 4 3702 6272 4593
2810 2 2 10 4 1610 5206 1620
2811 2 2 10 4 896 5091 970
2812 2 2 10 4 967 5084 981
2813 2 2 10 4 1472 5205 1493
2814 2 2 10 4 4370 5599 3256
2815 2 2 10 4 2593 5599 2595
2816 2 2 10 4 4592 7147 5052
2817 2 2 10 4 4993 5107 5105
2818 2 2 10 4 1199 5197 1233
2819 2 2 10 4 3627 5194 4025
2820 2 2 10 4 717 5299 725
2821 2 2 10 4 5225 7248 7123
2822 2 2 10 4 5416 7283 666
2823 2 2 10 4 1455 5144 1548
2824 2 2 10 4 514 6427 4320
2825 2 2 10 4 4462 7640 5456
2826 2 2 10 4 4345 5227 4530
2827 2 2 10 4 4796 7475 591
2828 2 2 10 4 4493 5334 4494
2829 2 2 10 4 4050 5192 4347
2830 2 2 10 4 5465 5467 2588
2831 2 2 10 4 2624 5179 5178
2832 2 2 10 4 5064 5323 4832
2833 2 2 10 4 4196 5232 4202
2834 2 2 10 4 5384 7117 6941
2835 2 2 10 4 4899 5518 4887
2836 2 2 10 4 2600 5117 2602
2837 2 2 10 4 3676 5447 2525
2838 2 2 10 4 5408 5409 5405
2839 2 2 10 4 4324 7030 4323
2840 2 2 10 4 5036 6555 4781
2841 2 2 10 4 1238 7031 4502
2842 2 2 10 4 622 7549 4788
2843 2 2 10 4 2583 7416 4760
2844 2 2 10 4 4700 6049 4697
2845 2 2 10 4 5500 6324 5499
2846 2 2 10 4 4686 7111 5239
2847 2 2 10 4 920 5242 999
2848 2 2 10 4 4858 6278 1558
2849 2 2 10 4 1458 5000 1461
2850 2 2 10 4 3561 5439 5438
2851 2 2 10 4 4516 5537 1949
2852 2 2 10 4 2993 7093 4486
2853 2 2 10 4 3411 6533 6244
2854 2 2 10 4 4950 6678 4856
2855 2 2 10 4 2371 6516 5150
2856 2 2 10 4 1161 4871 1163
2857 2 2 10 4 985 6389 5224
2858 2 2 10 4 4887 5518 2414
2859 2 2 10 4 3379 7036 6952
2860 2 2 10 4 4760 7448 2583
2861 2 2 10 4 985 5224 997
2862 2 2 10 4 1223 5222 1226
2863 2 2 10 4 6125 6574 4154
2864 2 2 10 4 954 5317 749
2865 2 2 10 4 4423 6846 6518
2866 2 2 10 4 213 6013 537
2867 2 2 10 4 5130 7176 1258
2868 2 2 10 4 5482 5490 227
2869 2 2 10 4 776 5258 777
2870 2 2 10 4 5033 5300 3585
2871 2 2 10 4 1629 5002 1627
2872 2 2 10 4 1258 7324 5130
2873 2 2 10 4 3134 5241 4065
2874 2 2 10 4 4664 7644 4640
2875 2 2 10 4 5218 7163 4621
2876 2 2 10 4 4527 7358 3334
2877 2 2 10 4 4058 6656 6244
2878 2 2 10 4 4394 6635 4846
2879 2 2 10 4 5635 6036 3901
2880 2 2 10 4 4563 6749 4562
2881 2 2 10 4 4963 6562 3322
2882 2 2 10 4 782 5346 783
2883 2 2 10 4 1637 5751 5003
2884 2 2 10 4 819 5526 822
2885 2 2 10 4 5160 6005 5161
2886 2 2 10 4 3334 5290 4561
2887 2 2 10 4 3722 5268 5267
2888 2 2 10 4 926 5281 998
2889 2 2 10 4 5336 5337 4499
2890 2 2 10 4 1605 5481 1624
2891 2 2 10 4 2431 5173 3391
2892 2 2 10 4 1830 5284 1896
2893 2 2 10 4 4290 6746 6562
2894 2 2 10 4 1241 5213 1244
2895 2 2 10 4 3502 6041 5625
2896 2 2 10 4 824 5313 5175
2897 2 2 10 4 14 5151 552
2898 2 2 10 4 4392 7121 667
2899 2 2 10 4 2119 5220 2536
2900 2 2 10 4 5353 5354 538
2901 2 2 10 4 5355 5360 676
2902 2 2 10 4 1572 5955 5023
2903 2 2 10 4 4003 7297 5223
2904 2 2 10 4 2635 4961 2637
2905 2 2 10 4 3815 6159 3298
2906 2 2 10 4 1954 5350 753
2907 2 2 10 4 3694 5498 1953
2908 2 2 10 4 5462 5514 1805
2909 2 2 10 4 2989 4953 4952
2910 2 2 10 4 6439 6647 1548
2911 2 2 10 4 1854 5629 2561
2912 2 2 10 4 4517 7457 579
2913 2 2 10 4 4654 6503 558
2914 2 2 10 4 4941 6835 4942
2915 2 2 10 4 547 6037 17
2916 2 2 10 4 5165 5166 4134
2917 2 2 10 4 4211 7398 7378
2918 2 2 10 4 670 6083 234
2919 2 2 10 4 5116 5117 2600
2920 2 2 10 4 5129 6940 5130
2921 2 2 10 4 3733 6256 4039
2922 2 2 10 4 276 5365 571
2923 2 2 10 4 1152 4950 2522
2924 2 2 10 4 3561 5438 3098
2925 2 2 10 4 4276 7158 5541
2926 2 2 10 4 4378 7214 568
2927 2 2 10 4 6764 6854 5131
2928 2 2 10 4 5101 7624 5094
2929 2 2 10 4 5082 7253 5188
2930 2 2 10 4 5337 5933 2951
2931 2 2 10 4 1338 5388 1333
2932 2 2 10 4 6817 7229 5057
2933 2 2 10 4 505 6584 4666
2934 2 2 10 4 2345 6574 6125
2935 2 2 10 4 3549 4944 4943
2936 2 2 10 4 2454 4945 2452
2937 2 2 10 4 6565 7387 6369
2938 2 2 10 4 1528 5479 1327
2939 2 2 10 4 4506 6767 2148
2940 2 2 10 4 1394 5396 2392
2941 2 2 10 4 4579 7277 560
2942 2 2 10 4 6488 7183 2586
2943 2 2 10 4 3710 5679 4526
2944 2 2 10 4 817 5526 819
2945 2 2 10 4 3843 5376 4293
2946 2 2 10 4 4139 7235 4310
2947 2 2 10 4 6408 6615 2408
2948 2 2 10 4 2754 5419 2845
2949 2 2 10 4 4886 4887 2414
2950 2 2 10 4 6219 7147 1907
2951 2 2 10 4 4998 6256 4997
2952 2 2 10 4 2430 6556 4553
2953 2 2 10 4 5170 6762 4090
2954 2 2 10 4 6007 6542 1453
2955 2 2 10 4 2141 5491 5001
2956 2 2 10 4 980 5085 972
2957 2 2 10 4 4598 7635 1546
2958 2 2 10 4 1825 5335 5333
2959 2 2 10 4 4594 5599 4370
2960 2 2 10 4 993 6136 988
2961 2 2 10 4 4607 5098 4609
2962 2 2 10 4 1474 5095 1478
2963 2 2 10 4 1802 5385 1800
2964 2 2 10 4 7131 7175 2046
2965 2 2 10 4 815 5233 814
2966 2 2 10 4 5599 6446 2595
2967 2 2 10 4 1820 5296 1819
2968 2 2 10 4 2306 5588 4371
2969 2 2 10 4 5718 6212 3550
2970 2 2 10 4 690 5945 5689
2971 2 2 10 4 669 5402 5401
2972 2 2 10 4 2854 4951 2852
2973 2 2 10 4 4365 7555 7360
2974 2 2 10 4 3916 5469 3143
2975 2 2 10 4 3540 5056 3541
2976 2 2 10 4 3127 4957 2850
2977 2 2 10 4 2525 5447 1764
2978 2 2 10 4 991 5134 5133
2979 2 2 10 4 4712 7467 2257
2980 2 2 10 4 4461 6040 4462
2981 2 2 10 4 1949 5537 1852
2982 2 2 10 4 5574 6431 2714
2983 2 2 10 4 1468 7619 4536
2984 2 2 10 4 1444 5145 5144
2985 2 2 10 4 1036 5054 1535
2986 2 2 10 4 5443 5444 567
2987 2 2 10 4 1737 5532 1598
2988 2 2 10 4 4882 4883 4881
2989 2 2 10 4 2450 5315 2446
2990 2 2 10 4 5440 5441 665
2991 2 2 10 4 5424 5425 5422
2992 2 2 10 4 4783 6212 651
2993 2 2 10 4 2561 5629 3795
2994 2 2 10 4 5029 5570 3494
2995 2 2 10 4 4031 7364 5230
2996 2 2 10 4 15 5151 14
2997 2 2 10 4 5212 6462 3573
2998 2 2 10 4 5107 5480 5113
2999 2 2 10 4 7220 7551 5835
3000 2 2 10 4 2579 7334 4622
3001 2 2 10 4 5402 5408 5405
3002 2 2 10 4 2955 5338 3294
3003 2 2 10 4 1207 4884 1209
3004 2 2 10 4 610 6437 5690
3005 2 2 10 4 4626 4627 354
3006 2 2 10 4 4810 5059 342
3007 2 2 10 4 4904 6577 2178
3008 2 2 10 4 5209 5210 5208
3009 2 2 10 4 4804 7557 506
3010 2 2 10 4 547 7620 6496
3011 2 2 10 4 4679 6528 526
3012 2 2 10 4 5162 5163 1863
3013 2 2 10 4 5475 6131 4440
3014 2 2 10 4 3548 6151 1454
3015 2 2 10 4 1416 6200 1418
3016 2 2 10 4 1257 6065 5294
3017 2 2 10 4 2835 6079 6060
3018 2 2 10 4 5172 7446 3866
3019 2 2 10 4 5718 6740 6212
3020 2 2 10 4 1257 5294 1263
3021 2 2 10 4 645 4749 4748
3022 2 2 10 4 4642 4643 569
3023 2 2 10 4 4625 5307 618
3024 2 2 10 4 508 4658 4656
3025 2 2 10 4 509 5485 4719
3026 2 2 10 4 505 4666 4665
3027 2 2 10 4 649 4769 4768
3028 2 2 10 4 526 4820 4819
3029 2 2 10 4 638 4693 4692
3030 2 2 10 4 4653 4654 558
3031 2 2 10 4 4732 5229 636
3032 2 2 10 4 4817 4818 541
3033 2 2 10 4 631 4646 4645
3034 2 2 10 4 4797 4798 575
3035 2 2 10 4 4656 4657 621
3036 2 2 10 4 4768 4866 512
3037 2 2 10 4 4724 4725 593
3038 2 2 10 4 4719 4720 632
3039 2 2 10 4 555 4814 4813
3040 2 2 10 4 3704 5336 4537
3041 2 2 10 4 847 5188 5187
3042 2 2 10 4 1292 5601 1290
3043 2 2 10 4 578 7041 4601
3044 2 2 10 4 5116 5118 5117
3045 2 2 10 4 107 5429 600
3046 2 2 10 4 4549 7221 7122
3047 2 2 10 4 3811 6528 3812
3048 2 2 10 4 2858 4960 2856
3049 2 2 10 4 4888 5089 4889
3050 2 2 10 4 2900 6673 6127
3051 2 2 10 4 6812 7584 3941
3052 2 2 10 4 2460 4937 2458
3053 2 2 10 4 1953 5498 878
3054 2 2 10 4 3786 5519 4130
3055 2 2 10 4 5391 6857 6644
3056 2 2 10 4 2937 5600 2926
3057 2 2 10 4 3398 6036 5552
3058 2 2 10 4 2765 6280 2763
3059 2 2 10 4 2598 5116 2600
3060 2 2 10 4 965 6174 3551
3061 2 2 10 4 4886 4888 4887
3062 2 2 10 4 4953 4954 4952
3063 2 2 10 4 1442 5145 1444
3064 2 2 10 4 2310 7312 5167
3065 2 2 10 4 86 7572 4515
3066 2 2 10 4 4044 5985 4869
3067 2 2 10 4 1603 5481 1605
3068 2 2 10 4 6265 7592 4879
3069 2 2 10 4 110 5345 682
3070 2 2 10 4 5383 5384 1338
3071 2 2 10 4 5224 5279 2603
3072 2 2 10 4 179 5413 572
3073 2 2 10 4 5409 5410 5405
3074 2 2 10 4 118 5443 567
3075 2 2 10 4 44 5025 533
3076 2 2 10 4 574 5416 84
3077 2 2 10 4 4829 5298 4830
3078 2 2 10 4 830 6233 5493
3079 2 2 10 4 181 5440 665
3080 2 2 10 4 666 5448 82
3081 2 2 10 4 4725 6685 5946
3082 2 2 10 4 6127 6673 5406
3083 2 2 10 4 1283 4885 1285
3084 2 2 10 4 568 5436 145
3085 2 2 10 4 3659 5539 3664
3086 2 2 10 4 5049 7028 5048
3087 2 2 10 4 833 4875 831
3088 2 2 10 4 563 5477 80
3089 2 2 10 4 5967 6068 1788
3090 2 2 10 4 601 5454 5453
3091 2 2 10 4 183 5473 562
3092 2 2 10 4 663 5470 143
3093 2 2 10 4 3375 5279 4297
3094 2 2 10 4 1009 5958 993
3095 2 2 10 4 597 5425 5424
3096 2 2 10 4 766 7287 7248
3097 2 2 10 4 6233 6748 3950
3098 2 2 10 4 5221 5223 5222
3099 2 2 10 4 1412 4874 1414
3100 2 2 10 4 5015 5017 5016
3101 2 2 10 4 4637 5614 4631
3102 2 2 10 4 2295 6192 1782
3103 2 2 10 4 5015 5016 2488
3104 2 2 10 4 122 5486 561
3105 2 2 10 4 6918 6963 3928
3106 2 2 10 4 1847 5538 1846
3107 2 2 10 4 5272 5278 5273
3108 2 2 10 4 661 5488 78
3109 2 2 10 4 2659 6231 2707
3110 2 2 10 4 540 5348 254
3111 2 2 10 4 229 5344 543
3112 2 2 10 4 2300 5310 2120
3113 2 2 10 4 272 5353 538
3114 2 2 10 4 231 5355 676
3115 2 2 10 4 185 5484 660
3116 2 2 10 4 681 5340 256
3117 2 2 10 4 537 5351 212
3118 2 2 10 4 3404 5559 5310
3119 2 2 10 4 5221 5222 1223
3120 2 2 10 4 675 5370 252
3121 2 2 10 4 810 5290 809
3122 2 2 10 4 1926 6471 6308
3123 2 2 10 4 34 5369 33
3124 2 2 10 4 4749 6601 4748
3125 2 2 10 4 279 5434 619
3126 2 2 10 4 2768 5632 2770
3127 2 2 10 4 4833 4834 4832
3128 2 2 10 4 274 5377 673
3129 2 2 10 4 548 5330 258
3130 2 2 10 4 549 5509 76
3131 2 2 10 4 4542 5550 4949
3132 2 2 10 4 124 5502 658
3133 2 2 10 4 669 5401 248
3134 2 2 10 4 657 5510 139
3135 2 2 10 4 5501 6444 6339
3136 2 2 10 4 5105 5106 1761
3137 2 2 10 4 187 5505 544
3138 2 2 10 4 235 5389 670
3139 2 2 10 4 1527 6197 2105
3140 2 2 10 4 689 6796 5613
3141 2 2 10 4 266 5329 686
3142 2 2 10 4 3911 6901 6603
3143 2 2 10 4 4599 6160 4356
3144 2 2 10 4 812 5260 813
3145 2 2 10 4 3899 5779 5618
3146 2 2 10 4 4557 5618 4103
3147 2 2 10 4 5407 6968 5343
3148 2 2 10 4 3866 7646 5172
3149 2 2 10 4 3543 5165 4134
3150 2 2 10 4 4071 7055 6987
3151 2 2 10 4 754 6163 752
3152 2 2 10 4 5403 5406 517
3153 2 2 10 4 5244 5605 5248
3154 2 2 10 4 4669 5055 4673
3155 2 2 10 4 4629 5614 4632
3156 2 2 10 4 4913 7534 7491
3157 2 2 10 4 4831 4833 4832
3158 2 2 10 4 656 5516 74
3159 2 2 10 4 535 5520 137
3160 2 2 10 4 189 5524 655
3161 2 2 10 4 4571 4572 4570
3162 2 2 10 4 1084 6096 2022
3163 2 2 10 4 535 5521 5520
3164 2 2 10 4 688 5151 15
3165 2 2 10 4 4851 7069 4852
3166 2 2 10 4 1797 5373 1799
3167 2 2 10 4 1619 5153 1623
3168 2 2 10 4 5296 5297 1819
3169 2 2 10 4 2313 5557 2736
3170 2 2 10 4 1598 5532 811
3171 2 2 10 4 5227 5228 1138
3172 2 2 10 4 1801 1802 1800
3173 2 2 10 4 3000 4843 2430
3174 2 2 10 4 3094 6236 5382
3175 2 2 10 4 1794 2430 1793
3176 2 2 10 4 912 5132 910
3177 2 2 10 4 1799 1800 1798
3178 2 2 10 4 3736 3900 3293
3179 2 2 10 4 553 5327 262
3180 2 2 10 4 3332 3885 3333
3181 2 2 10 4 1797 1798 1796
3182 2 2 10 4 5174 6026 1475
3183 2 2 10 4 5154 5156 5155
3184 2 2 10 4 4345 6229 5228
3185 2 2 10 4 3648 6213 976
3186 2 2 10 4 5465 5514 5462
3187 2 2 10 4 2367 2560 2366
3188 2 2 10 4 5967 6490 6068
3189 2 2 10 4 3567 4385 4044
3190 2 2 10 4 2643 2645 2644
3191 2 2 10 4 4575 7639 2887
3192 2 2 10 4 3341 4827 3693
3193 2 2 10 4 2340 2849 2339
3194 2 2 10 4 4137 7105 7048
3195 2 2 10 4 4875 4876 1555
3196 2 2 10 4 2684 3075 2683
3197 2 2 10 4 3249 3293 2713
3198 2 2 10 4 3905 3906 3904
3199 2 2 10 4 3500 3540 3501
3200 2 2 10 4 869 1750 875
3201 2 2 10 4 1038 5092 5054
3202 2 2 10 4 1547 5062 1375
3203 2 2 10 4 4937 4938 3020
3204 2 2 10 4 1160 1161 1159
3205 2 2 10 4 2677 3184 2678
3206 2 2 10 4 1367 1368 1366
3207 2 2 10 4 1605 1615 1606
3208 2 2 10 4 5085 5086 5084
3209 2 2 10 4 4928 4929 2995
3210 2 2 10 4 1642 5154 5153
3211 2 2 10 4 1371 5102 1370
3212 2 2 10 4 1558 1793 1181
3213 2 2 10 4 1948 2360 2019
3214 2 2 10 4 5066 5067 5065
3215 2 2 10 4 2641 2643 2642
3216 2 2 10 4 2360 2598 2361
3217 2 2 10 4 1603 1605 1604
3218 2 2 10 4 1363 1364 1362
3219 2 2 10 4 1359 1360 1358
3220 2 2 10 4 5364 5365 277
3221 2 2 10 4 3391 5033 3389
3222 2 2 10 4 2494 5288 1246
3223 2 2 10 4 1601 1603 1602
3224 2 2 10 4 1158 1159 1157
3225 2 2 10 4 4945 4946 3125
3226 2 2 10 4 3791 5580 875
3227 2 2 10 4 1599 1601 1600
3228 2 2 10 4 3087 4160 4159
3229 2 2 10 4 2864 4928 2862
3230 2 2 10 4 1166 1167 1165
3231 2 2 10 4 2957 3332 3331
3232 2 2 10 4 1557 1796 1384
3233 2 2 10 4 3327 3557 3325
3234 2 2 10 4 7335 7370 4215
3235 2 2 10 4 1795 2339 1751
3236 2 2 10 4 990 5272 5271
3237 2 2 10 4 5356 7156 5360
3238 2 2 10 4 5550 7316 4949
3239 2 2 10 4 1355 1356 1354
3240 2 2 10 4 2919 2921 2920
3241 2 2 10 4 3369 5347 5346
3242 2 2 10 4 3873 4962 4961
3243 2 2 10 4 2921 5168 2923
3244 2 2 10 4 5080 5081 1784
3245 2 2 10 4 4970 4974 4968
3246 2 2 10 4 1597 1599 1598
3247 2 2 10 4 2832 5182 5181
3248 2 2 10 4 881 3341 1953
3249 2 2 10 4 4965 4966 2839
3250 2 2 10 4 3307 3582 3312
3251 2 2 10 4 3249 5583 4135
3252 2 2 10 4 4652 6989 323
3253 2 2 10 4 861 5063 5061
3254 2 2 10 4 5184 5185 1790
3255 2 2 10 4 2119 2536 2117
3256 2 2 10 4 3182 3319 3180
3257 2 2 10 4 2913 2915 2914
3258 2 2 10 4 2033 6184 6067
3259 2 2 10 4 2842 5038 5037
3260 2 2 10 4 1556 5127 1153
3261 2 2 10 4 2392 3114 2540
3262 2 2 10 4 2116 2117 2115
3263 2 2 10 4 3703 4591 3319
3264 2 2 10 4 3348 3668 3347
3265 2 2 10 4 4526 6645 650
3266 2 2 10 4 3187 6807 4685
3267 2 2 10 4 2365 6375 6299
3268 2 2 10 4 4050 4347 4051
3269 2 2 10 4 3217 4998 4997
3270 2 2 10 4 1163 4871 1166
3271 2 2 10 4 5555 5567 2906
3272 2 2 10 4 5017 5019 5018
3273 2 2 10 4 2116 2119 2117
3274 2 2 10 4 2413 6191 6118
3275 2 2 10 4 3114 3136 2540
3276 2 2 10 4 809 5290 1597
3277 2 2 10 4 2891 2893 2828
3278 2 2 10 4 4365 7360 7175
3279 2 2 10 4 1486 4988 4987
3280 2 2 10 4 1548 5000 1458
3281 2 2 10 4 1627 5002 1754
3282 2 2 10 4 2301 2693 2525
3283 2 2 10 4 3842 5376 3843
3284 2 2 10 4 2693 2897 2525
3285 2 2 10 4 2827 2891 2828
3286 2 2 10 4 2114 2116 2115
3287 2 2 10 4 4905 6577 4904
3288 2 2 10 4 975 5557 2313
3289 2 2 10 4 2943 2945 2944
3290 2 2 10 4 2945 2947 2946
3291 2 2 10 4 93 5424 92
3292 2 2 10 4 888 2539 1755
3293 2 2 10 4 773 5309 776
3294 2 2 10 4 2947 2949 2948
3295 2 2 10 4 1599 1600 1598
3296 2 2 10 4 1601 1602 1600
3297 2 2 10 4 852 5237 5236
3298 2 2 10 4 5554 5556 5555
3299 2 2 10 4 1603 1604 1602
3300 2 2 10 4 5501 6146 3984
3301 2 2 10 4 3733 4039 3734
3302 2 2 10 4 5429 5528 5430
3303 2 2 10 4 1605 1606 1604
3304 2 2 10 4 2322 7605 7575
3305 2 2 10 4 2949 2952 2950
3306 2 2 10 4 4347 4348 4051
3307 2 2 10 4 1990 4061 1528
3308 2 2 10 4 2392 2540 1396
3309 2 2 10 4 4549 7122 4548
3310 2 2 10 4 5352 6147 674
3311 2 2 10 4 4740 7488 3381
3312 2 2 10 4 1464 5499 1452
3313 2 2 10 4 2114 2115 2113
3314 2 2 10 4 5242 5605 5244
3315 2 2 10 4 5474 5475 4445
3316 2 2 10 4 4632 4809 4808
3317 2 2 10 4 4673 4675 4674
3318 2 2 10 4 4674 4676 630
3319 2 2 10 4 668 5504 37
3320 2 2 10 4 519 5487 39
3321 2 2 10 4 1795 2340 2339
3322 2 2 10 4 601 5453 157
3323 2 2 10 4 2340 2850 2849
3324 2 2 10 4 5430 5528 5433
3325 2 2 10 4 2916 2917 2915
3326 2 2 10 4 1597 1598 811
3327 2 2 10 4 277 5365 276
3328 2 2 10 4 3341 3693 1953
3329 2 2 10 4 3873 4961 2635
3330 2 2 10 4 5206 5209 5208
3331 2 2 10 4 5258 5259 1958
3332 2 2 10 4 2952 3180 2953
3333 2 2 10 4 672 5476 41
3334 2 2 10 4 2643 2644 2642
3335 2 2 10 4 2645 2646 2644
3336 2 2 10 4 3375 3992 3376
3337 2 2 10 4 4585 7239 5524
3338 2 2 10 4 26 5468 531
3339 2 2 10 4 22 5418 539
3340 2 2 10 4 542 5411 47
3341 2 2 10 4 2603 3375 3374
3342 2 2 10 4 5085 5087 5086
3343 2 2 10 4 20 5398 683
3344 2 2 10 4 865 5580 1545
3345 2 2 10 4 2918 2919 2917
3346 2 2 10 4 533 5457 43
3347 2 2 10 4 2922 2924 2921
3348 2 2 10 4 4966 4968 4967
3349 2 2 10 4 24 5442 677
3350 2 2 10 4 3992 4254 3993
3351 2 2 10 4 4474 6646 6250
3352 2 2 10 4 1233 4596 1201
3353 2 2 10 4 583 5512 50
3354 2 2 10 4 2452 4945 3125
3355 2 2 10 4 2912 2913 2911
3356 2 2 10 4 2771 4965 2769
3357 2 2 10 4 18 5387 547
3358 2 2 10 4 4802 6845 4037
3359 2 2 10 4 4509 7127 695
3360 2 2 10 4 667 5565 238
3361 2 2 10 4 2889 3307 2878
3362 2 2 10 4 3322 4475 1530
3363 2 2 10 4 5039 5040 5038
3364 2 2 10 4 1557 1797 1796
3365 2 2 10 4 4348 4536 4535
3366 2 2 10 4 1799 1801 1800
3367 2 2 10 4 58 5386 577
3368 2 2 10 4 3905 3907 3906
3369 2 2 10 4 1801 1803 1802
3370 2 2 10 4 4865 6438 4863
3371 2 2 10 4 809 1597 811
3372 2 2 10 4 2646 2652 2648
3373 2 2 10 4 1797 1799 1798
3374 2 2 10 4 2588 5950 1903
3375 2 2 10 4 1153 1155 1154
3376 2 2 10 4 2900 6129 2436
3377 2 2 10 4 1161 1163 1162
3378 2 2 10 4 5402 5405 5404
3379 2 2 10 4 2641 2642 2640
3380 2 2 10 4 3502 5625 5624
3381 2 2 10 4 972 5085 5084
3382 2 2 10 4 3327 4260 3557
3383 2 2 10 4 1472 1493 1474
3384 2 2 10 4 967 981 960
3385 2 2 10 4 1803 1894 1802
3386 2 2 10 4 2925 2926 2924
3387 2 2 10 4 2852 3127 2850
3388 2 2 10 4 4387 4610 4607
3389 2 2 10 4 4192 5287 4194
3390 2 2 10 4 1199 1233 1201
3391 2 2 10 4 4349 4404 3907
3392 2 2 10 4 2599 3309 2598
3393 2 2 10 4 1608 5206 1610
3394 2 2 10 4 1846 2499 2498
3395 2 2 10 4 1014 6057 713
3396 2 2 10 4 899 5091 896
3397 2 2 10 4 2637 2641 2640
3398 2 2 10 4 2852 4951 3127
3399 2 2 10 4 1356 1358 1357
3400 2 2 10 4 1640 1673 1635
3401 2 2 10 4 972 5084 967
3402 2 2 10 4 4610 5098 4607
3403 2 2 10 4 2452 3125 2450
3404 2 2 10 4 2446 5220 2119
3405 2 2 10 4 896 970 894
3406 2 2 10 4 1992 2366 1533
3407 2 2 10 4 988 1005 980
3408 2 2 10 4 1493 5095 1474
3409 2 2 10 4 5392 5393 5390
3410 2 2 10 4 1402 1471 1404
3411 2 2 10 4 1130 3322 1530
3412 2 2 10 4 3903 3904 3523
3413 2 2 10 4 2633 3873 2635
3414 2 2 10 4 2856 2989 2854
3415 2 2 10 4 1205 1952 1207
3416 2 2 10 4 1081 2439 1077
3417 2 2 10 4 1770 5378 1767
3418 2 2 10 4 820 1795 1751
3419 2 2 10 4 1155 1157 1156
3420 2 2 10 4 2927 2937 2926
3421 2 2 10 4 1360 1362 1361
3422 2 2 10 4 1277 2468 1279
3423 2 2 10 4 3541 3806 3543
3424 2 2 10 4 1610 1620 1612
3425 2 2 10 4 5537 5538 1847
3426 2 2 10 4 2716 5606 2015
3427 2 2 10 4 1394 2392 1396
3428 2 2 10 4 1461 1475 1466
3429 2 2 10 4 1167 1170 1168
3430 2 2 10 4 3249 3736 3293
3431 2 2 10 4 1469 5205 1472
3432 2 2 10 4 2650 2677 2676
3433 2 2 10 4 4735 6273 511
3434 2 2 10 4 3529 6026 5174
3435 2 2 10 4 4612 4865 4863
3436 2 2 10 4 1197 5197 1199
3437 2 2 10 4 1163 1165 1164
3438 2 2 10 4 875 5580 867
3439 2 2 10 4 1209 1237 1211
3440 2 2 10 4 2423 2683 2369
3441 2 2 10 4 908 986 906
3442 2 2 10 4 2712 2713 1956
3443 2 2 10 4 1326 1990 1528
3444 2 2 10 4 2458 3020 2456
3445 2 2 10 4 1794 3000 2430
3446 2 2 10 4 2294 5417 1525
3447 2 2 10 4 4182 4417 4184
3448 2 2 10 4 4059 4506 4058
3449 2 2 10 4 4683 4789 641
3450 2 2 10 4 4739 4786 642
3451 2 2 10 4 494 5292 4729
3452 2 2 10 4 4782 4783 495
3453 2 2 10 4 4779 5216 654
3454 2 2 10 4 888 1755 885
3455 2 2 10 4 825 5314 824
3456 2 2 10 4 1364 1366 1365
3457 2 2 10 4 56 5381 689
3458 2 2 10 4 1291 5099 1293
3459 2 2 10 4 1627 1754 1625
3460 2 2 10 4 1281 2404 1283
3461 2 2 10 4 1558 1794 1793
3462 2 2 10 4 1410 1955 1412
3463 2 2 10 4 5041 5045 5040
3464 2 2 10 4 951 1549 948
3465 2 2 10 4 1343 1757 1550
3466 2 2 10 4 1854 1949 1852
3467 2 2 10 4 2827 2828 2806
3468 2 2 10 4 3903 3905 3904
3469 2 2 10 4 2462 3549 2460
3470 2 2 10 4 3340 4085 4084
3471 2 2 10 4 5284 5593 1896
3472 2 2 10 4 669 5408 5402
3473 2 2 10 4 1246 1248 1247
3474 2 2 10 4 910 5131 908
3475 2 2 10 4 1147 4950 1149
3476 2 2 10 4 2301 2525 1764
3477 2 2 10 4 2763 2833 2761
3478 2 2 10 4 1455 1548 1458
3479 2 2 10 4 5001 6281 2141
3480 2 2 10 4 1631 1637 1629
3481 2 2 10 4 1960 7298 5587
3482 2 2 10 4 4890 4891 4888
3483 2 2 10 4 5134 5135 5133
3484 2 2 10 4 2709 3235 3133
3485 2 2 10 4 1368 1370 1369
3486 2 2 10 4 4929 4931 4930
3487 2 2 10 4 3577 4244 3575
3488 2 2 10 4 4889 4901 4900
3489 2 2 10 4 4186 4346 4188
3490 2 2 10 4 4050 4051 3337
3491 2 2 10 4 2712 5583 3249
3492 2 2 10 4 1285 2414 1287
3493 2 2 10 4 831 1555 828
3494 2 2 10 4 137 5520 136
3495 2 2 10 4 2862 2995 2860
3496 2 2 10 4 1388 3763 1390
3497 2 2 10 4 1617 1642 1619
3498 2 2 10 4 6461 6684 4563
3499 2 2 10 4 835 848 833
3500 2 2 10 4 1414 1482 1416
3501 2 2 10 4 74 5516 73
3502 2 2 10 4 1035 1036 1034
3503 2 2 10 4 770 1948 772
3504 2 2 10 4 190 5524 189
3505 2 2 10 4 4857 4858 1178
3506 2 2 10 4 5073 5077 5076
3507 2 2 10 4 1244 1246 1245
3508 2 2 10 4 862 863 861
3509 2 2 10 4 2888 6309 4072
3510 2 2 10 4 3540 3541 3501
3511 2 2 10 4 2177 6407 6321
3512 2 2 10 4 76 5509 75
3513 2 2 10 4 2712 3249 2713
3514 2 2 10 4 2694 3213 2464
3515 2 2 10 4 1992 2367 2366
3516 2 2 10 4 881 1953 878
3517 2 2 10 4 1185 3328 1187
3518 2 2 10 4 3096 5382 3561
3519 2 2 10 4 1370 1373 1372
3520 2 2 10 4 1170 1172 1171
3521 2 2 10 4 1952 4884 1207
3522 2 2 10 4 139 5510 138
3523 2 2 10 4 5506 5507 5505
3524 2 2 10 4 914 991 912
3525 2 2 10 4 1037 1038 1036
3526 2 2 10 4 5274 5275 5272
3527 2 2 10 4 5242 5244 5243
3528 2 2 10 4 125 5502 124
3529 2 2 10 4 1987 6146 5501
3530 2 2 10 4 2395 3347 1783
3531 2 2 10 4 5491 6232 5493
3532 2 2 10 4 188 5505 187
3533 2 2 10 4 1331 5383 1338
3534 2 2 10 4 3238 3396 3395
3535 2 2 10 4 1221 5221 1223
3536 2 2 10 4 864 865 863
3537 2 2 10 4 1750 2202 875
3538 2 2 10 4 689 5379 55
3539 2 2 10 4 3760 5195 3629
3540 2 2 10 4 4888 4889 4887
3541 2 2 10 4 4190 4197 4192
3542 2 2 10 4 1679 5460 1686
3543 2 2 10 4 1172 1174 1173
3544 2 2 10 4 3627 4025 3625
3545 2 2 10 4 2769 2839 2767
3546 2 2 10 4 1846 2498 1844
3547 2 2 10 4 2866 2875 2864
3548 2 2 10 4 1382 1557 1384
3549 2 2 10 4 1485 5304 1503
3550 2 2 10 4 3786 4130 3783
3551 2 2 10 4 1188 5564 1191
3552 2 2 10 4 1916 5950 1926
3553 2 2 10 4 1289 2125 1291
3554 2 2 10 4 2458 4937 3020
3555 2 2 10 4 2856 4960 2989
3556 2 2 10 4 78 5488 77
3557 2 2 10 4 3332 3333 3331
3558 2 2 10 4 2919 5303 2922
3559 2 2 10 4 2560 3327 3325
3560 2 2 10 4 5069 5079 5071
3561 2 2 10 4 3885 4336 3333
3562 2 2 10 4 2796 6304 2798
3563 2 2 10 4 123 5486 122
3564 2 2 10 4 2845 5399 2752
3565 2 2 10 4 866 867 865
3566 2 2 10 4 3495 3496 3494
3567 2 2 10 4 839 1559 837
3568 2 2 10 4 5529 6766 2472
3569 2 2 10 4 3636 6830 5240
3570 2 2 10 4 3040 3085 3039
3571 2 2 10 4 4875 4878 4876
3572 2 2 10 4 2447 7425 4717
3573 2 2 10 4 1639 1663 1661
3574 2 2 10 4 3365 5201 3332
3575 2 2 10 4 4145 4584 4144
3576 2 2 10 4 1219 1238 1221
3577 2 2 10 4 3629 5194 3627
3578 2 2 10 4 3086 3087 3085
3579 2 2 10 4 2602 3217 2689
3580 2 2 10 4 6482 7624 5101
3581 2 2 10 4 1039 1040 1038
3582 2 2 10 4 186 5484 185
3583 2 2 10 4 5010 7037 174
3584 2 2 10 4 1152 1153 1151
3585 2 2 10 4 4834 5066 5065
3586 2 2 10 4 2677 2678 2676
3587 2 2 10 4 1373 1375 1374
3588 2 2 10 4 1664 1671 1669
3589 2 2 10 4 1179 1558 1181
3590 2 2 10 4 2431 3391 3389
3591 2 2 10 4 3497 3498 3496
3592 2 2 10 4 4968 5060 4969
3593 2 2 10 4 2689 4997 2691
3594 2 2 10 4 1420 1486 1422
3595 2 2 10 4 1377 1381 1379
3596 2 2 10 4 3321 3567 3184
3597 2 2 10 4 204 5312 694
3598 2 2 10 4 3502 5624 1996
3599 2 2 10 4 2773 2836 2771
3600 2 2 10 4 80 5477 79
3601 2 2 10 4 4163 5561 4121
3602 2 2 10 4 1174 1176 1175
3603 2 2 10 4 5420 5421 595
3604 2 2 10 4 3744 3842 3841
3605 2 2 10 4 780 1958 782
3606 2 2 10 4 1352 1354 1353
3607 2 2 10 4 1375 1377 1376
3608 2 2 10 4 1041 1042 1040
3609 2 2 10 4 5129 5130 5022
3610 2 2 10 4 4372 5056 3540
3611 2 2 10 4 2404 4885 1283
3612 2 2 10 4 689 5613 5379
3613 2 2 10 4 3499 3500 3498
3614 2 2 10 4 184 5473 183
3615 2 2 10 4 5401 5403 517
3616 2 2 10 4 2936 2957 2935
3617 2 2 10 4 3567 4044 3184
3618 2 2 10 4 3178 5323 2837
3619 2 2 10 4 5697 6637 611
3620 2 2 10 4 1108 5251 2299
3621 2 2 10 4 4194 5232 4196
3622 2 2 10 4 143 5470 142
3623 2 2 10 4 2571 5310 2300
3624 2 2 10 4 4834 5065 5064
3625 2 2 10 4 3500 3501 3498
3626 2 2 10 4 3762 4372 3540
3627 2 2 10 4 820 1751 818
3628 2 2 10 4 868 869 867
3629 2 2 10 4 2423 2684 2683
3630 2 2 10 4 1446 5144 1455
3631 2 2 10 4 2932 2943 2942
3632 2 2 10 4 4938 4940 4939
3633 2 2 10 4 5093 5094 1750
3634 2 2 10 4 5154 5155 5153
3635 2 2 10 4 1955 4874 1412
3636 2 2 10 4 869 875 867
3637 2 2 10 4 831 4875 1555
3638 2 2 10 4 1263 5294 1562
3639 2 2 10 4 4449 4454 4447
3640 2 2 10 4 5168 5270 5169
3641 2 2 10 4 3843 4293 4292
3642 2 2 10 4 936 5286 934
3643 2 2 10 4 5272 5273 5271
3644 2 2 10 4 920 999 918
3645 2 2 10 4 1174 1178 1176
3646 2 2 10 4 1640 6272 1673
3647 2 2 10 4 5429 5430 600
3648 2 2 10 4 1176 1179 1177
3649 2 2 10 4 5223 7212 5222
3650 2 2 10 4 3317 5231 2795
3651 2 2 10 4 1042 1119 1040
3652 2 2 10 4 3806 5165 3543
3653 2 2 10 4 3827 3865 3760
3654 2 2 10 4 2957 3331 2935
3655 2 2 10 4 4196 4202 4199
3656 2 2 10 4 119 5443 118
3657 2 2 10 4 1438 5183 1440
3658 2 2 10 4 3330 5230 940
3659 2 2 10 4 1371 5103 5102
3660 2 2 10 4 1373 1547 1375
3661 2 2 10 4 3087 4159 3085
3662 2 2 10 4 2872 2887 2870
3663 2 2 10 4 1576 2488 1574
3664 2 2 10 4 4630 5621 4635
3665 2 2 10 4 4670 5622 4680
3666 2 2 10 4 4912 4925 4914
3667 2 2 10 4 5067 5069 5068
3668 2 2 10 4 801 5184 804
3669 2 2 10 4 82 5448 81
3670 2 2 10 4 1295 2138 1297
3671 2 2 10 4 4211 7378 4209
3672 2 2 10 4 1651 5341 1649
3673 2 2 10 4 2082 7508 4761
3674 2 2 10 4 182 5440 181
3675 2 2 10 4 922 5242 920
3676 2 2 10 4 2691 3733 3335
3677 2 2 10 4 4891 5089 4888
3678 2 2 10 4 1586 5115 1584
3679 2 2 10 4 3064 3952 3951
3680 2 2 10 4 846 852 844
3681 2 2 10 4 1106 5251 1108
3682 2 2 10 4 5552 6021 3398
3683 2 2 10 4 751 5317 1954
3684 2 2 10 4 816 2114 2113
3685 2 2 10 4 145 5436 144
3686 2 2 10 4 1377 1379 1378
3687 2 2 10 4 4722 7183 6488
3688 2 2 10 4 4952 4955 4951
3689 2 2 10 4 4287 6816 5559
3690 2 2 10 4 857 5061 855
3691 2 2 10 4 5156 5157 5155
3692 2 2 10 4 2360 2361 2019
3693 2 2 10 4 1422 4987 1424
3694 2 2 10 4 1440 5183 1789
3695 2 2 10 4 3113 5567 4059
3696 2 2 10 4 1226 1239 1232
3697 2 2 10 4 804 5184 1790
3698 2 2 10 4 865 1545 863
3699 2 2 10 4 5399 5499 1497
3700 2 2 10 4 1301 5058 1303
3701 2 2 10 4 5379 5380 550
3702 2 2 10 4 1166 1169 1167
3703 2 2 10 4 1642 5153 1619
3704 2 2 10 4 4514 5615 2914
3705 2 2 10 4 1424 1761 1426
3706 2 2 10 4 2795 5231 2793
3707 2 2 10 4 997 5224 1075
3708 2 2 10 4 5428 5429 108
3709 2 2 10 4 1179 1181 1180
3710 2 2 10 4 1170 1546 1172
3711 2 2 10 4 1095 5173 1097
3712 2 2 10 4 1232 5214 1235
3713 2 2 10 4 2791 5181 2789
3714 2 2 10 4 4761 7528 2082
3715 2 2 10 4 2832 5181 2791
3716 2 2 10 4 7131 7170 4364
3717 2 2 10 4 1956 5267 1777
3718 2 2 10 4 793 5080 795
3719 2 2 10 4 1038 5054 1036
3720 2 2 10 4 5185 5189 5186
3721 2 2 10 4 2598 2600 2361
3722 2 2 10 4 1379 1382 1380
3723 2 2 10 4 786 1963 788
3724 2 2 10 4 3235 3236 3133
3725 2 2 10 4 910 5132 5131
3726 2 2 10 4 2909 5615 3064
3727 2 2 10 4 1368 1371 1370
3728 2 2 10 4 930 5271 928
3729 2 2 10 4 2560 3325 3324
3730 2 2 10 4 4660 6885 4096
3731 2 2 10 4 788 5030 791
3732 2 2 10 4 940 5230 938
3733 2 2 10 4 4569 5616 3312
3734 2 2 10 4 2781 5037 2779
3735 2 2 10 4 1075 2603 1085
3736 2 2 10 4 1297 5024 1299
3737 2 2 10 4 561 5324 121
3738 2 2 10 4 3389 3585 3390
3739 2 2 10 4 1364 1367 1366
3740 2 2 10 4 1036 1535 1034
3741 2 2 10 4 3404 5310 2571
3742 2 2 10 4 84 5416 83
3743 2 2 10 4 1444 5144 1446
3744 2 2 10 4 3847 5932 5562
3745 2 2 10 4 4453 4463 4451
3746 2 2 10 4 1020 1021 1009
3747 2 2 10 4 2431 3389 3388
3748 2 2 10 4 3831 4306 3829
3749 2 2 10 4 3981 7499 4490
3750 2 2 10 4 1158 1160 1159
3751 2 2 10 4 3906 4360 4359
3752 2 2 10 4 2779 2840 2777
3753 2 2 10 4 3405 4287 3404
3754 2 2 10 4 4916 4927 4918
3755 2 2 10 4 5966 6205 5266
3756 2 2 10 4 2862 4928 2995
3757 2 2 10 4 4397 6613 4066
3758 2 2 10 4 3309 5116 2598
3759 2 2 10 4 1578 5014 1576
3760 2 2 10 4 1097 5173 2431
3761 2 2 10 4 2914 5615 2911
3762 2 2 10 4 180 5413 179
3763 2 2 10 4 4364 7170 3359
3764 2 2 10 4 1671 1682 1672
3765 2 2 10 4 3766 4835 3593
3766 2 2 10 4 1544 5601 1292
3767 2 2 10 4 1163 1166 1165
3768 2 2 10 4 534 5356 5355
3769 2 2 10 4 5296 5587 5297
3770 2 2 10 4 1360 1363 1362
3771 2 2 10 4 1287 5518 1289
3772 2 2 10 4 990 5285 5274
3773 2 2 10 4 1948 2019 772
3774 2 2 10 4 4201 4384 4204
3775 2 2 10 4 1160 1783 1161
3776 2 2 10 4 1356 1359 1358
3777 2 2 10 4 1580 2440 1578
3778 2 2 10 4 5069 5071 5070
3779 2 2 10 4 806 5301 808
3780 2 2 10 4 777 5258 780
3781 2 2 10 4 2877 2878 2874
3782 2 2 10 4 1299 2437 1301
3783 2 2 10 4 1244 2494 1246
3784 2 2 10 4 4990 5400 4993
3785 2 2 10 4 4901 4902 4900
3786 2 2 10 4 1001 3362 983
3787 2 2 10 4 5129 6797 1236
3788 2 2 10 4 1155 1158 1157
3789 2 2 10 4 844 5236 842
3790 2 2 10 4 3312 5616 2878
3791 2 2 10 4 2787 6247 2785
3792 2 2 10 4 3981 7377 3837
3793 2 2 10 4 3784 3786 3783
3794 2 2 10 4 1293 4926 1295
3795 2 2 10 4 855 2523 850
3796 2 2 10 4 1826 1960 1823
3797 2 2 10 4 926 998 924
3798 2 2 10 4 4970 4975 4974
3799 2 2 10 4 5147 5150 4524
3800 2 2 10 4 1803 5514 1894
3801 2 2 10 4 5370 5371 532
3802 2 2 10 4 4451 4837 4449
3803 2 2 10 4 2926 2930 2924
3804 2 2 10 4 1382 1384 1383
3805 2 2 10 4 5382 6426 3561
3806 2 2 10 4 1562 5294 3846
3807 2 2 10 4 3102 5437 3588
3808 2 2 10 4 280 5434 279
3809 2 2 10 4 1830 1896 1828
3810 2 2 10 4 791 853 793
3811 2 2 10 4 2323 5115 1586
3812 2 2 10 4 5040 5044 5038
3813 2 2 10 4 5071 5073 5072
3814 2 2 10 4 5048 7028 6947
3815 2 2 10 4 5506 5508 5507
3816 2 2 10 4 1224 6514 6288
3817 2 2 10 4 1823 5296 1820
3818 2 2 10 4 4966 4970 4968
3819 2 2 10 4 3420 7447 4995
3820 2 2 10 4 6407 6458 6321
3821 2 2 10 4 2049 6757 5079
3822 2 2 10 4 3181 4055 3207
3823 2 2 10 4 1235 5213 1241
3824 2 2 10 4 1352 1355 1354
3825 2 2 10 4 2921 2923 2920
3826 2 2 10 4 3336 3337 2645
3827 2 2 10 4 3585 4554 3586
3828 2 2 10 4 6907 6975 4801
3829 2 2 10 4 278 5364 277
3830 2 2 10 4 4470 4616 4468
3831 2 2 10 4 3782 3783 3781
3832 2 2 10 4 749 5317 751
3833 2 2 10 4 2752 5399 1497
3834 2 2 10 4 928 5281 926
3835 2 2 10 4 332 4617 333
3836 2 2 10 4 465 699 466
3837 2 2 10 4 322 4652 323
3838 2 2 10 4 353 4626 354
3839 2 2 10 4 422 4804 423
3840 2 2 10 4 292 4766 293
3841 2 2 10 4 376 4727 377
3842 2 2 10 4 288 4723 289
3843 2 2 10 4 448 4662 449
3844 2 2 10 4 312 4803 313
3845 2 2 10 4 382 4660 383
3846 2 2 10 4 462 4641 463
3847 2 2 10 4 476 4664 477
3848 2 2 10 4 384 4687 385
3849 2 2 10 4 450 4736 451
3850 2 2 10 4 424 4731 425
3851 2 2 10 4 444 4786 445
3852 2 2 10 4 432 4681 433
3853 2 2 10 4 446 4729 447
3854 2 2 10 4 286 4783 287
3855 2 2 10 4 284 4780 285
3856 2 2 10 4 458 4741 459
3857 2 2 10 4 442 4737 443
3858 2 2 10 4 378 4785 379
3859 2 2 10 4 344 4688 345
3860 2 2 10 4 428 4733 429
3861 2 2 10 4 360 4686 361
3862 2 2 10 4 434 4789 435
3863 2 2 10 4 374 4788 375
3864 2 2 10 4 456 4734 457
3865 2 2 10 4 336 5640 337
3866 2 2 10 4 411 4668 412
3867 2 2 10 4 452 4795 453
3868 2 2 10 4 480 4628 481
3869 2 2 10 4 330 5216 331
3870 2 2 10 4 341 4810 342
3871 2 2 10 4 328 4777 329
3872 2 2 10 4 990 5271 930
3873 2 2 10 4 3582 4369 3312
3874 2 2 10 4 2783 2842 2781
3875 2 2 10 4 1832 5284 1830
3876 2 2 10 4 783 5346 786
3877 2 2 10 4 4232 4483 4230
3878 2 2 10 4 2919 2920 2917
3879 2 2 10 4 5168 5169 2923
3880 2 2 10 4 1241 1244 1243
3881 2 2 10 4 3787 4120 3786
3882 2 2 10 4 1787 6330 4505
3883 2 2 10 4 3406 5417 2294
3884 2 2 10 4 1845 1846 1844
3885 2 2 10 4 795 5080 1784
3886 2 2 10 4 3307 3312 2878
3887 2 2 10 4 1089 2317 1091
3888 2 2 10 4 1430 1483 1432
3889 2 2 10 4 6827 7240 4411
3890 2 2 10 4 5265 5266 4610
3891 2 2 10 4 1475 6152 1466
3892 2 2 10 4 3375 4297 3992
3893 2 2 10 4 2769 4965 2839
3894 2 2 10 4 2836 6508 5641
3895 2 2 10 4 4494 5334 4497
3896 2 2 10 4 4969 4973 4972
3897 2 2 10 4 5304 5305 1503
3898 2 2 10 4 3396 3397 3395
3899 2 2 10 4 1390 6414 5396
3900 2 2 10 4 3642 5035 3753
3901 2 2 10 4 2915 4041 2914
3902 2 2 10 4 3348 3670 3668
3903 2 2 10 4 248 5401 247
3904 2 2 10 4 879 881 878
3905 2 2 10 4 3187 7220 5835
3906 2 2 10 4 861 5061 857
3907 2 2 10 4 1584 2615 1582
3908 2 2 10 4 3810 5996 5995
3909 2 2 10 4 1303 2438 1305
3910 2 2 10 4 1185 1187 1186
3911 2 2 10 4 4197 5287 4192
3912 2 2 10 4 5073 5076 5074
3913 2 2 10 4 2913 2914 2911
3914 2 2 10 4 2494 5289 5288
3915 2 2 10 4 5357 5358 5356
3916 2 2 10 4 1303 5058 2438
3917 2 2 10 4 6339 6444 2212
3918 2 2 10 4 767 5225 770
3919 2 2 10 4 2915 5639 4041
3920 2 2 10 4 1805 5514 1803
3921 2 2 10 4 1152 1556 1153
3922 2 2 10 4 1033 1034 1011
3923 2 2 10 4 2125 5099 1291
3924 2 2 10 4 2952 3182 3180
3925 2 2 10 4 860 861 857
3926 2 2 10 4 1497 5499 1464
3927 2 2 10 4 3634 6830 3636
3928 2 2 10 4 795 1784 797
3929 2 2 10 4 4641 7133 4253
3930 2 2 10 4 5215 7555 4365
3931 2 2 10 4 2603 5279 3375
3932 2 2 10 4 5017 5018 5016
3933 2 2 10 4 1624 1625 1615
3934 2 2 10 4 2931 5639 2920
3935 2 2 10 4 4022 7394 7356
3936 2 2 10 4 2849 3340 3176
3937 2 2 10 4 37 5504 36
3938 2 2 10 4 3182 3703 3319
3939 2 2 10 4 2842 5037 2781
3940 2 2 10 4 662 5257 5196
3941 2 2 10 4 3180 5052 3181
3942 2 2 10 4 236 5389 235
3943 2 2 10 4 5309 6284 6120
3944 2 2 10 4 3038 3039 2477
3945 2 2 10 4 1663 1664 1661
3946 2 2 10 4 4293 4558 4294
3947 2 2 10 4 2123 5573 2582
3948 2 2 10 4 4566 6868 585
3949 2 2 10 4 91 5420 595
3950 2 2 10 4 4970 5641 4976
3951 2 2 10 4 562 5515 5440
3952 2 2 10 4 4049 4050 3337
3953 2 2 10 4 2395 3348 3347
3954 2 2 10 4 1238 5221 1221
3955 2 2 10 4 6522 6835 1895
3956 2 2 10 4 3181 5052 4055
3957 2 2 10 4 2923 5169 2932
3958 2 2 10 4 2840 7392 2777
3959 2 2 10 4 729 1015 731
3960 2 2 10 4 5275 5278 5272
3961 2 2 10 4 5081 5326 5082
3962 2 2 10 4 3629 5195 5194
3963 2 2 10 4 4525 7309 1355
3964 2 2 10 4 2770 5632 2803
3965 2 2 10 4 1093 1962 1095
3966 2 2 10 4 4428 5417 3406
3967 2 2 10 4 4121 5561 4120
3968 2 2 10 4 3493 3494 2721
3969 2 2 10 4 391 5982 392
3970 2 2 10 4 1340 5171 1343
3971 2 2 10 4 1407 5211 1410
3972 2 2 10 4 932 990 930
3973 2 2 10 4 4403 7250 598
3974 2 2 10 4 1478 5304 1485
3975 2 2 10 4 791 5030 853
3976 2 2 10 4 2910 2911 2909
3977 2 2 10 4 1187 5564 1188
3978 2 2 10 4 1388 1390 1389
3979 2 2 10 4 2947 2951 2949
3980 2 2 10 4 5294 5322 3846
3981 2 2 10 4 3575 5212 3573
3982 2 2 10 4 3217 4997 2689
3983 2 2 10 4 155 5450 602
3984 2 2 10 4 1346 6039 4604
3985 2 2 10 4 1837 1863 1834
3986 2 2 10 4 1235 5214 5213
3987 2 2 10 4 4375 7636 5352
3988 2 2 10 4 521 5390 5389
3989 2 2 10 4 5047 5048 5043
3990 2 2 10 4 2678 4869 2709
3991 2 2 10 4 3731 6660 5617
3992 2 2 10 4 755 5350 758
3993 2 2 10 4 1170 4838 1546
3994 2 2 10 4 1307 2569 1309
3995 2 2 10 4 4994 5400 4990
3996 2 2 10 4 2920 5639 2917
3997 2 2 10 4 1994 5566 3502
3998 2 2 10 4 1562 3846 2397
3999 2 2 10 4 39 5487 38
4000 2 2 10 4 4735 7531 3755
4001 2 2 10 4 2934 2935 2929
4002 2 2 10 4 4966 5641 4970
4003 2 2 10 4 4151 5192 4050
4004 2 2 10 4 727 5178 729
4005 2 2 10 4 6118 6191 4225
4006 2 2 10 4 1854 2561 1949
4007 2 2 10 4 6729 6790 3158
4008 2 2 10 4 1588 2323 1586
4009 2 2 10 4 2446 5315 5220
4010 2 2 10 4 4653 7516 4654
4011 2 2 10 4 1299 5024 2437
4012 2 2 10 4 108 5429 107
4013 2 2 10 4 2440 5014 1578
4014 2 2 10 4 1671 1672 1669
4015 2 2 10 4 615 4811 338
4016 2 2 10 4 327 4642 569
4017 2 2 10 4 559 4841 470
4018 2 2 10 4 645 4748 308
4019 2 2 10 4 629 5622 409
4020 2 2 10 4 557 4821 325
4021 2 2 10 4 643 4815 296
4022 2 2 10 4 340 4625 618
4023 2 2 10 4 472 5612 564
4024 2 2 10 4 652 4784 304
4025 2 2 10 4 593 4823 347
4026 2 2 10 4 502 4793 294
4027 2 2 10 4 311 5332 653
4028 2 2 10 4 357 4624 627
4029 2 2 10 4 526 4819 416
4030 2 2 10 4 400 4813 631
4031 2 2 10 4 509 4719 318
4032 2 2 10 4 621 4651 300
4033 2 2 10 4 421 4650 647
4034 2 2 10 4 505 4665 454
4035 2 2 10 4 491 4732 380
4036 2 2 10 4 558 4661 5
4037 2 2 10 4 508 4656 298
4038 2 2 10 4 365 4840 634
4039 2 2 10 4 441 4812 498
4040 2 2 10 4 479 5621 592
4041 2 2 10 4 649 4768 418
4042 2 2 10 4 554 4624 356
4043 2 2 10 4 438 4728 560
4044 2 2 10 4 628 5621 478
4045 2 2 10 4 646 4667 362
4046 2 2 10 4 321 4817 541
4047 2 2 10 4 633 5255 460
4048 2 2 10 4 386 4653 558
4049 2 2 10 4 626 4655 426
4050 2 2 10 4 522 5256 467
4051 2 2 10 4 468 5256 4775
4052 2 2 10 4 307 5234 645
4053 2 2 10 4 516 5331 302
4054 2 2 10 4 492 4776 290
4055 2 2 10 4 291 4776 648
4056 2 2 10 4 469 4775 559
4057 2 2 10 4 381 4732 636
4058 2 2 10 4 427 4655 500
4059 2 2 10 4 520 5235 314
4060 2 2 10 4 283 4661 644
4061 2 2 10 4 632 4817 320
4062 2 2 10 4 625 4794 405
4063 2 2 10 4 528 5234 306
4064 2 2 10 4 317 4692 509
4065 2 2 10 4 406 4794 518
4066 2 2 10 4 638 4692 316
4067 2 2 10 4 512 4650 420
4068 2 2 10 4 497 4805 436
4069 2 2 10 4 315 5235 638
4070 2 2 10 4 348 4823 4797
4071 2 2 10 4 631 4645 401
4072 2 2 10 4 363 4667 527
4073 2 2 10 4 303 5331 652
4074 2 2 10 4 461 5255 525
4075 2 2 10 4 527 4840 364
4076 2 2 10 4 455 4665 624
4077 2 2 10 4 437 4805 4728
4078 2 2 10 4 419 4768 512
4079 2 2 10 4 305 4784 528
4080 2 2 10 4 402 4645 510
4081 2 2 10 4 417 4819 649
4082 2 2 10 4 301 4651 516
4083 2 2 10 4 319 4719 632
4084 2 2 10 4 555 4813 399
4085 2 2 10 4 346 4724 593
4086 2 2 10 4 475 4826 573
4087 2 2 10 4 349 4797 575
4088 2 2 10 4 299 4656 621
4089 2 2 10 4 295 4793 643
4090 2 2 10 4 389 4796 591
4091 2 2 10 4 309 4748 530
4092 2 2 10 4 334 5034 612
4093 2 2 10 4 297 4815 508
4094 2 2 10 4 530 5332 310
4095 2 2 10 4 410 5622 529
4096 2 2 10 4 4841 5612 471
4097 2 2 10 4 395 4802 565
4098 2 2 10 4 326 4821 4642
4099 2 2 10 4 482 4807 614
4100 2 2 10 4 339 4811 4625
4101 2 2 10 4 3059 5592 3057
4102 2 2 10 4 1710 5341 1651
4103 2 2 10 4 3340 4084 4083
4104 2 2 10 4 2789 2829 2787
4105 2 2 10 4 11 5546 585
4106 2 2 10 4 152 5395 588
4107 2 2 10 4 1272 5576 2680
4108 2 2 10 4 3377 3378 2693
4109 2 2 10 4 1051 5964 4178
4110 2 2 10 4 4164 4165 4163
4111 2 2 10 4 1958 3369 782
4112 2 2 10 4 753 5350 755
4113 2 2 10 4 2945 2946 2944
4114 2 2 10 4 1486 4987 1422
4115 2 2 10 4 1436 1476 1438
4116 2 2 10 4 5491 5492 3412
4117 2 2 10 4 1469 6152 5205
4118 2 2 10 4 4582 7429 4583
4119 2 2 10 4 1626 1627 1625
4120 2 2 10 4 3521 6178 5170
4121 2 2 10 4 6308 6465 1926
4122 2 2 10 4 1964 5937 3488
4123 2 2 10 4 799 847 801
4124 2 2 10 4 1075 5224 2603
4125 2 2 10 4 5237 5238 5236
4126 2 2 10 4 870 5093 869
4127 2 2 10 4 1455 1458 1456
4128 2 2 10 4 4876 5302 4877
4129 2 2 10 4 2943 3282 2945
4130 2 2 10 4 2462 4948 3549
4131 2 2 10 4 3842 3843 3841
4132 2 2 10 4 5402 5404 5403
4133 2 2 10 4 4409 7449 2440
4134 2 2 10 4 1765 2301 1764
4135 2 2 10 4 5064 6064 2830
4136 2 2 10 4 5399 5500 5499
4137 2 2 10 4 1202 5012 1205
4138 2 2 10 4 2947 2948 2946
4139 2 2 10 4 275 5377 274
4140 2 2 10 4 4641 7445 463
4141 2 2 10 4 1097 2431 1099
4142 2 2 10 4 1066 5053 1277
4143 2 2 10 4 1853 1854 1852
4144 2 2 10 4 1544 6293 5232
4145 2 2 10 4 5950 6471 1926
4146 2 2 10 4 4989 5960 4992
4147 2 2 10 4 3100 5438 5437
4148 2 2 10 4 41 5476 40
4149 2 2 10 4 3704 5337 5336
4150 2 2 10 4 2943 2944 2942
4151 2 2 10 4 1546 4838 4599
4152 2 2 10 4 1458 1461 1459
4153 2 2 10 4 4449 4837 4454
4154 2 2 10 4 3500 5321 3762
4155 2 2 10 4 1191 1193 1192
4156 2 2 10 4 2807 2827 2806
4157 2 2 10 4 2892 3209 2891
4158 2 2 10 4 5326 7253 5082
4159 2 2 10 4 4166 4167 4165
4160 2 2 10 4 3577 6243 4244
4161 2 2 10 4 949 951 948
4162 2 2 10 4 886 888 885
4163 2 2 10 4 3358 3359 3114
4164 2 2 10 4 1486 4989 4988
4165 2 2 10 4 3209 6099 2891
4166 2 2 10 4 852 5236 844
4167 2 2 10 4 2729 3927 3555
4168 2 2 10 4 5153 5672 1623
4169 2 2 10 4 2445 2446 2119
4170 2 2 10 4 2949 2950 2948
4171 2 2 10 4 4447 5474 4445
4172 2 2 10 4 3244 3404 2571
4173 2 2 10 4 4591 4592 3319
4174 2 2 10 4 7316 7496 4949
4175 2 2 10 4 3294 6075 5204
4176 2 2 10 4 735 1004 737
4177 2 2 10 4 3098 5438 3100
4178 2 2 10 4 2955 3294 2940
4179 2 2 10 4 2833 6222 2761
4180 2 2 10 4 27 5468 26
4181 2 2 10 4 3136 3700 3699
4182 2 2 10 4 1295 4926 2138
4183 2 2 10 4 809 811 807
4184 2 2 10 4 914 6154 991
4185 2 2 10 4 3733 3734 3335
4186 2 2 10 4 1335 5388 3361
4187 2 2 10 4 938 973 936
4188 2 2 10 4 1686 1700 1699
4189 2 2 10 4 4548 7122 578
4190 2 2 10 4 872 873 870
4191 2 2 10 4 729 5178 1015
4192 2 2 10 4 1333 5388 1335
4193 2 2 10 4 1630 1631 1629
4194 2 2 10 4 1077 4986 1026
4195 2 2 10 4 3217 4999 4998
4196 2 2 10 4 4168 4281 4167
4197 2 2 10 4 4101 7510 4481
4198 2 2 10 4 4293 4294 4292
4199 2 2 10 4 2793 2832 2791
4200 2 2 10 4 1843 1844 1841
4201 2 2 10 4 1461 1466 1462
4202 2 2 10 4 60 5549 684
4203 2 2 10 4 252 5370 251
4204 2 2 10 4 157 5453 156
4205 2 2 10 4 1493 5096 5095
4206 2 2 10 4 1761 5108 1426
4207 2 2 10 4 590 7221 7208
4208 2 2 10 4 983 5529 968
4209 2 2 10 4 2952 2953 2950
4210 2 2 10 4 3368 4364 3359
4211 2 2 10 4 5244 5245 5243
4212 2 2 10 4 2913 2916 2915
4213 2 2 10 4 48 5511 542
4214 2 2 10 4 2680 5576 2882
4215 2 2 10 4 111 5345 110
4216 2 2 10 4 6120 6284 3530
4217 2 2 10 4 1118 4963 1130
4218 2 2 10 4 952 957 951
4219 2 2 10 4 6455 6722 1737
4220 2 2 10 4 568 5617 5436
4221 2 2 10 4 3668 4564 3347
4222 2 2 10 4 43 5457 42
4223 2 2 10 4 3520 7033 7007
4224 2 2 10 4 3952 4169 3951
4225 2 2 10 4 804 1790 806
4226 2 2 10 4 1327 5479 1329
4227 2 2 10 4 1394 1396 1395
4228 2 2 10 4 1440 1789 1442
4229 2 2 10 4 1606 5209 1608
4230 2 2 10 4 2817 5569 2823
4231 2 2 10 4 1326 1528 1327
4232 2 2 10 4 5391 5392 5390
4233 2 2 10 4 1313 2405 1315
4234 2 2 10 4 1632 1633 1631
4235 2 2 10 4 566 6038 4626
4236 2 2 10 4 1594 1758 1592
4237 2 2 10 4 4460 4523 4461
4238 2 2 10 4 4025 6243 3625
4239 2 2 10 4 2897 3677 3676
4240 2 2 10 4 1628 1629 1627
4241 2 2 10 4 2830 5569 2819
4242 2 2 10 4 5554 5555 2906
4243 2 2 10 4 3180 3181 2953
4244 2 2 10 4 958 960 957
4245 2 2 10 4 3375 3376 3374
4246 2 2 10 4 780 5258 1958
4247 2 2 10 4 3677 5265 4387
4248 2 2 10 4 1960 5296 1823
4249 2 2 10 4 1011 4861 1001
4250 2 2 10 4 5450 5451 602
4251 2 2 10 4 1104 2084 1106
4252 2 2 10 4 1182 1185 1184
4253 2 2 10 4 3901 6036 6033
4254 2 2 10 4 133 5531 696
4255 2 2 10 4 3227 5338 2955
4256 2 2 10 4 2919 2922 2921
4257 2 2 10 4 1194 5199 1197
4258 2 2 10 4 2756 5419 2754
4259 2 2 10 4 162 6818 5701
4260 2 2 10 4 1197 1199 1198
4261 2 2 10 4 4966 4967 2839
4262 2 2 10 4 2996 6842 5306
4263 2 2 10 4 4666 7584 6812
4264 2 2 10 4 877 878 874
4265 2 2 10 4 390 6077 391
4266 2 2 10 4 2916 2918 2917
4267 2 2 10 4 1760 5447 1596
4268 2 2 10 4 4901 7578 6350
4269 2 2 10 4 25 5442 24
4270 2 2 10 4 4974 5060 4968
4271 2 2 10 4 176 5523 587
4272 2 2 10 4 2693 6332 2897
4273 2 2 10 4 232 5355 231
4274 2 2 10 4 273 5353 272
4275 2 2 10 4 1466 1469 1467
4276 2 2 10 4 2759 5419 2756
4277 2 2 10 4 2759 6222 5419
4278 2 2 10 4 5119 5120 4978
4279 2 2 10 4 4486 7093 5734
4280 2 2 10 4 3326 4850 4849
4281 2 2 10 4 893 894 892
4282 2 2 10 4 2633 2635 2634
4283 2 2 10 4 3992 3993 3376
4284 2 2 10 4 3325 5125 3326
4285 2 2 10 4 212 5351 211
4286 2 2 10 4 2603 3374 1085
4287 2 2 10 4 1513 5126 2633
4288 2 2 10 4 1828 5628 1826
4289 2 2 10 4 1323 4867 1326
4290 2 2 10 4 1329 5479 5383
4291 2 2 10 4 3306 6005 2500
4292 2 2 10 4 2842 5039 5038
4293 2 2 10 4 2449 2450 2446
4294 2 2 10 4 4182 6346 4417
4295 2 2 10 4 1161 1162 1159
4296 2 2 10 4 4401 4603 4399
4297 2 2 10 4 5206 5208 5207
4298 2 2 10 4 3700 4425 4424
4299 2 2 10 4 1860 1861 1859
4300 2 2 10 4 1894 5514 2588
4301 2 2 10 4 5562 5932 1868
4302 2 2 10 4 2499 2500 2498
4303 2 2 10 4 4420 5283 4511
4304 2 2 10 4 590 5345 111
4305 2 2 10 4 2635 2637 2636
4306 2 2 10 4 682 5428 109
4307 2 2 10 4 942 3330 940
4308 2 2 10 4 904 5620 900
4309 2 2 10 4 2889 3308 3307
4310 2 2 10 4 5457 7019 6892
4311 2 2 10 4 1043 1044 1042
4312 2 2 10 4 2797 3317 2795
4313 2 2 10 4 2365 6704 4925
4314 2 2 10 4 1606 1608 1607
4315 2 2 10 4 5318 5319 603
4316 2 2 10 4 1849 5537 1847
4317 2 2 10 4 4497 5333 4499
4318 2 2 10 4 1952 7591 7051
4319 2 2 10 4 619 5364 278
4320 2 2 10 4 2918 5303 2919
4321 2 2 10 4 1469 1472 1470
4322 2 2 10 4 3677 4387 4386
4323 2 2 10 4 571 5377 275
4324 2 2 10 4 6474 6539 5774
4325 2 2 10 4 3557 5582 5125
4326 2 2 10 4 3713 5940 3715
4327 2 2 10 4 2922 2925 2924
4328 2 2 10 4 548 7328 4482
4329 2 2 10 4 5249 5671 5670
4330 2 2 10 4 2108 6018 3877
4331 2 2 10 4 4764 6928 652
4332 2 2 10 4 4715 6929 653
4333 2 2 10 4 251 5370 532
4334 2 2 10 4 1356 1357 1354
4335 2 2 10 4 1385 1388 1387
4336 2 2 10 4 4348 4535 4534
4337 2 2 10 4 2360 2599 2598
4338 2 2 10 4 741 978 743
4339 2 2 10 4 2877 2889 2878
4340 2 2 10 4 3143 5469 3145
4341 2 2 10 4 211 5351 674
4342 2 2 10 4 895 896 894
4343 2 2 10 4 2451 2452 2450
4344 2 2 10 4 534 5355 232
4345 2 2 10 4 673 5353 273
4346 2 2 10 4 1199 1201 1200
4347 2 2 10 4 2882 5576 3563
4348 2 2 10 4 1020 1022 1021
4349 2 2 10 4 4640 7166 5414
4350 2 2 10 4 1360 1361 1358
4351 2 2 10 4 68 5535 5316
4352 2 2 10 4 5023 5955 5020
4353 2 2 10 4 4968 4969 4967
4354 2 2 10 4 961 967 960
4355 2 2 10 4 5390 5394 5389
4356 2 2 10 4 2910 2912 2911
4357 2 2 10 4 1486 5960 4989
4358 2 2 10 4 1384 4862 1385
4359 2 2 10 4 5763 7032 6867
4360 2 2 10 4 253 5348 675
4361 2 2 10 4 6157 6269 4522
4362 2 2 10 4 3995 6431 5574
4363 2 2 10 4 1153 1154 1151
4364 2 2 10 4 1001 4861 3362
4365 2 2 10 4 2851 2852 2850
4366 2 2 10 4 1167 1168 1165
4367 2 2 10 4 4835 6648 1537
4368 2 2 10 4 1155 1156 1154
4369 2 2 10 4 521 5389 236
4370 2 2 10 4 4989 4990 4988
4371 2 2 10 4 1364 1365 1362
4372 2 2 10 4 254 5348 253
4373 2 2 10 4 4886 4890 4888
4374 2 2 10 4 948 4854 944
4375 2 2 10 4 5658 5992 3870
4376 2 2 10 4 2599 7123 4533
4377 2 2 10 4 725 2624 727
4378 2 2 10 4 1400 1402 1401
4379 2 2 10 4 109 5428 108
4380 2 2 10 4 4929 4930 2995
4381 2 2 10 4 676 5344 230
4382 2 2 10 4 2806 4853 2799
4383 2 2 10 4 1108 2299 1110
4384 2 2 10 4 1634 1635 1633
4385 2 2 10 4 4162 4163 4121
4386 2 2 10 4 1368 1369 1366
4387 2 2 10 4 884 885 882
4388 2 2 10 4 1188 1191 1190
4389 2 2 10 4 5039 5041 5040
4390 2 2 10 4 4458 5456 4453
4391 2 2 10 4 663 5611 5470
4392 2 2 10 4 5081 5082 1784
4393 2 2 10 4 1446 1455 1448
4394 2 2 10 4 971 972 967
4395 2 2 10 4 2925 2927 2926
4396 2 2 10 4 786 5346 1963
4397 2 2 10 4 3145 5469 4147
4398 2 2 10 4 1080 1081 1077
4399 2 2 10 4 1130 1530 1131
4400 2 2 10 4 1163 1164 1162
4401 2 2 10 4 255 5340 540
4402 2 2 10 4 4513 5534 5533
4403 2 2 10 4 1763 1764 1760
4404 2 2 10 4 5600 7099 2930
4405 2 2 10 4 2637 2640 2639
4406 2 2 10 4 700 701 522
4407 2 2 10 4 4682 4683 641
4408 2 2 10 4 4738 4739 642
4409 2 2 10 4 4790 4791 497
4410 2 2 10 4 4742 4743 633
4411 2 2 10 4 4681 4684 4682
4412 2 2 10 4 4787 5292 494
4413 2 2 10 4 4781 4782 495
4414 2 2 10 4 4778 4779 654
4415 2 2 10 4 1851 1852 1849
4416 2 2 10 4 3563 4015 3564
4417 2 2 10 4 799 5190 847
4418 2 2 10 4 3591 5586 2698
4419 2 2 10 4 1248 1250 1249
4420 2 2 10 4 1157 1787 1156
4421 2 2 10 4 543 5482 228
4422 2 2 10 4 1319 3320 1321
4423 2 2 10 4 1528 5494 5479
4424 2 2 10 4 1636 1640 1635
4425 2 2 10 4 1671 5937 1964
4426 2 2 10 4 4138 4428 3406
4427 2 2 10 4 934 5286 5285
4428 2 2 10 4 3647 6615 6408
4429 2 2 10 4 2323 7319 4613
4430 2 2 10 4 247 5401 517
4431 2 2 10 4 4055 4267 3207
4432 2 2 10 4 5689 6504 690
4433 2 2 10 4 4387 4607 4606
4434 2 2 10 4 2882 3563 3041
4435 2 2 10 4 1861 5339 1859
4436 2 2 10 4 1770 6094 5378
4437 2 2 10 4 897 899 896
4438 2 2 10 4 1402 1404 1403
4439 2 2 10 4 257 5330 681
4440 2 2 10 4 4391 7410 3514
4441 2 2 10 4 7026 7206 5968
4442 2 2 10 4 3007 6604 6469
4443 2 2 10 4 3204 4243 2904
4444 2 2 10 4 4609 5560 4612
4445 2 2 10 4 1432 5295 1434
4446 2 2 10 4 759 5412 762
4447 2 2 10 4 1472 1474 1473
4448 2 2 10 4 3522 3523 3401
4449 2 2 10 4 2453 2454 2452
4450 2 2 10 4 5448 5449 563
4451 2 2 10 4 2646 2648 2647
4452 2 2 10 4 664 5445 5443
4453 2 2 10 4 2802 2806 2799
4454 2 2 10 4 23 5418 22
4455 2 2 10 4 1246 1247 1245
4456 2 2 10 4 990 5274 5272
4457 2 2 10 4 946 948 944
4458 2 2 10 4 1391 1394 1393
4459 2 2 10 4 546 5329 267
4460 2 2 10 4 2599 4547 3309
4461 2 2 10 4 3348 5962 4068
4462 2 2 10 4 1149 1152 1151
4463 2 2 10 4 1355 7472 4525
4464 2 2 10 4 1485 1503 1492
4465 2 2 10 4 4417 6429 4184
4466 2 2 10 4 230 5344 229
4467 2 2 10 4 2500 6005 2498
4468 2 2 10 4 1672 5459 1679
4469 2 2 10 4 1532 1533 1081
4470 2 2 10 4 1608 1610 1609
4471 2 2 10 4 1483 5295 1432
4472 2 2 10 4 1170 1171 1168
4473 2 2 10 4 1474 1478 1477
4474 2 2 10 4 6980 7596 3952
4475 2 2 10 4 1244 1245 1243
4476 2 2 10 4 770 5225 1948
4477 2 2 10 4 874 5498 873
4478 2 2 10 4 3535 6076 4225
4479 2 2 10 4 4059 6629 4506
4480 2 2 10 4 3719 3903 3523
4481 2 2 10 4 6417 6660 3731
4482 2 2 10 4 83 5416 666
4483 2 2 10 4 2395 5962 3348
4484 2 2 10 4 900 5620 899
4485 2 2 10 4 4607 4609 4608
4486 2 2 10 4 666 6559 5448
4487 2 2 10 4 2709 4869 3235
4488 2 2 10 4 979 980 972
4489 2 2 10 4 5337 6170 4499
4490 2 2 10 4 5174 6224 3529
4491 2 2 10 4 5156 5158 5157
4492 2 2 10 4 665 5413 180
4493 2 2 10 4 2645 5483 2646
4494 2 2 10 4 4931 4932 4930
4495 2 2 10 4 4876 4877 1555
4496 2 2 10 4 1390 5396 1391
4497 2 2 10 4 2874 5616 2872
4498 2 2 10 4 4613 7412 2323
4499 2 2 10 4 1370 1372 1369
4500 2 2 10 4 531 5442 25
4501 2 2 10 4 4244 5212 3575
4502 2 2 10 4 1035 1037 1036
4503 2 2 10 4 862 864 863
4504 2 2 10 4 5366 5367 503
4505 2 2 10 4 1248 1249 1247
4506 2 2 10 4 3075 4531 2683
4507 2 2 10 4 244 5343 659
4508 2 2 10 4 2582 5573 3141
4509 2 2 10 4 725 5299 2624
4510 2 2 10 4 5960 6200 4992
4511 2 2 10 4 3908 4349 3907
4512 2 2 10 4 2455 2456 2454
4513 2 2 10 4 2306 4371 3724
4514 2 2 10 4 2853 2854 2852
4515 2 2 10 4 2815 5540 2813
4516 2 2 10 4 2403 7225 5534
4517 2 2 10 4 1610 1612 1611
4518 2 2 10 4 5459 5460 1679
4519 2 2 10 4 2842 5983 5039
4520 2 2 10 4 42 5457 672
4521 2 2 10 4 1804 1805 1803
4522 2 2 10 4 677 5418 23
4523 2 2 10 4 1641 1643 1640
4524 2 2 10 4 1033 1035 1034
4525 2 2 10 4 882 4859 881
4526 2 2 10 4 4038 7065 6914
4527 2 2 10 4 2957 3365 3332
4528 2 2 10 4 1086 5461 1089
4529 2 2 10 4 1487 2666 1494
4530 2 2 10 4 517 5407 246
4531 2 2 10 4 1172 1173 1171
4532 2 2 10 4 1404 1406 1405
4533 2 2 10 4 860 862 861
4534 2 2 10 4 1991 1992 1533
4535 2 2 10 4 693 5434 280
4536 2 2 10 4 46 5411 678
4537 2 2 10 4 1182 5083 1185
4538 2 2 10 4 1277 1279 1278
4539 2 2 10 4 1391 5396 1394
4540 2 2 10 4 1114 3179 1116
4541 2 2 10 4 47 5411 46
4542 2 2 10 4 1323 1326 1325
4543 2 2 10 4 5295 6605 1434
4544 2 2 10 4 261 5327 687
4545 2 2 10 4 2913 5989 2916
4546 2 2 10 4 4973 5119 4972
4547 2 2 10 4 5274 5276 5275
4548 2 2 10 4 1037 1039 1038
4549 2 2 10 4 1858 1859 1855
4550 2 2 10 4 6841 7014 2545
4551 2 2 10 4 2648 2650 2649
4552 2 2 10 4 2368 2369 2367
4553 2 2 10 4 5287 5601 1544
4554 2 2 10 4 1205 1207 1206
4555 2 2 10 4 864 866 865
4556 2 2 10 4 4834 5064 4832
4557 2 2 10 4 2677 3321 3184
4558 2 2 10 4 63 5545 698
4559 2 2 10 4 5983 6247 5042
4560 2 2 10 4 869 5093 1750
4561 2 2 10 4 4692 6049 509
4562 2 2 10 4 1494 7401 4962
4563 2 2 10 4 1769 1770 1767
4564 2 2 10 4 539 5398 21
4565 2 2 10 4 1373 1374 1372
4566 2 2 10 4 1513 2633 1526
4567 2 2 10 4 2007 5971 2009
4568 2 2 10 4 3040 3086 3085
4569 2 2 10 4 4890 4892 4891
4570 2 2 10 4 256 5340 255
4571 2 2 10 4 6239 7253 3190
4572 2 2 10 4 747 954 749
4573 2 2 10 4 1597 5290 3334
4574 2 2 10 4 1863 5253 1834
4575 2 2 10 4 3669 6493 5638
4576 2 2 10 4 2472 5595 723
4577 2 2 10 4 2698 5586 2696
4578 2 2 10 4 3500 3762 3540
4579 2 2 10 4 2107 5972 2109
4580 2 2 10 4 2411 2712 1956
4581 2 2 10 4 3831 6345 4306
4582 2 2 10 4 891 892 889
4583 2 2 10 4 3495 3497 3496
4584 2 2 10 4 671 5468 27
4585 2 2 10 4 5576 6184 3563
4586 2 2 10 4 987 988 980
4587 2 2 10 4 1410 5211 1955
4588 2 2 10 4 6244 6290 3411
4589 2 2 10 4 1194 1197 1196
4590 2 2 10 4 4609 4612 4611
4591 2 2 10 4 3743 7323 5441
4592 2 2 10 4 2855 2856 2854
4593 2 2 10 4 4186 6429 4346
4594 2 2 10 4 4517 4518 4019
4595 2 2 10 4 1143 5650 1259
4596 2 2 10 4 2738 5554 2906
4597 2 2 10 4 1682 5459 1672
4598 2 2 10 4 1006 3338 1002
4599 2 2 10 4 1478 1485 1484
4600 2 2 10 4 1343 5171 1757
4601 2 2 10 4 3205 3387 3000
4602 2 2 10 4 4972 5119 4978
4603 2 2 10 4 5051 7169 2840
4604 2 2 10 4 4120 5519 3786
4605 2 2 10 4 4483 6345 4230
4606 2 2 10 4 3357 5373 1797
4607 2 2 10 4 3961 6465 6308
4608 2 2 10 4 1855 5629 1854
4609 2 2 10 4 4938 4939 3020
4610 2 2 10 4 49 5512 5511
4611 2 2 10 4 3038 3040 3039
4612 2 2 10 4 5127 6294 1158
4613 2 2 10 4 1174 1175 1173
4614 2 2 10 4 2457 2458 2456
4615 2 2 10 4 4967 6001 2839
4616 2 2 10 4 4116 7409 5484
4617 2 2 10 4 144 5436 663
4618 2 2 10 4 683 5387 19
4619 2 2 10 4 1671 1964 1682
4620 2 2 10 4 3276 6446 6296
4621 2 2 10 4 1404 6303 1406
4622 2 2 10 4 5134 5136 5135
4623 2 2 10 4 1157 6030 1787
4624 2 2 10 4 1207 1209 1208
4625 2 2 10 4 3493 3495 3494
4626 2 2 10 4 924 5605 922
4627 2 2 10 4 685 6618 4568
4628 2 2 10 4 1279 1281 1280
4629 2 2 10 4 664 5443 119
4630 2 2 10 4 81 5448 563
4631 2 2 10 4 3314 6813 5425
4632 2 2 10 4 5470 5471 556
4633 2 2 10 4 4065 4586 4585
4634 2 2 10 4 562 5440 182
4635 2 2 10 4 3063 5592 3059
4636 2 2 10 4 1844 5160 1841
4637 2 2 10 4 5376 6527 4293
4638 2 2 10 4 1351 1352 1350
4639 2 2 10 4 1375 1376 1374
4640 2 2 10 4 5067 5068 5065
4641 2 2 10 4 866 868 867
4642 2 2 10 4 1644 1645 1643
4643 2 2 10 4 1039 1041 1040
4644 2 2 10 4 3086 3193 3087
4645 2 2 10 4 1700 1701 1699
4646 2 2 10 4 3661 5539 3659
4647 2 2 10 4 5276 5277 5275
4648 2 2 10 4 905 906 904
4649 2 2 10 4 526 6528 4820
4650 2 2 10 4 1875 5578 1874
4651 2 2 10 4 684 5386 59
4652 2 2 10 4 3497 3499 3498
4653 2 2 10 4 3185 6934 4659
4654 2 2 10 4 3601 3602 3017
4655 2 2 10 4 3124 3991 3990
4656 2 2 10 4 40 5476 519
4657 2 2 10 4 208 6466 207
4658 2 2 10 4 1612 1614 1613
4659 2 2 10 4 932 5285 990
4660 2 2 10 4 2537 6096 1554
4661 2 2 10 4 1773 1781 1771
4662 2 2 10 4 2430 4553 1793
4663 2 2 10 4 3293 3722 2713
4664 2 2 10 4 21 5398 20
4665 2 2 10 4 3783 5226 3781
4666 2 2 10 4 1800 5385 2629
4667 2 2 10 4 992 993 988
4668 2 2 10 4 1764 5447 1760
4669 2 2 10 4 4997 6256 3733
4670 2 2 10 4 4859 4868 3341
4671 2 2 10 4 3791 5581 5580
4672 2 2 10 4 1397 1400 1399
4673 2 2 10 4 1176 1177 1175
4674 2 2 10 4 2560 3324 2366
4675 2 2 10 4 2650 2676 2675
4676 2 2 10 4 6265 7459 3214
4677 2 2 10 4 5135 5142 5133
4678 2 2 10 4 1418 5960 1420
4679 2 2 10 4 228 5482 227
4680 2 2 10 4 3365 5203 5201
4681 2 2 10 4 5631 6021 5552
4682 2 2 10 4 396 6216 397
4683 2 2 10 4 3094 5382 3096
4684 2 2 10 4 2934 2936 2935
4685 2 2 10 4 5109 5112 5111
4686 2 2 10 4 989 7588 7477
4687 2 2 10 4 5162 5164 5163
4688 2 2 10 4 4612 4863 4613
4689 2 2 10 4 2760 2761 2759
4690 2 2 10 4 1118 1130 1129
4691 2 2 10 4 5047 5049 5048
4692 2 2 10 4 7123 7248 4533
4693 2 2 10 4 5428 5528 5429
4694 2 2 10 4 2202 4141 3791
4695 2 2 10 4 3113 4059 4058
4696 2 2 10 4 1852 5537 1849
4697 2 2 10 4 2813 2820 2811
4698 2 2 10 4 1485 1492 1491
4699 2 2 10 4 2857 2858 2856
4700 2 2 10 4 1281 1283 1282
4701 2 2 10 4 1041 1043 1042
4702 2 2 10 4 3535 4225 4224
4703 2 2 10 4 868 870 869
4704 2 2 10 4 5185 5186 1790
4705 2 2 10 4 1072 6822 4492
4706 2 2 10 4 4182 4184 4183
4707 2 2 10 4 1329 5383 1331
4708 2 2 10 4 5420 5422 5421
4709 2 2 10 4 3997 6539 5307
4710 2 2 10 4 1013 3344 1031
4711 2 2 10 4 1663 5937 1664
4712 2 2 10 4 934 5285 932
4713 2 2 10 4 3572 3573 3571
4714 2 2 10 4 751 1954 753
4715 2 2 10 4 4801 6975 4800
4716 2 2 10 4 1377 1378 1376
4717 2 2 10 4 3557 5125 3325
4718 2 2 10 4 3541 3543 3542
4719 2 2 10 4 577 5381 57
4720 2 2 10 4 2944 5995 2942
4721 2 2 10 4 4233 5987 4477
4722 2 2 10 4 5375 7497 5374
4723 2 2 10 4 2678 2709 2708
4724 2 2 10 4 1614 1617 1616
4725 2 2 10 4 2916 5989 2938
4726 2 2 10 4 692 5543 5542
4727 2 2 10 4 3499 5321 3500
4728 2 2 10 4 3906 4359 3904
4729 2 2 10 4 3321 4097 3567
4730 2 2 10 4 1063 1077 1026
4731 2 2 10 4 5039 5983 5042
4732 2 2 10 4 2459 2460 2458
4733 2 2 10 4 250 5495 249
4734 2 2 10 4 1862 1864 1861
4735 2 2 10 4 4603 6665 2638
4736 2 2 10 4 5503 5727 3531
4737 2 2 10 4 2910 5567 3113
4738 2 2 10 4 2422 2423 2369
4739 2 2 10 4 1800 2629 1798
4740 2 2 10 4 907 908 906
4741 2 2 10 4 4992 6200 4996
4742 2 2 10 4 3096 3561 3098
4743 2 2 10 4 1209 1211 1210
4744 2 2 10 4 848 4880 4879
4745 2 2 10 4 723 5595 721
4746 2 2 10 4 2301 5378 3377
4747 2 2 10 4 3302 3401 2537
4748 2 2 10 4 4232 6365 4483
4749 2 2 10 4 3762 4373 4372
4750 2 2 10 4 5120 7040 6114
4751 2 2 10 4 1807 5462 1805
4752 2 2 10 4 2956 5303 2918
4753 2 2 10 4 142 5470 556
4754 2 2 10 4 5491 5493 5492
4755 2 2 10 4 1410 1412 1411
4756 2 2 10 4 1179 1180 1177
4757 2 2 10 4 2762 2763 2761
4758 2 2 10 4 2767 6001 2765
4759 2 2 10 4 4558 4559 4294
4760 2 2 10 4 660 5473 184
4761 2 2 10 4 3574 3575 3573
4762 2 2 10 4 1343 1550 1344
4763 2 2 10 4 5229 7242 4000
4764 2 2 10 4 5303 6445 6356
4765 2 2 10 4 1859 5629 1855
4766 2 2 10 4 2685 2686 2684
4767 2 2 10 4 79 5477 661
4768 2 2 10 4 3810 5995 2944
4769 2 2 10 4 889 5176 888
4770 2 2 10 4 3714 6085 4080
4771 2 2 10 4 5554 5557 5556
4772 2 2 10 4 38 5487 668
4773 2 2 10 4 1796 4862 1384
4774 2 2 10 4 2736 5557 5554
4775 2 2 10 4 2201 5992 5658
4776 2 2 10 4 92 5424 5420
4777 2 2 10 4 1205 5012 1952
4778 2 2 10 4 54 5379 550
4779 2 2 10 4 1142 5650 1143
4780 2 2 10 4 5973 6017 3974
4781 2 2 10 4 1379 1380 1378
4782 2 2 10 4 4336 4338 4337
4783 2 2 10 4 3838 5940 3713
4784 2 2 10 4 4184 4186 4185
4785 2 2 10 4 1894 1901 1802
4786 2 2 10 4 805 5458 2549
4787 2 2 10 4 5353 7289 5354
4788 2 2 10 4 1277 5053 2468
4789 2 2 10 4 2144 7179 4927
4790 2 2 10 4 258 5330 257
4791 2 2 10 4 2461 2462 2460
4792 2 2 10 4 4497 5334 5333
4793 2 2 10 4 1008 1009 993
4794 2 2 10 4 1050 6020 1073
4795 2 2 10 4 1331 1338 1333
4796 2 2 10 4 1647 1687 1645
4797 2 2 10 4 829 831 828
4798 2 2 10 4 6467 7417 3544
4799 2 2 10 4 4940 4941 4939
4800 2 2 10 4 2367 4844 2560
4801 2 2 10 4 1864 5932 2607
4802 2 2 10 4 5307 6547 6484
4803 2 2 10 4 1211 1213 1212
4804 2 2 10 4 662 5196 32
4805 2 2 10 4 3615 4100 4035
4806 2 2 10 4 4197 5601 5287
4807 2 2 10 4 1819 5633 1816
4808 2 2 10 4 1960 5587 5296
4809 2 2 10 4 2859 2860 2858
4810 2 2 10 4 217 5415 545
4811 2 2 10 4 3309 6069 5116
4812 2 2 10 4 3389 3390 3388
4813 2 2 10 4 5079 6470 5071
4814 2 2 10 4 1283 1285 1284
4815 2 2 10 4 5069 5070 5068
4816 2 2 10 4 4971 6001 4967
4817 2 2 10 4 1777 5267 1775
4818 2 2 10 4 3829 5986 3827
4819 2 2 10 4 2643 3336 2645
4820 2 2 10 4 909 910 908
4821 2 2 10 4 1816 5633 1815
4822 2 2 10 4 1806 1807 1805
4823 2 2 10 4 1181 1182 1180
4824 2 2 10 4 1617 1619 1618
4825 2 2 10 4 5586 5668 2696
4826 2 2 10 4 1168 6027 1165
4827 2 2 10 4 3236 6931 6869
4828 2 2 10 4 1646 1647 1645
4829 2 2 10 4 2935 5191 2929
4830 2 2 10 4 878 5498 874
4831 2 2 10 4 2817 2823 2815
4832 2 2 10 4 2431 3388 1099
4833 2 2 10 4 3528 6498 6253
4834 2 2 10 4 155 602 154
4835 2 2 10 4 3610 4284 4283
4836 2 2 10 4 110 682 109
4837 2 2 10 4 2860 6031 2858
4838 2 2 10 4 4065 5513 4586
4839 2 2 10 4 1202 1205 1204
4840 2 2 10 4 4371 4828 3724
4841 2 2 10 4 5214 7063 5213
4842 2 2 10 4 4930 6031 2995
4843 2 2 10 4 1066 1277 1276
4844 2 2 10 4 816 2113 817
4845 2 2 10 4 1867 1868 1865
4846 2 2 10 4 1817 6814 4591
4847 2 2 10 4 2754 2845 2752
4848 2 2 10 4 2709 3133 3132
4849 2 2 10 4 4454 5474 4447
4850 2 2 10 4 832 833 831
4851 2 2 10 4 173 594 172
4852 2 2 10 4 1608 5209 5206
4853 2 2 10 4 1162 6030 1159
4854 2 2 10 4 4818 6448 541
4855 2 2 10 4 1412 1414 1413
4856 2 2 10 4 3543 4134 4133
4857 2 2 10 4 153 5395 152
4858 2 2 10 4 755 758 757
4859 2 2 10 4 1878 5578 1875
4860 2 2 10 4 3578 6661 6535
4861 2 2 10 4 92 5420 91
4862 2 2 10 4 758 5412 759
4863 2 2 10 4 2951 6625 6170
4864 2 2 10 4 91 595 90
4865 2 2 10 4 5557 6481 5556
4866 2 2 10 4 1019 1020 1009
4867 2 2 10 4 7466 7515 790
4868 2 2 10 4 1809 5642 1908
4869 2 2 10 4 35 5366 503
4870 2 2 10 4 88 586 87
4871 2 2 10 4 112 590 111
4872 2 2 10 4 1382 1383 1380
4873 2 2 10 4 50 5512 49
4874 2 2 10 4 1369 6034 1366
4875 2 2 10 4 4946 4947 3125
4876 2 2 10 4 2764 2765 2763
4877 2 2 10 4 4889 4900 4899
4878 2 2 10 4 3576 3577 3575
4879 2 2 10 4 3959 6765 3909
4880 2 2 10 4 3325 3326 3324
4881 2 2 10 4 3341 4868 4827
4882 2 2 10 4 4286 6070 6069
4883 2 2 10 4 3244 3405 3404
4884 2 2 10 4 5649 7418 4932
4885 2 2 10 4 4999 5527 4998
4886 2 2 10 4 152 588 151
4887 2 2 10 4 3907 5931 3906
4888 2 2 10 4 658 5486 123
4889 2 2 10 4 4186 4188 4187
4890 2 2 10 4 4971 6280 6001
4891 2 2 10 4 19 5387 18
4892 2 2 10 4 3782 3784 3783
4893 2 2 10 4 4453 5456 4463
4894 2 2 10 4 5691 7066 6842
4895 2 2 10 4 3100 5437 3102
4896 2 2 10 4 257 681 256
4897 2 2 10 4 270 679 269
4898 2 2 10 4 229 543 228
4899 2 2 10 4 213 537 212
4900 2 2 10 4 268 546 267
4901 2 2 10 4 3141 5573 3916
4902 2 2 10 4 2861 2862 2860
4903 2 2 10 4 2414 5518 1287
4904 2 2 10 4 255 540 254
4905 2 2 10 4 115 578 114
4906 2 2 10 4 215 680 214
4907 2 2 10 4 272 538 271
4908 2 2 10 4 231 676 230
4909 2 2 10 4 1779 1956 1777
4910 2 2 10 4 3585 3586 3390
4911 2 2 10 4 544 5484 186
4912 2 2 10 4 1285 1287 1286
4913 2 2 10 4 217 545 216
4914 2 2 10 4 259 548 258
4915 2 2 10 4 2597 6446 3276
4916 2 2 10 4 77 5488 549
4917 2 2 10 4 263 7039 553
4918 2 2 10 4 3236 3238 3237
4919 2 2 10 4 881 4859 3341
4920 2 2 10 4 4387 5265 4610
4921 2 2 10 4 211 674 210
4922 2 2 10 4 226 582 225
4923 2 2 10 4 253 675 252
4924 2 2 10 4 3927 3928 3555
4925 2 2 10 4 3284 5627 3285
4926 2 2 10 4 5071 5072 5070
4927 2 2 10 4 2888 4072 3275
4928 2 2 10 4 176 587 175
4929 2 2 10 4 36 5504 5366
4930 2 2 10 4 2849 3176 2339
4931 2 2 10 4 266 686 265
4932 2 2 10 4 3134 4065 4063
4933 2 2 10 4 267 5329 266
4934 2 2 10 4 274 673 273
4935 2 2 10 4 233 534 232
4936 2 2 10 4 3141 3916 3143
4937 2 2 10 4 5226 6843 3781
4938 2 2 10 4 209 570 208
4939 2 2 10 4 251 532 250
4940 2 2 10 4 1826 5628 1960
4941 2 2 10 4 2463 2464 2462
4942 2 2 10 4 149 579 148
4943 2 2 10 4 179 572 178
4944 2 2 10 4 220 584 219
4945 2 2 10 4 261 687 260
4946 2 2 10 4 3983 3984 3979
4947 2 2 10 4 3780 3781 3779
4948 2 2 10 4 1605 1624 1615
4949 2 2 10 4 4523 4524 4461
4950 2 2 10 4 2439 4986 1077
4951 2 2 10 4 3688 5648 1556
4952 2 2 10 4 1550 6039 1344
4953 2 2 10 4 911 912 910
4954 2 2 10 4 276 571 275
4955 2 2 10 4 235 670 234
4956 2 2 10 4 223 551 222
4957 2 2 10 4 834 835 833
4958 2 2 10 4 85 574 84
4959 2 2 10 4 263 553 262
4960 2 2 10 4 1900 5558 1972
4961 2 2 10 4 872 874 873
4962 2 2 10 4 3087 7143 4160
4963 2 2 10 4 2049 6917 6034
4964 2 2 10 4 2907 2910 2909
4965 2 2 10 4 1335 3361 1337
4966 2 2 10 4 249 669 248
4967 2 2 10 4 146 568 145
4968 2 2 10 4 5425 6813 5422
4969 2 2 10 4 3113 4058 4057
4970 2 2 10 4 4360 4395 4359
4971 2 2 10 4 1601 2662 1603
4972 2 2 10 4 2909 3064 2908
4973 2 2 10 4 1384 1385 1383
4974 2 2 10 4 3784 3787 3786
4975 2 2 10 4 1135 1138 1137
4976 2 2 10 4 4142 5539 3661
4977 2 2 10 4 951 6518 1549
4978 2 2 10 4 1414 1416 1415
4979 2 2 10 4 237 521 236
4980 2 2 10 4 1130 4963 3322
4981 2 2 10 4 759 762 761
4982 2 2 10 4 493 7244 4605
4983 2 2 10 4 2766 2767 2765
4984 2 2 10 4 1352 1353 1350
4985 2 2 10 4 181 665 180
4986 2 2 10 4 2773 6942 2836
4987 2 2 10 4 770 772 771
4988 2 2 10 4 279 619 278
4989 2 2 10 4 83 666 82
4990 2 2 10 4 1619 1623 1622
4991 2 2 10 4 818 5233 815
4992 2 2 10 4 2648 6061 2650
4993 2 2 10 4 1864 1902 1861
4994 2 2 10 4 903 904 900
4995 2 2 10 4 1597 3334 1599
4996 2 2 10 4 5223 7361 4003
4997 2 2 10 4 247 517 246
4998 2 2 10 4 206 620 205
4999 2 2 10 4 1845 1847 1846
5000 2 2 10 4 2726 6047 2375
5001 2 2 10 4 3624 3625 3577
5002 2 2 10 4 2823 5540 2815
5003 2 2 10 4 2561 3793 1949
5004 2 2 10 4 5493 6232 830
5005 2 2 10 4 118 567 117
5006 2 2 10 4 6288 6514 4080
5007 2 2 10 4 6398 6663 1534
5008 2 2 10 4 3102 3588 3303
5009 2 2 10 4 996 6048 984
5010 2 2 10 4 4320 4322 4321
5011 2 2 10 4 1894 1903 1901
5012 2 2 10 4 1710 5342 5341
5013 2 2 10 4 1361 7362 4833
5014 2 2 10 4 2824 2830 2819
5015 2 2 10 4 144 663 143
5016 2 2 10 4 239 667 238
5017 2 2 10 4 1843 1845 1844
5018 2 2 10 4 156 5450 155
5019 2 2 10 4 4188 4190 4189
5020 2 2 10 4 4338 4493 4339
5021 2 2 10 4 5217 5219 5218
5022 2 2 10 4 5660 6778 6117
5023 2 2 10 4 3362 5529 983
5024 2 2 10 4 1735 6019 2714
5025 2 2 10 4 2456 6072 2454
5026 2 2 10 4 1492 1496 1495
5027 2 2 10 4 5073 5074 5072
5028 2 2 10 4 281 693 280
5029 2 2 10 4 183 562 182
5030 2 2 10 4 4730 6619 635
5031 2 2 10 4 5402 5403 5401
5032 2 2 10 4 1594 5011 1758
5033 2 2 10 4 2758 2759 2756
5034 2 2 10 4 245 5343 244
5035 2 2 10 4 204 694 203
5036 2 2 10 4 3995 5574 3387
5037 2 2 10 4 81 563 80
5038 2 2 10 4 538 7599 4590
5039 2 2 10 4 3356 3571 3063
5040 2 2 10 4 5528 5548 5433
5041 2 2 10 4 4902 4906 4903
5042 2 2 10 4 4073 4182 4181
5043 2 2 10 4 4874 7129 1482
5044 2 2 10 4 534 5357 5356
5045 2 2 10 4 120 664 119
5046 2 2 10 4 244 659 243
5047 2 2 10 4 2662 5481 1603
5048 2 2 10 4 4373 6722 6455
5049 2 2 10 4 819 820 818
5050 2 2 10 4 59 5386 58
5051 2 2 10 4 655 5506 5505
5052 2 2 10 4 6549 6608 3152
5053 2 2 10 4 1287 1289 1288
5054 2 2 10 4 4287 5559 3404
5055 2 2 10 4 536 5502 125
5056 2 2 10 4 5639 6513 4041
5057 2 2 10 4 1043 1045 1044
5058 2 2 10 4 2863 2864 2862
5059 2 2 10 4 2465 2694 2464
5060 2 2 10 4 242 504 241
5061 2 2 10 4 75 5509 656
5062 2 2 10 4 142 556 141
5063 2 2 10 4 185 660 184
5064 2 2 10 4 2600 2602 2601
5065 2 2 10 4 655 5505 188
5066 2 2 10 4 1533 6080 1081
5067 2 2 10 4 3787 4121 4120
5068 2 2 10 4 138 5510 535
5069 2 2 10 4 1623 1639 1638
5070 2 2 10 4 6940 7176 5130
5071 2 2 10 4 122 561 121
5072 2 2 10 4 5431 5584 600
5073 2 2 10 4 20 683 19
5074 2 2 10 4 48 542 47
5075 2 2 10 4 9 685 8
5076 2 2 10 4 22 539 21
5077 2 2 10 4 6809 6883 1150
5078 2 2 10 4 18 547 17
5079 2 2 10 4 49 5511 48
5080 2 2 10 4 79 661 78
5081 2 2 10 4 4524 6040 4461
5082 2 2 10 4 60 684 59
5083 2 2 10 4 3571 5592 3063
5084 2 2 10 4 46 678 45
5085 2 2 10 4 836 837 835
5086 2 2 10 4 3336 4049 3337
5087 2 2 10 4 51 583 50
5088 2 2 10 4 1139 1142 1141
5089 2 2 10 4 1416 1418 1417
5090 2 2 10 4 24 677 23
5091 2 2 10 4 3145 4147 3174
5092 2 2 10 4 58 577 57
5093 2 2 10 4 2522 3688 1556
5094 2 2 10 4 187 544 186
5095 2 2 10 4 11 585 10
5096 2 2 10 4 2488 5955 1574
5097 2 2 10 4 44 533 43
5098 2 2 10 4 2468 6540 1279
5099 2 2 10 4 1751 5233 818
5100 2 2 10 4 913 914 912
5101 2 2 10 4 3802 7563 5426
5102 2 2 10 4 2721 5570 2011
5103 2 2 10 4 1022 1029 1021
5104 2 2 10 4 1197 5199 5197
5105 2 2 10 4 12 5546 11
5106 2 2 10 4 124 658 123
5107 2 2 10 4 1407 1410 1409
5108 2 2 10 4 16 688 15
5109 2 2 10 4 26 531 25
5110 2 2 10 4 1185 1186 1184
5111 2 2 10 4 2768 2769 2767
5112 2 2 10 4 1187 1188 1186
5113 2 2 10 4 135 5318 603
5114 2 2 10 4 3626 3627 3625
5115 2 2 10 4 140 657 139
5116 2 2 10 4 2307 2395 1783
5117 2 2 10 4 2957 6050 3365
5118 2 2 10 4 177 5523 176
5119 2 2 10 4 763 766 765
5120 2 2 10 4 56 689 55
5121 2 2 10 4 821 5175 820
5122 2 2 10 4 2301 3377 2693
5123 2 2 10 4 3985 3986 3984
5124 2 2 10 4 2308 6116 4007
5125 2 2 10 4 54 550 53
5126 2 2 10 4 3385 6030 1162
5127 2 2 10 4 1340 1343 1342
5128 2 2 10 4 42 672 41
5129 2 2 10 4 5014 6882 5015
5130 2 2 10 4 218 5415 217
5131 2 2 10 4 877 879 878
5132 2 2 10 4 14 552 13
5133 2 2 10 4 1061 6063 2697
5134 2 2 10 4 77 549 76
5135 2 2 10 4 879 882 881
5136 2 2 10 4 1217 1219 1218
5137 2 2 10 4 5393 5394 5390
5138 2 2 10 4 7124 7641 4818
5139 2 2 10 4 2243 6076 5715
5140 2 2 10 4 28 671 27
5141 2 2 10 4 2633 5126 3873
5142 2 2 10 4 5012 7591 1952
5143 2 2 10 4 1700 1703 1701
5144 2 2 10 4 1658 6582 4571
5145 2 2 10 4 3986 5501 3984
5146 2 2 10 4 3238 3395 3394
5147 2 2 10 4 5371 5372 532
5148 2 2 10 4 4522 6530 6157
5149 2 2 10 4 4190 4192 4191
5150 2 2 10 4 126 536 125
5151 2 2 10 4 2048 6027 1168
5152 2 2 10 4 40 519 39
5153 2 2 10 4 3780 3782 3781
5154 2 2 10 4 5073 6470 5077
5155 2 2 10 4 888 5176 2539
5156 2 2 10 4 2975 3178 2837
5157 2 2 10 4 5578 5579 1874
5158 2 2 10 4 2865 2866 2864
5159 2 2 10 4 2404 6424 6107
5160 2 2 10 4 189 655 188
5161 2 2 10 4 1348 1351 1350
5162 2 2 10 4 4637 7530 2619
5163 2 2 10 4 30 515 29
5164 2 2 10 4 5357 5359 5358
5165 2 2 10 4 75 656 74
5166 2 2 10 4 1248 1252 1250
5167 2 2 10 4 61 5549 60
5168 2 2 10 4 2231 5671 2969
5169 2 2 10 4 2229 5671 2231
5170 2 2 10 4 5042 6247 5046
5171 2 2 10 4 4933 6031 4930
5172 2 2 10 4 2695 2848 2694
5173 2 2 10 4 2010 5570 5029
5174 2 2 10 4 1289 1291 1290
5175 2 2 10 4 1869 1870 1868
5176 2 2 10 4 2392 3358 3114
5177 2 2 10 4 2117 2118 2115
5178 2 2 10 4 4850 4851 4849
5179 2 2 10 4 1326 4867 1990
5180 2 2 10 4 38 668 37
5181 2 2 10 4 138 535 137
5182 2 2 10 4 4976 4979 4975
5183 2 2 10 4 4440 6131 4438
5184 2 2 10 4 4848 6512 2439
5185 2 2 10 4 5007 5009 5008
5186 2 2 10 4 156 5453 5450
5187 2 2 10 4 4907 5977 4910
5188 2 2 10 4 2827 2892 2891
5189 2 2 10 4 2015 5606 2418
5190 2 2 10 4 3397 3744 3743
5191 2 2 10 4 915 916 914
5192 2 2 10 4 73 524 72
5193 2 2 10 4 73 5516 524
5194 2 2 10 4 32 5196 31
5195 2 2 10 4 2049 6034 1369
5196 2 2 10 4 136 5520 5318
5197 2 2 10 4 6157 6530 150
5198 2 2 10 4 1964 1965 1682
5199 2 2 10 4 4188 6135 4190
5200 2 2 10 4 838 839 837
5201 2 2 10 4 4049 4151 4050
5202 2 2 10 4 33 662 32
5203 2 2 10 4 3492 4145 4144
5204 2 2 10 4 4354 6893 3728
5205 2 2 10 4 136 5318 135
5206 2 2 10 4 1639 1661 1660
5207 2 2 10 4 4906 5977 4907
5208 2 2 10 4 3659 3664 3657
5209 2 2 10 4 36 5366 35
5210 2 2 10 4 523 5524 190
5211 2 2 10 4 813 5260 816
5212 2 2 10 4 5638 6566 3669
5213 2 2 10 4 129 604 128
5214 2 2 10 4 1870 5562 1868
5215 2 2 10 4 2923 2932 2931
5216 2 2 10 4 35 503 34
5217 2 2 10 4 191 523 190
5218 2 2 10 4 496 6541 4687
5219 2 2 10 4 5341 6296 4595
5220 2 2 10 4 824 5314 5313
5221 2 2 10 4 3340 4083 3176
5222 2 2 10 4 2624 5180 5179
5223 2 2 10 4 1143 1259 1145
5224 2 2 10 4 70 5004 580
5225 2 2 10 4 4408 5026 3686
5226 2 2 10 4 135 603 134
5227 2 2 10 4 2116 2445 2119
5228 2 2 10 4 1418 1420 1419
5229 2 2 10 4 2770 2771 2769
5230 2 2 10 4 5382 6236 6203
5231 2 2 10 4 1624 1626 1625
5232 2 2 10 4 2499 2501 2500
5233 2 2 10 4 2607 5932 3847
5234 2 2 10 4 3628 3629 3627
5235 2 2 10 4 685 6011 8
5236 2 2 10 4 4369 4570 4569
5237 2 2 10 4 4192 4194 4193
5238 2 2 10 4 71 5004 70
5239 2 2 10 4 1219 1221 1220
5240 2 2 10 4 1388 1389 1387
5241 2 2 10 4 1390 1391 1389
5242 2 2 10 4 3779 4142 3661
5243 2 2 10 4 3136 3699 2540
5244 2 2 10 4 767 770 769
5245 2 2 10 4 131 695 130
5246 2 2 10 4 70 580 69
5247 2 2 10 4 5585 5653 5652
5248 2 2 10 4 2602 2689 2618
5249 2 2 10 4 1534 6663 5122
5250 2 2 10 4 1664 1669 1668
5251 2 2 10 4 2677 6061 3321
5252 2 2 10 4 2022 6096 5013
5253 2 2 10 4 1291 1293 1292
5254 2 2 10 4 5244 5246 5245
5255 2 2 10 4 133 696 132
5256 2 2 10 4 2867 2868 2866
5257 2 2 10 4 1250 1251 1249
5258 2 2 10 4 4497 4499 4498
5259 2 2 10 4 5096 5097 5095
5260 2 2 10 4 194 581 193
5261 2 2 10 4 2139 5673 1741
5262 2 2 10 4 2897 5636 3677
5263 2 2 10 4 1596 5011 1594
5264 2 2 10 4 4519 4522 4521
5265 2 2 10 4 5016 5955 2488
5266 2 2 10 4 191 5530 523
5267 2 2 10 4 3977 3978 3975
5268 2 2 10 4 1045 1046 1044
5269 2 2 10 4 1549 4854 948
5270 2 2 10 4 4068 4544 3670
5271 2 2 10 4 5506 6852 5508
5272 2 2 10 4 4924 7357 2438
5273 2 2 10 4 2828 4853 2806
5274 2 2 10 4 841 842 839
5275 2 2 10 4 68 5316 67
5276 2 2 10 4 2785 5983 2783
5277 2 2 10 4 57 5381 56
5278 2 2 10 4 2113 5526 817
5279 2 2 10 4 2949 5933 2952
5280 2 2 10 4 5958 6136 993
5281 2 2 10 4 2897 3676 2525
5282 2 2 10 4 4146 4377 4145
5283 2 2 10 4 4061 5494 1528
5284 2 2 10 4 917 918 916
5285 2 2 10 4 6170 6625 4847
5286 2 2 10 4 262 5327 261
5287 2 2 10 4 67 599 66
5288 2 2 10 4 5068 6064 5065
5289 2 2 10 4 4164 4166 4165
5290 2 2 10 4 5373 6226 1799
5291 2 2 10 4 867 5580 865
5292 2 2 10 4 1808 1809 1807
5293 2 2 10 4 1221 1223 1222
5294 2 2 10 4 1996 5624 1998
5295 2 2 10 4 4162 4164 4163
5296 2 2 10 4 1648 1649 1647
5297 2 2 10 4 1455 1456 1448
5298 2 2 10 4 1458 1459 1456
5299 2 2 10 4 1420 1422 1421
5300 2 2 10 4 2646 5483 2652
5301 2 2 10 4 3704 4537 3703
5302 2 2 10 4 1868 5932 1865
5303 2 2 10 4 1809 1908 1807
5304 2 2 10 4 6356 6445 3817
5305 2 2 10 4 4990 4993 4988
5306 2 2 10 4 2772 2773 2771
5307 2 2 10 4 2079 5939 1923
5308 2 2 10 4 4446 4447 4445
5309 2 2 10 4 3759 3760 3629
5310 2 2 10 4 197 598 196
5311 2 2 10 4 1765 5378 2301
5312 2 2 10 4 7491 7534 5024
5313 2 2 10 4 1281 6540 2404
5314 2 2 10 4 4277 6141 3058
5315 2 2 10 4 816 5260 2114
5316 2 2 10 4 1763 1765 1764
5317 2 2 10 4 170 609 169
5318 2 2 10 4 3252 3911 3910
5319 2 2 10 4 4939 6072 3020
5320 2 2 10 4 226 5490 582
5321 2 2 10 4 3744 3841 3840
5322 2 2 10 4 4436 4455 4434
5323 2 2 10 4 600 5584 106
5324 2 2 10 4 1193 1194 1192
5325 2 2 10 4 780 782 781
5326 2 2 10 4 4989 4991 4990
5327 2 2 10 4 1496 5541 1502
5328 2 2 10 4 1851 1853 1852
5329 2 2 10 4 4194 4196 4195
5330 2 2 10 4 199 692 198
5331 2 2 10 4 2689 2691 2690
5332 2 2 10 4 1853 1855 1854
5333 2 2 10 4 1191 1192 1190
5334 2 2 10 4 884 886 885
5335 2 2 10 4 65 691 64
5336 2 2 10 4 4980 4981 4979
5337 2 2 10 4 5132 6764 5131
5338 2 2 10 4 5136 5138 5135
5339 2 2 10 4 886 889 888
5340 2 2 10 4 2926 5600 2930
5341 2 2 10 4 1908 5642 5464
5342 2 2 10 4 4910 4912 4911
5343 2 2 10 4 2173 6143 4092
5344 2 2 10 4 1214 1217 1216
5345 2 2 10 4 2734 5666 2312
5346 2 2 10 4 67 5316 599
5347 2 2 10 4 5431 5585 5584
5348 2 2 10 4 3584 5666 2734
5349 2 2 10 4 5440 5515 5441
5350 2 2 10 4 4300 5631 4302
5351 2 2 10 4 3377 3379 3378
5352 2 2 10 4 1906 5558 1900
5353 2 2 10 4 2640 5241 3134
5354 2 2 10 4 508 4659 4658
5355 2 2 10 4 4646 4648 4645
5356 2 2 10 4 631 4647 4646
5357 2 2 10 4 4720 4721 632
5358 2 2 10 4 4797 4799 4798
5359 2 2 10 4 649 4770 4769
5360 2 2 10 4 645 4750 4749
5361 2 2 10 4 555 5170 4814
5362 2 2 10 4 4642 4644 4643
5363 2 2 10 4 638 4694 4693
5364 2 2 10 4 4725 4726 593
5365 2 2 10 4 6815 7294 5202
5366 2 2 10 4 5106 5109 5108
5367 2 2 10 4 1672 1679 1678
5368 2 2 10 4 1293 1295 1294
5369 2 2 10 4 2109 5972 2548
5370 2 2 10 4 3385 6330 6030
5371 2 2 10 4 1811 5642 1809
5372 2 2 10 4 2009 5971 2013
5373 2 2 10 4 634 6427 366
5374 2 2 10 4 367 6427 514
5375 2 2 10 4 2869 2870 2868
5376 2 2 10 4 2932 2942 2941
5377 2 2 10 4 63 698 62
5378 2 2 10 4 3559 4030 3014
5379 2 2 10 4 2802 2807 2806
5380 2 2 10 4 4340 5987 4233
5381 2 2 10 4 5098 7567 5560
5382 2 2 10 4 3519 5497 5496
5383 2 2 10 4 201 697 200
5384 2 2 10 4 1496 1502 1501
5385 2 2 10 4 1600 1737 1598
5386 2 2 10 4 4166 4168 4167
5387 2 2 10 4 1461 1462 1459
5388 2 2 10 4 3843 4292 4291
5389 2 2 10 4 946 949 948
5390 2 2 10 4 609 5536 169
5391 2 2 10 4 1573 1574 1572
5392 2 2 10 4 949 952 951
5393 2 2 10 4 5536 5602 168
5394 2 2 10 4 2393 5675 2248
5395 2 2 10 4 1626 1628 1627
5396 2 2 10 4 4528 7422 1193
5397 2 2 10 4 4985 6007 6006
5398 2 2 10 4 169 5536 168
5399 2 2 10 4 4448 4449 4447
5400 2 2 10 4 1682 5998 5459
5401 2 2 10 4 843 844 842
5402 2 2 10 4 597 5426 5425
5403 2 2 10 4 4222 6058 3234
5404 2 2 10 4 2335 5676 1945
5405 2 2 10 4 5472 5952 556
5406 2 2 10 4 1606 1607 1604
5407 2 2 10 4 4235 7391 4857
5408 2 2 10 4 3563 3564 3041
5409 2 2 10 4 94 597 93
5410 2 2 10 4 521 5391 5390
5411 2 2 10 4 4348 4534 4051
5412 2 2 10 4 1251 1255 1254
5413 2 2 10 4 919 920 918
5414 2 2 10 4 1149 1151 1150
5415 2 2 10 4 3358 3368 3359
5416 2 2 10 4 2904 6163 974
5417 2 2 10 4 1422 1424 1423
5418 2 2 10 4 5018 5021 5020
5419 2 2 10 4 4910 6375 4912
5420 2 2 10 4 3571 6462 5592
5421 2 2 10 4 2892 3210 3209
5422 2 2 10 4 1223 1226 1225
5423 2 2 10 4 2774 2775 2773
5424 2 2 10 4 5467 5950 2588
5425 2 2 10 4 3826 3827 3760
5426 2 2 10 4 7575 7605 5609
5427 2 2 10 4 4657 6126 621
5428 2 2 10 4 1630 1632 1631
5429 2 2 10 4 3987 4033 3986
5430 2 2 10 4 4626 5397 4627
5431 2 2 10 4 5163 5254 5253
5432 2 2 10 4 562 7182 5515
5433 2 2 10 4 5585 5655 5653
5434 2 2 10 4 4977 6280 4971
5435 2 2 10 4 4574 4577 4576
5436 2 2 10 4 1465 6151 1487
5437 2 2 10 4 808 809 807
5438 2 2 10 4 4196 4199 4198
5439 2 2 10 4 6399 6521 1537
5440 2 2 10 4 1628 1630 1629
5441 2 2 10 4 4912 4914 4913
5442 2 2 10 4 5747 7100 4136
5443 2 2 10 4 3971 3974 3969
5444 2 2 10 4 4092 6142 2054
5445 2 2 10 4 5307 6539 618
5446 2 2 10 4 4015 4016 3564
5447 2 2 10 4 107 600 106
5448 2 2 10 4 5450 5452 5451
5449 2 2 10 4 3324 6080 2366
5450 2 2 10 4 3365 6050 5204
5451 2 2 10 4 1815 5633 2078
5452 2 2 10 4 1394 1395 1393
5453 2 2 10 4 773 776 775
5454 2 2 10 4 5595 5991 721
5455 2 2 10 4 1396 1397 1395
5456 2 2 10 4 1575 1576 1574
5457 2 2 10 4 2691 3335 2692
5458 2 2 10 4 4123 5321 3499
5459 2 2 10 4 2871 2872 2870
5460 2 2 10 4 4147 7423 4148
5461 2 2 10 4 4792 6172 4791
5462 2 2 10 4 1295 1297 1296
5463 2 2 10 4 1911 1912 1906
5464 2 2 10 4 2141 6232 5491
5465 2 2 10 4 2340 2851 2850
5466 2 2 10 4 1692 5644 1689
5467 2 2 10 4 3714 4080 3839
5468 2 2 10 4 952 958 957
5469 2 2 10 4 971 6102 979
5470 2 2 10 4 1865 5932 1864
5471 2 2 10 4 4168 4282 4281
5472 2 2 10 4 55 5379 54
5473 2 2 10 4 5020 5955 5016
5474 2 2 10 4 823 824 821
5475 2 2 10 4 3693 3694 1953
5476 2 2 10 4 820 5175 1795
5477 2 2 10 4 3113 4057 2912
5478 2 2 10 4 408 6443 629
5479 2 2 10 4 518 6443 407
5480 2 2 10 4 3610 6316 4284
5481 2 2 10 4 3064 3951 3532
5482 2 2 10 4 1888 5597 1922
5483 2 2 10 4 2736 5554 2738
5484 2 2 10 4 3969 5673 2139
5485 2 2 10 4 1250 5603 1251
5486 2 2 10 4 4675 4678 4674
5487 2 2 10 4 4632 5614 4809
5488 2 2 10 4 4673 5055 4675
5489 2 2 10 4 1466 1467 1462
5490 2 2 10 4 1981 6017 5973
5491 2 2 10 4 5500 6398 6324
5492 2 2 10 4 4450 4451 4449
5493 2 2 10 4 192 5530 191
5494 2 2 10 4 1880 5577 1878
5495 2 2 10 4 845 846 844
5496 2 2 10 4 3774 3919 2973
5497 2 2 10 4 168 5602 167
5498 2 2 10 4 921 922 920
5499 2 2 10 4 1567 2905 1565
5500 2 2 10 4 1871 1872 1870
5501 2 2 10 4 3654 6227 3652
5502 2 2 10 4 2445 2449 2446
5503 2 2 10 4 5666 6092 2312
5504 2 2 10 4 3281 3912 2653
5505 2 2 10 4 5404 6128 6127
5506 2 2 10 4 4494 4497 4496
5507 2 2 10 4 1326 1327 1325
5508 2 2 10 4 1002 6174 977
5509 2 2 10 4 3734 4539 4538
5510 2 2 10 4 3700 4424 3699
5511 2 2 10 4 3592 3593 3591
5512 2 2 10 4 1021 5958 1009
5513 2 2 10 4 1502 5541 1506
5514 2 2 10 4 3368 4365 4364
5515 2 2 10 4 140 5952 657
5516 2 2 10 4 2952 5933 3182
5517 2 2 10 4 5403 6127 5406
5518 2 2 10 4 1185 5083 3328
5519 2 2 10 4 2776 2777 2775
5520 2 2 10 4 2642 5241 2640
5521 2 2 10 4 3872 5658 3870
5522 2 2 10 4 3828 3829 3827
5523 2 2 10 4 5610 5643 5642
5524 2 2 10 4 1024 1025 1022
5525 2 2 10 4 1226 1232 1231
5526 2 2 10 4 5422 5423 5421
5527 2 2 10 4 2738 2906 2740
5528 2 2 10 4 1679 1686 1685
5529 2 2 10 4 1650 1651 1649
5530 2 2 10 4 5555 6629 4059
5531 2 2 10 4 3581 6669 5263
5532 2 2 10 4 4098 7475 4796
5533 2 2 10 4 811 5532 5458
5534 2 2 10 4 1424 1426 1425
5535 2 2 10 4 3870 5992 3868
5536 2 2 10 4 2646 2647 2644
5537 2 2 10 4 4612 5560 4865
5538 2 2 10 4 4199 4201 4200
5539 2 2 10 4 5297 5633 1819
5540 2 2 10 4 1824 1826 1823
5541 2 2 10 4 167 5602 606
5542 2 2 10 4 1810 1811 1809
5543 2 2 10 4 2418 5606 4390
5544 2 2 10 4 4444 4445 4442
5545 2 2 10 4 6550 6678 1259
5546 2 2 10 4 1769 1771 1770
5547 2 2 10 4 2013 2716 2015
5548 2 2 10 4 5430 5431 600
5549 2 2 10 4 4914 4916 4915
5550 2 2 10 4 2635 2636 2634
5551 2 2 10 4 5484 7409 660
5552 2 2 10 4 6060 6079 4478
5553 2 2 10 4 2633 2634 1526
5554 2 2 10 4 1197 1198 1196
5555 2 2 10 4 3984 6146 3979
5556 2 2 10 4 556 5952 141
5557 2 2 10 4 1502 1506 1505
5558 2 2 10 4 3677 4386 3676
5559 2 2 10 4 786 788 787
5560 2 2 10 4 1502 1505 1504
5561 2 2 10 4 1199 1200 1198
5562 2 2 10 4 1297 1299 1298
5563 2 2 10 4 5585 5652 5584
5564 2 2 10 4 1577 1578 1576
5565 2 2 10 4 611 6966 5697
5566 2 2 10 4 1469 1470 1467
5567 2 2 10 4 958 961 960
5568 2 2 10 4 777 780 779
5569 2 2 10 4 4634 7054 4637
5570 2 2 10 4 1860 1862 1861
5571 2 2 10 4 2873 2874 2872
5572 2 2 10 4 811 5458 807
5573 2 2 10 4 1858 1860 1859
5574 2 2 10 4 209 6147 570
5575 2 2 10 4 2973 5675 2393
5576 2 2 10 4 891 893 892
5577 2 2 10 4 3115 5988 5669
5578 2 2 10 4 2548 3252 3199
5579 2 2 10 4 4907 4910 4909
5580 2 2 10 4 893 895 894
5581 2 2 10 4 1557 3357 1797
5582 2 2 10 4 2653 5676 2335
5583 2 2 10 4 4202 6567 4199
5584 2 2 10 4 197 5542 598
5585 2 2 10 4 2606 6056 6003
5586 2 2 10 4 1909 6098 5562
5587 2 2 10 4 1632 1634 1633
5588 2 2 10 4 2662 7358 4527
5589 2 2 10 4 2316 6192 3124
5590 2 2 10 4 3131 5603 1250
5591 2 2 10 4 4734 6576 4735
5592 2 2 10 4 692 5542 198
5593 2 2 10 4 4201 6567 4384
5594 2 2 10 4 4452 4453 4451
5595 2 2 10 4 2449 2451 2450
5596 2 2 10 4 849 850 846
5597 2 2 10 4 3321 6061 4842
5598 2 2 10 4 2498 5160 1844
5599 2 2 10 4 4601 7097 578
5600 2 2 10 4 2907 2909 2908
5601 2 2 10 4 1272 6067 5576
5602 2 2 10 4 4130 5226 3783
5603 2 2 10 4 847 5190 5188
5604 2 2 10 4 1379 6204 1382
5605 2 2 10 4 3765 3766 3593
5606 2 2 10 4 1818 1819 1816
5607 2 2 10 4 3549 4948 4944
5608 2 2 10 4 5109 5111 5110
5609 2 2 10 4 1075 1085 1076
5610 2 2 10 4 923 924 922
5611 2 2 10 4 5163 5253 1863
5612 2 2 10 4 4732 7242 5229
5613 2 2 10 4 5715 6076 3533
5614 2 2 10 4 1571 1572 1569
5615 2 2 10 4 4554 6321 3586
5616 2 2 10 4 4860 6865 1943
5617 2 2 10 4 3975 5973 3974
5618 2 2 10 4 1426 1428 1427
5619 2 2 10 4 3515 5644 1692
5620 2 2 10 4 3830 3831 3829
5621 2 2 10 4 1025 5634 1022
5622 2 2 10 4 1232 1235 1234
5623 2 2 10 4 5009 5594 5008
5624 2 2 10 4 2778 2779 2777
5625 2 2 10 4 198 5542 197
5626 2 2 10 4 3905 3908 3907
5627 2 2 10 4 1073 6020 1541
5628 2 2 10 4 4425 5308 4424
5629 2 2 10 4 813 814 810
5630 2 2 10 4 1801 1804 1803
5631 2 2 10 4 4791 6172 4806
5632 2 2 10 4 5597 5598 1922
5633 2 2 10 4 1879 1880 1878
5634 2 2 10 4 5420 5424 5422
5635 2 2 10 4 1827 1828 1826
5636 2 2 10 4 5610 5939 5643
5637 2 2 10 4 922 5605 5242
5638 2 2 10 4 4916 4918 4917
5639 2 2 10 4 1994 3502 1996
5640 2 2 10 4 1686 1699 1698
5641 2 2 10 4 5149 6631 5147
5642 2 2 10 4 4201 4204 4203
5643 2 2 10 4 2637 2639 2636
5644 2 2 10 4 788 791 789
5645 2 2 10 4 3017 6197 2315
5646 2 2 10 4 3652 6227 4485
5647 2 2 10 4 1751 6139 5233
5648 2 2 10 4 3601 3603 3602
5649 2 2 10 4 674 6147 210
5650 2 2 10 4 5405 6206 5404
5651 2 2 10 4 6014 6033 2055
5652 2 2 10 4 5236 5590 842
5653 2 2 10 4 3927 7020 3928
5654 2 2 10 4 3725 5563 4341
5655 2 2 10 4 961 971 967
5656 2 2 10 4 1872 1909 1870
5657 2 2 10 4 4991 4994 4990
5658 2 2 10 4 3988 7325 5371
5659 2 2 10 4 1201 1202 1200
5660 2 2 10 4 1579 1580 1578
5661 2 2 10 4 2560 4844 3327
5662 2 2 10 4 1877 1878 1875
5663 2 2 10 4 2878 5616 2874
5664 2 2 10 4 1074 5964 1051
5665 2 2 10 4 5137 5139 5136
5666 2 2 10 4 199 5544 692
5667 2 2 10 4 4387 4606 4386
5668 2 2 10 4 200 5544 199
5669 2 2 10 4 5078 6064 5068
5670 2 2 10 4 1998 5624 3284
5671 2 2 10 4 1890 5597 1888
5672 2 2 10 4 1299 1301 1300
5673 2 2 10 4 1894 2588 1903
5674 2 2 10 4 895 897 896
5675 2 2 10 4 2876 2877 2874
5676 2 2 10 4 1691 1692 1689
5677 2 2 10 4 5166 5167 4134
5678 2 2 10 4 1472 1473 1470
5679 2 2 10 4 4467 4468 4466
5680 2 2 10 4 4965 5641 4966
5681 2 2 10 4 4032 6978 5620
5682 2 2 10 4 1252 3131 1250
5683 2 2 10 4 227 5490 226
5684 2 2 10 4 1400 1401 1399
5685 2 2 10 4 1992 2368 2367
5686 2 2 10 4 656 6159 5516
5687 2 2 10 4 4544 7645 6411
5688 2 2 10 4 697 5544 200
5689 2 2 10 4 2451 2453 2452
5690 2 2 10 4 1402 1403 1401
5691 2 2 10 4 1741 5673 1743
5692 2 2 10 4 2628 5969 2073
5693 2 2 10 4 2911 5615 2909
5694 2 2 10 4 1634 1636 1635
5695 2 2 10 4 4457 4458 4453
5696 2 2 10 4 3131 5604 5603
5697 2 2 10 4 808 810 809
5698 2 2 10 4 3181 3207 3183
5699 2 2 10 4 3974 5673 3969
5700 2 2 10 4 4942 6072 4939
5701 2 2 10 4 3249 4135 3736
5702 2 2 10 4 4584 7263 792
5703 2 2 10 4 1864 2607 1902
5704 2 2 10 4 1130 1131 1129
5705 2 2 10 4 1608 1609 1607
5706 2 2 10 4 5419 7189 2845
5707 2 2 10 4 854 855 850
5708 2 2 10 4 1794 3205 3000
5709 2 2 10 4 1000 1001 983
5710 2 2 10 4 2917 5639 2915
5711 2 2 10 4 827 828 825
5712 2 2 10 4 5146 5147 4524
5713 2 2 10 4 6917 7174 6034
5714 2 2 10 4 925 926 924
5715 2 2 10 4 1652 1653 1651
5716 2 2 10 4 700 702 701
5717 2 2 10 4 4742 4744 4743
5718 2 2 10 4 4790 4792 4791
5719 2 2 10 4 4787 5293 5292
5720 2 2 10 4 4682 4685 4683
5721 2 2 10 4 2819 5569 2817
5722 2 2 10 4 5289 7002 5288
5723 2 2 10 4 1998 3284 2018
5724 2 2 10 4 1063 1080 1077
5725 2 2 10 4 4225 4226 4224
5726 2 2 10 4 1080 1532 1081
5727 2 2 10 4 5577 5578 1878
5728 2 2 10 4 2993 6657 5250
5729 2 2 10 4 1923 5939 5610
5730 2 2 10 4 4658 6934 3339
5731 2 2 10 4 5379 5613 5380
5732 2 2 10 4 994 6213 1013
5733 2 2 10 4 4229 4230 3831
5734 2 2 10 4 4795 6584 505
5735 2 2 10 4 3919 5675 2973
5736 2 2 10 4 1428 1430 1429
5737 2 2 10 4 5669 5988 3527
5738 2 2 10 4 2780 2781 2779
5739 2 2 10 4 1035 5934 1037
5740 2 2 10 4 2418 4390 3008
5741 2 2 10 4 4108 7573 5269
5742 2 2 10 4 1812 1813 1811
5743 2 2 10 4 1235 1241 1240
5744 2 2 10 4 2640 3134 2639
5745 2 2 10 4 1653 1710 1651
5746 2 2 10 4 1881 1882 1880
5747 2 2 10 4 2938 2956 2918
5748 2 2 10 4 3026 3591 2698
5749 2 2 10 4 1048 1049 1025
5750 2 2 10 4 4204 4206 4205
5751 2 2 10 4 1829 1830 1828
5752 2 2 10 4 1541 4179 2376
5753 2 2 10 4 3498 6241 3496
5754 2 2 10 4 4019 6231 3092
5755 2 2 10 4 6054 6055 3582
5756 2 2 10 4 791 793 792
5757 2 2 10 4 1903 1904 1901
5758 2 2 10 4 971 979 972
5759 2 2 10 4 4918 4920 4919
5760 2 2 10 4 1813 5610 1811
5761 2 2 10 4 3066 6445 2956
5762 2 2 10 4 783 786 785
5763 2 2 10 4 3993 4010 3994
5764 2 2 10 4 1873 1874 1872
5765 2 2 10 4 2248 5675 2250
5766 2 2 10 4 1689 5644 1684
5767 2 2 10 4 3978 5973 3975
5768 2 2 10 4 1822 1823 1820
5769 2 2 10 4 3302 3522 3401
5770 2 2 10 4 5342 6296 5341
5771 2 2 10 4 3522 3719 3523
5772 2 2 10 4 1945 5676 1947
5773 2 2 10 4 1902 5339 1861
5774 2 2 10 4 1474 1477 1473
5775 2 2 10 4 5562 6098 3847
5776 2 2 10 4 4607 4608 4606
5777 2 2 10 4 2206 5939 2079
5778 2 2 10 4 1882 1919 1880
5779 2 2 10 4 4469 4470 4468
5780 2 2 10 4 2561 3794 3793
5781 2 2 10 4 1100 5571 1104
5782 2 2 10 4 1301 1303 1302
5783 2 2 10 4 4931 5649 4932
5784 2 2 10 4 1581 1582 1580
5785 2 2 10 4 3264 5969 2628
5786 2 2 10 4 897 900 899
5787 2 2 10 4 1556 5648 5127
5788 2 2 10 4 2979 6189 1079
5789 2 2 10 4 2851 2853 2852
5790 2 2 10 4 4268 7417 6467
5791 2 2 10 4 2654 5948 1059
5792 2 2 10 4 5492 6571 3412
5793 2 2 10 4 4504 7312 2310
5794 2 2 10 4 1909 6158 6098
5795 2 2 10 4 3774 3920 3919
5796 2 2 10 4 725 727 726
5797 2 2 10 4 4984 4985 4982
5798 2 2 10 4 5995 5996 3884
5799 2 2 10 4 3868 5674 3224
5800 2 2 10 4 1862 1865 1864
5801 2 2 10 4 596 7164 5777
5802 2 2 10 4 6262 7264 7179
5803 2 2 10 4 1636 1641 1640
5804 2 2 10 4 2453 2455 2454
5805 2 2 10 4 2074 2075 1540
5806 2 2 10 4 1404 1405 1403
5807 2 2 10 4 671 7553 4550
5808 2 2 10 4 1893 5596 1890
5809 2 2 10 4 4072 6309 6215
5810 2 2 10 4 2643 6119 3336
5811 2 2 10 4 1010 1011 1001
5812 2 2 10 4 106 5584 105
5813 2 2 10 4 856 857 855
5814 2 2 10 4 3513 6047 2726
5815 2 2 10 4 3793 4516 1949
5816 2 2 10 4 3541 3542 3501
5817 2 2 10 4 535 6082 5521
5818 2 2 10 4 3281 3913 3912
5819 2 2 10 4 158 601 157
5820 2 2 10 4 1922 5619 1886
5821 2 2 10 4 1151 5143 1150
5822 2 2 10 4 1664 5937 1671
5823 2 2 10 4 1900 1972 1893
5824 2 2 10 4 5659 6084 5658
5825 2 2 10 4 1018 6048 996
5826 2 2 10 4 3285 3349 3287
5827 2 2 10 4 898 2472 723
5828 2 2 10 4 3240 3884 3796
5829 2 2 10 4 1610 1611 1609
5830 2 2 10 4 652 6928 4784
5831 2 2 10 4 4335 6330 3385
5832 2 2 10 4 6785 6891 6650
5833 2 2 10 4 3865 6581 5663
5834 2 2 10 4 6131 7427 4438
5835 2 2 10 4 2202 3791 875
5836 2 2 10 4 927 928 926
5837 2 2 10 4 2678 2708 2676
5838 2 2 10 4 1532 1991 1533
5839 2 2 10 4 4100 4101 4035
5840 2 2 10 4 5594 6246 2617
5841 2 2 10 4 817 818 815
5842 2 2 10 4 3687 7304 7222
5843 2 2 10 4 5968 6000 3919
5844 2 2 10 4 2782 2783 2781
5845 2 2 10 4 4231 4232 4230
5846 2 2 10 4 5002 6012 1754
5847 2 2 10 4 5579 5664 1874
5848 2 2 10 4 1089 1091 1090
5849 2 2 10 4 3912 5676 2653
5850 2 2 10 4 1054 1055 1049
5851 2 2 10 4 1022 5634 1029
5852 2 2 10 4 3971 3975 3974
5853 2 2 10 4 1241 1243 1242
5854 2 2 10 4 997 1075 1017
5855 2 2 10 4 1831 1832 1830
5856 2 2 10 4 2648 2649 2647
5857 2 2 10 4 4969 4972 4971
5858 2 2 10 4 1430 1432 1431
5859 2 2 10 4 4848 6080 3324
5860 2 2 10 4 4206 4208 4207
5861 2 2 10 4 819 821 820
5862 2 2 10 4 1654 1655 1653
5863 2 2 10 4 3444 5679 3442
5864 2 2 10 4 7069 7369 4852
5865 2 2 10 4 5617 6660 5436
5866 2 2 10 4 6076 6118 4225
5867 2 2 10 4 1910 1911 1906
5868 2 2 10 4 793 795 794
5869 2 2 10 4 4920 4922 4921
5870 2 2 10 4 4322 4323 4321
5871 2 2 10 4 1710 5503 5342
5872 2 2 10 4 1055 1059 1049
5873 2 2 10 4 979 987 980
5874 2 2 10 4 1903 1916 1904
5875 2 2 10 4 5148 5149 5147
5876 2 2 10 4 5634 5948 3886
5877 2 2 10 4 1478 1484 1477
5878 2 2 10 4 808 812 810
5879 2 2 10 4 3331 5191 2935
5880 2 2 10 4 4609 4611 4608
5881 2 2 10 4 5140 5141 5139
5882 2 2 10 4 1814 1815 1813
5883 2 2 10 4 5596 5597 1890
5884 2 2 10 4 4471 4472 4470
5885 2 2 10 4 4057 5989 2912
5886 2 2 10 4 2910 3113 2912
5887 2 2 10 4 2423 2685 2684
5888 2 2 10 4 3484 5667 3482
5889 2 2 10 4 6249 6785 6650
5890 2 2 10 4 105 5652 104
5891 2 2 10 4 1025 5948 5634
5892 2 2 10 4 4284 4285 4283
5893 2 2 10 4 1251 1254 1253
5894 2 2 10 4 1882 5607 1919
5895 2 2 10 4 1883 1884 1882
5896 2 2 10 4 1029 2543 1021
5897 2 2 10 4 1303 1305 1304
5898 2 2 10 4 2476 2477 2075
5899 2 2 10 4 1583 1584 1582
5900 2 2 10 4 2853 2855 2854
5901 2 2 10 4 1093 6599 1962
5902 2 2 10 4 1884 5607 1882
5903 2 2 10 4 758 759 757
5904 2 2 10 4 5042 5043 5041
5905 2 2 10 4 1396 6176 1397
5906 2 2 10 4 1700 3116 1703
5907 2 2 10 4 1703 1704 1701
5908 2 2 10 4 727 729 728
5909 2 2 10 4 813 816 815
5910 2 2 10 4 2928 2929 2927
5911 2 2 10 4 1020 5547 1024
5912 2 2 10 4 1874 5664 1872
5913 2 2 10 4 2827 6121 2892
5914 2 2 10 4 4336 4337 3333
5915 2 2 10 4 1277 1278 1276
5916 2 2 10 4 1886 5619 1884
5917 2 2 10 4 1152 2522 1556
5918 2 2 10 4 1406 1407 1405
5919 2 2 10 4 5128 7107 4560
5920 2 2 10 4 1871 1873 1872
5921 2 2 10 4 2455 2457 2456
5922 2 2 10 4 5249 5670 5246
5923 2 2 10 4 1205 1206 1204
5924 2 2 10 4 1964 1966 1965
5925 2 2 10 4 3642 3753 3643
5926 2 2 10 4 4465 4466 3513
5927 2 2 10 4 1279 1280 1278
5928 2 2 10 4 1164 6027 3386
5929 2 2 10 4 3872 5659 5658
5930 2 2 10 4 2495 6018 2108
5931 2 2 10 4 1641 1644 1643
5932 2 2 10 4 1164 3386 3385
5933 2 2 10 4 2624 5299 5180
5934 2 2 10 4 4992 4995 4991
5935 2 2 10 4 5607 5608 1919
5936 2 2 10 4 1032 1033 1011
5937 2 2 10 4 5248 5249 5246
5938 2 2 10 4 2501 2502 2500
5939 2 2 10 4 2499 3527 2501
5940 2 2 10 4 859 860 857
5941 2 2 10 4 4144 5609 3491
5942 2 2 10 4 1207 1208 1206
5943 2 2 10 4 2062 5677 4252
5944 2 2 10 4 1867 1869 1868
5945 2 2 10 4 5584 5652 105
5946 2 2 10 4 5364 6650 5365
5947 2 2 10 4 1051 4178 1018
5948 2 2 10 4 1091 1093 1092
5949 2 2 10 4 6099 6100 2893
5950 2 2 10 4 2843 6304 3615
5951 2 2 10 4 1787 4505 1788
5952 2 2 10 4 1045 1047 1046
5953 2 2 10 4 982 983 968
5954 2 2 10 4 1612 1613 1611
5955 2 2 10 4 3065 3066 2956
5956 2 2 10 4 5610 5642 1811
5957 2 2 10 4 792 7375 4584
5958 2 2 10 4 1908 5462 1807
5959 2 2 10 4 4214 7130 4216
5960 2 2 10 4 929 930 928
5961 2 2 10 4 4072 4073 3275
5962 2 2 10 4 1251 5603 1255
5963 2 2 10 4 1779 2411 1956
5964 2 2 10 4 4233 4234 4232
5965 2 2 10 4 1059 5948 1049
5966 2 2 10 4 2907 5567 2910
5967 2 2 10 4 2784 2785 2783
5968 2 2 10 4 1432 1434 1433
5969 2 2 10 4 2697 6063 2700
5970 2 2 10 4 1667 5637 1712
5971 2 2 10 4 1255 1256 1254
5972 2 2 10 4 4694 4695 4693
5973 2 2 10 4 4770 4771 4769
5974 2 2 10 4 4720 4722 4721
5975 2 2 10 4 4750 4751 4749
5976 2 2 10 4 4799 4800 4798
5977 2 2 10 4 4646 4649 4648
5978 2 2 10 4 2411 3001 2712
5979 2 2 10 4 6740 6867 4723
5980 2 2 10 4 629 7005 4680
5981 2 2 10 4 3328 6659 1187
5982 2 2 10 4 3510 5680 2541
5983 2 2 10 4 1815 1923 1813
5984 2 2 10 4 3176 6139 2339
5985 2 2 10 4 1943 6937 4860
5986 2 2 10 4 3908 4350 4349
5987 2 2 10 4 4010 4012 4011
5988 2 2 10 4 1656 1657 1655
5989 2 2 10 4 795 797 796
5990 2 2 10 4 4208 4210 4209
5991 2 2 10 4 2317 6599 1091
5992 2 2 10 4 3869 3870 3868
5993 2 2 10 4 2498 6005 5160
5994 2 2 10 4 1833 1834 1832
5995 2 2 10 4 1049 5948 1025
5996 2 2 10 4 2650 2675 2649
5997 2 2 10 4 1684 2020 1676
5998 2 2 10 4 4889 4899 4887
5999 2 2 10 4 1804 1806 1805
6000 2 2 10 4 1885 1886 1884
6001 2 2 10 4 5655 5656 5653
6002 2 2 10 4 987 992 988
6003 2 2 10 4 717 725 719
6004 2 2 10 4 5450 5453 5452
6005 2 2 10 4 5134 5137 5136
6006 2 2 10 4 1911 1913 1912
6007 2 2 10 4 1912 5558 1906
6008 2 2 10 4 1905 1906 1900
6009 2 2 10 4 4065 4585 4063
6010 2 2 10 4 3001 5583 2712
6011 2 2 10 4 2542 5773 3263
6012 2 2 10 4 4612 4613 4611
6013 2 2 10 4 5452 5661 5451
6014 2 2 10 4 3909 6765 6635
6015 2 2 10 4 1485 1491 1484
6016 2 2 10 4 4238 6884 4816
6017 2 2 10 4 2013 5971 2716
6018 2 2 10 4 1585 1586 1584
6019 2 2 10 4 4255 7212 4256
6020 2 2 10 4 3027 3038 2477
6021 2 2 10 4 3044 4002 4001
6022 2 2 10 4 1305 1307 1306
6023 2 2 10 4 2855 2857 2856
6024 2 2 10 4 2656 5894 3932
6025 2 2 10 4 1539 1540 1074
6026 2 2 10 4 2209 5681 3957
6027 2 2 10 4 2324 6000 5968
6028 2 2 10 4 1676 5637 1667
6029 2 2 10 4 5260 6175 2114
6030 2 2 10 4 5430 5432 5431
6031 2 2 10 4 812 813 810
6032 2 2 10 4 1349 5588 2306
6033 2 2 10 4 3773 4411 3772
6034 2 2 10 4 3667 6117 4352
6035 2 2 10 4 3442 5679 3710
6036 2 2 10 4 4545 5679 3444
6037 2 2 10 4 5464 6044 6002
6038 2 2 10 4 1506 1507 1505
6039 2 2 10 4 1449 6161 3548
6040 2 2 10 4 1888 1922 1886
6041 2 2 10 4 3257 7187 4069
6042 2 2 10 4 1281 1282 1280
6043 2 2 10 4 1690 1691 1689
6044 2 2 10 4 729 731 730
6045 2 2 10 4 5120 5122 5121
6046 2 2 10 4 2548 5972 3252
6047 2 2 10 4 5005 7228 594
6048 2 2 10 4 4123 6946 5321
6049 2 2 10 4 3977 3979 3978
6050 2 2 10 4 104 5652 607
6051 2 2 10 4 1657 2023 1655
6052 2 2 10 4 1657 5645 2023
6053 2 2 10 4 2457 2459 2458
6054 2 2 10 4 1697 1705 1695
6055 2 2 10 4 1873 1875 1874
6056 2 2 10 4 1138 1139 1137
6057 2 2 10 4 2700 4217 3090
6058 2 2 10 4 5631 6110 4302
6059 2 2 10 4 1086 1089 1088
6060 2 2 10 4 1644 1646 1645
6061 2 2 10 4 1436 6605 1476
6062 2 2 10 4 903 905 904
6063 2 2 10 4 2368 2422 2369
6064 2 2 10 4 3491 3493 2721
6065 2 2 10 4 3357 5374 5373
6066 2 2 10 4 813 815 814
6067 2 2 10 4 3044 5683 4002
6068 2 2 10 4 3920 5968 3919
6069 2 2 10 4 3236 3237 3133
6070 2 2 10 4 6430 7109 5081
6071 2 2 10 4 3913 6023 3912
6072 2 2 10 4 1209 1210 1208
6073 2 2 10 4 1887 1888 1886
6074 2 2 10 4 2824 5323 2830
6075 2 2 10 4 1614 1616 1613
6076 2 2 10 4 205 5312 204
6077 2 2 10 4 1909 5562 1870
6078 2 2 10 4 1915 1920 1913
6079 2 2 10 4 4287 6902 6816
6080 2 2 10 4 3588 4492 3303
6081 2 2 10 4 762 763 761
6082 2 2 10 4 5593 7651 1896
6083 2 2 10 4 1899 1900 1893
6084 2 2 10 4 1093 1095 1094
6085 2 2 10 4 1691 1693 1692
6086 2 2 10 4 1020 1024 1022
6087 2 2 10 4 1735 2714 2110
6088 2 2 10 4 1872 5664 1909
6089 2 2 10 4 503 5369 34
6090 2 2 10 4 5157 5159 5155
6091 2 2 10 4 905 907 906
6092 2 2 10 4 3410 3412 3066
6093 2 2 10 4 3886 5948 2654
6094 2 2 10 4 5309 6120 776
6095 2 2 10 4 2607 2608 1902
6096 2 2 10 4 5642 5643 5464
6097 2 2 10 4 1869 1871 1870
6098 2 2 10 4 4972 4978 4977
6099 2 2 10 4 931 932 930
6100 2 2 10 4 4744 4745 4743
6101 2 2 10 4 700 3508 702
6102 2 2 10 4 702 703 701
6103 2 2 10 4 4742 5152 4744
6104 2 2 10 4 1659 5645 1657
6105 2 2 10 4 2343 5837 3503
6106 2 2 10 4 5395 7024 4091
6107 2 2 10 4 5697 6966 4491
6108 2 2 10 4 1892 1893 1890
6109 2 2 10 4 3983 3985 3984
6110 2 2 10 4 4477 4478 4234
6111 2 2 10 4 2004 2310 2002
6112 2 2 10 4 2786 2787 2785
6113 2 2 10 4 816 817 815
6114 2 2 10 4 1688 1689 1684
6115 2 2 10 4 4220 4222 3234
6116 2 2 10 4 3509 5682 3457
6117 2 2 10 4 2758 2760 2759
6118 2 2 10 4 1814 1816 1815
6119 2 2 10 4 1919 5577 1880
6120 2 2 10 4 3794 4552 3793
6121 2 2 10 4 2561 3795 3794
6122 2 2 10 4 4012 4093 4013
6123 2 2 10 4 4210 4212 4211
6124 2 2 10 4 3363 7075 5494
6125 2 2 10 4 1658 1659 1657
6126 2 2 10 4 3205 3995 3387
6127 2 2 10 4 2019 5309 772
6128 2 2 10 4 1434 1436 1435
6129 2 2 10 4 534 6083 5357
6130 2 2 10 4 5116 6069 5118
6131 2 2 10 4 521 5565 5391
6132 2 2 10 4 1972 5596 1893
6133 2 2 10 4 3618 6165 2060
6134 2 2 10 4 3356 3572 3571
6135 2 2 10 4 2760 2762 2761
6136 2 2 10 4 1836 1837 1834
6137 2 2 10 4 5310 6090 2120
6138 2 2 10 4 797 799 798
6139 2 2 10 4 1889 1890 1888
6140 2 2 10 4 4182 4183 4181
6141 2 2 10 4 5653 5656 5654
6142 2 2 10 4 659 6667 4964
6143 2 2 10 4 1255 1261 1256
6144 2 2 10 4 5471 5472 556
6145 2 2 10 4 3572 3574 3573
6146 2 2 10 4 4322 4324 4323
6147 2 2 10 4 1055 1060 1059
6148 2 2 10 4 1916 1917 1904
6149 2 2 10 4 5651 7561 4412
6150 2 2 10 4 5046 5047 5043
6151 2 2 10 4 1667 1712 1659
6152 2 2 10 4 5890 6051 3886
6153 2 2 10 4 1029 2544 2543
6154 2 2 10 4 2933 2934 2929
6155 2 2 10 4 992 1008 993
6156 2 2 10 4 1884 5619 5607
6157 2 2 10 4 4863 4864 4613
6158 2 2 10 4 1704 1708 1701
6159 2 2 10 4 3116 3901 1703
6160 2 2 10 4 3007 6689 6604
6161 2 2 10 4 1666 1667 1659
6162 2 2 10 4 3867 3868 3224
6163 2 2 10 4 823 825 824
6164 2 2 10 4 1964 3488 1966
6165 2 2 10 4 1966 1967 1965
6166 2 2 10 4 1492 1495 1491
6167 2 2 10 4 4580 4582 4581
6168 2 2 10 4 2502 3306 2500
6169 2 2 10 4 2501 2503 2502
6170 2 2 10 4 4184 4185 4183
6171 2 2 10 4 1587 1588 1586
6172 2 2 10 4 1812 1814 1813
6173 2 2 10 4 1047 1056 1046
6174 2 2 10 4 1307 1309 1308
6175 2 2 10 4 1908 5463 5462
6176 2 2 10 4 1526 6258 1516
6177 2 2 10 4 3182 5933 3704
6178 2 2 10 4 2221 5665 2223
6179 2 2 10 4 2448 5665 2221
6180 2 2 10 4 2129 5705 5667
6181 2 2 10 4 5667 5705 3482
6182 2 2 10 4 3987 4034 4033
6183 2 2 10 4 4750 4752 4751
6184 2 2 10 4 4799 4801 4800
6185 2 2 10 4 4695 4697 4693
6186 2 2 10 4 4694 4696 4695
6187 2 2 10 4 4771 4772 4769
6188 2 2 10 4 1923 5610 1813
6189 2 2 10 4 1815 2078 1923
6190 2 2 10 4 2857 2859 2858
6191 2 2 10 4 772 5309 773
6192 2 2 10 4 2906 5567 2907
6193 2 2 10 4 1684 5644 2020
6194 2 2 10 4 2020 5637 1676
6195 2 2 10 4 1420 5960 1486
6196 2 2 10 4 4902 4903 4900
6197 2 2 10 4 4725 5946 4726
6198 2 2 10 4 5453 5454 5452
6199 2 2 10 4 238 5565 237
6200 2 2 10 4 731 733 732
6201 2 2 10 4 1283 1284 1282
6202 2 2 10 4 3639 3642 3641
6203 2 2 10 4 4034 6764 5142
6204 2 2 10 4 3978 6146 6093
6205 2 2 10 4 2108 3877 2106
6206 2 2 10 4 5430 5433 5432
6207 2 2 10 4 4893 4894 4892
6208 2 2 10 4 1901 6181 5385
6209 2 2 10 4 1507 1508 1505
6210 2 2 10 4 1654 1656 1655
6211 2 2 10 4 979 6102 989
6212 2 2 10 4 2459 2461 2460
6213 2 2 10 4 1697 1706 1705
6214 2 2 10 4 1653 6015 1710
6215 2 2 10 4 1562 2397 2396
6216 2 2 10 4 1915 1921 1920
6217 2 2 10 4 5643 6044 5464
6218 2 2 10 4 5652 5653 607
6219 2 2 10 4 1683 1684 1676
6220 2 2 10 4 1693 2052 1692
6221 2 2 10 4 1691 1694 1693
6222 2 2 10 4 1675 1676 1667
6223 2 2 10 4 2394 5715 3533
6224 2 2 10 4 6 6546 596
6225 2 2 10 4 2607 2609 2608
6226 2 2 10 4 2600 2601 2361
6227 2 2 10 4 703 3519 701
6228 2 2 10 4 702 704 703
6229 2 2 10 4 4745 4746 4743
6230 2 2 10 4 1211 1212 1210
6231 2 2 10 4 981 6651 960
6232 2 2 10 4 4147 4148 3174
6233 2 2 10 4 3949 6077 5827
6234 2 2 10 4 3482 5705 2527
6235 2 2 10 4 907 909 908
6236 2 2 10 4 1261 1262 1256
6237 2 2 10 4 6003 6056 5604
6238 2 2 10 4 4322 4325 4324
6239 2 2 10 4 1060 1078 1059
6240 2 2 10 4 1055 1070 1060
6241 2 2 10 4 1916 1924 1917
6242 2 2 10 4 1917 2046 1904
6243 2 2 10 4 335 6569 336
6244 2 2 10 4 1790 5301 806
6245 2 2 10 4 1712 5645 1659
6246 2 2 10 4 2544 3300 2543
6247 2 2 10 4 1704 1709 1708
6248 2 2 10 4 1966 1968 1967
6249 2 2 10 4 2503 2504 2502
6250 2 2 10 4 5367 5368 503
6251 2 2 10 4 1617 1618 1616
6252 2 2 10 4 1047 1057 1056
6253 2 2 10 4 1056 1058 1046
6254 2 2 10 4 1806 1808 1807
6255 2 2 10 4 1410 1411 1409
6256 2 2 10 4 2008 2010 2006
6257 2 2 10 4 5463 5465 5462
6258 2 2 10 4 1908 5464 5463
6259 2 2 10 4 1710 6015 5503
6260 2 2 10 4 4750 4753 4752
6261 2 2 10 4 4694 4702 4696
6262 2 2 10 4 4695 4698 4697
6263 2 2 10 4 4771 4773 4772
6264 2 2 10 4 4752 4760 4751
6265 2 2 10 4 2078 2079 1923
6266 2 2 10 4 3901 6033 6014
6267 2 2 10 4 2020 5638 5637
6268 2 2 10 4 1963 6715 5030
6269 2 2 10 4 5050 5240 5049
6270 2 2 10 4 1507 1509 1508
6271 2 2 10 4 1697 1719 1706
6272 2 2 10 4 1343 1344 1342
6273 2 2 10 4 1095 1097 1096
6274 2 2 10 4 1921 1929 1920
6275 2 2 10 4 5653 5654 607
6276 2 2 10 4 2052 3515 1692
6277 2 2 10 4 1694 1695 1693
6278 2 2 10 4 4007 5926 1928
6279 2 2 10 4 2607 3847 2609
6280 2 2 10 4 2609 2610 2608
6281 2 2 10 4 704 705 703
6282 2 2 10 4 4745 4747 4746
6283 2 2 10 4 5001 5491 3412
6284 2 2 10 4 1261 1265 1262
6285 2 2 10 4 4325 4326 4324
6286 2 2 10 4 1078 2654 1059
6287 2 2 10 4 1070 1071 1060
6288 2 2 10 4 1916 1926 1924
6289 2 2 10 4 1924 1925 1917
6290 2 2 10 4 1712 5646 5645
6291 2 2 10 4 2321 7427 6131
6292 2 2 10 4 3300 3761 2543
6293 2 2 10 4 1704 1713 1709
6294 2 2 10 4 1968 1969 1967
6295 2 2 10 4 2503 2505 2504
6296 2 2 10 4 5916 5917 3479
6297 2 2 10 4 2939 2940 2936
6298 2 2 10 4 1057 1068 1056
6299 2 2 10 4 5463 5466 5465
6300 2 2 10 4 4753 4754 4752
6301 2 2 10 4 4702 4703 4696
6302 2 2 10 4 4698 4699 4697
6303 2 2 10 4 4760 5291 4751
6304 2 2 10 4 4773 4774 4772
6305 2 2 10 4 1142 1143 1141
6306 2 2 10 4 2078 2080 2079
6307 2 2 10 4 3224 5674 2731
6308 2 2 10 4 1509 1514 1508
6309 2 2 10 4 121 5324 120
6310 2 2 10 4 1719 1720 1706
6311 2 2 10 4 1921 1930 1929
6312 2 2 10 4 1371 6591 5996
6313 2 2 10 4 2609 2611 2610
6314 2 2 10 4 2610 2614 2608
6315 2 2 10 4 4479 4480 4478
6316 2 2 10 4 704 706 705
6317 2 2 10 4 5674 5761 2731
6318 2 2 10 4 1934 5677 2062
6319 2 2 10 4 1936 5677 1934
6320 2 2 10 4 1265 1266 1262
6321 2 2 10 4 1261 1269 1265
6322 2 2 10 4 4325 4327 4326
6323 2 2 10 4 1070 1082 1071
6324 2 2 10 4 1078 2655 2654
6325 2 2 10 4 1924 1931 1925
6326 2 2 10 4 3300 3820 3761
6327 2 2 10 4 1713 1714 1709
6328 2 2 10 4 5664 6158 1909
6329 2 2 10 4 1968 1970 1969
6330 2 2 10 4 1969 1971 1967
6331 2 2 10 4 2505 2507 2504
6332 2 2 10 4 2503 2506 2505
6333 2 2 10 4 2541 5680 2287
6334 2 2 10 4 2287 5680 2285
6335 2 2 10 4 1057 1069 1068
6336 2 2 10 4 5466 5467 5465
6337 2 2 10 4 4699 4700 4697
6338 2 2 10 4 4753 4755 4754
6339 2 2 10 4 4698 4701 4699
6340 2 2 10 4 4702 4704 4703
6341 2 2 10 4 2080 2204 2079
6342 2 2 10 4 5677 5678 4252
6343 2 2 10 4 2190 5683 2417
6344 2 2 10 4 1509 1515 1514
6345 2 2 10 4 1720 1721 1706
6346 2 2 10 4 1749 5681 1747
6347 2 2 10 4 1747 5681 2209
6348 2 2 10 4 1930 1939 1929
6349 2 2 10 4 933 934 932
6350 2 2 10 4 2611 2612 2610
6351 2 2 10 4 706 2042 705
6352 2 2 10 4 704 707 706
6353 2 2 10 4 2091 5837 2093
6354 2 2 10 4 2417 5683 3044
6355 2 2 10 4 2192 5683 2190
6356 2 2 10 4 3850 5896 5892
6357 2 2 10 4 1269 2076 1265
6358 2 2 10 4 1266 1267 1262
6359 2 2 10 4 2655 2667 2654
6360 2 2 10 4 1082 1083 1071
6361 2 2 10 4 1931 1932 1925
6362 2 2 10 4 3300 4137 3820
6363 2 2 10 4 3820 4872 3761
6364 2 2 10 4 1714 1715 1709
6365 2 2 10 4 1713 2041 1714
6366 2 2 10 4 1968 1988 1970
6367 2 2 10 4 1969 2337 1971
6368 2 2 10 4 2507 2508 2504
6369 2 2 10 4 2506 2509 2505
6370 2 2 10 4 1069 1120 1068
6371 2 2 10 4 2426 5820 5682
6372 2 2 10 4 5682 5820 3457
6373 2 2 10 4 4704 4705 4703
6374 2 2 10 4 4755 4756 4754
6375 2 2 10 4 4699 4712 4700
6376 2 2 10 4 4698 4714 4701
6377 2 2 10 4 2080 2205 2204
6378 2 2 10 4 2204 2206 2079
6379 2 2 10 4 2535 5837 2091
6380 2 2 10 4 2093 5837 2343
6381 2 2 10 4 5680 5893 2285
6382 2 2 10 4 1509 1517 1515
6383 2 2 10 4 1720 1722 1721
6384 2 2 10 4 1939 1943 1929
6385 2 2 10 4 1930 1940 1939
6386 2 2 10 4 2611 2613 2612
6387 2 2 10 4 2042 2372 705
6388 2 2 10 4 707 708 706
6389 2 2 10 4 1266 1268 1267
6390 2 2 10 4 1269 2077 2076
6391 2 2 10 4 2667 3886 2654
6392 2 2 10 4 1082 1124 1083
6393 2 2 10 4 2655 2668 2667
6394 2 2 10 4 1932 1933 1925
6395 2 2 10 4 3820 4873 4872
6396 2 2 10 4 1714 1716 1715
6397 2 2 10 4 1713 2055 2041
6398 2 2 10 4 1988 1989 1970
6399 2 2 10 4 2337 2338 1971
6400 2 2 10 4 5824 5885 5880
6401 2 2 10 4 2507 2511 2508
6402 2 2 10 4 2506 2510 2509
6403 2 2 10 4 1120 2044 1068
6404 2 2 10 4 1069 1121 1120
6405 2 2 10 4 4712 4713 4700
6406 2 2 10 4 4705 4711 4703
6407 2 2 10 4 4704 4706 4705
6408 2 2 10 4 4755 4757 4756
6409 2 2 10 4 2080 2671 2205
6410 2 2 10 4 2205 2551 2204
6411 2 2 10 4 5830 5882 5878
6412 2 2 10 4 1517 1518 1515
6413 2 2 10 4 5682 5886 2426
6414 2 2 10 4 1720 1723 1722
6415 2 2 10 4 1940 2211 1939
6416 2 2 10 4 1930 1941 1940
6417 2 2 10 4 2611 2663 2613
6418 2 2 10 4 2613 2884 2612
6419 2 2 10 4 2042 2373 2372
6420 2 2 10 4 707 709 708
6421 2 2 10 4 2077 2604 2076
6422 2 2 10 4 1268 1272 1267
6423 2 2 10 4 1266 1270 1268
6424 2 2 10 4 1124 1125 1083
6425 2 2 10 4 2668 2669 2667
6426 2 2 10 4 2655 2670 2668
6427 2 2 10 4 1932 1934 1933
6428 2 2 10 4 1716 1717 1715
6429 2 2 10 4 2055 2296 2041
6430 2 2 10 4 1989 2087 1970
6431 2 2 10 4 2338 2473 1971
6432 2 2 10 4 2337 2722 2338
6433 2 2 10 4 2511 2512 2508
6434 2 2 10 4 2510 2520 2509
6435 2 2 10 4 2506 3115 2510
6436 2 2 10 4 1069 1122 1121
6437 2 2 10 4 1120 2142 2044
6438 2 2 10 4 2179 5705 2130
6439 2 2 10 4 4706 4707 4705
6440 2 2 10 4 4757 4758 4756
6441 2 2 10 4 2205 3146 2551
6442 2 2 10 4 1518 1519 1515
6443 2 2 10 4 1517 1792 1518
6444 2 2 10 4 1723 1724 1722
6445 2 2 10 4 1941 1942 1940
6446 2 2 10 4 2663 2664 2613
6447 2 2 10 4 2884 3024 2612
6448 2 2 10 4 709 710 708
6449 2 2 10 4 707 2051 709
6450 2 2 10 4 2373 2374 2372
6451 2 2 10 4 2130 5705 2129
6452 2 2 10 4 2527 5705 2179
6453 2 2 10 4 2077 2605 2604
6454 2 2 10 4 1270 1271 1268
6455 2 2 10 4 1125 1126 1083
6456 2 2 10 4 2670 3119 2668
6457 2 2 10 4 1124 2203 1125
6458 2 2 10 4 1934 2062 1933
6459 2 2 10 4 1932 1935 1934
6460 2 2 10 4 2055 2297 2296
6461 2 2 10 4 1716 1718 1717
6462 2 2 10 4 1989 2088 2087
6463 2 2 10 4 2338 2625 2473
6464 2 2 10 4 2510 2521 2520
6465 2 2 10 4 2511 2513 2512
6466 2 2 10 4 2520 2974 2509
6467 2 2 10 4 2142 2478 2044
6468 2 2 10 4 1122 1123 1121
6469 2 2 10 4 4757 4759 4758
6470 2 2 10 4 4706 4708 4707
6471 2 2 10 4 4758 4761 4756
6472 2 2 10 4 3146 3230 2551
6473 2 2 10 4 1517 2045 1792
6474 2 2 10 4 1518 1520 1519
6475 2 2 10 4 1724 1725 1722
6476 2 2 10 4 1723 2207 1724
6477 2 2 10 4 1941 1944 1942
6478 2 2 10 4 2884 3043 3024
6479 2 2 10 4 2663 2665 2664
6480 2 2 10 4 2373 2441 2374
6481 2 2 10 4 709 711 710
6482 2 2 10 4 710 720 708
6483 2 2 10 4 1724 5867 1726
6484 2 2 10 4 2077 2606 2605
6485 2 2 10 4 1270 1542 1271
6486 2 2 10 4 1125 1127 1126
6487 2 2 10 4 2062 4009 1933
6488 2 2 10 4 1935 1936 1934
6489 2 2 10 4 1716 1727 1718
6490 2 2 10 4 2297 2630 2296
6491 2 2 10 4 2625 3524 2473
6492 2 2 10 4 1989 2089 2088
6493 2 2 10 4 2088 2562 2087
6494 2 2 10 4 2511 2733 2513
6495 2 2 10 4 2521 3082 2520
6496 2 2 10 4 2513 2514 2512
6497 2 2 10 4 1122 1529 1123
6498 2 2 10 4 2142 2534 2478
6499 2 2 10 4 1123 1273 1121
6500 2 2 10 4 2478 3718 2044
6501 2 2 10 4 5862 5868 4095
6502 2 2 10 4 4759 4762 4758
6503 2 2 10 4 4708 4709 4707
6504 2 2 10 4 3230 3231 2551
6505 2 2 10 4 3146 3233 3230
6506 2 2 10 4 1520 1523 1519
6507 2 2 10 4 2045 2352 1792
6508 2 2 10 4 1724 1726 1725
6509 2 2 10 4 1944 1945 1942
6510 2 2 10 4 2884 3844 3043
6511 2 2 10 4 2665 3032 2664
6512 2 2 10 4 2663 3917 2665
6513 2 2 10 4 2373 2443 2441
6514 2 2 10 4 2441 2442 2374
6515 2 2 10 4 711 712 710
6516 2 2 10 4 1270 3476 1542
6517 2 2 10 4 2606 2958 2605
6518 2 2 10 4 1542 1543 1271
6519 2 2 10 4 1127 1973 1126
6520 2 2 10 4 1935 1937 1936
6521 2 2 10 4 2630 2631 2296
6522 2 2 10 4 2297 2632 2630
6523 2 2 10 4 1727 1728 1718
6524 2 2 10 4 3524 3525 2473
6525 2 2 10 4 2625 5552 3524
6526 2 2 10 4 2562 3473 2087
6527 2 2 10 4 2089 2090 2088
6528 2 2 10 4 2521 3737 3082
6529 2 2 10 4 2514 2732 2512
6530 2 2 10 4 2513 2515 2514
6531 2 2 10 4 1122 2656 1529
6532 2 2 10 4 2534 3269 2478
6533 2 2 10 4 1123 1274 1273
6534 2 2 10 4 4759 4763 4762
6535 2 2 10 4 4708 4710 4709
6536 2 2 10 4 3230 3848 3231
6537 2 2 10 4 3146 4048 3233
6538 2 2 10 4 1542 5853 1543
6539 2 2 10 4 2207 5867 1724
6540 2 2 10 4 2516 5851 2514
6541 2 2 10 4 2045 2353 2352
6542 2 2 10 4 1523 2040 1519
6543 2 2 10 4 1520 1524 1523
6544 2 2 10 4 1726 1738 1725
6545 2 2 10 4 1944 2335 1945
6546 2 2 10 4 1945 1946 1942
6547 2 2 10 4 3032 3381 2664
6548 2 2 10 4 2665 3033 3032
6549 2 2 10 4 3844 3845 3043
6550 2 2 10 4 2442 3254 2374
6551 2 2 10 4 711 713 712
6552 2 2 10 4 2443 3021 2441
6553 2 2 10 4 5842 5848 2429
6554 2 2 10 4 2606 2959 2958
6555 2 2 10 4 3476 3477 1542
6556 2 2 10 4 1543 2033 1271
6557 2 2 10 4 2958 3215 2605
6558 2 2 10 4 1127 1974 1973
6559 2 2 10 4 1937 1938 1936
6560 2 2 10 4 1935 2061 1937
6561 2 2 10 4 2260 5761 2164
6562 2 2 10 4 1727 3889 1728
6563 2 2 10 4 2632 3194 2630
6564 2 2 10 4 1728 1729 1718
6565 2 2 10 4 2297 3398 2632
6566 2 2 10 4 2562 3474 3473
6567 2 2 10 4 2625 5631 5552
6568 2 2 10 4 3524 5635 3525
6569 2 2 10 4 2089 2091 2090
6570 2 2 10 4 2515 2516 2514
6571 2 2 10 4 3737 3739 3082
6572 2 2 10 4 2521 3738 3737
6573 2 2 10 4 2534 3270 3269
6574 2 2 10 4 1274 1551 1273
6575 2 2 10 4 4759 4764 4763
6576 2 2 10 4 4708 4715 4710
6577 2 2 10 4 3848 3849 3231
6578 2 2 10 4 4048 4361 3233
6579 2 2 10 4 1728 5843 1730
6580 2 2 10 4 1524 2066 1523
6581 2 2 10 4 2353 3037 2352
6582 2 2 10 4 2045 3485 2353
6583 2 2 10 4 1738 2039 1725
6584 2 2 10 4 1726 1739 1738
6585 2 2 10 4 2164 5761 2162
6586 2 2 10 4 2731 5761 2260
6587 2 2 10 4 1944 2336 2335
6588 2 2 10 4 1945 1947 1946
6589 2 2 10 4 3033 3034 3032
6590 2 2 10 4 3845 4578 3043
6591 2 2 10 4 2442 3255 3254
6592 2 2 10 4 2443 3022 3021
6593 2 2 10 4 711 1014 713
6594 2 2 10 4 713 714 712
6595 2 2 10 4 1524 5840 2068
6596 2 2 10 4 1520 5840 1524
6597 2 2 10 4 2514 5851 2732
6598 2 2 10 4 2959 3045 2958
6599 2 2 10 4 1543 2034 2033
6600 2 2 10 4 3476 3479 3477
6601 2 2 10 4 1974 2479 1973
6602 2 2 10 4 1127 1975 1974
6603 2 2 10 4 1937 2056 1938
6604 2 2 10 4 1727 3895 3889
6605 2 2 10 4 1728 1730 1729
6606 2 2 10 4 2632 3220 3194
6607 2 2 10 4 2562 3475 3474
6608 2 2 10 4 2091 2092 2090
6609 2 2 10 4 3474 3478 3473
6610 2 2 10 4 2089 2535 2091
6611 2 2 10 4 3738 4464 3737
6612 2 2 10 4 3739 3740 3082
6613 2 2 10 4 2515 2517 2516
6614 2 2 10 4 1274 1552 1551
6615 2 2 10 4 2534 3271 3270
6616 2 2 10 4 1551 3893 1273
6617 2 2 10 4 4715 4716 4710
6618 2 2 10 4 4764 4765 4763
6619 2 2 10 4 4361 4362 3233
6620 2 2 10 4 3849 3850 3231
6621 2 2 10 4 5843 5847 2026
6622 2 2 10 4 3037 3460 2352
6623 2 2 10 4 1524 2067 2066
6624 2 2 10 4 3485 4175 2353
6625 2 2 10 4 1738 2210 2039
6626 2 2 10 4 1726 1740 1739
6627 2 2 10 4 1947 1950 1946
6628 2 2 10 4 3845 4579 4578
6629 2 2 10 4 3033 3035 3034
6630 2 2 10 4 2442 3277 3255
6631 2 2 10 4 714 2145 712
6632 2 2 10 4 3022 3881 3021
6633 2 2 10 4 2443 3467 3022
6634 2 2 10 4 713 715 714
6635 2 2 10 4 3255 3400 3254
6636 2 2 10 4 5738 5833 5832
6637 2 2 10 4 3889 5843 1728
6638 2 2 10 4 3479 3480 3477
6639 2 2 10 4 1543 2035 2034
6640 2 2 10 4 2959 3545 3045
6641 2 2 10 4 2479 2480 1973
6642 2 2 10 4 1975 1976 1974
6643 2 2 10 4 2056 2057 1938
6644 2 2 10 4 3220 4176 3194
6645 2 2 10 4 1730 1731 1729
6646 2 2 10 4 2092 2311 2090
6647 2 2 10 4 2091 2093 2092
6648 2 2 10 4 3474 4000 3478
6649 2 2 10 4 2517 2518 2516
6650 2 2 10 4 3738 4474 4464
6651 2 2 10 4 3739 4870 3740
6652 2 2 10 4 2515 3187 2517
6653 2 2 10 4 1274 2027 1552
6654 2 2 10 4 1551 3894 3893
6655 2 2 10 4 3271 3834 3270
6656 2 2 10 4 4716 4717 4710
6657 2 2 10 4 4361 4363 4362
6658 2 2 10 4 3849 3851 3850
6659 2 2 10 4 1524 2068 2067
6660 2 2 10 4 3037 3461 3460
6661 2 2 10 4 1740 1741 1739
6662 2 2 10 4 2210 2399 2039
6663 2 2 10 4 1947 1951 1950
6664 2 2 10 4 3033 3147 3035
6665 2 2 10 4 3467 3468 3022
6666 2 2 10 4 3255 3751 3400
6667 2 2 10 4 3881 3882 3021
6668 2 2 10 4 3400 4241 3254
6669 2 2 10 4 3545 3546 3045
6670 2 2 10 4 3479 3481 3480
6671 2 2 10 4 2035 2036 2034
6672 2 2 10 4 2959 3547 3545
6673 2 2 10 4 1975 1977 1976
6674 2 2 10 4 2479 3071 2480
6675 2 2 10 4 2057 2157 1938
6676 2 2 10 4 4176 4177 3194
6677 2 2 10 4 1730 1732 1731
6678 2 2 10 4 3220 4299 4176
6679 2 2 10 4 2093 2094 2092
6680 2 2 10 4 4000 4266 3478
6681 2 2 10 4 2517 2519 2518
6682 2 2 10 4 2518 3077 2516
6683 2 2 10 4 2027 2028 1552
6684 2 2 10 4 3271 3835 3834
6685 2 2 10 4 3834 4501 3270
6686 2 2 10 4 3890 5849 2725
6687 2 2 10 4 4716 4718 4717
6688 2 2 10 4 3851 3852 3850
6689 2 2 10 4 4363 4605 4362
6690 2 2 10 4 2068 2069 2067
6691 2 2 10 4 3037 3544 3461
6692 2 2 10 4 3461 3764 3460
6693 2 2 10 4 1740 2139 1741
6694 2 2 10 4 1741 1742 1739
6695 2 2 10 4 2210 2725 2399
6696 2 2 10 4 1951 2149 1950
6697 2 2 10 4 3147 3148 3035
6698 2 2 10 4 3751 3808 3400
6699 2 2 10 4 3467 3469 3468
6700 2 2 10 4 3881 4110 3882
6701 2 2 10 4 2036 2059 2034
6702 2 2 10 4 3546 4140 3045
6703 2 2 10 4 3481 3538 3480
6704 2 2 10 4 3547 4136 3545
6705 2 2 10 4 2035 2037 2036
6706 2 2 10 4 2479 3452 3071
6707 2 2 10 4 1975 3453 1977
6708 2 2 10 4 2057 2158 2157
6709 2 2 10 4 3071 3072 2480
6710 2 2 10 4 1977 1978 1976
6711 2 2 10 4 1730 1733 1732
6712 2 2 10 4 1732 2024 1731
6713 2 2 10 4 3220 4300 4299
6714 2 2 10 4 2093 2095 2094
6715 2 2 10 4 2518 3120 3077
6716 2 2 10 4 2028 2029 1552
6717 2 2 10 4 2027 2298 2028
6718 2 2 10 4 3851 3853 3852
6719 2 2 10 4 1734 5817 1732
6720 2 2 10 4 2069 2070 2067
6721 2 2 10 4 2068 2364 2069
6722 2 2 10 4 3461 4037 3764
6723 2 2 10 4 2725 3166 2399
6724 2 2 10 4 1740 3967 2139
6725 2 2 10 4 1741 1743 1742
6726 2 2 10 4 2210 3890 2725
6727 2 2 10 4 2149 2425 1950
6728 2 2 10 4 1951 2150 2149
6729 2 2 10 4 3148 3149 3035
6730 2 2 10 4 3469 3470 3468
6731 2 2 10 4 3751 4119 3808
6732 2 2 10 4 3481 4304 3538
6733 2 2 10 4 2035 2444 2037
6734 2 2 10 4 2069 5815 2071
6735 2 2 10 4 3072 3486 2480
6736 2 2 10 4 2037 2038 2036
6737 2 2 10 4 2057 2159 2158
6738 2 2 10 4 2150 5814 2149
6739 2 2 10 4 3538 3539 3480
6740 2 2 10 4 3071 3745 3072
6741 2 2 10 4 3453 3454 1977
6742 2 2 10 4 1978 2318 1976
6743 2 2 10 4 1733 1734 1732
6744 2 2 10 4 4300 4301 4299
6745 2 2 10 4 2093 2343 2095
6746 2 2 10 4 2095 2096 2094
6747 2 2 10 4 3120 3605 3077
6748 2 2 10 4 2027 3930 2298
6749 2 2 10 4 2028 2030 2029
6750 2 2 10 4 3853 3854 3852
6751 2 2 10 4 2069 2071 2070
6752 2 2 10 4 2386 5695 2384
6753 2 2 10 4 2068 2620 2364
6754 2 2 10 4 3166 3167 2399
6755 2 2 10 4 2725 3339 3166
6756 2 2 10 4 5687 5696 2496
6757 2 2 10 4 3352 5684 4171
6758 2 2 10 4 1743 1752 1742
6759 2 2 10 4 2564 5691 2529
6760 2 2 10 4 2149 3445 2425
6761 2 2 10 4 1951 2151 2150
6762 2 2 10 4 2362 5788 3080
6763 2 2 10 4 3419 5692 4367
6764 2 2 10 4 3148 3150 3149
6765 2 2 10 4 2749 5688 3382
6766 2 2 10 4 2274 5759 2276
6767 2 2 10 4 3469 3471 3470
6768 2 2 10 4 3305 5711 4563
6769 2 2 10 4 2996 5695 2386
6770 2 2 10 4 3470 3520 3468
6771 2 2 10 4 3945 5696 5687
6772 2 2 10 4 2530 5686 3289
6773 2 2 10 4 3070 5691 2564
6774 2 2 10 4 5688 5689 3382
6775 2 2 10 4 3732 5702 3104
6776 2 2 10 4 2384 5695 3073
6777 2 2 10 4 3421 5780 2890
6778 2 2 10 4 2037 2327 2038
6779 2 2 10 4 1732 5817 2024
6780 2 2 10 4 3415 5786 2424
6781 2 2 10 4 3481 4305 4304
6782 2 2 10 4 4304 4358 3538
6783 2 2 10 4 5694 5759 2589
6784 2 2 10 4 2747 5706 2745
6785 2 2 10 4 5796 5803 3029
6786 2 2 10 4 3072 3487 3486
6787 2 2 10 4 2030 2031 2029
6788 2 2 10 4 1978 2319 2318
6789 2 2 10 4 3104 5702 2705
6790 2 2 10 4 2159 2160 2158
6791 2 2 10 4 3453 3455 3454
6792 2 2 10 4 3105 5711 3305
6793 2 2 10 4 4300 4302 4301
6794 2 2 10 4 3945 5730 5696
6795 2 2 10 4 2589 5759 2274
6796 2 2 10 4 3120 3606 3605
6797 2 2 10 4 3382 5706 2747
6798 2 2 10 4 2487 5760 2991
6799 2 2 10 4 1733 1744 1734
6800 2 2 10 4 2343 2344 2095
6801 2 2 10 4 2032 5788 2362
6802 2 2 10 4 4486 5734 3366
6803 2 2 10 4 3605 3607 3077
6804 2 2 10 4 2096 2097 2094
6805 2 2 10 4 2970 5688 2749
6806 2 2 10 4 3170 5698 3110
6807 2 2 10 4 3930 3931 2298
6808 2 2 10 4 3414 5708 3416
6809 2 2 10 4 5797 5804 2963
6810 2 2 10 4 2351 5741 2385
6811 2 2 10 4 2496 5792 5687
6812 2 2 10 4 2387 5723 2528
6813 2 2 10 4 3853 3855 3854
6814 2 2 10 4 3170 5699 5698
6815 2 2 10 4 3862 5733 3864
6816 2 2 10 4 3366 5734 2971
6817 2 2 10 4 2991 5760 3314
6818 2 2 10 4 5703 5712 3428
6819 2 2 10 4 3080 5788 3887
6820 2 2 10 4 2328 5781 2331
6821 2 2 10 4 5693 5708 2390
6822 2 2 10 4 3177 5779 3111
6823 2 2 10 4 3428 5712 2489
6824 2 2 10 4 2193 5696 2195
6825 2 2 10 4 3788 5800 3012
6826 2 2 10 4 3222 5730 3945
6827 2 2 10 4 3414 5717 5708
6828 2 2 10 4 1743 1753 1752
6829 2 2 10 4 2166 5754 2262
6830 2 2 10 4 5696 5730 2195
6831 2 2 10 4 3148 3528 3150
6832 2 2 10 4 3073 5695 3689
6833 2 2 10 4 3166 3185 3167
6834 2 2 10 4 2556 5704 2554
6835 2 2 10 4 2424 5786 5709
6836 2 2 10 4 2385 5741 2988
6837 2 2 10 4 2528 5723 3266
6838 2 2 10 4 2890 5780 2198
6839 2 2 10 4 3110 5698 3112
6840 2 2 10 4 2283 5717 3414
6841 2 2 10 4 2620 2621 2364
6842 2 2 10 4 5689 5690 3382
6843 2 2 10 4 2151 2152 2150
6844 2 2 10 4 2331 5781 3042
6845 2 2 10 4 2276 5759 2390
6846 2 2 10 4 3416 5708 4381
6847 2 2 10 4 2533 5797 2963
6848 2 2 10 4 2262 5754 2559
6849 2 2 10 4 4111 5733 3862
6850 2 2 10 4 2261 5716 2730
6851 2 2 10 4 3419 5786 5692
6852 2 2 10 4 2364 5815 2069
6853 2 2 10 4 3428 5721 5703
6854 2 2 10 4 2289 5709 3417
6855 2 2 10 4 2224 5710 2622
6856 2 2 10 4 2327 2328 2038
6857 2 2 10 4 3150 3151 3149
6858 2 2 10 4 2280 5717 2283
6859 2 2 10 4 2071 2432 2070
6860 2 2 10 4 2226 5710 2224
6861 2 2 10 4 2254 5748 2256
6862 2 2 10 4 2489 5712 2189
6863 2 2 10 4 2286 5709 2289
6864 2 2 10 4 3445 3446 2425
6865 2 2 10 4 3934 5697 4491
6866 2 2 10 4 3073 3689 3283
6867 2 2 10 4 3864 5733 3963
6868 2 2 10 4 2160 2201 2158
6869 2 2 10 4 2620 2997 2621
6870 2 2 10 4 2730 5716 3420
6871 2 2 10 4 3421 5782 5780
6872 2 2 10 4 3579 4004 3723
6873 2 2 10 4 2031 2471 2029
6874 2 2 10 4 3111 5779 3109
6875 2 2 10 4 3448 3449 3447
6876 2 2 10 4 3352 3730 3729
6877 2 2 10 4 3042 5713 2333
6878 2 2 10 4 2706 5756 2152
6879 2 2 10 4 2187 5767 2188
6880 2 2 10 4 3748 5721 3428
6881 2 2 10 4 2243 5715 2244
6882 2 2 10 4 3373 5764 3940
6883 2 2 10 4 5690 5706 3382
6884 2 2 10 4 2159 2161 2160
6885 2 2 10 4 3120 4026 3606
6886 2 2 10 4 3521 3776 3009
6887 2 2 10 4 3069 5795 2568
6888 2 2 10 4 3427 5755 5737
6889 2 2 10 4 2152 5756 2154
6890 2 2 10 4 2165 5754 2166
6891 2 2 10 4 2330 5789 2674
6892 2 2 10 4 2559 5722 2264
6893 2 2 10 4 3222 3945 3944
6894 2 2 10 4 2390 5759 5693
6895 2 2 10 4 3013 3104 2705
6896 2 2 10 4 3874 5572 4102
6897 2 2 10 4 4302 4473 4301
6898 2 2 10 4 1733 2026 1744
6899 2 2 10 4 1744 1745 1734
6900 2 2 10 4 3196 5758 5721
6901 2 2 10 4 3305 4563 4562
6902 2 2 10 4 2359 5719 2467
6903 2 2 10 4 2487 2580 2579
6904 2 2 10 4 2530 3289 2885
6905 2 2 10 4 3200 3801 2992
6906 2 2 10 4 3874 4102 3177
6907 2 2 10 4 4556 4557 4103
6908 2 2 10 4 3130 5704 2556
6909 2 2 10 4 3853 4415 3855
6910 2 2 10 4 2188 5767 2191
6911 2 2 10 4 3788 5806 5800
6912 2 2 10 4 2195 5730 2197
6913 2 2 10 4 4381 4383 4382
6914 2 2 10 4 5721 5758 5703
6915 2 2 10 4 2071 2433 2432
6916 2 2 10 4 2351 2385 2384
6917 2 2 10 4 5692 5786 3415
6918 2 2 10 4 1978 2426 2319
6919 2 2 10 4 3272 4045 3079
6920 2 2 10 4 2096 2098 2097
6921 2 2 10 4 2247 2394 2393
6922 2 2 10 4 3023 5736 5732
6923 2 2 10 4 2183 5753 2185
6924 2 2 10 4 3650 5688 2970
6925 2 2 10 4 3170 5700 5699
6926 2 2 10 4 3455 3456 3454
6927 2 2 10 4 3776 4268 3009
6928 2 2 10 4 3295 3935 3191
6929 2 2 10 4 3807 5691 3070
6930 2 2 10 4 4171 4845 4172
6931 2 2 10 4 2132 5739 2181
6932 2 2 10 4 2328 2329 2038
6933 2 2 10 4 3078 5745 3813
6934 2 2 10 4 2990 3070 2564
6935 2 2 10 4 2263 5716 2261
6936 2 2 10 4 2433 3029 2432
6937 2 2 10 4 2032 2362 2326
6938 2 2 10 4 2185 5753 3010
6939 2 2 10 4 3963 5262 3965
6940 2 2 10 4 3859 5714 3858
6941 2 2 10 4 4109 5769 3290
6942 2 2 10 4 3463 5720 3462
6943 2 2 10 4 3186 3462 3167
6944 2 2 10 4 3606 4118 3605
6945 2 2 10 4 2346 5752 2347
6946 2 2 10 4 2163 3078 2165
6947 2 2 10 4 2272 2589 2274
6948 2 2 10 4 2965 5784 2962
6949 2 2 10 4 3456 3457 3454
6950 2 2 10 4 2223 2225 2224
6951 2 2 10 4 5738 5746 3429
6952 2 2 10 4 2131 5739 2132
6953 2 2 10 4 2032 2325 2031
6954 2 2 10 4 2487 2991 2580
6955 2 2 10 4 3887 3888 3569
6956 2 2 10 4 2347 5752 2350
6957 2 2 10 4 4381 5693 4383
6958 2 2 10 4 2427 2485 2484
6959 2 2 10 4 2264 5722 2266
6960 2 2 10 4 2704 2705 2703
6961 2 2 10 4 2032 2326 2325
6962 2 2 10 4 3933 3934 3172
6963 2 2 10 4 3445 3755 3446
6964 2 2 10 4 3010 5753 3432
6965 2 2 10 4 3110 3111 3109
6966 2 2 10 4 2388 2996 2386
6967 2 2 10 4 2470 5765 1983
6968 2 2 10 4 2252 2324 2254
6969 2 2 10 4 2276 2390 2278
6970 2 2 10 4 2333 2334 2332
6971 2 2 10 4 2467 5719 2592
6972 2 2 10 4 3106 3107 3105
6973 2 2 10 4 2228 2447 2226
6974 2 2 10 4 2231 2969 2233
6975 2 2 10 4 2576 3076 2574
6976 2 2 10 4 2901 5718 3550
6977 2 2 10 4 5732 5736 5731
6978 2 2 10 4 3208 3323 3130
6979 2 2 10 4 2152 2153 2150
6980 2 2 10 4 2193 2195 2194
6981 2 2 10 4 3446 3690 3459
6982 2 2 10 4 2447 5710 2226
6983 2 2 10 4 3963 3965 3964
6984 2 2 10 4 5700 5701 5699
6985 2 2 10 4 3112 3172 3171
6986 2 2 10 4 2620 3892 2997
6987 2 2 10 4 2097 5746 5738
6988 2 2 10 4 3126 4105 3279
6989 2 2 10 4 3855 3856 3854
6990 2 2 10 4 2533 2962 2961
6991 2 2 10 4 3068 3069 2568
6992 2 2 10 4 2743 3229 2711
6993 2 2 10 4 3185 3186 3167
6994 2 2 10 4 2971 3036 2970
6995 2 2 10 4 2244 5715 2247
6996 2 2 10 4 2251 2257 2249
6997 2 2 10 4 2256 5748 2616
6998 2 2 10 4 2962 5784 2961
6999 2 2 10 4 2964 2967 2966
7000 2 2 10 4 2280 2283 2282
7001 2 2 10 4 3112 3933 3172
7002 2 2 10 4 3934 4491 4490
7003 2 2 10 4 2526 2527 2179
7004 2 2 10 4 3010 3432 3431
7005 2 2 10 4 2030 2032 2031
7006 2 2 10 4 2557 2558 2199
7007 2 2 10 4 3291 3777 3290
7008 2 2 10 4 2197 5730 2557
7009 2 2 10 4 2284 5709 2286
7010 2 2 10 4 2291 2541 2287
7011 2 2 10 4 2331 2332 2330
7012 2 2 10 4 2530 2885 2531
7013 2 2 10 4 3047 3049 3048
7014 2 2 10 4 3710 4316 3711
7015 2 2 10 4 3861 3862 3859
7016 2 2 10 4 3150 3152 3151
7017 2 2 10 4 3857 3859 3858
7018 2 2 10 4 4103 5779 3177
7019 2 2 10 4 4249 4253 3323
7020 2 2 10 4 3446 3459 2425
7021 2 2 10 4 3855 3857 3856
7022 2 2 10 4 2154 2259 2258
7023 2 2 10 4 2161 2162 2160
7024 2 2 10 4 2266 2267 2265
7025 2 2 10 4 3440 3442 3441
7026 2 2 10 4 1747 2209 1746
7027 2 2 10 4 3078 3813 3811
7028 2 2 10 4 2154 5735 2259
7029 2 2 10 4 2577 2578 2576
7030 2 2 10 4 5709 5786 3417
7031 2 2 10 4 4098 5777 3436
7032 2 2 10 4 2163 5745 3078
7033 2 2 10 4 2165 2166 2164
7034 2 2 10 4 2276 2277 2275
7035 2 2 10 4 3036 3650 2970
7036 2 2 10 4 3162 5729 3164
7037 2 2 10 4 3438 3758 3437
7038 2 2 10 4 3945 5687 3946
7039 2 2 10 4 1979 3433 2429
7040 2 2 10 4 2231 2232 2230
7041 2 2 10 4 2239 2240 2238
7042 2 2 10 4 2243 2244 2242
7043 2 2 10 4 2247 2248 2246
7044 2 2 10 4 2252 2254 2253
7045 2 2 10 4 3963 5733 5262
7046 2 2 10 4 3222 3944 3943
7047 2 2 10 4 3433 3435 3434
7048 2 2 10 4 2236 2238 2237
7049 2 2 10 4 2324 5748 2254
7050 2 2 10 4 3315 3366 2971
7051 2 2 10 4 1753 1979 1752
7052 2 2 10 4 1982 1983 1980
7053 2 2 10 4 1984 1985 1983
7054 2 2 10 4 2213 2214 2083
7055 2 2 10 4 2215 2216 2214
7056 2 2 10 4 2221 2222 2220
7057 2 2 10 4 2227 2228 2226
7058 2 2 10 4 2235 2236 2234
7059 2 2 10 4 2254 2256 2255
7060 2 2 10 4 2256 2421 2420
7061 2 2 10 4 2262 2263 2261
7062 2 2 10 4 2270 2271 2269
7063 2 2 10 4 2278 2279 2277
7064 2 2 10 4 2421 3068 2568
7065 2 2 10 4 2533 2963 2962
7066 2 2 10 4 2566 2702 2567
7067 2 2 10 4 1753 1980 1979
7068 2 2 10 4 2071 2434 2433
7069 2 2 10 4 2213 2215 2214
7070 2 2 10 4 2274 2275 2273
7071 2 2 10 4 2730 3420 3223
7072 2 2 10 4 3153 3505 3151
7073 2 2 10 4 3186 3464 3463
7074 2 2 10 4 4318 4319 4317
7075 2 2 10 4 5737 5755 5719
7076 2 2 10 4 2219 2220 2218
7077 2 2 10 4 2247 5715 2394
7078 2 2 10 4 2347 2350 2349
7079 2 2 10 4 2563 2564 2529
7080 2 2 10 4 3289 4421 3318
7081 2 2 10 4 3579 3723 3366
7082 2 2 10 4 2259 2552 2492
7083 2 2 10 4 2272 2273 2271
7084 2 2 10 4 2746 3216 2748
7085 2 2 10 4 3856 3860 3854
7086 2 2 10 4 1984 1986 1985
7087 2 2 10 4 1986 2083 2082
7088 2 2 10 4 2212 2213 2083
7089 2 2 10 4 2199 2587 2198
7090 2 2 10 4 2710 2742 2711
7091 2 2 10 4 3160 3162 3161
7092 2 2 10 4 2166 2261 2260
7093 2 2 10 4 3118 4075 3999
7094 2 2 10 4 3565 3566 3418
7095 2 2 10 4 2575 2576 2574
7096 2 2 10 4 2209 3955 1746
7097 2 2 10 4 2197 2199 2198
7098 2 2 10 4 2289 2346 2290
7099 2 2 10 4 2333 2406 2334
7100 2 2 10 4 2347 2349 2348
7101 2 2 10 4 3729 5795 3069
7102 2 2 10 4 3073 3283 3074
7103 2 2 10 4 3080 3272 3079
7104 2 2 10 4 3108 3110 3109
7105 2 2 10 4 3583 5704 3130
7106 2 2 10 4 3164 5729 3805
7107 2 2 10 4 2181 5739 2469
7108 2 2 10 4 2275 2661 2273
7109 2 2 10 4 2278 5717 2280
7110 2 2 10 4 2592 3297 3256
7111 2 2 10 4 3051 3052 3050
7112 2 2 10 4 3088 3089 3054
7113 2 2 10 4 3403 3949 3451
7114 2 2 10 4 3464 3465 3463
7115 2 2 10 4 2359 2466 2358
7116 2 2 10 4 2359 5737 5719
7117 2 2 10 4 3429 5746 2416
7118 2 2 10 4 3373 3940 3939
7119 2 2 10 4 5693 5694 4383
7120 2 2 10 4 2098 5746 2097
7121 2 2 10 4 2233 2235 2234
7122 2 2 10 4 2596 5728 3267
7123 2 2 10 4 3726 3891 3434
7124 2 2 10 4 1979 2429 1752
7125 2 2 10 4 2102 5742 2356
7126 2 2 10 4 2417 2489 2189
7127 2 2 10 4 2587 2890 2198
7128 2 2 10 4 2286 2288 2287
7129 2 2 10 4 2421 2568 2420
7130 2 2 10 4 3211 3748 3428
7131 2 2 10 4 4406 5755 3427
7132 2 2 10 4 3435 3726 3434
7133 2 2 10 4 2026 3440 3439
7134 2 2 10 4 2284 2286 2285
7135 2 2 10 4 2750 2970 2749
7136 2 2 10 4 3291 3937 3936
7137 2 2 10 4 3896 3897 3444
7138 2 2 10 4 3690 3691 3459
7139 2 2 10 4 2132 2179 2130
7140 2 2 10 4 2283 2424 2284
7141 2 2 10 4 2227 2229 2228
7142 2 2 10 4 2424 5709 2284
7143 2 2 10 4 2427 2486 2485
7144 2 2 10 4 2990 3126 3070
7145 2 2 10 4 3373 3939 3938
7146 2 2 10 4 3414 3416 3415
7147 2 2 10 4 3432 4489 3431
7148 2 2 10 4 3690 4143 3691
7149 2 2 10 4 4094 4096 4095
7150 2 2 10 4 4102 4556 4103
7151 2 2 10 4 2466 5731 2358
7152 2 2 10 4 2577 3311 2710
7153 2 2 10 4 2986 5718 2901
7154 2 2 10 4 3049 3051 3050
7155 2 2 10 4 3598 4094 3600
7156 2 2 10 4 1785 1786 1749
7157 2 2 10 4 2151 2706 2152
7158 2 2 10 4 2526 3196 3195
7159 2 2 10 4 2992 2993 2580
7160 2 2 10 4 2555 3128 2556
7161 2 2 10 4 2723 5728 2596
7162 2 2 10 4 3152 3153 3151
7163 2 2 10 4 3160 3161 3159
7164 2 2 10 4 2100 5742 2102
7165 2 2 10 4 2102 2356 2355
7166 2 2 10 4 2270 2272 2271
7167 2 2 10 4 2283 3414 2424
7168 2 2 10 4 2356 2524 2357
7169 2 2 10 4 2379 2381 2380
7170 2 2 10 4 2467 2592 2591
7171 2 2 10 4 2552 3291 3290
7172 2 2 10 4 2596 3267 2594
7173 2 2 10 4 3046 3649 2986
7174 2 2 10 4 3126 3279 3070
7175 2 2 10 4 3352 4171 3730
7176 2 2 10 4 3425 3680 3427
7177 2 2 10 4 2159 2585 2161
7178 2 2 10 4 2272 2274 2273
7179 2 2 10 4 1748 1785 1749
7180 2 2 10 4 3945 3946 3944
7181 2 2 10 4 2101 5746 2098
7182 2 2 10 4 2354 2416 2101
7183 2 2 10 4 3078 3423 2165
7184 2 2 10 4 2276 2278 2277
7185 2 2 10 4 2284 2285 2282
7186 2 2 10 4 2357 5737 2359
7187 2 2 10 4 2590 3123 2466
7188 2 2 10 4 3424 3425 2524
7189 2 2 10 4 2902 3531 2987
7190 2 2 10 4 3422 4125 3123
7191 2 2 10 4 3934 4024 3172
7192 2 2 10 4 3464 3466 3465
7193 2 2 10 4 5731 5736 2358
7194 2 2 10 4 5708 5717 2390
7195 2 2 10 4 2553 2554 2492
7196 2 2 10 4 2592 3256 2593
7197 2 2 10 4 2742 2744 2743
7198 2 2 10 4 3050 3878 3048
7199 2 2 10 4 3323 3583 3130
7200 2 2 10 4 3937 4269 3936
7201 2 2 10 4 3649 5718 2986
7202 2 2 10 4 3863 5714 3859
7203 2 2 10 4 3861 4111 3862
7204 2 2 10 4 2286 2287 2285
7205 2 2 10 4 3279 3807 3070
7206 2 2 10 4 3152 3154 3153
7207 2 2 10 4 4127 5517 3941
7208 2 2 10 4 1753 1981 1980
7209 2 2 10 4 2096 2099 2098
7210 2 2 10 4 2185 2187 2186
7211 2 2 10 4 3219 3836 2965
7212 2 2 10 4 3191 5193 2968
7213 2 2 10 4 3010 3431 3430
7214 2 2 10 4 3048 5763 3046
7215 2 2 10 4 3078 3811 3423
7216 2 2 10 4 3088 5455 4551
7217 2 2 10 4 3108 3109 3107
7218 2 2 10 4 3154 3156 3155
7219 2 2 10 4 3158 3160 3159
7220 2 2 10 4 3679 5729 3162
7221 2 2 10 4 3164 3165 3163
7222 2 2 10 4 3165 3373 3372
7223 2 2 10 4 2181 2469 2183
7224 2 2 10 4 2288 2291 2287
7225 2 2 10 4 3416 4380 3804
7226 2 2 10 4 2259 2492 2491
7227 2 2 10 4 3162 3164 3163
7228 2 2 10 4 3440 3443 3442
7229 2 2 10 4 3702 4593 4370
7230 2 2 10 4 2191 2192 2190
7231 2 2 10 4 2710 2711 2578
7232 2 2 10 4 1745 1746 1734
7233 2 2 10 4 2100 2102 2101
7234 2 2 10 4 2524 5737 2357
7235 2 2 10 4 3067 3429 2416
7236 2 2 10 4 3123 5731 2466
7237 2 2 10 4 2486 5760 2487
7238 2 2 10 4 2744 2745 2743
7239 2 2 10 4 3080 3887 3569
7240 2 2 10 4 3219 3837 3836
7241 2 2 10 4 3857 3858 3856
7242 2 2 10 4 2357 2358 2355
7243 2 2 10 4 2557 5730 3222
7244 2 2 10 4 2724 2901 2723
7245 2 2 10 4 3047 3048 3046
7246 2 2 10 4 4126 5731 3123
7247 2 2 10 4 2026 3439 1744
7248 2 2 10 4 2132 2180 2179
7249 2 2 10 4 3211 3428 2489
7250 2 2 10 4 3600 5738 3429
7251 2 2 10 4 2496 5696 2193
7252 2 2 10 4 2555 2556 2554
7253 2 2 10 4 2963 2964 2962
7254 2 2 10 4 3112 3171 3111
7255 2 2 10 4 3186 3463 3462
7256 2 2 10 4 3940 4127 3941
7257 2 2 10 4 2362 3080 3079
7258 2 2 10 4 2385 2387 2386
7259 2 2 10 4 2387 2528 2388
7260 2 2 10 4 3112 5698 3933
7261 2 2 10 4 2131 2132 2130
7262 2 2 10 4 2240 2292 2238
7263 2 2 10 4 2250 2251 2249
7264 2 2 10 4 2417 3044 3006
7265 2 2 10 4 2467 2591 2590
7266 2 2 10 4 2592 2593 2591
7267 2 2 10 4 3267 5740 2594
7268 2 2 10 4 3550 5728 2723
7269 2 2 10 4 2724 2902 2901
7270 2 2 10 4 3088 4551 3089
7271 2 2 10 4 3118 3999 3117
7272 2 2 10 4 3424 5749 3426
7273 2 2 10 4 3680 4406 3427
7274 2 2 10 4 2183 2185 2184
7275 2 2 10 4 2191 2496 2193
7276 2 2 10 4 2262 2559 2264
7277 2 2 10 4 2265 2428 2263
7278 2 2 10 4 3128 3129 2556
7279 2 2 10 4 2705 5702 2703
7280 2 2 10 4 3156 3157 3155
7281 2 2 10 4 3158 3159 3157
7282 2 2 10 4 3160 3679 3162
7283 2 2 10 4 3438 4056 3758
7284 2 2 10 4 2347 2348 2290
7285 2 2 10 4 4094 4095 3600
7286 2 2 10 4 2180 2526 2179
7287 2 2 10 4 2184 5703 2182
7288 2 2 10 4 2746 2748 2747
7289 2 2 10 4 3165 3372 3163
7290 2 2 10 4 3373 3938 3372
7291 2 2 10 4 3934 4490 4024
7292 2 2 10 4 2099 2100 2098
7293 2 2 10 4 2406 2407 2334
7294 2 2 10 4 2553 2555 2554
7295 2 2 10 4 3702 4370 3256
7296 2 2 10 4 3419 3565 3418
7297 2 2 10 4 3450 3880 3448
7298 2 2 10 4 3489 5720 3463
7299 2 2 10 4 4238 4239 3466
7300 2 2 10 4 4367 4368 3565
7301 2 2 10 4 1982 1984 1983
7302 2 2 10 4 2217 2219 2218
7303 2 2 10 4 3129 3130 2556
7304 2 2 10 4 3157 3754 3155
7305 2 2 10 4 3163 5757 3161
7306 2 2 10 4 4026 4258 3606
7307 2 2 10 4 2152 2154 2153
7308 2 2 10 4 2232 2370 2230
7309 2 2 10 4 2248 2249 2246
7310 2 2 10 4 2289 3417 2346
7311 2 2 10 4 2381 2382 2380
7312 2 2 10 4 2385 2386 2384
7313 2 2 10 4 3154 3155 3153
7314 2 2 10 4 3154 3578 3156
7315 2 2 10 4 3450 4484 3880
7316 2 2 10 4 1748 1749 1747
7317 2 2 10 4 2328 2331 2330
7318 2 2 10 4 2434 5686 2530
7319 2 2 10 4 2557 3222 3221
7320 2 2 10 4 3161 3741 3159
7321 2 2 10 4 3164 3805 3313
7322 2 2 10 4 2132 2181 2180
7323 2 2 10 4 3010 3430 2187
7324 2 2 10 4 2215 2217 2216
7325 2 2 10 4 2219 2221 2220
7326 2 2 10 4 2350 2351 2349
7327 2 2 10 4 2351 2384 2383
7328 2 2 10 4 2406 2985 2573
7329 2 2 10 4 2417 3006 2489
7330 2 2 10 4 2704 3012 2705
7331 2 2 10 4 2742 2743 2711
7332 2 2 10 4 3109 3899 3107
7333 2 2 10 4 3417 5786 3419
7334 2 2 10 4 2166 2260 2164
7335 2 2 10 4 2181 2183 2182
7336 2 2 10 4 2266 2623 2268
7337 2 2 10 4 2427 2484 2319
7338 2 2 10 4 2592 5719 3297
7339 2 2 10 4 3156 3158 3157
7340 2 2 10 4 3164 3313 3165
7341 2 2 10 4 3805 4086 3313
7342 2 2 10 4 2190 2417 2189
7343 2 2 10 4 2565 2990 2564
7344 2 2 10 4 3105 3305 3104
7345 2 2 10 4 3417 3419 3418
7346 2 2 10 4 3465 3489 3463
7347 2 2 10 4 3464 4238 3466
7348 2 2 10 4 4316 4318 4317
7349 2 2 10 4 3418 5752 2346
7350 2 2 10 4 2356 2357 2355
7351 2 2 10 4 2357 2359 2358
7352 2 2 10 4 2359 2467 2466
7353 2 2 10 4 4125 4126 3123
7354 2 2 10 4 3291 3936 3777
7355 2 2 10 4 3598 3600 3429
7356 2 2 10 4 2219 2448 2221
7357 2 2 10 4 2224 2622 2222
7358 2 2 10 4 2526 5758 3196
7359 2 2 10 4 2557 3221 2558
7360 2 2 10 4 3419 4367 3565
7361 2 2 10 4 5742 5749 3424
7362 2 2 10 4 1745 1747 1746
7363 2 2 10 4 1981 1982 1980
7364 2 2 10 4 2100 2101 2098
7365 2 2 10 4 2099 3517 2402
7366 2 2 10 4 2102 2354 2101
7367 2 2 10 4 2188 2189 2186
7368 2 2 10 4 2196 2412 2194
7369 2 2 10 4 2346 2347 2290
7370 2 2 10 4 2350 5741 2351
7371 2 2 10 4 2356 3424 2524
7372 2 2 10 4 2568 3198 2420
7373 2 2 10 4 3427 5737 2524
7374 2 2 10 4 2555 3239 3128
7375 2 2 10 4 2590 3422 3123
7376 2 2 10 4 2593 2594 2591
7377 2 2 10 4 2902 2986 2901
7378 2 2 10 4 2191 2193 2192
7379 2 2 10 4 2467 2590 2466
7380 2 2 10 4 3067 3599 3598
7381 2 2 10 4 2128 2129 1786
7382 2 2 10 4 2289 2290 2288
7383 2 2 10 4 2333 5713 2406
7384 2 2 10 4 3777 4109 3290
7385 2 2 10 4 3465 3506 3489
7386 2 2 10 4 2102 2355 2354
7387 2 2 10 4 2183 2184 2182
7388 2 2 10 4 2187 2188 2186
7389 2 2 10 4 2193 2194 2192
7390 2 2 10 4 2195 2196 2194
7391 2 2 10 4 2236 2239 2238
7392 2 2 10 4 2356 5742 3424
7393 2 2 10 4 3425 3427 2524
7394 2 2 10 4 2590 5740 3422
7395 2 2 10 4 2593 2595 2594
7396 2 2 10 4 3051 3053 3052
7397 2 2 10 4 3170 5744 5700
7398 2 2 10 4 2154 5756 5735
7399 2 2 10 4 3128 3696 3129
7400 2 2 10 4 3239 5707 3128
7401 2 2 10 4 3162 3163 3161
7402 2 2 10 4 2381 2566 2382
7403 2 2 10 4 2573 2574 2407
7404 2 2 10 4 3566 5752 3418
7405 2 2 10 4 1985 2470 1983
7406 2 2 10 4 2185 2186 2184
7407 2 2 10 4 2236 2237 2234
7408 2 2 10 4 2256 2420 2255
7409 2 2 10 4 2334 2903 2332
7410 2 2 10 4 3129 3208 3130
7411 2 2 10 4 2706 5771 5756
7412 2 2 10 4 1745 1748 1747
7413 2 2 10 4 2154 2258 2153
7414 2 2 10 4 5703 5758 2182
7415 2 2 10 4 2231 2233 2232
7416 2 2 10 4 2239 2241 2240
7417 2 2 10 4 2241 2243 2242
7418 2 2 10 4 2247 2393 2248
7419 2 2 10 4 2597 2724 2723
7420 2 2 10 4 2390 5717 2278
7421 2 2 10 4 2280 2282 2281
7422 2 2 10 4 2967 2968 2966
7423 2 2 10 4 2278 2280 2279
7424 2 2 10 4 2385 2988 2387
7425 2 2 10 4 2988 5723 2387
7426 2 2 10 4 2575 2577 2576
7427 2 2 10 4 2702 2704 2703
7428 2 2 10 4 3295 4053 4052
7429 2 2 10 4 2127 2128 1786
7430 2 2 10 4 2128 2130 2129
7431 2 2 10 4 4126 5732 5731
7432 2 2 10 4 2185 3010 2187
7433 2 2 10 4 2262 2264 2263
7434 2 2 10 4 3811 3812 3423
7435 2 2 10 4 3067 3598 3429
7436 2 2 10 4 3857 3861 3859
7437 2 2 10 4 1982 1987 1984
7438 2 2 10 4 1986 2212 2083
7439 2 2 10 4 2161 2163 2162
7440 2 2 10 4 2163 2165 2164
7441 2 2 10 4 2213 2490 2215
7442 2 2 10 4 2266 2268 2267
7443 2 2 10 4 2268 2270 2269
7444 2 2 10 4 2402 5749 5742
7445 2 2 10 4 2552 2553 2492
7446 2 2 10 4 2750 3315 2971
7447 2 2 10 4 3171 3874 3177
7448 2 2 10 4 2558 5747 2199
7449 2 2 10 4 3517 3518 2402
7450 2 2 10 4 3023 3067 2416
7451 2 2 10 4 2434 2530 2435
7452 2 2 10 4 2901 3550 2723
7453 2 2 10 4 2748 2750 2749
7454 2 2 10 4 3053 3088 3054
7455 2 2 10 4 3161 5757 3741
7456 2 2 10 4 2252 2253 2251
7457 2 2 10 4 2379 2380 2326
7458 2 2 10 4 3352 3729 3069
7459 2 2 10 4 3417 3418 2346
7460 2 2 10 4 2358 5736 2355
7461 2 2 10 4 2563 2565 2564
7462 2 2 10 4 2597 3276 2724
7463 2 2 10 4 3171 3177 3111
7464 2 2 10 4 3443 3444 3442
7465 2 2 10 4 2099 2402 2100
7466 2 2 10 4 2259 2491 2258
7467 2 2 10 4 2406 2573 2407
7468 2 2 10 4 3012 3013 2705
7469 2 2 10 4 3019 3212 3018
7470 2 2 10 4 3938 4298 3372
7471 2 2 10 4 3864 3963 3962
7472 2 2 10 4 3940 3941 3939
7473 2 2 10 4 2181 2182 2180
7474 2 2 10 4 2191 5767 2496
7475 2 2 10 4 2426 2427 2319
7476 2 2 10 4 2487 2579 2485
7477 2 2 10 4 2594 5740 2591
7478 2 2 10 4 2749 3382 2747
7479 2 2 10 4 2902 5726 3531
7480 2 2 10 4 3297 3702 3256
7481 2 2 10 4 4086 4860 3313
7482 2 2 10 4 3393 3516 3074
7483 2 2 10 4 2355 5736 2354
7484 2 2 10 4 2354 3023 2416
7485 2 2 10 4 2526 3195 2527
7486 2 2 10 4 2587 3118 3117
7487 2 2 10 4 2595 2596 2594
7488 2 2 10 4 2597 2723 2596
7489 2 2 10 4 2967 3191 2968
7490 2 2 10 4 3053 3054 3052
7491 2 2 10 4 3424 3426 3425
7492 2 2 10 4 2566 3245 2702
7493 2 2 10 4 2964 2966 2965
7494 2 2 10 4 2987 3046 2986
7495 2 2 10 4 3049 3050 3048
7496 2 2 10 4 3089 5032 3757
7497 2 2 10 4 3208 4249 3323
7498 2 2 10 4 2354 5736 3023
7499 2 2 10 4 2964 2965 2962
7500 2 2 10 4 2195 2197 2196
7501 2 2 10 4 3200 3802 3801
7502 2 2 10 4 3318 4098 3436
7503 2 2 10 4 3440 3441 3439
7504 2 2 10 4 3897 4545 3444
7505 2 2 10 4 2552 3290 2553
7506 2 2 10 4 2577 2710 2578
7507 2 2 10 4 2742 3997 2744
7508 2 2 10 4 3862 3864 3863
7509 2 2 10 4 3963 3964 3962
7510 2 2 10 4 2362 3079 2379
7511 2 2 10 4 3110 3112 3111
7512 2 2 10 4 3864 3962 3961
7513 2 2 10 4 1748 2314 1785
7514 2 2 10 4 1785 2127 1786
7515 2 2 10 4 2416 5746 2101
7516 2 2 10 4 2595 2597 2596
7517 2 2 10 4 3106 5744 3108
7518 2 2 10 4 3313 5764 3165
7519 2 2 10 4 3442 3710 3441
7520 2 2 10 4 2197 2198 2196
7521 2 2 10 4 3965 3966 3964
7522 2 2 10 4 2163 2164 2162
7523 2 2 10 4 2750 2971 2970
7524 2 2 10 4 2961 3438 3437
7525 2 2 10 4 2268 2269 2267
7526 2 2 10 4 5752 5768 2350
7527 2 2 10 4 3117 3278 2890
7528 2 2 10 4 2402 5742 2100
7529 2 2 10 4 3518 5749 2402
7530 2 2 10 4 2530 2531 2435
7531 2 2 10 4 2704 3742 3012
7532 2 2 10 4 2902 2987 2986
7533 2 2 10 4 3878 5763 3048
7534 2 2 10 4 2225 2227 2226
7535 2 2 10 4 2250 2252 2251
7536 2 2 10 4 2730 3223 2731
7537 2 2 10 4 2197 2557 2199
7538 2 2 10 4 2264 2265 2263
7539 2 2 10 4 3278 3421 2890
7540 2 2 10 4 2241 2242 2240
7541 2 2 10 4 2328 2330 2329
7542 2 2 10 4 2406 5713 2985
7543 2 2 10 4 3862 3863 3859
7544 2 2 10 4 3864 3961 3863
7545 2 2 10 4 2128 2131 2130
7546 2 2 10 4 2258 2673 2153
7547 2 2 10 4 2188 2190 2189
7548 2 2 10 4 2199 5747 2587
7549 2 2 10 4 2233 2234 2232
7550 2 2 10 4 2239 2413 2241
7551 2 2 10 4 2244 2245 2242
7552 2 2 10 4 2362 2379 2326
7553 2 2 10 4 2567 2619 2382
7554 2 2 10 4 3013 3106 3105
7555 2 2 10 4 3208 4343 4249
7556 2 2 10 4 3222 3943 3221
7557 2 2 10 4 3521 4090 3776
7558 2 2 10 4 4316 4317 3711
7559 2 2 10 4 2182 5758 2180
7560 2 2 10 4 2223 2224 2222
7561 2 2 10 4 2244 2246 2245
7562 2 2 10 4 2280 2281 2279
7563 2 2 10 4 3414 3415 2424
7564 2 2 10 4 3165 5764 3373
7565 2 2 10 4 2225 2226 2224
7566 2 2 10 4 2229 2230 2228
7567 2 2 10 4 3068 3351 3069
7568 2 2 10 4 2217 2218 2216
7569 2 2 10 4 2331 2333 2332
7570 2 2 10 4 5799 5805 2348
7571 2 2 10 4 2591 5740 2590
7572 2 2 10 4 1986 2082 1985
7573 2 2 10 4 2266 5722 2623
7574 2 2 10 4 2987 3047 3046
7575 2 2 10 4 2966 3219 2965
7576 2 2 10 4 3351 5684 3352
7577 2 2 10 4 2330 2674 2329
7578 2 2 10 4 2221 2223 2222
7579 2 2 10 4 2229 2231 2230
7580 2 2 10 4 2244 2247 2246
7581 2 2 10 4 2288 5772 2291
7582 2 2 10 4 2291 5773 2542
7583 2 2 10 4 2565 3009 2990
7584 2 2 10 4 3291 5735 3937
7585 2 2 10 4 3804 5692 3415
7586 2 2 10 4 3443 3896 3444
7587 2 2 10 4 1748 5791 2314
7588 2 2 10 4 2161 5745 2163
7589 2 2 10 4 2261 2730 2260
7590 2 2 10 4 2271 2972 2269
7591 2 2 10 4 2281 3018 2279
7592 2 2 10 4 2573 2575 2574
7593 2 2 10 4 2587 3117 2890
7594 2 2 10 4 3936 4296 3777
7595 2 2 10 4 2332 5789 2330
7596 2 2 10 4 3742 3788 3012
7597 2 2 10 4 3212 3413 3018
7598 2 2 10 4 3431 3775 3430
7599 2 2 10 4 2281 3019 3018
7600 2 2 10 4 2255 2586 2253
7601 2 2 10 4 2184 5712 5703
7602 2 2 10 4 2188 2191 2190
7603 2 2 10 4 3416 4381 4380
7604 2 2 10 4 2432 2617 2070
7605 2 2 10 4 3108 3170 3110
7606 2 2 10 4 3108 5744 3170
7607 2 2 10 4 5693 5759 5694
7608 2 2 10 4 2166 2262 2261
7609 2 2 10 4 2180 5758 2526
7610 2 2 10 4 2225 2550 2227
7611 2 2 10 4 2256 2616 2421
7612 2 2 10 4 3223 3224 2731
7613 2 2 10 4 2528 2563 2529
7614 2 2 10 4 2274 2276 2275
7615 2 2 10 4 2702 2703 2567
7616 2 2 10 4 3897 4546 4545
7617 2 2 10 4 2903 5789 2332
7618 2 2 10 4 4381 4382 4380
7619 2 2 10 4 3276 5726 2724
7620 2 2 10 4 3305 3732 3104
7621 2 2 10 4 5719 5755 3297
7622 2 2 10 4 2469 5753 2183
7623 2 2 10 4 3372 5757 3163
7624 2 2 10 4 1983 5765 1980
7625 2 2 10 4 2291 2542 2541
7626 2 2 10 4 2531 2533 2532
7627 2 2 10 4 2587 5747 3118
7628 2 2 10 4 2961 5784 3438
7629 2 2 10 4 3006 3211 2489
7630 2 2 10 4 3089 3757 3054
7631 2 2 10 4 2565 3521 3009
7632 2 2 10 4 3047 3570 3049
7633 2 2 10 4 3943 4074 3221
7634 2 2 10 4 2746 2747 2745
7635 2 2 10 4 3710 3711 3441
7636 2 2 10 4 3933 5697 3934
7637 2 2 10 4 3051 3669 3053
7638 2 2 10 4 2218 2583 2216
7639 2 2 10 4 2533 2961 2532
7640 2 2 10 4 2967 3295 3191
7641 2 2 10 4 2254 2255 2253
7642 2 2 10 4 2724 5726 2902
7643 2 2 10 4 4056 5005 3758
7644 2 2 10 4 2259 5735 2552
7645 2 2 10 4 2286 2289 2288
7646 2 2 10 4 2331 3042 2333
7647 2 2 10 4 4004 4334 3723
7648 2 2 10 4 2964 5798 2967
7649 2 2 10 4 3128 5707 3696
7650 2 2 10 4 2237 5775 2234
7651 2 2 10 4 2387 2388 2386
7652 2 2 10 4 3289 3318 2885
7653 2 2 10 4 3219 3981 3837
7654 2 2 10 4 2486 2487 2485
7655 2 2 10 4 3433 3434 2429
7656 2 2 10 4 3318 3436 2885
7657 2 2 10 4 2434 2435 2433
7658 2 2 10 4 2988 5724 5723
7659 2 2 10 4 3107 5711 3105
7660 2 2 10 4 4298 5757 3372
7661 2 2 10 4 4381 5708 5693
7662 2 2 10 4 2961 3437 2532
7663 2 2 10 4 2748 2749 2747
7664 2 2 10 4 5005 5006 3758
7665 2 2 10 4 2991 3200 2992
7666 2 2 10 4 2566 2567 2382
7667 2 2 10 4 2531 2532 2435
7668 2 2 10 4 2674 5789 3450
7669 2 2 10 4 2528 3266 2563
7670 2 2 10 4 2991 2992 2580
7671 2 2 10 4 3036 3954 3650
7672 2 2 10 4 3315 3579 3366
7673 2 2 10 4 2283 2284 2282
7674 2 2 10 4 2189 5712 2186
7675 2 2 10 4 2428 5716 2263
7676 2 2 10 4 2744 2746 2745
7677 2 2 10 4 2730 2731 2260
7678 2 2 10 4 5791 5802 2314
7679 2 2 10 4 2674 3447 2329
7680 2 2 10 4 2351 2383 2349
7681 2 2 10 4 4102 4103 3177
7682 2 2 10 4 2264 2266 2265
7683 2 2 10 4 2674 3448 3447
7684 2 2 10 4 2674 3450 3448
7685 2 2 10 4 3436 5804 5797
7686 2 2 10 4 3742 4062 3788
7687 2 2 10 4 3013 3105 3104
7688 2 2 10 4 3416 3804 3415
7689 2 2 10 4 2384 3073 2383
7690 2 2 10 4 3351 3352 3069
7691 2 2 10 4 4052 4615 3935
7692 2 2 10 4 3430 5767 2187
7693 2 2 10 4 2327 5781 2328
7694 2 2 10 4 3073 3074 2383
7695 2 2 10 4 2997 3403 2621
7696 2 2 10 4 2314 5762 1785
7697 2 2 10 4 2268 5725 2270
7698 2 2 10 4 3305 4562 3732
7699 2 2 10 4 1785 5762 2127
7700 2 2 10 4 3106 3108 3107
7701 2 2 10 4 3944 4328 3943
7702 2 2 10 4 2552 5735 3291
7703 2 2 10 4 3279 4276 3807
7704 2 2 10 4 3836 5784 2965
7705 2 2 10 4 3723 4486 3366
7706 2 2 10 4 1979 5765 3433
7707 2 2 10 4 3315 4376 3579
7708 2 2 10 4 3046 5763 3649
7709 2 2 10 4 2248 2250 2249
7710 2 2 10 4 3351 5685 5684
7711 2 2 10 4 3018 5778 2279
7712 2 2 10 4 1980 5765 1979
7713 2 2 10 4 3423 5754 2165
7714 2 2 10 4 3403 3451 2621
7715 2 2 10 4 2234 5775 2232
7716 2 2 10 4 2298 5823 5816
7717 2 2 10 4 3080 3569 3272
7718 2 2 10 4 2186 5712 2184
7719 2 2 10 4 3295 4052 3935
7720 2 2 10 4 5745 5766 3813
7721 2 2 10 4 5772 5773 2291
7722 2 2 10 4 2528 2529 2388
7723 2 2 10 4 2279 5778 2277
7724 2 2 10 4 2350 5768 5741
7725 2 2 10 4 2555 5769 3239
7726 2 2 10 4 4860 5764 3313
7727 2 2 10 4 5777 5804 3436
7728 2 2 10 4 3413 5778 3018
7729 2 2 10 4 3283 3393 3074
7730 2 2 10 4 3315 5785 4376
7731 2 2 10 4 2585 5745 2161
7732 2 2 10 4 3437 5803 5796
7733 2 2 10 4 2290 5772 2288
7734 2 2 10 4 2963 5804 5798
7735 2 2 10 4 5735 5756 3937
7736 2 2 10 4 2750 5785 3315
7737 2 2 10 4 3439 5802 5791
7738 2 2 10 4 3566 5768 5752
7739 2 2 10 4 4171 4172 3730
7740 2 2 10 4 5757 5776 3741
7741 2 2 10 4 4172 4173 3730
7742 2 2 10 4 2232 5775 2370
7743 2 2 10 4 2991 3314 3200
7744 2 2 10 4 2348 5772 2290
7745 2 2 10 4 3775 5792 3430
7746 2 2 10 4 2585 5766 5745
7747 2 2 10 4 3430 5792 5767
7748 2 2 10 4 2963 5798 2964
7749 2 2 10 4 2433 5796 3029
7750 2 2 10 4 5832 5833 2311
7751 2 2 10 4 2435 5796 2433
7752 2 2 10 4 2967 5798 3295
7753 2 2 10 4 4298 5776 5757
7754 2 2 10 4 2623 5725 2268
7755 2 2 10 4 2971 5734 3036
7756 2 2 10 4 3290 5769 2553
7757 2 2 10 4 3937 5771 4269
7758 2 2 10 4 1745 5791 1748
7759 2 2 10 4 5767 5792 2496
7760 2 2 10 4 1744 5791 1745
7761 2 2 10 4 3696 5794 5793
7762 2 2 10 4 2553 5769 2555
7763 2 2 10 4 5756 5771 3937
7764 2 2 10 4 2383 5799 2349
7765 2 2 10 4 3437 5796 2532
7766 2 2 10 4 3438 5783 4056
7767 2 2 10 4 3439 5791 1744
7768 2 2 10 4 3109 5779 3899
7769 2 2 10 4 3219 5770 3981
7770 2 2 10 4 2568 5795 3198
7771 2 2 10 4 2532 5796 2435
7772 2 2 10 4 5783 5784 3836
7773 2 2 10 4 2216 5787 2214
7774 2 2 10 4 3074 5799 2383
7775 2 2 10 4 2349 5799 2348
7776 2 2 10 4 2742 5774 3997
7777 2 2 10 4 3311 5774 2710
7778 2 2 10 4 3899 5711 3107
7779 2 2 10 4 3890 5848 5842
7780 2 2 10 4 2968 5770 2966
7781 2 2 10 4 2031 5801 2471
7782 2 2 10 4 2583 5787 2216
7783 2 2 10 4 2399 5824 2039
7784 2 2 10 4 4053 5804 5777
7785 2 2 10 4 3436 5797 2885
7786 2 2 10 4 3696 5793 3129
7787 2 2 10 4 2531 5797 2533
7788 2 2 10 4 5780 5782 2412
7789 2 2 10 4 3441 5802 3439
7790 2 2 10 4 3438 5784 5783
7791 2 2 10 4 2966 5770 3219
7792 2 2 10 4 2030 5788 2032
7793 2 2 10 4 2325 5801 2031
7794 2 2 10 4 3208 5793 4343
7795 2 2 10 4 3129 5793 3208
7796 2 2 10 4 3295 5798 4053
7797 2 2 10 4 2198 5780 2196
7798 2 2 10 4 5800 5806 5744
7799 2 2 10 4 3216 5785 2748
7800 2 2 10 4 2710 5774 2742
7801 2 2 10 4 3516 5805 5799
7802 2 2 10 4 2348 5805 5772
7803 2 2 10 4 2885 5797 2531
7804 2 2 10 4 3516 5799 3074
7805 2 2 10 4 3221 5790 2558
7806 2 2 10 4 5798 5804 4053
7807 2 2 10 4 2748 5785 2750
7808 2 2 10 4 3012 5800 3013
7809 2 2 10 4 3711 5802 3441
7810 2 2 10 4 4074 5790 3221
7811 2 2 10 4 2196 5780 2412
7812 2 2 10 4 5802 5807 2314
7813 2 2 10 4 3854 5808 3852
7814 2 2 10 4 5772 5805 5773
7815 2 2 10 4 3711 5807 5802
7816 2 2 10 4 5744 5806 5700
7817 2 2 10 4 2314 5807 5762
7818 2 2 10 4 4317 5807 3711
7819 2 2 10 4 2056 5829 2057
7820 2 2 10 4 3106 5800 5744
7821 2 2 10 4 3860 5808 3854
7822 2 2 10 4 3758 5803 3437
7823 2 2 10 4 2149 5814 3445
7824 2 2 10 4 3013 5800 3106
7825 2 2 10 4 5006 5803 3758
7826 2 2 10 4 3447 5822 5819
7827 2 2 10 4 2099 5810 3517
7828 2 2 10 4 5785 5809 4376
7829 2 2 10 4 3216 5809 5785
7830 2 2 10 4 2095 5810 2096
7831 2 2 10 4 2344 5810 2095
7832 2 2 10 4 1950 5830 1946
7833 2 2 10 4 3851 5811 3853
7834 2 2 10 4 2067 5831 2066
7835 2 2 10 4 2096 5810 2099
7836 2 2 10 4 2153 5814 2150
7837 2 2 10 4 2071 5815 2434
7838 2 2 10 4 2364 5821 5815
7839 2 2 10 4 3853 5811 4415
7840 2 2 10 4 1977 5820 1978
7841 2 2 10 4 5788 5816 3887
7842 2 2 10 4 2444 5812 2037
7843 2 2 10 4 2298 5816 2028
7844 2 2 10 4 2037 5812 2327
7845 2 2 10 4 3538 5813 3539
7846 2 2 10 4 2036 5819 2059
7847 2 2 10 4 1746 5817 1734
7848 2 2 10 4 4358 5813 3538
7849 2 2 10 4 5816 5823 3887
7850 2 2 10 4 2673 5814 2153
7851 2 2 10 4 2028 5816 2030
7852 2 2 10 4 2434 5815 5686
7853 2 2 10 4 2038 5819 2036
7854 2 2 10 4 3447 5819 2329
7855 2 2 10 4 5819 5822 2059
7856 2 2 10 4 3454 5820 1977
7857 2 2 10 4 2621 5821 2364
7858 2 2 10 4 5815 5821 5686
7859 2 2 10 4 2030 5816 5788
7860 2 2 10 4 3289 5825 4421
7861 2 2 10 4 3955 5817 1746
7862 2 2 10 4 5810 5818 3517
7863 2 2 10 4 3167 5824 2399
7864 2 2 10 4 3931 5823 2298
7865 2 2 10 4 1978 5820 2426
7866 2 2 10 4 2329 5819 2038
7867 2 2 10 4 2344 5818 5810
7868 2 2 10 4 3457 5820 3454
7869 2 2 10 4 3451 5821 2621
7870 2 2 10 4 3449 5822 3447
7871 2 2 10 4 2519 5828 2518
7872 2 2 10 4 5825 5827 4421
7873 2 2 10 4 2518 5828 3120
7874 2 2 10 4 3887 5823 3888
7875 2 2 10 4 3462 5824 3167
7876 2 2 10 4 5686 5825 3289
7877 2 2 10 4 2057 5829 2159
7878 2 2 10 4 3451 5825 5821
7879 2 2 10 4 5821 5825 5686
7880 2 2 10 4 3949 5827 3451
7881 2 2 10 4 3451 5827 5825
7882 2 2 10 4 3120 5828 4026
7883 2 2 10 4 2425 5830 1950
7884 2 2 10 4 2159 5829 2585
7885 2 2 10 4 2070 5831 2067
7886 2 2 10 4 1973 5844 1126
7887 2 2 10 4 2092 5832 2311
7888 2 2 10 4 3459 5830 2425
7889 2 2 10 4 5738 5832 2097
7890 2 2 10 4 2094 5832 2092
7891 2 2 10 4 2617 5831 2070
7892 2 2 10 4 3600 5833 5738
7893 2 2 10 4 3022 5834 3881
7894 2 2 10 4 3468 5834 3022
7895 2 2 10 4 2097 5832 2094
7896 2 2 10 4 4095 5833 3600
7897 2 2 10 4 1974 5839 2479
7898 2 2 10 4 3187 5835 2517
7899 2 2 10 4 3520 5834 3468
7900 2 2 10 4 2517 5835 2519
7901 2 2 10 4 2471 5838 2029
7902 2 2 10 4 5880 5885 1721
7903 2 2 10 4 1552 5838 1551
7904 2 2 10 4 1551 5838 3894
7905 2 2 10 4 1976 5839 1974
7906 2 2 10 4 3277 5836 3255
7907 2 2 10 4 3255 5836 3751
7908 2 2 10 4 2029 5838 1552
7909 2 2 10 4 2068 5840 2620
7910 2 2 10 4 2479 5839 3452
7911 2 2 10 4 2318 5839 1976
7912 2 2 10 4 1739 5841 1738
7913 2 2 10 4 3434 5842 2429
7914 2 2 10 4 1738 5841 2210
7915 2 2 10 4 3889 5847 5843
7916 2 2 10 4 1730 5843 1733
7917 2 2 10 4 2958 5846 3215
7918 2 2 10 4 5878 5882 2211
7919 2 2 10 4 2480 5844 1973
7920 2 2 10 4 2210 5841 3890
7921 2 2 10 4 2620 5840 3892
7922 2 2 10 4 2026 5847 3440
7923 2 2 10 4 3045 5846 2958
7924 2 2 10 4 1742 5841 1739
7925 2 2 10 4 2429 5848 1752
7926 2 2 10 4 3486 5845 5844
7927 2 2 10 4 3891 5842 3434
7928 2 2 10 4 5841 5848 3890
7929 2 2 10 4 5842 5849 3890
7930 2 2 10 4 3477 5853 1542
7931 2 2 10 4 1733 5843 2026
7932 2 2 10 4 1742 5848 5841
7933 2 2 10 4 3486 5844 2480
7934 2 2 10 4 4140 5846 3045
7935 2 2 10 4 3440 5847 3443
7936 2 2 10 4 3443 5850 3896
7937 2 2 10 4 1752 5848 1742
7938 2 2 10 4 3895 5850 3889
7939 2 2 10 4 2725 5849 3339
7940 2 2 10 4 2630 5852 2631
7941 2 2 10 4 3077 5851 2516
7942 2 2 10 4 3889 5850 5847
7943 2 2 10 4 3194 5852 2630
7944 2 2 10 4 2042 5874 2373
7945 2 2 10 4 2441 5855 2442
7946 2 2 10 4 3891 5849 5842
7947 2 2 10 4 1543 5853 2035
7948 2 2 10 4 5892 5896 2206
7949 2 2 10 4 3917 5854 2665
7950 2 2 10 4 5847 5850 3443
7951 2 2 10 4 3607 5851 3077
7952 2 2 10 4 2665 5854 3033
7953 2 2 10 4 4177 5852 3194
7954 2 2 10 4 3021 5855 2441
7955 2 2 10 4 4640 5414 4639
7956 2 2 10 4 2035 5853 2444
7957 2 2 10 4 3539 5856 3480
7958 2 2 10 4 1529 5857 1123
7959 2 2 10 4 2442 5855 3277
7960 2 2 10 4 3033 5854 3147
7961 2 2 10 4 2027 5857 3930
7962 2 2 10 4 1123 5857 1274
7963 2 2 10 4 5871 5873 3453
7964 2 2 10 4 3882 5855 3021
7965 2 2 10 4 3233 5858 3230
7966 2 2 10 4 3475 5868 5862
7967 2 2 10 4 3230 5858 3848
7968 2 2 10 4 3539 5861 5856
7969 2 2 10 4 2088 5860 2562
7970 2 2 10 4 1941 5859 1944
7971 2 2 10 4 710 5863 720
7972 2 2 10 4 3480 5856 3477
7973 2 2 10 4 2090 5860 2088
7974 2 2 10 4 1722 5880 1721
7975 2 2 10 4 5853 5856 2444
7976 2 2 10 4 3477 5856 5853
7977 2 2 10 4 1274 5857 2027
7978 2 2 10 4 712 5863 710
7979 2 2 10 4 1944 5859 2336
7980 2 2 10 4 4362 5858 3233
7981 2 2 10 4 2311 5860 2090
7982 2 2 10 4 5856 5861 2444
7983 2 2 10 4 1726 5867 1740
7984 2 2 10 4 2562 5860 3475
7985 2 2 10 4 4095 5868 5833
7986 2 2 10 4 2444 5861 5812
7987 2 2 10 4 4096 5862 4095
7988 2 2 10 4 4638 4640 4639
7989 2 2 10 4 2311 5868 5860
7990 2 2 10 4 1718 5864 1717
7991 2 2 10 4 5860 5868 3475
7992 2 2 10 4 1931 5888 1932
7993 2 2 10 4 2520 5870 2974
7994 2 2 10 4 1083 5889 1071
7995 2 2 10 4 2145 5863 712
7996 2 2 10 4 1729 5864 1718
7997 2 2 10 4 3082 5870 2520
7998 2 2 10 4 2203 5871 1125
7999 2 2 10 4 1740 5867 3967
8000 2 2 10 4 1975 5871 3453
8001 2 2 10 4 3882 5866 5855
8002 2 2 10 4 5855 5866 3277
8003 2 2 10 4 5833 5868 2311
8004 2 2 10 4 1125 5871 1127
8005 2 2 10 4 2203 5873 5871
8006 2 2 10 4 5857 5869 3930
8007 2 2 10 4 2373 5874 2443
8008 2 2 10 4 1529 5869 5857
8009 2 2 10 4 3740 5870 3082
8010 2 2 10 4 1792 5875 1518
8011 2 2 10 4 1127 5871 1975
8012 2 2 10 4 5840 5875 3892
8013 2 2 10 4 1057 5894 1069
8014 2 2 10 4 1518 5875 1520
8015 2 2 10 4 4638 4639 4636
8016 2 2 10 4 3453 5873 3455
8017 2 2 10 4 2443 5874 3467
8018 2 2 10 4 1520 5875 5840
8019 2 2 10 4 1921 5898 1930
8020 2 2 10 4 3460 5876 2352
8021 2 2 10 4 1940 5878 2211
8022 2 2 10 4 5830 5878 1946
8023 2 2 10 4 1942 5878 1940
8024 2 2 10 4 5824 5880 2039
8025 2 2 10 4 1725 5880 1722
8026 2 2 10 4 5875 5876 3892
8027 2 2 10 4 3460 5881 5876
8028 2 2 10 4 3459 5882 5830
8029 2 2 10 4 2613 5879 2884
8030 2 2 10 4 4635 4638 4636
8031 2 2 10 4 2507 5877 2511
8032 2 2 10 4 2671 5884 2205
8033 2 2 10 4 1792 5876 5875
8034 2 2 10 4 2352 5876 1792
8035 2 2 10 4 2664 5879 2613
8036 2 2 10 4 3764 5881 3460
8037 2 2 10 4 3462 5885 5824
8038 2 2 10 4 2205 5884 3146
8039 2 2 10 4 2426 5886 2427
8040 2 2 10 4 2511 5877 2733
8041 2 2 10 4 3381 5879 2664
8042 2 2 10 4 5876 5881 3892
8043 2 2 10 4 3764 5883 5881
8044 2 2 10 4 1946 5878 1942
8045 2 2 10 4 2884 5879 3844
8046 2 2 10 4 3893 5887 1273
8047 2 2 10 4 2039 5880 1725
8048 2 2 10 4 5845 5889 5844
8049 2 2 10 4 1932 5888 1935
8050 2 2 10 4 1126 5889 1083
8051 2 2 10 4 3892 5881 2997
8052 2 2 10 4 3691 5882 3459
8053 2 2 10 4 1121 5887 1120
8054 2 2 10 4 5881 5883 2997
8055 2 2 10 4 1120 5887 2142
8056 2 2 10 4 2997 5883 3403
8057 2 2 10 4 3146 5884 4048
8058 2 2 10 4 5720 5885 3462
8059 2 2 10 4 1507 5912 1509
8060 2 2 10 4 2427 5886 2486
8061 2 2 10 4 1273 5887 1121
8062 2 2 10 4 1935 5888 2061
8063 2 2 10 4 5844 5889 1126
8064 2 2 10 4 2534 5891 3271
8065 2 2 10 4 4622 5250 4623
8066 2 2 10 4 4634 4637 4631
8067 2 2 10 4 4635 4636 4633
8068 2 2 10 4 2204 5892 2206
8069 2 2 10 4 3893 5891 5887
8070 2 2 10 4 3850 5892 3231
8071 2 2 10 4 2551 5892 2204
8072 2 2 10 4 2281 5893 3019
8073 2 2 10 4 2285 5893 2282
8074 2 2 10 4 1069 5894 1122
8075 2 2 10 4 2041 5897 1714
8076 2 2 10 4 3852 5896 3850
8077 2 2 10 4 2667 5890 3886
8078 2 2 10 4 5891 5895 3271
8079 2 2 10 4 5887 5891 2142
8080 2 2 10 4 1727 5897 3895
8081 2 2 10 4 2669 5890 2667
8082 2 2 10 4 3271 5895 3835
8083 2 2 10 4 1714 5897 1716
8084 2 2 10 4 2142 5891 2534
8085 2 2 10 4 3231 5892 2551
8086 2 2 10 4 3893 5895 5891
8087 2 2 10 4 2282 5893 2281
8088 2 2 10 4 1122 5894 2656
8089 2 2 10 4 3894 5895 3893
8090 2 2 10 4 5808 5896 3852
8091 2 2 10 4 1930 5898 1941
8092 2 2 10 4 2040 5957 1519
8093 2 2 10 4 1716 5897 1727
8094 2 2 10 4 706 5899 2042
8095 2 2 10 4 2631 5900 2296
8096 2 2 10 4 1706 5921 1705
8097 2 2 10 4 1515 5957 1514
8098 2 2 10 4 4622 4623 4619
8099 2 2 10 4 4672 4677 4671
8100 2 2 10 4 4670 4680 4672
8101 2 2 10 4 4633 4634 4631
8102 2 2 10 4 4630 4635 4633
8103 2 2 10 4 1967 5925 1965
8104 2 2 10 4 2604 5917 5916
8105 2 2 10 4 708 5899 706
8106 2 2 10 4 720 5899 708
8107 2 2 10 4 1941 5898 5859
8108 2 2 10 4 5897 5900 3895
8109 2 2 10 4 5850 5901 3896
8110 2 2 10 4 2631 5901 5900
8111 2 2 10 4 1519 5957 1515
8112 2 2 10 4 2042 5899 5874
8113 2 2 10 4 2160 5902 2201
8114 2 2 10 4 5674 5902 5761
8115 2 2 10 4 5761 5902 2162
8116 2 2 10 4 3467 5905 3469
8117 2 2 10 4 3473 5906 2087
8118 2 2 10 4 2041 5900 5897
8119 2 2 10 4 2296 5900 2041
8120 2 2 10 4 2505 5904 2507
8121 2 2 10 4 3896 5907 3897
8122 2 2 10 4 1970 5906 1969
8123 2 2 10 4 3469 5911 3471
8124 2 2 10 4 1270 5908 3476
8125 2 2 10 4 720 5905 5899
8126 2 2 10 4 2509 5904 2505
8127 2 2 10 4 3478 5915 5914
8128 2 2 10 4 1969 5906 2337
8129 2 2 10 4 5900 5901 3895
8130 2 2 10 4 5899 5905 5874
8131 2 2 10 4 1265 5908 1266
8132 2 2 10 4 5901 5907 3896
8133 2 2 10 4 5907 5910 3897
8134 2 2 10 4 2974 5904 2509
8135 2 2 10 4 2076 5908 1265
8136 2 2 10 4 3895 5901 5850
8137 2 2 10 4 5911 5913 3471
8138 2 2 10 4 3897 5910 4546
8139 2 2 10 4 2162 5902 2160
8140 2 2 10 4 5874 5905 3467
8141 2 2 10 4 2507 5904 5877
8142 2 2 10 4 4703 5909 4696
8143 2 2 10 4 2045 5912 3485
8144 2 2 10 4 1509 5912 1517
8145 2 2 10 4 2087 5906 1970
8146 2 2 10 4 4630 4633 4631
8147 2 2 10 4 4670 4672 4671
8148 2 2 10 4 4621 4622 4619
8149 2 2 10 4 5905 5911 3469
8150 2 2 10 4 2631 5907 5901
8151 2 2 10 4 5852 5907 2631
8152 2 2 10 4 1266 5908 1270
8153 2 2 10 4 4711 5909 4703
8154 2 2 10 4 5852 5910 5907
8155 2 2 10 4 3478 5914 3473
8156 2 2 10 4 3473 5914 5906
8157 2 2 10 4 4177 5910 5852
8158 2 2 10 4 5863 5911 720
8159 2 2 10 4 5914 5915 2722
8160 2 2 10 4 3479 5917 3481
8161 2 2 10 4 3476 5916 3479
8162 2 2 10 4 720 5911 5905
8163 2 2 10 4 5863 5913 5911
8164 2 2 10 4 5908 5916 3476
8165 2 2 10 4 5906 5914 2337
8166 2 2 10 4 1517 5912 2045
8167 2 2 10 4 5720 5923 5921
8168 2 2 10 4 2145 5913 5863
8169 2 2 10 4 2788 2789 2787
8170 2 2 10 4 2337 5914 2722
8171 2 2 10 4 1652 1654 1653
8172 2 2 10 4 2076 5916 5908
8173 2 2 10 4 806 808 807
8174 2 2 10 4 4266 5915 3478
8175 2 2 10 4 2604 5916 2076
8176 2 2 10 4 2605 5918 2604
8177 2 2 10 4 3847 5919 2609
8178 2 2 10 4 5667 5929 2129
8179 2 2 10 4 2008 5570 2010
8180 2 2 10 4 3481 5917 4305
8181 2 2 10 4 2663 5919 3917
8182 2 2 10 4 3985 3987 3986
8183 2 2 10 4 2609 5919 2611
8184 2 2 10 4 1656 1658 1657
8185 2 2 10 4 5720 5921 5885
8186 2 2 10 4 1721 5921 1706
8187 2 2 10 4 3215 5918 2605
8188 2 2 10 4 2604 5918 5917
8189 2 2 10 4 4618 4621 4619
8190 2 2 10 4 4670 4671 4669
8191 2 2 10 4 4691 5575 4689
8192 2 2 10 4 4630 4631 4629
8193 2 2 10 4 1412 1413 1411
8194 2 2 10 4 2011 5570 2008
8195 2 2 10 4 1056 5924 1058
8196 2 2 10 4 829 832 831
8197 2 2 10 4 5921 5923 1705
8198 2 2 10 4 1262 5922 1256
8199 2 2 10 4 4655 6614 500
8200 2 2 10 4 5917 5918 4305
8201 2 2 10 4 2611 5919 2663
8202 2 2 10 4 3718 5924 2044
8203 2 2 10 4 4841 6972 3808
8204 2 2 10 4 1506 5936 1507
8205 2 2 10 4 2709 3132 2708
8206 2 2 10 4 3525 5925 2473
8207 2 2 10 4 1068 5924 1056
8208 2 2 10 4 1971 5925 1967
8209 2 2 10 4 1917 5927 2046
8210 2 2 10 4 1060 5928 1078
8211 2 2 10 4 5885 5921 1721
8212 2 2 10 4 1267 5922 1262
8213 2 2 10 4 3543 4133 3542
8214 2 2 10 4 4009 5927 1933
8215 2 2 10 4 5845 5928 5889
8216 2 2 10 4 3197 3482 2527
8217 2 2 10 4 1925 5927 1917
8218 2 2 10 4 1071 5928 1060
8219 2 2 10 4 1055 5668 1070
8220 2 2 10 4 4212 4214 4213
8221 2 2 10 4 1749 5929 5681
8222 2 2 10 4 2129 5929 1786
8223 2 2 10 4 1810 1812 1811
8224 2 2 10 4 1915 5926 1921
8225 2 2 10 4 1646 1648 1647
8226 2 2 10 4 1436 1438 1437
8227 2 2 10 4 4093 4273 4272
8228 2 2 10 4 3489 5923 5720
8229 2 2 10 4 1705 5941 1695
8230 2 2 10 4 2762 2764 2763
8231 2 2 10 4 3565 5930 3566
8232 2 2 10 4 1658 1666 1659
8233 2 2 10 4 3593 6521 3591
8234 2 2 10 4 3232 6179 4601
8235 2 2 10 4 2044 5924 1068
8236 2 2 10 4 1160 2307 1783
8237 2 2 10 4 2473 5925 1971
8238 2 2 10 4 1921 5926 5898
8239 2 2 10 4 766 767 765
8240 2 2 10 4 5659 6150 6084
8241 2 2 10 4 1838 1839 1837
8242 2 2 10 4 799 801 800
8243 2 2 10 4 1933 5927 1925
8244 2 2 10 4 5889 5928 1071
8245 2 2 10 4 3551 6168 947
8246 2 2 10 4 3574 3576 3575
8247 2 2 10 4 2412 5975 5953
8248 2 2 10 4 529 4670 4669
8249 2 2 10 4 592 4630 4629
8250 2 2 10 4 4618 4619 4617
8251 2 2 10 4 613 4691 4689
8252 2 2 10 4 4689 4690 4688
8253 2 2 10 4 648 5551 4767
8254 2 2 10 4 4629 4632 4628
8255 2 2 10 4 4669 4673 4668
8256 2 2 10 4 589 4620 4618
8257 2 2 10 4 1540 5964 1074
8258 2 2 10 4 1786 5929 1749
8259 2 2 10 4 2655 5938 2670
8260 2 2 10 4 3665 5660 3667
8261 2 2 10 4 4002 4003 4001
8262 2 2 10 4 1008 1019 1009
8263 2 2 10 4 3929 4128 3193
8264 2 2 10 4 5137 5140 5139
8265 2 2 10 4 1507 5936 5912
8266 2 2 10 4 1048 1054 1049
8267 2 2 10 4 5608 6608 6549
8268 2 2 10 4 4368 5930 3565
8269 2 2 10 4 4186 4187 4185
8270 2 2 10 4 1883 1885 1884
8271 2 2 10 4 3301 3772 2495
8272 2 2 10 4 5923 5941 1705
8273 2 2 10 4 1881 1883 1882
8274 2 2 10 4 1914 1915 1913
8275 2 2 10 4 5623 6724 2937
8276 2 2 10 4 4122 4123 3499
8277 2 2 10 4 5523 6997 4295
8278 2 2 10 4 2704 5947 3742
8279 2 2 10 4 3245 5947 2702
8280 2 2 10 4 5845 5938 5928
8281 2 2 10 4 3487 5949 3486
8282 2 2 10 4 695 7090 4509
8283 2 2 10 4 1589 1590 1588
8284 2 2 10 4 5938 5949 2670
8285 2 2 10 4 4142 6883 6809
8286 2 2 10 4 4696 5942 4695
8287 2 2 10 4 2720 2721 2011
8288 2 2 10 4 1650 1652 1651
8289 2 2 10 4 1309 1311 1310
8290 2 2 10 4 4616 6798 2302
8291 2 2 10 4 2940 6050 2936
8292 2 2 10 4 3195 3197 2527
8293 2 2 10 4 1885 1887 1886
8294 2 2 10 4 4695 5942 4698
8295 2 2 10 4 1879 1881 1880
8296 2 2 10 4 5912 5936 3485
8297 2 2 10 4 2397 2729 2728
8298 2 2 10 4 5928 5938 1078
8299 2 2 10 4 1078 5938 2655
8300 2 2 10 4 2859 2861 2860
8301 2 2 10 4 1696 1697 1695
8302 2 2 10 4 1965 5998 1682
8303 2 2 10 4 1285 1286 1284
8304 2 2 10 4 3458 3509 3457
8305 2 2 10 4 4404 5931 3907
8306 2 2 10 4 2412 5953 2194
8307 2 2 10 4 5683 5953 4002
8308 2 2 10 4 2192 5953 5683
8309 2 2 10 4 4256 5782 3421
8310 2 2 10 4 2912 5989 2913
8311 2 2 10 4 3508 5956 702
8312 2 2 10 4 1808 1810 1809
8313 2 2 10 4 817 819 818
8314 2 2 10 4 733 735 734
8315 2 2 10 4 2343 3503 2977
8316 2 2 10 4 4698 5942 4714
8317 2 2 10 4 4970 4976 4975
8318 2 2 10 4 2461 2463 2462
8319 2 2 10 4 1693 5941 2052
8320 2 2 10 4 2685 3014 2686
8321 2 2 10 4 3397 3743 3395
8322 2 2 10 4 707 5956 2051
8323 2 2 10 4 1695 5941 1693
8324 2 2 10 4 5845 5949 5938
8325 2 2 10 4 702 5956 704
8326 2 2 10 4 3871 3872 3870
8327 2 2 10 4 3492 4144 3491
8328 2 2 10 4 3487 5954 5949
8329 2 2 10 4 3131 6101 5604
8330 2 2 10 4 5909 5942 4696
8331 2 2 10 4 1213 1214 1212
8332 2 2 10 4 1767 5378 1765
8333 2 2 10 4 1097 1099 1098
8334 2 2 10 4 1272 2679 1267
8335 2 2 10 4 4300 6021 5631
8336 2 2 10 4 1666 1675 1667
8337 2 2 10 4 5368 7162 5369
8338 2 2 10 4 2023 6015 1655
8339 2 2 10 4 5953 5975 4002
8340 2 2 10 4 909 911 910
8341 2 2 10 4 2702 5947 2704
8342 2 2 10 4 1024 1048 1025
8343 2 2 10 4 2679 5922 1267
8344 2 2 10 4 5625 5626 5624
8345 2 2 10 4 4582 4583 4581
8346 2 2 10 4 1619 1622 1618
8347 2 2 10 4 3486 5949 5845
8348 2 2 10 4 5244 5248 5246
8349 2 2 10 4 2923 2931 2920
8350 2 2 10 4 3510 5961 5680
8351 2 2 10 4 832 834 833
8352 2 2 10 4 5680 5961 5893
8353 2 2 10 4 4810 6539 6474
8354 2 2 10 4 1648 1650 1649
8355 2 2 10 4 2209 3957 3956
8356 2 2 10 4 5063 7404 5061
8357 2 2 10 4 1414 1415 1413
8358 2 2 10 4 3506 5965 3489
8359 2 2 10 4 4338 4339 4337
8360 2 2 10 4 5106 5108 1761
8361 2 2 10 4 2790 2791 2789
8362 2 2 10 4 1496 1501 1495
8363 2 2 10 4 4586 7239 4585
8364 2 2 10 4 3912 5999 5676
8365 2 2 10 4 592 4629 4628
8366 2 2 10 4 648 4767 4766
8367 2 2 10 4 498 4740 4737
8368 2 2 10 4 529 4669 4668
8369 2 2 10 4 506 5349 4731
8370 2 2 10 4 613 4689 4688
8371 2 2 10 4 644 5036 4780
8372 2 2 10 4 589 4618 4617
8373 2 2 10 4 3845 6742 4812
8374 2 2 10 4 871 872 870
8375 2 2 10 4 5721 5997 3196
8376 2 2 10 4 3748 5997 5721
8377 2 2 10 4 2157 5970 1938
8378 2 2 10 4 1936 5970 5677
8379 2 2 10 4 5677 5970 5678
8380 2 2 10 4 935 936 934
8381 2 2 10 4 1614 6906 6687
8382 2 2 10 4 4214 4216 4215
8383 2 2 10 4 2764 2766 2765
8384 2 2 10 4 1438 1440 1439
8385 2 2 10 4 3272 4091 4045
8386 2 2 10 4 294 4793 295
8387 2 2 10 4 482 614 483
8388 2 2 10 4 303 652 304
8389 2 2 10 4 398 555 399
8390 2 2 10 4 485 616 486
8391 2 2 10 4 454 4665 455
8392 2 2 10 4 327 569 328
8393 2 2 10 4 427 500 428
8394 2 2 10 4 300 4651 301
8395 2 2 10 4 367 514 368
8396 2 2 10 4 325 4821 326
8397 2 2 10 4 381 636 382
8398 2 2 10 4 420 4650 421
8399 2 2 10 4 293 502 294
8400 2 2 10 4 334 612 335
8401 2 2 10 4 297 508 298
8402 2 2 10 4 401 4645 402
8403 2 2 10 4 319 632 320
8404 2 2 10 4 423 506 424
8405 2 2 10 4 361 646 362
8406 2 2 10 4 386 558 5
8407 2 2 10 4 338 4811 339
8408 2 2 10 4 425 626 426
8409 2 2 10 4 419 512 420
8410 2 2 10 4 470 4841 471
8411 2 2 10 4 291 648 292
8412 2 2 10 4 324 557 325
8413 2 2 10 4 349 575 350
8414 2 2 10 4 355 554 356
8415 2 2 10 4 453 505 454
8416 2 2 10 4 345 4724 346
8417 2 2 10 4 429 639 430
8418 2 2 10 4 5 4661 283
8419 2 2 10 4 457 511 458
8420 2 2 10 4 488 617 489
8421 2 2 10 4 311 653 312
8422 2 2 10 4 415 526 416
8423 2 2 10 4 364 4840 365
8424 2 2 10 4 438 560 439
8425 2 2 10 4 468 4775 469
8426 2 2 10 4 369 650 370
8427 2 2 10 4 404 625 405
8428 2 2 10 4 299 621 300
8429 2 2 10 4 449 499 450
8430 2 2 10 4 373 622 374
8431 2 2 10 4 477 628 478
8432 2 2 10 4 478 5621 479
8433 2 2 10 4 309 530 310
8434 2 2 10 4 383 496 384
8435 2 2 10 4 352 566 353
8436 2 2 10 4 283 644 284
8437 2 2 10 4 356 4624 357
8438 2 2 10 4 460 5255 461
8439 2 2 10 4 285 495 286
8440 2 2 10 4 472 564 473
8441 2 2 10 4 455 624 456
8442 2 2 10 4 348 4797 349
8443 2 2 10 4 371 507 372
8444 2 2 10 4 475 573 476
8445 2 2 10 4 394 4802 395
8446 2 2 10 4 314 5235 315
8447 2 2 10 4 380 4732 381
8448 2 2 10 4 418 4768 419
8449 2 2 10 4 296 4815 297
8450 2 2 10 4 317 509 318
8451 2 2 10 4 421 647 422
8452 2 2 10 4 445 494 446
8453 2 2 10 4 464 623 465
8454 2 2 10 4 290 4776 291
8455 2 2 10 4 339 4625 340
8456 2 2 10 4 379 491 380
8457 2 2 10 4 431 493 432
8458 2 2 10 4 375 501 376
8459 2 2 10 4 337 615 338
8460 2 2 10 4 347 4823 348
8461 2 2 10 4 357 627 358
8462 2 2 10 4 440 4812 441
8463 2 2 10 4 346 593 347
8464 2 2 10 4 316 4692 317
8465 2 2 10 4 333 5034 334
8466 2 2 10 4 388 4796 389
8467 2 2 10 4 443 642 444
8468 2 2 10 4 365 634 366
8469 2 2 10 4 459 633 460
8470 2 2 10 4 471 5612 472
8471 2 2 10 4 474 4826 475
8472 2 2 10 4 313 520 314
8473 2 2 10 4 385 4653 386
8474 2 2 10 4 417 649 418
8475 2 2 10 4 441 498 442
8476 2 2 10 4 289 492 290
8477 2 2 10 4 302 5331 303
8478 2 2 10 4 340 618 341
8479 2 2 10 4 406 518 407
8480 2 2 10 4 377 640 378
8481 2 2 10 4 481 4807 482
8482 2 2 10 4 305 528 306
8483 2 2 10 4 359 513 360
8484 2 2 10 4 409 5622 410
8485 2 2 10 4 287 651 288
8486 2 2 10 4 315 638 316
8487 2 2 10 4 331 589 332
8488 2 2 10 4 321 541 322
8489 2 2 10 4 469 559 470
8490 2 2 10 4 362 4667 363
8491 2 2 10 4 466 522 467
8492 2 2 10 4 363 527 364
8493 2 2 10 4 467 5256 468
8494 2 2 10 4 301 516 302
8495 2 2 10 4 399 4813 400
8496 2 2 10 4 405 4794 406
8497 2 2 10 4 326 4642 327
8498 2 2 10 4 307 645 308
8499 2 2 10 4 320 4817 321
8500 2 2 10 4 389 591 390
8501 2 2 10 4 329 654 330
8502 2 2 10 4 343 613 344
8503 2 2 10 4 433 641 434
8504 2 2 10 4 447 635 448
8505 2 2 10 4 479 592 480
8506 2 2 10 4 435 497 436
8507 2 2 10 4 437 4728 438
8508 2 2 10 4 461 525 462
8509 2 2 10 4 318 4719 319
8510 2 2 10 4 295 643 296
8511 2 2 10 4 451 637 452
8512 2 2 10 4 392 576 393
8513 2 2 10 4 436 4805 437
8514 2 2 10 4 416 4819 417
8515 2 2 10 4 306 5234 307
8516 2 2 10 4 410 529 411
8517 2 2 10 4 298 4656 299
8518 2 2 10 4 402 510 403
8519 2 2 10 4 426 4655 427
8520 2 2 10 4 308 4748 309
8521 2 2 10 4 412 630 413
8522 2 2 10 4 304 4784 305
8523 2 2 10 4 408 629 409
8524 2 2 10 4 310 5332 311
8525 2 2 10 4 395 565 396
8526 2 2 10 4 400 631 401
8527 2 2 10 4 6 596 387
8528 2 2 10 4 2656 2657 1529
8529 2 2 10 4 2657 5869 1529
8530 2 2 10 4 3483 3484 3482
8531 2 2 10 4 4985 6006 4982
8532 2 2 10 4 4206 6032 4208
8533 2 2 10 4 2497 2653 2335
8534 2 2 10 4 1514 5957 3507
8535 2 2 10 4 2681 2973 2393
8536 2 2 10 4 5293 7608 3149
8537 2 2 10 4 3576 3624 3577
8538 2 2 10 4 801 804 803
8539 2 2 10 4 3336 6119 4070
8540 2 2 10 4 3261 3510 2541
8541 2 2 10 4 2194 5953 2192
8542 2 2 10 4 5782 5975 2412
8543 2 2 10 4 807 5458 805
8544 2 2 10 4 3827 5986 3865
8545 2 2 10 4 99 690 98
8546 2 2 10 4 101 610 100
8547 2 2 10 4 104 607 103
8548 2 2 10 4 97 605 96
8549 2 2 10 4 102 5943 101
8550 2 2 10 4 98 5944 97
8551 2 2 10 4 100 5945 99
8552 2 2 10 4 5949 5954 2670
8553 2 2 10 4 2670 5954 3119
8554 2 2 10 4 4064 7052 5530
8555 2 2 10 4 1502 1504 1501
8556 2 2 10 4 164 611 163
8557 2 2 10 4 161 608 160
8558 2 2 10 4 167 606 166
8559 2 2 10 4 3240 5995 3884
8560 2 2 10 4 4369 4569 3312
8561 2 2 10 4 827 829 828
8562 2 2 10 4 1840 1841 1839
8563 2 2 10 4 3383 3584 2734
8564 2 2 10 4 1263 1562 1560
8565 2 2 10 4 3527 5988 2501
8566 2 2 10 4 1019 5547 1020
8567 2 2 10 4 2783 5983 2842
8568 2 2 10 4 5701 6818 5699
8569 2 2 10 4 523 7052 4585
8570 2 2 10 4 4188 4189 4187
8571 2 2 10 4 3670 6046 3668
8572 2 2 10 4 2839 6001 2767
8573 2 2 10 4 3968 3969 2139
8574 2 2 10 4 6079 6365 4234
8575 2 2 10 4 620 5312 205
8576 2 2 10 4 1887 1889 1888
8577 2 2 10 4 704 5956 707
8578 2 2 10 4 3243 3244 2571
8579 2 2 10 4 1591 1592 1590
8580 2 2 10 4 1664 1668 1661
8581 2 2 10 4 2062 4252 4251
8582 2 2 10 4 566 4626 353
8583 2 2 10 4 500 4733 428
8584 2 2 10 4 592 4628 480
8585 2 2 10 4 541 4652 322
8586 2 2 10 4 648 4766 292
8587 2 2 10 4 496 4687 384
8588 2 2 10 4 589 4617 332
8589 2 2 10 4 623 699 465
8590 2 2 10 4 493 4681 432
8591 2 2 10 4 499 4736 450
8592 2 2 10 4 647 4804 422
8593 2 2 10 4 511 4741 458
8594 2 2 10 4 495 4783 286
8595 2 2 10 4 573 4664 476
8596 2 2 10 4 640 4785 378
8597 2 2 10 4 569 4777 328
8598 2 2 10 4 506 4731 424
8599 2 2 10 4 513 4686 360
8600 2 2 10 4 641 4789 434
8601 2 2 10 4 624 4734 456
8602 2 2 10 4 525 4641 462
8603 2 2 10 4 498 4737 442
8604 2 2 10 4 636 4660 382
8605 2 2 10 4 644 4780 284
8606 2 2 10 4 637 4795 452
8607 2 2 10 4 613 4688 344
8608 2 2 10 4 635 4662 448
8609 2 2 10 4 651 4723 288
8610 2 2 10 4 642 4786 444
8611 2 2 10 4 529 4668 411
8612 2 2 10 4 654 5216 330
8613 2 2 10 4 622 4788 374
8614 2 2 10 4 618 4810 341
8615 2 2 10 4 494 4729 446
8616 2 2 10 4 501 4727 376
8617 2 2 10 4 337 5640 615
8618 2 2 10 4 653 4803 312
8619 2 2 10 4 1311 1313 1312
8620 2 2 10 4 1319 6413 3320
8621 2 2 10 4 2729 3555 3554
8622 2 2 10 4 4895 4896 4894
8623 2 2 10 4 1054 5668 1055
8624 2 2 10 4 3484 5980 5667
8625 2 2 10 4 2336 5859 3168
8626 2 2 10 4 770 771 769
8627 2 2 10 4 5656 7296 3229
8628 2 2 10 4 2506 5988 3115
8629 2 2 10 4 7465 7646 6248
8630 2 2 10 4 735 737 736
8631 2 2 10 4 1911 1914 1913
8632 2 2 10 4 3348 4068 3670
8633 2 2 10 4 6093 6146 1987
8634 2 2 10 4 1541 6020 4179
8635 2 2 10 4 6073 6190 966
8636 2 2 10 4 3912 6023 5999
8637 2 2 10 4 2861 2863 2862
8638 2 2 10 4 4989 4992 4991
8639 2 2 10 4 1287 1288 1286
8640 2 2 10 4 2954 2955 2940
8641 2 2 10 4 2501 5988 2503
8642 2 2 10 4 2463 2465 2464
8643 2 2 10 4 5795 7124 3198
8644 2 2 10 4 5417 6410 1525
8645 2 2 10 4 5626 5627 3284
8646 2 2 10 4 5459 6104 5460
8647 2 2 10 4 5778 5993 2277
8648 2 2 10 4 2275 5993 2661
8649 2 2 10 4 3868 5992 5674
8650 2 2 10 4 5374 7497 4267
8651 2 2 10 4 4400 4401 4399
8652 2 2 10 4 5674 5992 5902
8653 2 2 10 4 4041 4514 2914
8654 2 2 10 4 5226 6706 1531
8655 2 2 10 4 2116 6175 2445
8656 2 2 10 4 5923 5965 5941
8657 2 2 10 4 2623 7464 5725
8658 2 2 10 4 5998 6104 5459
8659 2 2 10 4 5676 5999 1947
8660 2 2 10 4 3699 6176 2540
8661 2 2 10 4 4596 7230 3926
8662 2 2 10 4 4002 5975 4003
8663 2 2 10 4 1947 5999 1951
8664 2 2 10 4 772 773 771
8665 2 2 10 4 1057 6025 5894
8666 2 2 10 4 5675 6000 2250
8667 2 2 10 4 5941 5965 2052
8668 2 2 10 4 2250 6000 2252
8669 2 2 10 4 2606 6003 2959
8670 2 2 10 4 3397 6551 3744
8671 2 2 10 4 1178 7635 4598
8672 2 2 10 4 5893 5961 3019
8673 2 2 10 4 4836 7384 2523
8674 2 2 10 4 1003 6242 1007
8675 2 2 10 4 6727 6736 4643
8676 2 2 10 4 911 913 912
8677 2 2 10 4 1719 5903 1720
8678 2 2 10 4 2521 6010 3738
8679 2 2 10 4 3115 6010 2510
8680 2 2 10 4 1720 5903 1723
8681 2 2 10 4 1623 1638 1622
8682 2 2 10 4 937 938 936
8683 2 2 10 4 834 836 835
8684 2 2 10 4 5667 5980 5929
8685 2 2 10 4 2792 2793 2791
8686 2 2 10 4 5837 5963 3503
8687 2 2 10 4 2535 5963 5837
8688 2 2 10 4 5463 6002 5466
8689 2 2 10 4 1877 1879 1878
8690 2 2 10 4 3974 6017 5673
8691 2 2 10 4 5658 6084 2201
8692 2 2 10 4 3886 6051 5634
8693 2 2 10 4 1713 6014 2055
8694 2 2 10 4 4255 4256 3421
8695 2 2 10 4 1889 1892 1890
8696 2 2 10 4 3919 6000 5675
8697 2 2 10 4 3247 6418 4029
8698 2 2 10 4 4944 7610 4943
8699 2 2 10 4 3182 3704 3703
8700 2 2 10 4 5633 6035 2078
8701 2 2 10 4 4072 6346 4073
8702 2 2 10 4 4216 4246 4245
8703 2 2 10 4 1416 1417 1415
8704 2 2 10 4 5896 6016 2206
8705 2 2 10 4 5673 6017 1743
8706 2 2 10 4 2243 6118 6076
8707 2 2 10 4 1743 6017 1753
8708 2 2 10 4 4956 4957 3127
8709 2 2 10 4 3489 5965 5923
8710 2 2 10 4 5501 6339 1987
8711 2 2 10 4 5021 6797 5129
8712 2 2 10 4 1675 1683 1676
8713 2 2 10 4 3238 3394 3237
8714 2 2 10 4 2543 5958 1021
8715 2 2 10 4 1938 5970 1936
8716 2 2 10 4 1842 1843 1841
8717 2 2 10 4 103 5959 102
8718 2 2 10 4 2766 2768 2767
8719 2 2 10 4 804 806 805
8720 2 2 10 4 806 807 805
8721 2 2 10 4 1440 1442 1441
8722 2 2 10 4 4493 4494 4339
8723 2 2 10 4 3278 4255 3421
8724 2 2 10 4 3624 3626 3625
8725 2 2 10 4 3420 5984 3223
8726 2 2 10 4 5925 5998 1965
8727 2 2 10 4 5805 6053 5773
8728 2 2 10 4 3503 5963 3721
8729 2 2 10 4 3220 6021 4300
8730 2 2 10 4 3398 6021 2632
8731 2 2 10 4 1182 1184 1183
8732 2 2 10 4 5598 6790 6729
8733 2 2 10 4 1082 1537 1124
8734 2 2 10 4 1159 6030 1157
8735 2 2 10 4 1261 5990 1269
8736 2 2 10 4 1694 1696 1695
8737 2 2 10 4 4384 6688 4204
8738 2 2 10 4 4559 4560 4294
8739 2 2 10 4 4190 4191 4189
8740 2 2 10 4 5603 5990 1255
8741 2 2 10 4 6102 7588 989
8742 2 2 10 4 2206 6016 5939
8743 2 2 10 4 5032 5974 3757
8744 2 2 10 4 3506 5994 5965
8745 2 2 10 4 624 6576 4734
8746 2 2 10 4 1703 6014 1704
8747 2 2 10 4 1655 6015 1653
8748 2 2 10 4 1313 1315 1314
8749 2 2 10 4 5969 6087 2073
8750 2 2 10 4 4738 6804 4739
8751 2 2 10 4 4685 7220 3187
8752 2 2 10 4 1593 1594 1592
8753 2 2 10 4 3456 3458 3457
8754 2 2 10 4 5325 6679 5164
8755 2 2 10 4 1672 1678 1669
8756 2 2 10 4 690 5944 98
8757 2 2 10 4 610 5945 100
8758 2 2 10 4 101 5943 610
8759 2 2 10 4 97 5944 605
8760 2 2 10 4 99 5945 690
8761 2 2 10 4 1709 5920 1708
8762 2 2 10 4 5604 5990 5603
8763 2 2 10 4 3636 7217 6338
8764 2 2 10 4 1715 5920 1709
8765 2 2 10 4 4897 4904 4896
8766 2 2 10 4 134 5531 133
8767 2 2 10 4 876 877 874
8768 2 2 10 4 4803 7479 520
8769 2 2 10 4 3665 3667 3666
8770 2 2 10 4 2863 2865 2864
8771 2 2 10 4 3761 5958 2543
8772 2 2 10 4 2707 5869 2657
8773 2 2 10 4 737 739 738
8774 2 2 10 4 5681 5980 3957
8775 2 2 10 4 3768 6728 3210
8776 2 2 10 4 5929 5980 5681
8777 2 2 10 4 1289 1290 1288
8778 2 2 10 4 1255 5990 1261
8779 2 2 10 4 2343 2977 2344
8780 2 2 10 4 5372 7438 5409
8781 2 2 10 4 2055 6033 2297
8782 2 2 10 4 3226 3227 2955
8783 2 2 10 4 2078 6035 2080
8784 2 2 10 4 5018 5020 5016
8785 2 2 10 4 3901 6014 1703
8786 2 2 10 4 3326 4849 4848
8787 2 2 10 4 5664 6260 6158
8788 2 2 10 4 2465 2695 2694
8789 2 2 10 4 2811 6523 2809
8790 2 2 10 4 1165 6027 1164
8791 2 2 10 4 5175 6202 1795
8792 2 2 10 4 5340 7370 7335
8793 2 2 10 4 3524 6036 5635
8794 2 2 10 4 3586 3645 3617
8795 2 2 10 4 2310 7502 4504
8796 2 2 10 4 6968 7146 5343
8797 2 2 10 4 4502 7141 1238
8798 2 2 10 4 3448 5743 3449
8799 2 2 10 4 3880 5743 3448
8800 2 2 10 4 3843 4291 3841
8801 2 2 10 4 1104 1106 1105
8802 2 2 10 4 836 838 837
8803 2 2 10 4 3393 3529 3516
8804 2 2 10 4 5326 7330 3190
8805 2 2 10 4 5654 5959 607
8806 2 2 10 4 2794 2795 2793
8807 2 2 10 4 214 6013 213
8808 2 2 10 4 2542 3263 3262
8809 2 2 10 4 939 940 938
8810 2 2 10 4 2570 2571 2300
8811 2 2 10 4 913 915 914
8812 2 2 10 4 237 5565 521
8813 2 2 10 4 102 5959 5943
8814 2 2 10 4 607 5959 103
8815 2 2 10 4 1217 1218 1216
8816 2 2 10 4 4906 4907 4903
8817 2 2 10 4 5939 6016 5643
8818 2 2 10 4 4218 6139 3176
8819 2 2 10 4 2892 6121 3767
8820 2 2 10 4 3559 4602 4030
8821 2 2 10 4 1639 1660 1638
8822 2 2 10 4 1731 5865 1729
8823 2 2 10 4 1729 5865 5864
8824 2 2 10 4 3533 6076 3535
8825 2 2 10 4 1683 1688 1684
8826 2 2 10 4 5624 5626 3284
8827 2 2 10 4 1442 1444 1443
8828 2 2 10 4 2995 6031 2860
8829 2 2 10 4 3518 5750 5749
8830 2 2 10 4 5749 5750 3426
8831 2 2 10 4 2503 5988 2506
8832 2 2 10 4 1418 1419 1417
8833 2 2 10 4 69 5535 68
8834 2 2 10 4 5374 7061 5373
8835 2 2 10 4 1366 6034 1365
8836 2 2 10 4 2768 2770 2769
8837 2 2 10 4 1219 1220 1218
8838 2 2 10 4 3455 5873 3799
8839 2 2 10 4 1892 1899 1893
8840 2 2 10 4 3626 3628 3627
8841 2 2 10 4 3044 4001 3292
8842 2 2 10 4 6784 7169 5051
8843 2 2 10 4 2602 2618 2601
8844 2 2 10 4 215 6517 680
8845 2 2 10 4 1514 3507 2058
8846 2 2 10 4 5303 6356 2922
8847 2 2 10 4 5990 6056 1269
8848 2 2 10 4 507 6609 372
8849 2 2 10 4 373 6609 622
8850 2 2 10 4 1595 1596 1594
8851 2 2 10 4 3667 4352 4351
8852 2 2 10 4 5604 6101 6003
8853 2 2 10 4 1514 2058 1508
8854 2 2 10 4 5902 5992 2201
8855 2 2 10 4 4155 6544 3137
8856 2 2 10 4 2277 5993 2275
8857 2 2 10 4 7180 7341 4335
8858 2 2 10 4 4192 4193 4191
8859 2 2 10 4 2308 4007 1928
8860 2 2 10 4 17 6037 16
8861 2 2 10 4 1315 1317 1316
8862 2 2 10 4 4123 7293 6946
8863 2 2 10 4 5297 6035 5633
8864 2 2 10 4 2052 5994 3515
8865 2 2 10 4 3471 5913 3594
8866 2 2 10 4 3019 3735 3212
8867 2 2 10 4 2946 3810 2944
8868 2 2 10 4 1344 6039 1346
8869 2 2 10 4 5965 5994 2052
8870 2 2 10 4 3877 6132 2106
8871 2 2 10 4 2077 6056 2606
8872 2 2 10 4 5568 6455 1602
8873 2 2 10 4 1047 6025 1057
8874 2 2 10 4 207 6466 5647
8875 2 2 10 4 1385 1387 1386
8876 2 2 10 4 3422 6555 5036
8877 2 2 10 4 4398 4400 4399
8878 2 2 10 4 1848 1849 1847
8879 2 2 10 4 4420 4511 4510
8880 2 2 10 4 3525 5998 5925
8881 2 2 10 4 3772 6018 2495
8882 2 2 10 4 3980 5922 2679
8883 2 2 10 4 2656 3932 2658
8884 2 2 10 4 5163 6059 5254
8885 2 2 10 4 5238 5590 5236
8886 2 2 10 4 1951 5999 2151
8887 2 2 10 4 3484 6097 5980
8888 2 2 10 4 392 5982 576
8889 2 2 10 4 3727 3728 3227
8890 2 2 10 4 5464 6002 5463
8891 2 2 10 4 2252 6000 2324
8892 2 2 10 4 739 741 740
8893 2 2 10 4 2865 2867 2866
8894 2 2 10 4 2959 6003 3547
8895 2 2 10 4 1291 1292 1290
8896 2 2 10 4 5527 7150 4998
8897 2 2 10 4 1106 1108 1107
8898 2 2 10 4 6016 6044 5643
8899 2 2 10 4 5357 6083 5361
8900 2 2 10 4 3247 4029 4027
8901 2 2 10 4 3858 6062 3856
8902 2 2 10 4 3260 3264 2628
8903 2 2 10 4 3044 3292 3006
8904 2 2 10 4 2241 6118 2243
8905 2 2 10 4 2846 6116 2308
8906 2 2 10 4 5150 6040 4524
8907 2 2 10 4 4080 4081 3839
8908 2 2 10 4 5894 6025 3932
8909 2 2 10 4 3734 4538 3335
8910 2 2 10 4 776 777 775
8911 2 2 10 4 5980 6097 3957
8912 2 2 10 4 1952 6948 4884
8913 2 2 10 4 2642 6208 5241
8914 2 2 10 4 2209 3956 3955
8915 2 2 10 4 3386 7180 4335
8916 2 2 10 4 5307 6484 3997
8917 2 2 10 4 3492 4146 4145
8918 2 2 10 4 2510 6010 2521
8919 2 2 10 4 2796 2797 2795
8920 2 2 10 4 234 6083 233
8921 2 2 10 4 2307 3355 2395
8922 2 2 10 4 2891 6099 2893
8923 2 2 10 4 941 942 940
8924 2 2 10 4 2033 6067 1271
8925 2 2 10 4 1268 6067 1272
8926 2 2 10 4 1928 5926 1915
8927 2 2 10 4 3280 3281 2653
8928 2 2 10 4 838 841 839
8929 2 2 10 4 2419 3007 2016
8930 2 2 10 4 1704 6014 1713
8931 2 2 10 4 608 6008 160
8932 2 2 10 4 64 5545 63
8933 2 2 10 4 3653 3665 3655
8934 2 2 10 4 4550 7581 671
8935 2 2 10 4 1444 1446 1445
8936 2 2 10 4 915 917 916
8937 2 2 10 4 545 6517 216
8938 2 2 10 4 4466 6047 3513
8939 2 2 10 4 4041 6834 4514
8940 2 2 10 4 4787 6024 5293
8941 2 2 10 4 1420 1421 1419
8942 2 2 10 4 1045 1064 1047
8943 2 2 10 4 3683 4113 3685
8944 2 2 10 4 5999 6023 2151
8945 2 2 10 4 3278 4257 4255
8946 2 2 10 4 1100 1104 1103
8947 2 2 10 4 4161 4162 4121
8948 2 2 10 4 5604 6056 5990
8949 2 2 10 4 5808 6016 5896
8950 2 2 10 4 3928 6963 4250
8951 2 2 10 4 1221 1222 1220
8952 2 2 10 4 2770 2772 2771
8953 2 2 10 4 4178 6048 1018
8954 2 2 10 4 657 7210 7195
8955 2 2 10 4 3628 3759 3629
8956 2 2 10 4 1759 1760 1596
8957 2 2 10 4 1753 6017 1981
8958 2 2 10 4 4976 4980 4979
8959 2 2 10 4 160 6008 159
8960 2 2 10 4 3410 6677 5001
8961 2 2 10 4 1317 1319 1318
8962 2 2 10 4 3000 6751 4843
8963 2 2 10 4 7126 7651 5593
8964 2 2 10 4 3683 6259 4113
8965 2 2 10 4 3268 3746 2846
8966 2 2 10 4 3019 5961 3735
8967 2 2 10 4 141 5952 140
8968 2 2 10 4 4497 4498 4496
8969 2 2 10 4 3744 3840 3743
8970 2 2 10 4 4268 6081 3009
8971 2 2 10 4 2990 6081 3126
8972 2 2 10 4 4511 4513 4512
8973 2 2 10 4 2482 4131 3189
8974 2 2 10 4 3960 5553 4374
8975 2 2 10 4 1188 1190 1189
8976 2 2 10 4 4194 4195 4193
8977 2 2 10 4 4643 6736 569
8978 2 2 10 4 3370 7391 4235
8979 2 2 10 4 2950 3364 2948
8980 2 2 10 4 741 743 742
8981 2 2 10 4 2201 6084 2158
8982 2 2 10 4 3223 3822 3224
8983 2 2 10 4 4838 4839 4599
8984 2 2 10 4 4076 4354 3728
8985 2 2 10 4 883 884 882
8986 2 2 10 4 2689 2690 2618
8987 2 2 10 4 3283 3809 3393
8988 2 2 10 4 3517 3526 3518
8989 2 2 10 4 3517 5818 3526
8990 2 2 10 4 3516 6053 5805
8991 2 2 10 4 3645 3876 3646
8992 2 2 10 4 5566 6041 3502
8993 2 2 10 4 2906 2907 2740
8994 2 2 10 4 2867 2869 2868
8995 2 2 10 4 1108 1110 1109
8996 2 2 10 4 4992 4996 4995
8997 2 2 10 4 4626 6038 5397
8998 2 2 10 4 2632 6021 3220
8999 2 2 10 4 1293 1294 1292
9000 2 2 10 4 2342 6073 966
9001 2 2 10 4 120 5324 664
9002 2 2 10 4 2899 2900 2436
9003 2 2 10 4 2151 6023 2706
9004 2 2 10 4 2932 2941 2931
9005 2 2 10 4 2936 6050 2957
9006 2 2 10 4 1981 6093 1982
9007 2 2 10 4 1688 1690 1689
9008 2 2 10 4 2336 2497 2335
9009 2 2 10 4 2798 2799 2797
9010 2 2 10 4 4114 4420 4419
9011 2 2 10 4 4083 4527 4218
9012 2 2 10 4 943 944 942
9013 2 2 10 4 4444 4446 4445
9014 2 2 10 4 2394 2681 2393
9015 2 2 10 4 2743 6103 3229
9016 2 2 10 4 5706 6103 2745
9017 2 2 10 4 2115 5525 2113
9018 2 2 10 4 5361 5362 5359
9019 2 2 10 4 2394 3533 2682
9020 2 2 10 4 6002 6044 3860
9021 2 2 10 4 1899 1905 1900
9022 2 2 10 4 3959 7302 6371
9023 2 2 10 4 2542 3261 2541
9024 2 2 10 4 1508 5976 1505
9025 2 2 10 4 714 5991 2145
9026 2 2 10 4 917 919 918
9027 2 2 10 4 841 843 842
9028 2 2 10 4 5370 7095 5371
9029 2 2 10 4 4446 4448 4447
9030 2 2 10 4 7356 7394 5198
9031 2 2 10 4 4795 7199 6584
9032 2 2 10 4 3031 3553 3552
9033 2 2 10 4 2625 6110 5631
9034 2 2 10 4 2722 6110 2338
9035 2 2 10 4 1446 1448 1447
9036 2 2 10 4 715 716 714
9037 2 2 10 4 3847 6098 5919
9038 2 2 10 4 5164 6059 5163
9039 2 2 10 4 3252 3910 3199
9040 2 2 10 4 3670 6411 6046
9041 2 2 10 4 151 6157 150
9042 2 2 10 4 7099 7537 2930
9043 2 2 10 4 3064 3532 2908
9044 2 2 10 4 780 781 779
9045 2 2 10 4 1717 2320 1715
9046 2 2 10 4 3581 5263 4060
9047 2 2 10 4 3955 5826 5817
9048 2 2 10 4 5817 5826 2024
9049 2 2 10 4 4197 6558 5601
9050 2 2 10 4 86 6630 85
9051 2 2 10 4 1762 1763 1760
9052 2 2 10 4 4910 4911 4909
9053 2 2 10 4 1505 5976 1504
9054 2 2 10 4 3529 6053 3516
9055 2 2 10 4 3707 3883 3814
9056 2 2 10 4 2772 2774 2773
9057 2 2 10 4 3374 5461 1085
9058 2 2 10 4 4513 5533 5114
9059 2 2 10 4 1223 1225 1222
9060 2 2 10 4 5808 6044 6016
9061 2 2 10 4 1319 1321 1320
9062 2 2 10 4 1422 1423 1421
9063 2 2 10 4 1850 1851 1849
9064 2 2 10 4 4321 6428 4319
9065 2 2 10 4 5773 6053 3263
9066 2 2 10 4 2837 5323 2824
9067 2 2 10 4 3759 3826 3760
9068 2 2 10 4 3196 3747 3195
9069 2 2 10 4 782 783 781
9070 2 2 10 4 2173 4092 2054
9071 2 2 10 4 2650 6061 2677
9072 2 2 10 4 4196 4198 4195
9073 2 2 10 4 3056 4277 3058
9074 2 2 10 4 5811 6614 4655
9075 2 2 10 4 2297 6033 3398
9076 2 2 10 4 2340 6202 2851
9077 2 2 10 4 3181 3183 2953
9078 2 2 10 4 1571 1573 1572
9079 2 2 10 4 2080 6035 2671
9080 2 2 10 4 5973 6093 1981
9081 2 2 10 4 1110 1112 1111
9082 2 2 10 4 3680 4588 4406
9083 2 2 10 4 3458 4426 3509
9084 2 2 10 4 3058 6141 3060
9085 2 2 10 4 1251 1253 1249
9086 2 2 10 4 4912 4913 4911
9087 2 2 10 4 4884 6771 1237
9088 2 2 10 4 3056 6423 4277
9089 2 2 10 4 2691 2692 2690
9090 2 2 10 4 743 745 744
9091 2 2 10 4 4980 4982 4981
9092 2 2 10 4 3011 3204 2904
9093 2 2 10 4 3407 4138 3406
9094 2 2 10 4 1490 6305 5126
9095 2 2 10 4 1391 1393 1392
9096 2 2 10 4 5869 6155 3930
9097 2 2 10 4 1914 1928 1915
9098 2 2 10 4 1295 1296 1294
9099 2 2 10 4 559 6972 4841
9100 2 2 10 4 1766 1767 1765
9101 2 2 10 4 3967 3968 2139
9102 2 2 10 4 4478 6079 4234
9103 2 2 10 4 3060 3960 3062
9104 2 2 10 4 5552 6036 3524
9105 2 2 10 4 2869 2871 2870
9106 2 2 10 4 1573 1575 1574
9107 2 2 10 4 2801 2802 2799
9108 2 2 10 4 3537 3778 2998
9109 2 2 10 4 2998 6143 2173
9110 2 2 10 4 2423 6194 2685
9111 2 2 10 4 1818 1820 1819
9112 2 2 10 4 3563 6184 4015
9113 2 2 10 4 6002 6062 5466
9114 2 2 10 4 3553 4529 4528
9115 2 2 10 4 2877 3121 2889
9116 2 2 10 4 945 946 944
9117 2 2 10 4 2062 4251 4009
9118 2 2 10 4 650 6645 370
9119 2 2 10 4 371 6645 507
9120 2 2 10 4 2942 3240 2941
9121 2 2 10 4 5084 7500 981
9122 2 2 10 4 2700 6063 4217
9123 2 2 10 4 5634 6051 1029
9124 2 2 10 4 2882 3041 2999
9125 2 2 10 4 2207 5872 5867
9126 2 2 10 4 5867 5872 3967
9127 2 2 10 4 3858 6130 6062
9128 2 2 10 4 5521 6897 5520
9129 2 2 10 4 2916 2938 2918
9130 2 2 10 4 843 845 844
9131 2 2 10 4 1547 6750 5062
9132 2 2 10 4 667 6857 5565
9133 2 2 10 4 3020 6072 2456
9134 2 2 10 4 4448 4450 4449
9135 2 2 10 4 3197 3483 3482
9136 2 2 10 4 5065 6064 5064
9137 2 2 10 4 1046 6089 1044
9138 2 2 10 4 2714 6237 5574
9139 2 2 10 4 1321 1323 1322
9140 2 2 10 4 3006 5978 3211
9141 2 2 10 4 5391 6644 5392
9142 2 2 10 4 919 921 920
9143 2 2 10 4 4390 4391 3008
9144 2 2 10 4 1424 1425 1423
9145 2 2 10 4 1696 6087 1697
9146 2 2 10 4 5058 7613 2438
9147 2 2 10 4 3993 3994 3376
9148 2 2 10 4 1226 1231 1225
9149 2 2 10 4 1679 1685 1678
9150 2 2 10 4 4885 6107 4886
9151 2 2 10 4 2774 2776 2775
9152 2 2 10 4 4872 6136 3761
9153 2 2 10 4 3826 3828 3827
9154 2 2 10 4 149 6530 579
9155 2 2 10 4 2389 3031 3030
9156 2 2 10 4 2808 2809 2807
9157 2 2 10 4 3860 6044 5808
9158 2 2 10 4 1595 6316 1759
9159 2 2 10 4 2895 3581 3380
9160 2 2 10 4 565 6573 6216
9161 2 2 10 4 745 747 746
9162 2 2 10 4 3898 4288 3204
9163 2 2 10 4 5926 6185 5898
9164 2 2 10 4 3302 5981 3522
9165 2 2 10 4 1112 1114 1113
9166 2 2 10 4 4914 4915 4913
9167 2 2 10 4 2539 7303 1755
9168 2 2 10 4 1905 1910 1906
9169 2 2 10 4 3196 5997 3747
9170 2 2 10 4 1557 6204 3357
9171 2 2 10 4 4199 4200 4198
9172 2 2 10 4 3138 3139 2581
9173 2 2 10 4 5500 6663 6398
9174 2 2 10 4 1697 6087 1719
9175 2 2 10 4 1029 6051 2544
9176 2 2 10 4 4030 6442 3014
9177 2 2 10 4 4292 4295 4291
9178 2 2 10 4 2413 6118 2241
9179 2 2 10 4 1154 5143 1151
9180 2 2 10 4 3916 6977 5469
9181 2 2 10 4 3265 3774 2973
9182 2 2 10 4 1463 6199 3634
9183 2 2 10 4 2647 6208 2644
9184 2 2 10 4 5646 6166 5645
9185 2 2 10 4 1857 1858 1855
9186 2 2 10 4 1575 1577 1576
9187 2 2 10 4 827 830 829
9188 2 2 10 4 3525 6104 5998
9189 2 2 10 4 3970 3971 3969
9190 2 2 10 4 2680 2882 2881
9191 2 2 10 4 2398 2904 974
9192 2 2 10 4 5299 6057 5180
9193 2 2 10 4 1194 1196 1195
9194 2 2 10 4 1297 1298 1296
9195 2 2 10 4 890 891 889
9196 2 2 10 4 1911 6138 1914
9197 2 2 10 4 2366 6080 1533
9198 2 2 10 4 2688 3406 2294
9199 2 2 10 4 2978 5818 2344
9200 2 2 10 4 1053 6042 2979
9201 2 2 10 4 3223 5984 3822
9202 2 2 10 4 2871 2873 2872
9203 2 2 10 4 3284 3285 2018
9204 2 2 10 4 4581 6447 3913
9205 2 2 10 4 3026 3592 3591
9206 2 2 10 4 3950 6780 6233
9207 2 2 10 4 3068 6169 3351
9208 2 2 10 4 1487 1494 1488
9209 2 2 10 4 4016 4047 4046
9210 2 2 10 4 1717 5864 2717
9211 2 2 10 4 4969 4971 4967
9212 2 2 10 4 5109 5110 5108
9213 2 2 10 4 4450 4452 4451
9214 2 2 10 4 171 6404 170
9215 2 2 10 4 4523 5146 4524
9216 2 2 10 4 4480 6060 4478
9217 2 2 10 4 1323 1325 1324
9218 2 2 10 4 1269 6056 2077
9219 2 2 10 4 715 717 716
9220 2 2 10 4 3592 3765 3593
9221 2 2 10 4 4551 6177 3089
9222 2 2 10 4 3951 4525 3532
9223 2 2 10 4 1064 6025 1047
9224 2 2 10 4 3343 4089 4088
9225 2 2 10 4 6059 6832 5254
9226 2 2 10 4 1418 6200 5960
9227 2 2 10 4 845 849 846
9228 2 2 10 4 921 923 922
9229 2 2 10 4 1272 2680 2679
9230 2 2 10 4 6338 7217 5182
9231 2 2 10 4 3266 6178 2563
9232 2 2 10 4 2565 6178 3521
9233 2 2 10 4 5039 5042 5041
9234 2 2 10 4 1822 1824 1823
9235 2 2 10 4 3345 3346 2715
9236 2 2 10 4 5022 7654 2905
9237 2 2 10 4 4846 6635 954
9238 2 2 10 4 786 787 785
9239 2 2 10 4 2925 2928 2927
9240 2 2 10 4 5579 6260 5664
9241 2 2 10 4 1164 3385 1162
9242 2 2 10 4 747 749 748
9243 2 2 10 4 532 5495 250
9244 2 2 10 4 4372 7589 5056
9245 2 2 10 4 1114 1116 1115
9246 2 2 10 4 1604 5568 1602
9247 2 2 10 4 1348 1350 1349
9248 2 2 10 4 1426 1427 1425
9249 2 2 10 4 3828 3830 3829
9250 2 2 10 4 1768 1769 1767
9251 2 2 10 4 2776 2778 2777
9252 2 2 10 4 1824 1827 1826
9253 2 2 10 4 3986 6444 5501
9254 2 2 10 4 3761 6136 5958
9255 2 2 10 4 823 826 825
9256 2 2 10 4 1232 1234 1231
9257 2 2 10 4 5714 6130 3858
9258 2 2 10 4 4201 4203 4200
9259 2 2 10 4 2336 3168 2672
9260 2 2 10 4 2659 2707 2657
9261 2 2 10 4 1787 1788 1156
9262 2 2 10 4 5663 6581 2774
9263 2 2 10 4 7166 7577 5414
9264 2 2 10 4 4292 6022 4295
9265 2 2 10 4 3355 5962 2395
9266 2 2 10 4 1327 1329 1328
9267 2 2 10 4 788 789 787
9268 2 2 10 4 3237 6198 3133
9269 2 2 10 4 4311 4312 3409
9270 2 2 10 4 4916 4917 4915
9271 2 2 10 4 3860 6062 6002
9272 2 2 10 4 1686 1698 1685
9273 2 2 10 4 6985 7157 4035
9274 2 2 10 4 3122 6073 2342
9275 2 2 10 4 1600 6455 1737
9276 2 2 10 4 3701 4389 4388
9277 2 2 10 4 1003 1006 1002
9278 2 2 10 4 1513 1526 1516
9279 2 2 10 4 3856 6062 3860
9280 2 2 10 4 3533 3535 3534
9281 2 2 10 4 2445 6175 3367
9282 2 2 10 4 5120 5121 4978
9283 2 2 10 4 2320 5920 1715
9284 2 2 10 4 1299 1300 1298
9285 2 2 10 4 2873 2876 2874
9286 2 2 10 4 1577 1579 1578
9287 2 2 10 4 1247 3695 1245
9288 2 2 10 4 3767 3768 3210
9289 2 2 10 4 1449 3548 1454
9290 2 2 10 4 5311 6176 3699
9291 2 2 10 4 5359 6188 5358
9292 2 2 10 4 3471 3472 3470
9293 2 2 10 4 3792 6004 3202
9294 2 2 10 4 1085 5461 1086
9295 2 2 10 4 1801 6226 1804
9296 2 2 10 4 1075 1076 1017
9297 2 2 10 4 1033 1072 1035
9298 2 2 10 4 1397 1399 1398
9299 2 2 10 4 2810 2811 2809
9300 2 2 10 4 3349 3350 3287
9301 2 2 10 4 6995 7535 2413
9302 2 2 10 4 1772 1773 1771
9303 2 2 10 4 4856 6678 6550
9304 2 2 10 4 1504 5976 3833
9305 2 2 10 4 822 823 821
9306 2 2 10 4 1465 1487 1480
9307 2 2 10 4 1723 2208 2207
9308 2 2 10 4 849 854 850
9309 2 2 10 4 4452 4457 4453
9310 2 2 10 4 860 887 862
9311 2 2 10 4 2994 3618 2060
9312 2 2 10 4 560 7044 4870
9313 2 2 10 4 4378 4517 4019
9314 2 2 10 4 1028 6042 1053
9315 2 2 10 4 1271 6067 1268
9316 2 2 10 4 923 925 924
9317 2 2 10 4 1085 1086 1076
9318 2 2 10 4 1053 2979 1079
9319 2 2 10 4 1116 1118 1117
9320 2 2 10 4 749 751 750
9321 2 2 10 4 4330 4331 4154
9322 2 2 10 4 3867 3869 3868
9323 2 2 10 4 485 6684 616
9324 2 2 10 4 1171 2048 1168
9325 2 2 10 4 6041 6701 5625
9326 2 2 10 4 819 822 821
9327 2 2 10 4 1553 2401 2303
9328 2 2 10 4 2778 2780 2779
9329 2 2 10 4 3830 4229 3831
9330 2 2 10 4 4225 6191 4226
9331 2 2 10 4 1235 1240 1234
9332 2 2 10 4 2024 2025 1731
9333 2 2 10 4 5404 6127 5403
9334 2 2 10 4 1007 1026 1006
9335 2 2 10 4 3471 3594 3472
9336 2 2 10 4 1827 1829 1828
9337 2 2 10 4 3124 3990 3304
9338 2 2 10 4 16 6037 688
9339 2 2 10 4 4932 4933 4930
9340 2 2 10 4 1428 1429 1427
9341 2 2 10 4 3794 6646 4552
9342 2 2 10 4 1372 2049 1369
9343 2 2 10 4 965 3551 947
9344 2 2 10 4 1353 5588 1350
9345 2 2 10 4 4204 4205 4203
9346 2 2 10 4 3978 6093 5973
9347 2 2 10 4 2058 5976 1508
9348 2 2 10 4 4918 4919 4917
9349 2 2 10 4 3246 3601 3017
9350 2 2 10 4 3976 3977 3975
9351 2 2 10 4 7423 7546 4148
9352 2 2 10 4 4465 4467 4466
9353 2 2 10 4 4652 7321 4173
9354 2 2 10 4 3211 4077 3748
9355 2 2 10 4 2977 2978 2344
9356 2 2 10 4 995 1002 977
9357 2 2 10 4 1660 5566 1994
9358 2 2 10 4 791 792 789
9359 2 2 10 4 3232 4601 4079
9360 2 2 10 4 5048 6808 5043
9361 2 2 10 4 3616 7156 6561
9362 2 2 10 4 3979 6146 3978
9363 2 2 10 4 2835 6374 6079
9364 2 2 10 4 4467 4469 4468
9365 2 2 10 4 3003 3701 3673
9366 2 2 10 4 1500 1513 1512
9367 2 2 10 4 2641 6119 2643
9368 2 2 10 4 982 1000 983
9369 2 2 10 4 1466 6152 1469
9370 2 2 10 4 5172 7646 1757
9371 2 2 10 4 3493 4223 3495
9372 2 2 10 4 4903 6209 4900
9373 2 2 10 4 3094 3096 3095
9374 2 2 10 4 5247 7607 5245
9375 2 2 10 4 1301 1302 1300
9376 2 2 10 4 2812 2813 2811
9377 2 2 10 4 1579 1581 1580
9378 2 2 10 4 5922 6173 1256
9379 2 2 10 4 3704 5933 5337
9380 2 2 10 4 493 7269 4684
9381 2 2 10 4 5611 6417 3360
9382 2 2 10 4 4332 4333 4331
9383 2 2 10 4 864 2053 866
9384 2 2 10 4 3553 6639 4529
9385 2 2 10 4 680 6013 214
9386 2 2 10 4 4489 6240 3431
9387 2 2 10 4 4047 4549 4548
9388 2 2 10 4 682 7388 4484
9389 2 2 10 4 3535 4224 4031
9390 2 2 10 4 1118 1129 1128
9391 2 2 10 4 3009 6081 2990
9392 2 2 10 4 826 827 825
9393 2 2 10 4 4995 7544 3420
9394 2 2 10 4 751 753 752
9395 2 2 10 4 690 6504 5944
9396 2 2 10 4 3988 3989 3647
9397 2 2 10 4 7492 7534 4915
9398 2 2 10 4 3822 3867 3224
9399 2 2 10 4 854 856 855
9400 2 2 10 4 4216 6108 4246
9401 2 2 10 4 3664 6227 3657
9402 2 2 10 4 1329 1331 1330
9403 2 2 10 4 5368 5369 503
9404 2 2 10 4 1000 1010 1001
9405 2 2 10 4 4153 4154 3771
9406 2 2 10 4 5378 6094 3377
9407 2 2 10 4 4018 4019 3092
9408 2 2 10 4 1027 1063 1026
9409 2 2 10 4 1690 6078 1691
9410 2 2 10 4 1079 6189 1553
9411 2 2 10 4 3399 4106 3122
9412 2 2 10 4 1522 2295 1782
9413 2 2 10 4 4890 4893 4892
9414 2 2 10 4 1013 1031 1030
9415 2 2 10 4 2316 3124 3016
9416 2 2 10 4 1919 6253 5577
9417 2 2 10 4 2729 6802 3927
9418 2 2 10 4 1430 1431 1429
9419 2 2 10 4 5317 6371 1954
9420 2 2 10 4 8 6011 7
9421 2 2 10 4 4229 4231 4230
9422 2 2 10 4 1866 1867 1865
9423 2 2 10 4 925 927 926
9424 2 2 10 4 2158 6084 2157
9425 2 2 10 4 2780 2782 2781
9426 2 2 10 4 591 6077 390
9427 2 2 10 4 2246 6255 2245
9428 2 2 10 4 2257 6255 2249
9429 2 2 10 4 1241 1242 1240
9430 2 2 10 4 2656 2658 2657
9431 2 2 10 4 1487 6151 2666
9432 2 2 10 4 3455 3799 3798
9433 2 2 10 4 6052 6505 2317
9434 2 2 10 4 793 794 792
9435 2 2 10 4 1131 1133 1132
9436 2 2 10 4 2934 2939 2936
9437 2 2 10 4 1527 2105 1521
9438 2 2 10 4 4920 4921 4919
9439 2 2 10 4 3015 3017 2315
9440 2 2 10 4 3930 6155 3931
9441 2 2 10 4 498 6742 4740
9442 2 2 10 4 5146 5148 5147
9443 2 2 10 4 2696 5668 1054
9444 2 2 10 4 1539 2074 1540
9445 2 2 10 4 1774 1775 1773
9446 2 2 10 4 4206 4207 4205
9447 2 2 10 4 1829 1831 1830
9448 2 2 10 4 3096 3098 3097
9449 2 2 10 4 2880 3980 2679
9450 2 2 10 4 725 726 719
9451 2 2 10 4 2814 2815 2813
9452 2 2 10 4 1175 1230 1173
9453 2 2 10 4 2626 3302 2537
9454 2 2 10 4 1376 1457 1374
9455 2 2 10 4 3207 3914 3183
9456 2 2 10 4 1581 1583 1582
9457 2 2 10 4 4039 6575 6134
9458 2 2 10 4 2660 3094 3093
9459 2 2 10 4 4469 4471 4470
9460 2 2 10 4 1350 5588 1349
9461 2 2 10 4 3497 4122 3499
9462 2 2 10 4 1691 6078 1694
9463 2 2 10 4 5047 5050 5049
9464 2 2 10 4 2339 6139 1751
9465 2 2 10 4 1039 1062 1041
9466 2 2 10 4 1058 6089 1046
9467 2 2 10 4 727 728 726
9468 2 2 10 4 1303 1304 1302
9469 2 2 10 4 2074 2476 2075
9470 2 2 10 4 3086 3929 3193
9471 2 2 10 4 1089 1090 1088
9472 2 2 10 4 6783 6786 3942
9473 2 2 10 4 5577 6498 5578
9474 2 2 10 4 3503 3721 3504
9475 2 2 10 4 3957 3958 3956
9476 2 2 10 4 4364 7175 7131
9477 2 2 10 4 4468 6653 4466
9478 2 2 10 4 753 755 754
9479 2 2 10 4 1202 1204 1203
9480 2 2 10 4 5019 6797 5018
9481 2 2 10 4 1010 1032 1011
9482 2 2 10 4 3621 3647 2546
9483 2 2 10 4 2809 6121 2807
9484 2 2 10 4 3874 6819 5193
9485 2 2 10 4 1982 6093 1987
9486 2 2 10 4 1227 3922 3921
9487 2 2 10 4 3542 6241 3501
9488 2 2 10 4 3455 3798 3456
9489 2 2 10 4 2942 5995 3240
9490 2 2 10 4 805 2549 803
9491 2 2 10 4 3470 6029 3520
9492 2 2 10 4 1031 1066 1065
9493 2 2 10 4 2938 3065 2956
9494 2 2 10 4 6062 6130 5466
9495 2 2 10 4 2751 2752 1497
9496 2 2 10 4 5919 6098 3917
9497 2 2 10 4 856 859 857
9498 2 2 10 4 1331 1333 1332
9499 2 2 10 4 1723 5903 2208
9500 2 2 10 4 5982 6773 576
9501 2 2 10 4 1227 5966 3922
9502 2 2 10 4 3292 5978 3006
9503 2 2 10 4 4190 6135 4197
9504 2 2 10 4 1510 1511 1499
9505 2 2 10 4 4751 6276 4749
9506 2 2 10 4 1904 6181 1901
9507 2 2 10 4 6644 6857 4029
9508 2 2 10 4 4010 4011 3994
9509 2 2 10 4 3004 3122 2342
9510 2 2 10 4 927 929 928
9511 2 2 10 4 4828 5563 3724
9512 2 2 10 4 2745 6103 2743
9513 2 2 10 4 6084 6150 2157
9514 2 2 10 4 4243 6163 2904
9515 2 2 10 4 994 1013 1012
9516 2 2 10 4 1072 5934 1035
9517 2 2 10 4 3662 3780 3779
9518 2 2 10 4 716 5991 714
9519 2 2 10 4 5406 5407 517
9520 2 2 10 4 964 3648 976
9521 2 2 10 4 1091 1092 1090
9522 2 2 10 4 5142 6759 4034
9523 2 2 10 4 3615 4035 3923
9524 2 2 10 4 5635 6104 3525
9525 2 2 10 4 2497 3280 2653
9526 2 2 10 4 868 871 870
9527 2 2 10 4 3634 3636 3635
9528 2 2 10 4 1717 2717 2320
9529 2 2 10 4 2782 2784 2783
9530 2 2 10 4 3483 4022 3484
9531 2 2 10 4 1831 1833 1832
9532 2 2 10 4 6683 7139 2535
9533 2 2 10 4 3365 5204 5203
9534 2 2 10 4 5185 7300 5189
9535 2 2 10 4 3098 3100 3099
9536 2 2 10 4 1254 1260 1253
9537 2 2 10 4 3992 6960 4254
9538 2 2 10 4 1776 1777 1775
9539 2 2 10 4 4231 4233 4232
9540 2 2 10 4 4208 4209 4207
9541 2 2 10 4 2338 6110 2625
9542 2 2 10 4 3961 6308 3863
9543 2 2 10 4 2428 7547 4994
9544 2 2 10 4 2816 2817 2815
9545 2 2 10 4 5120 6114 5122
9546 2 2 10 4 2334 6310 2903
9547 2 2 10 4 2304 2537 1554
9548 2 2 10 4 1432 1433 1431
9549 2 2 10 4 3982 3983 3979
9550 2 2 10 4 4982 6006 4981
9551 2 2 10 4 795 796 794
9552 2 2 10 4 2306 3724 2984
9553 2 2 10 4 1243 1257 1242
9554 2 2 10 4 1084 2022 1067
9555 2 2 10 4 3134 4063 3135
9556 2 2 10 4 4550 7553 515
9557 2 2 10 4 5434 6823 619
9558 2 2 10 4 619 6249 5364
9559 2 2 10 4 3338 6174 1002
9560 2 2 10 4 4539 6714 4540
9561 2 2 10 4 755 757 756
9562 2 2 10 4 2753 2754 2752
9563 2 2 10 4 3642 3643 3641
9564 2 2 10 4 3610 4283 4017
9565 2 2 10 4 4922 4923 4921
9566 2 2 10 4 3321 4842 4097
9567 2 2 10 4 3491 5609 3493
9568 2 2 10 4 4377 7515 7466
9569 2 2 10 4 3195 6009 3197
9570 2 2 10 4 2208 3580 2886
9571 2 2 10 4 1305 1306 1304
9572 2 2 10 4 1368 6591 1371
9573 2 2 10 4 1066 1276 1275
9574 2 2 10 4 5266 6979 4610
9575 2 2 10 4 1333 1335 1334
9576 2 2 10 4 729 730 728
9577 2 2 10 4 1479 1497 1464
9578 2 2 10 4 1583 1585 1584
9579 2 2 10 4 4485 6227 5967
9580 2 2 10 4 3725 4341 4307
9581 2 2 10 4 555 6762 5170
9582 2 2 10 4 5586 6399 5668
9583 2 2 10 4 4058 6244 4057
9584 2 2 10 4 2807 6121 2827
9585 2 2 10 4 2476 3027 2477
9586 2 2 10 4 4925 6876 4914
9587 2 2 10 4 3846 6802 2397
9588 2 2 10 4 2946 6028 3810
9589 2 2 10 4 4972 4977 4971
9590 2 2 10 4 5455 6641 3515
9591 2 2 10 4 3869 3871 3870
9592 2 2 10 4 3388 5571 1099
9593 2 2 10 4 1380 2126 1378
9594 2 2 10 4 1463 3634 3633
9595 2 2 10 4 2843 3615 3614
9596 2 2 10 4 902 903 900
9597 2 2 10 4 1876 1877 1875
9598 2 2 10 4 5186 5301 1790
9599 2 2 10 4 1133 1135 1134
9600 2 2 10 4 5970 6150 5678
9601 2 2 10 4 5425 7563 3314
9602 2 2 10 4 5579 6412 6260
9603 2 2 10 4 4916 6876 4927
9604 2 2 10 4 3377 6094 3379
9605 2 2 10 4 1007 6242 1028
9606 2 2 10 4 1987 6339 1984
9607 2 2 10 4 1986 6339 2212
9608 2 2 10 4 759 761 760
9609 2 2 10 4 2818 2819 2817
9610 2 2 10 4 5668 6399 1070
9611 2 2 10 4 1778 1779 1777
9612 2 2 10 4 3100 3102 3101
9613 2 2 10 4 2046 6181 1904
9614 2 2 10 4 3408 4366 3902
9615 2 2 10 4 2722 6317 6110
9616 2 2 10 4 4233 4477 4234
9617 2 2 10 4 397 6762 398
9618 2 2 10 4 2888 3275 3274
9619 2 2 10 4 1434 1435 1433
9620 2 2 10 4 929 931 930
9621 2 2 10 4 2784 2786 2785
9622 2 2 10 4 1093 1094 1092
9623 2 2 10 4 1873 1876 1875
9624 2 2 10 4 3065 3410 3066
9625 2 2 10 4 2928 2933 2929
9626 2 2 10 4 4941 4942 4939
9627 2 2 10 4 3813 7116 4820
9628 2 2 10 4 5070 5078 5068
9629 2 2 10 4 1182 1183 1180
9630 2 2 10 4 797 798 796
9631 2 2 10 4 2879 3610 3609
9632 2 2 10 4 603 5531 134
9633 2 2 10 4 3301 3773 3772
9634 2 2 10 4 6030 6330 1787
9635 2 2 10 4 3141 3143 3142
9636 2 2 10 4 2755 2756 2754
9637 2 2 10 4 2389 5826 3031
9638 2 2 10 4 5273 7348 5282
9639 2 2 10 4 1833 1836 1834
9640 2 2 10 4 4210 4211 4209
9641 2 2 10 4 2025 5865 1731
9642 2 2 10 4 4012 4013 4011
9643 2 2 10 4 3928 4250 3555
9644 2 2 10 4 711 6354 1014
9645 2 2 10 4 2051 6354 709
9646 2 2 10 4 2681 3265 2973
9647 2 2 10 4 3700 7305 4425
9648 2 2 10 4 1335 1337 1336
9649 2 2 10 4 2720 3491 2721
9650 2 2 10 4 4073 4181 4170
9651 2 2 10 4 4087 4303 3342
9652 2 2 10 4 5042 5046 5043
9653 2 2 10 4 3343 6333 4089
9654 2 2 10 4 3386 4335 3385
9655 2 2 10 4 3726 6126 3891
9656 2 2 10 4 6773 6828 576
9657 2 2 10 4 5507 6961 544
9658 2 2 10 4 3027 3225 3038
9659 2 2 10 4 6001 6280 2765
9660 2 2 10 4 1585 1587 1586
9661 2 2 10 4 2019 6284 5309
9662 2 2 10 4 872 876 874
9663 2 2 10 4 5007 5010 5009
9664 2 2 10 4 4978 6383 4977
9665 2 2 10 4 3782 3785 3784
9666 2 2 10 4 3326 4848 3324
9667 2 2 10 4 1708 5979 1701
9668 2 2 10 4 5466 6130 5467
9669 2 2 10 4 3773 4412 4411
9670 2 2 10 4 3124 6192 3991
9671 2 2 10 4 1135 1137 1136
9672 2 2 10 4 7234 7353 2671
9673 2 2 10 4 2584 3595 2025
9674 2 2 10 4 2951 6170 5337
9675 2 2 10 4 1698 6019 1735
9676 2 2 10 4 1307 1308 1306
9677 2 2 10 4 5898 6185 5859
9678 2 2 10 4 3596 3692 3595
9679 2 2 10 4 2293 2888 2687
9680 2 2 10 4 2104 3821 2572
9681 2 2 10 4 2822 2824 2819
9682 2 2 10 4 3102 3303 3103
9683 2 2 10 4 3662 3779 3661
9684 2 2 10 4 6098 6158 3917
9685 2 2 10 4 1095 1096 1094
9686 2 2 10 4 2105 6329 1521
9687 2 2 10 4 5924 6355 1058
9688 2 2 10 4 679 7498 4590
9689 2 2 10 4 3508 6221 5956
9690 2 2 10 4 731 732 730
9691 2 2 10 4 1407 1409 1408
9692 2 2 10 4 4775 7629 559
9693 2 2 10 4 6003 6101 3547
9694 2 2 10 4 3410 5001 3412
9695 2 2 10 4 3586 3617 3390
9696 2 2 10 4 3746 6116 2846
9697 2 2 10 4 3143 3145 3144
9698 2 2 10 4 3503 3504 2977
9699 2 2 10 4 2582 3141 3140
9700 2 2 10 4 2208 5903 3580
9701 2 2 10 4 5189 7132 2451
9702 2 2 10 4 3968 3970 3969
9703 2 2 10 4 2757 2758 2756
9704 2 2 10 4 1516 6258 1522
9705 2 2 10 4 1139 1141 1140
9706 2 2 10 4 3840 7323 3743
9707 2 2 10 4 1256 6173 1254
9708 2 2 10 4 1337 1340 1339
9709 2 2 10 4 4093 4272 4013
9710 2 2 10 4 4034 6854 6764
9711 2 2 10 4 2203 6137 5873
9712 2 2 10 4 1254 6173 1260
9713 2 2 10 4 1845 1848 1847
9714 2 2 10 4 4212 4213 4211
9715 2 2 10 4 233 6083 534
9716 2 2 10 4 1082 6399 1537
9717 2 2 10 4 931 933 932
9718 2 2 10 4 3602 6197 3017
9719 2 2 10 4 4477 4479 4478
9720 2 2 10 4 4543 6494 4538
9721 2 2 10 4 1385 1386 1383
9722 2 2 10 4 2851 6202 3384
9723 2 2 10 4 2896 4082 2894
9724 2 2 10 4 3316 3356 3063
9725 2 2 10 4 1436 1437 1435
9726 2 2 10 4 3261 3697 3510
9727 2 2 10 4 3002 3589 3001
9728 2 2 10 4 2786 2788 2787
9729 2 2 10 4 3570 6397 3049
9730 2 2 10 4 3051 6397 3669
9731 2 2 10 4 5327 7282 687
9732 2 2 10 4 3179 6562 4963
9733 2 2 10 4 763 765 764
9734 2 2 10 4 799 800 798
9735 2 2 10 4 2114 6175 2116
9736 2 2 10 4 3725 3756 2984
9737 2 2 10 4 614 6749 483
9738 2 2 10 4 5004 7112 4350
9739 2 2 10 4 2542 3262 3261
9740 2 2 10 4 5285 6538 5274
9741 2 2 10 4 3383 4236 3584
9742 2 2 10 4 1836 1838 1837
9743 2 2 10 4 2540 6176 1396
9744 2 2 10 4 1309 1310 1308
9745 2 2 10 4 3709 6223 1993
9746 2 2 10 4 5122 5123 5121
9747 2 2 10 4 1661 5566 1660
9748 2 2 10 4 733 734 732
9749 2 2 10 4 2397 2728 2396
9750 2 2 10 4 3526 3716 3518
9751 2 2 10 4 5446 6702 5444
9752 2 2 10 4 2825 2837 2824
9753 2 2 10 4 1587 1589 1588
9754 2 2 10 4 1562 2396 1560
9755 2 2 10 4 1359 6670 1360
9756 2 2 10 4 580 5535 69
9757 2 2 10 4 3546 6145 4140
9758 2 2 10 4 5155 5672 5153
9759 2 2 10 4 4572 4574 4573
9760 2 2 10 4 5074 5075 5072
9761 2 2 10 4 3145 3174 3173
9762 2 2 10 4 3716 5750 3518
9763 2 2 10 4 3824 5920 2320
9764 2 2 10 4 2761 6222 2759
9765 2 2 10 4 5586 6521 6399
9766 2 2 10 4 1910 6138 1911
9767 2 2 10 4 3971 3976 3975
9768 2 2 10 4 6843 6883 4142
9769 2 2 10 4 3061 3063 3059
9770 2 2 10 4 1340 1342 1341
9771 2 2 10 4 2172 3675 2174
9772 2 2 10 4 3787 4161 4121
9773 2 2 10 4 3148 6412 3528
9774 2 2 10 4 2251 6415 2257
9775 2 2 10 4 2586 6415 2253
9776 2 2 10 4 2785 6247 5983
9777 2 2 10 4 933 935 934
9778 2 2 10 4 2483 3137 2422
9779 2 2 10 4 4479 4481 4480
9780 2 2 10 4 2788 2790 2789
9781 2 2 10 4 3031 6456 3553
9782 2 2 10 4 6557 7519 4237
9783 2 2 10 4 1097 1098 1096
9784 2 2 10 4 5010 5128 5009
9785 2 2 10 4 2567 6425 2619
9786 2 2 10 4 5702 6425 2703
9787 2 2 10 4 1701 5979 1699
9788 2 2 10 4 1838 1840 1839
9789 2 2 10 4 3346 5872 2715
9790 2 2 10 4 4851 4852 4849
9791 2 2 10 4 4214 4215 4213
9792 2 2 10 4 4893 4895 4894
9793 2 2 10 4 4504 7502 2010
9794 2 2 10 4 2838 2975 2837
9795 2 2 10 4 4038 4405 3708
9796 2 2 10 4 1344 1346 1345
9797 2 2 10 4 3336 4070 4049
9798 2 2 10 4 2157 6150 5970
9799 2 2 10 4 2615 6904 1582
9800 2 2 10 4 4319 6428 4317
9801 2 2 10 4 5807 6428 5762
9802 2 2 10 4 3401 6096 2537
9803 2 2 10 4 5494 7075 5479
9804 2 2 10 4 1143 1145 1144
9805 2 2 10 4 1438 1439 1437
9806 2 2 10 4 1814 1817 1816
9807 2 2 10 4 3693 6180 3694
9808 2 2 10 4 1188 1189 1186
9809 2 2 10 4 801 803 800
9810 2 2 10 4 3706 3709 1993
9811 2 2 10 4 52 6786 51
9812 2 2 10 4 1699 6019 1698
9813 2 2 10 4 2394 2682 2681
9814 2 2 10 4 2706 6447 5771
9815 2 2 10 4 6180 6482 3694
9816 2 2 10 4 1669 5591 1668
9817 2 2 10 4 5915 6433 6317
9818 2 2 10 4 2907 2908 2740
9819 2 2 10 4 4572 4573 4570
9820 2 2 10 4 3696 6432 5794
9821 2 2 10 4 1694 2047 1696
9822 2 2 10 4 767 769 768
9823 2 2 10 4 2651 6208 2647
9824 2 2 10 4 1311 1312 1310
9825 2 2 10 4 1013 6213 3344
9826 2 2 10 4 879 883 882
9827 2 2 10 4 4007 6185 5926
9828 2 2 10 4 5131 6854 986
9829 2 2 10 4 2945 6625 2947
9830 2 2 10 4 1589 1591 1590
9831 2 2 10 4 2685 6194 3558
9832 2 2 10 4 5372 5495 532
9833 2 2 10 4 5645 6166 2023
9834 2 2 10 4 2898 4104 3081
9835 2 2 10 4 2729 3554 2728
9836 2 2 10 4 2939 2954 2940
9837 2 2 10 4 5357 5361 5359
9838 2 2 10 4 3680 4589 4588
9839 2 2 10 4 3357 6204 5375
9840 2 2 10 4 1099 1100 1098
9841 2 2 10 4 735 736 734
9842 2 2 10 4 3060 6141 3960
9843 2 2 10 4 5539 6490 3664
9844 2 2 10 4 3658 3659 3657
9845 2 2 10 4 986 6945 906
9846 2 2 10 4 4016 4046 3564
9847 2 2 10 4 2982 3257 3218
9848 2 2 10 4 2372 6596 5497
9849 2 2 10 4 3823 3824 2320
9850 2 2 10 4 1991 6271 1992
9851 2 2 10 4 4431 4432 4430
9852 2 2 10 4 3804 6436 5692
9853 2 2 10 4 2976 3273 2975
9854 2 2 10 4 3687 4408 3686
9855 2 2 10 4 2570 3243 2571
9856 2 2 10 4 3799 6137 4263
9857 2 2 10 4 3917 6158 5854
9858 2 2 10 4 4301 7595 4727
9859 2 2 10 4 5481 6186 1624
9860 2 2 10 4 2043 3681 1102
9861 2 2 10 4 1440 1441 1439
9862 2 2 10 4 904 6945 5620
9863 2 2 10 4 4083 4218 3176
9864 2 2 10 4 3778 6143 2998
9865 2 2 10 4 6019 6237 2714
9866 2 2 10 4 1654 1665 1656
9867 2 2 10 4 2790 2792 2791
9868 2 2 10 4 804 805 803
9869 2 2 10 4 4216 4245 4215
9870 2 2 10 4 3765 6218 3766
9871 2 2 10 4 2309 2982 2847
9872 2 2 10 4 3393 6026 3529
9873 2 2 10 4 935 937 936
9874 2 2 10 4 3656 3657 3654
9875 2 2 10 4 3914 6564 3915
9876 2 2 10 4 3684 3686 3682
9877 2 2 10 4 4429 4430 3556
9878 2 2 10 4 3687 7222 4408
9879 2 2 10 4 5510 6082 535
9880 2 2 10 4 1591 1593 1592
9881 2 2 10 4 3132 4115 3228
9882 2 2 10 4 3259 4157 4156
9883 2 2 10 4 3595 5865 2025
9884 2 2 10 4 1580 6904 2440
9885 2 2 10 4 4133 4504 4259
9886 2 2 10 4 558 6503 4661
9887 2 2 10 4 3408 6342 4366
9888 2 2 10 4 3257 4069 3392
9889 2 2 10 4 4518 6231 4019
9890 2 2 10 4 1666 1677 1675
9891 2 2 10 4 1313 1314 1312
9892 2 2 10 4 5041 6808 5045
9893 2 2 10 4 3243 4344 3244
9894 2 2 10 4 3660 3661 3659
9895 2 2 10 4 1840 1842 1841
9896 2 2 10 4 5013 6096 3401
9897 2 2 10 4 2336 2672 2497
9898 2 2 10 4 3374 6052 5461
9899 2 2 10 4 4433 4434 4432
9900 2 2 10 4 1023 3242 1019
9901 2 2 10 4 1211 6712 1213
9902 2 2 10 4 1883 1897 1885
9903 2 2 10 4 2954 3226 2955
9904 2 2 10 4 5062 6564 1381
9905 2 2 10 4 4895 4897 4896
9906 2 2 10 4 1391 1392 1389
9907 2 2 10 4 1673 6272 5489
9908 2 2 10 4 1243 6065 1257
9909 2 2 10 4 4057 6533 5989
9910 2 2 10 4 3298 4155 3137
9911 2 2 10 4 3351 6169 5685
9912 2 2 10 4 4068 6534 4544
9913 2 2 10 4 737 738 736
9914 2 2 10 4 1763 1766 1765
9915 2 2 10 4 3639 6519 3642
9916 2 2 10 4 3834 6915 4826
9917 2 2 10 4 3652 4485 3590
9918 2 2 10 4 5870 6172 2974
9919 2 2 10 4 1346 1348 1347
9920 2 2 10 4 1149 1150 1148
9921 2 2 10 4 937 939 938
9922 2 2 10 4 3625 6243 3577
9923 2 2 10 4 3724 5563 3725
9924 2 2 10 4 2627 3259 3258
9925 2 2 10 4 1471 6303 1404
9926 2 2 10 4 1504 3833 2140
9927 2 2 10 4 1214 1216 1215
9928 2 2 10 4 1795 6202 2340
9929 2 2 10 4 1145 1147 1146
9930 2 2 10 4 2601 6284 2361
9931 2 2 10 4 3242 5547 1019
9932 2 2 10 4 1459 2085 1456
9933 2 2 10 4 3263 3803 3262
9934 2 2 10 4 3558 3559 3014
9935 2 2 10 4 2792 2794 2793
9936 2 2 10 4 2118 5525 2115
9937 2 2 10 4 2802 2808 2807
9938 2 2 10 4 3089 6177 5032
9939 2 2 10 4 351 6829 352
9940 2 2 10 4 1842 2054 1843
9941 2 2 10 4 4905 6895 6577
9942 2 2 10 4 1194 1195 1192
9943 2 2 10 4 2563 6178 2565
9944 2 2 10 4 3211 5978 4077
9945 2 2 10 4 2676 6287 2675
9946 2 2 10 4 886 890 889
9947 2 2 10 4 4428 6254 5417
9948 2 2 10 4 4331 6125 4154
9949 2 2 10 4 4069 4533 4279
9950 2 2 10 4 1817 1818 1816
9951 2 2 10 4 5176 6799 2539
9952 2 2 10 4 3735 3875 3212
9953 2 2 10 4 3665 3666 3655
9954 2 2 10 4 1853 1857 1855
9955 2 2 10 4 2707 6155 5869
9956 2 2 10 4 4435 4436 4434
9957 2 2 10 4 2569 6864 1309
9958 2 2 10 4 3799 4263 3800
9959 2 2 10 4 3745 7625 4778
9960 2 2 10 4 4113 4114 3685
9961 2 2 10 4 6173 6449 1260
9962 2 2 10 4 5396 6414 3358
9963 2 2 10 4 2930 7537 5270
9964 2 2 10 4 1442 1443 1441
9965 2 2 10 4 3795 6250 3794
9966 2 2 10 4 1048 1061 1054
9967 2 2 10 4 691 5545 64
9968 2 2 10 4 1104 1105 1103
9969 2 2 10 4 1315 1316 1314
9970 2 2 10 4 1804 6226 2133
9971 2 2 10 4 3667 4351 3666
9972 2 2 10 4 2121 3299 2409
9973 2 2 10 4 1147 1149 1148
9974 2 2 10 4 1593 1595 1594
9975 2 2 10 4 1889 1918 1892
9976 2 2 10 4 739 740 738
9977 2 2 10 4 4897 4905 4904
9978 2 2 10 4 4022 6097 3484
9979 2 2 10 4 1862 1866 1865
9980 2 2 10 4 3647 6408 2546
9981 2 2 10 4 1160 6294 2307
9982 2 2 10 4 5137 5320 5140
9983 2 2 10 4 588 6157 151
9984 2 2 10 4 3510 6066 5961
9985 2 2 10 4 2644 6208 2642
9986 2 2 10 4 3268 4270 3746
9987 2 2 10 4 2050 6148 2121
9988 2 2 10 4 1099 5571 1100
9989 2 2 10 4 1061 2696 1054
9990 2 2 10 4 3226 3727 3227
9991 2 2 10 4 773 775 774
9992 2 2 10 4 1759 6316 2879
9993 2 2 10 4 4131 4132 3189
9994 2 2 10 4 2034 6460 2033
9995 2 2 10 4 949 2103 952
9996 2 2 10 4 3456 6071 3458
9997 2 2 10 4 4437 4438 4436
9998 2 2 10 4 1382 6204 1557
9999 2 2 10 4 1444 1445 1443
10000 2 2 10 4 2892 3767 3210
10001 2 2 10 4 1106 1107 1105
10002 2 2 10 4 7054 7530 4637
10003 2 2 10 4 5392 6644 3055
10004 2 2 10 4 2794 2796 2795
10005 2 2 10 4 2876 6058 2877
10006 2 2 10 4 3924 6198 3237
10007 2 2 10 4 3507 4248 2058
10008 2 2 10 4 3747 6009 3195
10009 2 2 10 4 1327 1328 1325
10010 2 2 10 4 7370 7398 4213
10011 2 2 10 4 830 6748 6233
10012 2 2 10 4 939 941 940
10013 2 2 10 4 1184 1957 1183
10014 2 2 10 4 4660 7285 496
10015 2 2 10 4 1397 1398 1395
10016 2 2 10 4 1626 1711 1628
10017 2 2 10 4 1558 6278 1794
10018 2 2 10 4 4001 4502 3292
10019 2 2 10 4 4574 4576 4575
10020 2 2 10 4 1595 1759 1596
10021 2 2 10 4 4420 4510 4419
10022 2 2 10 4 3809 6026 3393
10023 2 2 10 4 876 1959 877
10024 2 2 10 4 3645 3646 3617
10025 2 2 10 4 5660 6117 3667
10026 2 2 10 4 4494 4496 4495
10027 2 2 10 4 1926 6465 1924
10028 2 2 10 4 4352 4550 4351
10029 2 2 10 4 6262 7179 2144
10030 2 2 10 4 2451 7521 5189
10031 2 2 10 4 3701 6743 4389
10032 2 2 10 4 3037 6467 3544
10033 2 2 10 4 4175 6467 2353
10034 2 2 10 4 4511 4512 4510
10035 2 2 10 4 2024 2389 2025
10036 2 2 10 4 1198 5966 1196
10037 2 2 10 4 1927 4286 4043
10038 2 2 10 4 1317 1318 1316
10039 2 2 10 4 1313 6914 2405
10040 2 2 10 4 4040 6078 1690
10041 2 2 10 4 2024 5826 2389
10042 2 2 10 4 4439 4440 4438
10043 2 2 10 4 7305 7337 4425
10044 2 2 10 4 964 6405 3648
10045 2 2 10 4 1108 1109 1107
10046 2 2 10 4 1769 1772 1771
10047 2 2 10 4 4139 4310 3296
10048 2 2 10 4 5182 7371 6338
10049 2 2 10 4 3727 4076 3728
10050 2 2 10 4 1058 7004 6089
10051 2 2 10 4 3977 3982 3979
10052 2 2 10 4 1467 1468 1462
10053 2 2 10 4 5383 7075 5384
10054 2 2 10 4 1564 1565 1563
10055 2 2 10 4 5774 6539 3997
10056 2 2 10 4 2208 2715 2207
10057 2 2 10 4 4294 6022 4292
10058 2 2 10 4 6966 7279 4491
10059 2 2 10 4 4866 7265 6588
10060 2 2 10 4 3957 6097 3958
10061 2 2 10 4 1799 6226 1801
10062 2 2 10 4 3280 4393 3281
10063 2 2 10 4 991 6154 5134
10064 2 2 10 4 3201 3202 2695
10065 2 2 10 4 1561 1563 1264
10066 2 2 10 4 3714 3839 3838
10067 2 2 10 4 741 742 740
10068 2 2 10 4 5638 6493 5637
10069 2 2 10 4 1229 3714 3713
10070 2 2 10 4 2445 3367 2449
10071 2 2 10 4 941 943 942
10072 2 2 10 4 1660 1994 1662
10073 2 2 10 4 4206 6688 6032
10074 2 2 10 4 6366 6534 5971
10075 2 2 10 4 3537 4071 3778
10076 2 2 10 4 2796 2798 2797
10077 2 2 10 4 2636 2638 2634
10078 2 2 10 4 6330 7548 4505
10079 2 2 10 4 2736 2738 2737
10080 2 2 10 4 5523 7107 587
10081 2 2 10 4 578 7097 4548
10082 2 2 10 4 5499 6324 1452
10083 2 2 10 4 1607 5568 1604
10084 2 2 10 4 1707 6054 4379
10085 2 2 10 4 4424 5311 3699
10086 2 2 10 4 3960 4374 3062
10087 2 2 10 4 777 779 778
10088 2 2 10 4 2313 2736 2735
10089 2 2 10 4 859 6092 860
10090 2 2 10 4 3368 5215 4365
10091 2 2 10 4 5915 6317 2722
10092 2 2 10 4 4907 4909 4908
10093 2 2 10 4 2422 6194 2423
10094 2 2 10 4 4441 4442 4440
10095 2 2 10 4 1566 1567 1565
10096 2 2 10 4 1446 1447 1445
10097 2 2 10 4 5954 6782 6703
10098 2 2 10 4 3724 3725 2984
10099 2 2 10 4 6110 6317 4302
10100 2 2 10 4 1319 1320 1318
10101 2 2 10 4 2073 6087 1696
10102 2 2 10 4 3533 3534 2682
10103 2 2 10 4 722 6552 5280
10104 2 2 10 4 2948 6028 2946
10105 2 2 10 4 210 6147 209
10106 2 2 10 4 1848 1850 1849
10107 2 2 10 4 563 6632 5477
10108 2 2 10 4 1387 1961 1386
10109 2 2 10 4 1032 6091 1033
10110 2 2 10 4 743 744 742
10111 2 2 10 4 6158 6260 5854
10112 2 2 10 4 1759 1762 1760
10113 2 2 10 4 3197 3926 3483
10114 2 2 10 4 2474 3253 3192
10115 2 2 10 4 893 2146 895
10116 2 2 10 4 718 721 716
10117 2 2 10 4 1879 6134 1881
10118 2 2 10 4 2746 6484 3216
10119 2 2 10 4 3997 6484 2744
10120 2 2 10 4 3932 6236 2658
10121 2 2 10 4 4513 5114 4512
10122 2 2 10 4 3942 4487 3644
10123 2 2 10 4 958 963 961
10124 2 2 10 4 2738 2740 2739
10125 2 2 10 4 3657 6227 3654
10126 2 2 10 4 3581 4060 3380
10127 2 2 10 4 4498 4847 4500
10128 2 2 10 4 3492 6379 4146
10129 2 2 10 4 3553 4528 3552
10130 2 2 10 4 4908 6209 4903
10131 2 2 10 4 6370 6500 1957
10132 2 2 10 4 5469 7227 4147
10133 2 2 10 4 1219 7031 1238
10134 2 2 10 4 4443 4444 4442
10135 2 2 10 4 2798 2801 2799
10136 2 2 10 4 1110 1111 1109
10137 2 2 10 4 1632 1681 1634
10138 2 2 10 4 2013 2015 2014
10139 2 2 10 4 3198 6488 2420
10140 2 2 10 4 2255 6488 2586
10141 2 2 10 4 1568 1569 1567
10142 2 2 10 4 943 945 944
10143 2 2 10 4 7288 7304 6363
10144 2 2 10 4 1202 1203 1200
10145 2 2 10 4 2482 6449 4131
10146 2 2 10 4 2009 2013 2012
10147 2 2 10 4 1190 2064 1189
10148 2 2 10 4 883 3587 884
10149 2 2 10 4 2109 2548 2547
10150 2 2 10 4 1448 1449 1447
10151 2 2 10 4 5410 6206 5405
10152 2 2 10 4 3493 5609 4223
10153 2 2 10 4 3031 3552 3030
10154 2 2 10 4 65 6590 691
10155 2 2 10 4 2548 3199 3025
10156 2 2 10 4 2832 7371 5182
10157 2 2 10 4 2715 5872 2207
10158 2 2 10 4 1652 6111 1654
10159 2 2 10 4 1131 1132 1129
10160 2 2 10 4 2398 3011 2904
10161 2 2 10 4 4165 7202 4163
10162 2 2 10 4 1808 1907 1810
10163 2 2 10 4 5525 5526 2113
10164 2 2 10 4 4385 7198 6162
10165 2 2 10 4 1922 6535 5619
10166 2 2 10 4 4559 6246 4560
10167 2 2 10 4 2050 6261 6148
10168 2 2 10 4 5263 5264 4060
10169 2 2 10 4 394 6845 4802
10170 2 2 10 4 576 6845 393
10171 2 2 10 4 5682 6477 5886
10172 2 2 10 4 1712 6493 5646
10173 2 2 10 4 1959 6499 6364
10174 2 2 10 4 3234 6058 2876
10175 2 2 10 4 2680 2880 2679
10176 2 2 10 4 3615 6304 4100
10177 2 2 10 4 4141 7148 6718
10178 2 2 10 4 1850 2060 1851
10179 2 2 10 4 1914 2065 1928
10180 2 2 10 4 1247 6311 3695
10181 2 2 10 4 171 7228 6404
10182 2 2 10 4 3133 6198 3132
10183 2 2 10 4 3458 4427 4426
10184 2 2 10 4 5035 6810 3753
10185 2 2 10 4 2688 3407 3406
10186 2 2 10 4 3236 6869 3238
10187 2 2 10 4 3597 3792 3202
10188 2 2 10 4 3501 6241 3498
10189 2 2 10 4 1112 1113 1111
10190 2 2 10 4 2015 2418 2016
10191 2 2 10 4 1321 1322 1320
10192 2 2 10 4 1736 6195 1702
10193 2 2 10 4 1403 2124 1401
10194 2 2 10 4 1112 7450 4597
10195 2 2 10 4 4259 6241 3542
10196 2 2 10 4 6895 7190 3344
10197 2 2 10 4 1648 1670 1650
10198 2 2 10 4 3371 4488 2719
10199 2 2 10 4 1546 7635 1172
10200 2 2 10 4 1877 1891 1879
10201 2 2 10 4 1570 1571 1569
10202 2 2 10 4 1994 1996 1995
10203 2 2 10 4 3376 6052 3374
10204 2 2 10 4 1504 2140 1501
10205 2 2 10 4 721 5991 716
10206 2 2 10 4 6212 6740 651
10207 2 2 10 4 686 6982 265
10208 2 2 10 4 2418 3008 2419
10209 2 2 10 4 1477 1481 1473
10210 2 2 10 4 3134 3135 2639
10211 2 2 10 4 3041 3232 2999
10212 2 2 10 4 668 7161 5504
10213 2 2 10 4 3011 3898 3204
10214 2 2 10 4 2882 2999 2881
10215 2 2 10 4 1080 1536 1532
10216 2 2 10 4 3555 6153 3554
10217 2 2 10 4 6085 6288 4080
10218 2 2 10 4 5956 6221 2051
10219 2 2 10 4 745 746 744
10220 2 2 10 4 5961 6066 3735
10221 2 2 10 4 897 902 900
10222 2 2 10 4 2003 2017 2005
10223 2 2 10 4 1154 6068 5143
10224 2 2 10 4 5069 6917 5079
10225 2 2 10 4 3472 6029 3470
10226 2 2 10 4 5352 6532 6147
10227 2 2 10 4 3345 4227 3346
10228 2 2 10 4 1681 6692 6509
10229 2 2 10 4 2478 6497 3718
10230 2 2 10 4 945 947 946
10231 2 2 10 4 1393 2072 1392
10232 2 2 10 4 2086 3250 1087
10233 2 2 10 4 2697 2698 2696
10234 2 2 10 4 5354 7289 6789
10235 2 2 10 4 2111 2741 1736
10236 2 2 10 4 1323 1324 1322
10237 2 2 10 4 2845 6944 5399
10238 2 2 10 4 6481 6638 5556
10239 2 2 10 4 2453 3310 2455
10240 2 2 10 4 1821 1822 1820
10241 2 2 10 4 1688 1707 1690
10242 2 2 10 4 4082 6900 6623
10243 2 2 10 4 3561 6426 5439
10244 2 2 10 4 2370 6502 2230
10245 2 2 10 4 2228 6502 2447
10246 2 2 10 4 4311 4313 4312
10247 2 2 10 4 747 748 746
10248 2 2 10 4 3638 4278 3251
10249 2 2 10 4 1611 1680 1609
10250 2 2 10 4 5688 6504 5689
10251 2 2 10 4 5630 6250 3795
10252 2 2 10 4 4900 6209 4899
10253 2 2 10 4 5732 6506 3023
10254 2 2 10 4 3067 6506 3599
10255 2 2 10 4 783 785 784
10256 2 2 10 4 2851 3384 2853
10257 2 2 10 4 3206 4221 4219
10258 2 2 10 4 4101 6985 4035
10259 2 2 10 4 1996 1998 1997
10260 2 2 10 4 2658 2659 2657
10261 2 2 10 4 1766 1768 1767
10262 2 2 10 4 759 760 757
10263 2 2 10 4 3091 3560 2701
10264 2 2 10 4 1070 6399 1082
10265 2 2 10 4 2649 2651 2647
10266 2 2 10 4 1553 6189 2401
10267 2 2 10 4 1206 1228 1204
10268 2 2 10 4 4303 5981 3342
10269 2 2 10 4 1487 1488 1480
10270 2 2 10 4 4603 6613 4399
10271 2 2 10 4 3153 6511 3505
10272 2 2 10 4 3754 6511 3155
10273 2 2 10 4 4983 4984 4982
10274 2 2 10 4 5040 7647 5044
10275 2 2 10 4 2692 3750 3749
10276 2 2 10 4 1114 1115 1113
10277 2 2 10 4 4312 6285 3409
10278 2 2 10 4 979 989 987
10279 2 2 10 4 565 6216 396
10280 2 2 10 4 2240 6515 2292
10281 2 2 10 4 2245 6515 2242
10282 2 2 10 4 2121 6148 3299
10283 2 2 10 4 4073 4170 3275
10284 2 2 10 4 1998 2018 1999
10285 2 2 10 4 1073 1541 1538
10286 2 2 10 4 1867 1898 1869
10287 2 2 10 4 4281 7014 6841
10288 2 2 10 4 1407 1408 1405
10289 2 2 10 4 2699 3026 2698
10290 2 2 10 4 1042 7000 1119
10291 2 2 10 4 4502 4503 3292
10292 2 2 10 4 3265 4422 3774
10293 2 2 10 4 3240 3796 3241
10294 2 2 10 4 717 719 718
10295 2 2 10 4 717 718 716
10296 2 2 10 4 3285 3287 3286
10297 2 2 10 4 1280 2137 1278
10298 2 2 10 4 1349 2306 2305
10299 2 2 10 4 1541 2376 2375
10300 2 2 10 4 4611 4614 4608
10301 2 2 10 4 1641 1674 1644
10302 2 2 10 4 3431 6240 3775
10303 2 2 10 4 2808 2810 2809
10304 2 2 10 4 1156 6068 1154
10305 2 2 10 4 1245 6065 1243
10306 2 2 10 4 4015 6524 4016
10307 2 2 10 4 4773 7336 5829
10308 2 2 10 4 969 985 984
10309 2 2 10 4 995 1003 1002
10310 2 2 10 4 722 723 721
10311 2 2 10 4 3725 4307 3756
10312 2 2 10 4 5654 7628 5657
10313 2 2 10 4 5657 7628 3229
10314 2 2 10 4 1116 1117 1115
10315 2 2 10 4 985 997 996
10316 2 2 10 4 3980 6173 5922
10317 2 2 10 4 1857 1895 1858
10318 2 2 10 4 5859 6185 3168
10319 2 2 10 4 2411 3002 3001
10320 2 2 10 4 5608 6253 1919
10321 2 2 10 4 2376 2727 2726
10322 2 2 10 4 3168 3169 2672
10323 2 2 10 4 1532 6171 1991
10324 2 2 10 4 7075 7117 5384
10325 2 2 10 4 1513 1516 1512
10326 2 2 10 4 4560 6022 4294
10327 2 2 10 4 763 764 761
10328 2 2 10 4 6382 6550 4507
10329 2 2 10 4 1139 1140 1137
10330 2 2 10 4 3594 3918 3472
10331 2 2 10 4 3701 4388 3673
10332 2 2 10 4 749 750 748
10333 2 2 10 4 3719 7231 3903
10334 2 2 10 4 3288 4078 3286
10335 2 2 10 4 388 6873 4796
10336 2 2 10 4 596 6873 387
10337 2 2 10 4 6317 6433 4473
10338 2 2 10 4 1804 2133 1806
10339 2 2 10 4 3357 5375 5374
10340 2 2 10 4 890 966 891
10341 2 2 10 4 1196 1227 1195
10342 2 2 10 4 2758 2800 2760
10343 2 2 10 4 724 898 723
10344 2 2 10 4 5177 6896 6799
10345 2 2 10 4 1003 1007 1006
10346 2 2 10 4 3342 5981 3302
10347 2 2 10 4 2934 6266 2939
10348 2 2 10 4 5704 6526 2554
10349 2 2 10 4 2492 6526 2491
10350 2 2 10 4 724 3698 901
10351 2 2 10 4 2810 2812 2811
10352 2 2 10 4 997 1017 1016
10353 2 2 10 4 2457 3190 2459
10354 2 2 10 4 5873 6137 3799
10355 2 2 10 4 3124 3304 3016
10356 2 2 10 4 4153 4330 4154
10357 2 2 10 4 2720 3492 3491
10358 2 2 10 4 2727 3512 3511
10359 2 2 10 4 4503 5978 3292
10360 2 2 10 4 4073 6346 4182
10361 2 2 10 4 3511 3513 2726
10362 2 2 10 4 1210 2135 1208
10363 2 2 10 4 751 752 750
10364 2 2 10 4 3983 4032 3985
10365 2 2 10 4 3535 4031 3534
10366 2 2 10 4 2368 2483 2422
10367 2 2 10 4 5210 7655 5208
10368 2 2 10 4 3283 6510 3809
10369 2 2 10 4 1484 6162 1477
10370 2 2 10 4 1016 1018 996
10371 2 2 10 4 2081 3672 784
10372 2 2 10 4 4330 4332 4331
10373 2 2 10 4 4018 4378 4019
10374 2 2 10 4 1007 1027 1026
10375 2 2 10 4 2249 6255 2246
10376 2 2 10 4 1411 1460 1409
10377 2 2 10 4 905 962 907
10378 2 2 10 4 1173 6088 1171
10379 2 2 10 4 3572 4240 3574
10380 2 2 10 4 5854 6260 3147
10381 2 2 10 4 862 6086 864
10382 2 2 10 4 3094 3095 3093
10383 2 2 10 4 901 968 898
10384 2 2 10 4 4047 4548 4046
10385 2 2 10 4 1698 1735 1702
10386 2 2 10 4 2047 2073 1696
10387 2 2 10 4 1015 7045 731
10388 2 2 10 4 4148 6043 3174
10389 2 2 10 4 5888 6611 2061
10390 2 2 10 4 1329 1330 1328
10391 2 2 10 4 588 6693 6269
10392 2 2 10 4 3918 4314 3472
10393 2 2 10 4 1118 1128 1117
10394 2 2 10 4 3796 4355 3797
10395 2 2 10 4 3582 7616 6054
10396 2 2 10 4 2579 6529 2485
10397 2 2 10 4 1344 1345 1342
10398 2 2 10 4 3015 3246 3017
10399 2 2 10 4 3246 3832 3601
10400 2 2 10 4 2950 6352 3364
10401 2 2 10 4 3980 6449 6173
10402 2 2 10 4 1495 1498 1491
10403 2 2 10 4 5441 7224 3743
10404 2 2 10 4 3205 3996 3995
10405 2 2 10 4 3799 3800 3798
10406 2 2 10 4 2857 3354 2859
10407 2 2 10 4 1772 1774 1773
10408 2 2 10 4 3767 5328 3768
10409 2 2 10 4 4124 4465 3513
10410 2 2 10 4 4886 6107 4890
10411 2 2 10 4 3216 6547 5809
10412 2 2 10 4 3913 6447 6023
10413 2 2 10 4 3621 3988 3647
10414 2 2 10 4 4185 5031 4183
10415 2 2 10 4 3832 6466 6451
10416 2 2 10 4 3922 5636 3921
10417 2 2 10 4 2361 6284 2019
10418 2 2 10 4 1143 1144 1141
10419 2 2 10 4 3206 3234 2876
10420 2 2 10 4 1284 2136 1282
10421 2 2 10 4 767 768 765
10422 2 2 10 4 1050 1051 1018
10423 2 2 10 4 614 7152 4562
10424 2 2 10 4 636 6885 4660
10425 2 2 10 4 969 982 968
10426 2 2 10 4 3004 3399 3122
10427 2 2 10 4 570 6466 208
10428 2 2 10 4 1399 1463 1398
10429 2 2 10 4 1510 3604 1511
10430 2 2 10 4 5159 5672 5155
10431 2 2 10 4 663 6660 5611
10432 2 2 10 4 1707 4040 1690
10433 2 2 10 4 3132 3228 2708
10434 2 2 10 4 1008 1023 1019
10435 2 2 10 4 1086 1088 1087
10436 2 2 10 4 4133 4259 3542
10437 2 2 10 4 2697 2700 2699
10438 2 2 10 4 3697 6066 3510
10439 2 2 10 4 3137 6194 2422
10440 2 2 10 4 2812 2814 2813
10441 2 2 10 4 3096 3097 3095
10442 2 2 10 4 5595 6468 5991
10443 2 2 10 4 1999 2000 1997
10444 2 2 10 4 5203 7461 5201
10445 2 2 10 4 1331 1332 1330
10446 2 2 10 4 1618 1621 1616
10447 2 2 10 4 1905 1927 1910
10448 2 2 10 4 1031 1065 1030
10449 2 2 10 4 1013 1030 1012
10450 2 2 10 4 5331 7481 4764
10451 2 2 10 4 5332 7482 4715
10452 2 2 10 4 1158 6294 1160
10453 2 2 10 4 1073 1074 1051
10454 2 2 10 4 753 754 752
10455 2 2 10 4 5818 6109 3526
10456 2 2 10 4 1914 6138 2065
10457 2 2 10 4 5561 7286 4120
10458 2 2 10 4 5291 6276 4751
10459 2 2 10 4 2304 2626 2537
10460 2 2 10 4 3495 6106 3497
10461 2 2 10 4 3098 3099 3097
10462 2 2 10 4 2717 3823 2320
10463 2 2 10 4 3399 4342 4106
10464 2 2 10 4 7169 7392 2840
10465 2 2 10 4 2814 2816 2815
10466 2 2 10 4 1415 2143 1413
10467 2 2 10 4 832 2141 834
10468 2 2 10 4 2685 3558 3014
10469 2 2 10 4 2086 3637 3251
10470 2 2 10 4 2626 3342 3302
10471 2 2 10 4 2461 3175 2463
10472 2 2 10 4 1538 1539 1074
10473 2 2 10 4 5967 6227 3664
10474 2 2 10 4 1774 1776 1775
10475 2 2 10 4 2700 3090 2701
10476 2 2 10 4 3307 7616 3582
10477 2 2 10 4 2764 2804 2766
10478 2 2 10 4 2105 7538 5553
10479 2 2 10 4 3634 3635 3633
10480 2 2 10 4 755 756 754
10481 2 2 10 4 3576 4180 3624
10482 2 2 10 4 3900 7106 3293
10483 2 2 10 4 1479 2751 1497
10484 2 2 10 4 1214 1215 1212
10485 2 2 10 4 1995 2980 1662
10486 2 2 10 4 1735 2110 1736
10487 2 2 10 4 3615 3923 3614
10488 2 2 10 4 6733 7561 5651
10489 2 2 10 4 909 2144 911
10490 2 2 10 4 2001 2002 2000
10491 2 2 10 4 1101 6711 5035
10492 2 2 10 4 3599 6541 3598
10493 2 2 10 4 2063 2106 778
10494 2 2 10 4 5991 6468 2145
10495 2 2 10 4 2751 2753 2752
10496 2 2 10 4 3580 4247 2886
10497 2 2 10 4 3201 3825 3597
10498 2 2 10 4 1133 1134 1132
10499 2 2 10 4 3490 3631 3025
10500 2 2 10 4 6315 6519 3637
10501 2 2 10 4 1568 2321 1570
10502 2 2 10 4 5134 6154 5137
10503 2 2 10 4 1927 4042 1910
10504 2 2 10 4 2003 2004 2002
10505 2 2 10 4 773 774 771
10506 2 2 10 4 3721 4274 3504
10507 2 2 10 4 4219 4220 3234
10508 2 2 10 4 1066 1275 1065
10509 2 2 10 4 3090 3790 3091
10510 2 2 10 4 1333 1334 1332
10511 2 2 10 4 2861 3214 2863
10512 2 2 10 4 3637 3639 3638
10513 2 2 10 4 2110 2718 2111
10514 2 2 10 4 5080 6430 5081
10515 2 2 10 4 1288 2021 1286
10516 2 2 10 4 2508 6679 5325
10517 2 2 10 4 3526 3717 3716
10518 2 2 10 4 511 6273 4741
10519 2 2 10 4 6159 7440 4155
10520 2 2 10 4 4952 6692 4955
10521 2 2 10 4 1101 6519 6315
10522 2 2 10 4 3610 4017 3609
10523 2 2 10 4 987 6183 992
10524 2 2 10 4 222 6607 221
10525 2 2 10 4 1776 1778 1777
10526 2 2 10 4 2312 6092 859
10527 2 2 10 4 4494 4495 4339
10528 2 2 10 4 866 6112 868
10529 2 2 10 4 3528 6549 3150
10530 2 2 10 4 887 6086 862
10531 2 2 10 4 4441 4509 4443
10532 2 2 10 4 1931 6543 5888
10533 2 2 10 4 2475 6091 1032
10534 2 2 10 4 2306 2984 2305
10535 2 2 10 4 2816 2818 2817
10536 2 2 10 4 3394 3924 3237
10537 2 2 10 4 2005 2006 2004
10538 2 2 10 4 369 6905 650
10539 2 2 10 4 514 6905 368
10540 2 2 10 4 1335 1336 1334
10541 2 2 10 4 3100 3101 3099
10542 2 2 10 4 3179 7062 7012
10543 2 2 10 4 2739 3203 2737
10544 2 2 10 4 3639 3641 3640
10545 2 2 10 4 3643 3752 3644
10546 2 2 10 4 2107 2108 2106
10547 2 2 10 4 2474 2475 1032
10548 2 2 10 4 1028 6242 6042
10549 2 2 10 4 2888 3274 2687
10550 2 2 10 4 4149 4150 2140
10551 2 2 10 4 4855 4856 3631
10552 2 2 10 4 4230 6345 3831
10553 2 2 10 4 2753 2755 2754
10554 2 2 10 4 4264 4515 3800
10555 2 2 10 4 2718 3370 2719
10556 2 2 10 4 1668 5566 1661
10557 2 2 10 4 3819 4262 3192
10558 2 2 10 4 2007 2008 2006
10559 2 2 10 4 975 2312 859
10560 2 2 10 4 2684 7155 3075
10561 2 2 10 4 913 956 915
10562 2 2 10 4 5943 6437 610
10563 2 2 10 4 836 840 838
10564 2 2 10 4 3102 3103 3101
10565 2 2 10 4 1218 6085 1216
10566 2 2 10 4 2584 3596 3595
10567 2 2 10 4 3370 4235 3371
10568 2 2 10 4 4907 4908 4903
10569 2 2 10 4 3821 4289 2572
10570 2 2 10 4 2123 6275 5573
10571 2 2 10 4 2818 2822 2819
10572 2 2 10 4 4398 4402 4400
10573 2 2 10 4 6842 7066 5306
10574 2 2 10 4 1257 1263 1258
10575 2 2 10 4 1778 1780 1779
10576 2 2 10 4 2465 3201 2695
10577 2 2 10 4 2109 2495 2108
10578 2 2 10 4 2065 2308 1928
10579 2 2 10 4 5592 6337 3057
10580 2 2 10 4 3141 3142 3140
10581 2 2 10 4 1135 1136 1134
10582 2 2 10 4 1660 1662 1638
10583 2 2 10 4 1229 3712 1215
10584 2 2 10 4 2618 3530 2601
10585 2 2 10 4 1571 6124 1573
10586 2 2 10 4 1561 2377 1564
10587 2 2 10 4 2755 2757 2756
10588 2 2 10 4 5979 6237 6019
10589 2 2 10 4 3968 3972 3970
10590 2 2 10 4 4063 4064 3135
10591 2 2 10 4 777 778 775
10592 2 2 10 4 4235 4598 4356
10593 2 2 10 4 3143 3144 3142
10594 2 2 10 4 1678 5591 1669
10595 2 2 10 4 2033 6460 6184
10596 2 2 10 4 2009 2011 2008
10597 2 2 10 4 2547 3301 2495
10598 2 2 10 4 3863 6308 5714
10599 2 2 10 4 2054 6142 1843
10600 2 2 10 4 902 1993 903
10601 2 2 10 4 3132 6198 4115
10602 2 2 10 4 6380 6557 4237
10603 2 2 10 4 1023 3925 3296
10604 2 2 10 4 872 6275 876
10605 2 2 10 4 1337 1339 1336
10606 2 2 10 4 2407 6310 2334
10607 2 2 10 4 1694 6078 2047
10608 2 2 10 4 2012 2720 2011
10609 2 2 10 4 3515 6641 5644
10610 2 2 10 4 5920 6440 1708
10611 2 2 10 4 4020 6595 6583
10612 2 2 10 4 4498 4500 4496
10613 2 2 10 4 3567 7198 4385
10614 2 2 10 4 1421 1453 1419
10615 2 2 10 4 1378 6122 1376
10616 2 2 10 4 4435 4456 4437
10617 2 2 10 4 3353 4265 3203
10618 2 2 10 4 2438 7613 7494
10619 2 2 10 4 4116 4117 3228
10620 2 2 10 4 6316 6495 4284
10621 2 2 10 4 2307 3514 3355
10622 2 2 10 4 2238 6453 2237
10623 2 2 10 4 599 6590 66
10624 2 2 10 4 1222 1224 1220
10625 2 2 10 4 2822 2825 2824
10626 2 2 10 4 2172 6395 3675
10627 2 2 10 4 3628 4005 3759
10628 2 2 10 4 1171 6088 2048
10629 2 2 10 4 1148 1531 1146
10630 2 2 10 4 5179 7072 5178
10631 2 2 10 4 3183 6352 2953
10632 2 2 10 4 1876 6095 1877
10633 2 2 10 4 2770 2803 2772
10634 2 2 10 4 3145 3173 3144
10635 2 2 10 4 1349 2305 1347
10636 2 2 10 4 4614 7560 1590
10637 2 2 10 4 3061 3316 3063
10638 2 2 10 4 2313 2734 2312
10639 2 2 10 4 4195 4242 4193
10640 2 2 10 4 1340 1341 1339
10641 2 2 10 4 4181 4590 4170
10642 2 2 10 4 4547 7593 4069
10643 2 2 10 4 2867 2981 2869
10644 2 2 10 4 6147 6532 570
10645 2 2 10 4 3390 6133 3388
10646 2 2 10 4 2050 2120 768
10647 2 2 10 4 3817 3818 2933
10648 2 2 10 4 1294 1544 1292
10649 2 2 10 4 5223 7297 4256
10650 2 2 10 4 2895 6500 3581
10651 2 2 10 4 4223 6106 3495
10652 2 2 10 4 4538 6494 3335
10653 2 2 10 4 3303 4308 3103
10654 2 2 10 4 3660 4006 3662
10655 2 2 10 4 3910 6115 3199
10656 2 2 10 4 3316 4315 3356
10657 2 2 10 4 917 2365 919
10658 2 2 10 4 4274 4275 3504
10659 2 2 10 4 5536 6820 3837
10660 2 2 10 4 4446 4566 4448
10661 2 2 10 4 4302 6317 4473
10662 2 2 10 4 1263 1560 1264
10663 2 2 10 4 841 2148 843
10664 2 2 10 4 1204 6074 1203
10665 2 2 10 4 5343 7146 659
10666 2 2 10 4 2483 3678 3298
10667 2 2 10 4 2735 3383 2734
10668 2 2 10 4 2660 6236 3094
10669 2 2 10 4 3139 6499 2581
10670 2 2 10 4 4810 6474 5059
10671 2 2 10 4 5861 7137 4800
10672 2 2 10 4 3713 3715 3712
10673 2 2 10 4 2825 2838 2837
10674 2 2 10 4 3392 4129 3218
10675 2 2 10 4 783 784 781
10676 2 2 10 4 5591 6041 1668
10677 2 2 10 4 1818 1821 1820
10678 2 2 10 4 5046 6450 5047
10679 2 2 10 4 3364 6028 2948
10680 2 2 10 4 221 6939 220
10681 2 2 10 4 2692 3749 2690
10682 2 2 10 4 3088 6566 5455
10683 2 2 10 4 3669 6566 3053
10684 2 2 10 4 5477 6473 661
10685 2 2 10 4 1522 6258 2295
10686 2 2 10 4 585 7136 4566
10687 2 2 10 4 3970 6322 3971
10688 2 2 10 4 5618 6461 3899
10689 2 2 10 4 3520 7007 5834
10690 2 2 10 4 3002 3590 3589
10691 2 2 10 4 4391 4410 3008
10692 2 2 10 4 4980 4983 4982
10693 2 2 10 4 4647 6959 5724
10694 2 2 10 4 3779 6843 4142
10695 2 2 10 4 3174 3866 3173
10696 2 2 10 4 3240 3241 2941
10697 2 2 10 4 3002 3651 3590
10698 2 2 10 4 733 6899 735
10699 2 2 10 4 1425 2167 1423
10700 2 2 10 4 3741 6570 3159
10701 2 2 10 4 3157 6570 3754
10702 2 2 10 4 2866 7258 2875
10703 2 2 10 4 2838 3247 2976
10704 2 2 10 4 1991 6600 6271
10705 2 2 10 4 2982 3218 2847
10706 2 2 10 4 4096 7285 4660
10707 2 2 10 4 4234 6365 4232
10708 2 2 10 4 3656 3663 3658
10709 2 2 10 4 2838 2976 2975
10710 2 2 10 4 2877 6058 3121
10711 2 2 10 4 5388 6871 3361
10712 2 2 10 4 2933 6266 2934
10713 2 2 10 4 5031 7413 679
10714 2 2 10 4 3530 6284 2601
10715 2 2 10 4 2043 3683 3682
10716 2 2 10 4 3285 3286 2018
10717 2 2 10 4 1575 1791 1577
10718 2 2 10 4 3994 6052 3376
10719 2 2 10 4 2483 3298 3137
10720 2 2 10 4 3684 3687 3686
10721 2 2 10 4 4429 4431 4430
10722 2 2 10 4 3798 6071 3456
10723 2 2 10 4 2043 3682 3681
10724 2 2 10 4 3026 3671 3592
10725 2 2 10 4 3656 3658 3657
10726 2 2 10 4 5350 7443 758
10727 2 2 10 4 1014 7074 6057
10728 2 2 10 4 6626 6986 5251
10729 2 2 10 4 4184 6429 4186
10730 2 2 10 4 3586 6321 3645
10731 2 2 10 4 2680 2881 2880
10732 2 2 10 4 3316 4416 4315
10733 2 2 10 4 921 950 923
10734 2 2 10 4 2536 7055 2117
10735 2 2 10 4 1341 2436 1339
10736 2 2 10 4 845 851 849
10737 2 2 10 4 1822 1825 1824
10738 2 2 10 4 2121 2300 2120
10739 2 2 10 4 5000 6647 5174
10740 2 2 10 4 1145 1146 1144
10741 2 2 10 4 3658 3660 3659
10742 2 2 10 4 1346 1347 1345
10743 2 2 10 4 1260 2482 2481
10744 2 2 10 4 4308 4309 3103
10745 2 2 10 4 4105 7349 5936
10746 2 2 10 4 2776 2805 2778
10747 2 2 10 4 3828 4158 3830
10748 2 2 10 4 1234 1236 1231
10749 2 2 10 4 902 3705 1993
10750 2 2 10 4 3173 3879 3144
10751 2 2 10 4 1129 6251 1128
10752 2 2 10 4 2822 3055 2825
10753 2 2 10 4 2741 6195 1736
10754 2 2 10 4 1698 1702 1685
10755 2 2 10 4 170 6404 609
10756 2 2 10 4 2873 3206 2876
10757 2 2 10 4 1984 6339 1986
10758 2 2 10 4 1843 6142 1845
10759 2 2 10 4 1788 6068 1156
10760 2 2 10 4 789 790 787
10761 2 2 10 4 1300 2112 1298
10762 2 2 10 4 4513 7068 5534
10763 2 2 10 4 2053 6112 866
10764 2 2 10 4 3695 6065 1245
10765 2 2 10 4 4064 4066 3135
10766 2 2 10 4 5072 6144 5070
10767 2 2 10 4 3257 3392 3218
10768 2 2 10 4 4574 4575 4573
10769 2 2 10 4 3653 6568 3665
10770 2 2 10 4 1033 6091 1072
10771 2 2 10 4 3554 4067 3556
10772 2 2 10 4 4431 4433 4432
10773 2 2 10 4 4544 6411 3670
10774 2 2 10 4 4069 4279 3392
10775 2 2 10 4 860 6092 887
10776 2 2 10 4 3259 4156 3258
10777 2 2 10 4 6260 6412 3147
10778 2 2 10 4 864 6086 2053
10779 2 2 10 4 3265 4423 4422
10780 2 2 10 4 1086 1087 1076
10781 2 2 10 4 5858 7159 3848
10782 2 2 10 4 3169 3909 2672
10783 2 2 10 4 4452 4459 4457
10784 2 2 10 4 2409 2570 2300
10785 2 2 10 4 3678 3816 3815
10786 2 2 10 4 1249 6311 1247
10787 2 2 10 4 1196 5966 1227
10788 2 2 10 4 4433 4435 4434
10789 2 2 10 4 2755 3056 2757
10790 2 2 10 4 1429 1450 1427
10791 2 2 10 4 769 2050 768
10792 2 2 10 4 2627 2628 2073
10793 2 2 10 4 1827 2147 1829
10794 2 2 10 4 2953 6352 2950
10795 2 2 10 4 5174 6647 6224
10796 2 2 10 4 3280 4394 4393
10797 2 2 10 4 1100 1103 1102
10798 2 2 10 4 1380 6376 2126
10799 2 2 10 4 1276 6309 1275
10800 2 2 10 4 6308 6471 5714
10801 2 2 10 4 3197 6009 3926
10802 2 2 10 4 3660 3662 3661
10803 2 2 10 4 1579 2155 1581
10804 2 2 10 4 2887 7639 2870
10805 2 2 10 4 3101 3360 3099
10806 2 2 10 4 2816 2844 2818
10807 2 2 10 4 871 6275 872
10808 2 2 10 4 1260 2481 1253
10809 2 2 10 4 1763 6291 1766
10810 2 2 10 4 1230 6088 1173
10811 2 2 10 4 1776 2415 1778
10812 2 2 10 4 765 6090 764
10813 2 2 10 4 2978 6109 5818
10814 2 2 10 4 1134 2378 1132
10815 2 2 10 4 3534 3953 2682
10816 2 2 10 4 925 2341 927
10817 2 2 10 4 4289 4290 2572
10818 2 2 10 4 1348 1349 1347
10819 2 2 10 4 1334 2410 1332
10820 2 2 10 4 2307 6294 3514
10821 2 2 10 4 3803 4014 3262
10822 2 2 10 4 4115 4116 3228
10823 2 2 10 4 1275 1525 1065
10824 2 2 10 4 726 2134 719
10825 2 2 10 4 4250 6153 3555
10826 2 2 10 4 1539 2302 2074
10827 2 2 10 4 3258 3260 2628
10828 2 2 10 4 2780 2826 2782
10829 2 2 10 4 1147 1148 1146
10830 2 2 10 4 4207 4482 4205
10831 2 2 10 4 4499 6170 4498
10832 2 2 10 4 6384 6653 2302
10833 2 2 10 4 3651 3653 3652
10834 2 2 10 4 2212 6520 2213
10835 2 2 10 4 3247 4027 3248
10836 2 2 10 4 2418 2419 2016
10837 2 2 10 4 5347 6838 3792
10838 2 2 10 4 1762 6291 1763
10839 2 2 10 4 3899 6461 5711
10840 2 2 10 4 1304 2156 1302
10841 2 2 10 4 2309 2846 2308
10842 2 2 10 4 3407 6285 4138
10843 2 2 10 4 2751 4023 2753
10844 2 2 10 4 1010 2474 1032
10845 2 2 10 4 1216 1229 1215
10846 2 2 10 4 1023 3296 3242
10847 2 2 10 4 2626 3343 3342
10848 2 2 10 4 856 975 859
10849 2 2 10 4 5135 6752 5142
10850 2 2 10 4 756 974 754
10851 2 2 10 4 4114 4419 4418
10852 2 2 10 4 1365 6853 1362
10853 2 2 10 4 1463 3632 1398
10854 2 2 10 4 3683 3685 3684
10855 2 2 10 4 1831 1835 1833
10856 2 2 10 4 3653 3655 3654
10857 2 2 10 4 3914 3915 3183
10858 2 2 10 4 4435 4437 4436
10859 2 2 10 4 4027 4392 4028
10860 2 2 10 4 4402 4403 4400
10861 2 2 10 4 1433 2168 1431
10862 2 2 10 4 2208 2886 2715
10863 2 2 10 4 3558 4329 3559
10864 2 2 10 4 3270 6586 3269
10865 2 2 10 4 4231 4340 4233
10866 2 2 10 4 830 6232 829
10867 2 2 10 4 4705 6587 4711
10868 2 2 10 4 1772 2345 1774
10869 2 2 10 4 2812 2841 2814
10870 2 2 10 4 1257 1258 1242
10871 2 2 10 4 3097 3731 3095
10872 2 2 10 4 796 2322 794
10873 2 2 10 4 4923 4924 4921
10874 2 2 10 4 4890 6107 4893
10875 2 2 10 4 1330 2122 1328
10876 2 2 10 4 2482 3189 3188
10877 2 2 10 4 3635 4008 3633
10878 2 2 10 4 3643 3644 3641
10879 2 2 10 4 1092 1101 1090
10880 2 2 10 4 2925 6356 2928
10881 2 2 10 4 757 6312 756
10882 2 2 10 4 3784 6149 3787
10883 2 2 10 4 1583 2169 1585
10884 2 2 10 4 2847 3268 2846
10885 2 2 10 4 2476 3028 3027
10886 2 2 10 4 3557 7588 5582
10887 2 2 10 4 1227 3630 1195
10888 2 2 10 4 2172 2173 2054
10889 2 2 10 4 3664 6490 5967
10890 2 2 10 4 890 2200 966
10891 2 2 10 4 4013 4357 4011
10892 2 2 10 4 3065 3411 3410
10893 2 2 10 4 709 6354 711
10894 2 2 10 4 1007 1028 1027
10895 2 2 10 4 3246 4414 3832
10896 2 2 10 4 4437 4439 4438
10897 2 2 10 4 4728 7044 560
10898 2 2 10 4 3718 6355 5924
10899 2 2 10 4 2389 2584 2025
10900 2 2 10 4 1030 2960 1012
10901 2 2 10 4 5225 7123 1948
10902 2 2 10 4 2922 6356 2925
10903 2 2 10 4 732 858 730
10904 2 2 10 4 3631 6550 6382
10905 2 2 10 4 3833 4149 2140
10906 2 2 10 4 2784 2821 2786
10907 2 2 10 4 750 955 748
10908 2 2 10 4 1308 2170 1306
10909 2 2 10 4 2928 3817 2933
10910 2 2 10 4 2808 2834 2810
10911 2 2 10 4 929 953 931
10912 2 2 10 4 2898 2899 2436
10913 2 2 10 4 1561 1564 1563
10914 2 2 10 4 5438 7408 5437
10915 2 2 10 4 1096 2171 1094
10916 2 2 10 4 1937 6594 2056
10917 2 2 10 4 3301 4507 3773
10918 2 2 10 4 2389 3030 2584
10919 2 2 10 4 5123 5124 5121
10920 2 2 10 4 1117 2545 1115
10921 2 2 10 4 6504 6744 5944
10922 2 2 10 4 1376 6122 1457
10923 2 2 10 4 4927 7179 4918
10924 2 2 10 4 1766 2493 1768
10925 2 2 10 4 2309 6531 2982
10926 2 2 10 4 4263 4264 3800
10927 2 2 10 4 3714 3838 3713
10928 2 2 10 4 746 2177 744
10929 2 2 10 4 3081 3402 2899
10930 2 2 10 4 3383 4237 4236
10931 2 2 10 4 3304 3612 3016
10932 2 2 10 4 2939 3083 2954
10933 2 2 10 4 2072 3619 1392
10934 2 2 10 4 4388 4413 3673
10935 2 2 10 4 2788 2835 2790
10936 2 2 10 4 1437 1451 1435
10937 2 2 10 4 945 964 947
10938 2 2 10 4 4571 6582 4572
10939 2 2 10 4 800 802 798
10940 2 2 10 4 3554 3556 2728
10941 2 2 10 4 4525 6140 3532
10942 2 2 10 4 1184 6370 1957
10943 2 2 10 4 1516 1521 1512
10944 2 2 10 4 4439 4441 4440
10945 2 2 10 4 1961 3674 1386
10946 2 2 10 4 3011 4107 3898
10947 2 2 10 4 1587 2371 1589
10948 2 2 10 4 876 2123 1959
10949 2 2 10 4 1312 2391 1310
10950 2 2 10 4 3497 6106 4122
10951 2 2 10 4 883 3948 3587
10952 2 2 10 4 736 2175 734
10953 2 2 10 4 6234 6509 4954
10954 2 2 10 4 1324 2546 1322
10955 2 2 10 4 1100 1102 1098
10956 2 2 10 4 4241 6596 3254
10957 2 2 10 4 2374 6596 2372
10958 2 2 10 4 1850 2983 2060
10959 2 2 10 4 1443 1534 1441
10960 2 2 10 4 2736 2737 2735
10961 2 2 10 4 2658 2660 2659
10962 2 2 10 4 933 2176 935
10963 2 2 10 4 829 6232 832
10964 2 2 10 4 1957 2894 1183
10965 2 2 10 4 1113 2403 1111
10966 2 2 10 4 1449 1452 1447
10967 2 2 10 4 3243 4345 4344
10968 2 2 10 4 4396 4397 4066
10969 2 2 10 4 2064 3947 1189
10970 2 2 10 4 1838 1856 1840
10971 2 2 10 4 742 880 740
10972 2 2 10 4 2802 6297 2808
10973 2 2 10 4 3705 3707 3706
10974 2 2 10 4 1759 2879 1762
10975 2 2 10 4 1842 2172 2054
10976 2 2 10 4 937 959 939
10977 2 2 10 4 3681 6381 1102
10978 2 2 10 4 1959 6364 877
10979 2 2 10 4 2792 2831 2794
10980 2 2 10 4 941 2178 943
10981 2 2 10 4 3232 3720 2999
10982 2 2 10 4 1564 1566 1565
10983 2 2 10 4 3226 3950 3727
10984 2 2 10 4 3552 3998 3030
10985 2 2 10 4 1591 2538 1593
10986 2 2 10 4 4895 4898 4897
10987 2 2 10 4 2123 2581 1959
10988 2 2 10 4 2798 2843 2801
10989 2 2 10 4 4351 4353 3666
10990 2 2 10 4 3007 6463 2016
10991 2 2 10 4 1488 1489 1480
10992 2 2 10 4 1320 2408 1318
10993 2 2 10 4 1957 2895 2894
10994 2 2 10 4 1316 2400 1314
10995 2 2 10 4 1109 2363 1107
10996 2 2 10 4 3268 4271 4270
10997 2 2 10 4 2363 6726 6560
10998 2 2 10 4 3056 3058 3057
10999 2 2 10 4 2688 3408 3407
11000 2 2 10 4 7371 7433 4054
11001 2 2 10 4 6412 6498 3528
11002 2 2 10 4 3707 3814 3708
11003 2 2 10 4 3839 4409 3838
11004 2 2 10 4 3201 3597 3202
11005 2 2 10 4 2801 6297 2802
11006 2 2 10 4 2738 2739 2737
11007 2 2 10 4 4114 4418 3685
11008 2 2 10 4 4374 4375 3062
11009 2 2 10 4 2886 3345 2715
11010 2 2 10 4 5426 6936 5427
11011 2 2 10 4 3058 3060 3059
11012 2 2 10 4 4802 6572 565
11013 2 2 10 4 1566 1568 1567
11014 2 2 10 4 1061 2697 2696
11015 2 2 10 4 6611 6681 2061
11016 2 2 10 4 2174 2998 2173
11017 2 2 10 4 3253 3819 3192
11018 2 2 10 4 3537 4261 4071
11019 2 2 10 4 4441 4443 4442
11020 2 2 10 4 3060 3062 3061
11021 2 2 10 4 1994 1995 1662
11022 2 2 10 4 5711 6461 4563
11023 2 2 10 4 3755 7173 5152
11024 2 2 10 4 2627 6489 3259
11025 2 2 10 4 779 2063 778
11026 2 2 10 4 2013 2014 2012
11027 2 2 10 4 6460 6524 4015
11028 2 2 10 4 2548 3025 2547
11029 2 2 10 4 3955 6456 5826
11030 2 2 10 4 3152 6608 3154
11031 2 2 10 4 4443 4568 4444
11032 2 2 10 4 3536 3537 2998
11033 2 2 10 4 2879 3608 1762
11034 2 2 10 4 1568 1570 1569
11035 2 2 10 4 5582 7588 6102
11036 2 2 10 4 3734 6633 4539
11037 2 2 10 4 5547 6435 1024
11038 2 2 10 4 1961 4020 3674
11039 2 2 10 4 5517 6812 3941
11040 2 2 10 4 4472 6909 4470
11041 2 2 10 4 3199 3490 3025
11042 2 2 10 4 1229 6085 3714
11043 2 2 10 4 2015 2016 2014
11044 2 2 10 4 3736 6655 3900
11045 2 2 10 4 2757 6337 2758
11046 2 2 10 4 324 6989 557
11047 2 2 10 4 3408 3409 3407
11048 2 2 10 4 2843 3613 2801
11049 2 2 10 4 2293 2294 1525
11050 2 2 10 4 718 722 721
11051 2 2 10 4 2895 3380 2896
11052 2 2 10 4 2582 3138 2581
11053 2 2 10 4 1448 6161 1449
11054 2 2 10 4 404 6992 625
11055 2 2 10 4 510 6992 403
11056 2 2 10 4 3140 3363 3138
11057 2 2 10 4 1449 1454 1452
11058 2 2 10 4 775 6132 774
11059 2 2 10 4 2687 2688 2294
11060 2 2 10 4 1996 1997 1995
11061 2 2 10 4 2064 4036 3947
11062 2 2 10 4 2104 2398 974
11063 2 2 10 4 6623 6900 1230
11064 2 2 10 4 1570 1756 1571
11065 2 2 10 4 2983 2994 2060
11066 2 2 10 4 3343 4088 4087
11067 2 2 10 4 5913 6468 3594
11068 2 2 10 4 2086 3251 3250
11069 2 2 10 4 6167 7655 5210
11070 2 2 10 4 1456 6161 1448
11071 2 2 10 4 4430 6368 3556
11072 2 2 10 4 3232 4079 3720
11073 2 2 10 4 1622 6220 1618
11074 2 2 10 4 4107 4597 3898
11075 2 2 10 4 4054 4280 4008
11076 2 2 10 4 868 6112 871
11077 2 2 10 4 3972 3973 3970
11078 2 2 10 4 1387 6367 1961
11079 2 2 10 4 3609 3611 3608
11080 2 2 10 4 4736 7266 5776
11081 2 2 10 4 4600 7643 504
11082 2 2 10 4 3388 6133 5571
11083 2 2 10 4 4078 6385 3286
11084 2 2 10 4 1488 1490 1489
11085 2 2 10 4 877 6364 879
11086 2 2 10 4 6503 7441 4661
11087 2 2 10 4 4221 4836 4219
11088 2 2 10 4 1324 3620 2546
11089 2 2 10 4 2292 6453 2238
11090 2 2 10 4 3851 6614 5811
11091 2 2 10 4 964 965 947
11092 2 2 10 4 2060 6165 1851
11093 2 2 10 4 3091 3562 3560
11094 2 2 10 4 2660 3092 2659
11095 2 2 10 4 1190 6362 2064
11096 2 2 10 4 1342 6348 1341
11097 2 2 10 4 6730 6731 4472
11098 2 2 10 4 2072 3789 3619
11099 2 2 10 4 1998 1999 1997
11100 2 2 10 4 3902 4311 3409
11101 2 2 10 4 2697 2699 2698
11102 2 2 10 4 3350 6156 3287
11103 2 2 10 4 1389 6367 1387
11104 2 2 10 4 3903 6617 3905
11105 2 2 10 4 3614 3616 3613
11106 2 2 10 4 1541 2375 1538
11107 2 2 10 4 3532 6283 2908
11108 2 2 10 4 4432 6747 4430
11109 2 2 10 4 2493 3623 1768
11110 2 2 10 4 4983 5951 4984
11111 2 2 10 4 4008 7241 7043
11112 2 2 10 4 1186 6370 1184
11113 2 2 10 4 1180 6373 1177
11114 2 2 10 4 946 6168 949
11115 2 2 10 4 1851 6165 1853
11116 2 2 10 4 3587 6361 884
11117 2 2 10 4 676 7167 5344
11118 2 2 10 4 785 2081 784
11119 2 2 10 4 1454 1465 1464
11120 2 2 10 4 1028 1053 1052
11121 2 2 10 4 1132 6251 1129
11122 2 2 10 4 5543 6950 5542
11123 2 2 10 4 5249 6580 5671
11124 2 2 10 4 4394 4555 4393
11125 2 2 10 4 1494 6305 1488
11126 2 2 10 4 1465 1480 1479
11127 2 2 10 4 985 996 984
11128 2 2 10 4 2376 2726 2375
11129 2 2 10 4 3921 5363 3630
11130 2 2 10 4 2200 3003 2342
11131 2 2 10 4 3329 3568 2994
11132 2 2 10 4 722 724 723
11133 2 2 10 4 1516 1522 1521
11134 2 2 10 4 1053 1079 1067
11135 2 2 10 4 1079 1553 1084
11136 2 2 10 4 997 1016 996
11137 2 2 10 4 1553 2303 1554
11138 2 2 10 4 5496 7629 4775
11139 2 2 10 4 2303 3005 2304
11140 2 2 10 4 6010 6646 3738
11141 2 2 10 4 2727 3511 2726
11142 2 2 10 4 3796 3797 3241
11143 2 2 10 4 4394 4846 4555
11144 2 2 10 4 3304 3769 3612
11145 2 2 10 4 3003 3673 3004
11146 2 2 10 4 1383 6376 1380
11147 2 2 10 4 1490 1500 1499
11148 2 2 10 4 3287 3288 3286
11149 2 2 10 4 1500 1512 1510
11150 2 2 10 4 2047 2627 2073
11151 2 2 10 4 3620 3622 3621
11152 2 2 10 4 3093 4018 3092
11153 2 2 10 4 976 977 965
11154 2 2 10 4 3769 4112 3612
11155 2 2 10 4 6182 6537 2072
11156 2 2 10 4 3049 6397 3051
11157 2 2 10 4 994 995 977
11158 2 2 10 4 2469 6622 5753
11159 2 2 10 4 4033 6444 3986
11160 2 2 10 4 2293 6309 2888
11161 2 2 10 4 724 901 898
11162 2 2 10 4 1227 3921 3630
11163 2 2 10 4 2200 2342 966
11164 2 2 10 4 1028 1052 1027
11165 2 2 10 4 1522 1527 1521
11166 2 2 10 4 3511 4124 3513
11167 2 2 10 4 901 969 968
11168 2 2 10 4 1016 1050 1018
11169 2 2 10 4 3041 6179 3232
11170 2 2 10 4 3770 3771 3623
11171 2 2 10 4 4414 5647 3832
11172 2 2 10 4 1624 6186 1626
11173 2 2 10 4 4152 4153 3771
11174 2 2 10 4 3263 6224 3803
11175 2 2 10 4 4355 5028 3797
11176 2 2 10 4 947 6168 946
11177 2 2 10 4 4493 7579 2147
11178 2 2 10 4 2104 6312 3821
11179 2 2 10 4 2493 3770 3623
11180 2 2 10 4 5979 6019 1699
11181 2 2 10 4 1782 2315 1527
11182 2 2 10 4 3645 6458 3876
11183 2 2 10 4 9 6868 685
11184 2 2 10 4 2316 3015 2315
11185 2 2 10 4 5865 6464 5864
11186 2 2 10 4 6848 6870 2475
11187 2 2 10 4 1050 1073 1051
11188 2 2 10 4 1522 1782 1527
11189 2 2 10 4 969 984 982
11190 2 2 10 4 1782 2316 2315
11191 2 2 10 4 2316 3016 3015
11192 2 2 10 4 1192 6362 1190
11193 2 2 10 4 2700 2701 2699
11194 2 2 10 4 3789 6105 3619
11195 2 2 10 4 884 6361 886
11196 2 2 10 4 3770 4152 3771
11197 2 2 10 4 3206 4219 3234
11198 2 2 10 4 964 976 965
11199 2 2 10 4 3769 4567 4112
11200 2 2 10 4 3635 4054 4008
11201 2 2 10 4 2881 2883 2880
11202 2 2 10 4 1328 6314 1325
11203 2 2 10 4 2660 3093 3092
11204 2 2 10 4 1735 1736 1702
11205 2 2 10 4 954 6765 5317
11206 2 2 10 4 1999 2001 2000
11207 2 2 10 4 3620 3621 2546
11208 2 2 10 4 7253 7367 5188
11209 2 2 10 4 4299 7503 4176
11210 2 2 10 4 5546 7511 4459
11211 2 2 10 4 1088 2086 1087
11212 2 2 10 4 4405 6286 3708
11213 2 2 10 4 1490 1499 1489
11214 2 2 10 4 994 1012 995
11215 2 2 10 4 976 994 977
11216 2 2 10 4 1463 3633 3632
11217 2 2 10 4 1073 1538 1074
11218 2 2 10 4 756 2104 974
11219 2 2 10 4 1238 7361 5221
11220 2 2 10 4 567 6879 117
11221 2 2 10 4 3692 6464 3595
11222 2 2 10 4 2983 3329 2994
11223 2 2 10 4 3343 4087 3342
11224 2 2 10 4 3090 3091 2701
11225 2 2 10 4 2110 2111 1736
11226 2 2 10 4 3637 3638 3251
11227 2 2 10 4 1325 6314 1324
11228 2 2 10 4 1500 1510 1499
11229 2 2 10 4 1454 1464 1452
11230 2 2 10 4 3169 3959 3909
11231 2 2 10 4 5321 6722 3762
11232 2 2 10 4 1053 1067 1052
11233 2 2 10 4 3003 3004 2342
11234 2 2 10 4 4020 4021 3674
11235 2 2 10 4 2001 2003 2002
11236 2 2 10 4 3329 4824 3568
11237 2 2 10 4 1079 1084 1067
11238 2 2 10 4 1553 1554 1084
11239 2 2 10 4 2303 2304 1554
11240 2 2 10 4 2523 7384 850
11241 2 2 10 4 1927 4043 4042
11242 2 2 10 4 2879 6316 3610
11243 2 2 10 4 2063 2107 2106
11244 2 2 10 4 1707 4379 4040
11245 2 2 10 4 3490 4855 3631
11246 2 2 10 4 2065 2309 2308
11247 2 2 10 4 2126 6122 1378
11248 2 2 10 4 3408 3902 3409
11249 2 2 10 4 6869 6931 4149
11250 2 2 10 4 1465 1479 1464
11251 2 2 10 4 2718 2719 2111
11252 2 2 10 4 1275 2293 1525
11253 2 2 10 4 2843 3614 3613
11254 2 2 10 4 2879 3609 3608
11255 2 2 10 4 2005 2007 2006
11256 2 2 10 4 2003 2005 2004
11257 2 2 10 4 3056 3057 2757
11258 2 2 10 4 5259 7262 1958
11259 2 2 10 4 2474 3192 2475
11260 2 2 10 4 3554 6153 4067
11261 2 2 10 4 3639 3640 3638
11262 2 2 10 4 2739 3353 3203
11263 2 2 10 4 3641 6164 3640
11264 2 2 10 4 2123 2582 2581
11265 2 2 10 4 1263 1264 1258
11266 2 2 10 4 4606 6851 1758
11267 2 2 10 4 3370 3371 2719
11268 2 2 10 4 3179 7012 6562
11269 2 2 10 4 3705 3706 1993
11270 2 2 10 4 2895 2896 2894
11271 2 2 10 4 2104 2572 2398
11272 2 2 10 4 975 2313 2312
11273 2 2 10 4 6048 6326 984
11274 2 2 10 4 2007 2009 2008
11275 2 2 10 4 5071 6470 5073
11276 2 2 10 4 4064 4396 4066
11277 2 2 10 4 2109 2547 2495
11278 2 2 10 4 3752 3942 3644
11279 2 2 10 4 1769 6319 1772
11280 2 2 10 4 3925 4139 3296
11281 2 2 10 4 3564 6179 3041
11282 2 2 10 4 4088 4174 4087
11283 2 2 10 4 3380 4108 2896
11284 2 2 10 4 1341 2898 2436
11285 2 2 10 4 2107 2109 2108
11286 2 2 10 4 1229 3713 3712
11287 2 2 10 4 2009 2012 2011
11288 2 2 10 4 2172 2174 2173
11289 2 2 10 4 4235 4356 3371
11290 2 2 10 4 3247 3248 2976
11291 2 2 10 4 2582 3140 3138
11292 2 2 10 4 3203 6557 6380
11293 2 2 10 4 2293 2687 2294
11294 2 2 10 4 2050 2121 2120
11295 2 2 10 4 3353 4508 4265
11296 2 2 10 4 2627 3258 2628
11297 2 2 10 4 3683 3684 3682
11298 2 2 10 4 4042 6138 1910
11299 2 2 10 4 3651 3652 3590
11300 2 2 10 4 1103 2043 1102
11301 2 2 10 4 3678 3815 3298
11302 2 2 10 4 3058 3059 3057
11303 2 2 10 4 2313 2735 2734
11304 2 2 10 4 2174 3536 2998
11305 2 2 10 4 3814 4038 3708
11306 2 2 10 4 3060 3061 3059
11307 2 2 10 4 1768 6319 1769
11308 2 2 10 4 3707 3708 3706
11309 2 2 10 4 4067 4429 3556
11310 2 2 10 4 2482 3188 2481
11311 2 2 10 4 5070 6144 5078
11312 2 2 10 4 1483 6476 5295
11313 2 2 10 4 2121 2409 2300
11314 2 2 10 4 4027 4028 3248
11315 2 2 10 4 1228 6074 1204
11316 2 2 10 4 1417 6230 1415
11317 2 2 10 4 2409 3084 2570
11318 2 2 10 4 1560 1561 1264
11319 2 2 10 4 3655 3656 3654
11320 2 2 10 4 2898 3081 2899
11321 2 2 10 4 3081 4099 3402
11322 2 2 10 4 3653 3654 3652
11323 2 2 10 4 2176 7606 4892
11324 2 2 10 4 1393 6182 2072
11325 2 2 10 4 1395 6182 1393
11326 2 2 10 4 846 7384 852
11327 2 2 10 4 2305 6698 6612
11328 2 2 10 4 1462 6193 1459
11329 2 2 10 4 3189 4228 3188
11330 2 2 10 4 3617 6133 3390
11331 2 2 10 4 2309 2847 2846
11332 2 2 10 4 5528 7114 5548
11333 2 2 10 4 3529 6224 6053
11334 2 2 10 4 6140 6283 3532
11335 2 2 10 4 891 6190 893
11336 2 2 10 4 4553 6556 6388
11337 2 2 10 4 6025 6203 3932
11338 2 2 10 4 219 6697 218
11339 2 2 10 4 4498 6170 4847
11340 2 2 10 4 3785 6149 3784
11341 2 2 10 4 6712 6849 1213
11342 2 2 10 4 6184 6460 4015
11343 2 2 10 4 5776 7266 3741
11344 2 2 10 4 952 6196 958
11345 2 2 10 4 5754 6636 2559
11346 2 2 10 4 3812 6636 3423
11347 2 2 10 4 3147 6412 3148
11348 2 2 10 4 3358 6414 3368
11349 2 2 10 4 5699 6637 5698
11350 2 2 10 4 3933 6637 5697
11351 2 2 10 4 2253 6415 2251
11352 2 2 10 4 2977 6187 2978
11353 2 2 10 4 2145 6468 5913
11354 2 2 10 4 3076 6640 2574
11355 2 2 10 4 6606 7023 4152
11356 2 2 10 4 585 6868 10
11357 2 2 10 4 3707 6621 3883
11358 2 2 10 4 5872 6472 3967
11359 2 2 10 4 4314 6029 3472
11360 2 2 10 4 1307 7357 2569
11361 2 2 10 4 1 6716 131
11362 2 2 10 4 5587 7234 5297
11363 2 2 10 4 4160 7143 6847
11364 2 2 10 4 2703 6425 2567
11365 2 2 10 4 3573 6462 3571
11366 2 2 10 4 5318 6897 5319
11367 2 2 10 4 3174 6043 3866
11368 2 2 10 4 132 6717 2
11369 2 2 10 4 5044 7647 6349
11370 2 2 10 4 3267 6555 5740
11371 2 2 10 4 4291 6598 3841
11372 2 2 10 4 6121 6523 3767
11373 2 2 10 4 1401 6199 1399
11374 2 2 10 4 4082 6373 2894
11375 2 2 10 4 4146 6469 4377
11376 2 2 10 4 1602 6455 1600
11377 2 2 10 4 3947 6500 6370
11378 2 2 10 4 1063 6201 1080
11379 2 2 10 4 2740 6283 2739
11380 2 2 10 4 1668 6041 5566
11381 2 2 10 4 1845 6142 1848
11382 2 2 10 4 2020 6641 5638
11383 2 2 10 4 1024 6435 1048
11384 2 2 10 4 4552 6646 6010
11385 2 2 10 4 4317 6428 5807
11386 2 2 10 4 4748 6601 530
11387 2 2 10 4 2908 6283 2740
11388 2 2 10 4 7242 7359 4266
11389 2 2 10 4 5283 7068 4511
11390 2 2 10 4 6364 6499 3948
11391 2 2 10 4 4348 7633 4536
11392 2 2 10 4 6188 6919 2841
11393 2 2 10 4 1501 6210 1495
11394 2 2 10 4 1654 6111 1665
11395 2 2 10 4 5734 6654 3036
11396 2 2 10 4 5075 6144 5072
11397 2 2 10 4 4000 6951 5229
11398 2 2 10 4 2939 6266 3083
11399 2 2 10 4 966 6190 891
11400 2 2 10 4 1877 6095 1891
11401 2 2 10 4 366 6427 367
11402 2 2 10 4 1183 6373 1180
11403 2 2 10 4 5475 7627 6131
11404 2 2 10 4 5707 6432 3696
11405 2 2 10 4 4843 6824 3692
11406 2 2 10 4 3723 6657 4486
11407 2 2 10 4 4266 6433 5915
11408 2 2 10 4 5695 6658 3689
11409 2 2 10 4 2893 7191 2828
11410 2 2 10 4 1064 6203 6025
11411 2 2 10 4 768 6090 765
11412 2 2 10 4 359 7078 513
11413 2 2 10 4 627 7078 358
11414 2 2 10 4 1200 6205 1198
11415 2 2 10 4 4927 7094 2144
11416 2 2 10 4 2898 6348 4104
11417 2 2 10 4 2768 6554 5632
11418 2 2 10 4 5762 6709 2127
11419 2 2 10 4 1614 7545 1617
11420 2 2 10 4 1806 6219 1808
11421 2 2 10 4 5239 6878 3775
11422 2 2 10 4 4723 6867 492
11423 2 2 10 4 5601 6558 1290
11424 2 2 10 4 2007 6366 5971
11425 2 2 10 4 3458 6071 4427
11426 2 2 10 4 3842 6551 6536
11427 2 2 10 4 1253 6311 1249
11428 2 2 10 4 2103 7069 4851
11429 2 2 10 4 5977 6375 4910
11430 2 2 10 4 6012 6167 1754
11431 2 2 10 4 895 6214 897
11432 2 2 10 4 2639 6211 2636
11433 2 2 10 4 474 7086 4826
11434 2 2 10 4 564 7086 473
11435 2 2 10 4 1537 6648 1124
11436 2 2 10 4 3787 6149 4161
11437 2 2 10 4 4849 6512 4848
11438 2 2 10 4 3706 6286 3709
11439 2 2 10 4 4527 7436 2662
11440 2 2 10 4 1656 6582 1658
11441 2 2 10 4 5769 6666 3239
11442 2 2 10 4 5947 6675 3742
11443 2 2 10 4 4567 7272 694
11444 2 2 10 4 5692 6436 4367
11445 2 2 10 4 1779 6217 2411
11446 2 2 10 4 1278 6215 1276
11447 2 2 10 4 4594 6446 5599
11448 2 2 10 4 4084 7436 4083
11449 2 2 10 4 903 6223 905
11450 2 2 10 4 4487 6164 3644
11451 2 2 10 4 1609 6225 1607
11452 2 2 10 4 1399 6199 1463
11453 2 2 10 4 879 6364 883
11454 2 2 10 4 1891 6134 1879
11455 2 2 10 4 1189 6370 1186
11456 2 2 10 4 6053 6224 3263
11457 2 2 10 4 3971 6322 3976
11458 2 2 10 4 2956 6445 5303
11459 2 2 10 4 5454 6675 5947
11460 2 2 10 4 1405 6228 1403
11461 2 2 10 4 5727 6720 3531
11462 2 2 10 4 350 7135 351
11463 2 2 10 4 644 7441 5036
11464 2 2 10 4 1216 6085 1229
11465 2 2 10 4 2512 6679 2508
11466 2 2 10 4 3993 6964 4010
11467 2 2 10 4 3636 6338 3635
11468 2 2 10 4 3007 6469 6463
11469 2 2 10 4 4385 7247 4044
11470 2 2 10 4 1061 6435 6063
11471 2 2 10 4 2089 6683 2535
11472 2 2 10 4 1988 6683 1989
11473 2 2 10 4 6203 6236 3932
11474 2 2 10 4 1636 6234 1641
11475 2 2 10 4 4154 6574 3771
11476 2 2 10 4 4547 7520 3309
11477 2 2 10 4 496 7285 6541
11478 2 2 10 4 1208 6238 1206
11479 2 2 10 4 3356 6235 3572
11480 2 2 10 4 5778 6713 5993
11481 2 2 10 4 2110 6431 2718
11482 2 2 10 4 5526 6756 822
11483 2 2 10 4 499 7266 4736
11484 2 2 10 4 2455 6239 2457
11485 2 2 10 4 2549 6360 803
11486 2 2 10 4 1392 6367 1389
11487 2 2 10 4 2438 7357 1305
11488 2 2 10 4 153 7024 5395
11489 2 2 10 4 5142 6764 5133
11490 2 2 10 4 1780 6568 6217
11491 2 2 10 4 6043 6248 3866
11492 2 2 10 4 3003 6592 3701
11493 2 2 10 4 760 6312 757
11494 2 2 10 4 1477 6162 1481
11495 2 2 10 4 1212 6252 1210
11496 2 2 10 4 2085 6161 1456
11497 2 2 10 4 1536 6171 1532
11498 2 2 10 4 407 6443 408
11499 2 2 10 4 876 6275 2123
11500 2 2 10 4 572 6997 178
11501 2 2 10 4 4016 6597 4047
11502 2 2 10 4 1756 6124 1571
11503 2 2 10 4 3199 6115 3490
11504 2 2 10 4 778 6132 775
11505 2 2 10 4 907 6262 909
11506 2 2 10 4 6379 6463 4146
11507 2 2 10 4 524 7118 4476
11508 2 2 10 4 6023 6447 2706
11509 2 2 10 4 6087 6507 1719
11510 2 2 10 4 1780 6217 1779
11511 2 2 10 4 1447 6324 1445
11512 2 2 10 4 1992 6271 2368
11513 2 2 10 4 771 6261 769
11514 2 2 10 4 3915 6352 3183
11515 2 2 10 4 1853 6165 1857
11516 2 2 10 4 2859 6265 2861
11517 2 2 10 4 3689 6510 3283
11518 2 2 10 4 3832 6451 3601
11519 2 2 10 4 1503 7047 1492
11520 2 2 10 4 3204 7083 4243
11521 2 2 10 4 1286 6268 1284
11522 2 2 10 4 7073 7412 4864
11523 2 2 10 4 3792 6838 6004
11524 2 2 10 4 6524 6597 4016
11525 2 2 10 4 949 6168 2103
11526 2 2 10 4 992 6263 1008
11527 2 2 10 4 4545 7617 7016
11528 2 2 10 4 2396 6207 1560
11529 2 2 10 4 1794 6278 3205
11530 2 2 10 4 5137 6154 5320
11531 2 2 10 4 6253 6549 3528
11532 2 2 10 4 1789 7254 5145
11533 2 2 10 4 2086 6315 3637
11534 2 2 10 4 1459 6193 2085
11535 2 2 10 4 4784 7463 528
11536 2 2 10 4 1363 7140 1364
11537 2 2 10 4 1638 6274 1622
11538 2 2 10 4 3574 6270 3576
11539 2 2 10 4 5413 6598 572
11540 2 2 10 4 3861 7018 5349
11541 2 2 10 4 616 6461 5618
11542 2 2 10 4 6054 7616 4379
11543 2 2 10 4 2463 6277 2465
11544 2 2 10 4 2714 6431 2110
11545 2 2 10 4 6924 7343 4489
11546 2 2 10 4 740 6331 738
11547 2 2 10 4 5969 6507 6087
11548 2 2 10 4 5250 7334 2993
11549 2 2 10 4 832 6232 2141
11550 2 2 10 4 5203 7501 3675
11551 2 2 10 4 886 6361 890
11552 2 2 10 4 1993 6223 903
11553 2 2 10 4 1772 6319 2345
11554 2 2 10 4 5368 7431 4006
11555 2 2 10 4 588 6269 6157
11556 2 2 10 4 2658 6236 2660
11557 2 2 10 4 1195 6362 1192
11558 2 2 10 4 5989 6533 2938
11559 2 2 10 4 4046 6179 3564
11560 2 2 10 4 3014 6442 2686
11561 2 2 10 4 781 6279 779
11562 2 2 10 4 1174 7635 1178
11563 2 2 10 4 6727 6782 3487
11564 2 2 10 4 6509 6692 4954
11565 2 2 10 4 4315 6235 3356
11566 2 2 10 4 2869 6292 2871
11567 2 2 10 4 3504 6187 2977
11568 2 2 10 4 682 7114 5428
11569 2 2 10 4 1296 6293 1294
11570 2 2 10 4 5993 6713 5112
11571 2 2 10 4 1050 6390 6020
11572 2 2 10 4 2122 6314 1328
11573 2 2 10 4 4711 6453 5909
11574 2 2 10 4 2758 6337 2800
11575 2 2 10 4 1766 6291 2493
11576 2 2 10 4 7282 7338 687
11577 2 2 10 4 989 6183 987
11578 2 2 10 4 2708 6287 2676
11579 2 2 10 4 1626 6186 1711
11580 2 2 10 4 834 6281 836
11581 2 2 10 4 2808 6297 2834
11582 2 2 10 4 3047 6720 3570
11583 2 2 10 4 3531 6720 2987
11584 2 2 10 4 1220 6288 1218
11585 2 2 10 4 3956 6456 3955
11586 2 2 10 4 541 6448 4652
11587 2 2 10 4 4873 6889 5088
11588 2 2 10 4 6583 6595 6105
11589 2 2 10 4 6162 7198 1481
11590 2 2 10 4 3767 6523 5328
11591 2 2 10 4 6185 6548 3168
11592 2 2 10 4 970 6896 5177
11593 2 2 10 4 601 6675 5454
11594 2 2 10 4 1282 6457 1280
11595 2 2 10 4 3526 6109 3717
11596 2 2 10 4 2103 6196 952
11597 2 2 10 4 1076 6295 1017
11598 2 2 10 4 6834 6980 4514
11599 2 2 10 4 957 6651 6518
11600 2 2 10 4 662 7162 5257
11601 2 2 10 4 677 7023 6606
11602 2 2 10 4 838 6289 841
11603 2 2 10 4 3227 7193 5338
11604 2 2 10 4 602 7295 7024
11605 2 2 10 4 4293 6527 4558
11606 2 2 10 4 3072 6727 3487
11607 2 2 10 4 581 6922 193
11608 2 2 10 4 2762 6454 2764
11609 2 2 10 4 982 6326 1000
11610 2 2 10 4 787 6301 785
11611 2 2 10 4 919 6299 921
11612 2 2 10 4 3578 6729 3156
11613 2 2 10 4 1398 6182 1395
11614 2 2 10 4 6432 7074 1014
11615 2 2 10 4 1090 6315 1088
11616 2 2 10 4 1573 6300 1575
11617 2 2 10 4 2474 6325 3253
11618 2 2 10 4 4824 6987 2536
11619 2 2 10 4 1345 6348 1342
11620 2 2 10 4 2059 6460 2034
11621 2 2 10 4 1198 6205 5966
11622 2 2 10 4 730 6327 728
11623 2 2 10 4 1423 6306 1421
11624 2 2 10 4 3592 6298 3765
11625 2 2 10 4 3973 6896 6322
11626 2 2 10 4 2127 6735 2128
11627 2 2 10 4 4243 6643 6163
11628 2 2 10 4 3644 6164 3641
11629 2 2 10 4 3818 6266 2933
11630 2 2 10 4 5585 6874 5655
11631 2 2 10 4 2928 6356 3817
11632 2 2 10 4 1468 6193 1462
11633 2 2 10 4 5467 6471 5950
11634 2 2 10 4 1000 6325 1010
11635 2 2 10 4 6195 6343 1702
11636 2 2 10 4 4778 6486 4779
11637 2 2 10 4 975 6481 5557
11638 2 2 10 4 893 6190 2146
11639 2 2 10 4 1824 6320 1827
11640 2 2 10 4 678 7542 4510
11641 2 2 10 4 2871 6307 2873
11642 2 2 10 4 2318 6737 5839
11643 2 2 10 4 1511 6616 1499
11644 2 2 10 4 6060 6391 2835
11645 2 2 10 4 2258 6628 2673
11646 2 2 10 4 1386 6376 1383
11647 2 2 10 4 2494 7063 5289
11648 2 2 10 4 6405 6577 3648
11649 2 2 10 4 5458 7293 2549
11650 2 2 10 4 957 6518 951
11651 2 2 10 4 3287 6156 3288
11652 2 2 10 4 958 6196 963
11653 2 2 10 4 4250 6963 5324
11654 2 2 10 4 3663 6710 5257
11655 2 2 10 4 2570 6229 3243
11656 2 2 10 4 553 7039 6781
11657 2 2 10 4 2897 6332 5636
11658 2 2 10 4 5349 7557 3861
11659 2 2 10 4 1924 6465 1931
11660 2 2 10 4 6601 7482 530
11661 2 2 10 4 3894 7034 5414
11662 2 2 10 4 1406 6791 5211
11663 2 2 10 4 4243 6991 6643
11664 2 2 10 4 5148 6496 5149
11665 2 2 10 4 2636 6211 2638
11666 2 2 10 4 2353 6467 3037
11667 2 2 10 4 3962 6543 3961
11668 2 2 10 4 6047 6384 2375
11669 2 2 10 4 1427 6313 1425
11670 2 2 10 4 2106 6132 778
11671 2 2 10 4 3926 7591 4596
11672 2 2 10 4 3601 6451 3603
11673 2 2 10 4 196 7250 195
11674 2 2 10 4 3368 6414 5215
11675 2 2 10 4 769 6261 2050
11676 2 2 10 4 3250 6295 1087
11677 2 2 10 4 2378 6251 1132
11678 2 2 10 4 1048 6435 1061
11679 2 2 10 4 2124 6199 1401
11680 2 2 10 4 5275 7397 5278
11681 2 2 10 4 4792 6994 6172
11682 2 2 10 4 639 7244 430
11683 2 2 10 4 431 7244 493
11684 2 2 10 4 578 7122 114
11685 2 2 10 4 1080 6201 1536
11686 2 2 10 4 3262 6264 3261
11687 2 2 10 4 2146 6214 895
11688 2 2 10 4 2497 6257 3280
11689 2 2 10 4 4764 7481 4765
11690 2 2 10 4 4715 7482 4716
11691 2 2 10 4 803 6360 800
11692 2 2 10 4 4092 6434 6142
11693 2 2 10 4 4169 7015 3951
11694 2 2 10 4 602 7024 154
11695 2 2 10 4 1577 6323 1579
11696 2 2 10 4 1899 7134 6070
11697 2 2 10 4 5573 6723 3916
11698 2 2 10 4 4834 7362 5066
11699 2 2 10 4 3998 6839 5564
11700 2 2 10 4 1275 6309 2293
11701 2 2 10 4 3842 6536 5376
11702 2 2 10 4 3206 6307 4221
11703 2 2 10 4 2718 6761 3370
11704 2 2 10 4 6197 7538 2105
11705 2 2 10 4 603 6730 5531
11706 2 2 10 4 3311 6474 5774
11707 2 2 10 4 5121 6383 4978
11708 2 2 10 4 3666 6245 3655
11709 2 2 10 4 1685 6343 1678
11710 2 2 10 4 756 6312 2104
11711 2 2 10 4 3973 6322 3970
11712 2 2 10 4 4572 6955 4574
11713 2 2 10 4 6224 6647 3803
11714 2 2 10 4 4220 7390 4222
11715 2 2 10 4 2969 6770 2233
11716 2 2 10 4 3509 6477 5682
11717 2 2 10 4 6451 6466 570
11718 2 2 10 4 2720 6379 3492
11719 2 2 10 4 4624 6719 627
11720 2 2 10 4 1203 6205 1200
11721 2 2 10 4 3560 6394 2701
11722 2 2 10 4 2778 6334 2780
11723 2 2 10 4 1004 7429 737
11724 2 2 10 4 2120 6090 768
11725 2 2 10 4 560 7277 439
11726 2 2 10 4 440 7277 4812
11727 2 2 10 4 3403 6773 3949
11728 2 2 10 4 923 6335 925
11729 2 2 10 4 5545 6682 698
11730 2 2 10 4 5088 7206 7026
11731 2 2 10 4 5112 6713 5111
11732 2 2 10 4 3057 6337 2757
11733 2 2 10 4 6513 6834 4041
11734 2 2 10 4 2682 6267 2681
11735 2 2 10 4 5047 6450 5050
11736 2 2 10 4 1607 6225 5568
11737 2 2 10 4 4007 6548 6185
11738 2 2 10 4 1403 6228 2124
11739 2 2 10 4 2692 6494 3750
11740 2 2 10 4 6215 6309 1276
11741 2 2 10 4 1213 6935 1214
11742 2 2 10 4 1341 6348 2898
11743 2 2 10 4 6301 6302 2081
11744 2 2 10 4 1618 6220 1621
11745 2 2 10 4 1561 6207 2377
11746 2 2 10 4 1105 6259 1103
11747 2 2 10 4 3135 6211 2639
11748 2 2 10 4 897 6214 902
11749 2 2 10 4 5277 7535 6995
11750 2 2 10 4 1225 6452 1222
11751 2 2 10 4 2681 6267 3265
11752 2 2 10 4 5426 7563 5425
11753 2 2 10 4 1206 6238 1228
11754 2 2 10 4 3753 6810 5027
11755 2 2 10 4 779 6279 2063
11756 2 2 10 4 3158 6790 3160
11757 2 2 10 4 553 7209 5327
11758 2 2 10 4 2203 6648 6137
11759 2 2 10 4 2140 6210 1501
11760 2 2 10 4 969 6389 985
11761 2 2 10 4 4068 6787 6534
11762 2 2 10 4 2739 6283 3353
11763 2 2 10 4 2744 6484 2746
11764 2 2 10 4 5291 7381 2622
11765 2 2 10 4 2213 6520 2490
11766 2 2 10 4 6468 6674 3594
11767 2 2 10 4 3310 6239 2455
11768 2 2 10 4 4100 6479 4101
11769 2 2 10 4 3672 6279 784
11770 2 2 10 4 2137 6215 1278
11771 2 2 10 4 3967 6472 3968
11772 2 2 10 4 1808 6219 1907
11773 2 2 10 4 2760 6483 2762
11774 2 2 10 4 7538 7571 4374
11775 2 2 10 4 5637 6493 1712
11776 2 2 10 4 2411 6217 3002
11777 2 2 10 4 1680 6225 1609
11778 2 2 10 4 4434 6925 4432
11779 2 2 10 4 2672 6257 2497
11780 2 2 10 4 4114 6726 4420
11781 2 2 10 4 7 6716 1
11782 2 2 10 4 1829 6340 1831
11783 2 2 10 4 2 6717 61
11784 2 2 10 4 1817 6459 1818
11785 2 2 10 4 5714 6471 6130
11786 2 2 10 4 1415 6230 2143
11787 2 2 10 4 3409 6285 3407
11788 2 2 10 4 905 6223 962
11789 2 2 10 4 1145 6678 1147
11790 2 2 10 4 3608 6291 1762
11791 2 2 10 4 4208 6634 4210
11792 2 2 10 4 2017 6366 2005
11793 2 2 10 4 3261 6264 3697
11794 2 2 10 4 2420 6488 2255
11795 2 2 10 4 594 7228 172
11796 2 2 10 4 1431 6344 1429
11797 2 2 10 4 2133 6219 1806
11798 2 2 10 4 1408 6228 1405
11799 2 2 10 4 3334 7358 1599
11800 2 2 10 4 3032 6804 3381
11801 2 2 10 4 3803 6439 4014
11802 2 2 10 4 5578 6498 5579
11803 2 2 10 4 1495 6210 1498
11804 2 2 10 4 2690 6478 2618
11805 2 2 10 4 2515 6807 3187
11806 2 2 10 4 2733 6807 2513
11807 2 2 10 4 3638 6369 4278
11808 2 2 10 4 1581 6347 1583
11809 2 2 10 4 1913 6803 1912
11810 2 2 10 4 785 6301 2081
11811 2 2 10 4 4962 7401 4070
11812 2 2 10 4 1708 6440 5979
11813 2 2 10 4 1641 6234 1674
11814 2 2 10 4 6463 6469 4146
11815 2 2 10 4 3613 6297 2801
11816 2 2 10 4 6071 6930 586
11817 2 2 10 4 6151 7003 2666
11818 2 2 10 4 1560 6207 1561
11819 2 2 10 4 984 6326 982
11820 2 2 10 4 4691 7580 5575
11821 2 2 10 4 4304 6829 4358
11822 2 2 10 4 2438 7494 4924
11823 2 2 10 4 2766 6554 2768
11824 2 2 10 4 2059 6524 6460
11825 2 2 10 4 3572 6235 4240
11826 2 2 10 4 5544 6976 692
11827 2 2 10 4 2135 6238 1208
11828 2 2 10 4 1279 6540 1281
11829 2 2 10 4 927 6350 929
11830 2 2 10 4 95 6936 94
11831 2 2 10 4 2782 6351 2784
11832 2 2 10 4 554 7081 4624
11833 2 2 10 4 3949 6773 5982
11834 2 2 10 4 2457 6239 3190
11835 2 2 10 4 595 7076 90
11836 2 2 10 4 2894 6373 1183
11837 2 2 10 4 464 7445 623
11838 2 2 10 4 3322 6746 4475
11839 2 2 10 4 6543 6611 5888
11840 2 2 10 4 3656 6245 3663
11841 2 2 10 4 2980 6274 1662
11842 2 2 10 4 195 6903 194
11843 2 2 10 4 1088 6315 2086
11844 2 2 10 4 1224 6850 6514
11845 2 2 10 4 3632 6537 6182
11846 2 2 10 4 5619 6661 5607
11847 2 2 10 4 1280 6457 2137
11848 2 2 10 4 1210 6252 2135
11849 2 2 10 4 5952 7210 657
11850 2 2 10 4 6169 7196 5685
11851 2 2 10 4 6047 6653 6384
11852 2 2 10 4 3286 6385 2018
11853 2 2 10 4 1144 6501 1141
11854 2 2 10 4 4024 6819 3172
11855 2 2 10 4 3171 6819 3874
11856 2 2 10 4 1488 6305 1490
11857 2 2 10 4 2058 6441 5976
11858 2 2 10 4 962 6262 907
11859 2 2 10 4 2043 6259 3683
11860 2 2 10 4 3026 6394 3671
11861 2 2 10 4 1027 6487 1063
11862 2 2 10 4 4240 6270 3574
11863 2 2 10 4 1818 6459 1821
11864 2 2 10 4 3136 7259 3700
11865 2 2 10 4 2398 6282 3011
11866 2 2 10 4 5145 7552 5144
11867 2 2 10 4 3201 6277 3825
11868 2 2 10 4 1290 6558 1288
11869 2 2 10 4 6938 7291 6042
11870 2 2 10 4 1476 6741 5183
11871 2 2 10 4 3354 6265 2859
11872 2 2 10 4 2360 7123 2599
11873 2 2 10 4 177 6997 5523
11874 2 2 10 4 2107 6620 5972
11875 2 2 10 4 5826 6456 3031
11876 2 2 10 4 1284 6268 2136
11877 2 2 10 4 2018 6385 1999
11878 2 2 10 4 1324 6314 3620
11879 2 2 10 4 4037 6828 3764
11880 2 2 10 4 1215 6252 1212
11881 2 2 10 4 1063 6487 6201
11882 2 2 10 4 4482 7566 548
11883 2 2 10 4 7196 7314 5685
11884 2 2 10 4 4284 6492 4285
11885 2 2 10 4 3744 6551 3842
11886 2 2 10 4 2000 6401 1997
11887 2 2 10 4 3084 6229 2570
11888 2 2 10 4 4150 6210 2140
11889 2 2 10 4 1435 6357 1433
11890 2 2 10 4 5421 7192 595
11891 2 2 10 4 3824 6440 5920
11892 2 2 10 4 6183 6263 992
11893 2 2 10 4 883 6364 3948
11894 2 2 10 4 5864 6464 2717
11895 2 2 10 4 146 7236 568
11896 2 2 10 4 909 6262 2144
11897 2 2 10 4 163 6818 162
11898 2 2 10 4 798 6358 796
11899 2 2 10 4 3269 6497 2478
11900 2 2 10 4 3947 6370 1189
11901 2 2 10 4 2699 6394 3026
11902 2 2 10 4 854 6481 856
11903 2 2 10 4 774 6261 771
11904 2 2 10 4 5851 6832 2732
11905 2 2 10 4 1008 6263 1023
11906 2 2 10 4 3335 6494 2692
11907 2 2 10 4 6133 6626 2084
11908 2 2 10 4 3712 6252 1215
11909 2 2 10 4 2368 6271 2483
11910 2 2 10 4 3631 6382 3025
11911 2 2 10 4 3623 6319 1768
11912 2 2 10 4 2136 6457 1282
11913 2 2 10 4 6560 6726 4113
11914 2 2 10 4 71 7112 5004
11915 2 2 10 4 5158 7139 6683
11916 2 2 10 4 2230 6502 2228
11917 2 2 10 4 2861 6265 3214
11918 2 2 10 4 3121 6718 2889
11919 2 2 10 4 2021 6268 1286
11920 2 2 10 4 115 7041 578
11921 2 2 10 4 2141 6281 834
11922 2 2 10 4 6027 6923 3386
11923 2 2 10 4 6612 6698 4104
11924 2 2 10 4 3698 6389 901
11925 2 2 10 4 3650 6504 5688
11926 2 2 10 4 3655 6245 3656
11927 2 2 10 4 3175 6277 2463
11928 2 2 10 4 665 7323 5413
11929 2 2 10 4 4290 6282 2572
11930 2 2 10 4 158 6881 601
11931 2 2 10 4 1017 6390 1016
11932 2 2 10 4 800 6360 802
11933 2 2 10 4 3023 6506 3067
11934 2 2 10 4 3576 6270 4180
11935 2 2 10 4 5691 6842 2529
11936 2 2 10 4 2388 6842 2996
11937 2 2 10 4 5001 6677 6281
11938 2 2 10 4 3205 6278 3996
11939 2 2 10 4 1539 6384 2302
11940 2 2 10 4 1175 6623 1230
11941 2 2 10 4 7020 7255 6918
11942 2 2 10 4 6130 6471 5467
11943 2 2 10 4 1023 6263 3925
11944 2 2 10 4 3708 6286 3706
11945 2 2 10 4 3619 6367 1392
11946 2 2 10 4 7208 7221 4549
11947 2 2 10 4 4590 7513 679
11948 2 2 10 4 2800 6483 2760
11949 2 2 10 4 96 6844 95
11950 2 2 10 4 931 6372 933
11951 2 2 10 4 1662 6274 1638
11952 2 2 10 4 3203 6380 2737
11953 2 2 10 4 5182 7539 5181
11954 2 2 10 4 1452 6324 1447
11955 2 2 10 4 5641 6508 4976
11956 2 2 10 4 4665 7088 624
11957 2 2 10 4 4337 6724 5623
11958 2 2 10 4 2786 6374 2788
11959 2 2 10 4 2938 6533 3065
11960 2 2 10 4 3968 6472 3972
11961 2 2 10 4 5531 6932 696
11962 2 2 10 4 3002 6217 3651
11963 2 2 10 4 1218 6288 6085
11964 2 2 10 4 6867 7032 492
11965 2 2 10 4 2764 6454 2804
11966 2 2 10 4 3155 6511 3153
11967 2 2 10 4 2465 6277 3201
11968 2 2 10 4 1952 7051 6948
11969 2 2 10 4 5579 6498 6412
11970 2 2 10 4 695 7127 130
11971 2 2 10 4 6230 6349 2143
11972 2 2 10 4 2905 7654 1565
11973 2 2 10 4 2728 6368 2396
11974 2 2 10 4 1103 6259 2043
11975 2 2 10 4 2732 6832 6059
11976 2 2 10 4 4275 6187 3504
11977 2 2 10 4 4625 6547 5307
11978 2 2 10 4 2999 6328 2881
11979 2 2 10 4 4949 7496 1898
11980 2 2 10 4 2242 6515 2240
11981 2 2 10 4 1538 6384 1539
11982 2 2 10 4 4248 6441 2058
11983 2 2 10 4 1496 7047 5541
11984 2 2 10 4 6124 6300 1573
11985 2 2 10 4 5481 7053 6186
11986 2 2 10 4 1298 6491 1296
11987 2 2 10 4 2481 6311 1253
11988 2 2 10 4 840 6289 838
11989 2 2 10 4 784 6279 781
11990 2 2 10 4 836 6281 840
11991 2 2 10 4 1310 6377 1308
11992 2 2 10 4 3591 6521 5586
11993 2 2 10 4 3228 6287 2708
11994 2 2 10 4 7359 7570 6433
11995 2 2 10 4 5517 7087 3691
11996 2 2 10 4 4117 6287 3228
11997 2 2 10 4 504 7643 241
11998 2 2 10 4 2931 6513 5639
11999 2 2 10 4 880 6331 740
12000 2 2 10 4 3301 6382 4507
12001 2 2 10 4 734 6378 732
12002 2 2 10 4 2483 6271 3678
12003 2 2 10 4 3777 6855 4109
12004 2 2 10 4 5115 7412 7073
12005 2 2 10 4 3808 7540 5612
12006 2 2 10 4 3612 6318 3016
12007 2 2 10 4 5608 6549 6253
12008 2 2 10 4 1098 6381 1096
12009 2 2 10 4 6444 6520 2212
12010 2 2 10 4 1236 6940 5129
12011 2 2 10 4 2407 6640 6310
12012 2 2 10 4 1521 6329 1512
12013 2 2 10 4 1224 6288 1220
12014 2 2 10 4 3632 6182 1398
12015 2 2 10 4 3383 6380 4237
12016 2 2 10 4 1681 6509 1634
12017 2 2 10 4 3750 6485 3749
12018 2 2 10 4 902 6214 3705
12019 2 2 10 4 2981 6292 2869
12020 2 2 10 4 597 6936 5426
12021 2 2 10 4 4066 6211 3135
12022 2 2 10 4 1421 6306 1453
12023 2 2 10 4 890 6361 2200
12024 2 2 10 4 1294 6293 1544
12025 2 2 10 4 259 7328 548
12026 2 2 10 4 4212 6910 4214
12027 2 2 10 4 3630 6362 1195
12028 2 2 10 4 6271 6600 3678
12029 2 2 10 4 4210 6739 4212
12030 2 2 10 4 3015 6318 3246
12031 2 2 10 4 2982 6760 3257
12032 2 2 10 4 1473 6589 1470
12033 2 2 10 4 1862 6525 1866
12034 2 2 10 4 1489 6336 1480
12035 2 2 10 4 4014 6264 3262
12036 2 2 10 4 2572 6282 2398
12037 2 2 10 4 841 6289 2148
12038 2 2 10 4 1087 6295 1076
12039 2 2 10 4 2365 6299 919
12040 2 2 10 4 840 6290 6289
12041 2 2 10 4 4533 7593 2599
12042 2 2 10 4 2688 6342 3408
12043 2 2 10 4 3268 6359 4271
12044 2 2 10 4 3587 6592 6361
12045 2 2 10 4 2547 6382 3301
12046 2 2 10 4 6477 7340 5886
12047 2 2 10 4 1719 6507 5903
12048 2 2 10 4 3635 6338 4054
12049 2 2 10 4 6880 7020 3927
12050 2 2 10 4 6362 6593 2064
12051 2 2 10 4 2012 6379 2720
12052 2 2 10 4 4917 7492 4915
12053 2 2 10 4 3671 6298 3592
12054 2 2 10 4 4375 6353 3062
12055 2 2 10 4 604 7188 128
12056 2 2 10 4 1589 6386 1591
12057 2 2 10 4 4418 6363 3685
12058 2 2 10 4 790 6301 787
12059 2 2 10 4 1825 6320 1824
12060 2 2 10 4 1634 6509 1636
12061 2 2 10 4 921 6299 950
12062 2 2 10 4 6213 6895 3344
12063 2 2 10 4 4129 6359 3218
12064 2 2 10 4 1575 6300 1791
12065 2 2 10 4 6217 6568 3651
12066 2 2 10 4 679 7413 269
12067 2 2 10 4 2167 6306 1423
12068 2 2 10 4 1943 6865 1929
12069 2 2 10 4 2310 7089 2002
12070 2 2 10 4 3243 6229 4345
12071 2 2 10 4 1510 6329 3604
12072 2 2 10 4 3953 6267 2682
12073 2 2 10 4 1860 6525 1862
12074 2 2 10 4 1101 6315 1090
12075 2 2 10 4 4399 6613 4397
12076 2 2 10 4 5724 7346 4649
12077 2 2 10 4 2146 6621 6214
12078 2 2 10 4 935 6392 937
12079 2 2 10 4 538 7498 271
12080 2 2 10 4 2735 6380 3383
12081 2 2 10 4 858 6327 730
12082 2 2 10 4 5219 7163 5218
12083 2 2 10 4 2790 6391 2792
12084 2 2 10 4 5636 6332 3921
12085 2 2 10 4 3909 6257 2672
12086 2 2 10 4 2304 6333 2626
12087 2 2 10 4 1840 6395 1842
12088 2 2 10 4 3016 6318 3015
12089 2 2 10 4 1622 6274 6220
12090 2 2 10 4 2960 6480 1012
12091 2 2 10 4 7460 7481 7049
12092 2 2 10 4 2873 6307 3206
12093 2 2 10 4 3756 6698 2984
12094 2 2 10 4 1995 6401 2980
12095 2 2 10 4 4353 6245 3666
12096 2 2 10 4 1010 6325 2474
12097 2 2 10 4 6387 6388 3596
12098 2 2 10 4 3316 6353 4416
12099 2 2 10 4 1479 6336 2751
12100 2 2 10 4 1425 6313 2167
12101 2 2 10 4 1314 6393 1312
12102 2 2 10 4 995 6480 1003
12103 2 2 10 4 1827 6320 2147
12104 2 2 10 4 5829 7290 4773
12105 2 2 10 4 1512 6329 1510
12106 2 2 10 4 5822 6524 2059
12107 2 2 10 4 3005 6333 2304
12108 2 2 10 4 1480 6336 1479
12109 2 2 10 4 738 6396 736
12110 2 2 10 4 4034 6759 4033
12111 2 2 10 4 1450 6313 1427
12112 2 2 10 4 3280 6257 4394
12113 2 2 10 4 3998 6387 3030
12114 2 2 10 4 1222 6452 1224
12115 2 2 10 4 3346 6472 5872
12116 2 2 10 4 4258 7234 5587
12117 2 2 10 4 4676 7509 4679
12118 2 2 10 4 2554 6526 2492
12119 2 2 10 4 175 7333 174
12120 2 2 10 4 1003 6480 6242
12121 2 2 10 4 2687 6342 2688
12122 2 2 10 4 3685 6363 3684
12123 2 2 10 4 5687 6878 3946
12124 2 2 10 4 3775 6878 5792
12125 2 2 10 4 4213 7398 4211
12126 2 2 10 4 3921 6332 5363
12127 2 2 10 4 3062 6353 3061
12128 2 2 10 4 3609 6341 3611
12129 2 2 10 4 5740 6555 3422
12130 2 2 10 4 5257 6872 3663
12131 2 2 10 4 1260 6449 2482
12132 2 2 10 4 2847 6359 3268
12133 2 2 10 4 1361 7249 1358
12134 2 2 10 4 7405 7461 5203
12135 2 2 10 4 1702 6343 1685
12136 2 2 10 4 1791 6323 1577
12137 2 2 10 4 1771 7350 1770
12138 2 2 10 4 687 7328 260
12139 2 2 10 4 223 7609 551
12140 2 2 10 4 2881 6328 2883
12141 2 2 10 4 1579 6323 2155
12142 2 2 10 4 6572 7417 6573
12143 2 2 10 4 4005 6695 5415
12144 2 2 10 4 3674 6376 1386
12145 2 2 10 4 2618 6478 3530
12146 2 2 10 4 7016 7617 507
12147 2 2 10 4 5282 7348 6580
12148 2 2 10 4 4017 6341 3609
12149 2 2 10 4 3011 6282 4107
12150 2 2 10 4 2626 6333 3343
12151 2 2 10 4 2751 6336 4023
12152 2 2 10 4 6367 6595 1961
12153 2 2 10 4 5432 6874 5431
12154 2 2 10 4 4119 7540 3808
12155 2 2 10 4 3612 6610 6318
12156 2 2 10 4 925 6335 2341
12157 2 2 10 4 3265 6267 4423
12158 2 2 10 4 2805 6334 2778
12159 2 2 10 4 3246 6318 4414
12160 2 2 10 4 826 6748 827
12161 2 2 10 4 3618 6522 6165
12162 2 2 10 4 2377 6402 1564
12163 2 2 10 4 950 6335 923
12164 2 2 10 4 3274 6342 2687
12165 2 2 10 4 3259 6734 4157
12166 2 2 10 4 2780 6334 2826
12167 2 2 10 4 5488 6996 549
12168 2 2 10 4 6943 7214 4018
12169 2 2 10 4 5659 7490 7337
12170 2 2 10 4 5240 7217 3636
12171 2 2 10 4 4304 7407 6829
12172 2 2 10 4 3185 6884 3186
12173 2 2 10 4 3464 6884 4238
12174 2 2 10 4 1678 6343 5591
12175 2 2 10 4 2485 6529 2484
12176 2 2 10 4 3749 6478 2690
12177 2 2 10 4 2838 6418 3247
12178 2 2 10 4 4727 7595 640
12179 2 2 10 4 3353 6140 4508
12180 2 2 10 4 1445 6398 1443
12181 2 2 10 4 2147 6340 1829
12182 2 2 10 4 939 6400 941
12183 2 2 10 4 1831 6340 1835
12184 2 2 10 4 5598 6535 1922
12185 2 2 10 4 2774 6581 2776
12186 2 2 10 4 1141 6501 1140
12187 2 2 10 4 4893 6424 4895
12188 2 2 10 4 2168 6344 1431
12189 2 2 10 4 4456 6406 4437
12190 2 2 10 4 3720 6328 2999
12191 2 2 10 4 3878 7110 5551
12192 2 2 10 4 546 7308 5329
12193 2 2 10 4 3061 6353 3316
12194 2 2 10 4 1583 6347 2169
12195 2 2 10 4 3267 7292 6555
12196 2 2 10 4 6295 6390 1017
12197 2 2 10 4 1429 6344 1450
12198 2 2 10 4 5801 7339 4636
12199 2 2 10 4 4011 6505 3994
12200 2 2 10 4 2539 6799 6672
12201 2 2 10 4 4047 6738 4549
12202 2 2 10 4 192 6922 5530
12203 2 2 10 4 2155 6347 1581
12204 2 2 10 4 2178 6577 6405
12205 2 2 10 4 4309 6420 3103
12206 2 2 10 4 3599 7516 6541
12207 2 2 10 4 216 6517 215
12208 2 2 10 4 5534 7225 2545
12209 2 2 10 4 2822 6419 3055
12210 2 2 10 4 5316 6887 599
12211 2 2 10 4 1585 6516 1587
12212 2 2 10 4 1883 6575 1897
12213 2 2 10 4 5074 7223 5075
12214 2 2 10 4 5665 7569 5141
12215 2 2 10 4 2826 6351 2782
12216 2 2 10 4 3757 6898 3054
12217 2 2 10 4 2341 6350 927
12218 2 2 10 4 929 6350 953
12219 2 2 10 4 2784 6351 2821
12220 2 2 10 4 5189 7300 7132
12221 2 2 10 4 3718 7056 6355
12222 2 2 10 4 5504 7618 5366
12223 2 2 10 4 5124 6383 5121
12224 2 2 10 4 6089 7000 1044
12225 2 2 10 4 5671 6580 2969
12226 2 2 10 4 2755 6423 3056
12227 2 2 10 4 3392 6409 4129
12228 2 2 10 4 4077 6680 3748
12229 2 2 10 4 4689 6911 4690
12230 2 2 10 4 3030 6387 2584
12231 2 2 10 4 5559 6816 764
12232 2 2 10 4 3878 7032 5763
12233 2 2 10 4 1918 7536 7134
12234 2 2 10 4 856 6481 975
12235 2 2 10 4 515 7553 29
12236 2 2 10 4 6068 6490 5143
12237 2 2 10 4 6134 6575 1881
12238 2 2 10 4 1451 6357 1435
12239 2 2 10 4 3360 6417 3099
12240 2 2 10 4 2816 6416 2844
12241 2 2 10 4 744 6403 742
12242 2 2 10 4 4270 7428 6371
12243 2 2 10 4 3085 6969 3039
12244 2 2 10 4 3218 6359 2847
12245 2 2 10 4 1489 6616 6336
12246 2 2 10 4 1525 6410 1065
12247 2 2 10 4 1433 6357 2168
12248 2 2 10 4 802 6358 798
12249 2 2 10 4 3595 6464 5865
12250 2 2 10 4 3684 6363 3687
12251 2 2 10 4 796 6358 2322
12252 2 2 10 4 6259 6560 4113
12253 2 2 10 4 112 7221 590
12254 2 2 10 4 6116 6548 4007
12255 2 2 10 4 943 6405 945
12256 2 2 10 4 3556 6368 2728
12257 2 2 10 4 2005 6366 2007
12258 2 2 10 4 5240 7101 5049
12259 2 2 10 4 2410 6421 1332
12260 2 2 10 4 3068 7105 6169
12261 2 2 10 4 1052 6487 1027
12262 2 2 10 4 2788 6374 2835
12263 2 2 10 4 1322 6408 1320
12264 2 2 10 4 3640 6369 3638
12265 2 2 10 4 4080 6514 4081
12266 2 2 10 4 933 6372 2176
12267 2 2 10 4 2391 6377 1310
12268 2 2 10 4 2175 6378 734
12269 2 2 10 4 1102 6381 1098
12270 2 2 10 4 1372 6757 2049
12271 2 2 10 4 3544 7417 6572
12272 2 2 10 4 2112 6491 1298
12273 2 2 10 4 953 6372 931
12274 2 2 10 4 5979 6440 6237
12275 2 2 10 4 2821 6374 2786
12276 2 2 10 4 268 7413 546
12277 2 2 10 4 4759 6928 4764
12278 2 2 10 4 4708 6929 4715
12279 2 2 10 4 6318 6610 4414
12280 2 2 10 4 1363 7505 7140
12281 2 2 10 4 937 6392 959
12282 2 2 10 4 1842 6395 2172
12283 2 2 10 4 2792 6391 2831
12284 2 2 10 4 1591 6386 2538
12285 2 2 10 4 5553 7538 4374
12286 2 2 10 4 955 6407 748
12287 2 2 10 4 4199 6567 4201
12288 2 2 10 4 1308 6377 2170
12289 2 2 10 4 3055 6418 2825
12290 2 2 10 4 1096 6381 2171
12291 2 2 10 4 748 6407 746
12292 2 2 10 4 150 6530 149
12293 2 2 10 4 2400 6393 1314
12294 2 2 10 4 2584 6387 3596
12295 2 2 10 4 1012 6480 995
12296 2 2 10 4 732 6378 858
12297 2 2 10 4 3940 6937 4127
12298 2 2 10 4 4860 6937 5764
12299 2 2 10 4 2003 6627 2017
12300 2 2 10 4 3229 7628 5656
12301 2 2 10 4 941 6400 2178
12302 2 2 10 4 2177 6403 744
12303 2 2 10 4 945 6405 964
12304 2 2 10 4 12 7511 5546
12305 2 2 10 4 3598 6541 4094
12306 2 2 10 4 2546 6408 1322
12307 2 2 10 4 2014 6379 2012
12308 2 2 10 4 762 7287 763
12309 2 2 10 4 2737 6380 2735
12310 2 2 10 4 3732 7152 6877
12311 2 2 10 4 5484 6961 4116
12312 2 2 10 4 3025 6382 2547
12313 2 2 10 4 1999 6385 2001
12314 2 2 10 4 2371 6386 1589
12315 2 2 10 4 4785 7570 7359
12316 2 2 10 4 2176 6392 935
12317 2 2 10 4 3320 6413 6113
12318 2 2 10 4 2375 6384 1538
12319 2 2 10 4 5725 7464 4677
12320 2 2 10 4 2835 6391 2790
12321 2 2 10 4 5976 6441 3833
12322 2 2 10 4 1856 6395 1840
12323 2 2 10 4 3487 6782 5954
12324 2 2 10 4 2844 6419 2818
12325 2 2 10 4 5103 7526 5104
12326 2 2 10 4 901 6389 969
12327 2 2 10 4 736 6396 2175
12328 2 2 10 4 6590 7368 691
12329 2 2 10 4 1016 6390 1050
12330 2 2 10 4 552 7511 13
12331 2 2 10 4 1312 6393 2391
12332 2 2 10 4 2701 6394 2699
12333 2 2 10 4 1000 6326 6325
12334 2 2 10 4 3353 6283 6140
12335 2 2 10 4 5448 6559 5449
12336 2 2 10 4 4023 6423 2753
12337 2 2 10 4 4852 6512 4849
12338 2 2 10 4 2134 6552 719
12339 2 2 10 4 3101 6420 3360
12340 2 2 10 4 6292 6307 2871
12341 2 2 10 4 5813 7135 575
12342 2 2 10 4 618 6539 4810
12343 2 2 10 4 677 6606 5418
12344 2 2 10 4 4895 6424 4898
12345 2 2 10 4 1030 6410 2960
12346 2 2 10 4 3474 6951 4000
12347 2 2 10 4 5862 6951 3475
12348 2 2 10 4 1443 6398 1534
12349 2 2 10 4 1065 6410 1030
12350 2 2 10 4 2841 6416 2814
12351 2 2 10 4 4152 6949 6606
12352 2 2 10 4 959 6400 939
12353 2 2 10 4 3097 6417 3731
12354 2 2 10 4 4110 7000 6089
12355 2 2 10 4 3150 6549 3152
12356 2 2 10 4 4357 6505 4011
12357 2 2 10 4 6008 6881 159
12358 2 2 10 4 3768 6888 6728
12359 2 2 10 4 5647 6466 3832
12360 2 2 10 4 1848 6434 1850
12361 2 2 10 4 5822 6597 6524
12362 2 2 10 4 6586 7540 4119
12363 2 2 10 4 1850 6434 2983
12364 2 2 10 4 1330 6421 2122
12365 2 2 10 4 3695 6705 5322
12366 2 2 10 4 7300 7367 3310
12367 2 2 10 4 2814 6416 2816
12368 2 2 10 4 1587 6516 2371
12369 2 2 10 4 270 7498 679
12370 2 2 10 4 1332 6421 1330
12371 2 2 10 4 746 6407 2177
12372 2 2 10 4 1320 6408 2408
12373 2 2 10 4 5724 6959 5723
12374 2 2 10 4 6928 7463 4784
12375 2 2 10 4 2178 6405 943
12376 2 2 10 4 3099 6417 3097
12377 2 2 10 4 490 6546 6
12378 2 2 10 4 742 6403 880
12379 2 2 10 4 6297 6561 2834
12380 2 2 10 4 6070 7583 1899
12381 2 2 10 4 5324 6963 664
12382 2 2 10 4 2169 6516 1585
12383 2 2 10 4 3693 7653 6180
12384 2 2 10 4 2753 6423 2755
12385 2 2 10 4 6321 6458 3645
12386 2 2 10 4 6456 6639 3553
12387 2 2 10 4 1564 6402 1566
12388 2 2 10 4 1997 6401 1995
12389 2 2 10 4 2818 6419 2822
12390 2 2 10 4 5414 7577 3894
12391 2 2 10 4 3412 6571 3066
12392 2 2 10 4 6472 6671 3972
12393 2 2 10 4 4866 6588 512
12394 2 2 10 4 4437 6406 4439
12395 2 2 10 4 4279 6409 3392
12396 2 2 10 4 4492 6847 3303
12397 2 2 10 4 3103 6420 3101
12398 2 2 10 4 2825 6418 2838
12399 2 2 10 4 6336 6616 4023
12400 2 2 10 4 1526 6665 6258
12401 2 2 10 4 3808 6972 3400
12402 2 2 10 4 2327 6975 5781
12403 2 2 10 4 2762 6483 6454
12404 2 2 10 4 5384 7128 1338
12405 2 2 10 4 2809 6523 6121
12406 2 2 10 4 1593 6495 1595
12407 2 2 10 4 3752 6783 3942
12408 2 2 10 4 1636 6509 6234
12409 2 2 10 4 4062 6881 6008
12410 2 2 10 4 3994 6505 6052
12411 2 2 10 4 1356 7309 1359
12412 2 2 10 4 6778 7415 6117
12413 2 2 10 4 6107 6424 4893
12414 2 2 10 4 1453 6542 1419
12415 2 2 10 4 3953 6836 5478
12416 2 2 10 4 6214 6621 3705
12417 2 2 10 4 5771 6821 4269
12418 2 2 10 4 2363 6953 5283
12419 2 2 10 4 1419 6542 1417
12420 2 2 10 4 1757 7646 7465
12421 2 2 10 4 6181 7360 5385
12422 2 2 10 4 617 7064 4615
12423 2 2 10 4 5904 6994 5877
12424 2 2 10 4 2239 6995 2413
12425 2 2 10 4 2235 6995 2236
12426 2 2 10 4 6614 6974 500
12427 2 2 10 4 4568 6618 4444
12428 2 2 10 4 3649 6740 5718
12429 2 2 10 4 5359 6919 6188
12430 2 2 10 4 2538 6495 1593
12431 2 2 10 4 2396 6368 6207
12432 2 2 10 4 3613 6561 6297
12433 2 2 10 4 1367 6591 1368
12434 2 2 10 4 4142 6809 5539
12435 2 2 10 4 3122 7079 6073
12436 2 2 10 4 4556 7406 617
12437 2 2 10 4 5732 7251 6506
12438 2 2 10 4 4110 7004 3882
12439 2 2 10 4 3210 6583 3209
12440 2 2 10 4 6406 7188 604
12441 2 2 10 4 4980 6508 4983
12442 2 2 10 4 4432 6925 6747
12443 2 2 10 4 3861 7557 4111
12444 2 2 10 4 6324 6398 1445
12445 2 2 10 4 4964 6667 4307
12446 2 2 10 4 6319 6574 2345
12447 2 2 10 4 2408 7622 7315
12448 2 2 10 4 1939 7011 1943
12449 2 2 10 4 5613 6796 3512
12450 2 2 10 4 6032 6662 2170
12451 2 2 10 4 6331 6396 738
12452 2 2 10 4 4812 6742 498
12453 2 2 10 4 653 6929 4803
12454 2 2 10 4 6999 7046 4822
12455 2 2 10 4 3241 6513 2941
12456 2 2 10 4 3607 7126 5593
12457 2 2 10 4 3924 6475 6198
12458 2 2 10 4 1296 6491 6293
12459 2 2 10 4 484 6749 6684
12460 2 2 10 4 1881 6575 1883
12461 2 2 10 4 5944 6744 605
12462 2 2 10 4 4415 7018 3855
12463 2 2 10 4 3857 7018 3861
12464 2 2 10 4 6418 6644 4029
12465 2 2 10 4 164 6966 611
12466 2 2 10 4 1857 6522 1895
12467 2 2 10 4 5167 7312 4134
12468 2 2 10 4 4976 6508 4980
12469 2 2 10 4 6451 6532 3603
12470 2 2 10 4 6969 7207 3039
12471 2 2 10 4 3053 6566 3088
12472 2 2 10 4 2010 7502 2006
12473 2 2 10 4 5838 7034 3894
12474 2 2 10 4 3338 7369 6174
12475 2 2 10 4 5099 7626 4926
12476 2 2 10 4 524 7112 72
12477 2 2 10 4 5274 6538 5276
12478 2 2 10 4 1417 6542 6230
12479 2 2 10 4 1595 6495 6316
12480 2 2 10 4 1887 7150 5527
12481 2 2 10 4 239 7274 667
12482 2 2 10 4 6528 7509 3812
12483 2 2 10 4 2202 7059 4141
12484 2 2 10 4 3637 6519 3639
12485 2 2 10 4 2305 6612 1347
12486 2 2 10 4 5196 6710 4407
12487 2 2 10 4 87 7572 86
12488 2 2 10 4 4258 7353 7234
12489 2 2 10 4 7259 7305 3700
12490 2 2 10 4 3159 6570 3157
12491 2 2 10 4 4403 7638 7476
12492 2 2 10 4 2581 6499 1959
12493 2 2 10 4 1957 6500 2895
12494 2 2 10 4 3989 6615 3647
12495 2 2 10 4 2941 6513 2931
12496 2 2 10 4 3119 7046 4845
12497 2 2 10 4 1091 6599 1093
12498 2 2 10 4 7303 7623 1755
12499 2 2 10 4 6703 6782 4644
12500 2 2 10 4 2326 7054 2325
12501 2 2 10 4 127 7268 126
12502 2 2 10 4 5866 7056 3277
12503 2 2 10 4 4111 6998 5733
12504 2 2 10 4 3344 7190 5053
12505 2 2 10 4 6142 6434 1848
12506 2 2 10 4 3999 7060 3117
12507 2 2 10 4 66 6590 65
12508 2 2 10 4 4677 7464 4671
12509 2 2 10 4 2363 6560 1107
12510 2 2 10 4 3596 6556 3692
12511 2 2 10 4 579 7457 148
12512 2 2 10 4 3168 6548 3169
12513 2 2 10 4 551 6607 222
12514 2 2 10 4 6279 6620 2063
12515 2 2 10 4 3449 6597 5822
12516 2 2 10 4 1457 6757 1374
12517 2 2 10 4 612 6569 335
12518 2 2 10 4 129 7127 604
12519 2 2 10 4 4096 6885 5862
12520 2 2 10 4 1681 7424 4959
12521 2 2 10 4 6977 7227 5469
12522 2 2 10 4 6304 6652 4100
12523 2 2 10 4 6409 7287 762
12524 2 2 10 4 3623 6574 6319
12525 2 2 10 4 203 7352 202
12526 2 2 10 4 282 7351 281
12527 2 2 10 4 5228 6733 5651
12528 2 2 10 4 5971 6534 2716
12529 2 2 10 4 3690 6576 4143
12530 2 2 10 4 1961 6595 4020
12531 2 2 10 4 6373 6623 1177
12532 2 2 10 4 1895 6794 1858
12533 2 2 10 4 4141 6990 3791
12534 2 2 10 4 6055 7621 1683
12535 2 2 10 4 2836 6942 6508
12536 2 2 10 4 4422 6788 3774
12537 2 2 10 4 955 6458 6407
12538 2 2 10 4 5787 7480 4761
12539 2 2 10 4 6856 7201 4191
12540 2 2 10 4 4761 7508 5787
12541 2 2 10 4 4331 7038 6125
12542 2 2 10 4 3582 6970 4369
12543 2 2 10 4 3691 7087 5882
12544 2 2 10 4 4180 6624 3624
12545 2 2 10 4 1780 6778 5660
12546 2 2 10 4 6649 6891 3005
12547 2 2 10 4 3402 6673 2899
12548 2 2 10 4 1434 6605 1436
12549 2 2 10 4 4136 7590 5747
12550 2 2 10 4 2638 6665 2634
12551 2 2 10 4 981 7500 6788
12552 2 2 10 4 4148 7546 5666
12553 2 2 10 4 2992 7093 2993
12554 2 2 10 4 6164 6565 3640
12555 2 2 10 4 5548 7257 2903
12556 2 2 10 4 6169 7105 4137
12557 2 2 10 4 2576 7098 3076
12558 2 2 10 4 6835 7165 4946
12559 2 2 10 4 3841 6598 3840
12560 2 2 10 4 2558 7100 5747
12561 2 2 10 4 6192 7432 3991
12562 2 2 10 4 5836 7102 3751
12563 2 2 10 4 4339 6724 4337
12564 2 2 10 4 2616 7105 2421
12565 2 2 10 4 3877 6602 6132
12566 2 2 10 4 4037 7576 4802
12567 2 2 10 4 719 6552 718
12568 2 2 10 4 3050 7110 3878
12569 2 2 10 4 4140 6585 5846
12570 2 2 10 4 6584 7584 4666
12571 2 2 10 4 3961 6543 6465
12572 2 2 10 4 6141 7149 3960
12573 2 2 10 4 4501 6586 3270
12574 2 2 10 4 4707 6587 4705
12575 2 2 10 4 5625 7211 5626
12576 2 2 10 4 4427 7076 4426
12577 2 2 10 4 4446 6618 4566
12578 2 2 10 4 1144 6706 6501
12579 2 2 10 4 6302 6603 2081
12580 2 2 10 4 6447 6821 5771
12581 2 2 10 4 6165 6522 1857
12582 2 2 10 4 4267 7497 3207
12583 2 2 10 4 5543 6976 3769
12584 2 2 10 4 3278 7060 4257
12585 2 2 10 4 5910 7120 4546
12586 2 2 10 4 6388 6556 3596
12587 2 2 10 4 5222 7212 1239
12588 2 2 10 4 4402 7250 4403
12589 2 2 10 4 6452 6850 1224
12590 2 2 10 4 3522 6887 3719
12591 2 2 10 4 6576 7531 4735
12592 2 2 10 4 2047 6489 2627
12593 2 2 10 4 3605 7126 3607
12594 2 2 10 4 3536 6772 3537
12595 2 2 10 4 2064 6593 4036
12596 2 2 10 4 5487 7113 668
12597 2 2 10 4 6291 6579 2493
12598 2 2 10 4 28 7553 671
12599 2 2 10 4 4687 7516 4653
12600 2 2 10 4 3911 6689 3910
12601 2 2 10 4 6361 6592 2200
12602 2 2 10 4 4657 7342 6126
12603 2 2 10 4 2061 6594 1937
12604 2 2 10 4 2855 7495 5302
12605 2 2 10 4 2016 6463 2014
12606 2 2 10 4 6642 6786 52
12607 2 2 10 4 2491 6628 2258
12608 2 2 10 4 3630 6593 6362
12609 2 2 10 4 2883 6578 2880
12610 2 2 10 4 655 7239 5506
12611 2 2 10 4 4876 7527 5302
12612 2 2 10 4 6597 6738 4047
12613 2 2 10 4 4253 7133 3323
12614 2 2 10 4 3254 6596 2374
12615 2 2 10 4 6089 7004 4110
12616 2 2 10 4 657 7195 5510
12617 2 2 10 4 6055 6970 3582
12618 2 2 10 4 6163 6643 752
12619 2 2 10 4 5813 7137 3539
12620 2 2 10 4 6648 7077 6137
12621 2 2 10 4 718 6552 722
12622 2 2 10 4 1531 6706 1146
12623 2 2 10 4 4291 7602 6598
12624 2 2 10 4 1601 7358 2662
12625 2 2 10 4 4436 7427 4455
12626 2 2 10 4 3619 6595 6367
12627 2 2 10 4 5395 6693 588
12628 2 2 10 4 3065 6533 3411
12629 2 2 10 4 5541 7522 1506
12630 2 2 10 4 4605 7269 493
12631 2 2 10 4 2472 6674 5595
12632 2 2 10 4 4332 6545 4333
12633 2 2 10 4 5575 7580 2575
12634 2 2 10 4 4936 7487 6111
12635 2 2 10 4 4198 6781 4195
12636 2 2 10 4 1411 6691 1460
12637 2 2 10 4 2303 6649 3005
12638 2 2 10 4 960 6651 957
12639 2 2 10 4 4677 7376 5725
12640 2 2 10 4 6171 6600 1991
12641 2 2 10 4 973 7022 5286
12642 2 2 10 4 3279 7158 4276
12643 2 2 10 4 4788 7503 501
12644 2 2 10 4 3154 6608 3578
12645 2 2 10 4 5380 7541 550
12646 2 2 10 4 5777 7164 4053
12647 2 2 10 4 6269 7115 4522
12648 2 2 10 4 6198 6475 4115
12649 2 2 10 4 6742 7488 4740
12650 2 2 10 4 4495 7099 5600
12651 2 2 10 4 693 6707 5434
12652 2 2 10 4 3735 6725 3875
12653 2 2 10 4 7227 7423 4147
12654 2 2 10 4 1045 6956 1064
12655 2 2 10 4 3608 6579 6291
12656 2 2 10 4 6129 6700 1336
12657 2 2 10 4 3346 6671 6472
12658 2 2 10 4 2490 7171 2215
12659 2 2 10 4 3225 7067 3038
12660 2 2 10 4 3445 7173 3755
12661 2 2 10 4 2673 7173 5814
12662 2 2 10 4 5587 7298 4258
12663 2 2 10 4 1107 6560 1105
12664 2 2 10 4 4062 7178 3788
12665 2 2 10 4 5094 6958 1750
12666 2 2 10 4 7310 7490 3872
12667 2 2 10 4 372 6609 373
12668 2 2 10 4 3675 7405 5203
12669 2 2 10 4 2014 6463 6379
12670 2 2 10 4 4733 7159 639
12671 2 2 10 4 6078 6489 2047
12672 2 2 10 4 4178 6861 6048
12673 2 2 10 4 1124 6648 2203
12674 2 2 10 4 2968 7184 5770
12675 2 2 10 4 5302 7281 2855
12676 2 2 10 4 4856 6550 3631
12677 2 2 10 4 851 6638 849
12678 2 2 10 4 5607 6661 5608
12679 2 2 10 4 2794 6652 2796
12680 2 2 10 4 5257 6710 5196
12681 2 2 10 4 2880 6578 3980
12682 2 2 10 4 2072 6537 3789
12683 2 2 10 4 3964 6611 3962
12684 2 2 10 4 5595 6674 6468
12685 2 2 10 4 3943 7197 4074
12686 2 2 10 4 3300 7196 4137
12687 2 2 10 4 2000 7089 6401
12688 2 2 10 4 3339 6934 3166
12689 2 2 10 4 6535 6729 3578
12690 2 2 10 4 6261 6602 6148
12691 2 2 10 4 5539 6809 6490
12692 2 2 10 4 3616 7455 5360
12693 2 2 10 4 6161 6696 3548
12694 2 2 10 4 2796 6652 6304
12695 2 2 10 4 5927 7131 2046
12696 2 2 10 4 3849 6614 3851
12697 2 2 10 4 4082 6623 6373
12698 2 2 10 4 4822 6703 4644
12699 2 2 10 4 3936 7237 4296
12700 2 2 10 4 6020 6863 4179
12701 2 2 10 4 5423 7340 6477
12702 2 2 10 4 1616 6817 1613
12703 2 2 10 4 2812 6690 2841
12704 2 2 10 4 4040 6489 6078
12705 2 2 10 4 3235 6931 3236
12706 2 2 10 4 5996 6591 3884
12707 2 2 10 4 694 7615 4567
12708 2 2 10 4 2217 7232 2219
12709 2 2 10 4 4480 7510 7096
12710 2 2 10 4 5954 6703 3119
12711 2 2 10 4 6669 7036 5263
12712 2 2 10 4 3650 6744 6504
12713 2 2 10 4 696 7276 6717
12714 2 2 10 4 2143 6691 1413
12715 2 2 10 4 2841 6690 6188
12716 2 2 10 4 6489 6734 3259
12717 2 2 10 4 752 6643 750
12718 2 2 10 4 1105 6560 6259
12719 2 2 10 4 3796 6933 4355
12720 2 2 10 4 3946 7245 3944
12721 2 2 10 4 2170 6662 1306
12722 2 2 10 4 6371 7428 1954
12723 2 2 10 4 2804 6554 2766
12724 2 2 10 4 6588 7419 4650
12725 2 2 10 4 5753 6622 3432
12726 2 2 10 4 5581 7329 4222
12727 2 2 10 4 4265 6557 3203
12728 2 2 10 4 5903 6507 3580
12729 2 2 10 4 6172 6994 2974
12730 2 2 10 4 4078 6627 6385
12731 2 2 10 4 3450 7257 4484
12732 2 2 10 4 2903 7257 5789
12733 2 2 10 4 7007 7033 5092
12734 2 2 10 4 635 6619 4662
12735 2 2 10 4 1814 6814 1817
12736 2 2 10 4 3672 6620 6279
12737 2 2 10 4 4004 7318 5640
12738 2 2 10 4 4033 6520 6444
12739 2 2 10 4 1177 6623 1175
12740 2 2 10 4 5329 7201 686
12741 2 2 10 4 6453 7393 2237
12742 2 2 10 4 1304 6662 2156
12743 2 2 10 4 2156 6676 1302
12744 2 2 10 4 956 6704 915
12745 2 2 10 4 1288 6558 2021
12746 2 2 10 4 4017 7400 5398
12747 2 2 10 4 2065 6531 2309
12748 2 2 10 4 4736 7451 637
12749 2 2 10 4 3611 6579 3608
12750 2 2 10 4 3766 7077 4835
12751 2 2 10 4 1315 7478 1317
12752 2 2 10 4 4327 7347 4840
12753 2 2 10 4 6008 7178 4062
12754 2 2 10 4 6687 7545 1614
12755 2 2 10 4 1300 6676 2112
12756 2 2 10 4 2649 6758 2651
12757 2 2 10 4 3628 6695 4005
12758 2 2 10 4 4608 6851 4606
12759 2 2 10 4 7195 7210 4128
12760 2 2 10 4 3229 7296 2711
12761 2 2 10 4 6531 6760 2982
12762 2 2 10 4 4258 7298 3606
12763 2 2 10 4 5547 6792 6435
12764 2 2 10 4 2370 7603 6502
12765 2 2 10 4 1955 6983 4874
12766 2 2 10 4 4898 6664 4897
12767 2 2 10 4 6666 7072 5179
12768 2 2 10 4 3905 6617 3908
12769 2 2 10 4 2947 6625 2951
12770 2 2 10 4 583 6786 6783
12771 2 2 10 4 3137 6544 6194
12772 2 2 10 4 3579 7318 4004
12773 2 2 10 4 3730 7321 3729
12774 2 2 10 4 4744 6628 4745
12775 2 2 10 4 5449 6632 563
12776 2 2 10 4 764 6816 761
12777 2 2 10 4 917 6704 2365
12778 2 2 10 4 1236 6699 1231
12779 2 2 10 4 6387 6659 6388
12780 2 2 10 4 4585 7052 4063
12781 2 2 10 4 3956 6639 6456
12782 2 2 10 4 2993 7334 2580
12783 2 2 10 4 7043 7241 6100
12784 2 2 10 4 5829 7336 2585
12785 2 2 10 4 5104 6750 1547
12786 2 2 10 4 4636 7339 4633
12787 2 2 10 4 2486 7340 5760
12788 2 2 10 4 3616 6561 3613
12789 2 2 10 4 5849 7342 3339
12790 2 2 10 4 6349 7647 2143
12791 2 2 10 4 1481 6589 1473
12792 2 2 10 4 4332 7523 5468
12793 2 2 10 4 5768 7346 5741
12794 2 2 10 4 2988 7346 5724
12795 2 2 10 4 6244 6656 6290
12796 2 2 10 4 3617 6626 6133
12797 2 2 10 4 4476 7118 3815
12798 2 2 10 4 2834 6690 2810
12799 2 2 10 4 4840 7343 4327
12800 2 2 10 4 6817 7518 1613
12801 2 2 10 4 5122 6663 5123
12802 2 2 10 4 4444 6618 4446
12803 2 2 10 4 3452 7625 3071
12804 2 2 10 4 6987 7027 3778
12805 2 2 10 4 3651 6568 3653
12806 2 2 10 4 2733 7363 4825
12807 2 2 10 4 3091 6668 3562
12808 2 2 10 4 608 7178 6008
12809 2 2 10 4 1665 6582 1656
12810 2 2 10 4 5702 6877 6425
12811 2 2 10 4 5713 6685 2985
12812 2 2 10 4 2081 6603 3672
12813 2 2 10 4 5617 6943 3731
12814 2 2 10 4 6555 7292 4781
12815 2 2 10 4 5936 7349 3485
12816 2 2 10 4 5725 7376 2270
12817 2 2 10 4 2272 7376 2589
12818 2 2 10 4 5427 6769 3802
12819 2 2 10 4 2622 7381 2222
12820 2 2 10 4 4193 6856 4191
12821 2 2 10 4 519 6984 5487
12822 2 2 10 4 1345 6612 6348
12823 2 2 10 4 3035 7608 3034
12824 2 2 10 4 7311 7618 5504
12825 2 2 10 4 2985 7601 2573
12826 2 2 10 4 3396 7151 3397
12827 2 2 10 4 4256 7297 5782
12828 2 2 10 4 3423 6636 5754
12829 2 2 10 4 5572 7406 4102
12830 2 2 10 4 5030 6686 853
12831 2 2 10 4 5698 6637 3933
12832 2 2 10 4 2575 7580 2577
12833 2 2 10 4 2218 7416 2583
12834 2 2 10 4 3894 7577 5895
12835 2 2 10 4 3544 7576 3461
12836 2 2 10 4 4717 7425 4710
12837 2 2 10 4 6490 6809 5143
12838 2 2 10 4 6125 6800 2345
12839 2 2 10 4 6428 6709 5762
12840 2 2 10 4 6758 6793 5508
12841 2 2 10 4 5644 6641 2020
12842 2 2 10 4 3785 7421 5367
12843 2 2 10 4 3200 7563 3802
12844 2 2 10 4 3562 7414 6473
12845 2 2 10 4 3624 6624 3626
12846 2 2 10 4 4785 7359 491
12847 2 2 10 4 4654 7251 6503
12848 2 2 10 4 2574 6640 2407
12849 2 2 10 4 606 7279 166
12850 2 2 10 4 1360 6670 1363
12851 2 2 10 4 5684 7550 4171
12852 2 2 10 4 5716 7447 3420
12853 2 2 10 4 6255 7374 2245
12854 2 2 10 4 2265 7547 2428
12855 2 2 10 4 5823 7395 3888
12856 2 2 10 4 3755 7531 3446
12857 2 2 10 4 2619 7530 2382
12858 2 2 10 4 2171 6711 1094
12859 2 2 10 4 4758 7528 4761
12860 2 2 10 4 4699 7467 4712
12861 2 2 10 4 2319 7473 2318
12862 2 2 10 4 3318 7475 4098
12863 2 2 10 4 4752 7448 4760
12864 2 2 10 4 4761 7480 4756
12865 2 2 10 4 5700 7483 5701
12866 2 2 10 4 3381 7488 5879
12867 2 2 10 4 2083 7508 2082
12868 2 2 10 4 5787 7508 2214
12869 2 2 10 4 6854 6926 986
12870 2 2 10 4 5918 7529 4305
12871 2 2 10 4 2061 6681 6594
12872 2 2 10 4 5264 7402 4060
12873 2 2 10 4 7350 7402 5264
12874 2 2 10 4 6434 6811 2983
12875 2 2 10 4 3188 7160 6705
12876 2 2 10 4 3964 6681 6611
12877 2 2 10 4 656 7440 6159
12878 2 2 10 4 1233 7394 4596
12879 2 2 10 4 6855 7045 1015
12880 2 2 10 4 4036 6669 3947
12881 2 2 10 4 3837 6820 3836
12882 2 2 10 4 5133 6764 5132
12883 2 2 10 4 7246 7400 4283
12884 2 2 10 4 3362 6840 6766
12885 2 2 10 4 4825 7363 4792
12886 2 2 10 4 2776 6581 2805
12887 2 2 10 4 5207 6732 1620
12888 2 2 10 4 774 6602 6261
12889 2 2 10 4 85 6630 574
12890 2 2 10 4 6229 6733 5228
12891 2 2 10 4 3175 7330 5326
12892 2 2 10 4 6449 6578 4131
12893 2 2 10 4 1092 6711 1101
12894 2 2 10 4 3512 6796 3511
12895 2 2 10 4 370 6645 371
12896 2 2 10 4 4262 6848 3192
12897 2 2 10 4 3559 6996 4602
12898 2 2 10 4 3771 6574 3623
12899 2 2 10 4 6902 7317 3821
12900 2 2 10 4 4198 7209 6781
12901 2 2 10 4 1336 6700 1334
12902 2 2 10 4 5219 7473 7163
12903 2 2 10 4 3738 6646 4474
12904 2 2 10 4 6697 6768 4005
12905 2 2 10 4 4013 6721 4357
12906 2 2 10 4 3569 7554 3272
12907 2 2 10 4 4954 6692 4952
12908 2 2 10 4 3743 7224 3395
12909 2 2 10 4 6138 6531 2065
12910 2 2 10 4 1833 6815 1836
12911 2 2 10 4 4936 7587 1670
12912 2 2 10 4 587 7107 5128
12913 2 2 10 4 4310 6993 3296
12914 2 2 10 4 5972 6901 3252
12915 2 2 10 4 4765 7460 3435
12916 2 2 10 4 6194 6544 3558
12917 2 2 10 4 4480 7096 6060
12918 2 2 10 4 5027 7411 3681
12919 2 2 10 4 3034 7608 6024
12920 2 2 10 4 6188 7057 5358
12921 2 2 10 4 6254 7291 6938
12922 2 2 10 4 6541 7516 4687
12923 2 2 10 4 5436 6660 663
12924 2 2 10 4 3998 6659 6387
12925 2 2 10 4 5969 6779 6507
12926 2 2 10 4 5968 7206 2324
12927 2 2 10 4 1776 6800 2415
12928 2 2 10 4 970 6971 6896
12929 2 2 10 4 2493 6579 3770
12930 2 2 10 4 4204 6688 4206
12931 2 2 10 4 2148 6767 843
12932 2 2 10 4 5115 7073 2615
12933 2 2 10 4 3962 6611 6543
12934 2 2 10 4 6328 6563 2883
12935 2 2 10 4 5596 6862 5597
12936 2 2 10 4 4005 6768 3759
12937 2 2 10 4 6426 6956 5439
12938 2 2 10 4 3036 6654 3954
12939 2 2 10 4 845 6767 851
12940 2 2 10 4 5942 7532 4714
12941 2 2 10 4 6355 7056 5866
12942 2 2 10 4 5739 7299 2469
12943 2 2 10 4 854 6638 6481
12944 2 2 10 4 5533 7014 4282
12945 2 2 10 4 5457 6892 672
12946 2 2 10 4 4621 7163 6529
12947 2 2 10 4 4334 6657 3723
12948 2 2 10 4 3226 6780 3950
12949 2 2 10 4 6585 7081 554
12950 2 2 10 4 4137 7196 6169
12951 2 2 10 4 3678 6600 3816
12952 2 2 10 4 5338 7193 6772
12953 2 2 10 4 6385 6627 2001
12954 2 2 10 4 5975 7297 4003
12955 2 2 10 4 4678 6776 4674
12956 2 2 10 4 4178 7080 6861
12957 2 2 10 4 6856 6982 686
12958 2 2 10 4 1237 6712 1211
12959 2 2 10 4 2996 6658 5695
12960 2 2 10 4 3387 6833 6751
12961 2 2 10 4 3748 6680 5997
12962 2 2 10 4 4305 7529 6038
12963 2 2 10 4 3144 6941 3142
12964 2 2 10 4 500 6974 4733
12965 2 2 10 4 4774 7265 4772
12966 2 2 10 4 2200 6592 3003
12967 2 2 10 4 3671 6559 6298
12968 2 2 10 4 3589 7341 3001
12969 2 2 10 4 3833 6927 4149
12970 2 2 10 4 5363 6593 3630
12971 2 2 10 4 5964 7080 4178
12972 2 2 10 4 2549 7453 6360
12973 2 2 10 4 3980 6578 6449
12974 2 2 10 4 6465 6543 1931
12975 2 2 10 4 1885 7150 1887
12976 2 2 10 4 6034 7174 1365
12977 2 2 10 4 6105 6595 3619
12978 2 2 10 4 1646 7418 5649
12979 2 2 10 4 3950 6754 3727
12980 2 2 10 4 1876 7316 5550
12981 2 2 10 4 5957 7484 3507
12982 2 2 10 4 2716 6787 5606
12983 2 2 10 4 4905 7190 6895
12984 2 2 10 4 3660 6872 4006
12985 2 2 10 4 3188 6705 2481
12986 2 2 10 4 849 6638 854
12987 2 2 10 4 634 6860 6427
12988 2 2 10 4 3558 6544 4329
12989 2 2 10 4 3745 6736 6727
12990 2 2 10 4 4049 7278 4151
12991 2 2 10 4 4303 7368 6590
12992 2 2 10 4 2476 6798 3028
12993 2 2 10 4 4109 6666 5769
12994 2 2 10 4 989 7477 6183
12995 2 2 10 4 7293 7453 2549
12996 2 2 10 4 4320 6860 4322
12997 2 2 10 4 2883 6886 6578
12998 2 2 10 4 2376 7204 2727
12999 2 2 10 4 5763 6867 3649
13000 2 2 10 4 4133 7312 4504
13001 2 2 10 4 3449 6738 6597
13002 2 2 10 4 1064 6956 6426
13003 2 2 10 4 491 7359 7242
13004 2 2 10 4 1896 7651 5628
13005 2 2 10 4 594 7037 5007
13006 2 2 10 4 4286 7583 6070
13007 2 2 10 4 5511 7304 7288
13008 2 2 10 4 3828 6801 4158
13009 2 2 10 4 3090 7108 3790
13010 2 2 10 4 6132 6602 774
13011 2 2 10 4 4254 7035 6327
13012 2 2 10 4 5066 7362 6853
13013 2 2 10 4 6143 6811 4092
13014 2 2 10 4 2004 7502 2310
13015 2 2 10 4 2302 6798 2074
13016 2 2 10 4 6348 6612 4104
13017 2 2 10 4 6507 6779 3580
13018 2 2 10 4 6358 7611 7605
13019 2 2 10 4 3836 6820 5783
13020 2 2 10 4 871 6723 6275
13021 2 2 10 4 3083 6780 2954
13022 2 2 10 4 1119 7007 5092
13023 2 2 10 4 3958 6639 3956
13024 2 2 10 4 766 7248 5225
13025 2 2 10 4 1062 7194 1041
13026 2 2 10 4 3742 6675 4062
13027 2 2 10 4 823 6755 826
13028 2 2 10 4 4112 6610 3612
13029 2 2 10 4 1347 6612 1345
13030 2 2 10 4 2559 7594 5722
13031 2 2 10 4 3881 7029 4110
13032 2 2 10 4 5128 7333 587
13033 2 2 10 4 1225 6699 6452
13034 2 2 10 4 2634 6665 1526
13035 2 2 10 4 3646 6626 3617
13036 2 2 10 4 7161 7311 5504
13037 2 2 10 4 2732 6679 2512
13038 2 2 10 4 6732 6775 6187
13039 2 2 10 4 6281 6677 840
13040 2 2 10 4 1778 6778 1780
13041 2 2 10 4 3114 7215 3136
13042 2 2 10 4 3966 6681 3964
13043 2 2 10 4 584 6697 219
13044 2 2 10 4 3640 6565 6369
13045 2 2 10 4 6101 7344 3547
13046 2 2 10 4 3929 7104 6082
13047 2 2 10 4 1989 6683 2089
13048 2 2 10 4 4159 6870 6848
13049 2 2 10 4 3131 7070 6101
13050 2 2 10 4 1531 6883 6843
13051 2 2 10 4 4380 7524 7042
13052 2 2 10 4 1620 6906 1612
13053 2 2 10 4 4711 7393 6453
13054 2 2 10 4 6877 7152 4808
13055 2 2 10 4 6187 6775 2978
13056 2 2 10 4 6696 7003 3548
13057 2 2 10 4 1150 6883 1148
13058 2 2 10 4 3705 6621 3707
13059 2 2 10 4 4092 6811 6434
13060 2 2 10 4 2409 6827 3084
13061 2 2 10 4 4135 6694 3736
13062 2 2 10 4 4459 7355 5546
13063 2 2 10 4 2345 6800 1774
13064 2 2 10 4 7212 7218 1239
13065 2 2 10 4 4515 6930 3800
13066 2 2 10 4 3209 6583 6105
13067 2 2 10 4 3697 6741 6066
13068 2 2 10 4 484 6684 485
13069 2 2 10 4 3768 7092 6888
13070 2 2 10 4 6665 7226 6258
13071 2 2 10 4 1499 6616 1489
13072 2 2 10 4 61 6717 5549
13073 2 2 10 4 6126 7342 3891
13074 2 2 10 4 3566 7017 5768
13075 2 2 10 4 5055 7564 4675
13076 2 2 10 4 1460 6947 1409
13077 2 2 10 4 1892 7134 1899
13078 2 2 10 4 3241 6834 6513
13079 2 2 10 4 6506 7251 4654
13080 2 2 10 4 3844 6742 3845
13081 2 2 10 4 5596 6908 6862
13082 2 2 10 4 4278 7085 3251
13083 2 2 10 4 6276 7634 4718
13084 2 2 10 4 3942 6642 4487
13085 2 2 10 4 6054 7621 6055
13086 2 2 10 4 4042 6531 6138
13087 2 2 10 4 581 6903 4398
13088 2 2 10 4 3804 7042 6436
13089 2 2 10 4 6186 7261 1711
13090 2 2 10 4 4622 7334 5250
13091 2 2 10 4 2475 6870 6091
13092 2 2 10 4 1259 6678 1145
13093 2 2 10 4 5199 7422 7219
13094 2 2 10 4 3387 6751 3000
13095 2 2 10 4 5445 6963 6918
13096 2 2 10 4 3732 6877 5702
13097 2 2 10 4 5154 7233 5156
13098 2 2 10 4 4882 6774 4883
13099 2 2 10 4 4024 7184 6819
13100 2 2 10 4 6018 7001 3877
13101 2 2 10 4 6073 6777 6190
13102 2 2 10 4 2063 6620 2107
13103 2 2 10 4 5558 6965 1972
13104 2 2 10 4 6591 6933 3884
13105 2 2 10 4 3212 7543 3413
13106 2 2 10 4 7432 7476 3991
13107 2 2 10 4 6863 7085 4179
13108 2 2 10 4 2168 7631 5060
13109 2 2 10 4 4032 6926 3985
13110 2 2 10 4 1230 6655 6088
13111 2 2 10 4 6534 6787 2716
13112 2 2 10 4 1306 6662 1304
13113 2 2 10 4 4271 7428 4270
13114 2 2 10 4 679 7513 5031
13115 2 2 10 4 3983 6978 4032
13116 2 2 10 4 7049 7481 516
13117 2 2 10 4 6114 7040 1439
13118 2 2 10 4 6563 6702 5446
13119 2 2 10 4 6111 7587 4936
13120 2 2 10 4 606 7586 7279
13121 2 2 10 4 1117 6841 2545
13122 2 2 10 4 6860 7347 4325
13123 2 2 10 4 6743 6973 4389
13124 2 2 10 4 1907 7008 1810
13125 2 2 10 4 3947 6669 6500
13126 2 2 10 4 3239 7084 5707
13127 2 2 10 4 5050 7217 5240
13128 2 2 10 4 4605 7301 4362
13129 2 2 10 4 5649 7389 1646
13130 2 2 10 4 546 7383 7308
13131 2 2 10 4 672 6858 5476
13132 2 2 10 4 4264 6630 4515
13133 2 2 10 4 6889 7206 5088
13134 2 2 10 4 5173 7216 3391
13135 2 2 10 4 7021 7033 6029
13136 2 2 10 4 2889 6718 3308
13137 2 2 10 4 6195 6701 6343
13138 2 2 10 4 3552 6839 3998
13139 2 2 10 4 4236 7465 6248
13140 2 2 10 4 6024 7608 5293
13141 2 2 10 4 750 6643 955
13142 2 2 10 4 4279 7287 6409
13143 2 2 10 4 6592 6743 3701
13144 2 2 10 4 4077 6849 6712
13145 2 2 10 4 3189 6880 4228
13146 2 2 10 4 3269 7102 6497
13147 2 2 10 4 5770 7499 3981
13148 2 2 10 4 4666 7088 4665
13149 2 2 10 4 7053 7436 4084
13150 2 2 10 4 4282 7014 4281
13151 2 2 10 4 5597 6862 5598
13152 2 2 10 4 3055 6644 6418
13153 2 2 10 4 4323 6709 4321
13154 2 2 10 4 4897 6664 4905
13155 2 2 10 4 6572 6573 565
13156 2 2 10 4 3534 6836 3953
13157 2 2 10 4 5640 7318 615
13158 2 2 10 4 2325 7339 5801
13159 2 2 10 4 4701 7374 6255
13160 2 2 10 4 1413 6691 1411
13161 2 2 10 4 2001 6627 2003
13162 2 2 10 4 6920 7270 6795
13163 2 2 10 4 3258 6890 3260
13164 2 2 10 4 6343 6701 5591
13165 2 2 10 4 5319 6730 603
13166 2 2 10 4 3898 7138 4288
13167 2 2 10 4 1302 6676 1300
13168 2 2 10 4 5890 7314 6051
13169 2 2 10 4 6815 7468 1836
13170 2 2 10 4 5177 6799 5176
13171 2 2 10 4 1972 6908 5596
13172 2 2 10 4 3086 7104 3929
13173 2 2 10 4 3731 6943 3095
13174 2 2 10 4 6115 6859 3490
13175 2 2 10 4 6233 7307 5493
13176 2 2 10 4 953 7578 7469
13177 2 2 10 4 3663 6872 3658
13178 2 2 10 4 4010 6957 4012
13179 2 2 10 4 7453 7514 6360
13180 2 2 10 4 6004 6838 3750
13181 2 2 10 4 2401 6649 2303
13182 2 2 10 4 2899 6673 2900
13183 2 2 10 4 4040 6734 6489
13184 2 2 10 4 1750 6958 2202
13185 2 2 10 4 6918 7255 5446
13186 2 2 10 4 570 6532 6451
13187 2 2 10 4 3413 6713 5778
13188 2 2 10 4 4800 7137 4798
13189 2 2 10 4 6500 6669 3581
13190 2 2 10 4 2845 7189 6944
13191 2 2 10 4 1860 6794 6525
13192 2 2 10 4 4170 7599 7585
13193 2 2 10 4 6435 6792 6063
13194 2 2 10 4 6497 7102 5836
13195 2 2 10 4 6338 7371 4054
13196 2 2 10 4 5890 7489 7314
13197 2 2 10 4 4643 6782 6727
13198 2 2 10 4 2987 6720 3047
13199 2 2 10 4 7476 7638 3991
13200 2 2 10 4 7199 7451 4298
13201 2 2 10 4 3626 6695 3628
13202 2 2 10 4 6035 7234 2671
13203 2 2 10 4 5263 7036 3379
13204 2 2 10 4 4496 7099 4495
13205 2 2 10 4 3790 6668 3091
13206 2 2 10 4 2831 6652 2794
13207 2 2 10 4 1891 6633 6134
13208 2 2 10 4 6548 6805 3169
13209 2 2 10 4 6249 6650 5364
13210 2 2 10 4 1628 7559 1630
13211 2 2 10 4 5766 7336 4771
13212 2 2 10 4 6199 6830 3634
13213 2 2 10 4 4826 6915 573
13214 2 2 10 4 5208 6826 5207
13215 2 2 10 4 3745 6727 3072
13216 2 2 10 4 4824 7027 6987
13217 2 2 10 4 822 6755 823
13218 2 2 10 4 3976 7177 3977
13219 2 2 10 4 4581 6821 6447
13220 2 2 10 4 3156 6729 3158
13221 2 2 10 4 4322 6860 4325
13222 2 2 10 4 4104 6825 3081
13223 2 2 10 4 2403 6953 1111
13224 2 2 10 4 2451 7132 2453
13225 2 2 10 4 4001 7141 4502
13226 2 2 10 4 6956 7194 5439
13227 2 2 10 4 4108 6962 2896
13228 2 2 10 4 4008 7043 3633
13229 2 2 10 4 1264 7324 1258
13230 2 2 10 4 2810 6690 2812
13231 2 2 10 4 2133 7284 6219
13232 2 2 10 4 915 6704 917
13233 2 2 10 4 2717 6824 3823
13234 2 2 10 4 1231 6699 1225
13235 2 2 10 4 4466 6653 6047
13236 2 2 10 4 3996 6761 3995
13237 2 2 10 4 2128 6735 2131
13238 2 2 10 4 5018 6797 5021
13239 2 2 10 4 1927 7583 4286
13240 2 2 10 4 4674 6776 4676
13241 2 2 10 4 5414 7034 4639
13242 2 2 10 4 5187 7300 5185
13243 2 2 10 4 3762 6722 4373
13244 2 2 10 4 4257 7218 4255
13245 2 2 10 4 3770 6949 4152
13246 2 2 10 4 3776 7417 4268
13247 2 2 10 4 3093 6943 4018
13248 2 2 10 4 1234 6940 1236
13249 2 2 10 4 4274 6687 4275
13250 2 2 10 4 3362 6766 5529
13251 2 2 10 4 5278 7397 6770
13252 2 2 10 4 3729 7321 6448
13253 2 2 10 4 5839 6737 3452
13254 2 2 10 4 131 6716 695
13255 2 2 10 4 51 6786 583
13256 2 2 10 4 2449 7521 2451
13257 2 2 10 4 608 7483 7178
13258 2 2 10 4 5211 6837 1955
13259 2 2 10 4 5962 6787 4068
13260 2 2 10 4 696 6717 132
13261 2 2 10 4 1972 6965 6908
13262 2 2 10 4 6179 7097 4601
13263 2 2 10 4 1374 6757 1372
13264 2 2 10 4 1707 7621 6054
13265 2 2 10 4 4227 6671 3346
13266 2 2 10 4 4682 7220 4685
13267 2 2 10 4 6486 7625 3452
13268 2 2 10 4 6423 6763 4277
13269 2 2 10 4 569 6736 4777
13270 2 2 10 4 5743 6738 3449
13271 2 2 10 4 7315 7622 6108
13272 2 2 10 4 5707 7084 7074
13273 2 2 10 4 4613 7319 4611
13274 2 2 10 4 6425 6877 4809
13275 2 2 10 4 5138 6752 5135
13276 2 2 10 4 6502 7603 4709
13277 2 2 10 4 3825 6686 3597
13278 2 2 10 4 7141 7361 1238
13279 2 2 10 4 3697 6921 6741
13280 2 2 10 4 4145 7466 4584
13281 2 2 10 4 3509 7192 6477
13282 2 2 10 4 1683 7621 1688
13283 2 2 10 4 6091 6822 1072
13284 2 2 10 4 3954 6744 3650
13285 2 2 10 4 7209 7282 5327
13286 2 2 10 4 6604 6689 3911
13287 2 2 10 4 6476 7543 5295
13288 2 2 10 4 6508 6942 4983
13289 2 2 10 4 3361 6871 5172
13290 2 2 10 4 7219 7422 4529
13291 2 2 10 4 651 6740 4723
13292 2 2 10 4 2841 6919 6416
13293 2 2 10 4 5049 7101 7028
13294 2 2 10 4 2727 7354 3512
13295 2 2 10 4 3594 6674 3918
13296 2 2 10 4 4321 6709 6428
13297 2 2 10 4 2994 7373 3618
13298 2 2 10 4 5060 7631 4973
13299 2 2 10 4 6705 7160 5322
13300 2 2 10 4 5308 7490 7310
13301 2 2 10 4 1367 6933 6591
13302 2 2 10 4 6919 7082 6416
13303 2 2 10 4 4545 7016 5679
13304 2 2 10 4 4583 6821 4581
13305 2 2 10 4 1146 6706 1144
13306 2 2 10 4 7129 7512 1482
13307 2 2 10 4 6929 7479 4803
13308 2 2 10 4 4441 7243 4509
13309 2 2 10 4 3798 6930 6071
13310 2 2 10 4 5156 7139 5158
13311 2 2 10 4 5091 6971 970
13312 2 2 10 4 1511 7119 6763
13313 2 2 10 4 1873 7316 1876
13314 2 2 10 4 1439 7040 1437
13315 2 2 10 4 2371 6631 6386
13316 2 2 10 4 7527 7592 3354
13317 2 2 10 4 1094 6711 1092
13318 2 2 10 4 5114 7019 533
13319 2 2 10 4 1109 6953 2363
13320 2 2 10 4 4042 6760 6531
13321 2 2 10 4 6624 6695 3626
13322 2 2 10 4 1568 7273 2321
13323 2 2 10 4 6162 7271 4385
13324 2 2 10 4 4088 6707 4174
13325 2 2 10 4 4456 7188 6406
13326 2 2 10 4 6377 6634 2170
13327 2 2 10 4 483 6749 484
13328 2 2 10 4 2292 7532 6453
13329 2 2 10 4 174 7037 173
13330 2 2 10 4 4287 7317 6902
13331 2 2 10 4 2257 7467 6255
13332 2 2 10 4 5183 6921 1789
13333 2 2 10 4 2853 7495 2855
13334 2 2 10 4 3925 7125 4139
13335 2 2 10 4 4155 6866 6544
13336 2 2 10 4 2144 7094 911
13337 2 2 10 4 1642 7382 5154
13338 2 2 10 4 3028 6909 6731
13339 2 2 10 4 5043 6808 5041
13340 2 2 10 4 2138 7491 5024
13341 2 2 10 4 4077 6712 6680
13342 2 2 10 4 3774 6788 3920
13343 2 2 10 4 4272 6721 4013
13344 2 2 10 4 1644 7418 1646
13345 2 2 10 4 4000 7242 4266
13346 2 2 10 4 3803 6647 6439
13347 2 2 10 4 5143 6809 1150
13348 2 2 10 4 4091 7554 5395
13349 2 2 10 4 544 6961 5484
13350 2 2 10 4 7092 7223 5074
13351 2 2 10 4 6333 6785 4089
13352 2 2 10 4 4644 6782 4643
13353 2 2 10 4 6763 7119 4277
13354 2 2 10 4 2397 6802 2729
13355 2 2 10 4 3597 6715 3792
13356 2 2 10 4 6622 6924 3432
13357 2 2 10 4 2675 6793 6758
13358 2 2 10 4 5444 6875 567
13359 2 2 10 4 5197 7219 5198
13360 2 2 10 4 4076 6756 4354
13361 2 2 10 4 2233 6770 2235
13362 2 2 10 4 5262 6998 647
13363 2 2 10 4 398 6762 555
13364 2 2 10 4 6128 6700 6129
13365 2 2 10 4 4081 7449 3839
13366 2 2 10 4 3264 6779 5969
13367 2 2 10 4 4861 6840 3362
13368 2 2 10 4 1334 6700 2410
13369 2 2 10 4 6088 6694 2048
13370 2 2 10 4 6536 7484 5376
13371 2 2 10 4 726 7035 2134
13372 2 2 10 4 3692 6824 6464
13373 2 2 10 4 2299 7450 1110
13374 2 2 10 4 6578 6886 4131
13375 2 2 10 4 6116 6805 6548
13376 2 2 10 4 5883 6773 3403
13377 2 2 10 4 6066 6725 3735
13378 2 2 10 4 7042 7524 518
13379 2 2 10 4 1467 7619 1468
13380 2 2 10 4 1899 7583 1905
13381 2 2 10 4 4074 6719 6145
13382 2 2 10 4 5213 7063 2494
13383 2 2 10 4 3081 6825 4099
13384 2 2 10 4 1630 7424 1632
13385 2 2 10 4 4503 6849 5978
13386 2 2 10 4 4985 6784 6007
13387 2 2 10 4 2855 7281 2857
13388 2 2 10 4 6011 6716 7
13389 2 2 10 4 5574 6833 3387
13390 2 2 10 4 1239 7218 5214
13391 2 2 10 4 5666 7546 6092
13392 2 2 10 4 913 7094 956
13393 2 2 10 4 4401 7226 4603
13394 2 2 10 4 5251 7649 2299
13395 2 2 10 4 4782 7292 5728
13396 2 2 10 4 5591 6701 6041
13397 2 2 10 4 840 6677 6290
13398 2 2 10 4 5288 7002 1252
13399 2 2 10 4 1362 6853 1361
13400 2 2 10 4 3849 6974 6614
13401 2 2 10 4 5516 7118 524
13402 2 2 10 4 3995 6761 6431
13403 2 2 10 4 2875 6912 4934
13404 2 2 10 4 3160 6790 3679
13405 2 2 10 4 3413 7543 6476
13406 2 2 10 4 4181 7513 4590
13407 2 2 10 4 5476 6894 519
13408 2 2 10 4 4509 7090 4443
13409 2 2 10 4 4113 6726 4114
13410 2 2 10 4 1062 7408 7194
13411 2 2 10 4 4884 6948 6771
13412 2 2 10 4 4169 7596 5028
13413 2 2 10 4 3139 6973 6499
13414 2 2 10 4 6572 7576 3544
13415 2 2 10 4 3782 7421 3785
13416 2 2 10 4 5598 6729 6535
13417 2 2 10 4 3820 7048 4873
13418 2 2 10 4 2984 6698 2305
13419 2 2 10 4 5187 7367 7300
13420 2 2 10 4 3781 6843 3779
13421 2 2 10 4 1137 7598 1136
13422 2 2 10 4 6360 7514 802
13423 2 2 10 4 6645 7016 507
13424 2 2 10 4 1484 7271 6162
13425 2 2 10 4 4435 7399 4456
13426 2 2 10 4 6589 7619 1470
13427 2 2 10 4 1646 7389 1648
13428 2 2 10 4 5017 6850 5019
13429 2 2 10 4 5089 7578 4901
13430 2 2 10 4 6680 6771 5997
13431 2 2 10 4 2675 6758 2649
13432 2 2 10 4 5997 6771 3747
13433 2 2 10 4 5348 7270 6920
13434 2 2 10 4 3766 7260 7077
13435 2 2 10 4 3039 7207 2477
13436 2 2 10 4 4495 6724 4339
13437 2 2 10 4 5558 7058 6965
13438 2 2 10 4 609 6820 5536
13439 2 2 10 4 5760 6813 3314
13440 2 2 10 4 4566 7136 4448
13441 2 2 10 4 1858 6794 1860
13442 2 2 10 4 6342 6789 4366
13443 2 2 10 4 1511 6763 6616
13444 2 2 10 4 827 6748 830
13445 2 2 10 4 6621 6777 3883
13446 2 2 10 4 1920 6803 1913
13447 2 2 10 4 4160 6870 4159
13448 2 2 10 4 5381 7604 4124
13449 2 2 10 4 1677 7439 1675
13450 2 2 10 4 6275 6723 5573
13451 2 2 10 4 1670 7587 1650
13452 2 2 10 4 3034 6804 3032
13453 2 2 10 4 1912 7058 5558
13454 2 2 10 4 843 6767 845
13455 2 2 10 4 3883 7267 3814
13456 2 2 10 4 6829 7407 566
13457 2 2 10 4 6311 6705 3695
13458 2 2 10 4 2400 7315 6108
13459 2 2 10 4 5883 6828 6773
13460 2 2 10 4 3142 7117 3140
13461 2 2 10 4 2545 7225 1115
13462 2 2 10 4 1898 7496 1869
13463 2 2 10 4 3835 6915 3834
13464 2 2 10 4 7113 7161 668
13465 2 2 10 4 2513 6807 2515
13466 2 2 10 4 792 7263 789
13467 2 2 10 4 3819 6745 4262
13468 2 2 10 4 5422 6813 5423
13469 2 2 10 4 5451 7295 602
13470 2 2 10 4 6453 7532 5909
13471 2 2 10 4 6864 6914 1311
13472 2 2 10 4 4358 7135 5813
13473 2 2 10 4 3727 6754 4076
13474 2 2 10 4 1611 7518 1680
13475 2 2 10 4 3190 7330 2459
13476 2 2 10 4 6327 7035 728
13477 2 2 10 4 6427 6860 4320
13478 2 2 10 4 1812 6814 1814
13479 2 2 10 4 6739 6910 4212
13480 2 2 10 4 634 7347 6860
13481 2 2 10 4 6290 6656 6289
13482 2 2 10 4 6112 6723 871
13483 2 2 10 4 3587 6743 6592
13484 2 2 10 4 1258 7176 1242
13485 2 2 10 4 3759 6768 3826
13486 2 2 10 4 4430 6747 6368
13487 2 2 10 4 3818 6708 6266
13488 2 2 10 4 3507 7484 6536
13489 2 2 10 4 7204 7354 2727
13490 2 2 10 4 3972 6672 3973
13491 2 2 10 4 6095 6714 1891
13492 2 2 10 4 6994 7363 5877
13493 2 2 10 4 5974 7009 3757
13494 2 2 10 4 3378 6952 5363
13495 2 2 10 4 4027 7121 4392
13496 2 2 10 4 5322 7160 3846
13497 2 2 10 4 4596 7591 5012
13498 2 2 10 4 5230 7364 973
13499 2 2 10 4 6436 7042 4794
13500 2 2 10 4 4289 6746 4290
13501 2 2 10 4 4170 7585 3275
13502 2 2 10 4 4270 7302 3746
13503 2 2 10 4 4684 7551 7220
13504 2 2 10 4 7570 7595 4473
13505 2 2 10 4 4140 7081 6585
13506 2 2 10 4 3238 6869 3396
13507 2 2 10 4 6707 6823 5434
13508 2 2 10 4 4379 6734 4040
13509 2 2 10 4 492 7032 4776
13510 2 2 10 4 4185 7383 5031
13511 2 2 10 4 3172 6819 3171
13512 2 2 10 4 6266 6708 3083
13513 2 2 10 4 3083 7307 6780
13514 2 2 10 4 794 7375 792
13515 2 2 10 4 2440 6882 5014
13516 2 2 10 4 4548 7097 4046
13517 2 2 10 4 3926 7230 3483
13518 2 2 10 4 5608 6661 6608
13519 2 2 10 4 6029 7033 3520
13520 2 2 10 4 5445 6918 5446
13521 2 2 10 4 1498 7271 1491
13522 2 2 10 4 6131 7627 2321
13523 2 2 10 4 802 7611 6358
13524 2 2 10 4 3910 6753 6115
13525 2 2 10 4 6464 6824 2717
13526 2 2 10 4 1652 7587 6111
13527 2 2 10 4 6388 6659 3328
13528 2 2 10 4 4794 7042 518
13529 2 2 10 4 3750 6838 6485
13530 2 2 10 4 3948 6743 3587
13531 2 2 10 4 3537 6772 4261
13532 2 2 10 4 2437 7492 5058
13533 2 2 10 4 4131 6886 4132
13534 2 2 10 4 4035 7157 3923
13535 2 2 10 4 4958 7559 1711
13536 2 2 10 4 6723 6977 3916
13537 2 2 10 4 1203 6979 6205
13538 2 2 10 4 7153 7504 4239
13539 2 2 10 4 611 6818 163
13540 2 2 10 4 2954 6780 3226
13541 2 2 10 4 1891 6714 6633
13542 2 2 10 4 4174 7368 4087
13543 2 2 10 4 3583 7133 6553
13544 2 2 10 4 4195 6781 4242
13545 2 2 10 4 4651 7049 516
13546 2 2 10 4 3764 6828 5883
13547 2 2 10 4 6289 6656 2148
13548 2 2 10 4 4793 7504 7153
13549 2 2 10 4 2408 7315 1318
13550 2 2 10 4 6242 6938 6042
13551 2 2 10 4 2056 7290 5829
13552 2 2 10 4 3920 7026 5968
13553 2 2 10 4 4158 7238 3830
13554 2 2 10 4 5204 7501 5203
13555 2 2 10 4 4167 7142 4165
13556 2 2 10 4 4215 7370 4213
13557 2 2 10 4 5530 7052 523
13558 2 2 10 4 5549 7306 684
13559 2 2 10 4 5707 7074 6432
13560 2 2 10 4 4914 6876 4916
13561 2 2 10 4 4262 7207 6969
13562 2 2 10 4 5617 7214 6943
13563 2 2 10 4 2461 7330 3175
13564 2 2 10 4 5442 7023 677
13565 2 2 10 4 3607 6832 5851
13566 2 2 10 4 5054 7021 1535
13567 2 2 10 4 6541 7285 4094
13568 2 2 10 4 3028 7205 3027
13569 2 2 10 4 6168 7069 2103
13570 2 2 10 4 352 6829 566
13571 2 2 10 4 5198 7219 7013
13572 2 2 10 4 2074 6798 2476
13573 2 2 10 4 5513 6852 4586
13574 2 2 10 4 6520 6759 2490
13575 2 2 10 4 2085 6696 6161
13576 2 2 10 4 6686 6715 3597
13577 2 2 10 4 1856 7468 7461
13578 2 2 10 4 4089 6823 4088
13579 2 2 10 4 6063 6792 4217
13580 2 2 10 4 5061 7404 2523
13581 2 2 10 4 3214 7612 2863
13582 2 2 10 4 822 6756 6755
13583 2 2 10 4 6255 7467 4701
13584 2 2 10 4 6226 7061 2133
13585 2 2 10 4 7571 7636 4375
13586 2 2 10 4 4246 6795 4245
13587 2 2 10 4 3765 7283 6218
13588 2 2 10 4 7337 7490 4425
13589 2 2 10 4 1920 6865 6803
13590 2 2 10 4 735 6899 1004
13591 2 2 10 4 6935 7031 1217
13592 2 2 10 4 1309 6864 1311
13593 2 2 10 4 6452 6699 5019
13594 2 2 10 4 1193 7422 5199
13595 2 2 10 4 605 7452 6844
13596 2 2 10 4 3826 6801 3828
13597 2 2 10 4 2529 6842 2388
13598 2 2 10 4 6639 7013 4529
13599 2 2 10 4 4403 7476 4400
13600 2 2 10 4 5033 6916 5300
13601 2 2 10 4 4482 7338 4205
13602 2 2 10 4 2867 7345 2981
13603 2 2 10 4 173 7037 594
13604 2 2 10 4 4089 6785 6249
13605 2 2 10 4 3876 7485 3646
13606 2 2 10 4 4088 6823 6707
13607 2 2 10 4 4043 6760 4042
13608 2 2 10 4 2415 6778 1778
13609 2 2 10 4 6717 7276 5549
13610 2 2 10 4 4835 7077 6648
13611 2 2 10 4 4809 6877 4808
13612 2 2 10 4 3815 7118 6159
13613 2 2 10 4 6248 7646 3866
13614 2 2 10 4 683 7400 7246
13615 2 2 10 4 1359 7309 7015
13616 2 2 10 4 5031 7513 4183
13617 2 2 10 4 3869 6791 3871
13618 2 2 10 4 4452 7355 4459
13619 2 2 10 4 1113 7225 2403
13620 2 2 10 4 6693 7554 3569
13621 2 2 10 4 5877 7363 2733
13622 2 2 10 4 4603 7226 6665
13623 2 2 10 4 6431 6761 2718
13624 2 2 10 4 2978 6775 6109
13625 2 2 10 4 6028 7526 5103
13626 2 2 10 4 6598 7602 572
13627 2 2 10 4 3580 6779 4247
13628 2 2 10 4 7514 7611 802
13629 2 2 10 4 3621 7325 3988
13630 2 2 10 4 4577 6912 4576
13631 2 2 10 4 4093 7172 4273
13632 2 2 10 4 5067 6917 5069
13633 2 2 10 4 5659 7337 6150
13634 2 2 10 4 393 6845 394
13635 2 2 10 4 4074 7197 6719
13636 2 2 10 4 4221 7420 4836
13637 2 2 10 4 1545 7390 5063
13638 2 2 10 4 1838 7468 1856
13639 2 2 10 4 5565 6857 5391
13640 2 2 10 4 605 6844 96
13641 2 2 10 4 5229 6885 636
13642 2 2 10 4 4772 7265 4866
13643 2 2 10 4 5015 7050 5017
13644 2 2 10 4 4231 7474 4340
13645 2 2 10 4 4924 7494 4921
13646 2 2 10 4 6368 6747 6207
13647 2 2 10 4 4275 6732 6187
13648 2 2 10 4 3935 7064 5572
13649 2 2 10 4 1540 7320 5964
13650 2 2 10 4 6475 7409 4115
13651 2 2 10 4 6123 7558 4021
13652 2 2 10 4 5397 7529 3215
13653 2 2 10 4 4174 6707 6682
13654 2 2 10 4 6287 6793 2675
13655 2 2 10 4 4296 6855 3777
13656 2 2 10 4 761 6816 760
13657 2 2 10 4 5962 7145 6787
13658 2 2 10 4 4020 6728 4021
13659 2 2 10 4 5781 6907 3042
13660 2 2 10 4 4380 7042 3804
13661 2 2 10 4 6371 7302 4270
13662 2 2 10 4 4021 7558 3674
13663 2 2 10 4 6546 7164 596
13664 2 2 10 4 4022 7356 6097
13665 2 2 10 4 6580 7348 2969
13666 2 2 10 4 3511 6796 4124
13667 2 2 10 4 7469 7578 5089
13668 2 2 10 4 4525 7472 6140
13669 2 2 10 4 6655 6694 6088
13670 2 2 10 4 6752 7171 2490
13671 2 2 10 4 4159 6969 3085
13672 2 2 10 4 1774 6800 1776
13673 2 2 10 4 4405 6831 6286
13674 2 2 10 4 1316 7315 2400
13675 2 2 10 4 559 7629 6972
13676 2 2 10 4 4857 7391 3996
13677 2 2 10 4 4166 6858 4168
13678 2 2 10 4 4033 6759 6520
13679 2 2 10 4 6218 7260 3766
13680 2 2 10 4 3084 6733 6229
13681 2 2 10 4 1582 6904 1580
13682 2 2 10 4 6941 7128 5384
13683 2 2 10 4 5348 6920 675
13684 2 2 10 4 3867 6837 3869
13685 2 2 10 4 5936 7522 4105
13686 2 2 10 4 3299 6827 2409
13687 2 2 10 4 3746 6805 6116
13688 2 2 10 4 5431 6874 5585
13689 2 2 10 4 6755 6756 4076
13690 2 2 10 4 3923 7455 3614
13691 2 2 10 4 1338 7128 5388
13692 2 2 10 4 1621 6817 1616
13693 2 2 10 4 3987 6854 4034
13694 2 2 10 4 3938 7199 4298
13695 2 2 10 4 3756 6825 6698
13696 2 2 10 4 4006 7431 3662
13697 2 2 10 4 1929 6865 1920
13698 2 2 10 4 6620 6901 5972
13699 2 2 10 4 906 6945 904
13700 2 2 10 4 4137 7048 3820
13701 2 2 10 4 6735 7030 2131
13702 2 2 10 4 1835 6815 1833
13703 2 2 10 4 1737 6946 5532
13704 2 2 10 4 3380 7573 4108
13705 2 2 10 4 6608 6661 3578
13706 2 2 10 4 4985 7169 6784
13707 2 2 10 4 2321 7627 1570
13708 2 2 10 4 4470 6909 4616
13709 2 2 10 4 3391 7025 5033
13710 2 2 10 4 5199 7219 5197
13711 2 2 10 4 4409 6967 3838
13712 2 2 10 4 3169 6805 3959
13713 2 2 10 4 5156 7233 7139
13714 2 2 10 4 2834 7057 6690
13715 2 2 10 4 4297 6960 3992
13716 2 2 10 4 117 6879 116
13717 2 2 10 4 7138 7649 4288
13718 2 2 10 4 1214 6935 1217
13719 2 2 10 4 604 7243 6406
13720 2 2 10 4 6787 7145 5606
13721 2 2 10 4 3242 6792 5547
13722 2 2 10 4 6190 6777 2146
13723 2 2 10 4 2983 6811 3329
13724 2 2 10 4 6058 7329 3121
13725 2 2 10 4 4012 6981 4093
13726 2 2 10 4 3173 7446 3879
13727 2 2 10 4 6643 6991 955
13728 2 2 10 4 6949 7091 6606
13729 2 2 10 4 6502 7425 2447
13730 2 2 10 4 6946 7293 5532
13731 2 2 10 4 387 6873 388
13732 2 2 10 4 533 7019 5457
13733 2 2 10 4 5306 7066 5305
13734 2 2 10 4 6207 6747 2377
13735 2 2 10 4 6295 6863 6390
13736 2 2 10 4 6916 7025 4273
13737 2 2 10 4 2491 7456 6628
13738 2 2 10 4 5010 7333 5128
13739 2 2 10 4 3166 6934 3185
13740 2 2 10 4 5792 6878 5687
13741 2 2 10 4 5154 7382 7233
13742 2 2 10 4 3690 7531 6576
13743 2 2 10 4 10 6868 9
13744 2 2 10 4 4374 7571 4375
13745 2 2 10 4 5302 7527 7281
13746 2 2 10 4 6573 7417 3776
13747 2 2 10 4 2820 7223 5328
13748 2 2 10 4 584 6768 6697
13749 2 2 10 4 3005 6785 6333
13750 2 2 10 4 4532 7125 6954
13751 2 2 10 4 4868 7623 4227
13752 2 2 10 4 1128 6841 1117
13753 2 2 10 4 6747 6925 2377
13754 2 2 10 4 6312 6902 3821
13755 2 2 10 4 4707 7603 6587
13756 2 2 10 4 7215 7259 3136
13757 2 2 10 4 4278 7204 7085
13758 2 2 10 4 5365 7437 571
13759 2 2 10 4 159 6881 158
13760 2 2 10 4 1311 6914 1313
13761 2 2 10 4 686 7201 6856
13762 2 2 10 4 6984 7113 5487
13763 2 2 10 4 2481 6705 6311
13764 2 2 10 4 5057 7518 6817
13765 2 2 10 4 3589 7548 7341
13766 2 2 10 4 3303 6847 4308
13767 2 2 10 4 6768 6801 3826
13768 2 2 10 4 7184 7499 5770
13769 2 2 10 4 6363 7304 3687
13770 2 2 10 4 5978 6849 4077
13771 2 2 10 4 6143 7027 6811
13772 2 2 10 4 4528 6839 3552
13773 2 2 10 4 4574 6955 4577
13774 2 2 10 4 6911 7601 2985
13775 2 2 10 4 4031 6836 3534
13776 2 2 10 4 6542 7203 6230
13777 2 2 10 4 3186 6884 3464
13778 2 2 10 4 6655 6900 3900
13779 2 2 10 4 6862 6908 3679
13780 2 2 10 4 6850 7050 6514
13781 2 2 10 4 6983 7129 4874
13782 2 2 10 4 94 6936 597
13783 2 2 10 4 5748 6889 2616
13784 2 2 10 4 4383 7005 4382
13785 2 2 10 4 6689 6753 3910
13786 2 2 10 4 4878 7592 7527
13787 2 2 10 4 3806 7229 5165
13788 2 2 10 4 193 6922 192
13789 2 2 10 4 3720 6702 6328
13790 2 2 10 4 6820 7486 5783
13791 2 2 10 4 5981 6887 3522
13792 2 2 10 4 4793 7153 643
13793 2 2 10 4 220 6939 584
13794 2 2 10 4 4023 6763 6423
13795 2 2 10 4 7034 7506 4639
13796 2 2 10 4 3648 6895 6213
13797 2 2 10 4 543 7157 6985
13798 2 2 10 4 3797 6834 3241
13799 2 2 10 4 4242 6856 4193
13800 2 2 10 4 6616 6763 4023
13801 2 2 10 4 5542 6950 598
13802 2 2 10 4 5520 6897 5318
13803 2 2 10 4 4615 7064 3935
13804 2 2 10 4 1588 7560 2323
13805 2 2 10 4 5362 6919 5359
13806 2 2 10 4 4771 7336 4773
13807 2 2 10 4 3672 6901 6620
13808 2 2 10 4 4908 7626 5099
13809 2 2 10 4 4275 6906 6732
13810 2 2 10 4 5067 7174 6917
13811 2 2 10 4 4718 7634 7144
13812 2 2 10 4 3720 6875 6702
13813 2 2 10 4 6401 7313 2980
13814 2 2 10 4 6602 7001 6148
13815 2 2 10 4 3749 7262 6478
13816 2 2 10 4 6915 7644 573
13817 2 2 10 4 3054 6898 3052
13818 2 2 10 4 6879 7041 116
13819 2 2 10 4 3363 7117 7075
13820 2 2 10 4 675 7095 5370
13821 2 2 10 4 6159 7118 5516
13822 2 2 10 4 4614 6851 4608
13823 2 2 10 4 5369 7162 662
13824 2 2 10 4 543 6985 5482
13825 2 2 10 4 4532 7477 4260
13826 2 2 10 4 7024 7295 4091
13827 2 2 10 4 6628 7456 4745
13828 2 2 10 4 368 6905 369
13829 2 2 10 4 6910 7130 4214
13830 2 2 10 4 4168 6892 4282
13831 2 2 10 4 5399 6944 5500
13832 2 2 10 4 3679 6908 5729
13833 2 2 10 4 4717 7144 5710
13834 2 2 10 4 962 7264 6262
13835 2 2 10 4 2669 7489 5890
13836 2 2 10 4 6698 6825 4104
13837 2 2 10 4 5930 7017 3566
13838 2 2 10 4 6606 7091 5418
13839 2 2 10 4 3402 7146 6968
13840 2 2 10 4 3769 6976 4567
13841 2 2 10 4 7013 7356 5198
13842 2 2 10 4 4648 7017 5930
13843 2 2 10 4 5319 6731 6730
13844 2 2 10 4 2048 6923 6027
13845 2 2 10 4 3042 6907 5946
13846 2 2 10 4 4671 7464 5055
13847 2 2 10 4 3869 6837 6791
13848 2 2 10 4 664 6963 5445
13849 2 2 10 4 5575 6911 4689
13850 2 2 10 4 6205 6979 5266
13851 2 2 10 4 637 7451 7199
13852 2 2 10 4 4840 7347 634
13853 2 2 10 4 4659 6934 4658
13854 2 2 10 4 6694 6923 2048
13855 2 2 10 4 667 7121 6857
13856 2 2 10 4 1044 7000 1042
13857 2 2 10 4 6861 7080 3253
13858 2 2 10 4 3359 7215 3114
13859 2 2 10 4 6223 7103 962
13860 2 2 10 4 3490 6859 4855
13861 2 2 10 4 3210 6728 6583
13862 2 2 10 4 6792 6993 4217
13863 2 2 10 4 5092 7033 5054
13864 2 2 10 4 1237 6771 6680
13865 2 2 10 4 5231 7371 2832
13866 2 2 10 4 6781 7209 553
13867 2 2 10 4 6328 6702 6563
13868 2 2 10 4 3671 7256 6559
13869 2 2 10 4 6537 7043 6100
13870 2 2 10 4 4010 6964 6957
13871 2 2 10 4 4456 7399 7268
13872 2 2 10 4 3432 6924 4489
13873 2 2 10 4 7254 7552 5145
13874 2 2 10 4 4946 7165 4947
13875 2 2 10 4 2146 6777 6621
13876 2 2 10 4 2391 6739 6377
13877 2 2 10 4 4471 6932 4472
13878 2 2 10 4 4757 6928 4759
13879 2 2 10 4 4706 6929 4708
13880 2 2 10 4 6406 7243 4439
13881 2 2 10 4 3877 7001 6602
13882 2 2 10 4 3791 6990 5581
13883 2 2 10 4 3242 6993 6792
13884 2 2 10 4 5834 7029 3881
13885 2 2 10 4 4164 6894 4166
13886 2 2 10 4 5764 6937 3940
13887 2 2 10 4 7140 7505 4355
13888 2 2 10 4 5207 6775 6732
13889 2 2 10 4 6402 7273 1566
13890 2 2 10 4 264 7039 263
13891 2 2 10 4 3192 6848 2475
13892 2 2 10 4 551 7238 6607
13893 2 2 10 4 5329 7308 7201
13894 2 2 10 4 3274 6789 6342
13895 2 2 10 4 527 7343 4840
13896 2 2 10 4 4296 7237 6899
13897 2 2 10 4 5406 6968 5407
13898 2 2 10 4 6923 7180 3386
13899 2 2 10 4 7267 7430 7065
13900 2 2 10 4 194 6903 581
13901 2 2 10 4 6908 6965 5729
13902 2 2 10 4 6091 6870 6822
13903 2 2 10 4 4132 6880 3189
13904 2 2 10 4 1217 7031 1219
13905 2 2 10 4 6858 6892 4168
13906 2 2 10 4 3658 6872 3660
13907 2 2 10 4 6109 6826 3717
13908 2 2 10 4 6326 6861 6325
13909 2 2 10 4 491 7242 4732
13910 2 2 10 4 6702 6875 5444
13911 2 2 10 4 7096 7510 6479
13912 2 2 10 4 6663 6944 5123
13913 2 2 10 4 5344 7157 543
13914 2 2 10 4 826 6755 6754
13915 2 2 10 4 1043 6956 1045
13916 2 2 10 4 1683 7439 6055
13917 2 2 10 4 7158 7522 5541
13918 2 2 10 4 2124 6830 6199
13919 2 2 10 4 6913 7487 4936
13920 2 2 10 4 5231 7433 7371
13921 2 2 10 4 7166 7644 6915
13922 2 2 10 4 6191 7535 5276
13923 2 2 10 4 3475 6951 3474
13924 2 2 10 4 3250 7085 6863
13925 2 2 10 4 3772 7240 6018
13926 2 2 10 4 3884 6933 3796
13927 2 2 10 4 551 7474 7238
13928 2 2 10 4 6254 6938 2960
13929 2 2 10 4 4061 7006 5494
13930 2 2 10 4 6741 6921 5183
13931 2 2 10 4 4718 7144 4717
13932 2 2 10 4 3985 6926 3987
13933 2 2 10 4 1492 7047 1496
13934 2 2 10 4 3888 7115 6269
13935 2 2 10 4 4156 6890 3258
13936 2 2 10 4 6018 7240 7001
13937 2 2 10 4 2437 7534 7492
13938 2 2 10 4 4166 6894 6858
13939 2 2 10 4 4135 6923 6694
13940 2 2 10 4 6671 6672 3972
13941 2 2 10 4 6668 7414 3562
13942 2 2 10 4 3736 6694 6655
13943 2 2 10 4 5723 6959 3266
13944 2 2 10 4 4079 6875 3720
13945 2 2 10 4 4915 7534 4913
13946 2 2 10 4 672 6892 6858
13947 2 2 10 4 6633 6714 4539
13948 2 2 10 4 5165 7071 5166
13949 2 2 10 4 3394 7224 5515
13950 2 2 10 4 692 6976 5543
13951 2 2 10 4 6771 6948 3747
13952 2 2 10 4 4536 7619 6589
13953 2 2 10 4 6390 6863 6020
13954 2 2 10 4 6682 6707 693
13955 2 2 10 4 2391 6910 6739
13956 2 2 10 4 2378 7142 6251
13957 2 2 10 4 6583 6728 4020
13958 2 2 10 4 5202 7468 6815
13959 2 2 10 4 1812 7008 6814
13960 2 2 10 4 5729 6965 3805
13961 2 2 10 4 4825 7600 2733
13962 2 2 10 4 4778 7625 6486
13963 2 2 10 4 3548 7003 6151
13964 2 2 10 4 5030 6715 6686
13965 2 2 10 4 6470 7632 5077
13966 2 2 10 4 3987 6926 6854
13967 2 2 10 4 5178 7072 1015
13968 2 2 10 4 4285 7246 4283
13969 2 2 10 4 165 6966 164
13970 2 2 10 4 3400 6972 4241
13971 2 2 10 4 6325 6861 3253
13972 2 2 10 4 3848 6974 3849
13973 2 2 10 4 5812 6975 2327
13974 2 2 10 4 3879 6941 3144
13975 2 2 10 4 5515 7224 5441
13976 2 2 10 4 6577 6895 3648
13977 2 2 10 4 4117 6793 6287
13978 2 2 10 4 5033 7025 6916
13979 2 2 10 4 640 7595 7570
13980 2 2 10 4 3838 6967 5940
13981 2 2 10 4 4584 7575 4144
13982 2 2 10 4 6066 6741 6725
13983 2 2 10 4 6894 6984 519
13984 2 2 10 4 2117 7055 2118
13985 2 2 10 4 178 6997 177
13986 2 2 10 4 4959 7186 4958
13987 2 2 10 4 7518 7589 1680
13988 2 2 10 4 7064 7406 5572
13989 2 2 10 4 3193 7143 3087
13990 2 2 10 4 5733 6998 5262
13991 2 2 10 4 6607 7238 4158
13992 2 2 10 4 1148 6883 1531
13993 2 2 10 4 1481 6806 6589
13994 2 2 10 4 5340 7335 540
13995 2 2 10 4 6594 7290 2056
13996 2 2 10 4 2126 7558 6123
13997 2 2 10 4 5473 7182 562
13998 2 2 10 4 7111 7245 3946
13999 2 2 10 4 5054 7033 7021
14000 2 2 10 4 4082 6962 6900
14001 2 2 10 4 3915 7154 6352
14002 2 2 10 4 4680 7280 4672
14003 2 2 10 4 6048 6861 6326
14004 2 2 10 4 731 7045 733
14005 2 2 10 4 4149 6927 6869
14006 2 2 10 4 323 6989 324
14007 2 2 10 4 6680 6712 1237
14008 2 2 10 4 403 6992 404
14009 2 2 10 4 1240 6940 1234
14010 2 2 10 4 3250 6863 6295
14011 2 2 10 4 2974 6994 5904
14012 2 2 10 4 5583 7341 7180
14013 2 2 10 4 7147 7284 4055
14014 2 2 10 4 5373 7061 6226
14015 2 2 10 4 2236 6995 2239
14016 2 2 10 4 6811 7027 3329
14017 2 2 10 4 6920 7095 675
14018 2 2 10 4 3867 6983 6837
14019 2 2 10 4 6038 7529 5397
14020 2 2 10 4 4818 7641 6448
14021 2 2 10 4 5479 7075 5383
14022 2 2 10 4 265 6982 264
14023 2 2 10 4 6898 7110 3052
14024 2 2 10 4 7187 7520 4547
14025 2 2 10 4 5345 7388 682
14026 2 2 10 4 2538 6988 6492
14027 2 2 10 4 5662 7652 5661
14028 2 2 10 4 3632 7043 6537
14029 2 2 10 4 3778 7027 6143
14030 2 2 10 4 5270 7537 4500
14031 2 2 10 4 6816 6902 760
14032 2 2 10 4 1409 6947 1408
14033 2 2 10 4 2629 7555 5252
14034 2 2 10 4 5119 7637 1451
14035 2 2 10 4 6728 6888 4021
14036 2 2 10 4 4333 7038 4331
14037 2 2 10 4 3882 7004 5866
14038 2 2 10 4 3888 7395 7115
14039 2 2 10 4 647 6998 4804
14040 2 2 10 4 154 7024 153
14041 2 2 10 4 4636 7506 5801
14042 2 2 10 4 3800 6930 3798
14043 2 2 10 4 3293 7106 3722
14044 2 2 10 4 6731 7205 3028
14045 2 2 10 4 572 7602 6997
14046 2 2 10 4 6890 6958 5094
14047 2 2 10 4 4767 7009 4766
14048 2 2 10 4 4590 7599 4170
14049 2 2 10 4 6965 7058 3805
14050 2 2 10 4 5149 7275 6988
14051 2 2 10 4 6183 6954 6263
14052 2 2 10 4 116 7041 115
14053 2 2 10 4 583 7222 5512
14054 2 2 10 4 2211 7011 1939
14055 2 2 10 4 566 7407 6038
14056 2 2 10 4 4398 6903 4402
14057 2 2 10 4 4149 6931 4150
14058 2 2 10 4 5300 7650 880
14059 2 2 10 4 4274 7545 6687
14060 2 2 10 4 5250 7648 4623
14061 2 2 10 4 5360 7167 676
14062 2 2 10 4 6559 7256 5449
14063 2 2 10 4 3551 7069 6168
14064 2 2 10 4 4649 7017 4648
14065 2 2 10 4 5468 7523 531
14066 2 2 10 4 4455 7273 6402
14067 2 2 10 4 3095 6943 3093
14068 2 2 10 4 1948 7123 2360
14069 2 2 10 4 4162 6984 4164
14070 2 2 10 4 3885 7294 4336
14071 2 2 10 4 6377 6739 6634
14072 2 2 10 4 3951 7015 4525
14073 2 2 10 4 5679 7016 4526
14074 2 2 10 4 6776 7509 4676
14075 2 2 10 4 5964 7320 7080
14076 2 2 10 4 6478 7262 5259
14077 2 2 10 4 7222 7304 5512
14078 2 2 10 4 6958 7059 2202
14079 2 2 10 4 899 7426 5091
14080 2 2 10 4 540 7270 5348
14081 2 2 10 4 3855 7018 3857
14082 2 2 10 4 4511 7068 4513
14083 2 2 10 4 6732 6906 1620
14084 2 2 10 4 760 6902 6312
14085 2 2 10 4 5661 7652 5451
14086 2 2 10 4 5198 7394 1233
14087 2 2 10 4 5052 7147 4055
14088 2 2 10 4 5511 7288 542
14089 2 2 10 4 1810 7008 1812
14090 2 2 10 4 3822 6983 3867
14091 2 2 10 4 6164 7541 6565
14092 2 2 10 4 3942 6786 6642
14093 2 2 10 4 3747 6948 6009
14094 2 2 10 4 6775 6826 6109
14095 2 2 10 4 6725 6741 1476
14096 2 2 10 4 3797 6980 6834
14097 2 2 10 4 3379 7597 5263
14098 2 2 10 4 6837 6983 1955
14099 2 2 10 4 6701 7211 5625
14100 2 2 10 4 5598 6862 6790
14101 2 2 10 4 609 7486 6820
14102 2 2 10 4 507 7617 6609
14103 2 2 10 4 5486 7507 4067
14104 2 2 10 4 4310 7108 6993
14105 2 2 10 4 2896 6962 4082
14106 2 2 10 4 2131 7030 5739
14107 2 2 10 4 5358 7156 5356
14108 2 2 10 4 6007 7203 6542
14109 2 2 10 4 6819 7184 5193
14110 2 2 10 4 5524 7239 655
14111 2 2 10 4 4879 7592 4878
14112 2 2 10 4 5019 6850 6452
14113 2 2 10 4 1111 6953 1109
14114 2 2 10 4 4661 7441 644
14115 2 2 10 4 6754 6755 4076
14116 2 2 10 4 6475 7182 5473
14117 2 2 10 4 2471 7034 5838
14118 2 2 10 4 518 7524 6443
14119 2 2 10 4 2622 7634 5291
14120 2 2 10 4 5139 7435 5136
14121 2 2 10 4 5748 7206 6889
14122 2 2 10 4 4983 6942 5951
14123 2 2 10 4 5612 7540 564
14124 2 2 10 4 4164 6984 6894
14125 2 2 10 4 6882 7449 4081
14126 2 2 10 4 502 7504 4793
14127 2 2 10 4 5583 7180 4135
14128 2 2 10 4 3982 6978 3983
14129 2 2 10 4 516 7481 5331
14130 2 2 10 4 530 7482 5332
14131 2 2 10 4 3405 7317 4287
14132 2 2 10 4 6386 6988 2538
14133 2 2 10 4 4870 7044 3740
14134 2 2 10 4 5066 7174 5067
14135 2 2 10 4 2662 7053 5481
14136 2 2 10 4 584 6801 6768
14137 2 2 10 4 7002 7070 1252
14138 2 2 10 4 7280 7386 4672
14139 2 2 10 4 5237 7200 5238
14140 2 2 10 4 4290 7012 6282
14141 2 2 10 4 5656 7628 5654
14142 2 2 10 4 5278 7348 5273
14143 2 2 10 4 1357 7630 5298
14144 2 2 10 4 4709 7425 6502
14145 2 2 10 4 4288 7083 3204
14146 2 2 10 4 4116 6961 4117
14147 2 2 10 4 2686 7155 2684
14148 2 2 10 4 5500 6944 6663
14149 2 2 10 4 5377 7331 673
14150 2 2 10 4 1128 7010 6841
14151 2 2 10 4 2211 7087 7011
14152 2 2 10 4 1954 7428 5350
14153 2 2 10 4 4106 7079 3122
14154 2 2 10 4 3953 6846 6267
14155 2 2 10 4 2380 7054 2326
14156 2 2 10 4 4415 7556 7018
14157 2 2 10 4 3277 7056 5836
14158 2 2 10 4 5312 7615 694
14159 2 2 10 4 5321 6946 6722
14160 2 2 10 4 536 7493 5502
14161 2 2 10 4 2686 7235 7155
14162 2 2 10 4 3805 7058 4086
14163 2 2 10 4 6593 6952 4036
14164 2 2 10 4 5305 7213 1503
14165 2 2 10 4 90 7076 89
14166 2 2 10 4 3117 7060 3278
14167 2 2 10 4 548 7378 5330
14168 2 2 10 4 3118 7590 4075
14169 2 2 10 4 1252 7070 3131
14170 2 2 10 4 4163 7202 5561
14171 2 2 10 4 4071 6987 3778
14172 2 2 10 4 4029 7121 4027
14173 2 2 10 4 4522 7115 4521
14174 2 2 10 4 4473 7595 4301
14175 2 2 10 4 72 7112 71
14176 2 2 10 4 6395 7405 3675
14177 2 2 10 4 6672 6799 3973
14178 2 2 10 4 681 7370 5340
14179 2 2 10 4 4338 7579 4493
14180 2 2 10 4 6780 7307 6233
14181 2 2 10 4 6635 6765 954
14182 2 2 10 4 3807 7066 5691
14183 2 2 10 4 7179 7264 4920
14184 2 2 10 4 4326 7299 4324
14185 2 2 10 4 6267 6846 4423
14186 2 2 10 4 531 7252 5442
14187 2 2 10 4 3825 7109 6430
14188 2 2 10 4 5180 7084 5179
14189 2 2 10 4 3038 7067 3040
14190 2 2 10 4 6791 6837 5211
14191 2 2 10 4 5269 7402 1781
14192 2 2 10 4 1630 7559 7186
14193 2 2 10 4 4128 7168 3193
14194 2 2 10 4 6112 6977 6723
14195 2 2 10 4 4054 7433 4280
14196 2 2 10 4 7378 7398 5330
14197 2 2 10 4 4277 7119 6141
14198 2 2 10 4 4273 7025 4272
14199 2 2 10 4 2124 7101 6830
14200 2 2 10 4 3844 7488 6742
14201 2 2 10 4 7066 7213 5305
14202 2 2 10 4 2053 6977 6112
14203 2 2 10 4 4226 7022 4224
14204 2 2 10 4 130 7127 129
14205 2 2 10 4 5398 7400 683
14206 2 2 10 4 4329 6996 3559
14207 2 2 10 4 5028 6980 3797
14208 2 2 10 4 590 7181 5345
14209 2 2 10 4 6812 7088 4666
14210 2 2 10 4 790 7515 6301
14211 2 2 10 4 542 7332 5411
14212 2 2 10 4 5502 7454 658
14213 2 2 10 4 5386 7380 577
14214 2 2 10 4 6376 7558 2126
14215 2 2 10 4 5136 7435 5138
14216 2 2 10 4 6074 6979 1203
14217 2 2 10 4 5428 7114 5528
14218 2 2 10 4 6933 7140 4355
14219 2 2 10 4 358 7078 359
14220 2 2 10 4 6329 7568 3604
14221 2 2 10 4 5017 7050 6850
14222 2 2 10 4 6912 6913 4934
14223 2 2 10 4 6264 6921 3697
14224 2 2 10 4 5882 7087 2211
14225 2 2 10 4 6562 7012 4290
14226 2 2 10 4 4363 7269 4605
14227 2 2 10 4 114 7122 113
14228 2 2 10 4 6858 6894 5476
14229 2 2 10 4 6682 7351 698
14230 2 2 10 4 473 7086 474
14231 2 2 10 4 3801 7093 2992
14232 2 2 10 4 4918 7179 4920
14233 2 2 10 4 684 7327 5386
14234 2 2 10 4 4097 7198 3567
14235 2 2 10 4 3296 6993 3242
14236 2 2 10 4 2377 6925 6402
14237 2 2 10 4 6393 6910 2391
14238 2 2 10 4 2578 7098 2576
14239 2 2 10 4 4262 6969 6848
14240 2 2 10 4 6971 7177 3976
14241 2 2 10 4 4085 7261 4084
14242 2 2 10 4 3402 6968 6673
14243 2 2 10 4 5149 6988 6631
14244 2 2 10 4 5790 7100 2558
14245 2 2 10 4 3751 7102 4119
14246 2 2 10 4 4672 7386 4677
14247 2 2 10 4 3960 7149 5553
14248 2 2 10 4 6458 6991 3876
14249 2 2 10 4 1230 6900 6655
14250 2 2 10 4 681 7398 7370
14251 2 2 10 4 4663 7266 499
14252 2 2 10 4 728 7035 726
14253 2 2 10 4 6563 6886 2883
14254 2 2 10 4 2421 7105 3068
14255 2 2 10 4 5412 7614 4129
14256 2 2 10 4 7122 7221 113
14257 2 2 10 4 3560 7256 6394
14258 2 2 10 4 4162 7113 6984
14259 2 2 10 4 5606 7145 4390
14260 2 2 10 4 6251 7010 1128
14261 2 2 10 4 1364 7140 1367
14262 2 2 10 4 7074 7084 5180
14263 2 2 10 4 7289 7331 4366
14264 2 2 10 4 3052 7110 3050
14265 2 2 10 4 2981 7345 6774
14266 2 2 10 4 6634 6739 4210
14267 2 2 10 4 6690 7057 6188
14268 2 2 10 4 673 7289 5353
14269 2 2 10 4 3040 7104 3086
14270 2 2 10 4 5613 7387 5380
14271 2 2 10 4 6057 7074 5180
14272 2 2 10 4 5441 7323 665
14273 2 2 10 4 4144 7575 5609
14274 2 2 10 4 2828 7191 4853
14275 2 2 10 4 4577 6913 6912
14276 2 2 10 4 5352 7636 6532
14277 2 2 10 4 6277 7109 3825
14278 2 2 10 4 7276 7306 5549
14279 2 2 10 4 4152 7023 4153
14280 2 2 10 4 5766 7116 3813
14281 2 2 10 4 4009 7131 5927
14282 2 2 10 4 6263 6954 3925
14283 2 2 10 4 513 7111 4686
14284 2 2 10 4 4177 7120 5910
14285 2 2 10 4 2666 7401 1494
14286 2 2 10 4 3329 7027 4824
14287 2 2 10 4 4923 7403 6831
14288 2 2 10 4 5007 7037 5010
14289 2 2 10 4 3709 7103 6223
14290 2 2 10 4 6650 6891 4313
14291 2 2 10 4 5367 7618 3785
14292 2 2 10 4 3005 6891 6785
14293 2 2 10 4 2002 7089 2000
14294 2 2 10 4 571 7385 5377
14295 2 2 10 4 4239 7504 5974
14296 2 2 10 4 165 7279 6966
14297 2 2 10 4 4063 7052 4064
14298 2 2 10 4 5519 7598 1140
14299 2 2 10 4 3709 7403 7103
14300 2 2 10 4 4118 7126 3605
14301 2 2 10 4 4401 7432 7226
14302 2 2 10 4 4481 7510 4480
14303 2 2 10 4 6347 7640 4462
14304 2 2 10 4 2980 7185 6274
14305 2 2 10 4 1358 7249 1357
14306 2 2 10 4 4757 7463 6928
14307 2 2 10 4 4157 7059 4156
14308 2 2 10 4 2868 7639 7258
14309 2 2 10 4 6957 6964 858
14310 2 2 10 4 4706 7479 6929
14311 2 2 10 4 6955 7487 4577
14312 2 2 10 4 6307 7322 4221
14313 2 2 10 4 5362 7082 6919
14314 2 2 10 4 4217 7108 3090
14315 2 2 10 4 7067 7104 3040
14316 2 2 10 4 4521 7525 4520
14317 2 2 10 4 128 7188 127
14318 2 2 10 4 6441 6927 3833
14319 2 2 10 4 683 7246 5387
14320 2 2 10 4 1355 7309 1356
14321 2 2 10 4 2868 7258 2866
14322 2 2 10 4 1437 7040 1451
14323 2 2 10 4 5188 7367 5187
14324 2 2 10 4 6801 6939 4158
14325 2 2 10 4 4596 7394 7230
14326 2 2 10 4 7077 7260 4263
14327 2 2 10 4 4109 7072 6666
14328 2 2 10 4 3807 7213 7066
14329 2 2 10 4 6137 7077 4263
14330 2 2 10 4 6544 6866 4329
14331 2 2 10 4 4055 7284 4267
14332 2 2 10 4 3310 7367 6239
14333 2 2 10 4 3323 7133 3583
14334 2 2 10 4 5451 7652 7295
14335 2 2 10 4 3728 7193 3227
14336 2 2 10 4 6358 7605 2322
14337 2 2 10 4 2323 7412 5115
14338 2 2 10 4 671 7581 6545
14339 2 2 10 4 3633 7043 3632
14340 2 2 10 4 4892 7606 4891
14341 2 2 10 4 6148 7001 3299
14342 2 2 10 4 5141 7569 5139
14343 2 2 10 4 6378 6957 858
14344 2 2 10 4 3539 7137 5861
14345 2 2 10 4 1043 7194 6956
14346 2 2 10 4 4377 7466 4145
14347 2 2 10 4 4365 7175 4364
14348 2 2 10 4 4943 7610 5100
14349 2 2 10 4 4238 7153 4239
14350 2 2 10 4 763 7287 766
14351 2 2 10 4 6499 6973 3948
14352 2 2 10 4 5363 6952 6593
14353 2 2 10 4 2960 6938 6480
14354 2 2 10 4 2671 7353 5884
14355 2 2 10 4 858 6964 6327
14356 2 2 10 4 3814 7065 4038
14357 2 2 10 4 4222 7329 6058
14358 2 2 10 4 5710 7144 2622
14359 2 2 10 4 575 7135 350
14360 2 2 10 4 4336 7326 4338
14361 2 2 10 4 5328 7092 3768
14362 2 2 10 4 911 7094 913
14363 2 2 10 4 6603 6901 3672
14364 2 2 10 4 4602 7414 4030
14365 2 2 10 4 3611 7091 6949
14366 2 2 10 4 6947 7028 1408
14367 2 2 10 4 6145 7081 4140
14368 2 2 10 4 2535 7139 5963
14369 2 2 10 4 4562 7152 3732
14370 2 2 10 4 6750 7154 3915
14371 2 2 10 4 4833 7362 4834
14372 2 2 10 4 4003 7141 4001
14373 2 2 10 4 5139 7569 7435
14374 2 2 10 4 7012 7062 4107
14375 2 2 10 4 568 7214 5617
14376 2 2 10 4 3948 6973 6743
14377 2 2 10 4 5411 7542 678
14378 2 2 10 4 4920 7264 4922
14379 2 2 10 4 4781 7292 4782
14380 2 2 10 4 2053 7227 6977
14381 2 2 10 4 955 6991 6458
14382 2 2 10 4 4107 7062 4597
14383 2 2 10 4 7353 7396 5884
14384 2 2 10 4 4156 7059 6958
14385 2 2 10 4 4105 7158 3279
14386 2 2 10 4 3879 7446 6871
14387 2 2 10 4 5056 7589 5057
14388 2 2 10 4 3872 7490 5659
14389 2 2 10 4 6565 7541 5380
14390 2 2 10 4 6195 7211 6701
14391 2 2 10 4 5354 7599 538
14392 2 2 10 4 4053 7164 4052
14393 2 2 10 4 3822 7129 6983
14394 2 2 10 4 673 7331 7289
14395 2 2 10 4 6448 7321 4652
14396 2 2 10 4 4161 7113 4162
14397 2 2 10 4 5207 6826 6775
14398 2 2 10 4 5077 7632 6122
14399 2 2 10 4 2215 7171 2217
14400 2 2 10 4 4827 7653 3693
14401 2 2 10 4 5984 7129 3822
14402 2 2 10 4 6970 7439 1677
14403 2 2 10 4 5512 7304 5511
14404 2 2 10 4 4347 7633 4348
14405 2 2 10 4 5814 7173 3445
14406 2 2 10 4 4515 7572 6930
14407 2 2 10 4 5472 7210 5952
14408 2 2 10 4 7079 7267 3883
14409 2 2 10 4 6009 7051 3926
14410 2 2 10 4 3121 7329 6990
14411 2 2 10 4 1781 7350 1771
14412 2 2 10 4 3788 7178 5806
14413 2 2 10 4 3317 7433 5231
14414 2 2 10 4 2175 6981 6378
14415 2 2 10 4 4878 7527 4876
14416 2 2 10 4 5884 7396 4048
14417 2 2 10 4 5264 7597 6094
14418 2 2 10 4 6784 7203 6007
14419 2 2 10 4 113 7221 112
14420 2 2 10 4 1136 7372 1134
14421 2 2 10 4 4684 7220 4682
14422 2 2 10 4 1590 7560 1588
14423 2 2 10 4 1408 7028 6228
14424 2 2 10 4 3253 7080 3819
14425 2 2 10 4 7272 7352 694
14426 2 2 10 4 2578 7296 7098
14427 2 2 10 4 4891 7469 5089
14428 2 2 10 4 147 7236 146
14429 2 2 10 4 598 7250 196
14430 2 2 10 4 4260 7588 3557
14431 2 2 10 4 5553 7568 2105
14432 2 2 10 4 4560 7107 6022
14433 2 2 10 4 4443 7090 4568
14434 2 2 10 4 4120 7286 5519
14435 2 2 10 4 6822 6870 4160
14436 2 2 10 4 4873 7048 6889
14437 2 2 10 4 5193 7184 2968
14438 2 2 10 4 172 7228 171
14439 2 2 10 4 5940 7073 4864
14440 2 2 10 4 4126 7251 5732
14441 2 2 10 4 4009 7170 7131
14442 2 2 10 4 4984 7169 4985
14443 2 2 10 4 4390 7410 4391
14444 2 2 10 4 6948 7051 6009
14445 2 2 10 4 4639 7506 4636
14446 2 2 10 4 3251 7085 3250
14447 2 2 10 4 5221 7361 5223
14448 2 2 10 4 1136 7598 7286
14449 2 2 10 4 7396 7434 4048
14450 2 2 10 4 6381 7411 2171
14451 2 2 10 4 1240 7176 6940
14452 2 2 10 4 2544 7196 3300
14453 2 2 10 4 5776 7451 4736
14454 2 2 10 4 4328 7197 3943
14455 2 2 10 4 7138 7450 2299
14456 2 2 10 4 6952 7036 4036
14457 2 2 10 4 2471 7506 7034
14458 2 2 10 4 577 7604 5381
14459 2 2 10 4 6772 7193 4261
14460 2 2 10 4 4500 7099 4496
14461 2 2 10 4 2831 7096 6479
14462 2 2 10 4 5201 7461 5202
14463 2 2 10 4 3274 7585 6789
14464 2 2 10 4 3604 7119 1511
14465 2 2 10 4 7001 7240 3299
14466 2 2 10 4 6830 7101 5240
14467 2 2 10 4 4314 7021 6029
14468 2 2 10 4 1757 7465 1550
14469 2 2 10 4 4269 7237 3936
14470 2 2 10 4 3435 7460 3726
14471 2 2 10 4 6986 7649 5251
14472 2 2 10 4 6673 6968 5406
14473 2 2 10 4 697 7272 5544
14474 2 2 10 4 4426 7192 3509
14475 2 2 10 4 637 7199 4795
14476 2 2 10 4 6282 7012 4107
14477 2 2 10 4 4597 7138 3898
14478 2 2 10 4 2324 7206 5748
14479 2 2 10 4 5456 7640 2155
14480 2 2 10 4 4251 7170 4009
14481 2 2 10 4 5319 7205 6731
14482 2 2 10 4 852 7420 5237
14483 2 2 10 4 7083 7485 3876
14484 2 2 10 4 4926 7462 2138
14485 2 2 10 4 5024 7534 2437
14486 2 2 10 4 1172 7635 1174
14487 2 2 10 4 4242 7039 6982
14488 2 2 10 4 5330 7398 681
14489 2 2 10 4 4048 7434 4361
14490 2 2 10 4 1134 7372 2378
14491 2 2 10 4 3395 7224 3394
14492 2 2 10 4 2380 7530 7054
14493 2 2 10 4 4305 7407 4304
14494 2 2 10 4 6210 7642 1498
14495 2 2 10 4 4276 7213 3807
14496 2 2 10 4 5045 7647 5040
14497 2 2 10 4 6100 7241 2893
14498 2 2 10 4 1041 7194 1043
14499 2 2 10 4 6117 7415 4333
14500 2 2 10 4 3512 7387 5613
14501 2 2 10 4 3880 7181 5743
14502 2 2 10 4 4448 7136 4450
14503 2 2 10 4 587 7333 175
14504 2 2 10 4 3952 7596 4169
14505 2 2 10 4 850 7384 846
14506 2 2 10 4 4996 7544 4995
14507 2 2 10 4 240 7274 239
14508 2 2 10 4 3140 7117 3363
14509 2 2 10 4 2245 7374 6515
14510 2 2 10 4 6981 7172 4093
14511 2 2 10 4 3308 7616 3307
14512 2 2 10 4 5276 7535 5277
14513 2 2 10 4 1110 7450 1112
14514 2 2 10 4 6687 6906 4275
14515 2 2 10 4 4179 7204 2376
14516 2 2 10 4 693 7351 6682
14517 2 2 10 4 6760 7187 3257
14518 2 2 10 4 7465 7519 1550
14519 2 2 10 4 2219 7232 2448
14520 2 2 10 4 7434 7471 4361
14521 2 2 10 4 6352 7154 3364
14522 2 2 10 4 1918 7134 1892
14523 2 2 10 4 6790 6862 3679
14524 2 2 10 4 6615 7622 2408
14525 2 2 10 4 1599 7358 1601
14526 2 2 10 4 1305 7357 1307
14527 2 2 10 4 6480 6938 6242
14528 2 2 10 4 147 7457 7236
14529 2 2 10 4 4973 7637 5119
14530 2 2 10 4 2175 7172 6981
14531 2 2 10 4 758 7443 5412
14532 2 2 10 4 2453 7132 3310
14533 2 2 10 4 4112 7615 5312
14534 2 2 10 4 3944 7245 4328
14535 2 2 10 4 4044 7247 5985
14536 2 2 10 4 3729 7641 5795
14537 2 2 10 4 1897 7150 1885
14538 2 2 10 4 7399 7493 536
14539 2 2 10 4 4280 7241 4008
14540 2 2 10 4 430 7244 431
14541 2 2 10 4 4046 7097 6179
14542 2 2 10 4 4361 7471 4363
14543 2 2 10 4 5104 7526 7154
14544 2 2 10 4 6738 7208 4549
14545 2 2 10 4 4362 7301 5858
14546 2 2 10 4 7314 7489 5685
14547 2 2 10 4 5297 7234 6035
14548 2 2 10 4 5166 7313 5167
14549 2 2 10 4 2870 7639 2868
14550 2 2 10 4 3602 7571 7538
14551 2 2 10 4 6703 7046 3119
14552 2 2 10 4 5985 7642 4150
14553 2 2 10 4 3929 7195 4128
14554 2 2 10 4 4209 7566 4207
14555 2 2 10 4 6038 7407 4305
14556 2 2 10 4 5789 7257 3450
14557 2 2 10 4 4802 7576 6572
14558 2 2 10 4 7022 7364 4224
14559 2 2 10 4 7139 7233 5963
14560 2 2 10 4 7345 7612 4883
14561 2 2 10 4 5439 7408 5438
14562 2 2 10 4 4298 7451 5776
14563 2 2 10 4 4584 7466 7263
14564 2 2 10 4 2544 7314 7196
14565 2 2 10 4 7279 7586 4491
14566 2 2 10 4 7477 7588 4260
14567 2 2 10 4 6357 7637 7631
14568 2 2 10 4 5366 7618 5367
14569 2 2 10 4 3355 7145 5962
14570 2 2 10 4 5963 7233 3721
14571 2 2 10 4 6988 7275 6492
14572 2 2 10 4 6220 7071 1621
14573 2 2 10 4 6228 7101 2124
14574 2 2 10 4 3646 6986 6626
14575 2 2 10 4 2575 7601 5575
14576 2 2 10 4 3611 6949 6579
14577 2 2 10 4 1550 7519 6039
14578 2 2 10 4 7167 7455 3923
14579 2 2 10 4 1242 7176 1240
14580 2 2 10 4 2046 7175 6181
14581 2 2 10 4 4774 7290 6594
14582 2 2 10 4 4252 7259 4251
14583 2 2 10 4 7186 7424 1630
14584 2 2 10 4 6631 6988 6386
14585 2 2 10 4 6761 7391 3370
14586 2 2 10 4 7291 7444 2979
14587 2 2 10 4 5694 7280 4383
14588 2 2 10 4 5782 7297 5975
14589 2 2 10 4 4099 7146 3402
14590 2 2 10 4 4228 7160 3188
14591 2 2 10 4 4134 7312 4133
14592 2 2 10 4 6411 7645 4078
14593 2 2 10 4 2586 7366 6415
14594 2 2 10 4 6391 7096 2831
14595 2 2 10 4 4094 7285 4096
14596 2 2 10 4 5086 7500 5084
14597 2 2 10 4 4252 7305 7259
14598 2 2 10 4 7023 7252 4153
14599 2 2 10 4 5747 7590 3118
14600 2 2 10 4 1617 7545 1642
14601 2 2 10 4 439 7277 440
14602 2 2 10 4 166 7279 165
14603 2 2 10 4 2405 7478 1315
14604 2 2 10 4 4773 7290 4774
14605 2 2 10 4 737 7429 739
14606 2 2 10 4 580 7231 5535
14607 2 2 10 4 5728 7292 3267
14608 2 2 10 4 4091 7295 4045
14609 2 2 10 4 4191 7201 4189
14610 2 2 10 4 7178 7483 5806
14611 2 2 10 4 4083 7436 4527
14612 2 2 10 4 5678 7305 4252
14613 2 2 10 4 6341 7091 3611
14614 2 2 10 4 7154 7526 3364
14615 2 2 10 4 3977 7177 3982
14616 2 2 10 4 3391 7216 7025
14617 2 2 10 4 6526 7456 2491
14618 2 2 10 4 2711 7296 2578
14619 2 2 10 4 7194 7408 5439
14620 2 2 10 4 3606 7298 4118
14621 2 2 10 4 6657 7648 5250
14622 2 2 10 4 5277 7397 5275
14623 2 2 10 4 240 7643 7274
14624 2 2 10 4 6848 6969 4159
14625 2 2 10 4 2733 7600 6807
14626 2 2 10 4 6070 7536 6069
14627 2 2 10 4 5678 7337 7305
14628 2 2 10 4 3924 7182 6475
14629 2 2 10 4 4428 7444 7291
14630 2 2 10 4 260 7328 259
14631 2 2 10 4 6416 7082 2844
14632 2 2 10 4 6587 7393 4711
14633 2 2 10 4 3084 7561 6733
14634 2 2 10 4 6561 7057 2834
14635 2 2 10 4 7233 7382 3721
14636 2 2 10 4 2599 7593 4547
14637 2 2 10 4 4712 7366 4713
14638 2 2 10 4 3175 7109 6277
14639 2 2 10 4 5385 7360 2629
14640 2 2 10 4 4138 7444 4428
14641 2 2 10 4 6831 7403 6286
14642 2 2 10 4 6174 7369 3551
14643 2 2 10 4 4425 7490 5308
14644 2 2 10 4 4200 7209 4198
14645 2 2 10 4 126 7268 536
14646 2 2 10 4 6746 7470 4475
14647 2 2 10 4 7163 7473 2484
14648 2 2 10 4 4308 7168 4309
14649 2 2 10 4 6579 6949 3770
14650 2 2 10 4 4376 7318 3579
14651 2 2 10 4 1563 7324 1264
14652 2 2 10 4 4132 7255 7020
14653 2 2 10 4 3551 7369 7069
14654 2 2 10 4 4173 7321 3730
14655 2 2 10 4 7025 7216 4272
14656 2 2 10 4 6789 7585 5354
14657 2 2 10 4 3027 7205 3225
14658 2 2 10 4 6944 7189 5123
14659 2 2 10 4 5123 7189 5124
14660 2 2 10 4 5694 7386 7280
14661 2 2 10 4 6734 7517 4157
14662 2 2 10 4 5532 7293 5458
14663 2 2 10 4 4070 7278 4049
14664 2 2 10 4 5560 7567 1228
14665 2 2 10 4 3483 7230 4022
14666 2 2 10 4 6670 7505 1363
14667 2 2 10 4 4383 7280 7005
14668 2 2 10 4 7005 7280 4680
14669 2 2 10 4 3880 7388 7181
14670 2 2 10 4 5602 7377 606
14671 2 2 10 4 4161 7161 7113
14672 2 2 10 4 6149 7161 4161
14673 2 2 10 4 2580 7334 2579
14674 2 2 10 4 2585 7336 5766
14675 2 2 10 4 3958 7013 6639
14676 2 2 10 4 4633 7339 4634
14677 2 2 10 4 5886 7340 2486
14678 2 2 10 4 4792 7363 6994
14679 2 2 10 4 3603 7571 3602
14680 2 2 10 4 3891 7342 5849
14681 2 2 10 4 6303 7310 3871
14682 2 2 10 4 3547 7344 4136
14683 2 2 10 4 4526 7016 6645
14684 2 2 10 4 5783 7486 4056
14685 2 2 10 4 1871 7316 1873
14686 2 2 10 4 5741 7346 2988
14687 2 2 10 4 4018 7214 4378
14688 2 2 10 4 5628 7651 4118
14689 2 2 10 4 148 7457 147
14690 2 2 10 4 3830 7238 4229
14691 2 2 10 4 4325 7347 4327
14692 2 2 10 4 6821 7458 4269
14693 2 2 10 4 3485 7349 4175
14694 2 2 10 4 3989 6920 6795
14695 2 2 10 4 269 7413 268
14696 2 2 10 4 1491 7271 1484
14697 2 2 10 4 7085 7204 4179
14698 2 2 10 4 3903 7231 6617
14699 2 2 10 4 4026 7353 4258
14700 2 2 10 4 5509 7440 656
14701 2 2 10 4 3958 7356 7013
14702 2 2 10 4 1115 7225 1113
14703 2 2 10 4 6473 7414 4602
14704 2 2 10 4 1563 7654 7324
14705 2 2 10 4 6514 7050 4081
14706 2 2 10 4 7148 7517 3308
14707 2 2 10 4 281 7351 693
14708 2 2 10 4 694 7352 203
14709 2 2 10 4 6060 7096 6391
14710 2 2 10 4 4036 7036 6669
14711 2 2 10 4 4248 7151 6441
14712 2 2 10 4 6042 7291 2979
14713 2 2 10 4 6230 7203 6349
14714 2 2 10 4 4679 7509 6528
14715 2 2 10 4 3931 7395 5823
14716 2 2 10 4 6982 7039 264
14717 2 2 10 4 5245 7607 5243
14718 2 2 10 4 4026 7396 7353
14719 2 2 10 4 6086 7227 2053
14720 2 2 10 4 6150 7337 5678
14721 2 2 10 4 4278 7354 7204
14722 2 2 10 4 5138 7171 6752
14723 2 2 10 4 4241 7629 5496
14724 2 2 10 4 2295 7432 6192
14725 2 2 10 4 4714 7374 4701
14726 2 2 10 4 2270 7376 2272
14727 2 2 10 4 658 7507 5486
14728 2 2 10 4 7237 7458 1004
14729 2 2 10 4 6051 7314 2544
14730 2 2 10 4 2222 7381 2220
14731 2 2 10 4 4533 7248 4279
14732 2 2 10 4 4052 7164 6546
14733 2 2 10 4 4484 7388 3880
14734 2 2 10 4 2589 7386 5694
14735 2 2 10 4 4266 7359 6433
14736 2 2 10 4 4106 7430 7267
14737 2 2 10 4 2400 7130 6393
14738 2 2 10 4 7172 7379 4273
14739 2 2 10 4 6378 6981 6957
14740 2 2 10 4 4984 7392 7169
14741 2 2 10 4 2237 7393 5775
14742 2 2 10 4 7585 7599 5354
14743 2 2 10 4 5828 7396 4026
14744 2 2 10 4 2979 7444 6189
14745 2 2 10 4 241 7643 240
14746 2 2 10 4 4439 7243 4441
14747 2 2 10 4 7381 7416 2220
14748 2 2 10 4 2171 7411 6810
14749 2 2 10 4 4438 7427 4436
14750 2 2 10 4 7143 7168 4308
14751 2 2 10 4 271 7498 270
14752 2 2 10 4 6788 7500 3920
14753 2 2 10 4 4102 7406 4556
14754 2 2 10 4 6774 7345 4883
14755 2 2 10 4 3871 7310 3872
14756 2 2 10 4 2220 7416 2218
14757 2 2 10 4 5828 7434 7396
14758 2 2 10 4 789 7263 790
14759 2 2 10 4 4207 7566 4482
14760 2 2 10 4 5262 7419 3965
14761 2 2 10 4 4251 7259 7215
14762 2 2 10 4 3991 7638 3990
14763 2 2 10 4 4123 7453 7293
14764 2 2 10 4 29 7553 28
14765 2 2 10 4 3405 7470 7317
14766 2 2 10 4 4710 7425 4709
14767 2 2 10 4 973 7364 7022
14768 2 2 10 4 7322 7420 4221
14769 2 2 10 4 4263 7260 4264
14770 2 2 10 4 4203 7282 4200
14771 2 2 10 4 4176 7549 4177
14772 2 2 10 4 7071 7229 1621
14773 2 2 10 4 4153 7252 4330
14774 2 2 10 4 2519 7434 5828
14775 2 2 10 4 6075 7501 5204
14776 2 2 10 4 6921 7254 1789
14777 2 2 10 4 3001 7341 5583
14778 2 2 10 4 4189 7308 4187
14779 2 2 10 4 7145 7410 4390
14780 2 2 10 4 6722 6946 1737
14781 2 2 10 4 7080 7320 3819
14782 2 2 10 4 2428 7447 5716
14783 2 2 10 4 4754 7448 4752
14784 2 2 10 4 7028 7101 6228
14785 2 2 10 4 2519 7471 7434
14786 2 2 10 4 463 7445 464
14787 2 2 10 4 4611 7319 4614
14788 2 2 10 4 2040 7484 5957
14789 2 2 10 4 7136 7355 4450
14790 2 2 10 4 4745 7456 4747
14791 2 2 10 4 2857 7281 3354
14792 2 2 10 4 4754 7480 7448
14793 2 2 10 4 6218 7574 7260
14794 2 2 10 4 4822 7046 6703
14795 2 2 10 4 1566 7273 1568
14796 2 2 10 4 6359 7614 4271
14797 2 2 10 4 4755 7463 4757
14798 2 2 10 4 7471 7551 4363
14799 2 2 10 4 6220 7185 7071
14800 2 2 10 4 7201 7308 4189
14801 2 2 10 4 13 7511 12
14802 2 2 10 4 2459 7330 2461
14803 2 2 10 4 2741 7211 6195
14804 2 2 10 4 4701 7467 4699
14805 2 2 10 4 3355 7410 7145
14806 2 2 10 4 5835 7471 2519
14807 2 2 10 4 5442 7252 7023
14808 2 2 10 4 2484 7473 2319
14809 2 2 10 4 7181 7208 5743
14810 2 2 10 4 4999 7565 5527
14811 2 2 10 4 4421 7475 3318
14812 2 2 10 4 6274 7185 6220
14813 2 2 10 4 4704 7479 4706
14814 2 2 10 4 4756 7480 4754
14815 2 2 10 4 5806 7483 5700
14816 2 2 10 4 4200 7282 7209
14817 2 2 10 4 5879 7488 3844
14818 2 2 10 4 5685 7489 5684
14819 2 2 10 4 224 7609 223
14820 2 2 10 4 6900 6962 3900
14821 2 2 10 4 586 7572 87
14822 2 2 10 4 3821 7317 4289
14823 2 2 10 4 4045 7652 5662
14824 2 2 10 4 6069 7536 5118
14825 2 2 10 4 4469 7306 4471
14826 2 2 10 4 3780 7421 3782
14827 2 2 10 4 2299 7649 7138
14828 2 2 10 4 4490 7499 4024
14829 2 2 10 4 6442 7235 2686
14830 2 2 10 4 4366 7331 3902
14831 2 2 10 4 5801 7506 2471
14832 2 2 10 4 6396 7172 2175
14833 2 2 10 4 2214 7508 2083
14834 2 2 10 4 5974 7504 502
14835 2 2 10 4 2105 7568 6329
14836 2 2 10 4 7181 7388 5345
14837 2 2 10 4 6529 7163 2484
14838 2 2 10 4 3207 7497 3914
14839 2 2 10 4 7306 7327 684
14840 2 2 10 4 4156 6958 6890
14841 2 2 10 4 4520 7525 6155
14842 2 2 10 4 6258 7226 2295
14843 2 2 10 4 4069 7593 4533
14844 2 2 10 4 2865 7345 2867
14845 2 2 10 4 6393 7130 6910
14846 2 2 10 4 4675 7594 4678
14847 2 2 10 4 6503 7251 4126
14848 2 2 10 4 4382 7524 4380
14849 2 2 10 4 1318 7315 1316
14850 2 2 10 4 4762 7528 4758
14851 2 2 10 4 3568 7373 2994
14852 2 2 10 4 2382 7530 2380
14853 2 2 10 4 3215 7529 5918
14854 2 2 10 4 1506 7522 5936
14855 2 2 10 4 1675 7439 1683
14856 2 2 10 4 3446 7531 3690
14857 2 2 10 4 7010 7142 4167
14858 2 2 10 4 3354 7592 6265
14859 2 2 10 4 4418 7332 7288
14860 2 2 10 4 4205 7338 4203
14861 2 2 10 4 4467 7327 4469
14862 2 2 10 4 6448 7641 3729
14863 2 2 10 4 7461 7468 5202
14864 2 2 10 4 2981 7200 6292
14865 2 2 10 4 2267 7547 2265
14866 2 2 10 4 3931 7525 7395
14867 2 2 10 4 4171 7550 4845
14868 2 2 10 4 1565 7654 1563
14869 2 2 10 4 2448 7569 5665
14870 2 2 10 4 5909 7532 5942
14871 2 2 10 4 3314 7563 3200
14872 2 2 10 4 6492 7275 4285
14873 2 2 10 4 5722 7564 2623
14874 2 2 10 4 3603 7636 7571
14875 2 2 10 4 6394 7256 3671
14876 2 2 10 4 5349 7556 4731
14877 2 2 10 4 506 7557 5349
14878 2 2 10 4 2980 7313 7185
14879 2 2 10 4 2401 7656 6285
14880 2 2 10 4 3420 7544 5984
14881 2 2 10 4 4245 7335 4215
14882 2 2 10 4 3461 7576 4037
14883 2 2 10 4 5895 7577 3835
14884 2 2 10 4 4187 7383 4185
14885 2 2 10 4 2577 7580 3311
14886 2 2 10 4 6770 7397 2235
14887 2 2 10 4 6298 7283 3765
14888 2 2 10 4 3941 7584 3939
14889 2 2 10 4 4491 7586 4490
14890 2 2 10 4 4242 6982 6856
14891 2 2 10 4 4224 7364 4031
14892 2 2 10 4 4450 7355 4452
14893 2 2 10 4 4408 7222 6783
14894 2 2 10 4 2573 7601 2575
14895 2 2 10 4 4709 7603 4707
14896 2 2 10 4 3272 7554 4091
14897 2 2 10 4 3149 7608 3035
14898 2 2 10 4 2413 7535 6191
14899 2 2 10 4 1871 7496 7316
14900 2 2 10 4 4546 7617 4545
14901 2 2 10 4 6350 7578 953
14902 2 2 10 4 5395 7554 6693
14903 2 2 10 4 4087 7368 4303
14904 2 2 10 4 2006 7502 2004
14905 2 2 10 4 3071 7625 3745
14906 2 2 10 4 6496 7275 5149
14907 2 2 10 4 3604 7568 7149
14908 2 2 10 4 3780 7431 7421
14909 2 2 10 4 6781 7039 4242
14910 2 2 10 4 3622 7325 3621
14911 2 2 10 4 640 7570 4785
14912 2 2 10 4 4122 7453 4123
14913 2 2 10 4 3785 7311 6149
14914 2 2 10 4 6264 7254 6921
14915 2 2 10 4 4864 7412 4613
14916 2 2 10 4 7631 7637 4973
14917 2 2 10 4 3721 7382 4274
14918 2 2 10 4 4342 7430 4106
14919 2 2 10 4 6671 7303 6672
14920 2 2 10 4 7007 7029 5834
14921 2 2 10 4 6476 7533 3413
14922 2 2 10 4 2322 7375 794
14923 2 2 10 4 4412 7561 4411
14924 2 2 10 4 7435 7569 2448
14925 2 2 10 4 6485 7262 3749
14926 2 2 10 4 573 7644 4664
14927 2 2 10 4 584 6939 6801
14928 2 2 10 4 6719 7197 627
14929 2 2 10 4 6857 7121 4029
14930 2 2 10 4 3681 7411 6381
14931 2 2 10 4 4203 7338 7282
14932 2 2 10 4 1674 7418 1644
14933 2 2 10 4 6869 6927 3396
14934 2 2 10 4 4283 7400 4017
14935 2 2 10 4 4529 7422 4528
14936 2 2 10 4 590 7208 7181
14937 2 2 10 4 4465 7380 4467
14938 2 2 10 4 4269 7458 7237
14939 2 2 10 4 3662 7431 3780
14940 2 2 10 4 4419 7332 4418
14941 2 2 10 4 1869 7496 1871
14942 2 2 10 4 7308 7383 4187
14943 2 2 10 4 4842 7562 4097
14944 2 2 10 4 6097 7356 3958
14945 2 2 10 4 6515 7374 4714
14946 2 2 10 4 571 7437 7385
14947 2 2 10 4 7605 7611 4223
14948 2 2 10 4 4056 7486 6404
14949 2 2 10 4 4115 7409 4116
14950 2 2 10 4 5380 7387 6565
14951 2 2 10 4 887 7546 7423
14952 2 2 10 4 4135 7180 6923
14953 2 2 10 4 1648 7389 1670
14954 2 2 10 4 4469 7327 7306
14955 2 2 10 4 4400 7476 4401
14956 2 2 10 4 5104 7154 6750
14957 2 2 10 4 4428 7291 6254
14958 2 2 10 4 4296 7045 6855
14959 2 2 10 4 6993 7108 4217
14960 2 2 10 4 4014 7254 6264
14961 2 2 10 4 3193 7168 7143
14962 2 2 10 4 7238 7474 4229
14963 2 2 10 4 6672 7303 2539
14964 2 2 10 4 6441 7151 6927
14965 2 2 10 4 5951 7392 4984
14966 2 2 10 4 4471 7306 7276
14967 2 2 10 4 6886 7255 4132
14968 2 2 10 4 4418 7288 6363
14969 2 2 10 4 6094 7597 3379
14970 2 2 10 4 3618 7165 6522
14971 2 2 10 4 3514 7410 3355
14972 2 2 10 4 531 7523 7252
14973 2 2 10 4 887 7423 6086
14974 2 2 10 4 6433 7570 4473
14975 2 2 10 4 6957 6981 4012
14976 2 2 10 4 7270 7335 4245
14977 2 2 10 4 3717 7655 6167
14978 2 2 10 4 6713 7533 5111
14979 2 2 10 4 1781 7402 7350
14980 2 2 10 4 6286 7403 3709
14981 2 2 10 4 5165 7229 7071
14982 2 2 10 4 3367 7521 2449
14983 2 2 10 4 3384 7495 2853
14984 2 2 10 4 4132 7020 6880
14985 2 2 10 4 4467 7380 7327
14986 2 2 10 4 7331 7385 3902
14987 2 2 10 4 4352 7581 4550
14988 2 2 10 4 4433 7399 4435
14989 2 2 10 4 7395 7525 4521
14990 2 2 10 4 1632 7424 1681
14991 2 2 10 4 4043 7520 7187
14992 2 2 10 4 3622 7438 7325
14993 2 2 10 4 3839 7449 4409
14994 2 2 10 4 3902 7385 4311
14995 2 2 10 4 4911 7462 4909
14996 2 2 10 4 4183 7513 4181
14997 2 2 10 4 5263 7597 5264
14998 2 2 10 4 4014 7552 7254
14999 2 2 10 4 1650 7587 1652
15000 2 2 10 4 1613 7518 1611
15001 2 2 10 4 1711 7559 1628
15002 2 2 10 4 4177 7549 7120
15003 2 2 10 4 6718 7148 3308
15004 2 2 10 4 4919 7613 4917
15005 2 2 10 4 7071 7185 5166
15006 2 2 10 4 6155 7525 3931
15007 2 2 10 4 6415 7366 4712
15008 2 2 10 4 6744 7452 605
15009 2 2 10 4 4138 7656 7444
15010 2 2 10 4 2323 7560 7319
15011 2 2 10 4 7177 7426 3982
15012 2 2 10 4 7252 7523 4330
15013 2 2 10 4 1835 7326 7294
15014 2 2 10 4 5609 7605 4223
15015 2 2 10 4 4311 7437 4313
15016 2 2 10 4 3866 7446 3173
15017 2 2 10 4 4913 7491 4911
15018 2 2 10 4 4229 7474 4231
15019 2 2 10 4 3875 7543 3212
15020 2 2 10 4 6369 7354 4278
15021 2 2 10 4 7444 7656 6189
15022 2 2 10 4 6149 7311 7161
15023 2 2 10 4 5743 7208 6738
15024 2 2 10 4 1836 7468 1838
15025 2 2 10 4 4143 7088 6812
15026 2 2 10 4 1470 7619 1467
15027 2 2 10 4 7288 7332 542
15028 2 2 10 4 4921 7494 4919
15029 2 2 10 4 7385 7437 4311
15030 2 2 10 4 6930 7572 586
15031 2 2 10 4 3835 7577 7166
15032 2 2 10 4 4465 7604 7380
15033 2 2 10 4 6469 7582 4377
15034 2 2 10 4 4429 7454 4431
15035 2 2 10 4 5502 7493 7454
15036 2 2 10 4 7317 7470 4289
15037 2 2 10 4 4419 7542 7332
15038 2 2 10 4 2865 7612 7345
15039 2 2 10 4 6889 7048 2616
15040 2 2 10 4 3614 7455 3616
15041 2 2 10 4 6664 7190 4905
15042 2 2 10 4 5835 7551 7471
15043 2 2 10 4 3602 7538 6197
15044 2 2 10 4 6292 7322 6307
15045 2 2 10 4 6086 7423 7227
15046 2 2 10 4 3452 7442 6486
15047 2 2 10 4 4747 7456 6526
15048 2 2 10 4 3928 7020 6918
15049 2 2 10 4 4335 7548 6330
15050 2 2 10 4 1367 7140 6933
15051 2 2 10 4 4355 7505 5028
15052 2 2 10 4 4286 7520 4043
15053 2 2 10 4 540 7335 7270
15054 2 2 10 4 4431 7493 4433
15055 2 2 10 4 6871 7446 5172
15056 2 2 10 4 6404 7486 609
15057 2 2 10 4 7462 7626 4909
15058 2 2 10 4 6866 7440 5509
15059 2 2 10 4 6285 7656 4138
15060 2 2 10 4 6783 7222 583
15061 2 2 10 4 6340 7326 1835
15062 2 2 10 4 1905 7583 1927
15063 2 2 10 4 4433 7493 7399
15064 2 2 10 4 6932 7276 696
15065 2 2 10 4 6899 7237 1004
15066 2 2 10 4 1457 7632 6470
15067 2 2 10 4 4911 7491 7462
15068 2 2 10 4 4078 7645 6627
15069 2 2 10 4 6810 7411 5027
15070 2 2 10 4 4765 7481 7460
15071 2 2 10 4 3364 7526 6028
15072 2 2 10 4 1688 7621 1707
15073 2 2 10 4 2863 7612 2865
15074 2 2 10 4 3275 7585 3274
15075 2 2 10 4 7341 7548 4335
15076 2 2 10 4 6301 7515 6302
15077 2 2 10 4 6357 7631 2168
15078 2 2 10 4 1119 7029 7007
15079 2 2 10 4 6106 7514 4122
15080 2 2 10 4 2415 7415 6778
15081 2 2 10 4 7226 7432 2295
15082 2 2 10 4 4122 7514 7453
15083 2 2 10 4 3939 7584 6584
15084 2 2 10 4 4330 7523 4332
15085 2 2 10 4 4429 7507 7454
15086 2 2 10 4 5091 7426 7177
15087 2 2 10 4 4067 7507 4429
15088 2 2 10 4 6108 7622 4246
15089 2 2 10 4 4295 7602 4291
15090 2 2 10 4 7200 7322 6292
15091 2 2 10 4 7454 7493 4431
15092 2 2 10 4 6092 7546 887
15093 2 2 10 4 4510 7542 4419
15094 2 2 10 4 6443 7524 4382
15095 2 2 10 4 5291 7634 6276
15096 2 2 10 4 1140 7598 1137
15097 2 2 10 4 7379 7650 6916
15098 2 2 10 4 6927 7151 3396
15099 2 2 10 4 4060 7573 3380
15100 2 2 10 4 5377 7385 7331
15101 2 2 10 4 7380 7604 577
15102 2 2 10 4 7332 7542 5411
15103 2 2 10 4 7327 7380 5386
15104 2 2 10 4 3746 7302 6805
15105 2 2 10 4 2155 7640 6347
15106 2 2 10 4 1570 7627 1756
15107 2 2 10 4 6331 7379 6396
15108 2 2 10 4 4223 7611 6106
15109 2 2 10 4 5237 7322 7200
15110 2 2 10 4 4024 7499 7184
15111 2 2 10 4 4909 7626 4908
15112 2 2 10 4 4124 7604 4465
15113 2 2 10 4 6972 7629 4241
15114 2 2 10 4 4272 7216 6721
15115 2 2 10 4 3965 7419 6588
15116 2 2 10 4 6745 7207 4262
15117 2 2 10 4 7268 7399 536
15118 2 2 10 4 5775 7393 6587
15119 2 2 10 4 7275 7620 4285
15120 2 2 10 4 1856 7405 6395
15121 2 2 10 4 6847 7143 4308
15122 2 2 10 4 4567 7615 4112
15123 2 2 10 4 7294 7326 4336
15124 2 2 10 4 3260 7624 6482
15125 2 2 10 4 6122 7632 1457
15126 2 2 10 4 7454 7507 658
15127 2 2 10 4 5446 7255 6563
15128 2 2 10 4 7065 7430 2405
15129 2 2 10 4 4129 7614 6359
15130 2 2 10 4 1228 7567 6074
15131 2 2 10 4 4487 7541 6164
15132 2 2 10 4 4043 7187 6760
15133 2 2 10 4 4324 7299 7030
15134 2 2 10 4 6532 7636 3603
15135 2 2 10 4 6805 7302 3959
15136 2 2 10 4 4926 7626 7462
15137 2 2 10 4 1856 7461 7405
15138 2 2 10 4 6627 7645 2017
15139 2 2 10 4 6563 7255 6886
15140 2 2 10 4 6967 7073 5940
15141 2 2 10 4 574 7574 6218
15142 2 2 10 4 2615 7073 6967
15143 2 2 10 4 6140 7472 4508
15144 2 2 10 4 6954 7125 3925
15145 2 2 10 4 7295 7652 4045
15146 2 2 10 4 6189 7656 2401
15147 2 2 10 4 6074 7567 5098
15148 2 2 10 4 6396 7379 7172
15149 2 2 10 4 7462 7491 2138
15150 2 2 10 4 6450 7539 5050
15151 2 2 10 4 4401 7476 7432
15152 2 2 10 4 6617 7231 580
15153 2 2 10 4 4273 7379 6916
15154 2 2 10 4 4623 7648 7365
15155 2 2 10 4 2440 7449 6882
15156 2 2 10 4 6890 7624 3260
15157 2 2 10 4 4264 7574 6630
15158 2 2 10 4 7360 7555 2629
15159 2 2 10 4 953 7469 6372
15160 2 2 10 4 1498 7642 7247
15161 2 2 10 4 6439 7552 4014
15162 2 2 10 4 7170 7215 3359
15163 2 2 10 4 4246 7622 6615
15164 2 2 10 4 4583 7458 6821
15165 2 2 10 4 3879 7128 6941
15166 2 2 10 4 6708 7307 3083
15167 2 2 10 4 3299 7240 6827
15168 2 2 10 4 1621 7229 6817
15169 2 2 10 4 7018 7556 5349
15170 2 2 10 4 4097 7562 6806
15171 2 2 10 4 7038 7415 2415
15172 2 2 10 4 3835 7166 6915
15173 2 2 10 4 6853 7362 1361
15174 2 2 10 4 7375 7575 4584
15175 2 2 10 4 6251 7142 7010
15176 2 2 10 4 6302 7582 6604
15177 2 2 10 4 6789 7289 4366
15178 2 2 10 4 6106 7611 7514
15179 2 2 10 4 4227 7303 6671
15180 2 2 10 4 3990 7638 6950
15181 2 2 10 4 3819 7320 6745
15182 2 2 10 4 6331 7650 7379
15183 2 2 10 4 6609 7617 4546
15184 2 2 10 4 6479 7510 4101
15185 2 2 10 4 6795 7270 4245
15186 2 2 10 4 3996 7391 6761
15187 2 2 10 4 4075 7590 7344
15188 2 2 10 4 2147 7579 6340
15189 2 2 10 4 3674 7558 6376
15190 2 2 10 4 6496 7620 7275
15191 2 2 10 4 6737 7442 3452
15192 2 2 10 4 7185 7313 5166
15193 2 2 10 4 4150 7642 6210
15194 2 2 10 4 6372 7606 2176
15195 2 2 10 4 3413 7533 6713
15196 2 2 10 4 5057 7589 7518
15197 2 2 10 4 1835 7294 6815
15198 2 2 10 4 5237 7420 7322
15199 2 2 10 4 6630 7574 574
15200 2 2 10 4 4333 7415 7038
15201 2 2 10 4 5138 7435 7232
15202 2 2 10 4 1451 7637 6357
15203 2 2 10 4 2378 7372 7202
15204 2 2 10 4 880 7650 6331
15205 2 2 10 4 6340 7579 7326
15206 2 2 10 4 5091 7177 6971
15207 2 2 10 4 3954 7452 6744
15208 2 2 10 4 6769 7452 3954
15209 2 2 10 4 6604 7582 6469
15210 2 2 10 4 6807 7600 4685
15211 2 2 10 4 3726 7460 7049
15212 2 2 10 4 7326 7579 4338
15213 2 2 10 4 4471 7276 6932
15214 2 2 10 4 7494 7613 4919
15215 2 2 10 4 4577 7487 6913
15216 2 2 10 4 7377 7586 606
15217 2 2 10 4 4030 7414 6668
15218 2 2 10 4 4289 7470 6746
15219 2 2 10 4 3814 7267 7065
15220 2 2 10 4 6997 7602 4295
15221 2 2 10 4 7249 7630 1357
15222 2 2 10 4 7278 7401 2666
15223 2 2 10 4 697 7352 7272
15224 2 2 10 4 7013 7219 4529
15225 2 2 10 4 513 7245 7111
15226 2 2 10 4 6545 7581 4352
15227 2 2 10 4 7469 7606 6372
15228 2 2 10 4 4334 7648 6657
15229 2 2 10 4 4155 7440 6866
15230 2 2 10 4 4251 7215 7170
15231 2 2 10 4 5328 7223 7092
15232 2 2 10 4 7260 7574 4264
15233 2 2 10 4 4327 7343 6924
15234 2 2 10 4 7378 7566 4209
15235 2 2 10 4 5984 7544 7512
15236 2 2 10 4 3812 7509 6776
15237 2 2 10 4 7030 7299 5739
15238 2 2 10 4 4379 7517 6734
15239 2 2 10 4 6826 7655 3717
15240 2 2 10 4 6806 7562 4535
15241 2 2 10 4 5575 7601 6911
15242 2 2 10 4 7512 7544 4996
15243 2 2 10 4 4288 7649 7485
15244 2 2 10 4 5858 7301 7159
15245 2 2 10 4 4106 7267 7079
15246 2 2 10 4 7051 7591 3926
15247 2 2 10 4 5984 7512 7129
15248 2 2 10 4 7015 7309 4525
15249 2 2 10 4 4891 7606 7469
15250 2 2 10 4 5208 7655 6826
15251 2 2 10 4 6990 7329 5581
15252 2 2 10 4 6055 7439 6970
15253 2 2 10 4 7132 7300 3310
15254 2 2 10 4 4157 7517 7148
15255 2 2 10 4 6916 7650 5300
15256 2 2 10 4 4271 7614 7443
15257 2 2 10 4 7183 7366 2586
15258 2 2 10 4 7159 7301 639
15259 2 2 10 4 3982 7426 6978
15260 2 2 10 4 7485 7649 6986
15261 2 2 10 4 7115 7395 4521
15262 2 2 10 4 4713 7366 7183
15263 2 2 10 4 617 7406 7064
15264 2 2 10 4 3646 7485 6986
15265 2 2 10 4 5050 7539 7217
15266 2 2 10 4 4003 7361 7141
15267 2 2 10 4 2662 7436 7053
15268 2 2 10 4 4288 7485 7083
15269 2 2 10 4 7230 7394 4022
15270 2 2 10 4 5360 7455 7167
15271 2 2 10 4 7149 7568 5553
15272 2 2 10 4 4640 7644 7166
15273 2 2 10 4 7202 7372 5561
15274 2 2 10 4 7134 7536 6070
15275 2 2 10 4 7217 7539 5182
15276 2 2 10 4 4597 7450 7138
15277 2 2 10 4 5094 7624 6890
15278 2 2 10 4 4118 7651 7126
15279 2 2 10 4 7232 7435 2448
15280 2 2 10 4 5028 7596 6980
15281 2 2 10 4 4959 7424 7186
15282 2 2 10 4 4070 7401 7278
15283 2 2 10 4 4105 7522 7158
15284 2 2 10 4 7186 7559 4958
15285 2 2 10 4 7246 7620 5387
15286 2 2 10 4 4500 7537 7099
15287 2 2 10 4 7247 7642 5985
15288 2 2 10 4 4227 7623 7303
15289 2 2 10 4 7263 7466 790
15290 2 2 10 4 7430 7478 2405
15291 2 2 10 4 7269 7551 4684
15292 2 2 10 4 4363 7551 7269
15293 2 2 10 4 7281 7527 3354
15294 2 2 10 4 7503 7549 4176
15295 2 2 10 4 7144 7634 2622
15296 2 2 10 4 4917 7613 7492
15297 2 2 10 4 4342 7478 7430
15298 2 2 10 4 4285 7620 7246
15299 2 2 10 4 4377 7582 7515
15300 2 2 10 4 7286 7598 5519
15301 2 2 10 4 7402 7573 4060
15302 2 2 10 4 7319 7560 4614
15303 2 2 10 4 7344 7590 4136
15304 2 2 10 4 3785 7618 7311
15305 2 2 10 4 2322 7575 7375
15306 2 2 10 4 548 7566 7378
15307 2 2 10 4 5269 7573 7402
15308 2 2 10 4 4788 7549 7503
15309 2 2 10 4 7365 7648 4334
15310 2 2 10 4 7515 7582 6302
15311 2 2 10 4 7443 7614 5412
15312 2 2 10 4 5722 7594 7564
15313 2 2 10 4 7564 7594 4675
15314 2 2 10 4 7492 7613 5058
$EndElements
